t,x,y
1785944146.354628,0.8048485891890181,-0.28720493438616534
1785944146.5541434,-0.9358022600157127,-0.4332220311481119
1785944146.7553895,-0.2595350830221306,0.21187490136111775
1785944146.9582453,-0.338231755092117,0.07281986854454607
1785944147.1587236,1.0727692113950464,-0.5251490205972172
1785944147.3592405,-0.3771293194235456,0.006287320764489048
1785944147.5588405,0.15835060392224806,1.2060526391163873
1785944147.7625477,1.2221549723567056,-0.05843768209121163
1785944147.9602585,1.260402385984752,0.3110499487726012
1785944148.1609192,-0.9615893737275186,0.22256071423581056
1785944148.3607368,1.1753023049428555,0.02211355527939852
1785944148.5592341,1.6331881097765621,-0.49714260966242324
1785944148.769603,-0.03998506133916622,-0.40850764832804615
1785944149.0035822,-0.031578730966207225,0.29799509242615224
1785944149.2183175,-1.1328011522771477,-0.4343869424342976
1785944149.4266431,-1.7340765689976565,-0.045138351597834823
1785944149.6260405,-0.2543703850436301,1.672194561104418
1785944149.8368127,-0.7525327792629286,0.42689225243803164
1785944150.0485313,-0.20407052232308445,0.4908091691024998
1785944150.2483861,-0.16102330520566654,0.27020224054755526
1785944150.4489012,0.2823978684669262,0.17304512761917346
1785944150.6556199,1.0080562397462762,0.10574544535362657
1785944150.859099,1.8750171143459,0.5414848606861958
1785944151.063978,-0.16607777801894474,-1.089983612521136
1785944151.264424,0.16157491515418337,1.31643644480798
1785944151.468707,-1.4636045802431794,0.5955433596698688
1785944151.674276,-0.06847711479507279,0.7051387375491879
1785944151.880085,-0.09333098202577016,-0.11243398238005689
1785944152.0781982,0.36382319108448996,-0.825189491954272
1785944152.2784574,0.7532103816601804,0.8464017858172069
1785944152.5773387,0.7832585208540809,-0.10425044246923602
1785944152.8694522,0.43732341861194607,0.04064172450864963
1785944153.1040156,1.1089496644431873,-0.13469965238122575
1785944153.3039138,-0.05963147731291324,0.08825602663669785
1785944153.505335,0.43985423765360754,0.1494957228764577
1785944153.7050407,2.5913377030593594,-0.18981448439566959
1785944153.9109344,0.8492415030269594,-1.3250655044107875
1785944154.1085565,-0.6400041097991837,1.035552756971553
1785944154.3100417,-0.19233716739049234,-0.90522683945107
1785944154.5136163,1.6707879774649557,-0.2646556587491767
1785944154.7135475,-0.7251712759917701,-0.29226643283141507
1785944154.9124863,-1.1607872755505884,-0.22294170790939538
1785944155.1136816,-0.9929998366477162,1.0016386664264192
1785944155.323733,0.4651969836713918,0.5454153132694517
1785944155.5289772,-0.6797970272869951,1.1821127384603423
1785944155.7277908,-0.8885004775057344,-2.1229618192706377
1785944155.9280002,0.9363188870830259,-0.9574488764060054
1785944156.1286104,-0.3978689035127073,1.169129563056151
1785944156.3288822,-0.9820115159712761,-1.2134668206233594
1785944156.54004,-0.02045819881680159,-0.15459281219535526
1785944156.7383838,1.0771436084462005,-0.7855065799529519
1785944156.940021,-0.9596953722657509,0.44331205702061705
1785944157.1380785,-1.3935491375162044,-0.9326112024621633
1785944157.3461838,1.5797540016460725,0.7847562300478766
1785944157.54815,1.0134595959805686,-0.199826928636908
1785944157.7548473,-0.26384666569584797,-0.43124077857036214
1785944157.9536376,0.10852879685957284,0.1455012300130596
1785944158.1537058,0.5401213634971573,1.3902402583305593
1785944158.3532243,0.07818090573199968,-0.04069310253768654
1785944158.5537379,0.7308983747672716,0.13820178426822785
1785944158.7534316,-0.6566956520953993,0.6489800746150728
1785944158.9533098,0.023415397784942924,0.3625777191684844
1785944159.1542585,-0.0698317606900887,-0.8899752331082955
1785944159.352928,-0.18189037312728962,0.42068454132702254
1785944159.5534532,-0.16817152452613504,-0.6762469095430245
1785944159.7546732,-0.4100374970277223,0.8998318656141402
1785944159.9538283,0.5136634981535289,-0.16430472698352924
1785944160.154871,-0.17307481564581007,0.34315018228081995
1785944160.3553827,0.20487193875533907,-1.3123597232069224
1785944160.5552244,-0.6303078689791973,0.08862405649506397
1785944160.755796,-0.9737715925294526,-0.7757656211208864
1785944160.9585497,-0.5973486541609457,-0.5866455950987812
1785944161.1601777,0.0352563539320606,-0.8585680480290057
1785944161.35886,-0.48347526102062466,-0.9522571038313946
1785944161.5595727,0.6519734546687129,-0.20906191058530377
1785944161.760176,-0.5612286958844253,0.6217550319171643
1785944161.959314,0.36182571378784,-0.3924803825883557
1785944162.1601062,0.13703429580117962,1.1983306759261727
1785944162.3594234,-0.7926133694002593,-0.33085615979692945
1785944162.5594387,-1.6051359325104302,-1.1171028101520548
1785944162.7596948,1.4172484665872696,0.3158605457518403
1785944162.9599123,-0.4517640890492035,-0.08814372456448236
1785944163.159986,0.09262487565255675,-1.262429220305639
1785944163.3599477,-0.6793822085972351,0.19813318632983806
1785944163.5639753,0.4608450646929483,-0.8929224262315258
1785944163.7647383,-0.1938080158254914,-0.34962755137857715
1785944163.9662461,0.17312391885710854,0.2044093171695976
1785944164.1681707,-0.6948003019071396,0.2667302490425346
1785944164.3692262,-1.065565105078565,0.014091122020144897
1785944164.5797863,-0.7704754194923911,1.7614844539435632
1785944164.7832856,-1.4666145479745787,0.22781851983078194
1785944164.986139,0.4244714978308684,-0.27599523898960715
1785944165.1837535,-0.0580832709679024,0.5102951889790792
1785944165.3840413,1.0879005597030054,-0.7806819785676204
1785944165.588576,-0.3319781759429369,0.7661757817586126
1785944165.790561,0.7391081625755075,0.021813755467179265
1785944165.9942853,0.08526715504274898,-0.40580445959237
1785944166.1991804,0.8640074968001309,0.007073042737235476
1785944166.4305332,0.1561036305981883,-1.7400232935868551
1785944166.6636279,-0.15248642442544996,0.7736917756301362
1785944166.9420679,-0.06633718075757455,0.7594372093007282
1785944167.1781452,-1.0495558105758274,-0.5964278593735082
1785944167.3780465,1.1763469004225804,0.9406243320965967
1785944167.5854278,0.1223216983533586,-0.10048808571960709
1785944167.7893865,-0.2602617484596418,-1.680236825263062
1785944167.993256,0.7628375559130738,0.3453133892553079
1785944168.1928835,0.3409440184160677,0.26426772874548715
1785944168.393446,0.25619690750720014,-0.6387547054042969
1785944168.6047006,0.3966722486200641,-0.513007952520809
1785944168.8554032,1.3237333882322624,-0.10785439608744704
1785944169.056068,-0.1267282080940571,-1.1215410368492469
1785944169.270069,1.0041090306507303,0.4261720488659709
1785944169.4755049,0.4373441220659072,-0.21064764193969499
1785944169.6851819,0.2651603893808158,-0.0246381591203106
1785944169.8951635,-0.3254172080959651,0.21419581106308458
1785944170.09678,0.37179008439503103,1.2939867034501795
1785944170.2987638,-0.5375741245208356,-0.8377903071279884
1785944170.4991624,-0.03664394065948953,-0.8675808466302907
1785944170.6991293,0.35062191482464894,0.24348582583152378
1785944170.9022548,-0.3552809395031195,0.11980259569409375
1785944171.1129282,-1.2316893017542778,-0.8206899584641567
1785944171.3741827,0.4738199526004823,0.7542734148351807
1785944171.5747948,-0.4450607027631756,0.6799906345805693
1785944171.7871037,-0.6373789812627081,-0.9162073453449959
1785944172.132674,-0.7296113887272037,-0.8596367534811824
1785944172.4164498,-1.2322335311582209,0.4211640657905067
1785944172.6351974,0.02992911173702032,0.23388918930919508
1785944172.8382936,-0.9774865148719244,1.010568422897716
1785944173.0504627,-0.3117622867098908,-1.226610425476605
1785944173.254294,0.0948976272539873,1.1319732908305984
1785944173.4580405,0.0790083223097737,-0.8535105551776462
1785944173.664239,0.09430687154113412,0.8919875865245388
1785944173.863776,0.014950845678515725,0.7917131843584172
1785944174.0651155,1.205436932312172,-0.3838557793096657
1785944174.26611,0.024767254027082852,1.0538576366692247
1785944174.4779997,-0.47781857610089234,0.057229131548432344
1785944174.6782165,1.7095849851085705,-0.3620749066553491
1785944174.8799598,0.11002839482912681,0.8059829273207856
1785944175.0863042,1.1027020586782612,0.12931323895850022
1785944175.2855353,-0.5087846020742728,-0.01869017020311118
1785944175.4865403,-0.3837682305362714,-0.482762566307507
1785944175.690543,-0.22942037346608565,0.10989819033416107
1785944175.894321,-0.3632718641919285,-0.5948111850679284
1785944176.098028,-1.2848724208608329,-1.6448607730257674
1785944176.2996092,-0.2903812637048611,-0.20619873071792616
1785944176.498638,-0.7143929542571005,0.1526067058267375
1785944176.698756,0.33547354712552285,-0.11395257310990213
1785944176.904952,0.11845904101608434,0.4488454783629987
1785944177.1094403,0.06197025178930729,-0.9307513302936726
1785944177.3096395,1.0324511728476975,0.6661379995190876
1785944177.5141988,0.12029199154880664,0.1421530938978929
1785944177.7142093,0.7773137467627843,-2.2924946692355013
1785944177.933934,-0.5001167710806708,1.3793906432516327
1785944178.1329465,0.8341426385547119,-0.6322433690765621
1785944178.3588362,-0.665536486969769,-0.5320907365536985
1785944178.5690928,0.608054334370686,0.5975994738133054
1785944178.7689092,1.1798993176042134,0.12225300910074222
1785944179.083895,-0.44837494346315526,1.0399840419223851
1785944179.3549006,-0.2909569297757398,-0.9547704372415989
1785944179.5688865,-0.6096458074075185,-0.4215116671760053
1785944179.7822952,0.41359975685308104,0.9564978530426285
1785944179.9842,-0.5954212337128116,-0.27942420059772033
1785944180.1999483,0.456697237451759,1.2746939317159538
1785944180.4321964,-0.11144101567615748,-0.28563685746546014
1785944180.643956,0.029326762108384516,0.2280605230786754
1785944180.8459477,0.5078139197487546,0.5002727877611943
1785944181.0471926,-0.3284003884925229,-0.021915717414362792
1785944181.2511773,0.5304370019509148,0.2336697501015962
1785944181.449609,-1.888838275689223,-0.013355690679247896
1785944181.6892993,-0.5222424934175798,-1.8588553485229347
1785944181.8889027,-0.3639619777290559,-0.6904251587996475
1785944182.0881364,0.9311031835207958,0.934073034873674
1785944182.295955,-0.4163293453826269,-0.5837458124401369
1785944182.4881427,1.0275316786772464,0.2179283917901079
1785944182.6889498,1.167733123876463,1.0768282007213799
1785944182.8898873,0.016540155479695638,0.12574962032766537
1785944183.08943,-0.2971414362922891,-0.8274831777544714
1785944183.2898302,-0.29187635830022807,-0.36580500740784083
1785944183.490134,0.5168446111970018,0.2834060790618967
1785944183.6887498,1.5193018913076053,0.9298783802608415
1785944183.893357,-0.54108444125733,-0.3477512818650151
1785944184.0955207,-0.9389374253427255,0.018626244854284494
1785944184.3033974,0.6720955813508912,0.6112171241880853
1785944184.5092082,-0.3516265055281599,-1.5429557757293688
1785944184.71324,-0.6325216531654242,0.4505959942070262
1785944184.9127815,1.4546401533198043,0.29500426440685545
1785944185.1199532,0.09369368539816267,-1.0929562040202838
1785944185.3186154,0.9852598662221711,0.42808663031949273
1785944185.5254135,-0.8043509119540846,0.4121865612341205
1785944185.7294536,0.6086936321737865,-0.2674166296190684
1785944185.9290013,-0.4610732691261583,-1.1771370719107772
1785944186.1291633,0.4572567451309602,-0.4915235066868008
1785944186.3291028,1.200087072237451,-1.2857308161168182
1785944186.5714161,0.6236096427600334,-1.6069210279188715
1785944186.7321963,-0.565104505682167,0.342016582915557
1785944186.9294314,-0.8272620873601403,-0.35016941533000134
1785944187.1312406,2.2515408620491524,-0.2201895712416058
1785944187.3351412,1.3308686315220017,1.0891883670987443
1785944187.5352042,-0.04131992207242811,-0.0774891456820336
1785944187.7359946,1.3910830234038538,0.32738275669705696
1785944187.9359667,0.0384388909108623,0.4214169005644851
1785944188.134889,-0.3206818067967053,0.6177765128365271
1785944188.3343673,-0.7691496434945477,0.13966362820418926
1785944188.5362344,1.747125579208987,-0.09490809656715432
1785944188.7388296,0.22921232077437534,0.08624308094263765
1785944188.9388416,-0.25265700932025575,-0.7514215416816474
1785944189.139436,-0.5397616376021437,-2.290842097632358
1785944189.3403502,-0.7102196514305686,0.4815771615320391
1785944189.542779,-1.7795634824354813,-0.5001672552292107
1785944189.7439573,-1.055394765282798,1.0738495205044105
1785944189.943736,1.2334783832997824,-0.7784008298954506
1785944190.143398,-0.37959395283496455,0.552282029140815
1785944190.3456385,0.6563240135575384,-0.49459090695364816
1785944190.5486434,0.28416572454307687,0.3341843149535093
1785944190.7583232,0.1702236901602349,0.3272123931888406
1785944190.9583025,0.2838639410748847,-0.10460826949400379
1785944191.1593354,0.10537233276560673,0.8719139410223766
1785944191.3604813,0.10539848035944725,-1.6968063821222505
1785944191.5630562,-0.6313302794585582,-1.1100278077081742
1785944191.7696092,1.1385681334863014,-0.25030855532411084
1785944191.9637957,-0.3202171216686206,-0.15503756032591637
1785944192.1631756,0.6330667557749262,0.6589372773996434
1785944192.3635712,1.2624490005770332,-0.803338218145797
1785944192.563527,0.6361463963796073,-0.8152926110956081
1785944192.7686844,-1.0326061241078461,0.07220687498159604
1785944192.9686823,0.7031044099480908,0.3689962068039258
1785944193.3381689,-0.71592437445974,0.44400287851182924
1785944193.6242557,0.5243485105534588,0.14030273554893002
1785944193.8574557,0.20933318830871708,0.29017012539940396
1785944194.3697035,0.02281004445082434,0.5916108845883102
1785944194.6878817,1.047730932155479,-0.9908669296905075
1785944194.910995,0.22218449852413313,-0.3662910413535552
1785944195.1099572,1.1836750028100718,-0.16432274700303012
1785944195.374351,0.3925443818850053,0.7552992203524548
1785944195.621731,-0.0221150077660814,1.6732864410635158
1785944195.9317365,0.016828446425319162,0.345124601875871
1785944196.147812,0.03227182260179056,-1.2773745665248188
1785944196.4544415,-0.14296364477428097,-0.1934979547722238
1785944196.7976432,-0.02098373578211958,-0.72836583720215
1785944196.9231284,-0.8389788197211524,-0.38198521642252126
1785944197.1589358,-0.4084296871251854,0.6185602748157681
1785944197.3893888,0.2145939196300518,-0.25182722485660086
1785944197.6378193,0.1420771132303424,0.4892102407726962
1785944198.0071645,-0.3188518808869966,-0.6134878099226362
1785944198.392547,0.031335348541729854,-1.0278632473805884
1785944198.8314497,-0.09711293616745861,2.1039957752005276
1785944199.272733,0.7402787619461519,-0.8687559262595574
1785944199.5163882,-0.1571920769473547,-0.014734470251563988
1785944199.7388098,-0.8714898907123406,0.052702626722146484
1785944200.0887032,-0.6680455604675156,0.3197814695931126
1785944200.3756652,2.4367932527246086,0.7565788307198041
1785944200.67559,-0.7578878516811637,0.9827128177509254
1785944200.9669182,0.11642205997639245,-0.15730914630441925
1785944201.1742501,0.40186838439979355,-0.024149584576958295
1785944201.3814695,0.9854796270020817,1.1960665041987966
1785944201.6389716,0.8454198339886673,-0.8131388127917667
1785944201.8536487,0.4530414372648983,0.75270194182736
1785944202.0675633,-1.1421198605655287,0.9304262329416696
1785944202.2710729,-0.5853728227677606,-0.05174563779948739
1785944202.5094182,-0.7881282322373077,-0.6983227608874152
1785944202.73831,-1.0102330357870124,-0.6742129908166355
1785944202.9788616,0.10893011842793245,-0.6100599089388562
1785944203.3254402,1.051577005153559,0.3792227307429558
1785944203.7113607,-0.9696704035513839,0.292600558870613
1785944204.0382547,-0.45867601122911295,-0.37503072758933753
1785944204.2894251,-0.006394333875081731,0.42468530831836543
1785944204.5283427,1.177536209122988,0.5492643176767105
1785944204.7476823,-0.9044240188640627,0.4513943133652231
1785944204.9904492,0.29904757803778287,-0.632685008764142
1785944205.211183,-0.12957377539691461,0.052371232674265744
1785944205.429658,-0.26047816501669396,-0.36257383658617615
1785944205.7107399,0.05494510213474705,0.2595090326723217
1785944205.9330688,1.4221778429915637,0.03734819498872844
1785944206.1402802,0.39759280909044,-0.431326448687476
1785944206.3414152,-0.3802799094593837,-1.0034768029072199
1785944206.5393307,-1.0066226473616768,0.15005496238699362
1785944206.745128,0.02486975243128907,0.9357668766799245
1785944207.0605834,-1.5399739862838986,-2.536068955914887
1785944207.1700478,0.08101158251660091,-0.1367312735456548
1785944207.3769956,1.369205916650006,0.6672873739302384
1785944207.6001682,1.4138727184601692,-0.4228126504975179
1785944208.0574503,-0.32854045271189136,0.2825861780464852
1785944208.5021248,-1.1032958496648948,-0.058873593931492524
1785944208.9776452,0.6172534879585865,0.6156429707681964
1785944209.519975,1.134039118754896,0.04441060349942991
1785944209.929075,0.7604921947758687,0.28141436418039495
1785944210.3753147,0.6179015939817766,-0.2804134882102283
1785944210.7527177,-1.39713128971503,0.3915119849409222
1785944211.319708,0.20690539358062632,1.598991785423264
1785944211.9032984,0.9724098949771687,1.039407268334002
1785944212.3448317,0.9633333946863601,0.24144286913281796
1785944212.8252747,1.7288658164632782,1.7102603329940962
1785944213.3020904,-0.2779801228518074,0.39645890807137846
1785944213.6264782,-1.3554473076832574,1.0628118876825654
1785944214.1357727,-0.5253034160207904,0.7583096802925071
1785944214.671197,-1.6802031802199893,-0.6496838467259507
1785944215.2282088,0.052456737475927016,0.8946972464917787
1785944215.7917404,0.7726108422881933,0.7324530726879693
1785944216.2810018,-0.13053678710178562,-0.594232624263869
1785944216.8376963,-0.6770544175158616,0.5205581296271118
1785944217.67413,0.507040160645219,1.366084432404252
1785944217.8526618,-0.5891227174254823,0.570901545852149
1785944218.3253176,0.4125620323035426,-0.5156350819159017
1785944218.8924325,-0.9055439490507894,-0.21313981450343902
1785944219.2475393,-0.37522708805074007,-0.5747886656876998
1785944219.6100767,-0.8825908568233568,-1.4800867865074046
1785944220.1383958,0.5656577951546565,-0.49788003409883425
1785944220.503354,0.7569476814608466,-0.19527285893851548
1785944220.9867897,0.09766461642240523,1.9013391165983493
1785944221.389704,0.6856010527029677,-0.241587783069607
1785944221.8674047,-1.4317649142758817,-0.9883897619664007
1785944222.3201187,-0.4411771623050678,-0.3274986669168481
1785944222.878297,-0.03465184529239811,-0.20783031943997293
1785944223.3483894,0.12036418147352088,0.028303288875499058
1785944223.678455,0.5030747588538422,-0.5088580632962746
1785944224.0235798,0.4658684908973847,-0.16605760582564366
1785944224.3917727,0.45101899226922443,-0.5116221894203731
1785944224.7300196,0.14458154141712432,0.5051834534336064
1785944225.2377486,0.16072452807533688,0.7589820414521079
1785944225.6048284,0.5926055456927719,0.8566407751216507
1785944226.1714861,-0.9548799146743641,-0.9137371084126821
1785944226.7459648,-0.6825872872900375,-1.3573207802547418
1785944227.1905565,-0.2696225273740489,0.3278226866703295
1785944227.5776768,-0.4002403377701294,1.3607482525044714
1785944228.176428,-0.6555844471414279,0.4147601427939498
1785944228.3681815,-0.359750164927865,-0.4213707606687363
1785944228.7728927,-0.006266009359284447,1.6456787200710106
1785944229.1311772,1.4709465677001285,-0.9522621976148027
1785944229.4090967,1.314066254750696,-0.9949537352751675
1785944229.684952,2.4198215305298567,-0.38854991033866476
1785944229.954519,0.44779972734551227,0.3569492409823747
1785944230.165032,-0.5150661235297338,-0.5290171781892494
1785944230.3635583,-0.5563762943274848,0.9279041289152202
1785944230.5639892,0.20254528825430873,0.39580056375098355
1785944230.768522,0.970858918835114,-1.5035449846004942
1785944230.97314,-0.9383482800740409,0.6671507973713984
1785944231.1732419,0.4229036057328616,0.4406868466045351
1785944231.3731256,0.44534727710742406,-0.35339392295121896
1785944231.5737026,-0.6982470414579516,0.5764416807828595
1785944231.7738345,-0.3601028601344608,0.4306419055455999
1785944232.023802,-0.7026263586425899,-0.1592060239039965
1785944232.22295,0.4534335542670057,0.29855209803459404
1785944232.42363,-1.6653867561471016,-1.7490708947090545
1785944232.6249032,-2.1608691864249145,0.7842565245095167
1785944232.8231757,-2.6224896963933504,0.18104841266923505
1785944233.0260592,-0.4153314058055241,-0.667367939297182
1785944233.2230701,-0.8426618849052553,-0.5984838106170217
1785944233.4241385,-1.897053122912506,0.02660899622828311
1785944233.6289723,-0.5942311023585849,-0.504301357407507
1785944233.8275938,-1.0856117921040662,0.46843516018745357
1785944234.027773,-0.960004076796708,-0.5110356406882881
1785944234.228234,-3.099857366787876,-1.3357925714655736
1785944234.4283552,-0.6302838357577429,0.32381788454633836
1785944234.6288724,-1.7487264231932436,0.5888443486513081
1785944234.8290665,-0.24224604111170756,1.832698899907491
1785944235.0845819,-2.26742604105487,0.9454943347726622
1785944235.2834992,-2.0721230573355114,0.036132243557935005
1785944235.4907715,-0.9868838020106305,-1.661082252328116
1785944235.6944528,-1.0043142708485866,-0.5432648672218021
1785944235.8935337,-2.022673716544977,-1.155091018306659
1785944236.110433,-2.5112403567543304,-0.40769979459228234
1785944236.314136,-1.7073753831905893,0.09010148232772405
1785944236.5137327,-1.7447222887364753,-0.11047840850947713
1785944236.714289,-2.5631698821287014,-0.5932515866860439
1785944236.9143054,-2.301956477656895,-1.1642866605705304
1785944237.1254447,-1.9421822037785228,0.25848190581796526
1785944237.326855,-0.6637522140726135,0.3504051073887254
1785944237.5240748,-2.014685365967442,-0.43248162211041546
1785944237.726399,-2.441800441154128,-1.9582482771963374
1785944237.9294894,-2.6533226437694943,-0.4427062165157528
1785944238.130969,-4.234828853780162,-1.304835441442084
1785944238.3683858,-0.8828714031691596,-0.9332736230895597
1785944238.5302637,-1.5595945076666855,-0.2989846562957579
1785944238.7305944,-3.616208549019653,0.31475488323405393
1785944238.9291391,-3.2305391941957047,-1.3080893761449188
1785944239.1293843,-2.9766611325652517,-1.5707395190470148
1785944239.3315215,-2.70864257791594,0.16567552635818167
1785944239.5346656,-1.8912443655919526,1.1802983863743406
1785944239.733589,-2.9035414398969213,-0.7885465154889233
1785944239.9336789,-1.9646064142623998,-0.7178432326314065
1785944240.1347482,-1.8558437931658132,-0.20274523004393163
1785944240.3342605,-3.6976788289937157,-0.6256492059919863
1785944240.5355954,-2.0671684978519864,0.26397835031164496
1785944240.7595115,-4.049276204946125,-0.4011052445802548
1785944240.9640777,-2.4771462411290424,-1.2241199738474082
1785944241.1695907,-4.566475487942396,-1.275299034809663
1785944241.402103,-2.5704908491960454,-1.2123031996959563
1785944241.599287,-3.6204791149737936,-1.2993353778151935
1785944241.800375,-2.516121513984179,-0.07627996743364696
1785944242.006489,-3.9702533124268395,-0.4773582752319549
1785944242.2093544,-1.8616057127351837,0.08201809204181387
1785944242.4209683,-2.522153115193335,0.13344012465495148
1785944242.6214106,-1.5885957230823098,0.12140245903255648
1785944242.8241882,-2.5523348745553616,-0.1000747477671508
1785944243.0241427,-2.7165107424046075,0.12679417487246153
1785944243.2241695,-2.9862311939982487,0.03133357788198049
1785944243.424563,-3.865683087951435,0.8952498005471861
1785944243.6249223,-2.0334886563570462,-0.9398100192455321
1785944243.82594,-3.805641032626676,-0.604675167354664
1785944244.029416,-3.3264142642854795,-1.5159808886700687
1785944244.2281597,-0.593671298185559,-0.029854421761842886
1785944244.4283893,-3.2394584633721166,-0.02928185761041069
1785944244.6421862,-1.0644264953037728,-0.10154984502576087
1785944244.8392134,-3.61577806333152,-0.2877614833758952
1785944245.04445,-3.248994637092788,-0.28712662023777985
1785944245.2498982,-3.7791548144581695,-0.8005391185784813
1785944245.4496894,-3.463752376886318,-1.1406198949149198
1785944245.6538656,-3.761785270540871,0.8805766186532733
1785944245.8583295,-1.8590618175424312,0.11330235398693478
1785944246.0591135,-1.8488019128219522,-0.6638909743916848
1785944246.2683804,-2.1251488742703413,-0.4187734873616243
1785944246.469046,-2.561828129495884,-0.015693775264573162
1785944246.6882389,-4.364317932492513,-0.7888679777140536
1785944246.9026928,-2.165807639004405,0.03265955849437013
1785944247.1028166,-3.6198886247679174,0.19327403756392947
1785944247.309506,-2.660471799705351,-1.576824817109451
1785944247.5189583,-1.3967233012182296,-0.101395219782342
1785944247.7193332,-2.8139288982079718,-0.7143121069998012
1785944247.9202511,-1.8596607706121795,-0.6851461812548081
1785944248.119085,-4.185074597674531,-1.3866652979348966
1785944248.3199942,-2.4154105849331424,0.22829424706882495
1785944248.5726676,-4.645837549563737,-0.35383779770294876
1785944248.7190502,-2.1647093103333503,-1.1915336633218023
1785944248.923423,-3.395988643613511,-1.2548217432770445
1785944249.1293335,-2.6358334641345915,-1.3936055826545175
1785944249.3291543,-2.43080706801279,-2.129725696062956
1785944249.5287898,-2.749945001510831,-0.46404948839794147
1785944249.7405736,-3.5018310290791166,-0.5521732457125058
1785944249.94469,-3.589286447538444,-0.43013430596928603
1785944250.1549265,-3.224416476332358,-0.5203165558457524
1785944250.3596532,-1.0990718456635697,-0.8087493949868966
1785944250.5590334,-3.333823126379504,-0.5302271390160629
1785944250.75858,-2.3172565059136603,-0.23952335058902996
1785944250.959095,-3.174829915932264,-1.3256681945720135
1785944251.1595492,-2.840115274952096,0.19789421097408044
1785944251.3589783,-1.720119220809341,-1.253764984853841
1785944251.559687,-3.84018220873603,-1.540591406803722
1785944251.763647,-3.719651882127318,-1.2508574311952285
1785944251.9636316,-3.41403461448152,0.5653142365637559
1785944252.1639242,-2.355987779754426,-0.5866574283530588
1785944252.3646758,-4.305249156841283,0.913876878523133
1785944252.5655632,-3.396055024311689,-0.7932652153358098
1785944252.7709706,-3.599578140793311,-1.1234953387495432
1785944252.9681828,-2.713104199643466,-0.48812157922470956
1785944253.1691418,-2.94040481571768,1.7276602049391596
1785944253.373007,-3.8616155682123243,0.1667028307806594
1785944253.580295,-2.564358600585245,0.4026455594635331
1785944253.7817204,-2.1609474439274763,-2.5060285611844146
1785944253.9805305,-3.052905061569732,0.8977536101644373
1785944254.1984046,-2.8758869164001237,-0.8671552231401075
1785944254.4037807,-3.559831066589829,0.46626856747705336
1785944254.6035402,-2.6031214918063745,-0.8465033134966822
1785944254.8164153,-1.955540353834888,-1.1744820634504234
1785944255.0725672,-5.165253912808159,-0.6162630251520459
1785944255.2955554,-2.361979448393927,-1.9650368592525478
1785944255.525829,-2.91988966733797,-1.2155261379934992
1785944255.7300775,-3.6599361783035818,0.32161695517770106
1785944255.9483151,-4.403219690526888,0.9782348212986761
1785944256.3160856,-2.8070024001665215,-1.233819299330325
1785944256.580786,-4.4424538173136146,1.2741311231921046
1785944256.7855625,-3.2170769071265473,-0.7410766048463068
1785944256.990468,-1.9965902068032901,-1.1029526359640784
1785944257.1939147,-3.6844446696900564,-0.4318546989502603
1785944257.4099894,-1.460082152344818,-1.0528713439548565
1785944257.609601,-3.411817361164289,-1.9756484979980031
1785944257.81043,-2.2586804202503394,-0.766550224133842
1785944258.0101852,-2.031054708223875,-1.1989769113022724
1785944258.2095718,-3.040433428838537,-0.9824139996495325
1785944258.4132981,-3.348500669596604,0.29609839850665653
1785944258.8282173,-2.344195775089759,-1.2468241057504807
1785944258.8301573,-3.1936089600893274,-0.5591704946161917
1785944259.0150132,-3.8701543616924665,-0.4744649880739652
1785944259.2155573,-3.407311948582545,0.6578377007527686
1785944259.4182112,-2.714830000030732,-0.4724883953037513
1785944259.618053,-3.9566412866915677,-2.8272714586642835
1785944259.8188567,-2.0153035518405353,-1.3069757370896622
1785944260.018626,-2.606806379364009,-0.5158187753622735
1785944260.2229102,-2.453182619276661,-1.3095659285160335
1785944260.4233592,-2.0400173704440943,-1.4363413165614178
1785944260.6242774,-3.378314947748704,0.012592908599976527
1785944260.8357625,-3.3344673214709473,-0.887128272326624
1785944261.0341096,-3.21674123103069,-0.8414571651854178
1785944261.233777,-3.299415072106367,0.823000847870893
1785944261.435192,-3.2538804487804285,-0.03020634595012761
1785944261.6341054,-2.6501613483558355,-2.3340395379016288
1785944261.833763,-3.0621289809169925,-1.6117507234075377
1785944262.039228,-1.7055046875555366,-1.1861055671072789
1785944262.242494,-1.8655880168408254,-1.4878449397004456
1785944262.4384365,-2.5065146700301115,-0.2946241291013196
1785944262.6392357,-3.0072976600952135,-1.2083551576864706
1785944262.8615916,-2.7344864385479735,-1.645073724880798
1785944263.0629056,-3.513941725950506,-0.49535148523108874
1785944263.2720456,-2.076572817171236,0.22553104099562815
1785944263.4748309,-3.937125081055725,-1.1213842309737658
1785944263.6773162,-1.0587995320835308,-0.3721857581630996
1785944263.8858597,-3.661156817850948,-1.1933952175966862
1785944264.0937471,-2.951988061729333,-0.03929410563084601
1785944264.3000746,-2.7633076342495286,-1.9505062284933672
1785944264.5198393,-2.996060424904928,-1.5461602493258808
1785944264.7201815,-3.715769145738626,-0.9599615041179241
1785944264.9334288,-1.6675125581818344,-0.8239051083164427
1785944265.1598117,-3.3726166298790687,-1.1823573962745373
1785944265.3591285,-2.7302055809038706,-0.8669941529752065
1785944265.5590823,-2.828187152587349,-0.8156544176280238
1785944265.7658374,-1.6741614652244279,0.06324593269901124
1785944265.973775,-2.34000006771561,-0.9312168782713318
1785944266.2643394,-3.481214993573078,-0.532974086718152
1785944266.5133688,-3.2981954811350644,-1.8157731370980867
1785944266.7187765,-3.3100356274396443,-0.7310137037613209
1785944266.9257743,-1.6919881874736995,-1.5370888433094994
1785944267.1306255,-1.8037315681722046,-0.3631934601836488
1785944267.3300536,-3.43352125344746,-2.0569345786892725
1785944267.5301225,-2.821503514003968,-1.6542408521831176
1785944267.7336042,-2.661596008735918,-0.19988686459884542
1785944267.9387405,-2.9448014244311893,0.8834632293127347
1785944268.163922,-3.283693283247409,-1.2125982521625513
1785944268.3647218,-3.07236948755962,-2.3083480326617707
1785944268.564812,-3.5792479494698535,-0.06412790447376004
1785944268.768967,-2.5970113118387963,-1.174575044861319
1785944269.0779352,-1.8252357445240837,-0.9374374490171439
1785944269.1689034,-1.668116952236486,-0.4013911465504894
1785944269.36932,-2.9379898795500505,-1.9599497985183971
1785944269.56973,-1.9366741244099,-1.9855603502796937
1785944269.7782938,-3.0761588041988364,-1.212722001244504
1785944269.989114,-2.66042731233366,-1.7178329989447918
1785944270.1896756,-2.0158840141821734,-1.5501048249177702
1785944270.3896656,-2.7721592563049873,-1.000641789819931
1785944270.5890763,-4.642644553781942,-1.196526179976971
1785944270.7929595,-2.1435798442486718,-1.0065777414419947
1785944270.9986074,-3.5195498550383646,-0.18782458753717768
1785944271.2058187,-3.2564394590118604,-1.8536810289912273
1785944271.4043627,-4.399886124026912,-0.7830750444971358
1785944271.6063886,-2.351608516891628,-1.608314260119323
1785944271.8087037,-1.4512265326821912,-1.369554680330808
1785944272.008342,-2.1115999600662465,0.11771355643580028
1785944272.2096307,-3.1606235807633665,-1.464263299608445
1785944272.413398,-3.2720392076109603,-0.6908758900777192
1785944272.6201186,-5.93407351523965,-0.8743740406369058
1785944272.8248825,-2.7241928157389985,-0.9011396777287741
1785944273.044753,-3.1901755529178066,-0.9663358866291739
1785944273.2533512,-3.7751473730639673,-1.4131200688392318
1785944273.4527617,-1.8918900106874312,-1.0029911920193135
1785944273.6534138,-2.4791045619011713,-1.0000747942593673
1785944273.853431,-1.3211176804163651,-0.8933581411127403
1785944274.0536933,-3.1163342556689235,-0.5907117354743594
1785944274.2612162,-4.252039341181729,-0.8422721141251612
1785944274.4639733,-3.811003425407815,-0.6840563448309356
1785944274.66536,-2.21557220791044,-0.8315198775899579
1785944274.8654811,-2.7468435519663217,-2.033324610940296
1785944275.063759,-3.1292536979413317,-1.263827151603787
1785944275.2645261,-3.6277905386312095,-0.4863280203059325
1785944275.465424,-2.6214935550385197,-0.46971772463424377
1785944275.6644082,-4.431163993302823,-1.365075235798355
1785944275.8639362,-3.826695803536617,-0.6691834893201171
1785944276.0735912,-2.288408834344284,-0.8017076188961053
1785944276.273051,-3.0313724966021556,-0.5046565863239016
1785944276.4780004,-3.610031750320932,-0.028910139715266348
1785944276.7204099,-4.735827021320846,-0.6068407895865933
1785944276.9282165,-3.840423002513108,-0.4292655400945385
1785944277.1282463,-3.5756236375910198,-0.9370831326698994
1785944277.3286853,-4.821396596716422,-0.945177638288766
1785944277.5280113,-1.6121825257224456,-0.27689137813365144
1785944277.736663,-1.935983727687372,-0.630273048832881
1785944277.9399152,-2.996047109107324,0.06116575197794216
1785944278.139022,-2.0438936212209775,1.6266334765503228
1785944278.3383331,-3.6776969389803265,-1.0864490420748296
1785944278.539035,-3.1151531579690994,-1.0916014857462204
1785944278.7398355,-3.478538407552097,0.8485367813136407
1785944278.9388301,-1.4587663577000296,-0.4416686878158325
1785944279.3396618,-3.8813311368329413,-0.32123706023840676
1785944279.341143,-1.4851347414368,0.29081924320448993
1785944279.5397024,-2.7849332043169084,-0.008350820350458588
1785944279.776528,-2.9217872343716973,-0.7809863115330948
1785944279.9751642,-3.4832505062095933,-0.7023900402933512
1785944280.1754432,-2.920748677681889,0.0618288657844549
1785944280.3804257,-2.7441693694042626,-1.2109379913445475
1785944280.59549,-3.088764964190202,-2.053845826710625
1785944280.7962928,-3.013437057220092,-0.21387672693862292
1785944281.003948,-3.1742468784919797,-0.6426543855850861
1785944281.2008312,-4.2586826442908405,-3.1633002527606378
1785944281.3995824,-3.0933866197745123,-0.3267017710837362
1785944281.6032937,-4.676212212644166,-1.3784433323728136
1785944281.8036425,-2.630795276545902,-0.5947298140677537
1785944282.0035846,-3.0977161361127394,-0.3958077147040003
1785944282.2093134,-3.890971386214057,0.6153123789988357
1785944282.4151297,-2.7658113286995487,0.24135862228493543
1785944282.6150205,-3.5381054402750007,-0.07394512599474551
1785944282.8157508,-1.8935761067074308,-0.8141026969184266
1785944283.0169334,-3.269205949899391,0.36494336420101203
1785944283.2473316,-2.6584962879168126,1.6273238979846871
1785944283.450878,-2.017532570588451,-0.8206069006378806
1785944283.650067,-1.953071171045332,-0.39861799095464345
1785944283.8502011,-2.2346456636022705,-0.23602250730059748
1785944284.0529416,-2.7592626376152,-0.6081508101152795
1785944284.30448,-2.676888173379462,0.07722931726801713
1785944284.5440052,-1.8095954439461643,-1.089442686054199
1785944284.753575,-2.1043008224115245,0.39723469857007077
1785944285.099651,-3.4061022262471945,-1.4524419791300498
1785944285.3638444,-4.322342887327089,-1.2700022760942196
1785944285.5706244,-1.8695905470442735,-1.417227937820972
1785944285.7879682,-1.6399000568807718,-0.10459815744910095
1785944286.0099113,-2.54988074072669,-1.9157625292032865
1785944286.2532883,-3.614298417067264,-0.7219456245946261
1785944286.476084,-3.3681386056567266,-0.6967673871510236
1785944286.68293,-3.1472810793616763,-1.5809819600297654
1785944286.8953571,-3.825557471136215,-1.0320811630375384
1785944287.098365,-4.419667564819486,0.049160712790566885
1785944287.3191373,-2.8135988846582687,-0.026243286974406255
1785944287.5765734,-3.7750147471567925,1.2015313595233688
1785944287.7760866,-2.865978048585999,-1.9617952144215844
1785944287.9760673,-1.0250994818391688,-0.4068927527836851
1785944288.175562,-2.690447475167005,-1.5100708695243934
1785944288.3766243,-1.6609410647584988,0.44701280892662787
1785944288.5837634,-3.305766521700838,0.8224549836538977
1785944288.7944393,-3.088670140733024,-1.1478912789541094
1785944288.999215,-2.2997447312634427,-0.048237887761007125
1785944289.1997936,-3.0279169780180695,0.3485497025848372
1785944289.6198556,-3.790597946269043,-0.7065734821425945
1785944289.6213746,-3.578175975023291,0.047894613082111015
1785944289.798667,-3.407310235579284,-0.7865896119201541
1785944290.0028074,-4.05210918784687,-2.322017201541046
1785944290.203548,-1.4870959756653725,-1.3440061048184506
1785944290.448519,-1.6146453615308831,0.35195351426989263
1785944290.6483645,-2.96843372302089,-0.5294797877245886
1785944290.8493721,-3.048018441353007,-0.04603620454343543
1785944291.0490818,-1.7094565928667513,-0.6743731652442564
1785944291.2490463,-3.4935336270719053,0.01389852511959494
1785944291.449817,-1.6533969910530626,-0.4447705293489387
1785944291.6506941,-1.6422044601577097,0.6391583008069731
1785944291.8543892,-3.543543326688033,0.30049155484384293
1785944292.058738,-1.7949560165936342,-1.3422805578958164
1785944292.2602005,-3.3185881685155723,-0.5088971413138231
1785944292.4633236,-2.051747604219343,0.18783371266822108
1785944292.6637962,-2.5994425926077693,-0.9549230475754531
1785944292.8695734,-1.4486932286033563,-0.3481313652664994
1785944293.0728428,-2.320607214848773,0.7316099545553673
1785944293.274754,-4.477517247445566,0.043327596353127495
1785944293.478957,-2.607188616211971,-0.14990405881619864
1785944293.6793566,-1.5755848943819282,0.24457545669159575
1785944293.8794506,-3.4706213977250697,-0.19205484822450877
1785944294.0908997,-2.6330665058216196,0.5076618013282322
1785944294.2947114,-2.970243252803736,-0.930460695039041
1785944294.504565,-2.4950305457050406,-0.34008164866670015
1785944294.7033749,-2.688290641934752,0.3767599584783102
1785944294.9122694,-2.382096390050419,1.3378456821330627
1785944295.109678,-2.5547230926521753,-0.34732976168681384
1785944295.3187869,-3.4894099875305753,-2.3023424642622583
1785944295.5760417,-2.99749703206052,-1.1518854998059715
1785944295.7809694,-3.7124595361740607,-0.7910703056771333
1785944295.9792345,-2.318404914533025,0.19377179192323696
1785944296.1789773,-3.373639538506607,-0.3059917628392486
1785944296.3835282,-3.4753136750637754,-0.35328729127952946
1785944296.589175,-3.263911322064921,-1.149842169437934
1785944296.793744,-2.8161729387727696,-0.003688777370047469
1785944296.998012,-3.390414212635035,1.1107549759195405
1785944297.3274395,-2.876299392217573,-0.46122972453218414
1785944297.5394652,-4.131821573254885,-0.1592448092634591
1785944297.7403834,-3.2805559475036237,-1.3897733448505492
1785944297.9759326,-2.438422536938057,-0.5958810845280718
1785944298.201172,-2.8575173082238496,-2.128257046158671
1785944298.4034393,-2.6917861565203767,0.04853205513643749
1785944298.6031053,-2.152107116354567,-0.6696772415128747
1785944298.8032854,-3.303197756894093,-0.10587592802169626
1785944299.0030506,-1.9482933708920838,-1.5842031916789243
1785944299.2089202,-3.0487656130134377,-1.9706716276260843
1785944299.4088676,-2.427875221112084,-0.4752302918653873
1785944299.6188574,-2.503119655362105,-0.638767058004871
1785944299.924319,-2.6135608555011873,0.5756126477319696
1785944300.0229793,-2.956216000965278,0.47136883138538993
1785944300.2260606,-3.8818064121651794,-0.014127089911002477
1785944300.423674,-3.4391850479349855,-0.012500138845456532
1785944300.6258502,-3.513488753332672,-1.2523945570558266
1785944300.8290775,-3.5616049337478413,1.3479541037537035
1785944301.0347025,-4.228253765360809,-0.6419607549013112
1785944301.2333238,-3.1103956923225278,-0.3488350945907245
1785944301.4341764,-3.862137652857551,-0.07665014422465302
1785944301.6341076,-2.865244504608709,-0.3157361414992291
1785944301.908379,-2.2415130096903857,-1.020620325967025
1785944302.1091373,-2.8975479856768427,-0.4481618993522004
1785944302.3106089,-1.0770632308443462,-0.5329345757968627
1785944302.5094197,-2.647419582677955,-0.3825757102514738
1785944302.7101216,-4.429083994876321,-0.5295784825090664
1785944302.9127314,-4.244658942548182,-1.1951908196267231
1785944303.117592,-3.278059471599317,-0.10693555337377939
1785944303.3185787,-3.0895626846967823,-0.0837798490592668
1785944303.519861,-3.105350957002303,1.8148295538066646
1785944303.726041,-1.235210824522919,-0.8420809791480471
1785944303.9246283,-3.865080645073503,-1.1551848084957175
1785944304.123915,-3.1026482844342667,-0.5211316839749074
1785944304.3310843,-3.142271854996875,-0.17150524262983985
1785944304.5312607,-1.9817049558381081,-0.7687888889481413
1785944304.8031228,-1.943040748147607,-0.6650235170877604
1785944305.0037796,-2.5626158482116717,-2.7537692972327825
1785944305.203772,-3.438302604033036,-0.22670366043082052
1785944305.4031615,-3.836375244538037,-2.268356514797224
1785944305.6106868,-2.7080351510423464,0.03733448549231827
1785944305.803233,-2.081733926066919,-0.9436840054742136
1785944306.00329,-2.732269076491819,-1.3331515216831975
1785944306.2042348,-2.7968846706929313,-0.7045244596623397
1785944306.4040332,-3.435138985010406,0.531510198701926
1785944306.6085563,-2.9262956439914274,0.9077799312996229
1785944306.8156734,-2.572130039092581,-0.2503869487361384
1785944307.0226943,-3.8089093893973143,-1.0196082033885907
1785944307.224376,-3.581974900252326,-1.811619561225975
1785944307.4270217,-1.5099194229177513,-0.4095207395779633
1785944307.6233094,-3.0851924550949077,-1.6548131703817952
1785944307.8244894,-2.1456916393906584,0.19098361943268416
1785944308.0302572,-2.747055270970509,-0.749826377181932
1785944308.228237,-2.6753960540505055,-0.4814270150895392
1785944308.4551618,-2.486296570704497,-0.1477184902469984
1785944308.6644661,-3.3898431848551525,-0.7666832096495877
1785944308.870679,-2.605567700528102,0.37818276801412776
1785944309.0935004,-3.744736437214208,2.16156611001183
1785944309.2931554,-2.6465086553820227,-0.9730717384912608
1785944309.4940686,-3.9380943161369037,0.024215450772546165
1785944309.693177,-2.9746242460453423,-0.6972537391274258
1785944310.3613276,-4.119289667538506,-1.7731882376423589
1785944310.3656456,-2.716225428191614,0.3213603616572714
1785944310.369817,-4.254936903134422,0.38773089852920367
1785944310.5752246,-3.0254734839861293,-0.04953822244628242
1785944310.775069,-2.510075375049114,-0.2556563309230857
1785944310.9823468,-3.6035427676802265,0.07290289675132137
1785944311.1835158,-2.3984077047212415,1.1744739682480727
1785944311.384882,-3.146845741135199,-0.11631703714549539
1785944311.5840251,-2.5611039003559712,-0.04272673649517658
1785944311.7830832,-3.7969809952204394,0.054653322869926385
1785944311.9859145,-2.6372639913694407,-1.34191660815535
1785944312.1971397,-1.8717248920763414,-1.0070644339503456
1785944312.42058,-3.5903116508137174,1.326834229893898
1785944312.7366168,-4.018164383388401,0.2948809045094374
1785944312.9695795,-1.4626555830186843,-0.3296533709185547
1785944313.2023087,-2.474789440753903,-0.05426767010312762
1785944313.499944,-4.695558591193471,-0.21194871230159254
1785944313.8405836,-3.3063476309858277,-1.468662673331245
1785944314.1882215,-3.842653807350021,-0.4173005383036542
1785944314.4267437,-2.3417480770516916,-0.6180267457404811
1785944314.6876137,-3.1455746278269467,-0.46009573009993454
1785944315.0057342,-3.7106931208818645,-1.0119557701974264
1785944315.231535,-4.441573253907068,-0.001834738457149234
1785944315.5620227,-2.685972215224178,-1.0752171870156566
1785944315.8176181,-3.0554733201861963,-1.2016607976030336
1785944316.0464911,-3.843741328850942,0.9306621123404253
1785944316.3569257,-3.3802982769732868,-0.523198411978498
1785944316.5914903,-2.9680980539806687,-0.005099073763746534
1785944316.8354907,-4.069950468271307,0.7573345811215607
1785944317.049357,-2.1033884000139613,0.6969311048829602
1785944317.2592545,-2.4988239663059106,0.2553428180805492
1785944317.4622402,-4.234486307272321,0.38828817481939676
1785944317.6955895,-2.787701751527261,-1.7965027915206666
1785944317.9124086,-3.9070062596713626,0.9815072294261714
1785944318.1520658,-3.7472627806281835,-0.43681052498553063
1785944318.4700124,-3.0665937838227677,-0.18640683774670258
1785944318.6853507,-2.1337915911555942,1.0184816023211822
1785944318.9168875,-5.108176242825919,1.4733011662865643
1785944319.1347635,-2.590131298125445,0.4625058213236235
1785944319.344263,-2.8550437236617414,0.7672235101820305
1785944319.5545704,-3.1176684596130104,1.1460734642782857
1785944319.770999,-5.21886258070179,-0.8113920921622642
1785944319.9808564,-3.571568873874956,1.653383507092451
1785944320.1858993,-4.090880827758379,0.41615552986600524
1785944321.0273585,-4.0431582854989605,0.5786264830872647
1785944321.0331645,-3.6212769584002813,0.08225143166068749
1785944321.0372615,-3.584995975329986,-0.9287461174200984
1785944321.045227,-2.6459779556535,0.26811477055835364
1785944321.2752092,-3.0378891994436366,-1.5449553506536065
1785944321.512775,-2.8287304495243855,-1.0406330972847093
1785944321.7237477,-4.365015145291325,-0.23444951518150273
1785944321.9695828,-2.682916906838304,0.5904361441023603
1785944322.1872146,-4.284467163992655,0.09036143521603258
1785944322.4952009,-2.3392669598870213,-0.8936962276287423
1785944322.7302282,-4.656472982787059,-0.9304955533972471
1785944322.9326482,-3.547572149131045,-0.9219233020263143
1785944323.148681,-3.7014897892920082,0.13708406554119498
1785944323.3544385,-2.822651669975951,0.4037390051119252
1785944323.5639484,-2.7023189177062936,-0.3574424677381949
1785944323.7635596,-2.816150511937457,0.07428569666145428
1785944323.968822,-3.606754668211258,0.43804192590337443
1785944324.201136,-1.086155763857843,1.4190292161971423
1785944324.4465132,-4.49104625549473,-1.2375546530425585
1785944324.671512,-4.61304991795031,-0.29791339326346317
1785944324.8998923,-3.894729682536938,-1.380301435464079
1785944325.1450105,-2.224601668691138,-1.0619128157948152
1785944325.431367,-2.6039141167646838,1.3875364170470514
1785944325.6673822,-3.929010682350477,0.41202220759693947
1785944325.8810828,-4.025574806839816,-0.06144332374160451
1785944326.083108,-3.4274001580705535,0.028380589202575024
1785944326.3631296,-4.307126873159485,-0.3551526162203028
1785944326.568838,-3.1178226101336604,0.869220354474009
1785944326.779242,-3.2338961701567546,0.5858064990360381
1785944326.9893303,-3.1113977417561287,0.537204573063445
1785944327.2858694,-3.015858478847539,0.018635525397150188
1785944327.4948647,-2.465114089300729,0.7277624521310184
1785944327.70263,-4.529757217329478,-0.040048215864484815
1785944327.902834,-2.5876285779340424,0.8585275298392083
1785944328.1084824,-3.516298084500722,0.2751469489130105
1785944328.330879,-3.7662864323631786,1.0605060747978725
1785944328.536715,-4.271055234215264,0.2230745185111659
1785944328.7354462,-3.2077518611411486,1.237955340666906
1785944328.9373093,-4.149220355245019,0.5297148129817161
1785944329.1413043,-5.315291132219341,2.175038053790582
1785944329.3443072,-2.74905332405105,1.9815204630788523
1785944329.5549297,-3.1508303828591675,0.4236314551702392
1785944329.769157,-3.326660415080516,0.913979398625896
1785944329.9715145,-2.6725974794728833,0.9537804935301666
1785944330.1798854,-4.255759418785079,1.2893716182507153
1785944330.3876672,-4.604019832969011,-0.38007303017934957
1785944330.611432,-3.5533227684974413,0.29813099212094485
1785944330.8623445,-3.6154385003848306,-0.9215673366512424
1785944331.8101175,-5.40287252937488,0.9001678031768001
1785944331.8143554,-3.8050623039745983,-0.8191118338197737
1785944331.8169925,-4.47493512407592,1.2191961630333379
1785944331.819365,-4.269206534660616,-0.2817544232086836
1785944331.9095957,-3.6861622069404283,0.9715505074576991
1785944332.103675,-4.446272149457215,1.766139732535619
1785944332.3083754,-4.495462538424882,2.4304171002266663
1785944332.521707,-3.6072742481071294,1.3917107279029812
1785944332.7159991,-3.6035187148661993,0.28943765124941195
1785944332.9281008,-2.8606481481232313,0.06644066253502645
1785944333.1504745,-5.403315822626016,0.09687359613191782
1785944333.3558078,-3.2862533170229056,1.3759567092546603
1785944333.5706964,-5.448966216916148,1.471196810372236
1785944333.7680044,-4.569309223952248,1.5535458704687661
1785944333.970231,-3.959559034538416,-0.31717814164107616
1785944334.190297,-3.859290089266596,1.0164806730025435
1785944334.4054713,-3.160932945734812,0.9536286385825912
1785944334.6194177,-3.8165348270461465,0.011158480262996928
1785944334.8272274,-4.599514155931633,0.9083599670084894
1785944335.0262315,-3.9069467168325267,0.9723178862150355
1785944335.2246659,-3.7512303658861446,0.8568108181224029
1785944335.4240482,-2.622176218101443,0.15495960352839588
1785944335.624026,-4.38445957671535,-0.03901678298229572
1785944335.8245268,-3.455839457271454,-0.8181321112768661
1785944336.028004,-4.726060121023348,-0.5041990131141405
1785944336.2265651,-4.14572950438353,0.9089759226962495
1785944336.423766,-4.670761588254147,-0.4465425416103719
1785944336.643213,-3.5462126300290095,-0.0746851012495936
1785944336.8439193,-4.696197759873202,0.1606034240595028
1785944337.091064,-3.130391256748939,1.1601759223460446
1785944337.288689,-5.6594056864359725,0.36152843943821267
1785944337.4890308,-3.755808519382739,1.6587260865742648
1785944337.6894574,-5.10333646392484,1.5016503350300834
1785944337.8894124,-4.189464839555739,1.1421584220178247
1785944338.0906851,-4.915863094885599,-0.3098571846676682
1785944338.291138,-3.5978676776964496,-0.671280464102423
1785944338.4920359,-3.403501375711697,1.0827193051261432
1785944338.6917458,-4.186642513868193,1.9383787031761908
1785944338.8920918,-3.850067648912671,1.8585407622735413
1785944339.0903988,-3.7886329065031767,0.9708816652487638
1785944339.2908037,-3.1456174628916993,-1.119336142358455
1785944339.4898295,-3.922235733566904,1.49317602365009
1785944339.6896029,-4.632298621181084,0.7302970533242693
1785944339.890771,-3.4757764679658907,0.12710109200472586
1785944340.091815,-3.1697076667870587,1.359468051837132
1785944340.2906272,-3.95028860028681,0.32325657568187083
1785944340.488314,-4.1406868521546984,0.5587595371375387
1785944340.6892855,-3.0905808688075194,0.4166615945281725
1785944340.890247,-3.2042741306292637,-0.8812754369765258
1785944341.0887735,-3.2395360342707638,1.1690486630189352
1785944341.2956815,-3.424611243120859,0.5126691973167556
1785944341.5010448,-3.5643195790841053,1.401530025607073
1785944341.69895,-3.850704874112352,-0.1870354237127334
1785944342.5116153,-3.163071437688703,-0.28907500179855583
1785944342.5195546,-4.1500683063981185,0.7985547296505655
1785944342.5244465,-4.864162165149205,0.5928404747567251
1785944342.5322437,-3.8163748211059367,0.5548172299288874
1785944342.7213264,-3.919506578087685,-0.23498876528179313
1785944342.9234262,-4.973606688776718,-0.0748945134041471
1785944343.136395,-2.5290897524478533,1.413651199944276
1785944343.3451173,-4.50395447177505,1.8313295599605004
1785944343.5574257,-3.0013876323505073,1.3867398961000363
1785944343.7665858,-5.948365308557738,0.31540920782958654
1785944343.9634862,-3.6469830555461025,1.12813656926541
1785944344.16507,-5.443373266260483,0.1274479487857062
1785944344.3926632,-4.996577107703274,0.43850532081451893
1785944344.619595,-3.53805452331093,0.7996468582139883
1785944344.9179204,-3.549726374428279,0.5534787847365283
1785944345.1251388,-4.728600868398936,0.48141650083293663
1785944345.3338737,-4.2389272332795285,-0.9024091355504459
1785944345.5420759,-3.307755630090316,2.76012770930716
1785944345.7776277,-3.963964605007455,-0.27817112519535225
1785944345.9791822,-3.6976118125090585,-0.06558245715192346
1785944346.184712,-3.5609056328044577,0.34931562568792285
1785944346.3853817,-4.0477537197918165,0.885726489466955
1785944346.584954,-3.57033551471641,0.73178311871284
1785944346.7842245,-3.6979674088301335,-0.4052708017359452
1785944346.9841993,-3.9890011060710373,0.45074271669449273
1785944347.18342,-3.2096016054897465,1.6362878145029656
1785944347.3841362,-4.224777392488174,1.0145403471270313
1785944347.5834188,-4.280545642750612,0.17188093633496648
1785944347.796545,-3.984980796095662,0.6430338737473604
1785944347.9958484,-3.8188752212490265,-0.8341652875892436
1785944348.1951058,-3.9631527904140236,0.4539970814038562
1785944348.3997493,-4.543749549221099,-0.13808077297205712
1785944348.598951,-3.89110995413367,0.48935871667026387
1785944348.796588,-3.7314377269395123,0.8695710868523041
1785944348.995681,-3.5300998792560585,0.6225373898797065
1785944349.1992383,-4.598303777718768,2.6145149957273377
1785944349.4004323,-5.6693120430218205,2.0212776064705364
1785944349.6013067,-3.131883851266503,0.19909021898062462
1785944349.8079524,-3.697037210859759,0.7496576016249965
1785944350.0003088,-3.037873211183074,0.9046767653070648
1785944350.2083428,-5.405765655301726,-0.019839002872985567
1785944350.4007325,-4.3788766625914715,1.606914421173534
1785944350.6082087,-3.784315686671755,0.0811219435088878
1785944350.8064764,-4.374796601065856,-0.2196531854253314
1785944351.0036108,-4.590323732475211,3.4066245984309895
1785944351.2015395,-4.0460482528764246,-0.9354771203654365
1785944351.4062169,-3.471171349759755,1.0976021187627025
1785944351.607284,-3.972870595090777,2.2712586988337904
1785944351.8086824,-3.6887563590073773,-0.9086741514159832
1785944352.0066173,-4.770752205403079,2.013813259575998
1785944352.205989,-3.7678731690703122,0.3904634773480157
1785944352.459169,-3.4831542723693936,1.4790208601456363
1785944353.2537003,-5.483149063881041,0.8098897580614727
1785944353.2604818,-4.923151545454308,0.13792912724934203
1785944353.265207,-3.6300537044613153,3.3178251113946517
1785944353.271456,-3.2221868178196242,1.109616887893121
1785944353.4600635,-1.838320166109837,1.1370514282485922
1785944353.6606855,-3.44071565292948,0.3925266345462057
1785944353.8619468,-4.691975265602117,-1.157426304094532
1785944354.065084,-3.770157543454831,0.25924415715740984
1785944354.2647562,-3.775063334420085,0.7644907883043848
1785944354.4647448,-4.014751886788731,-0.3885264682545555
1785944354.6656,-5.501153197560878,2.166244537856522
1785944354.8760586,-3.3510742131013806,0.8407825498080403
1785944355.0901484,-3.4439472088413643,0.8087258596309923
1785944355.2896063,-4.383861415478344,-0.043362226486126976
1785944355.4934273,-3.925509498737495,1.0539860441222029
1785944355.6901407,-3.214439548964773,-0.5311832740255323
1785944355.8895414,-3.866462892071159,1.2084028845544168
1785944356.0912786,-4.292504992238499,0.1964022546253038
1785944356.294803,-4.048283737636863,0.9541604570907488
1785944356.519434,-3.77752013340185,0.18696481694748035
1785944356.7169173,-4.506142712694199,0.10975294817116055
1785944356.9226098,-4.679053561873395,-0.08307575934169498
1785944357.1218421,-4.057839806752303,1.198140795481154
1785944357.3385706,-5.014037177080413,1.6599054713496848
1785944357.5303736,-3.210542080007425,0.9027128228935395
1785944357.7292933,-4.3477122662593715,1.2295633530763346
1785944357.9785843,-4.598596630033957,2.225316339594335
1785944358.1761332,-3.401657300431152,1.6602549405105527
1785944358.3780134,-4.632507894745403,0.997210920389227
1785944358.58193,-3.603054675029459,1.210344625258427
1785944358.7958503,-2.3391621201385817,0.09278115091944039
1785944359.011366,-2.9077321028949763,1.1996492957764813
1785944359.2092123,-3.2451874005507926,-0.8544535306060129
1785944359.4121737,-5.065503817036834,1.1791969732846534
1785944359.6144748,-4.311857823760419,1.7900210266667966
1785944359.8366208,-4.347572430248019,0.3859322362597174
1785944360.0346627,-3.5590898707800624,0.903303176534676
1785944360.2463508,-3.9187450216032986,1.4440074210741851
1785944360.5141983,-6.418601540617644,-1.3944139260905275
1785944360.715452,-2.803468088670353,1.4334814434872234
1785944360.9196959,-3.9426188279283476,-0.11537685773720163
1785944361.1487849,-4.195614826864388,1.3081346862142675
1785944361.4743788,-3.788631262879193,-0.4344825266889948
1785944361.7072418,-2.6209506463223677,0.3923044447190093
1785944361.934129,-3.236864365810829,-0.7699024489045542
1785944362.1876943,-4.397681621859804,-0.4560629658369503
1785944362.395822,-3.736024629389241,1.4326192114280492
1785944362.6012542,-4.02137770834819,1.1160723380834274
1785944362.8096108,-3.0158642307537162,1.9707956108694096
1785944363.0349405,-5.0559653470744745,0.9749787526033586
1785944363.2352922,-3.9664394402117167,0.8883186481522669
1785944364.2117448,-3.881579427695055,0.22449672849570163
1785944364.2293377,-4.1776495759065835,0.8223362638028803
1785944364.2360365,-4.5753591467541685,0.21625398526440476
1785944364.241602,-4.427152623248854,0.8906871030265082
1785944364.317413,-2.8597651295914215,-0.4622101279193789
1785944364.6099253,-5.033685689157255,-0.46916690288557705
1785944364.841582,-4.574791431684497,1.839229861479684
1785944365.0550756,-3.348920962966374,1.0855297823060175
1785944365.3175654,-3.818916899461256,-1.2383243371990766
1785944365.519951,-3.0283976353962334,-0.1498728642466819
1785944365.79828,-2.383151739404272,0.8596034553533013
1785944365.9949522,-2.936058444490064,1.9510742620014763
1785944366.2167156,-5.687487920473348,0.8177699584079753
1785944366.5506377,-2.9803640113886565,1.425189320069296
1785944366.7933967,-3.8298284293269775,1.3036878279444069
1785944367.0397696,-2.770464884626165,0.018974097916131027
1785944367.2545433,-3.5562520541168623,0.7983814306684879
1785944367.4542773,-3.4120143588130007,0.7055707029697386
1785944367.658448,-4.815921292439426,1.2335906512655197
1785944367.8549216,-4.2007704347734105,0.47779398292842123
1785944368.057069,-3.863032483934738,1.5306817336480871
1785944368.2788618,-4.199491742725243,0.29541513774275974
1785944368.4847593,-4.266566360725143,1.1371401993311734
1785944368.6922014,-3.9069460379509797,-0.2979380604805544
1785944368.8966722,-2.5118722609965944,-0.30852510307624037
1785944369.0982983,-5.468857212865153,0.400518027979335
1785944369.3119333,-4.649291031419288,1.5219822670749372
1785944369.5007443,-3.006454147641548,-0.6186636340118261
1785944369.700116,-4.899462805651374,1.0611930158312177
1785944369.918,-3.809969608233311,1.0738398921205652
1785944370.120138,-4.263797367674784,0.2689019575014059
1785944370.3174744,-4.080532891568642,0.26870946146122454
1785944370.5149362,-5.660932477207911,2.0187869229487023
1785944370.7333603,-5.529191101629656,1.0962228568156496
1785944370.9466534,-4.073031123643848,2.119338159598358
1785944371.1367671,-3.5222327416199737,1.3994681203628803
1785944371.348779,-4.541846660986271,0.8081922350073929
1785944371.6016793,-3.9262558604793254,-0.38923378114295637
1785944371.9476814,-3.3754785032911263,1.3548992223905594
1785944372.2089224,-4.293749676223096,0.6293933167997904
1785944372.5306804,-3.549852091030337,0.7328868323373898
1785944372.8384993,-4.397837945330888,-0.44944820159988375
1785944373.0484989,-2.5839640581740815,1.536456214820591
1785944373.3128169,-3.4409361843196153,0.9344428632028638
1785944373.585895,-4.781940884782915,2.32944048950432
1785944373.9854634,-4.179080105304283,0.45300252802409097
1785944374.205586,-4.2623361821494195,-0.6421930843186278
1785944375.8248694,-3.094344875507221,0.7177267598482238
1785944375.833264,-3.8568436364281378,1.2483150240112075
1785944375.8388877,-4.415772416873638,-0.18328378184181693
1785944375.8444867,-3.8013629060373413,1.4068145966095276
1785944375.8515036,-4.095309360827799,-0.4258938947850739
1785944375.9892414,-4.25311693921246,1.152555694888227
1785944376.191613,-3.3541136640234908,0.8138637833272695
1785944376.416772,-4.221182276808215,1.2296901530128947
1785944376.6439602,-3.3962341580561324,-0.46395564740217143
1785944376.8718193,-4.827411244976955,0.5130753256236534
1785944377.070949,-5.092712491573946,-0.15784984953344716
1785944377.2815056,-3.549777695423921,-0.2930717212371098
1785944377.4802911,-4.60828558611553,0.7958393640236703
1785944377.6904113,-4.713530728150936,0.9676605767230182
1785944377.888759,-4.029470388288386,0.5579734925275566
1785944378.1211245,-4.6634377831595675,0.4267799616331671
1785944378.3352587,-3.4782903715929523,1.4111160100293383
1785944378.5469766,-3.360651257067539,-0.32132111229838933
1785944378.7555103,-5.242563454611789,1.0034705597157403
1785944378.9609547,-3.2997637155023076,1.3092652263193805
1785944379.1891906,-4.910855404318687,0.2783161054079075
1785944379.4008632,-4.8899529794405945,-0.14534452828044064
1785944379.5949132,-3.7841237191536536,0.656381717474911
1785944379.8375466,-4.426452154154889,0.4845535352288105
1785944380.042076,-3.9852996195731643,0.1691527426728725
1785944380.2735763,-3.9045282183074024,0.6784011700213809
1785944380.5394092,-3.408338961902671,0.452890458426025
1785944380.8055966,-4.426789036226485,1.7826103177304171
1785944380.9951286,-4.971536363612334,1.9139344819794661
1785944381.208245,-3.906617623008214,-0.20913679700590382
1785944381.4008625,-3.8212782531558576,-0.5139709759561149
1785944381.6128793,-4.585239877357735,0.5589012687597935
1785944381.8065908,-3.356838804658597,-0.4400862539369744
1785944382.015767,-4.763142206543326,1.1450921989026304
1785944382.2504714,-3.5108006882799203,1.4715276796641525
1785944382.4905956,-4.482530310592678,1.9476552497026693
1785944382.7684064,-4.233207874744702,0.5250407772192515
1785944382.9762752,-1.9414207644342758,0.3996642638769709
1785944383.1809716,-4.014901201457045,0.5233417477716524
1785944383.3883524,-5.0543108182410785,1.0244348174888784
1785944383.6074655,-4.101880984605751,1.5568914264567737
1785944383.8589065,-4.7072283499458685,0.4211073728882665
1785944384.1950662,-3.804836904466747,0.9411446215016189
1785944384.3905964,-3.5931019695378628,-1.155781116368272
1785944384.5994942,-5.3677356105258,1.730619440930319
1785944384.825365,-2.9934754843645077,0.09266461893545586
1785944385.0424051,-4.936432664245955,0.6088243726382336
1785944385.2595067,-3.042605096459882,-0.4319243828496664
1785944385.490276,-3.381322690252793,1.1231361723656872
1785944385.7266028,-3.931541286591622,0.5672345196265695
1785944386.8947666,-3.545255215795019,0.8756164187466484
1785944386.9113705,-2.9887996348709778,-0.15615545716526635
1785944386.9194465,-3.1567049443806194,1.5366374275821106
1785944386.9252458,-3.263642566728793,1.1053543854615215
1785944386.930726,-4.748112672707371,0.027094396481625593
1785944387.04152,-5.735332768457728,-0.4392291420919736
1785944387.2452617,-3.708896507050598,-0.49591054112570876
1785944387.4411092,-4.126093179416988,0.09087512112670038
1785944387.640761,-4.272511971915501,2.8364150052836874
1785944387.8594935,-2.8407782635696988,0.397028655955045
1785944388.0596685,-3.795714651525868,1.231009501036675
1785944388.2608654,-4.574136508025416,0.5600743881892021
1785944388.462416,-3.833139079824728,0.037694062844490395
1785944388.6595151,-3.9928741812338413,1.2825115677131573
1785944388.8917344,-5.370228751643668,1.2007870723039913
1785944389.0904624,-2.4209225476794964,1.234161097153157
1785944389.2954493,-2.889522364404869,1.408821056717906
1785944389.498668,-4.807765042349586,-0.5437319932942162
1785944389.7006269,-5.501990629904556,1.6382895407921352
1785944389.9010649,-4.182386697437995,0.8915667263820877
1785944390.107658,-4.8414871805595805,-0.07415478351672844
1785944390.3155913,-2.680437277641663,1.2185372162326078
1785944390.5125191,-5.0027219032928025,2.1809056653618564
1785944390.7120495,-2.4629323699898444,-1.0091992472677394
1785944390.9159575,-3.870087674912938,0.8471706151021868
1785944391.1193824,-4.029226904399487,1.5614933983362722
1785944391.3878222,-6.095486555452821,1.1808007432287893
1785944391.6779447,-3.67738552280378,-0.13911459223849643
1785944391.9222944,-4.234356175498376,2.407242989826152
1785944392.1349435,-2.6866896478842293,1.2938731866869497
1785944392.37092,-3.3636768267948964,-0.3474968245414507
1785944392.573048,-4.56997392453756,1.1092848815898682
1785944392.9078138,-2.5016811395585394,1.0534826216367128
1785944393.1275275,-5.039170708085043,2.0613861077987723
1785944393.3399925,-3.7392534678950144,0.5585942859413684
1785944393.5427217,-2.5363772205402197,0.005669646275691331
1785944393.7791605,-3.8417336081175804,0.05446117573574627
1785944394.042543,-2.6780692592439364,1.2713048387717962
1785944394.2367647,-3.766633350867247,0.36163290208842075
1785944394.4496999,-4.776968275956761,0.2092431844352416
1785944394.6515868,-5.06279300579484,1.2407352548253778
1785944394.9308467,-4.267484348171643,-0.19274251937920384
1785944395.1391122,-3.842559053963193,0.4296463307391539
1785944395.3421912,-4.635250602536608,1.068213205278483
1785944395.5405078,-2.6335457855726494,1.1648450320479462
1785944395.7570736,-4.789569271870291,2.5697433047947467
1785944395.9654956,-5.178168778499515,0.814755230196589
1785944396.1964195,-2.0648224762901295,1.2829364837486232
1785944396.552348,-4.4635792587423095,1.0056211198889584
1785944396.7581356,-4.475378595995631,0.24543238531615597
1785944397.6715033,-4.71981892184766,1.0299275726132069
1785944397.6850116,-5.016132312923497,1.0068598689699795
1785944397.6916723,-4.133354558190594,-0.062144274300156344
1785944397.6983871,-4.568567805843779,-0.06201867618126833
1785944397.7837315,-5.54140547909282,0.7721710796031335
1785944397.9844224,-3.6669781956251457,0.4431569617307355
1785944398.18503,-4.040436104161918,0.2605356796667393
1785944398.3842752,-5.643649531106252,0.40447497689037937
1785944398.585448,-5.169538119844972,0.7737392158913439
1785944398.790886,-3.272110358786129,0.8585320144151318
1785944398.9888132,-4.218583354296984,1.01453576043382
1785944399.191962,-3.5388883337263404,0.5598992080166304
1785944399.3940718,-5.2818618638820665,-1.0753537899647472
1785944399.5953517,-2.824692896172702,0.6722534775790563
1785944399.799071,-3.6126039165741384,1.3136561907931008
1785944400.004131,-4.545697324261721,0.2487416773782456
1785944400.2207122,-3.6471855512416873,1.9570793442109824
1785944400.4159822,-3.249749620804111,0.9668754374715776
1785944400.6190348,-4.193316102913536,0.9192310220712356
1785944400.838002,-5.623140968740639,1.091137803324239
1785944401.0502486,-4.6622982126253145,1.561093515860094
1785944401.2541733,-3.734740560433586,0.07918324432560686
1785944401.520895,-4.825101172029622,0.7177352916800017
1785944401.7292254,-3.7903525757520993,1.1143888513876912
1785944401.9458663,-4.059831990176557,0.923444086719687
1785944402.1445744,-3.8059658091043036,1.9204183441327267
1785944402.3496118,-4.254602284394435,0.24741041626201798
1785944402.5511913,-3.231374211372434,1.545866889400135
1785944402.7496052,-2.830211730441053,0.8589574151152034
1785944402.9493084,-3.990534775616857,0.9035329231153527
1785944403.1585872,-3.026112017957664,0.037697436326800005
1785944403.3590443,-4.861787129685904,1.6895718024665565
1785944403.5659103,-4.29310913057338,-0.7580782209214271
1785944403.8292563,-3.7191655477866514,0.8366353733539368
1785944404.0254364,-3.6199558687638347,0.5778025724232838
1785944404.2361789,-3.911076806730806,2.8897756539275576
1785944404.4341888,-4.208954939139777,0.8083032923132267
1785944404.6340315,-5.407586326268963,1.3054377888669475
1785944404.8402104,-4.6700567496098815,1.5247139844837432
1785944405.0423403,-5.2084624640136035,0.4173093323626349
1785944405.2472215,-3.4770322825115185,1.823221812145758
1785944405.454101,-3.6054141637353343,-0.019747206292378916
1785944405.6456404,-4.20333260444179,0.15745219450485237
1785944405.8439288,-4.434633376993118,1.1047787700129965
1785944406.0504694,-4.142513175573808,1.30347457106369
1785944406.2473633,-3.67240413121746,1.0297635371424878
1785944406.4444902,-3.377279288945351,0.22480083483379976
1785944406.6445982,-3.4521349629578397,0.531856348876999
1785944406.845026,-4.439838831441264,1.4646635563733712
1785944407.0450354,-5.212400668703619,1.191553870261938
1785944407.245065,-4.087368733986722,0.9147507606092462
1785944407.4448667,-4.618187439238797,0.3951054384460132
1785944407.6451454,-3.6440027738060206,1.3355926659097896
1785944408.5508964,-4.767169029724103,1.9046828704406824
1785944408.5544302,-3.7520003051164594,-0.4721604909768502
1785944408.5560308,-4.727817779243958,1.892533122857507
1785944408.5581744,-3.78989292010911,0.1627823873847012
1785944408.705536,-4.088197616029599,2.497633495711069
1785944408.9067738,-4.165705830459003,1.9115661618502333
1785944409.104592,-2.8960094356633244,-0.2849567379247038
1785944409.320468,-3.3324686198588376,2.338445167040725
1785944409.520815,-3.0342578353206564,1.0003046271312135
1785944409.721538,-3.7509520133727943,-0.9468958741698182
1785944409.9244964,-5.091884033119081,0.8753068804100406
1785944410.126812,-4.487238998864093,-0.8371274525280801
1785944410.3274713,-2.6135976859054146,1.8689399906278663
1785944410.5248427,-3.7478748747308974,0.46084328236840955
1785944410.7302463,-5.706335087026776,1.1940548824041017
1785944410.9308505,-4.255876591319622,1.7985844747315491
1785944411.1298513,-5.566258703712246,0.8913238330694317
1785944411.3286605,-4.249054014262349,1.3064613493556676
1785944411.5295298,-3.4036809872340235,1.6764771443488016
1785944411.7294354,-4.9176850316983005,0.7673501363748737
1785944411.9322894,-3.865616162755388,1.6228794905174588
1785944412.1286962,-2.5410896845743123,2.1095292402930097
1785944412.331558,-4.851300876114449,0.9723610789038837
1785944412.5285192,-2.8619534417061576,0.3546490393229126
1785944412.7292476,-3.4292045569989984,0.09248592933956368
1785944412.9299755,-4.078621300279559,0.14501586712152414
1785944413.130218,-5.04289525186244,1.842592405662613
1785944413.3288717,-3.0028569968340584,0.8519601051426253
1785944413.530464,-5.298218788849267,-0.7094649684873595
1785944413.7297132,-2.941147125642561,0.6697327630622608
1785944413.930857,-2.939915114299618,1.0632062856263595
1785944414.1294758,-3.7939723789916346,0.5881719202853324
1785944414.3318183,-3.609912781733431,1.3817054030575968
1785944414.5306497,-3.4144047013561525,0.13794331784683211
1785944414.7308455,-4.311095244754785,0.48955146177704917
1785944414.9320273,-3.455201481661492,1.0642489330262268
1785944415.1311772,-3.9869095645859836,0.3339435638641292
1785944415.3299184,-3.9213907542139586,2.0498969756737027
1785944415.531341,-3.5415575870705958,1.2205999144341035
1785944415.731117,-2.8390452281200664,0.8156516491794956
1785944415.9293826,-2.9949487342796672,1.576831469891093
1785944416.1294441,-4.4268381089119515,0.6721687887732735
1785944416.3291745,-4.282475283472276,-0.6568523508878819
1785944416.5332735,-4.057122980648419,1.4989793928018647
1785944416.7317772,-3.7743335360615506,0.9008003755917349
1785944416.9349399,-3.714506898537975,0.9232882815807473
1785944417.1363795,-4.180711810774526,0.6616641667553915
1785944417.3370905,-4.587628183085377,2.0415325824810706
1785944417.546381,-3.4726291709640353,1.687431799351864
1785944417.7521534,-4.255022083182451,0.265875040941828
1785944417.9923062,-5.214869816246793,0.7153250786054816
1785944418.2157469,-4.430040853348632,0.4275756037911159
1785944418.4003496,-4.481168306632098,-0.2638502544804979
1785944419.3939216,-3.7176185851687977,1.0079325520799802
1785944419.4002683,-3.5397280402002385,0.3382241317001472
1785944419.4053469,-4.0361361965450495,0.8094982568696804
1785944419.4105566,-3.7625684525976024,0.18668766588836083
1785944419.4218316,-3.185470760912302,0.5935634475969117
1785944419.6174805,-4.954139577155905,1.0442306690359595
1785944419.8163283,-5.006884846729453,0.11618832929083911
1785944420.0163195,-3.1167643161197978,0.7525736894291907
1785944420.2151985,-4.226767399376196,0.6694099785071774
1785944420.416286,-5.524285323081488,0.10433041541414922
1785944420.620515,-3.4926699454609307,0.17960532032728815
1785944420.9157064,-3.6765549474929924,0.7331660296408128
1785944421.1112761,-4.434865760786183,0.773853103725418
1785944421.3120801,-4.82483314587688,0.5845982990679316
1785944421.5120173,-3.3108595767750826,0.6127159956855778
1785944421.7163548,-4.351516602744718,0.1392962026497877
1785944421.91748,-4.6248182198583,0.7603474152782621
1785944422.1178734,-3.7292417657637587,0.1910728994736164
1785944422.3205154,-4.6279082493020915,1.9805165099686985
1785944422.5210004,-3.804390415647133,1.5475261760329695
1785944422.719269,-4.272361360136903,2.0985903820974006
1785944422.9884772,-3.2453959485787394,1.3290094008625868
1785944423.189282,-2.709754300339551,0.5677023381246054
1785944423.388978,-2.773673387625701,0.9201563097507108
1785944423.668886,-3.3589515668698877,1.3859416667419606
1785944423.8765552,-4.529146385951168,0.7483951512696265
1785944424.0742428,-3.6194672359646316,0.302910810219454
1785944424.274114,-3.8573675886907974,0.6352004510142775
1785944424.538228,-3.631876391619805,0.08673266447250527
1785944424.7520647,-3.6157115743938504,1.142372657422329
1785944425.0613265,-3.451921428533247,2.1221994897877523
1785944425.343992,-5.334916741656037,0.6429632134179004
1785944425.636825,-4.666797245401388,1.0090986561961304
1785944425.9405231,-4.01366472236787,1.4301434805209907
1785944426.4223797,-4.50512659428483,1.2368547117506998
1785944426.9484055,-5.1096144810647335,1.1573833094681285
1785944427.232574,-3.8004995244162942,0.25428557993974754
1785944427.4337475,-3.5759754372793866,0.8696642635202143
1785944427.6339798,-5.107696310189944,0.777672264616189
1785944427.833556,-3.401784431023831,-0.8617255342650868
1785944428.035986,-5.0550113038960305,-0.7862735010005529
1785944428.2344573,-4.332194270806889,0.19481289034453675
1785944428.435552,-5.968939531845281,0.4323964549575863
1785944428.6341639,-4.313450397015125,1.9240248650032004
1785944428.834047,-5.044951093749472,0.7726207663006999
1785944429.0333784,-3.777305272730835,1.5273251324439099
1785944429.2342782,-2.8942675915720075,2.9694813600738623
1785944430.5954459,-3.925461916128789,1.1537499308867238
1785944430.6099806,-3.729742434477768,0.9556055841110239
1785944430.6188498,-2.4011011849406367,1.368463679043561
1785944430.6245732,-3.9415528149300836,1.6353439609208777
1785944430.632466,-5.456962542795477,0.4639268396145547
1785944430.6395717,-4.137534830504077,1.164832498756021
1785944430.7294817,-4.550240759145714,-1.0996644568861371
1785944430.9588199,-3.787448181889757,0.8332165984838282
1785944431.1640415,-4.662266034634154,0.48196812481808726
1785944431.3624659,-5.68164006625163,-0.1032432267940705
1785944431.6130033,-4.853812932990515,1.0842846325962803
1785944431.8206282,-3.315399675379103,0.4976855497971491
1785944432.0232565,-5.208715590338619,1.1628637152488155
1785944432.232582,-4.937132100639872,1.8255163849266205
1785944432.4862897,-3.0198200637034556,1.4632024492472342
1785944432.708407,-3.888161225461765,0.250329799059947
1785944432.9420226,-5.654027585209183,1.3483006213467132
1785944433.1459873,-4.083811267426229,1.8737209902583456
1785944433.3614128,-3.6117873464195918,0.3117372414085662
1785944433.561768,-2.858389122021086,1.1486106711934123
1785944433.849646,-4.830500740190971,1.6813780184414329
1785944434.0636451,-2.9886439531717275,0.7024774785867453
1785944434.2757266,-2.965428372814711,1.6660302808118672
1785944434.478014,-3.1861709207733737,1.2346667598777326
1785944434.678893,-5.368273483804045,2.2286997748067647
1785944434.8809762,-3.357289229523525,-1.0776388814222118
1785944435.0769355,-3.8429636600372428,1.0944327897662973
1785944435.2766805,-4.736836754361987,2.325091160274222
1785944435.5647583,-3.925555539754526,1.2251925832316064
1785944435.7716227,-4.894873589970279,0.7178850700874925
1785944436.006736,-4.783789567530972,-0.1530630371628139
1785944436.2063153,-3.8365198504085476,2.4538156378175664
1785944436.4197578,-3.507932919256799,0.7152732701256992
1785944436.6157959,-2.9296246237610593,-0.39309776882794745
1785944436.8386533,-3.8881935177093485,0.9092007762208554
1785944437.0444896,-3.885546448290388,0.8581088620228158
1785944437.271104,-5.082175454809806,0.6906412004287239
1785944437.471498,-5.319253154340373,1.080847335795549
1785944437.6788754,-3.142818925506586,-0.14675516995532933
1785944437.886631,-3.4643821441837046,1.4579062191063348
1785944438.0848753,-2.3466673250888226,0.9634326759373163
1785944438.2972028,-4.394916525139362,-0.004104404551550811
1785944438.7146873,-3.5684166436735074,0.659618247918072
1785944438.9268932,-3.902400618059695,0.42962515472745966
1785944439.1454492,-4.2470081182852875,1.2172001006900683
1785944439.3592381,-4.166735873865614,1.9421947435018325
1785944439.5781271,-5.206571820121195,1.5258289801227924
1785944439.9286556,-3.6228410492964414,2.1190598255490736
1785944440.1430764,-3.5954136006420585,2.3051563964402693
1785944440.3445356,-3.4005379045995854,1.0874626049136726
1785944440.572358,-6.7301935389496075,2.0609704238204984
1785944442.1220696,-5.287395518099612,0.72300048053768
1785944442.1291142,-2.4155192744519054,-0.8354435721645982
1785944442.1345918,-4.559034969163069,1.6648423980542943
1785944442.1442587,-4.519055097344392,0.40275784516081625
1785944442.147697,-3.9667401130901125,2.211744286373117
1785944442.1505601,-4.465856366826845,1.3388494929852806
1785944442.1526973,-5.2104390729493915,0.838980022030074
1785944442.3360472,-3.362701222723726,-0.1718257682141403
1785944442.5672705,-4.895215200335852,1.4945211878525142
1785944442.777022,-4.159161949846004,-0.008635908625420963
1785944442.9840548,-3.8251524847477345,0.9934912193614619
1785944443.1868446,-3.6124482127356923,0.28406065815275494
1785944443.4045022,-3.1656108436088037,-0.17585016000400566
1785944443.62497,-3.4615005566756842,0.19203886445242924
1785944443.8302603,-3.3066136923312337,1.6984402158133438
1785944444.0320866,-3.973707164833212,0.17193648944349582
1785944444.3557746,-3.7189188498214887,0.2740914909599632
1785944444.5681467,-5.0628809014546095,0.03357343867865992
1785944444.7663736,-3.671346762701061,1.3268585233361199
1785944444.9855576,-4.466111989950343,0.7406605121313945
1785944445.194834,-4.74962206612845,0.0016396274318866144
1785944445.3898745,-2.996826086149656,1.7126138393457808
1785944445.6027322,-3.746962699696671,1.2907145585037236
1785944445.8934364,-4.04094314068326,-0.16193878722339528
1785944446.098011,-4.486762305319989,0.298997512115987
1785944446.3043194,-4.851860619035635,1.3716831843649437
1785944446.5236228,-4.244207846194469,-0.12066072948535134
1785944446.7699313,-4.588660136698071,0.47111827553773755
1785944447.0409787,-6.1777362510717335,1.810726620162812
1785944447.344047,-4.490490602039527,0.4132006514503319
1785944447.4846215,-4.392940770310758,1.3057687149926482
1785944447.6977134,-5.1205388207129205,1.0604691000325301
1785944447.8976223,-3.870029799409437,-0.15746456547828214
1785944448.095778,-2.834305475814062,0.985339962467652
1785944448.3000903,-5.033179665445114,1.779167174930032
1785944448.4937997,-4.301787193299242,-0.1479321528326214
1785944448.6961946,-2.2566039387749837,2.4367400682923286
1785944448.9179757,-3.8890946776209168,0.31046230670883634
1785944449.2488375,-3.861706933731723,1.0710866370384213
1785944449.4604492,-3.4481540968747812,-1.7005146552740191
1785944449.6641374,-4.935027518700912,-0.6141878810530916
1785944449.8630507,-3.6693734671125586,2.302915725337911
1785944450.0668173,-3.360209503042016,1.270616105705208
1785944450.2757678,-4.103576585930404,2.4747728392652593
1785944450.476307,-3.5111277293686376,1.6210432979655547
1785944450.6761913,-4.034498822817828,1.1497828288264627
1785944450.882468,-4.736991264957477,0.841752705088335
1785944451.0804968,-4.143254090522831,-0.7748353554966619
1785944451.2823792,-4.781475191355898,0.47654399945618553
1785944451.4819233,-4.970936132147115,0.46556964623520164
1785944451.6841357,-3.2910156373912827,-0.15837170118037847
1785944451.8958044,-4.581207080088344,0.5173350179455238
1785944452.0952678,-3.5851929717444095,0.32226667215337157
1785944453.3269033,-4.973324032569899,1.5339947849768243
1785944453.3398743,-5.413751950030678,2.179868209580751
1785944453.3431551,-3.495327642189034,1.411980482959569
1785944453.3493226,-3.312201407698087,-0.23747615983891235
1785944453.3555684,-5.020003343275658,1.1776905398852557
1785944453.3635716,-4.825138536013028,0.46630948708550224
1785944453.5610154,-2.682364652356111,-0.2786254828954724
1785944453.7628856,-5.01674206377564,0.6096308514359678
1785944454.0733376,-4.454725406296047,0.6956958501132033
1785944454.2903938,-4.38690091935174,0.9305252224702734
1785944454.5123706,-4.1728915885731315,0.15846371803157466
1785944454.71307,-6.0085210858480895,1.2389255445505991
1785944454.922695,-4.067833006797369,1.724570497436598
1785944455.1332712,-4.048509715924121,2.4641669050487307
1785944455.3420541,-3.082509555983149,1.0874429157869292
1785944455.547247,-3.7650295434577217,0.20287296794014797
1785944455.8417053,-3.057361833213223,1.116322581375204
1785944456.0424132,-3.593759160164531,1.7978432369943698
1785944456.2503464,-3.2835852392307414,1.3961777090537844
1785944456.4513662,-3.518045402541013,0.8205947339679719
1785944456.6486077,-3.0973409475144407,1.2216085214475647
1785944456.8495476,-4.111545114488476,1.29189453177124
1785944457.0556076,-5.244872232224016,0.937763380685008
1785944457.263427,-4.321040656960811,1.9346033202691255
1785944457.6260326,-6.043757705247323,0.5196542802825077
1785944457.8951545,-5.353844222008395,3.223463924719055
1785944458.1166186,-3.6703691677344326,0.6363519422297973
1785944458.3224,-5.486878853847978,0.738490403024855
1785944458.5205834,-4.7430263212963,2.2622206554916233
1785944458.7312438,-3.2495393982572978,0.5813933018735093
1785944458.9318528,-4.670934943687895,-0.6093210648960147
1785944459.138243,-3.9436047557309832,1.4583250628770281
1785944459.3374796,-5.076319354106383,0.9505642009958684
1785944459.5409284,-4.228962370622726,0.21076972104520575
1785944459.7403858,-4.170816363134104,1.7550082430489822
1785944459.9402192,-3.4762241585747695,2.2240987965698507
1785944460.140488,-4.103349923040034,1.2190183260822038
1785944460.351266,-3.734139087663605,-0.29456785253715445
1785944460.5658767,-4.054555898707182,1.163440974282224
1785944460.766281,-4.811763860178577,1.517340490027364
1785944461.005069,-4.370987889032702,1.8314146983102118
1785944461.2196312,-5.0250599780839025,1.1041724943238953
1785944461.4210851,-3.796465527479062,0.3520834180576229
1785944461.6263402,-4.291237609390769,-1.041417167224347
1785944461.8300204,-4.979527247191553,0.5810909547754466
1785944462.031585,-4.7960128623573475,1.1246470365530687
1785944462.2426846,-4.726286045273599,1.4902766556064364
1785944462.4405468,-4.988039880668779,1.3991734179382294
1785944462.654942,-4.33275941542691,1.378816932641218
1785944462.861633,-4.6012189094833165,0.3132819706027218
1785944463.062537,-4.881689240849489,0.008217099683362261
1785944463.2662575,-3.511212343135153,1.1590061893212027
1785944464.3868272,-3.8137637381766147,0.6203394501207288
1785944464.3915224,-4.367981141201257,-0.44936377433988905
1785944464.394029,-4.786514277077407,0.41615827506260405
1785944464.3968296,-3.597867435194417,2.335381519647367
1785944464.4005997,-3.625778041492244,0.9274314175690432
1785944464.4770126,-3.5112466870783345,0.3656625365603954
1785944464.719446,-3.7764669239703,2.917194579351788
1785944465.003997,-3.4831178429903757,1.8021998472501704
1785944465.2207627,-3.3140194784491377,1.6754716558715113
1785944465.4281619,-4.15921051877993,0.6687472358483215
1785944465.634513,-4.299538823283274,1.234961206210486
1785944465.932597,-4.439816972075213,1.1122917123111824
1785944466.1605492,-3.8877097334390487,1.372696358109147
1785944466.4060655,-4.648534213957627,0.06730643541246073
1785944466.5960588,-4.065848352128756,0.6467150729204529
1785944466.7948387,-4.343096812652353,-0.46760241352901855
1785944466.9974864,-5.335860198894957,1.5102958897798546
1785944467.1956716,-4.245480637751039,1.3908482441180179
1785944467.3962622,-5.227661618406283,1.2800168808260777
1785944467.5953872,-5.2418260679777555,0.6024312799040336
1785944467.7943394,-4.230503873956953,0.02623495852878832
1785944468.1477203,-4.171216014967956,1.4443134010601146
1785944468.344519,-4.033103598023586,0.9704875315101779
1785944468.5445845,-3.7850845133631243,-0.33221437445952096
1785944468.744983,-4.098077471074208,1.039351611215021
1785944468.94522,-3.663102817380203,2.1787422832354206
1785944469.1434078,-4.422470680970667,0.8658200584030787
1785944469.3442936,-3.283248150941401,1.2393946218032723
1785944469.5502915,-3.842371135427573,1.7373745866644852
1785944469.749069,-4.932240854812499,1.1329243718492108
1785944469.9493384,-4.079228515005673,1.2411223642833706
1785944470.1485827,-4.188655826923251,1.7265711948668745
1785944470.3504944,-2.9299206696644857,0.0284127277296361
1785944470.54814,-4.200674531977136,1.9015352731664272
1785944470.755797,-3.202138005763109,0.5811314047888976
1785944470.9540899,-3.8738373404962276,0.2704363810198296
1785944471.1551077,-3.806213361510033,1.7119484010191546
1785944471.3611002,-3.103204564580441,-0.14754398596905105
1785944471.5754943,-5.311858317471709,0.9920850059640227
1785944471.794143,-3.6266186357533012,0.6076324571799829
1785944471.9990935,-4.845791570835629,1.9001995932482836
1785944472.2848217,-3.434593407451877,1.8673760122333407
1785944472.4961479,-4.0046757613883255,1.1644601543608342
1785944472.7438536,-4.856717928109669,1.617301290143194
1785944472.967972,-4.891403733698619,0.7545102136290408
1785944473.2010798,-2.9195923887951922,0.9547025566583098
1785944473.4181156,-3.768292624626219,1.0198865290982198
1785944473.6200354,-5.163957934907551,1.5770648046963274
1785944473.9035447,-4.257159175696827,-0.46007077065980506
1785944474.1300838,-4.6346015849424775,1.894949638930532
1785944474.3709085,-3.2788919083163544,0.7815546377072627
1785944476.257612,-3.4365383847090265,1.7199409509586636
1785944476.2942016,-3.4559373831973965,2.25915542168959
1785944476.3133702,-2.5695438451204096,1.504227138751327
1785944476.3240721,-2.856467808729642,0.0966176932727576
1785944476.3274117,-3.0919624609030967,1.4382719348887223
1785944476.3305998,-4.7167136170545705,1.9492618933171666
1785944476.33554,-3.614342930914491,1.0441104085347652
1785944476.3394663,-3.929890101261732,1.3482936129350422
1785944476.4896717,-4.492517180859969,0.43462729604137423
1785944476.702343,-4.848176123725532,0.2043121072374614
1785944476.9404378,-3.2853668345190696,0.7812579565670045
1785944477.1916733,-4.2295788582470095,0.8889132129296564
1785944477.4113843,-4.473126338187157,0.10736407620077326
1785944477.6490583,-4.166615691761787,0.35627495309189383
1785944477.9481394,-2.826335725282603,0.12147396181318382
1785944478.191802,-3.153717768489612,1.2015955485581056
1785944478.4579275,-5.172425602697254,0.831649490115852
1785944478.661162,-4.469465743718827,0.018700325923615257
1785944478.8569005,-3.2365562345201075,0.32847298013289605
1785944479.0622392,-3.4079856066734293,0.7010985808937015
1785944479.267379,-3.4343831579506556,1.4438754692841482
1785944479.4718258,-4.754434135873659,1.3541795694077334
1785944479.6750433,-4.240117798022076,1.635348236740709
1785944480.010927,-3.4249373422303044,0.4053211704363501
1785944480.2316658,-4.173841565763558,0.11439704685659235
1785944480.4387982,-4.94283326095661,1.3874358808892027
1785944480.651176,-5.195120469438719,1.1930012066402478
1785944480.953668,-4.421834811354531,0.4175067474694608
1785944481.3739548,-3.488409898744308,1.0056890501506972
1785944481.6888957,-6.148733373476116,-0.9043492961317074
1785944481.9766567,-5.1374864391981045,-0.5110512426729714
1785944482.198563,-4.470785629237756,0.27617064728197693
1785944482.4974751,-3.7127055144583254,0.932007175872251
1785944482.7188435,-4.266517293322653,1.5612182315215284
1785944482.9388463,-4.2119333549671705,1.1641620003868671
1785944483.1393561,-4.0187283114187915,2.59187726909949
1785944483.3417487,-3.8322865773860437,3.587398727381343
1785944483.541738,-4.319574096024012,0.689320363164337
1785944483.7416506,-4.365558498916848,0.9443456133403766
1785944483.9461899,-5.000243957269956,0.8556812860765082
1785944484.1459067,-2.817288498399541,1.7687940615143878
1785944484.3527803,-3.100687846616136,1.1281929168077045
1785944484.5669382,-5.486473837287003,0.23579304700439996
1785944484.771865,-2.936237587317062,-0.039096837486909175
1785944484.9817195,-3.434271805222808,0.5562463564517
1785944485.178275,-4.619593447729711,0.7664680069224237
1785944485.3802361,-4.118773087959494,1.1127619354249503
1785944485.5906847,-3.7462597199418175,1.220475194492141
1785944485.8259385,-4.400803261103566,1.8633178680904008
1785944486.0267785,-3.1641962173205695,0.3159399891413226
1785944487.5480661,-4.521750635481277,2.3112331683772664
1785944487.5514638,-5.351240206666327,1.3357381092304106
1785944487.5760522,-4.148045945264568,0.41813848586067426
1785944487.581322,-3.8665304261532065,2.156528309063725
1785944487.586048,-3.225728550323378,0.28322663897284295
1785944487.5930638,-3.9766451722501164,-0.35324829423133397
1785944487.6013772,-2.7177074068426053,0.7737759325773129
1785944487.6848962,-3.511699276702789,2.037886763065022
1785944487.8909876,-4.050056439142995,0.8619513392419538
1785944488.0905836,-4.822313664993886,0.3742429436743848
1785944488.2971792,-4.5100713283375145,0.9713169728047687
1785944488.5015886,-4.055507920140392,0.71799197513015
1785944488.873342,-4.757278993843817,0.08176536505920251
1785944489.123792,-4.477429892093468,1.6097121163568575
1785944489.3343785,-4.856832240777997,0.496321905803097
1785944489.588313,-3.9185001274656703,0.45520322566298677
1785944489.804851,-3.5691734506682966,1.4489129464112982
1785944490.0226283,-3.6029294436663166,1.301918307246881
1785944490.2430537,-4.651366006382595,-0.5924801389562574
1785944490.532182,-3.6192822782760357,0.16400707114003021
1785944490.731389,-4.780304827539516,0.7421474528254178
1785944490.9485412,-2.7477739963901127,0.999792444993735
1785944491.1686294,-4.310181454442235,0.07241111131916955
1785944491.4559276,-4.371692511974583,0.5920906835852293
1785944491.6816432,-5.468729672106574,1.2659066062728757
1785944491.9085677,-5.663814123062176,0.42334491579113864
1785944492.1336305,-3.767940500546782,0.6604641172509791
1785944492.4103713,-3.6348523063969034,0.40195055542749547
1785944492.6333387,-4.313347305271911,0.29595090012702485
1785944492.8868754,-4.534958271826506,1.4628062474905392
1785944493.1358955,-3.886517931696089,1.8241160683500346
1785944493.3123407,-4.685904350945145,0.6612002971304565
1785944493.5270095,-4.6134083879932035,0.601182413237692
1785944493.733456,-4.902258774209652,1.163565697966438
1785944493.9356015,-4.853561483030077,0.4737930642003685
1785944494.1336708,-5.0424948329088535,1.404251929986128
1785944494.3361766,-4.060976452005294,0.36130549116419897
1785944494.5389488,-5.1032137289724595,1.1230980739760597
1785944494.739101,-3.929495139922877,1.1769076636709865
1785944494.9398155,-2.872101934904098,1.8260585985352291
1785944495.1408305,-3.873648729476061,0.64661030499757
1785944495.343488,-4.424521256434007,2.3436372878314073
1785944495.5523293,-4.049919152550354,1.338222401577661
1785944495.7614765,-4.061094356337219,1.1866740977071952
1785944495.9641528,-3.914773445477245,1.0054344417981613
1785944496.1725888,-4.900657588351996,1.9600143338692784
1785944496.5158138,-3.5051961650244294,-0.4629663427609868
1785944496.841925,-4.174707599384824,1.3320435660624488
1785944497.1452649,-3.836841882237181,0.7977943244167882
1785944497.3582938,-5.192403392826914,0.016851918065748928
1785944499.2571604,-4.2378459927207,2.2809552692526514
1785944499.2623968,-3.999939884590083,0.7021052529331001
1785944499.2657104,-4.194221529975748,1.0975266808343747
1785944499.2693276,-4.403413992597487,0.33547369354114054
1785944499.2750385,-4.829596709619105,0.08641891242140487
1785944499.2775989,-3.9143302760227052,1.1164103283309792
1785944499.2827256,-5.100365902635083,1.1006143783350881
1785944499.284944,-4.967618743814108,1.7966626845234042
1785944499.3996758,-5.091588607263569,1.0098250267844648
1785944499.60822,-3.631589333785633,-0.12925812695764916
1785944499.8131838,-3.9590239405437853,1.1939597176676484
1785944500.02098,-2.7552318415653185,1.9898247764876342
1785944500.2339826,-3.6900912101751637,0.7977665069782045
1785944500.4610388,-4.22220607643438,1.3713002619820835
1785944500.7473028,-5.720673596568216,0.23652301673577436
1785944500.9589038,-2.5041840576292684,1.3965632317456147
1785944501.1556933,-4.94101985386871,2.4469702278604837
1785944501.3677077,-4.194394394055304,0.47209567502213146
1785944501.5910172,-4.813113043047878,1.54595288898381
1785944501.9440184,-4.110759068404203,0.9349376993007563
1785944502.1598442,-4.47077813113239,0.1693845149751675
1785944502.3660088,-3.7066486721812377,1.1937804153059257
1785944502.5704942,-4.300967228269238,0.8939216666669434
1785944502.8223174,-4.464545204596873,0.9509749028151668
1785944503.0626235,-5.602212847799168,2.836316532603102
1785944503.2819653,-3.5676154587295414,1.2271770915812787
1785944503.5059502,-4.53740258443437,0.5069354936274366
1785944503.719668,-4.191671524957214,1.460957282832302
1785944503.9284048,-5.457936936802972,0.1668208578375172
1785944504.1423023,-3.1885055665381965,1.3699169139021607
1785944504.4218016,-4.121453880715245,0.716212901441337
1785944504.6363163,-3.0882843733025163,-0.9997059279970639
1785944504.8427577,-3.229906334918621,0.2298099809914952
1785944505.0527744,-3.8796034922434623,-0.03873274435795693
1785944505.2707112,-3.4090451087745857,0.9477876383288621
1785944505.4737484,-2.846423389052539,0.6891755809461151
1785944505.6932385,-4.616886042633506,1.8975403912320818
1785944505.8902173,-5.789744982746572,0.9935977577336893
1785944506.0918837,-4.464402941912337,1.8074024339010077
1785944506.2954698,-5.096762451776964,1.6716303534150705
1785944506.5053322,-4.566486812578424,1.1441878985222147
1785944506.7268617,-5.689978084361931,2.0339412902575438
1785944506.9242465,-3.6025242452584068,1.4939283674329398
1785944507.1304467,-2.7722425771016184,1.5254331286291043
1785944507.3292513,-3.876653862217566,-0.0517011652173891
1785944507.529646,-3.940027237817964,1.4568183856919112
1785944507.7353995,-4.474882181906944,1.1500311877298963
1785944507.9361084,-3.495976281633124,0.6755312617469249
1785944508.1342409,-4.1292213509834506,0.8653306142225963
1785944508.3420782,-4.382372510981906,1.558539275570273
1785944508.5415108,-3.7037370143553594,0.8825790437802284
1785944508.7446208,-4.533984526083964,2.483635772129399
1785944508.9440882,-5.720370574072581,2.1558425186706045
1785944509.145189,-2.9409451862001026,1.6117269341411828
1785944510.5191607,-3.0285609374335216,0.6288623588134121
1785944510.5230467,-4.162688725855121,0.6929176054936648
1785944510.5244687,-3.12363495242451,1.218120340629051
1785944510.527886,-3.2279670569718606,1.5564928727396108
1785944510.5311542,-4.015570559673576,1.500183252384242
1785944510.5342863,-2.780303161377917,-0.41765450348435706
1785944510.594945,-4.952707431204696,0.4269143395065188
1785944510.7943363,-5.103194575466725,0.06573730934840061
1785944510.9953454,-3.9623898802888062,0.42116330250370704
1785944511.1973703,-4.204277114358314,2.3874833950357903
1785944511.4039152,-3.0959016766509198,2.240862272163919
1785944511.604749,-2.8690040740984717,0.2731919988275304
1785944511.9060104,-4.239055765411249,0.7527398714438776
1785944512.106213,-5.482173866440107,-0.3513864765588599
1785944512.3054428,-2.260026346585478,0.9952718290806687
1785944512.51213,-3.2761558799377855,1.7060409056646149
1785944512.7158647,-3.8118851841364654,0.9320102614744515
1785944512.9290655,-4.152270335799483,0.7660678187719419
1785944513.133822,-4.735192010706255,1.0254702973156733
1785944513.3791087,-5.316636258639307,-0.04871626576675614
1785944513.5532253,-3.2461123318393352,0.5684292597433888
1785944513.7673829,-5.6048427396387135,0.8571230384612964
1785944513.9777,-3.8233950515086166,0.9938592659585557
1785944514.1941113,-4.1907069902788185,1.7031598859691592
1785944514.4183276,-4.654903406740892,2.488249677224485
1785944514.6302185,-3.305557639194208,2.089119205247848
1785944514.8728445,-3.62736819042805,1.0604765455466445
1785944515.0865147,-3.6706667622537488,-1.0304209845785537
1785944515.3122168,-4.995714772466145,1.0701344208165067
1785944515.6158495,-3.6970515993235957,0.05886583287920377
1785944515.8706656,-4.713403715863451,0.06528868739350424
1785944516.0928855,-5.1428704617575365,1.0432527891955719
1785944516.292687,-4.286394709177522,1.1013166585977003
1785944516.65309,-4.780363944632079,2.6943724128616826
1785944516.8758187,-4.442177321832517,0.7484034724269163
1785944517.0774474,-4.316530969447973,0.7585996377211508
1785944517.2788556,-4.916188876814328,1.2492682013968912
1785944517.486693,-3.414587354247108,0.8366103372916147
1785944517.6996887,-4.966253445521723,1.4331716746250407
1785944517.916326,-3.2932642481188275,1.57826846144572
1785944518.11945,-4.657386741979366,-1.2187776511330635
1785944518.3353853,-4.42005672779521,1.0305723762248409
1785944518.7001197,-3.5617830847658727,0.9660843217612316
1785944518.9060657,-4.623147251386861,-0.64293027614963
1785944519.1169446,-1.9203867967503476,2.305592534567774
1785944519.3212671,-4.891906043151567,1.1470409592124122
1785944519.5298402,-3.628661779481742,0.7512706882764364
1785944519.7790666,-2.429264259703782,-0.05392134944713067
1785944520.0048988,-2.599340195220842,2.6735109598598426
1785944520.238061,-4.311126534879014,0.3385947921535497
1785944520.4518363,-3.003309514750577,1.7695824326205567
1785944522.2878778,-4.538104081991355,1.6704649460736893
1785944522.291251,-3.075052926860513,-0.19482644844125496
1785944522.293954,-4.668474095008101,0.02446315942931454
1785944522.2965727,-5.329815281172006,0.9756589214762302
1785944522.2990818,-5.010733758467349,2.324676973092926
1785944522.3022418,-5.177076306501653,1.8680822882377488
1785944522.3056092,-4.296532321696596,1.9844617898019346
1785944522.3082194,-3.3124101214824986,1.9304757726510369
1785944522.499477,-4.003770150247577,1.5946960927948912
1785944522.7009275,-4.099800950252628,1.5830924155044852
1785944522.9173703,-4.9374932587920215,1.3023641681220577
1785944523.1140723,-4.132052790648675,1.8146657229369556
1785944523.31503,-5.845829992782897,1.011213615505614
1785944523.5188577,-3.5692829041748184,0.7793063816591592
1785944523.7191288,-4.811463462307812,1.762650475070427
1785944523.9281867,-2.9882110061321647,-0.06956727171219246
1785944524.1321528,-2.52913266496233,1.021381466106066
1785944524.343477,-4.796534759547702,1.650193053949184
1785944524.545708,-4.751086371140829,0.9266984106887569
1785944524.747853,-4.38594242301749,0.5882940605980609
1785944524.969507,-5.982130922424885,-0.4191449417750659
1785944525.174003,-4.4416106810399905,1.1242344454345217
1785944525.3847113,-4.600412224933415,-0.11128911301819033
1785944525.657646,-4.47645100612784,0.5036647352187406
1785944525.9211135,-4.736843850251322,1.918979426922303
1785944526.121628,-4.381986690830684,1.4059475979234448
1785944526.3432648,-4.504147479621919,2.034420023771541
1785944526.5264907,-4.626024682469651,0.4819178107697646
1785944526.7254395,-2.5995435458999667,2.3885730996661643
1785944526.9394097,-4.469538143376745,1.9631439087618903
1785944527.144686,-4.52686902028829,1.776759649483691
1785944527.3476963,-2.9286160542584287,1.1312270717431407
1785944527.5528972,-6.229009897461577,1.2215416439128177
1785944527.7585275,-2.512370547473658,0.5525523749265222
1785944527.9684918,-4.027577753936037,0.16877803159517502
1785944528.1668916,-4.586645821322896,0.45390889865510087
1785944528.3704882,-3.7848680988800654,1.3329829197659129
1785944528.5719528,-3.6998050474255875,0.21494865576842104
1785944528.782304,-3.977762362345937,1.3601347435584885
1785944529.009212,-5.21607149784375,2.7767823325208374
1785944529.2049274,-3.08047193408209,1.348286777515527
1785944529.4316084,-4.230048000182423,1.467074233791867
1785944529.633426,-3.5475173068742327,-0.13919428006367118
1785944529.8368263,-4.137498965516452,1.5938261121933108
1785944530.0822935,-3.5254942607691375,2.2016246527055996
1785944530.2787976,-4.229784161738146,1.8582095126766398
1785944530.4802592,-4.409560851834236,1.316448796252968
1785944530.684448,-4.521509724910258,2.061448756129372
1785944530.8912485,-4.53972204547555,0.6183779538318606
1785944531.1033306,-4.600849575226385,1.6774385585221436
1785944531.3011036,-5.533885186077622,0.44060980389811955
1785944531.5119588,-4.979791644320688,2.216662176930299
1785944531.7113438,-5.410785139329495,-0.3034152020535712
1785944531.9290888,-5.063017050599274,0.9027289910094104
1785944532.1258473,-4.408444138631576,1.5805630181819925
1785944533.7800803,-5.0751930420000875,1.7964972606700893
1785944533.808128,-5.926137433505572,1.378828907771513
1785944533.8279786,-3.7979572532373576,1.2556683654473728
1785944533.83643,-3.9499190348995383,0.6236364141705353
1785944533.8428414,-2.883136371753099,1.0178224263386402
1785944533.8507643,-4.67564770908014,1.3873004814401564
1785944533.8563054,-5.10512212216744,0.8382466139606943
1785944533.8609726,-3.647235924079046,1.3383719778679624
1785944534.0296926,-3.1592102853452966,0.564156226626155
1785944534.2300415,-4.730744185972145,0.4643232512727291
1785944534.4361012,-2.8269398785390356,0.816908952046557
1785944534.63541,-4.636328988589718,-0.47109932320160786
1785944534.8400233,-2.891051705600031,0.6681662016609615
1785944535.0531085,-4.6275297687144565,2.5969174726307833
1785944535.2551215,-3.0445318721547654,2.124482613698918
1785944535.4593158,-3.2529334438074033,1.2306295286169897
1785944535.659926,-5.809377872115022,0.8704322943874399
1785944535.8594544,-4.343451354468403,0.008376923648519607
1785944536.0706336,-4.551471691231462,0.30549989372000874
1785944536.275607,-2.935631074921356,0.028681576902826134
1785944536.600095,-4.319136978001726,1.4344279636824102
1785944536.9109337,-3.961199029995002,0.9957422294575273
1785944537.1322598,-4.954311819823643,0.9046311964603532
1785944537.331176,-4.616159110928453,-0.5869143837272301
1785944537.5294871,-3.8482348610390127,0.19519150000404872
1785944537.7316983,-4.797661476814309,0.06783063255623656
1785944537.9637983,-4.629520818942483,1.656109026562507
1785944538.1642425,-5.23948416901384,0.9524283887575222
1785944538.369291,-4.705304299594099,1.2259753895336416
1785944538.5700347,-4.044942374722621,0.3287925974931658
1785944538.7696576,-4.367792181022831,-0.2015533176765858
1785944538.9707844,-4.1867286523607845,-0.30021165087244595
1785944539.1757226,-3.1112784263082816,2.469138519418421
1785944539.3738298,-4.348924336606277,-0.3155211259384956
1785944539.5740142,-5.17948435350143,0.11009403766673098
1785944539.7744439,-4.1890873180125805,-0.07961974975580066
1785944539.973622,-5.068307471544834,0.9505238596281219
1785944540.205862,-4.6591754523469024,1.271309392328423
1785944540.4201467,-5.210437914601045,0.48185506866547745
1785944540.6256156,-4.250955143460786,0.8431158668887065
1785944540.834907,-4.924419874476261,1.7905953803414199
1785944541.0468335,-3.515825205812506,1.1190329259646767
1785944541.26044,-3.631000732371458,1.4904920415263851
1785944541.4732203,-3.5275316055123938,0.7737998478411066
1785944541.672099,-3.810258508330327,1.1747413448725719
1785944541.8796568,-4.367434700003136,1.2840622309512
1785944542.083551,-3.0562774060382916,0.26068533699091057
1785944542.2785878,-3.3179118871565394,0.004754170393977519
1785944542.4794443,-3.855208749326591,1.10963162567865
1785944542.6809907,-2.9254455055175663,1.0031822457760733
1785944542.8892124,-4.722485918506957,0.26863758987086417
1785944543.0968256,-4.640609887755142,1.5427428856575371
1785944543.3909788,-4.407672930721762,0.5777631243964572
1785944543.615882,-3.570025290919257,1.0044861769409774
1785944545.2006745,-3.6482615879180362,2.6071963862262235
1785944545.2275593,-5.0744055868939615,0.40375122466832525
1785944545.233915,-4.255923495904237,1.1806606988271309
1785944545.2404578,-4.198873532249655,2.083546284041402
1785944545.2473595,-4.556607306143506,0.7594565823205073
1785944545.2528417,-2.2147873987721267,-1.0180930330070435
1785944545.2595417,-6.373065461788917,2.2765596776416297
1785944545.261669,-4.995431756067926,1.2796086688154271
1785944545.438136,-4.455936650030422,-0.06435727489292398
1785944545.6453795,-4.12668327687068,0.030624392517473842
1785944545.8447382,-3.839684216393839,0.954235318579084
1785944546.0451555,-5.208376681596615,1.047638881771101
1785944546.2491395,-3.592856262366243,2.1671589958379016
1785944546.454089,-4.210405843380202,1.4715036250481992
1785944546.6512008,-4.762232435200052,0.4284811638415861
1785944546.8502252,-4.238073994036594,1.6096540387620513
1785944547.0519776,-5.826608389308533,1.5994166432454868
1785944547.254185,-5.0835712075316675,2.0622913061342545
1785944547.4559326,-4.488624529002932,1.777708881995136
1785944547.648864,-4.000597489697166,1.0218711441315729
1785944547.8509061,-4.5017847104532756,0.39405908137729473
1785944548.0537376,-5.028457157020381,1.140754310758467
1785944548.2759593,-6.459556696528818,1.0799627633240765
1785944548.491343,-3.0271354873174348,1.4054079729299866
1785944548.7225478,-3.8342070112019653,2.2602763352089887
1785944548.9145296,-3.6556681642144975,1.5885855100131807
1785944549.1424415,-3.9240455396132052,1.7883227923809504
1785944549.567995,-4.300913028347134,1.749417682097211
1785944549.8208525,-3.774623778920444,0.3403923563333704
1785944550.1409605,-3.775975946767849,2.361767148514515
1785944550.3542674,-3.482959534404355,0.8823468697987616
1785944550.593921,-4.37924092951943,1.0258391135015446
1785944550.8403542,-5.89430628138749,0.4757263669929819
1785944551.110295,-5.2204637102249745,2.0273560794473435
1785944551.3316262,-3.7870002086306656,1.6668142486910607
1785944551.5763295,-4.312950539932419,1.3432458887704177
1785944551.9268377,-4.662931676108513,1.014325792338055
1785944552.2072783,-5.886343539821823,1.1366302424623835
1785944552.4552965,-3.8367119762907005,2.3372365802342925
1785944552.723551,-3.196627866556935,-0.11878856214108335
1785944553.0024128,-5.541925235363014,1.6797550293462327
1785944553.2105827,-4.414259424792041,1.3118062997750217
1785944553.4367728,-3.5540336914868798,-0.17520060819152894
1785944553.6603673,-5.495181754208806,2.3024670818578636
1785944553.8896234,-4.187933472344843,1.8653558161283925
1785944554.078821,-4.700601375315564,1.4270280090081076
1785944554.2830753,-4.766790831906499,1.141858749342326
1785944554.4989886,-3.3598748476618088,1.0539406095080393
1785944554.7044418,-4.4793031715093825,1.4933292217792022
1785944554.964225,-4.937905697530559,-0.5351629593136067
1785944557.3874679,-3.6498072041305547,1.859073340382119
1785944557.4132352,-3.5444861772542375,2.1006271168922828
1785944557.4385836,-4.3411985422278,2.62528751717512
1785944557.4430156,-4.081527049972128,1.2869174311716443
1785944557.448603,-3.772908134403094,1.2019618080301437
1785944557.454473,-4.465326771566082,0.16759684897798643
1785944557.4612675,-4.011022279270075,2.507584222132537
1785944557.4637887,-3.7921956496456293,1.8802913165210184
1785944557.4652712,-5.561102905588781,1.7291347809023125
1785944557.4802744,-3.919148204060184,0.9636075227004939
1785944557.6917632,-3.9153160929243094,0.4375681302965241
1785944557.9281132,-4.280858842985462,-0.044008654395929936
1785944558.1165655,-3.4845739029826825,3.069976883718688
1785944558.3291502,-3.7735834278626497,1.6534578596528604
1785944558.6312318,-5.680340725491411,2.3759094623857973
1785944558.830664,-5.269350933546516,2.3278790808669445
1785944559.032786,-3.8715491102976185,1.26382142009495
1785944559.2343106,-2.411005490023511,2.0804306854463364
1785944559.442246,-5.6286349398442574,1.6222808717803738
1785944559.6430037,-3.3950361021980937,1.1874121860895044
1785944559.8416429,-2.8749336520975746,0.9378952289082005
1785944560.040753,-4.865293119821942,1.339401181719538
1785944560.2412622,-3.279333892194069,1.015209161771941
1785944560.4391515,-4.861422496814953,0.9186096724689837
1785944560.6465058,-4.562836030067014,1.2881580120964693
1785944560.8544104,-2.156657689470784,1.4736281998530585
1785944561.055157,-4.448676413071039,2.8423817312288304
1785944561.2609334,-4.498532293811044,0.9561162437908645
1785944561.5677993,-6.177354500364166,-0.07809390992947951
1785944561.7882524,-4.105995586583117,1.6461682917619824
1785944561.9857414,-6.023656686982384,2.147153874465592
1785944562.1936474,-3.8459066653735046,-0.015321546804949016
1785944562.418043,-3.0263708341713036,1.7341327296259963
1785944562.616955,-5.714692607360759,0.5954931188538015
1785944562.8158472,-4.5788585834718205,1.6978111956925956
1785944563.0208404,-4.04274672018856,-0.020993736249716566
1785944563.230827,-2.836551016250069,1.4259205119960527
1785944563.4292274,-3.884760156269519,1.5222532613121955
1785944563.63185,-4.031384719412065,0.775923351747948
1785944563.8293314,-4.088160252343036,0.47728957758739887
1785944564.0301416,-4.899197751822341,0.7846706579205215
1785944564.2339451,-5.026013512755466,0.07846486218445037
1785944564.4380035,-3.5605869526329306,1.132004656074553
1785944564.6349678,-3.7626758941070833,1.2418083755661486
1785944564.835191,-4.540277392667999,0.8148649018343905
1785944565.0397146,-5.379484904877222,1.0741427734080247
1785944565.2644408,-5.5666151785193385,1.8554819757023027
1785944565.4502265,-4.020806005108949,-0.08948008423501386
1785944565.6573753,-3.16957255711933,0.7111536493129473
1785944565.8568952,-4.325289905698915,1.8353072007856097
1785944566.0571778,-4.254386265020623,0.8365689594556853
1785944566.2840116,-4.99187487048573,-0.12208579910622741
1785944566.4751575,-4.00590033297267,0.3037208217140265
1785944566.6737697,-4.245587829046436,1.6834891061979418
1785944566.8728418,-3.0804133696604667,0.4545573968279105
1785944567.0740283,-4.93130046217832,0.9623930978559704
1785944567.2776327,-4.6233250312214444,1.6001217771671126
1785944568.7034163,-5.277861279949444,1.4536806676006049
1785944568.7218585,-3.0250811925121948,1.1548744029804876
1785944568.7403913,-3.9394770481705055,-0.7779139060423805
1785944568.745444,-4.554514977599517,0.9007423349670713
1785944568.7508423,-4.360067196971558,0.41823500972506156
1785944568.754762,-3.713728023950403,0.22177474273748976
1785944568.7576735,-4.544059021129363,1.3660446281578653
1785944568.8861837,-4.552533937843735,2.90589064221899
1785944569.0844119,-3.6188172041282396,1.1018999470141408
1785944569.286894,-5.555438249050693,1.0159815909601262
1785944569.486319,-3.786629579094266,0.98554589138161
1785944569.6839688,-3.6746939291453597,0.34215124756716
1785944569.8860812,-4.977085484014436,0.6775943474858184
1785944570.0844638,-3.7667647812904264,2.1077797587126406
1785944570.2900472,-3.1523341034218335,2.059426881176366
1785944570.48982,-3.856779672027743,1.4344557814042664
1785944570.7001925,-4.1405513498289475,2.170218093125286
1785944570.8924472,-5.025268345099397,0.5666823818912395
1785944571.1081061,-3.2679321996988278,0.4616092687034842
1785944571.304585,-5.18993829213594,1.8507693552024116
1785944571.5046136,-4.9587840959851475,0.8691585945319089
1785944571.7387598,-5.163908480166024,2.3056761537037938
1785944571.9290452,-3.8032177563844565,-0.13931612764976586
1785944572.210631,-5.395375974824918,1.319043749544159
1785944572.4461238,-4.498679443151132,1.2146190249787545
1785944572.6483934,-4.684941213669169,0.6835546158571375
1785944572.8505347,-4.93252946958448,0.42661979229984115
1785944573.0607398,-3.5590268269454297,1.3220956031469346
1785944573.2594168,-2.9763264282923476,1.0088353201928977
1785944573.4608104,-4.83220710755799,0.8650347324737983
1785944573.66092,-4.25731464795968,2.3642624153880396
1785944573.930284,-2.6432144531562822,1.8468475592222933
1785944574.1313043,-5.827355660913938,1.5207997302134393
1785944574.335022,-3.3080861943531055,1.6446397594275666
1785944574.5533562,-3.4551378509495523,0.9278578249381702
1785944574.7578428,-3.086983374069699,0.4704701220726747
1785944574.9533918,-4.63353733001319,1.5276752282259956
1785944575.1536875,-3.660286838773242,0.8630389086423271
1785944575.3613927,-3.966703325923572,1.8396603792781598
1785944575.559462,-4.652856280595946,1.3090000570707545
1785944575.7595656,-4.1115192229285125,1.7055343951310835
1785944575.961741,-5.827583635620593,0.583220394434292
1785944576.160971,-3.484307791196404,1.018030555583021
1785944576.3643756,-5.188437241563304,-0.18164268759121094
1785944576.558565,-4.354639825260315,1.2066434620806659
1785944576.8746824,-3.709465681919961,1.5723012809251287
1785944577.0945733,-5.426243686907285,2.2809530246294134
1785944577.2944944,-5.094159017739522,1.6238316199238538
1785944577.5013459,-3.0923763408390315,1.4995030273691343
1785944577.707976,-3.7982990631211706,1.8259043905399057
1785944577.9047108,-3.6973248908011738,1.345677523551203
1785944578.1108854,-4.461650870109359,0.44711485815969154
1785944578.3206503,-3.901696128816237,1.0312802630241151
1785944578.5215926,-4.245801324479275,1.2155487688370674
1785944580.1083357,-4.01717440867249,1.9974827093962941
1785944580.1318552,-3.9463898193553537,1.1003241476417884
1785944580.134625,-4.027736975473355,1.3627122741387128
1785944580.1374977,-3.602138568052268,1.3454916501195162
1785944580.140436,-3.3752514611786597,1.735198357753195
1785944580.1420453,-3.615402034121229,2.2602583635555207
1785944580.1434166,-4.577541010287314,1.1881018045933127
1785944580.1446102,-4.848735484537576,2.0945875372886658
1785944580.3338447,-4.160382471962231,1.023180239651244
1785944580.5354493,-4.120856112263202,1.4254008345435238
1785944580.7332942,-4.156968258623215,1.299045839373761
1785944580.9365683,-4.471041214926376,1.391587736787545
1785944581.1400766,-3.4376970555215602,2.0835608111575414
1785944581.345716,-5.265096589941895,1.2681751875723937
1785944581.5399969,-3.6459893046701746,1.5781536113835963
1785944581.7386582,-4.239736507849287,2.5497588473135036
1785944581.9395714,-4.079922898764037,0.3468303743506327
1785944582.1459484,-5.36685279839444,1.7243290080165552
1785944582.3470712,-4.032097401999704,1.2638195490177448
1785944582.5471568,-3.1791993737907145,-0.5533385407047773
1785944582.7452748,-3.941193660131117,0.5112561867340482
1785944582.9463644,-3.3533867262867556,0.8461359743591385
1785944583.1480947,-4.732423404401629,-0.5545928131821349
1785944583.431911,-5.456810633289725,1.1219919012483328
1785944583.632201,-4.708375700231838,0.9208574066853459
1785944583.8377163,-4.650258657228055,1.677742585800965
1785944584.0534308,-3.26816970936392,1.8494204048557255
1785944584.3144236,-4.5323133644164555,1.4431542567677567
1785944584.5580664,-4.55550494380858,1.0903240993836223
1785944584.9090219,-3.824295884351548,0.9873803599532799
1785944585.393061,-3.6450232132100986,2.225381647489535
1785944585.8161242,-3.8101695079502584,0.10853029837360118
1785944586.009152,-3.9225523856299613,0.6776358654174867
1785944586.2086303,-3.5949357807025653,1.0475596573772559
1785944586.409051,-3.975604419915041,1.185164617990708
1785944586.6138535,-3.7972728417890522,0.9203166597365506
1785944586.813365,-3.088354274963118,1.719597634156756
1785944587.0148356,-5.141211711605395,1.6694295330716462
1785944587.2136705,-3.6761644668411915,1.8542766019091919
1785944587.4153492,-4.483312175090522,1.2761353920358982
1785944587.613842,-3.4494428367474237,1.2660924664589224
1785944587.8131104,-4.85226851723802,0.23157603474765465
1785944588.0138352,-3.408031360340135,1.5269244707282195
1785944588.2169764,-4.131522128573822,-0.8498850717078361
1785944588.4140382,-4.897546789559986,0.6342320775749203
1785944588.614807,-3.6689301823500586,1.7160821300736577
1785944588.8142605,-4.453349147392855,0.01088666753758516
1785944589.015215,-4.355333625310036,0.6485659853177701
1785944589.220708,-3.4182086412604438,1.1165899859568833
1785944589.421191,-4.027049460480622,1.157255621493464
1785944589.6249416,-3.5844886891908443,-0.2828996048864594
1785944589.8281448,-4.585538656794753,1.13805657717171
1785944590.0273738,-4.898919615788846,0.84185445691183
1785944591.575312,-4.714672931658241,1.381872143130126
1785944591.6006145,-4.5530085033817835,0.8960626759011786
1785944591.6055925,-2.7216438523438713,1.729008651937483
1785944591.6110458,-3.1906748174512947,0.8694256330661427
1785944591.6181867,-5.009170278558972,0.5917896662253685
1785944591.6244936,-4.814017970174359,0.65030964389943
1785944591.6291358,-2.8002445276912806,0.015642794956120865
1785944591.671666,-4.484829742089654,2.301865183703255
1785944591.8688536,-4.805878811575735,-0.3579898632904157
1785944592.0707011,-3.812101404597084,1.5343450331612647
1785944592.2683215,-5.217964600613609,1.5253807048205894
1785944592.4702427,-5.220643473336322,2.00890578944117
1785944592.7542286,-3.000002112931583,0.36990949071938306
1785944592.9539242,-5.244695682299554,0.774230657196602
1785944593.223448,-4.441247262183967,1.1055484415154004
1785944593.4208527,-4.070508496297625,1.7674066326425393
1785944593.6203616,-4.146097657728628,1.2579577180741686
1785944593.8211803,-4.824477542146138,1.6685159344632297
1785944594.0200243,-2.7550811035268596,1.9907975195592877
1785944594.2212129,-3.202837760321738,0.33634067022669356
1785944594.4203842,-5.32298764193781,0.9129770350763671
1785944594.6225936,-4.084339263883,1.2552849311862575
1785944594.821725,-4.7962115337396884,0.4981698256824314
1785944595.0208426,-4.746300346673989,1.090064120544
1785944595.2211947,-2.6926164045045153,2.230591138796406
1785944595.4214125,-4.053989650452364,0.4090694984887955
1785944595.6203558,-3.452161932485474,2.316358048899928
1785944595.8205938,-3.774798389607313,1.7617194259400262
1785944596.0187986,-4.871380443922119,1.294409123285858
1785944596.2185876,-4.534239271369912,0.7968288095277265
1785944596.4196236,-3.70543730074509,1.3278360342074647
1785944596.6209927,-3.086032849817009,2.591912639625715
1785944596.87847,-2.840175785809893,0.6354046114159445
1785944597.1328683,-3.6732034718027213,1.6643958506812724
1785944597.3341908,-4.39664386007485,1.1980625867736219
1785944597.5349734,-3.997371541001228,1.7311351107881507
1785944597.7338908,-3.512050827490178,0.8241232555296151
1785944597.965422,-2.590350770186161,1.5312308756279203
1785944598.1653037,-3.7111512741721224,1.198442928869305
1785944598.3651488,-3.645556163860612,0.7105391664186291
1785944598.5653865,-3.210346830600128,1.5022865366736702
1785944598.7685084,-4.2889666641205935,1.9233976012270169
1785944598.964079,-3.198634310078181,1.6543584719102264
1785944599.164422,-3.825533705961597,-0.9577137251176302
1785944599.3665519,-4.826642241940463,1.5004667571193295
1785944599.5667212,-4.882705813557218,1.382367166602132
1785944599.7669492,-4.565378183538635,1.954968057089029
1785944599.9652278,-4.333736880719001,-0.047836802907573306
1785944600.165639,-2.0879260116531215,0.7617076345835563
1785944600.3635125,-4.688480282914567,2.3655062510948683
1785944600.5640883,-4.480093406893197,2.136720270529644
1785944600.7640326,-4.345323060051433,1.4857839766012306
1785944600.966045,-4.6766300669844245,1.6345182117661183
1785944601.1665356,-5.088575835415137,1.4860738389684907
1785944601.3684726,-3.246648909242519,2.165195198386425
1785944601.564393,-5.538690360542704,-0.5020502144980652
1785944603.306895,-4.051267101374883,0.12393236385984285
1785944603.3507094,-4.432679258893383,2.631392905079357
1785944603.3574996,-4.395280164214108,1.8480362821336485
1785944603.3620758,-4.400070990523302,0.3030967533129547
1785944603.367701,-4.2707085753492375,1.1648611782426257
1785944603.373519,-3.544066560151945,1.029150074017618
1785944603.3753345,-4.107809543500803,1.8640614686457244
1785944603.377054,-4.225449029771211,1.5218808672204787
1785944603.517843,-3.810643797363399,1.5571431933253674
1785944603.7188265,-4.091682982749134,1.0470311937760002
1785944603.919762,-3.781564465824802,2.3576509100177914
1785944604.1191154,-3.739524893457295,1.4428747220299483
1785944604.3185382,-3.0658502181062897,1.53577584984569
1785944604.5206745,-5.304822790593146,1.8971209101997535
1785944604.7184727,-4.766968084091155,0.14075051327615862
1785944604.9192367,-4.032584348899974,2.2479451372090757
1785944605.1197808,-3.30902154887367,0.6811294033580719
1785944605.320004,-4.694983903365642,2.3134548176737217
1785944605.5198264,-4.069900220509652,0.6998816654214532
1785944605.7240183,-4.198484084080731,1.9983555322303903
1785944605.9252574,-4.7639714387369265,1.8233082301245762
1785944606.1239376,-3.2120268403714296,-0.13580524453229592
1785944606.3242376,-4.586125781020767,-0.013860916330819428
1785944606.5247226,-4.07241361125393,2.307653064723808
1785944606.7228606,-3.3851675010932785,2.1223110991271454
1785944606.929754,-2.954584992077863,2.4195899313629265
1785944607.1294534,-3.712190270817153,1.598162184880557
1785944607.3314402,-3.9297927458541264,1.4700599879677911
1785944607.5584948,-3.776676128495931,3.8050619847422973
1785944607.7673144,-3.6233987647770887,1.4425603345220115
1785944607.963225,-4.633269851074834,1.277006871893207
1785944608.1647773,-3.879989799232359,1.265975814070506
1785944608.4166281,-4.890184092125588,0.6121169497710964
1785944608.6635928,-3.6458169840652603,0.4071071337290786
1785944608.8653243,-5.007671375664945,0.5600720815625209
1785944609.0974202,-4.4035414723670785,0.9374219564759623
1785944609.3287413,-5.133252136401609,1.9199884266706473
1785944609.5548527,-3.485141267029878,0.5506237234126712
1785944609.7658978,-4.697541107504496,2.5929291542988606
1785944609.9764876,-4.626552609858631,2.550303792791364
1785944610.1750386,-4.3606104146834594,1.452928569972004
1785944610.3785076,-4.141580008410635,1.9253216290984887
1785944610.5926697,-4.648305764035479,2.5178451582022854
1785944610.8423908,-3.768815200153361,0.1528761579790079
1785944611.0391161,-5.0971000045310255,2.0160780464410277
1785944611.2395205,-3.428377679752341,-0.3758735578159156
1785944611.4407575,-3.3949915726398316,-0.08762530388832901
1785944611.6421154,-3.6136997008940894,2.0699182716031013
1785944611.8399518,-4.083620795477881,1.029304518033482
1785944612.0548909,-4.23197682803512,0.9905897576517619
1785944612.2647772,-3.1163392390758564,2.251183263711728
1785944612.4648438,-2.0870118842793306,0.3024205962044936
1785944612.6657777,-3.9224745015012545,0.7763999940066524
1785944612.8659093,-2.5488881706045916,1.2352524467725516
1785944613.063677,-4.408150529398166,0.06875859302933951
1785944613.2705593,-2.94861653841335,1.5898363443313643
1785944614.9002423,-4.0650288033707005,1.7062792033112395
1785944614.9155426,-4.899101826714977,0.3126851966370552
1785944614.9306383,-2.9839544115186047,1.905648049451122
1785944614.93582,-4.7343330147355225,2.949621664502448
1785944614.940366,-3.9095086113620905,1.1200772073195393
1785944614.943149,-2.933812372880084,2.5340269268159696
1785944614.946749,-4.396949118745654,0.9312848250236442
1785944614.9492016,-2.7969999762637254,1.033699480790454
1785944615.1004374,-4.366537891155009,2.0782572104237707
1785944615.3020673,-3.9623658620863194,1.266809750936293
1785944615.5003705,-4.21895032113437,2.2452429914126593
1785944615.7001681,-4.155208000010222,1.3046045625367277
1785944615.9004729,-5.358065083847494,1.9455468554120054
1785944616.196854,-4.9103818901172565,1.2129682366956596
1785944616.394924,-4.330880305416339,1.3597282431852955
1785944616.5943732,-2.985199049775138,1.3245664767408312
1785944616.7953882,-3.440990724343621,1.1692563920489043
1785944616.9935303,-3.184175166114798,0.6979584384745949
1785944617.1942654,-4.285328732450934,0.9917277673030052
1785944617.3940241,-4.696520022395149,1.648334385735036
1785944617.5956008,-3.589062179814349,0.5920771995267673
1785944617.7942638,-4.567912399603004,1.5510893425352315
1785944618.0023592,-3.4254622847467076,0.9869960575076399
1785944618.251702,-4.058321235873931,2.037651867239911
1785944618.4531097,-5.102015240905075,1.0408501329980049
1785944618.6556656,-4.403499388674088,1.072795262058573
1785944618.8544471,-3.7491666938086086,1.0080996756901053
1785944619.053962,-3.3896257158922976,1.1227330074821213
1785944619.2634816,-3.757391019986327,1.1838178764770735
1785944619.4598405,-3.361532646852075,1.566468552546292
1785944619.659284,-3.4047098933712148,2.1556576812502213
1785944619.8666074,-4.718908417266922,1.1879091613277444
1785944620.1582882,-3.680546956431278,1.9402185779676444
1785944620.3604977,-2.4950027027079456,1.7717894755791321
1785944620.5589292,-4.104948005396674,0.5257754088011377
1785944620.7586448,-3.9010857446068914,1.1297819633078248
1785944620.9618871,-3.533201916562011,0.8688783611372831
1785944621.165401,-4.2273042258127305,1.5416529689691911
1785944621.36663,-3.280438755569123,-0.10891831453324508
1785944621.5650434,-3.0578822485691957,1.0321999758103002
1785944621.7654371,-5.001701482425488,0.006499023625873512
1785944621.965712,-3.3392691933938305,1.9463357968628086
1785944622.17033,-5.018397394333862,1.3659032837570757
1785944622.3781574,-3.78460179933272,1.0482777658544282
1785944622.5704107,-5.066905499499481,1.3110698972752175
1785944622.7709615,-3.4938200273428155,1.4734870769462505
1785944622.9703357,-3.254081459807135,1.309839798478743
1785944623.1706548,-3.223263143498301,1.9492315587364528
1785944623.3716698,-4.59868551603347,1.4422644126078243
1785944623.5753906,-4.040340618959718,0.05650956583366673
1785944623.7732542,-5.483500507230833,0.4116237144962297
1785944623.9753892,-3.4020810717451964,1.4071467926223642
1785944624.1747785,-3.4641931617637542,1.9736969480250584
1785944624.3758082,-2.883835434154597,0.6916359943006761
1785944624.5766034,-3.9821036372146246,1.0930214345011606
1785944624.7743907,-3.48127840415088,-0.20479115443118068
1785944626.6038904,-4.587999388854459,-0.03550320353637315
1785944626.6129735,-3.651836598934057,0.4631068619931922
1785944626.6290023,-5.406423292415999,1.1678239164538118
1785944626.6349607,-5.100809647384154,1.4582145668565527
1785944626.6391573,-3.9760779218389435,-0.6754095676440559
1785944626.6450942,-3.435600886671418,1.977164641145914
1785944626.6468818,-4.034289356386538,2.7696345932875457
1785944626.6484056,-3.834383219192471,1.020927932934772
1785944626.6503088,-4.791491043958843,1.2277663918323194
1785944626.8326647,-3.8086740875043117,-0.0799633503318089
1785944627.030606,-4.126196885336159,-0.009574150617234434
1785944627.2298427,-3.1849735856383594,1.607695990757045
1785944627.4308333,-3.0509499560193305,0.568857367240004
1785944627.6305785,-3.5504724961548435,1.1347382713013199
1785944627.8304317,-5.587931912394116,2.0909096352054917
1785944628.0307195,-3.899525612954532,0.8776228345876962
1785944628.229664,-3.013350185507896,0.9720951861851022
1785944628.4317555,-4.4924368319767805,2.1435903313001887
1785944628.6307855,-4.060602574366245,1.4113556617603713
1785944628.8304653,-3.438735738042949,0.5482378637526458
1785944629.03258,-4.312473804996669,1.8292204959913017
1785944629.2360666,-4.150336236954995,1.318797836986928
1785944629.4370534,-3.8986068558857734,0.873219419852344
1785944629.6388764,-3.4979590737166384,0.6539453829333343
1785944629.843395,-4.244757454528751,1.4641037421445402
1785944630.0450764,-6.82306975068683,1.4291239776798674
1785944630.2450027,-3.67214760621145,1.7780621296396686
1785944630.4542215,-3.8486602374528323,2.7427596794952334
1785944630.6490638,-3.626761221772863,1.8170704600858802
1785944630.8482966,-3.91004518863876,2.38912773010268
1785944631.050216,-4.1585595352303155,1.4183566170702602
1785944631.2489328,-4.767531538858255,1.0573497268184082
1785944631.4605155,-4.657609742124676,1.465751708133472
1785944631.6486576,-4.243147324480255,1.0875545528887847
1785944631.8505259,-4.099907387371635,1.666641738607022
1785944632.1628199,-5.167745229572776,1.279019761221135
1785944632.3693767,-3.6067840779985363,2.238146298723022
1785944632.5952246,-4.406924638910015,1.8959401029031553
1785944632.8555667,-3.9617683272801365,1.7543237206152518
1785944633.0603788,-4.61870657896908,1.0124523506275078
1785944633.2625756,-4.579636040855693,1.1111562777117117
1785944633.4594667,-4.51959714837969,1.9485292497672204
1785944633.6609907,-3.9789479981626203,1.6791396115306039
1785944633.8604596,-3.429783105846123,2.2170642496693986
1785944634.0678663,-4.345798542289451,2.7431593797290112
1785944634.2653973,-3.1052436282930995,0.719619825744648
1785944634.4642453,-5.079039551474945,0.873458159660693
1785944634.6654816,-4.635860509699393,1.5543262409942336
1785944634.8647199,-4.648281522411945,0.8939340101443856
1785944635.0644846,-3.9403295175688924,0.7488481408595883
1785944635.2651293,-2.7138782232216014,1.3398963890887223
1785944635.464579,-3.878856815715683,1.8840537086449305
1785944635.6649067,-5.857423747297477,0.6508674352050425
1785944635.8655915,-5.10369281851575,1.7507259794845274
1785944636.067751,-5.19559809563121,0.7131153154905158
1785944636.2651062,-5.023307177333409,1.1814653164234852
1785944636.4680438,-3.6088726728504317,1.7637180375850592
1785944638.1063633,-3.3301835906059862,2.4632123878780563
1785944638.125459,-4.18741978227801,2.77433572939097
1785944638.129667,-4.837980974267097,1.4230950750297755
1785944638.1339192,-4.4103485693403455,0.8291638775109802
1785944638.145224,-3.8733215875859512,2.642071052604379
1785944638.1506598,-3.96749195700891,2.276172559567924
1785944638.15488,-3.5778204918482,1.402200136130833
1785944638.1563635,-4.765182121805587,0.7519981215533179
1785944638.3787408,-4.02613312118974,1.7127229691122599
1785944638.5965466,-6.534357109854956,1.425773955783055
1785944638.7975705,-5.630685222568884,2.082247555071323
1785944638.9959562,-5.103112468603489,0.2497281756125289
1785944639.1983783,-3.8207065890680925,0.9988025686122382
1785944639.3998501,-4.39407047986414,0.9436499880856455
1785944639.5949557,-4.526216483455707,1.2659293689688682
1785944639.8009639,-5.112994873405805,1.5148886921895568
1785944640.0001397,-5.264501803944489,1.3399261324008658
1785944640.2010503,-5.445110147986104,0.9644798871745479
1785944640.3991401,-4.8439209937751375,2.3523456259050004
1785944640.600205,-4.677977237444241,1.8204287323414796
1785944640.8004022,-4.338795820050432,1.7792585662590603
1785944641.003838,-3.517387983328584,0.10814017293412093
1785944641.2045321,-4.362728884732166,0.6626274950328589
1785944641.4047658,-5.068844352318848,0.7304682862345544
1785944641.608905,-3.975291223036334,2.0571674374505227
1785944641.8106315,-4.283904578649921,1.1552796540820005
1785944642.0100074,-3.8821179823795413,0.9510018657328213
1785944642.2130933,-2.110633634692669,0.8813545053563621
1785944642.41398,-3.6700552078691597,0.9896073586316156
1785944642.6125925,-2.6283980427230844,1.361637607402182
1785944642.8341458,-4.431475009423579,1.2968028747541613
1785944643.0347342,-4.885911320646908,1.507446539267008
1785944643.2353008,-4.086350876555464,0.7718429754151013
1785944643.4343877,-3.492995173232008,0.9802765865024845
1785944643.6348565,-5.775530544079887,1.1408339485219572
1785944643.835141,-3.657968892052064,1.5429912327101913
1785944644.0343282,-4.162264194009948,0.34113496285511524
1785944644.2355402,-4.967456318273287,-0.8360619438275674
1785944644.4344537,-3.5632355266378792,1.4499094030313577
1785944644.6360679,-3.440974840872802,1.9030519813355422
1785944644.8347495,-3.850020553282099,0.6478014428456267
1785944645.0382433,-3.573679598062435,1.3705084041119253
1785944645.2340167,-4.672745940311769,0.27604794617567374
1785944645.4352007,-4.866281961066211,1.6398997868506626
1785944645.6375735,-1.8756667149347068,-0.1744619329779944
1785944645.8349676,-3.891169306846802,1.1979374021051723
1785944646.0335548,-4.354431694817605,0.37764778165127155
1785944646.2343183,-4.274550991057833,0.8609621600828685
1785944646.4361236,-3.873312164084187,1.7633295443390493
1785944646.6341994,-4.765717031822447,2.431487097313241
1785944646.834905,-4.54503290139655,0.44996283775151824
1785944647.0332348,-4.3238206857177595,1.759663150304249
1785944647.234587,-3.1337175580860106,0.18231361720899875
1785944647.4384003,-4.668896970028436,1.105490618049858
1785944647.6360965,-4.452334418761128,1.9520375863533685
1785944647.8342218,-4.109336346753502,2.1198203083164393
1785944649.6091807,-5.223381167537735,2.4228490496897113
1785944649.630451,-3.550900440720782,0.5392706501590561
1785944649.6454685,-3.551391535084869,2.020877463489324
1785944649.6540618,-4.1961101324780605,0.7803259920913576
1785944649.6587846,-3.8811909435047953,0.883709984191853
1785944649.6662977,-3.5688454172653468,3.29092014774868
1785944649.6696293,-3.763831278134498,1.232940111508011
1785944649.6710823,-5.691138253046178,0.6850200188536516
1785944649.805357,-3.0958013652285534,2.3745151072989104
1785944650.0065773,-4.92071483264779,1.509304811048933
1785944650.2147806,-4.680715665233634,0.5496974636379357
1785944650.4110653,-3.825343209186698,1.0813301577575891
1785944650.6133165,-3.5731278767181203,0.3845859301425669
1785944650.8085904,-4.5753380831707755,1.7129055786504337
1785944651.0197477,-4.313198529039578,0.6012818163989322
1785944651.2244213,-2.6021875162998933,0.7834803746172467
1785944651.424096,-3.5350359833281813,1.4754123810698339
1785944651.62557,-4.932449950858482,2.677375252234217
1785944651.8252685,-4.324132223155796,1.423857496510066
1785944652.025162,-3.2467069235565242,1.3129990345661549
1785944652.2292185,-3.5551323584703285,1.2013351653623794
1785944652.428794,-5.548644905168087,1.4502586332193295
1785944652.6286666,-4.669168233849106,0.7472241385201661
1785944652.8306825,-4.53364803156294,1.623054963308235
1785944653.072715,-4.1622942491849155,2.430210929249018
1785944653.2782197,-3.3478285388149884,1.669516479210928
1785944653.4851134,-5.179972066438387,1.0056165654930858
1785944653.6841214,-3.8760055379258507,0.3692790288011947
1785944653.8839524,-3.202862812626223,1.3415811895731817
1785944654.1394973,-4.391562589453467,3.1908783499482696
1785944654.340176,-4.404258512946871,1.722429913291272
1785944654.5402281,-3.3431699343042762,1.434673514491804
1785944654.7400517,-4.8267859106438795,1.5204344029023593
1785944654.9426,-4.605838981991275,0.6063940041845709
1785944655.140881,-2.905005146937289,1.6611241572677786
1785944655.3394334,-4.910175438850588,-0.11641394525434978
1785944655.5401604,-5.484596197485401,1.3643022690022386
1785944655.7398498,-2.704263634780605,1.71051036640959
1785944655.9379811,-4.229217086637734,1.7225681538600255
1785944656.1385796,-1.8708934149687626,2.504204327083396
1785944656.3389275,-4.175652368049963,2.2901816084627917
1785944656.539888,-3.4647741482663,0.9763918934458473
1785944656.8038156,-3.8760937836040608,0.11062257787865581
1785944657.0054362,-2.7105377057683775,0.300192762014986
1785944657.2041376,-4.460651173189955,1.8056780116750901
1785944657.4034026,-4.80764314491743,0.21212820330144022
1785944657.604856,-3.3797938891474795,1.0995226966505713
1785944657.8209627,-5.6080669712965365,1.126983731305007
1785944658.0296643,-3.7822980608792376,2.325263944672075
1785944658.2292154,-4.292261287081728,0.4927209820302456
1785944658.4300718,-4.752708523035309,2.8290922776601772
1785944658.628826,-5.018009491234999,1.359340303075414
1785944658.8286126,-3.758380775688324,2.1877716291602036
1785944659.0286374,-3.2674639800181065,1.8489600286038619
1785944659.2287633,-4.502455044536797,1.4093620025610154
1785944659.4437373,-3.6776815329993897,1.0482815910174148
1785944660.908655,-4.4736559908050415,2.1015473315758246
1785944660.9395723,-3.280256935134245,1.5905102253574903
1785944660.9437962,-5.194019144955696,2.454528188191298
1785944660.9469774,-5.279022363794993,2.8878733573847573
1785944660.9502475,-4.567587057385516,0.22147240325320672
1785944660.9559352,-2.9935586892249537,1.6165539777532267
1785944660.9583554,-3.3800677770113263,0.2529628394953709
1785944661.0742266,-3.392985564004955,1.993054339353376
1785944661.27509,-3.5856700511388455,1.2428094425891116
1785944661.4764886,-4.127223369383562,-0.20333724291804578
1785944661.675184,-4.808760314105147,1.3694434341011983
1785944661.8780036,-3.425258976324816,0.6969022394044255
1785944662.094171,-4.4161011537808115,0.4376162959189219
1785944662.2784562,-4.161462948744375,0.5924175347342758
1785944662.4795308,-4.642302921667387,1.4403596115505943
1785944662.678679,-3.882232305687579,1.51999138380854
1785944662.8823009,-4.693638337768991,0.1722190420282128
1785944663.0807467,-4.24092193743216,1.0027891414774361
1785944663.2828877,-3.955751950046551,0.6765819548764259
1785944663.482054,-5.335486008016909,1.547389955420964
1785944663.6789608,-3.108749714170116,1.4670999810592593
1785944663.8840623,-4.998677602689371,-0.03349578392278474
1785944664.1662261,-2.823290400035588,1.8158633247297968
1785944664.3650455,-4.818950455069549,1.236179852537941
1785944664.564978,-4.6129863080803,-0.4618286419614015
1785944664.7634244,-5.343118282271892,1.5195447383712581
1785944664.9664474,-4.439447288786588,0.25581120297271553
1785944665.2547204,-3.447151000943234,2.64738236808555
1785944665.4555593,-3.3927061042205695,0.4323792254565345
1785944665.6553526,-4.265111072142756,1.5939654308096949
1785944665.854068,-5.181170657567808,1.7132155285063035
1785944666.0542927,-1.3477927706383985,1.6721999298417192
1785944666.2615867,-3.8390460506527813,0.6609739448277328
1785944666.4743378,-3.896811175384807,0.9067037980968053
1785944666.674878,-3.136213282715823,1.1509260376893322
1785944666.878255,-3.3004995416184393,0.6808413884702224
1785944667.0808387,-3.7897639961368927,1.5730347526494752
1785944667.332151,-4.545226681411393,1.1249836851080683
1785944667.5270727,-3.6479729939294976,2.724446123993607
1785944667.7379456,-4.020992481882928,0.3877178218935181
1785944667.9472094,-3.8966560202550284,2.7027624204449707
1785944668.2111533,-2.5864014161442967,1.4958152006729108
1785944668.4137323,-2.945921290556714,2.107030281245298
1785944668.631019,-4.829282177886977,2.225690582888848
1785944668.8330276,-4.19495929780527,2.231828902788868
1785944669.0511367,-4.978824799153537,0.169613199551516
1785944669.330253,-3.381494255842476,2.775046316807706
1785944669.5292504,-3.36616509062951,1.0649423545970373
1785944669.763053,-3.0579830112596094,1.3070547270724353
1785944669.9669476,-5.3886033710449315,1.555437047592829
1785944670.164598,-3.301542727364029,2.2533352032347658
1785944670.364477,-4.0441754292872805,1.086755448827655
1785944670.5654507,-3.6817517537128004,1.754239744075738
1785944670.764725,-3.9410183806195493,0.6742067500861154
1785944672.5084414,-3.7710011117577213,1.457472970631574
1785944672.524542,-3.778964434971502,0.9255856580213652
1785944672.5308375,-3.7809747540679988,1.2070397448309254
1785944672.535603,-5.552555182237082,1.8945393349738522
1785944672.5403702,-2.7272582990319574,2.1440722122714453
1785944672.5418973,-2.3605916261646573,1.4566744067173807
1785944672.543919,-3.650015629210546,1.2128704470672864
1785944672.5466907,-4.0740343808488655,0.995026066136323
1785944672.6492844,-3.1792141136986536,0.8899100782895215
1785944672.850482,-4.7238245383808275,2.2841057523824717
1785944673.0491035,-4.561389802163606,2.07795295651705
1785944673.2499692,-2.9180486803704406,1.7621802030786802
1785944673.468151,-4.047507259108614,2.0014131925969405
1785944673.6727676,-3.97211832021641,2.0445508716053813
1785944673.8713632,-3.6558588135756005,0.5375379973814703
1785944674.077906,-2.7767571895356236,1.8848850193668492
1785944674.2711163,-3.77945100277334,2.146534852698745
1785944674.4762712,-3.3370802935315207,0.19918664721365387
1785944674.6752832,-5.561312755559175,1.578458140807216
1785944674.8758094,-4.794071862710678,0.414949198027164
1785944675.0842576,-4.683924606563873,1.697333131970498
1785944675.2771792,-5.846251908651199,-0.1933921501347493
1785944675.4790106,-3.37377738082995,0.8833516958244484
1785944675.6789,-5.1423149803281625,2.2471716528279178
1785944675.8785563,-5.2826321348567795,1.7364805132316279
1785944676.0792105,-3.144427009877729,1.6178711487030022
1785944676.2783382,-4.5450211265634755,1.582089562814135
1785944676.4783092,-2.9464042457322277,3.074599039641227
1785944676.6786869,-3.990762040954207,1.778635218154267
1785944676.8788726,-4.665500310935553,0.723786102742696
1785944677.0786245,-4.474218451779162,1.8407112273970494
1785944677.278902,-3.837546028749903,0.9880125627400629
1785944677.4791698,-3.844573043299583,0.4647294053365846
1785944677.6799731,-3.3917041420928493,1.2058881338083354
1785944677.883463,-4.746530920380852,0.1937378281945783
1785944678.089267,-5.675201814452075,1.7971915169342663
1785944678.280325,-3.7994151111385297,2.4350655259106153
1785944678.4798348,-3.4983051130659035,1.2159344414142015
1785944678.6799207,-4.111837854298424,1.8470017956182954
1785944678.883278,-4.019358212942645,1.4171624648496073
1785944679.0840495,-3.574989138457465,1.0275954957415916
1785944679.283413,-3.7486069216552567,2.6461061624661113
1785944679.568229,-3.3440151389500663,2.0850545582058526
1785944679.7643466,-3.168950012485091,1.698071779139324
1785944679.9662888,-3.6514215939983328,1.469688271759262
1785944680.165639,-3.7427401303958057,2.8495791089716027
1785944680.3648999,-6.0316291304285645,1.575377263045262
1785944680.5642283,-3.710617246289934,1.70548206199536
1785944680.7660606,-3.7341646873991876,1.7487262421391647
1785944680.9649916,-4.344200603077926,0.8654322980328237
1785944681.1645203,-4.88051756311013,1.8789658292281173
1785944681.3674724,-4.476523626512832,1.586876924999358
1785944681.5638504,-4.38339017604146,1.5199825903435369
1785944681.7632692,-4.050877968587456,2.2319596355627542
1785944682.0844958,-2.923655371274545,2.2577803694748786
1785944682.3282032,-5.530912351231813,2.2866405759015587
1785944683.9252295,-3.3950380866953194,0.5283195474694752
1785944683.9292047,-4.136399890096518,2.5044554495061675
1785944683.931583,-5.488743374607316,1.6774214510607672
1785944683.933957,-2.69618167762411,2.193420734857401
1785944683.9354348,-4.050724557813513,1.9867531606827855
1785944683.9385693,-3.2875735456399133,0.8671010476843752
1785944683.9400387,-3.081676387161015,0.8546096945608678
1785944683.9455528,-4.237057217281462,1.971459990448183
1785944684.1448343,-3.97361750567193,0.19633190671313083
1785944684.3442268,-4.4582531250509225,0.6386147713736935
1785944684.544262,-5.496938264445307,0.8227876015351749
1785944684.7460034,-5.103804534533679,-0.5961444260596422
1785944684.9444473,-4.020483937597799,1.4852915984807602
1785944685.1450546,-4.830215872020592,1.8258857505027173
1785944685.362596,-2.6001909698024965,1.431577831571385
1785944685.5662565,-2.97292529110052,1.0579274692451701
1785944685.7654335,-4.197218507760134,2.211095409528648
1785944685.9665625,-3.7855764447897697,0.6232545636602799
1785944686.168539,-4.025633940327992,1.0364676675863063
1785944686.3716435,-3.823559231693468,2.4679732028743198
1785944686.5715046,-4.735114985194634,1.173529580295917
1785944686.7705605,-3.477207366931297,2.03820950818867
1785944686.9749992,-3.3609932032958865,1.57265720181791
1785944687.1741369,-4.577767379582327,1.796475086310327
1785944687.375889,-3.4752354513800974,2.576242050302691
1785944687.573048,-3.114202419204379,0.7984866925332307
1785944687.775182,-4.927804918921947,0.7277924741001
1785944687.973268,-4.617362231092434,1.4069641603708625
1785944688.1753275,-4.56586537649262,1.1392601172175918
1785944688.4253032,-3.314028072290911,3.0116115962664463
1785944688.6234155,-5.453364017802056,1.2716078627334655
1785944688.8246474,-5.238488364534117,2.059160019764544
1785944689.0253627,-4.118453339760711,0.35895226947866743
1785944689.2245858,-4.50169499749778,1.5938242097474946
1785944689.4430175,-3.9126709196851404,1.278443985005934
1785944689.624011,-3.9385010636306097,1.8526379982101937
1785944689.826874,-3.149890553671245,1.5294612526581548
1785944690.0250695,-3.2822904552590235,2.0411297142060905
1785944690.2244732,-3.7348111205413907,0.44791178674026955
1785944690.4246497,-3.8092592945533346,1.3325915655379517
1785944690.6240344,-3.471381080507103,2.0891191539171348
1785944690.8238475,-3.5007266405633235,0.9008679272552327
1785944691.0266862,-4.368004478583119,2.3612706269215478
1785944691.2291908,-3.1653747913301613,2.2013507842057938
1785944691.4289825,-4.8756368812199335,3.1881098766032006
1785944691.6319792,-3.9778912943253286,1.2562569970479354
1785944691.8293927,-3.9416941677067614,0.2348890347043815
1785944692.0324724,-1.6579550271595291,1.8059489657059282
1785944692.2308614,-2.775771431893344,1.8262977577520019
1785944692.434447,-3.9727554802412626,1.3785647439439555
1785944692.635798,-3.537986464962831,1.1165073236212635
1785944692.836672,-5.341170342522657,1.3880845104109107
1785944693.0367913,-4.040060741090952,2.4099979524373163
1785944693.236438,-5.335930474733028,1.2568809406475212
1785944693.435364,-4.498034020042053,1.4469146461237254
1785944693.6360092,-4.602601555822472,0.8146637052759063
1785944693.8342648,-4.084191513418713,1.5019094420043086
1785944695.4448328,-3.7489115278248337,1.111380267865094
1785944695.464518,-4.7770146503855155,0.8942555214645502
1785944695.4697456,-5.313837945077116,1.751476580416952
1785944695.4753914,-3.3122662623030283,1.4089068995542693
1785944695.4813447,-3.3671947348697358,1.0727651946594405
1785944695.486868,-2.892779829906229,0.3321356491154823
1785944695.489449,-3.764708720365828,2.135641558105148
1785944695.4947448,-4.0784498776839095,1.5454678857919375
1785944695.6944366,-4.732217964379007,1.5569966583663397
1785944695.895862,-4.157056943551563,0.6602643601217136
1785944696.0945776,-3.4285039876463554,2.5617773328274973
1785944696.2973666,-2.9401186342648042,1.0276659540013773
1785944696.494467,-3.1260022712870295,0.8541663474275223
1785944696.6957908,-3.5863937374835015,0.829779817900719
1785944696.8981535,-4.85691211182612,1.3603084043266929
1785944697.1007454,-2.8329714657323515,1.8179176788027094
1785944697.3097038,-2.4649683672592464,0.8207108385398929
1785944697.5103874,-4.494027505993239,0.24509983987007056
1785944697.708255,-5.2370336838513465,1.2396292524069998
1785944697.906843,-5.091628638210771,0.5058313234273216
1785944698.105196,-4.231925388473633,3.0322872611079523
1785944698.3105125,-3.922473628906213,1.4157646153964034
1785944698.5135427,-3.7669597974692124,-0.3260101228004044
1785944698.7128673,-3.8491388246358103,3.059369173636679
1785944698.9125214,-3.3825781036485134,1.5923219947948195
1785944699.1091304,-2.4716281134951448,1.733026894322493
1785944699.3113472,-4.875852086408622,0.7045603821182783
1785944699.5113802,-4.087082119353867,1.0163766923867164
1785944699.7233675,-3.3191403787981084,2.06133903942
1785944699.911424,-4.716524684219512,2.055435088304061
1785944700.110969,-4.556249885343517,1.2682103734369263
1785944700.3998935,-4.306786666877259,0.6992494816122882
1785944700.6011338,-4.283925439880642,2.0309885410031288
1785944700.7998455,-4.240933248194046,1.7627715653662943
1785944701.0040607,-3.4673119180624505,1.4739284955046241
1785944701.20031,-3.8438216978075843,2.3541075560814
1785944701.4005086,-4.025753826425633,0.807774176011483
1785944701.601145,-2.2238815168742594,2.766590590413756
1785944701.7990723,-4.116637684591652,1.4948610800766267
1785944702.001221,-4.512131487929636,0.43865942988616813
1785944702.201486,-2.405855631721927,2.2663928045975728
1785944702.4047875,-4.709947120560088,2.0225407968675615
1785944702.6009648,-4.289164761534877,1.6059486121302409
1785944702.806608,-4.171919794679044,1.7928114433810372
1785944703.0034685,-5.097133501192944,1.0859247125281002
1785944703.2049046,-3.5289361822899785,1.0235252025084245
1785944703.4068398,-4.956433615680836,1.7634968193920677
1785944703.6050308,-4.868043354353457,1.3304328108912196
1785944703.8038068,-3.0828901472989,1.7592469914279465
1785944704.0055513,-3.8203767851972428,1.2565928839720402
1785944704.2159176,-2.8871161120489983,1.7578511679277495
1785944704.4268575,-4.636598261809391,1.616145357054721
1785944704.6281924,-3.644241020597697,0.5073577473193889
1785944704.8277833,-3.2948219236349447,1.1931277963159044
1785944705.0311344,-3.782803520880815,1.9452447076352404
1785944705.2301884,-3.3072641153804714,1.538516207295101
1785944705.4300394,-3.6461054509697877,2.7232739232430907
1785944706.9236343,-3.8026326466440725,1.7141319368565893
1785944706.9375398,-4.0975599925727195,0.8673532043533277
1785944706.9406655,-3.8608019150729076,1.1044346754832362
1785944706.943612,-3.7075014833168978,1.4461443460972436
1785944706.9469068,-3.0797663837798694,0.3626295160763946
1785944706.9495282,-3.8050360848612046,2.0893066034719174
1785944706.950922,-3.5035813537056577,1.166264924153241
1785944707.0343137,-3.306409718514048,0.696882950454587
1785944707.2360184,-4.004340967539846,0.9250741768528119
1785944707.4342752,-4.469301230329867,2.909499437568938
1785944707.6342993,-2.1301094879817573,1.244897279683132
1785944707.8342474,-4.213624446567924,0.768681807350358
1785944708.035973,-3.7521743867981856,1.0384959968458767
1785944708.2353342,-1.9913455194123233,2.252894167557701
1785944708.4344656,-3.6778273689638965,1.4183215656068768
1785944708.6344464,-4.533615258884901,0.3053202756894393
1785944708.8363476,-4.02972540703667,0.909653046730448
1785944709.034744,-3.0804632250479096,3.3170958450671773
1785944709.2355182,-4.4929098586886465,-0.396130320063653
1785944709.4380884,-3.252783753969009,1.0793435825519861
1785944709.7103565,-4.891291490328727,2.4027143401081417
1785944709.9073048,-2.914228894748217,1.0291425829101684
1785944710.1056848,-5.558327017428825,1.2512092924102478
1785944710.3069017,-3.772599753856479,3.19745591918619
1785944710.5056908,-4.666381720024879,1.2072149257106857
1785944710.7041829,-3.7246001181093575,2.089789625160576
1785944710.907764,-3.6773214913730876,1.5604415340271056
1785944711.1053064,-4.345883089018775,0.3271391774526824
1785944711.305335,-3.497586685657951,1.1162208727683605
1785944711.5033555,-3.4741891358791874,1.4527883838306717
1785944711.704187,-3.936143187961247,1.6711180507582615
1785944711.9072528,-3.1318194707956213,1.7718086064611647
1785944712.1039417,-4.543822131420763,0.3393404460214082
1785944712.3044088,-3.703731181927415,1.573581746485775
1785944712.5085776,-4.2454809343804705,1.0982990094048195
1785944712.7032437,-4.31849262250085,2.5097072748056446
1785944712.9112105,-4.80724538683426,0.8254421707460289
1785944713.1061456,-4.504114926494401,1.996984986283694
1785944713.3063304,-2.338922074993855,2.846502904057775
1785944713.5046818,-5.029404538555242,2.2671380950064606
1785944713.7037222,-2.636236580579754,2.000207706211516
1785944713.905963,-2.833561020774566,1.983536894445832
1785944714.1035662,-3.3470661453566386,1.5745678587511587
1785944714.3033676,-4.053679098009126,1.4449890639337302
1785944714.5039132,-3.2543150571899786,0.562615607686225
1785944714.7042854,-3.159445994240797,0.009725778681952235
1785944714.90953,-5.117053708016647,2.1792351296079144
1785944715.1106534,-2.615838164578583,0.4474857768274342
1785944715.3122067,-5.680352375061169,2.2324791765894876
1785944715.5191426,-4.355601754232861,1.394535296694745
1785944715.7197773,-3.488380658635836,1.6412369314755035
1785944715.9191778,-2.6277894265530826,0.8931985781230007
1785944716.120128,-3.0820860472065066,1.363616776301093
1785944716.3192465,-4.478520822794965,1.0905136101614021
1785944716.5239205,-3.981361588632732,1.4330508646336009
1785944716.7185414,-4.290724345828091,0.08099304021212039
1785944718.580151,-3.9210009684409757,0.18391076366262538
1785944718.6259181,-4.761337224526923,1.5621141388672044
1785944718.640393,-4.561678181018746,1.117630582940721
1785944718.6433167,-2.773377092273643,0.7453228466063369
1785944718.6456294,-4.619158186417809,1.2112468582167095
1785944718.6507502,-4.43487068740623,2.018033782293398
1785944718.6547105,-2.3177866423354705,0.9705152527840253
1785944718.6559455,-4.777613444824674,1.4082831780228908
1785944718.709378,-3.52931273321133,1.1409059789844511
1785944718.9107687,-3.3131896236462146,1.7615864585056313
1785944719.1086383,-3.2511136485844125,1.5647388841444008
1785944719.406048,-4.02818973795149,0.34177405529748284
1785944719.5962408,-3.4349544600723227,0.8806087388828719
1785944719.7944028,-3.464971753089603,2.0820483949681097
1785944719.9980984,-5.1862983430582315,-0.200481711922339
1785944720.1947784,-3.615637046609701,2.5138512586607784
1785944720.3941634,-3.54862773773266,1.6461553990292783
1785944720.5942628,-3.584211680876403,1.3871231254062255
1785944720.7953706,-3.3623228769017026,1.291063480157016
1785944720.994556,-2.848616272731645,1.0406001177459991
1785944721.1965063,-3.8351449216945386,0.2865128531058305
1785944721.3959165,-3.9396249165185324,1.0261969812577414
1785944721.5965517,-3.9175911304977866,1.552718526933484
1785944721.7958627,-5.0490409556330915,0.6162017021619135
1785944721.997598,-4.993241863787314,0.8560122212472181
1785944722.1950483,-3.750274268740445,1.2943413763927616
1785944722.4020386,-4.226174910175319,2.6802146057613383
1785944722.5957897,-3.7122404855563493,2.113700325335261
1785944722.7946641,-3.3481423193998263,1.9582371114481854
1785944723.0059109,-3.8371371560511385,0.9580924940793552
1785944723.2042842,-4.768156549786364,1.6834634862138695
1785944723.4363444,-3.8429678824393227,1.7955283634296353
1785944723.6154702,-3.29017545448943,0.8648333653131964
1785944723.8222315,-4.087143477523253,1.176849732945098
1785944724.034583,-2.618910483650246,1.463210334495375
1785944724.2482545,-5.220012185946915,0.9144371259415726
1785944724.4552367,-4.136849418881014,-0.031709073823756206
1785944724.649251,-4.319525230219011,2.7510700428962123
1785944724.880181,-3.6237057158370036,3.0573872842251477
1785944725.0866203,-4.3994135116804305,1.3285514542431913
1785944725.293741,-4.679683214678165,2.5231402182743228
1785944725.5186038,-2.539658691333028,0.7477030434178408
1785944725.7536292,-4.7614877158130415,1.0601172475165601
1785944725.973826,-2.5392878645911843,1.1624249061552787
1785944726.193341,-4.521505292907862,1.2699980027369413
1785944726.4358573,-4.917791340879139,1.7282748297092647
1785944726.6912062,-3.2000031883212916,2.2123165781761176
1785944726.8984852,-3.0212092905605665,1.3547269855369966
1785944727.1266484,-3.2324990855830453,1.1993731571775967
1785944727.3310199,-4.285928142362719,1.7022870110921111
1785944727.6178334,-3.1508472555310676,0.09499888739797946
1785944727.8618524,-3.4046278902751914,1.784382610908876
1785944728.1172972,-5.298242960803876,2.746647305501198
1785944728.3461165,-2.7806733243332236,1.932023166652397
1785944730.7958715,-5.146724862968797,2.79087223343409
1785944730.8132768,-3.988701623365797,1.9307079150379562
1785944730.8309093,-4.271596167230429,1.674888716899055
1785944730.8332083,-3.243627601693607,1.2624239558005033
1785944730.835967,-3.604558847528896,0.23055909886422188
1785944730.8384554,-3.747946777977105,0.8452575559934993
1785944730.8398976,-2.3392025332253628,0.9417749390783972
1785944730.8410163,-3.375415150768963,2.5010978824662082
1785944730.8445926,-3.9568540686265705,0.5346201565140641
1785944730.8463342,-4.585145596395791,0.711146526260015
1785944730.95477,-4.4350106963288285,1.0424690725584747
1785944731.2310243,-3.911007502837876,1.2822233465926276
1785944731.4344702,-3.61215280491377,1.4513603781129794
1785944731.6349294,-3.866963193119899,1.0205514629045673
1785944731.8362112,-4.317092757935723,2.2202886348847484
1785944732.0357819,-3.316178999075786,0.6120074233849448
1785944732.268424,-4.972024868381643,0.61588079544033
1785944732.465378,-4.594504319064484,0.44088642392791966
1785944732.684799,-3.192597597246139,2.015106124144901
1785944732.886918,-3.2189356990243616,1.0260393248308102
1785944733.0868747,-4.7903511632693,1.2672609748115866
1785944733.2865813,-3.1968941982205172,0.7813082722200102
1785944733.4907525,-4.8607080683253745,1.2826457196391292
1785944733.691339,-3.3890985300566876,1.84622102227354
1785944733.904623,-4.1064724169206395,3.4293572376418204
1785944734.08872,-3.7043846194459897,-0.031405517975159336
1785944734.2897654,-4.2868196528691,1.009435570550437
1785944734.490277,-3.0066394598466397,0.9509935820343766
1785944734.6901002,-4.158105958489248,1.29260810994801
1785944734.9104493,-4.02380505074295,0.8399315181976957
1785944735.122692,-3.6221437358558797,-0.7155414389839392
1785944735.3870363,-3.366399511887239,1.5190568511234823
1785944735.6868608,-3.0022494774212447,1.8522233244997057
1785944735.8857646,-4.956247778919793,1.3460676232653308
1785944736.0987535,-3.112637617809716,2.1833979350454116
1785944736.30066,-3.6500370488166594,1.9807639587045405
1785944736.4994652,-3.6092787628083713,0.8252855559710757
1785944736.6986735,-4.759049455764918,3.0829967420508906
1785944736.9006097,-2.6265050835831176,1.504019562073118
1785944737.105675,-3.7297934422671393,0.2533800804450239
1785944737.304091,-3.455490225293626,2.548192958291704
1785944737.5088587,-2.9424727301544946,1.6725077074243555
1785944737.7149158,-5.2403139263420275,0.7803163283846782
1785944737.9194214,-3.61753185392285,2.3524406847114205
1785944738.1207497,-2.7439193028632562,1.6397727252592171
1785944738.3199449,-5.046075938113739,-0.9978061622974592
1785944738.5265672,-4.065707207721314,1.4758103078815064
1785944738.725328,-4.425407349453249,1.4058423955472537
1785944738.9260046,-4.428903745572416,-0.08448291901332916
1785944739.1267693,-3.6544511415827663,1.9956000979390038
1785944739.3245027,-1.9563724540074596,1.669028714457488
1785944739.5239706,-4.549087840515729,1.996371208983386
1785944739.7251961,-4.025262823903877,-0.28323538868750364
1785944739.9270487,-3.2588612001612067,1.1087162264091144
1785944740.1417077,-4.436974941775496,1.8056654378004449
1785944740.3323205,-3.4023869161751215,1.0047532786228253
1785944740.531109,-3.374341348213288,1.1122221504146756
1785944740.7311246,-5.966999522797022,1.9265070624779481
1785944742.3837883,-3.708684550044712,1.785564873450826
1785944742.4011774,-4.290733448843232,0.7468870742042781
1785944742.4189663,-3.799076176095088,1.1062744726852787
1785944742.4243033,-3.7804391620776276,1.2576101984203751
1785944742.4289465,-4.206842241611706,0.9029872215077974
1785944742.432628,-5.601781447383651,1.2570112955401338
1785944742.4352946,-4.009359783302991,0.4850371556183357
1785944742.4369602,-4.389588108784555,1.8431002991106165
1785944742.5312104,-4.657237384213309,1.4897272196106397
1785944742.7315428,-3.4842367270511923,0.6414747912926777
1785944742.9317565,-4.092170135221604,1.3202277179544577
1785944743.1335099,-5.20254192112716,1.89911840941431
1785944743.329714,-3.780630465903606,2.435366561843929
1785944743.5361645,-3.7239019644833156,0.8612972385865643
1785944743.7355893,-4.635472512256251,2.1927760978357314
1785944743.9366062,-2.6548036402521786,1.4915466587946196
1785944744.1354601,-3.6308504505588517,1.6621626493694643
1785944744.3395398,-4.449789104779205,0.8007310370282684
1785944744.539608,-4.2018991510958665,0.07810584374547447
1785944744.7476685,-3.425604271595555,2.1745074679199243
1785944744.9474325,-3.939821313052846,1.987039913779541
1785944745.158424,-5.9779958478391055,1.7323868430761542
1785944745.4655197,-3.2724664724453922,1.7936022337335167
1785944745.6864328,-2.9232085790515425,3.1717888681814554
1785944745.8931756,-3.074700710649477,2.314420416880387
1785944746.1512117,-4.713097068466923,0.5648757244515976
1785944746.4447548,-3.342181430103042,1.4472856690110447
1785944746.6531017,-3.4956626106395774,1.5458128991624245
1785944746.931212,-3.9164397280409142,1.5328491105177533
1785944747.1427684,-2.7271890412897175,1.2699806017993436
1785944747.352968,-3.3921405644208433,1.0900907099266686
1785944747.6228962,-3.0817592638915303,1.7791256607299843
1785944747.8607454,-4.0532549344309485,1.4812142777253037
1785944748.068631,-4.416950519540649,0.9450323002931266
1785944748.2707098,-2.8987382593812825,0.7234542438073697
1785944748.4712355,-2.836807851258691,1.2363300729838465
1785944748.669734,-3.285293894805184,1.6229630632230292
1785944748.8718908,-3.4979002459855963,1.7828997291887436
1785944749.0709653,-3.7418109618332,0.06570199237651786
1785944749.2692966,-3.6121479389770155,1.4009994789230664
1785944749.468667,-5.0517258277484505,1.6806561488300464
1785944749.6685393,-3.3637553054783456,1.4810672540164962
1785944749.8710377,-4.056395227268128,1.284936378889484
1785944750.0685492,-4.225682842737185,1.5180869604323892
1785944750.2745876,-4.678788338881501,-0.5711336658441706
1785944750.4759429,-3.6506712704753794,1.4433935597709895
1785944750.6767652,-3.393024163535439,1.4381687973959019
1785944750.8750582,-3.760945156013819,-0.50627544204029
1785944751.0768192,-3.8460359948123566,2.62864333103047
1785944751.2786689,-3.090795927605459,0.658729492030356
1785944751.4805975,-5.320473438250452,1.9923877670687162
1785944751.679556,-2.146320677917273,2.0659750593001114
1785944751.8828754,-3.0436355819165786,0.6646884976773226
1785944752.0796647,-3.733048526359647,1.5163809413912532
1785944752.2860122,-4.1703077638994746,1.6072330662156227
1785944754.5905225,-3.086684055203317,0.8682249032224078
1785944754.6136982,-5.297445656252178,1.7817161880752226
1785944754.632946,-4.1948101842776016,2.622297687310676
1785944754.6508133,-4.558650508499207,0.46078644043609374
1785944754.6559398,-3.769179710140013,1.9169609085251964
1785944754.6632671,-5.7240776274348555,1.5301898014895026
1785944754.6701345,-2.7804390751217456,0.04552678300713975
1785944754.674772,-3.9949851634971902,2.3322894193605226
1785944754.6769707,-2.921453645253515,-0.023693984665731582
1785944754.679493,-3.8589647870097066,1.0376410081326144
1785944754.7661855,-3.969001775605687,0.4214428088730404
1785944754.9672818,-4.054370110656609,2.154721464429665
1785944755.1656783,-4.643415814588016,0.44371940617969685
1785944755.3646073,-3.4324527237405897,1.2788286102998394
1785944755.5960085,-2.8819939579493425,2.509810840457652
1785944755.8103132,-2.8608904591740494,0.8947948184807819
1785944756.130582,-3.6693597355826615,1.1343313268024766
1785944756.3325865,-3.7576450911814416,0.82581024364643
1785944756.541102,-5.374246688631419,0.6436058226205927
1785944756.7357602,-2.8824338292811507,2.1629314144302993
1785944756.9402266,-4.751067171635202,1.5005357376971677
1785944757.1420043,-4.187016776394283,0.7486737436837045
1785944757.3480012,-2.914232620756548,1.146501511781124
1785944757.6169975,-4.834076072922121,0.11384884175147403
1785944757.8185606,-5.215177032918483,1.7910349763434172
1785944758.0150928,-4.17668818909823,2.2946132430820394
1785944758.233262,-3.6923522137461506,0.9651123221725357
1785944758.4299724,-4.346874134704816,1.5510127657653838
1785944758.6293025,-4.068109307130104,-0.19675197894161944
1785944758.8296835,-3.589225526132427,2.8051319136021107
1785944759.0296865,-4.0808251409302185,1.1285427592125066
1785944759.229498,-3.6819933080273963,0.9111646089120689
1785944759.430617,-3.457240343597718,1.416825652634877
1785944759.6296792,-1.8595379926934799,2.2488433620187065
1785944759.8311038,-4.108026129058146,1.2162402408925068
1785944760.0404918,-3.2428435797355277,0.40150728907711597
1785944760.2399948,-3.506101590248615,1.0861198437377917
1785944760.4387774,-3.178293960398764,1.5321341166437117
1785944760.6448407,-3.484867248998552,2.4269987397857333
1785944760.8396552,-2.6065534775128913,1.9643919109485442
1785944761.0392625,-3.477392112040425,2.5187211475201887
1785944761.2407484,-3.2311861018515557,1.9902317677290948
1785944761.4395754,-3.1491840968796687,2.035082968841127
1785944761.6386087,-3.768034340114035,1.6018787225701612
1785944761.839874,-2.3969878609995403,0.654492504887086
1785944762.0393977,-5.02320210614587,2.905358069529088
1785944762.238286,-4.91351271158894,0.9692261688387542
1785944762.438479,-5.221771722852223,1.7653344043433723
1785944762.6442404,-4.33588324161637,0.7009325343818191
1785944762.8435779,-2.9028301438873285,0.6384903966993778
1785944763.044505,-3.793301185519387,1.4789093550690537
1785944763.2450993,-3.230678084492297,2.306893813338612
1785944763.4454436,-3.3297834584969794,1.3252967348805464
1785944763.6500142,-3.3520465870754794,1.43097918309254
1785944763.8433044,-3.7071053967467416,2.3595177717603635
1785944764.0445182,-4.616207998094168,1.1566271519886158
1785944764.2471182,-3.18662129890388,2.3122601128657188
1785944764.4439216,-2.2827459165673147,1.0412462675456857
1785944766.4399588,-5.17273435985622,1.4732606329436844
1785944766.4624364,-4.329545313534101,1.68214546132538
1785944766.4793482,-3.739221378263817,-0.19414094327682085
1785944766.4830127,-4.867884078458176,1.5762944222462423
1785944766.4865034,-4.9445621275025395,0.3010229895135863
1785944766.4899364,-4.222365326695315,0.8346947303816695
1785944766.4948251,-2.800063851037106,1.4503392272443094
1785944766.49663,-2.6355728108489487,1.5107057215269457
1785944766.4988937,-4.1520544271481254,0.3370216529410599
1785944766.538318,-3.3913356346010413,0.5640076479744554
1785944766.8495429,-4.990617993442722,2.092984558500179
1785944767.0445294,-3.940717697859507,0.3536191493556111
1785944767.246007,-3.5941778496115,1.452394153127483
1785944767.4474626,-4.148954910924602,1.8494935773688992
1785944767.6461024,-3.328714694953822,2.4248099060877495
1785944767.8441086,-3.9527536165068624,1.0167701397542777
1785944768.0439315,-3.7079192379966996,1.6624381054272486
1785944768.243862,-3.273564525700073,0.7396074043977806
1785944768.444164,-3.0717256287737804,1.065773243267035
1785944768.6449187,-3.7925122252556958,1.0730974378479494
1785944768.8434982,-3.3698821085027406,1.1438860853421287
1785944769.0438967,-4.475951134392774,2.199638931949531
1785944769.245116,-4.957205517672855,1.9197132924535745
1785944769.4508553,-2.6581322476213516,1.737030721355167
1785944769.66173,-4.621606484610373,0.9572206082881135
1785944769.8602006,-3.8650298421769924,0.54783286947468
1785944770.0622787,-3.4713720684200413,2.269655161289181
1785944770.2592192,-3.2305529367188597,0.9752167139338985
1785944770.4583406,-4.393988106763745,1.4993132428500409
1785944770.6623774,-5.088977776586754,1.6237883705168998
1785944770.8640037,-3.8368823059032384,2.1945333939601532
1785944771.061332,-2.626630069185982,1.2463529994841687
1785944771.2598083,-3.533618300287576,1.5285419867190357
1785944771.461125,-4.654015295691985,1.1613284448113677
1785944771.6609838,-3.9907524362948448,0.951390599069529
1785944771.8596425,-5.341527164500502,0.1267206633037523
1785944772.0589125,-3.6314483582189605,2.2134154361731975
1785944772.2658439,-2.3000762322400763,1.7058652689395684
1785944772.464784,-3.1042900058623712,1.65844638242795
1785944772.6650493,-3.731524913394773,2.2001505366279694
1785944772.866045,-2.681254491041421,1.3515565941078291
1785944773.0650442,-3.9338534298639365,0.8278750828663659
1785944773.270193,-4.428644334693934,0.5255193852480672
1785944773.4695184,-3.3576212220132593,0.7229814432364052
1785944773.6682856,-4.319784987059676,1.0794033539685794
1785944773.8706453,-4.182292563959502,0.9844192937408816
1785944774.069304,-2.5330908156679097,2.0445748156875343
1785944774.269891,-4.115230221973515,1.5922351053595474
1785944774.469158,-3.7446172013088384,1.3440827763413161
1785944774.6692667,-5.299052664101138,0.2694738379327497
1785944774.871413,-3.675464668382563,0.9369792772666927
1785944775.074908,-3.1336693779419202,1.2477681738864357
1785944775.273679,-3.7673841686860476,1.50678615378524
1785944775.4761372,-3.6752060791355468,2.1939966696476803
1785944775.7065313,-3.3357325197220664,-0.8328845082805008
1785944775.994951,-4.971269547352992,1.8424866747815272
1785944776.2492564,-3.3402977852252747,1.5040735641962741
1785944779.8947322,-4.988782631288327,2.1957773386439396
1785944779.9056184,-3.599371331773604,2.4501565985602483
1785944779.9089103,-3.9976383309061,0.6401865623174432
1785944779.9119124,-3.503659375962545,0.9945366207014753
1785944779.9151058,-3.274675186454391,1.0311692721729835
1785944779.9175878,-4.855120986900266,2.3059114607406626
1785944779.9204428,-3.483075820176461,0.8947542683502906
1785944779.9232469,-3.832173271197061,2.4159870103709915
1785944779.9263139,-2.8492732340813234,0.6514058393763924
1785944779.9288492,-5.108843902393534,0.358378241239544
1785944780.0038145,-4.407451417236543,1.5863660780324444
1785944780.209156,-4.124304227959877,1.7989722959631131
1785944780.444272,-2.862884237362432,0.21346132933669093
1785944780.644166,-3.9892276794628554,2.434723717509417
1785944780.8696947,-4.2356176872963305,1.5373524296276253
1785944781.107208,-3.519245465318975,2.1855012038617527
1785944781.3410785,-4.2756841904570955,1.1962597355143612
1785944781.551902,-3.2859517844523434,1.916763055790986
1785944781.7743318,-2.5276385139328506,1.4874745686773294
1785944782.069861,-2.7983778498777427,1.592266112322113
1785944782.2707846,-3.550365536313661,1.7441838262883786
1785944782.5010915,-3.806211268264221,0.9855665148243231
1785944782.7246387,-2.1308451581801395,1.7466733709175153
1785944782.9351737,-2.7088230281679424,0.6438644630241892
1785944783.1305838,-4.1665917843575215,2.3758869063113184
1785944783.3295455,-4.377674050017725,3.7961965132863997
1785944783.528856,-4.6731950257070345,1.8267167619875868
1785944783.7298923,-2.6487321517821756,3.37449294944243
1785944783.9288874,-4.607431346547406,1.60647245894966
1785944784.1293666,-4.250333699041533,0.6015951052892596
1785944784.355975,-3.085496963158893,0.3050692657221623
1785944784.5891125,-4.153772715421434,2.569330547463915
1785944784.892741,-4.1340427283277155,2.8275899203893045
1785944785.0944452,-2.8537205832038524,1.291131821242219
1785944785.2972095,-4.9837296085268665,1.6349481745772505
1785944785.5748224,-3.1436854319774796,0.8713892865016688
1785944785.764563,-3.3767409881414463,0.9888415740836956
1785944785.9654474,-2.2799856779415837,3.9149346530464126
1785944786.166792,-4.336152617662556,1.0141810230108042
1785944786.4483442,-3.961274476456563,2.027114125990882
1785944786.663649,-3.4925306695880667,-0.039409517014201256
1785944786.9911687,-4.008806108856615,0.2801174246849336
1785944787.198261,-4.328328237499969,1.267789699559363
1785944787.4216604,-3.883760956799836,0.23880350976639564
1785944787.7225869,-3.7505185213313132,2.7334886018168656
1785944787.947158,-4.42889390585486,2.2460481260492555
1785944788.2198832,-3.433008935837904,2.2566606082276706
1785944788.4257677,-2.9257549282134794,2.1296617818719095
1785944788.6276383,-2.3854567075008553,0.7451406002273167
1785944788.8309324,-3.4224064225293884,1.8397927563026273
1785944789.0300114,-5.31797160276145,0.44094236686457444
1785944789.2308009,-3.7640292219334683,0.3494735987649955
1785944789.432029,-4.640578241143149,1.814319549076172
1785944789.631304,-3.3102510025658134,0.5272458588302742
1785944789.831246,-3.3343960125398038,1.3753309659080561
1785944791.5857694,-3.4046728175852947,1.0989441325714884
1785944791.599034,-2.3585426108845824,2.0546368090590463
1785944791.611084,-4.226934243593464,1.659186064992575
1785944791.6159258,-2.6198386130289,0.38183614025564716
1785944791.6210213,-4.415998054802415,2.21809820866485
1785944791.6252105,-4.002660284050264,1.7098464014168906
1785944791.6265638,-2.7209988798239726,0.9266549902414791
1785944791.6276839,-3.163368490090218,1.4426203016900148
1785944791.6429644,-3.617073029263401,0.47460021285728704
1785944791.8444734,-4.100842880865426,0.5484445317863842
1785944792.0394158,-4.673978551960551,1.0278745821006472
1785944792.2393732,-3.211958290081312,0.18735325278652626
1785944792.4408593,-2.600483646237583,0.6403661380622941
1785944792.6395788,-3.9367137419397684,0.4014667686578808
1785944792.8388972,-3.831988896181217,0.6327792078968912
1785944793.040067,-5.053298694277966,1.0436827940274152
1785944793.240443,-4.9180133164655375,3.2811925265581445
1785944793.4420102,-2.8236273563550123,2.33429844759352
1785944793.6414769,-3.4420040659318922,0.05473232975110154
1785944793.841434,-3.992498519210343,0.6915374264298695
1785944794.0414228,-3.5032780000232684,0.6583789287990305
1785944794.2411704,-3.272489765073841,1.1991836439416304
1785944794.4442332,-3.6996726250233314,3.2215630783046967
1785944794.6398702,-2.2092642471854402,0.6860291057214079
1785944794.8474958,-4.927395463941924,0.9367367446906085
1785944795.0436397,-3.3263914088620052,1.6367687147245076
1785944795.2462475,-3.693252310972106,1.5764442331439226
1785944795.4440668,-2.855745829623591,0.4472778898625336
1785944795.6452663,-3.6615919100661793,0.9413693911691288
1785944795.8462133,-4.045002086887623,0.9969387490016963
1785944796.0447788,-2.3304337209195296,0.1824644037079668
1785944796.2449162,-3.315716262069989,1.5198480804495111
1785944796.4475224,-3.2838991993799125,0.19392025560060966
1785944796.6581297,-2.53315707262327,1.4250909790747286
1785944796.8734396,-5.146443778585856,1.7938611458100735
1785944797.0727859,-2.4098065245425087,1.4177764873657916
1785944797.2734776,-4.169438838877718,1.6378681910227586
1785944797.4738927,-2.388486544718968,1.3234885294334007
1785944797.6790774,-6.226115535056103,1.271367946141219
1785944797.8811538,-3.835444968544439,2.3258707428216003
1785944798.0793273,-3.4275602639221447,0.8852124844484424
1785944798.2804086,-3.618173127263908,0.8556901496306344
1785944798.4799218,-3.7025806122931204,0.5056491802555662
1785944798.678848,-3.478185538557046,1.5358608377854566
1785944798.881827,-3.9880804436757127,1.9822528372916066
1785944799.078749,-4.322960644144098,1.4980349138495077
1785944799.2787113,-3.4291086974795415,0.17791553500476853
1785944799.4798515,-3.043507677578499,1.9186400362863383
1785944799.6796021,-4.860132962356545,1.1920989498610224
1785944799.8841586,-4.2389370828643065,1.0975536953271239
1785944800.0839155,-3.4435328265916914,2.729633730483652
1785944800.284264,-3.7404226148892024,2.204620925990527
1785944800.5365102,-4.284038673789522,2.1107493020386974
1785944800.7330756,-4.5251606100167265,2.8577148255235354
1785944800.933742,-4.210679853866087,0.9169061929921416
1785944801.137589,-2.8102385556573384,1.3259312053549426
1785944801.3378181,-5.046736448611952,0.8842500420450716
1785944801.536293,-4.588190804349057,0.847745715210552
1785944803.2840497,-4.38750992595417,1.706686977395911
1785944803.3007338,-2.614804050008182,1.412882044715093
1785944803.30426,-4.566042629963852,-0.08483602116185796
1785944803.308023,-4.0566896035947755,0.47316913662075566
1785944803.313381,-2.15234141820782,0.7895383824814771
1785944803.316462,-2.4480917261975828,2.5542061751656018
1785944803.3182762,-3.2100148362331513,1.9550847037693924
1785944803.3198197,-4.367961821646049,0.40032281786178725
1785944803.3421454,-3.252082749389313,0.891500263931615
1785944803.5401256,-3.312954084372911,1.0489507045030817
1785944803.7386527,-3.496550478207638,1.836449718292516
1785944803.9391708,-2.6620250506019953,1.0416984164207315
1785944804.1403177,-3.506491094155221,0.8601255196157827
1785944804.3873324,-2.805470126694393,1.9195134704111407
1785944804.6317785,-5.375116827115039,1.7335203743389396
1785944804.830924,-3.2706853517646146,0.7324114662899688
1785944805.0306964,-3.1157243187722616,2.77158775205487
1785944805.2377424,-5.143630791563888,1.2838225680487947
1785944805.4357202,-3.494528617925039,1.4137217170961742
1785944805.6328247,-3.499735658154724,1.292525422518395
1785944805.8305566,-2.570549929667445,1.1647659015515917
1785944806.0322394,-3.613284708536728,2.056600801546693
1785944806.2286103,-3.9609683641923525,1.3032783262627576
1785944806.4294965,-2.436790736984291,0.988958633337976
1785944806.6291032,-4.341639775608094,1.8909868540415116
1785944806.8382356,-3.026617393054405,1.2739072846935673
1785944807.0556278,-3.7853720494871923,2.5690043169855894
1785944807.2561026,-3.4358028605609436,1.8721121101546392
1785944807.4544044,-4.336095363135172,1.3904265806379579
1785944807.6559668,-2.702287541742434,0.9025926265073968
1785944807.8556213,-3.551793707401901,2.5306268071383196
1785944808.0554295,-2.6845181558047195,0.2083152939445443
1785944808.2549808,-3.680595538755757,1.4645652824654498
1785944808.4535434,-2.846436301170323,0.3408127896186032
1785944808.6538286,-2.6901391104558505,0.7791257353287746
1785944808.8540375,-4.7563022680539015,1.810808042607523
1785944809.0542796,-2.5917630216683865,1.2510624608864784
1785944809.2526822,-4.164035197854158,-0.4613334885729774
1785944809.4529772,-4.594344056854959,1.6914820205551278
1785944809.6533165,-4.254162588404998,1.1812355462247244
1785944809.853329,-3.4690443603988146,1.9723527965309435
1785944810.0533369,-4.399171750798484,1.3023412125701836
1785944810.253201,-3.682986010066799,1.5193265249321768
1785944810.4536242,-4.7226679879158535,1.299280544889074
1785944810.6532834,-2.1501823181882926,1.9350848529276115
1785944810.853592,-4.179125895864099,1.3988633456336619
1785944811.0530908,-4.69032780882371,1.18015662715687
1785944811.2534847,-4.339180278727168,2.8676208436080057
1785944811.453929,-2.6254225294279356,0.5346202237286414
1785944811.6612058,-3.160520027838018,1.0312568152226973
1785944811.8581023,-2.7438547036248324,0.8125162267249079
1785944812.0573373,-4.530775345831819,0.5865060277470815
1785944812.254305,-3.672190029943047,1.0659053680079018
1785944812.453658,-4.675942856849899,0.4606732766773879
1785944812.6541877,-3.5426621136627854,1.1139288884937222
1785944812.858559,-3.751201521580932,1.8988822875049074
1785944813.0554302,-4.010960618698506,1.493336090618656
1785944813.2549596,-6.2581808960334335,0.7599070448777293
1785944815.5513287,-4.929557482566211,1.0380240414137873
1785944815.5625384,-3.6856446083666636,2.399167535098182
1785944815.5700417,-3.847979317083231,1.7050812427197188
1785944815.5765452,-3.8755070718374602,0.9772635533259304
1785944815.583116,-2.3324722331303906,0.4487966101039462
1785944815.589012,-4.743330726715541,2.272232452108498
1785944815.5923579,-3.745418911228628,1.264754089302679
1785944815.5968766,-2.261901121157414,1.4609069299041357
1785944815.5983953,-3.8668377315038174,1.343986081698065
1785944815.599668,-3.9187549578300773,0.7694580252893924
1785944815.7398877,-3.299105568137667,0.5072905804758353
1785944815.9418902,-2.5527435931202485,2.0428823239118916
1785944816.1407123,-2.979468985526583,0.9301135580897943
1785944816.338817,-3.91147052504459,1.3517791441134943
1785944816.5509324,-2.8394077295179847,1.3697263402764515
1785944816.745239,-5.127232820848293,0.21144379483471032
1785944816.9706533,-5.246712678018865,1.1388837061357635
1785944817.2003915,-3.875309200164457,1.5139049632868031
1785944817.420172,-4.45652496482537,2.2616376697284633
1785944817.6294894,-3.9866766869426,0.3003336902967655
1785944817.8284771,-2.562501106156319,0.2206021238602236
1785944818.0328846,-4.130523797788387,0.17211499686492848
1785944818.2480981,-3.986265965359437,-0.31083680822966775
1785944818.46374,-4.266912642358055,1.243628462942264
1785944818.6665146,-4.689444723195986,1.3095047439683882
1785944818.874247,-2.4857506371863436,1.9153065381913867
1785944819.0886214,-3.281859350709761,1.2440718133315158
1785944819.2950566,-4.698693650286251,1.6139461312900234
1785944819.5848026,-4.532767857986048,1.5517845624631386
1785944819.7829432,-3.7843632908466818,0.06458685837015965
1785944819.9852314,-3.6415758428951537,1.9252924255351718
1785944820.195357,-1.0496251064264959,1.477064271243501
1785944820.4119182,-4.482200644409926,1.2044000235495813
1785944820.6086283,-4.208570154268038,3.0944097013785434
1785944820.813051,-4.027784727076415,0.6716162307095551
1785944821.0119183,-2.4190578264476024,0.3126211595668331
1785944821.2183971,-2.9737897283470063,0.10618825148148092
1785944821.421199,-3.3786182130888234,2.088128564978809
1785944821.6248732,-4.24504848059075,1.579704318913145
1785944821.8317306,-5.200900428783982,2.1815307344651576
1785944822.0302637,-4.324987978078052,1.0395997101714534
1785944822.231648,-4.197493363685983,0.8080091541619046
1785944822.430034,-3.981224813870567,2.262602793412902
1785944822.7028208,-2.6371095937069278,0.9983770086176738
1785944822.8990533,-4.52477846082148,2.330618249631871
1785944823.1009092,-3.882679019521283,1.0641210465877002
1785944823.2986877,-3.209743117431638,0.8788497526787749
1785944823.5006444,-1.6000245749489985,0.10415925265365278
1785944823.6983385,-3.8138133893131116,1.264932368568937
1785944823.9005513,-3.3256808684694907,1.1895436677455198
1785944824.0982118,-3.5438409493165453,1.3205560939407124
1785944824.2990196,-2.3097403114233175,2.369603913806664
1785944824.5000513,-4.808723169677913,0.1273867135352842
1785944824.7102966,-3.42955055655377,0.2778678987828602
1785944824.9078872,-3.963594947677354,1.8597922441987804
1785944825.168154,-3.4555175873233073,1.7707317134878822
1785944825.3664534,-3.0897513543695796,0.46439466187972345
1785944827.762931,-3.675461111700087,1.7242381458875804
1785944827.7744646,-3.4990756478400153,1.7404650535802797
1785944827.7846725,-3.124399488427253,0.3117713726206699
1785944827.7900908,-4.308117583619583,2.1317124310690425
1785944827.7962244,-3.5059560312905127,1.9154785436417565
1785944827.8050575,-2.2311715598840918,1.18737348434065
1785944827.8085902,-3.8318605625826754,0.7457514250329121
1785944827.8111715,-2.17492284643865,1.1254024836951764
1785944827.8205676,-3.9327846864757214,1.3979462993432556
1785944827.8234546,-4.864696203197912,0.8181985845115636
1785944827.8284013,-4.48550292717141,0.21897170303742164
1785944828.0294218,-2.558467618131891,0.7606520839309022
1785944828.2287536,-2.8157743023623327,0.5378138773605678
1785944828.4310596,-4.000957840953928,0.869144415127621
1785944828.629259,-3.1706884638171013,1.8848783084437306
1785944828.8291538,-3.015876966771926,1.4172410393963026
1785944829.0292206,-4.650255746299502,0.9519594209952631
1785944829.228333,-3.397598661590448,1.4956893353809513
1785944829.4316254,-3.899614942782557,0.8691300768096628
1785944829.6320944,-4.287515574525721,-0.2979085834516131
1785944829.830204,-4.155363930669093,-0.02028692706758517
1785944830.045386,-4.988196430647138,-0.3193475589930592
1785944830.2334843,-4.25921447314561,0.9765526905065705
1785944830.4345992,-4.082961066529548,1.5920087971375034
1785944830.6372733,-3.822893104680077,-0.45308070082751106
1785944830.834507,-2.958973294775451,0.888296341871528
1785944831.0348744,-2.9937113662583315,1.8765755741859107
1785944831.2343493,-3.080084749848204,1.7637419025282206
1785944831.4350483,-2.6505668543070264,1.715532587498894
1785944831.6334963,-4.3601250949136485,0.4723644004621159
1785944831.836045,-4.226372985850388,0.7408037179068523
1785944832.0346708,-2.6643944221578097,1.4650580177357657
1785944832.2360375,-4.022597755324261,2.3240260021154295
1785944832.4355102,-4.4947010974428725,2.2838854696941673
1785944832.635247,-3.2023259873894743,1.9084397325994704
1785944832.8359299,-5.374612689374416,1.301746085220301
1785944833.0345385,-3.499297024540671,1.2927975704648658
1785944833.2360744,-3.1736674031662955,1.4602383058646573
1785944833.4344683,-4.1261801034370444,0.029702867348100792
1785944833.6353288,-3.174625066153603,1.4751233452028347
1785944833.8354201,-3.1035102798882566,1.5512031497383507
1785944834.0349073,-5.201132690796557,1.3092756518179722
1785944834.23491,-2.7195767895946092,0.43707220100993927
1785944834.4340136,-3.5371193504836227,1.152708015961073
1785944834.6348877,-3.9491902320607393,1.1254564252689692
1785944834.8346784,-3.613095217889181,1.3138196864307234
1785944835.034263,-3.3275083843563036,1.5270234906128524
1785944835.2403011,-3.3783724822170216,1.3058074628959282
1785944835.4408133,-3.0888382945428403,0.9829941958221622
1785944835.6421397,-3.246527542484805,1.257334285750812
1785944835.8392835,-4.850665369500651,0.9104461220127
1785944836.0405343,-3.737514758014447,0.8748318140621556
1785944836.2411513,-2.3368249218581454,1.0212114317646
1785944836.4395263,-3.2358058407106953,1.4517331808762877
1785944836.6401994,-3.67809575626663,1.336044764103097
1785944836.8397062,-1.9473445565384395,1.4907201633204512
1785944837.0398972,-2.581906992955628,1.1578010412213855
1785944837.2393785,-2.7542265960895715,1.1465037503883078
1785944837.4395263,-3.9403602070878367,1.5382956336122509
1785944837.6550663,-4.442136066057069,2.3778743103505917
1785944839.9624074,-4.873646977959822,2.002336548750962
1785944839.9718115,-3.388380321692695,2.444134079018485
1785944839.983406,-4.385692336594143,2.6213733392121776
1785944839.9879944,-2.9204049136968773,1.8390423495675856
1785944839.9931114,-3.2488483429042105,1.399532001099717
1785944840.001115,-3.2845583662491578,1.651161744519675
1785944840.003975,-1.929000856598316,1.0440710200280043
1785944840.0105903,-4.972250975126604,2.78646719211061
1785944840.0131245,-5.21502631288312,1.2241666622945833
1785944840.0158348,-2.9496448152775114,2.7460547813854594
1785944840.08013,-3.1172896378124757,1.064578686748215
1785944840.279876,-3.7614683590864084,3.060503113726956
1785944840.4819937,-4.238090366216603,0.28126132816157745
1785944840.682251,-4.5695802777288534,0.4296439380930629
1785944840.8801095,-3.852694822409475,1.8701259247933608
1785944841.0847967,-3.640258876265576,1.9361619996963388
1785944841.2806094,-4.8183118185466185,1.2433510065437243
1785944841.4834082,-3.3838921752759723,1.7278357690045385
1785944841.6813943,-3.8074938273295693,1.0168188993593128
1785944841.8864648,-3.253735477304343,1.3381102267896063
1785944842.0860317,-4.039209308313248,1.7866733926175078
1785944842.2856872,-3.4964793047830787,0.010382972300251314
1785944842.4843507,-2.752693644917429,0.5887744298254837
1785944842.6851854,-4.261866494347819,1.9548492678194154
1785944842.8924932,-3.5225963565656246,0.5266242611036318
1785944843.0944839,-3.359736809802191,0.8110030547992715
1785944843.3214264,-3.982130109144215,0.5599152348986437
1785944843.5205476,-3.6213623089695366,1.4494167314467545
1785944843.7307618,-3.479672800525967,0.9645057605462051
1785944843.9385872,-3.799883038009261,0.9376113779108357
1785944844.1452715,-2.9973472557600287,2.0138748982856898
1785944844.345639,-3.8394559597047255,-0.03408650321707429
1785944844.6066234,-4.286579566289532,1.8769785056707158
1785944844.8066928,-4.96675866270073,2.0243544482522537
1785944845.0210323,-4.978297764585509,2.101069460244231
1785944845.2317004,-4.793592931432731,-0.006512243962481179
1785944845.499476,-4.020419596535041,0.05400582744590454
1785944845.7191331,-3.3863442415180343,2.8028016771609456
1785944845.9434931,-4.748687428517105,0.47566728910610534
1785944846.1603978,-3.911372077424515,0.5606225121599839
1785944846.3614066,-4.580409488686631,1.7569036067216866
1785944846.5684922,-2.665652309316308,1.245683149396104
1785944846.766015,-3.7924976272920863,2.308129726033835
1785944846.9846244,-3.0770954148435647,0.8487020222193442
1785944847.1895483,-3.43118345000722,1.380990882436714
1785944847.3899913,-4.108986879342753,1.3200965684268122
1785944847.5887394,-3.196607088484528,2.3619495281097422
1785944847.7990298,-4.2777604011285595,1.4434749082227052
1785944847.9888804,-3.5911497146779228,1.464733791381065
1785944848.188447,-3.1452417593897226,1.4909670893358875
1785944848.3886058,-4.410846769438391,1.6147934633056193
1785944848.5886195,-1.5064109563258694,0.6755773278659811
1785944848.7884064,-3.0202327827788458,0.9395536774652935
1785944848.9909441,-3.46134308586285,1.1018273150896853
1785944849.1887224,-3.445125238306253,2.1852433569862306
1785944849.3935242,-3.7205541510905005,1.7608785066317214
1785944849.5886633,-3.8556847404853833,1.3960690199673178
1785944849.8515801,-4.749619137479167,1.48529084930612
1785944852.0524073,-3.4487515456303965,0.4915685822293677
1785944852.0634236,-2.8438785497106887,1.9380283008621304
1785944852.0740397,-3.0153722181533817,0.9920782221954149
1785944852.0772314,-3.412202418654176,0.648164204560147
1785944852.0822198,-3.6722969706226873,2.612743954087547
1785944852.0878932,-4.253236253168047,0.9389828567921323
1785944852.0937052,-3.982534006743806,0.2035083720084765
1785944852.0953348,-4.3651857644595164,1.841714674595479
1785944852.0971704,-4.2176309318640275,1.7480225706626136
1785944852.0988133,-2.577144647150341,2.2502718477273036
1785944852.0999784,-3.8597114180799847,0.22329341309489958
1785944852.2917225,-5.053772842689637,1.5098991499123553
1785944852.4933844,-3.6908112446166395,1.70543976330259
1785944852.6916842,-3.1605308270563324,1.193682008264692
1785944852.90226,-3.2209342004220716,0.0054118310834536665
1785944853.0914724,-1.6175460580515824,1.426827575035922
1785944853.2914941,-2.1239001826954045,2.4490125778041376
1785944853.4998214,-3.704587896936842,1.143126065998049
1785944853.6924844,-3.667409667434265,2.5963454782263304
1785944853.89973,-4.152769869020671,1.659059813895836
1785944854.1093514,-3.071462328812541,1.7353516575606172
1785944854.3035598,-4.334455588358427,1.2823462990387928
1785944854.5011096,-3.1278707265306194,-0.7685018109403337
1785944854.6999102,-3.9123973051914707,0.9774409596049973
1785944854.900788,-4.496254446538456,-0.3916472070228909
1785944855.1001968,-4.079543450467661,0.9990846145283699
1785944855.3237941,-3.8131425185567283,1.4374549615137728
1785944855.523159,-1.7691176847766257,2.032465076625681
1785944855.7258074,-3.672691301383309,0.8496659076034698
1785944855.925631,-3.3683200701688394,1.7047401316373803
1785944856.2454448,-2.5217391594524052,1.0375577748328104
1785944856.4508357,-3.0281967440634494,1.6499360199809037
1785944856.6509893,-3.1731911804924446,3.0727919381857136
1785944856.8510697,-4.028657959914142,1.1248962983794057
1785944857.0502853,-4.269841275372997,0.5228143806827783
1785944857.2496252,-3.7060087995455677,0.805145905151276
1785944857.4515429,-3.7487690957991844,0.6759558604424183
1785944857.650025,-3.2826693380031218,1.142192441269027
1785944857.8513463,-5.185784216442326,1.0746350708035854
1785944858.0621107,-3.87627926655307,1.7935273420241882
1785944858.2755568,-3.4422950209952208,1.4851119193295037
1785944858.474376,-4.023574266670461,1.4565331051019763
1785944858.6744957,-4.766952111326782,1.4914786354082792
1785944858.8760734,-4.831660343779433,-0.0792004812863758
1785944859.074414,-3.797655516854853,2.8017661763757387
1785944859.2763522,-3.1006343909319325,1.879784032022151
1785944859.478804,-4.584363733382137,2.2489451711868487
1785944859.6758866,-5.207863916729892,1.6345962943972252
1785944859.8753443,-4.115183294408037,2.731121084380077
1785944860.0782375,-3.5718573291545996,1.7956153404428252
1785944860.2751658,-2.837900794092977,1.581582079343209
1785944860.4756749,-4.387389121220321,1.5878771841237858
1785944860.674601,-2.081522484881071,1.7362410706827998
1785944860.8756723,-3.666153831478832,2.06311563382721
1785944861.0740952,-3.7255561528996686,1.5827570063292153
1785944861.2751865,-5.385611602209139,2.9781256657619313
1785944861.4765196,-2.5339842561463595,0.323750501871754
1785944861.6734855,-3.876078605087397,1.2908664958740093
1785944861.8801568,-2.834012932103348,2.4742221537557914
1785944864.081093,-2.9651363928746406,2.204086462570783
1785944864.0903323,-3.9704328365493846,1.357431924290964
1785944864.099926,-3.9028282769723615,2.327289433549339
1785944864.1049232,-2.7071859120467594,2.730295166157455
1785944864.1108632,-3.4930565138272853,1.5667871349760398
1785944864.1170895,-3.2151100148408736,1.784691990989411
1785944864.1222787,-3.741807036379546,0.8837895438733848
1785944864.1244605,-3.317926151196513,0.49122666266534243
1785944864.1259432,-3.2849226958977558,2.152460951622519
1785944864.1277583,-4.917838973489691,0.604063745382005
1785944864.1407664,-3.9486159991607206,1.1193566963586261
1785944864.3421738,-3.1658527785671686,0.6396948960157627
1785944864.5389287,-4.09453416874379,2.823389969572231
1785944864.7384632,-3.3903017016375685,2.150319086930651
1785944864.9390788,-3.501779767480793,2.497899336458575
1785944865.140438,-3.3753562021568317,1.8215816159306466
1785944865.345235,-2.9947559275423314,2.3807371522086007
1785944865.5544503,-3.1133888128494194,0.15607253424574874
1785944865.757045,-3.242162856808216,-0.443388282318548
1785944865.9552274,-3.8438650232821963,0.9966749171689067
1785944866.257208,-4.0836741404783155,1.8284623440515144
1785944866.4456122,-3.742737784658722,-0.44157196465932347
1785944866.6468468,-3.523988137738422,1.5843364180025628
1785944866.845048,-4.521980515639629,0.6916160272822597
1785944867.0467923,-3.667463256810447,-0.22614655781640325
1785944867.246541,-2.7574328275951405,1.7157374282710975
1785944867.4460037,-2.770717230822033,2.3772533097750816
1785944867.6456556,-2.9815906222781994,1.7506994627826757
1785944867.845891,-5.661515044670409,1.6662061069456304
1785944868.044182,-2.65672035411521,2.391937394931663
1785944868.2489126,-3.644474489693729,0.11560282846577485
1785944868.462813,-3.424946507408772,1.114705277762574
1785944868.6617174,-2.7200520062611098,0.8964231546291146
1785944868.8613584,-2.957338498717462,1.3415840750982277
1785944869.0611227,-3.698639639924508,2.5312696353940374
1785944869.2722154,-2.3363119001814106,0.8574075060008179
1785944869.4707348,-4.000136139198318,2.202577279017617
1785944869.66927,-3.713427859453471,-0.7734143967216003
1785944869.8695645,-3.6854444233350745,1.4066777652447051
1785944870.0684211,-2.821100770879659,1.9247957907128153
1785944870.269004,-2.893656835556661,1.2215998134587833
1785944870.4688609,-3.896586592864101,0.3197776820878867
1785944870.6696327,-3.4575238011959217,2.2377883998993444
1785944870.8706002,-2.411056712030102,1.6901854797860805
1785944871.0709445,-2.4762411161225613,2.041544149916443
1785944871.2689948,-2.912121250440629,2.0411327325182467
1785944871.471196,-3.2935278555906704,1.2771583517274687
1785944871.6700404,-2.389842533784961,0.6172422801183752
1785944871.8710365,-3.768747292846582,0.48843194768161236
1785944872.0702958,-3.7886031808765908,2.6281580962645297
1785944872.2700295,-4.02453808248425,0.8103918612093983
1785944872.4731653,-2.2220215399188588,0.8330117983792209
1785944872.6687381,-4.233649328369331,0.6452321502997731
1785944872.980916,-3.507165584667232,1.8848752090714223
1785944873.1806052,-3.8130925120279002,-0.0933897808006412
1785944873.3801181,-4.49047398237639,1.1525607168768452
1785944873.5854065,-3.083202812344878,2.281198831753584
1785944873.7856584,-3.0759457507949186,2.3728174831801567
1785944873.9841855,-2.685844948893453,0.6022772525262853
1785944876.173695,-3.4779453470880846,1.7988708770523596
1785944876.1871114,-3.6122850104719557,0.9920655758502708
1785944876.2054036,-4.742753544456961,0.055950613865838106
1785944876.213094,-3.259240916221796,1.868016376917902
1785944876.2198389,-5.910108603159713,1.9007907561154824
1785944876.2273443,-3.219849215432839,1.1376109345406846
1785944876.2349591,-3.7152687377543128,1.24359713589041
1785944876.2377543,-3.603485496048613,0.7360242029250679
1785944876.2419906,-4.293498800090331,2.5745713661501686
1785944876.2451298,-3.4267376895777724,1.3316147476076885
1785944876.2467716,-2.781223677899229,1.6170906909807072
1785944876.399782,-3.4900534544472563,2.058849516018671
1785944876.600422,-4.49822414778057,0.38136547001122467
1785944876.8004735,-4.021254113402745,0.010341900708784824
1785944877.0003505,-2.03223853350537,1.371385006476985
1785944877.2696016,-3.8742129704625876,0.8014827897346661
1785944877.4712543,-3.224928371429457,1.6698678735118866
1785944877.6699216,-2.7504410909647357,1.98652054906576
1785944877.8912487,-4.089781186791572,0.8762497131685107
1785944878.0969253,-3.4672196173359255,0.20099560912669778
1785944878.2936666,-4.41098105817918,0.3788135893963862
1785944878.5248952,-3.2599098751766307,0.8190362746020594
1785944878.730529,-3.5714293959236976,1.2063313780669784
1785944878.9299781,-4.345954983991062,1.2693628304173845
1785944879.1346512,-3.165696411977546,0.9759695831554899
1785944879.336083,-2.8463660873762198,1.5782671214818824
1785944879.5370002,-4.6105044329197495,0.8567035161199987
1785944879.7364304,-3.154589093292911,1.087658099821434
1785944879.936527,-3.361737624240359,0.17154993730691181
1785944880.1414526,-2.4434382071931733,1.0462694483000514
1785944880.338739,-4.653373413507109,2.6270285837298273
1785944880.5397227,-4.322402595682427,1.447300856606309
1785944880.7391307,-2.800899877829878,1.297653354159543
1785944880.940956,-4.507736962537249,0.29177628913554654
1785944881.1417475,-3.756716663017847,1.2139861462705117
1785944881.3397362,-2.5301452075850195,2.2167769684830416
1785944881.5460854,-2.7086617446089214,2.0460832106714553
1785944881.7466197,-2.6212878738493024,1.3837705360210704
1785944881.9435792,-3.2647321023055937,0.5282256341226473
1785944882.1438203,-4.005307981056932,1.819332134205838
1785944882.3455975,-4.429549129484382,1.3677972204929567
1785944882.5513785,-2.8309985667203907,1.0463087453876365
1785944882.7545347,-3.415642540246976,2.436491769006903
1785944882.9528654,-2.497256388534095,1.2200832095273684
1785944883.1572597,-2.348944437634244,0.4354462891481624
1785944883.3532548,-4.201575413860385,1.266308552839866
1785944883.5611553,-3.1736246249653766,0.4886739037714507
1785944883.7617557,-3.976886297881967,1.067004860506887
1785944883.975209,-3.6937863387801064,0.27672579803759767
1785944884.2327957,-4.608375507322494,2.3170836095350755
1785944884.554716,-3.9640641994395773,1.2768299516869446
1785944884.7870922,-3.999930644695228,0.3725429640531467
1785944885.0778568,-4.322394281127989,0.43816321152600635
1785944885.5274162,-4.020157949701988,1.1189020096869555
1785944885.8345983,-4.146931196817137,1.60984024241182
1785944886.0461757,-3.906689620703358,0.6985074797181987
1785944889.1148942,-2.70175790496157,1.4355563041544193
1785944889.1318264,-3.6515140533815447,1.458659517219282
1785944889.1457467,-3.6105214673874144,3.3903324736047846
1785944889.151821,-3.0568689569408534,0.16321117054028744
1785944889.1633487,-4.277352820224796,0.8197352495107935
1785944889.170066,-2.3433039539498672,2.1858634341960927
1785944889.176982,-2.4753495919420594,1.5988051085270543
1785944889.1795316,-4.475096466766376,0.1379374854452604
1785944889.1819463,-3.0503094749420825,3.8346569415047673
1785944889.1843188,-3.6055270756531597,1.0174746811927975
1785944889.185712,-4.374492890535362,1.877903487043252
1785944889.3499684,-2.191971159174479,0.056957358136459746
1785944889.5676553,-3.887791965875948,2.51643255114215
1785944889.7781007,-2.63376640853205,2.7056081831707437
1785944889.9857628,-3.675767073165385,2.924741272157746
1785944890.232858,-2.8026915171069193,-0.7451459576518726
1785944890.4041464,-2.621486483230135,1.1707361389349162
1785944890.614615,-4.827732334914261,0.9715892337211375
1785944890.8115742,-3.180794428908744,1.8615997016706558
1785944891.0107002,-4.38692071474395,-0.06046154009826665
1785944891.2153404,-4.162782413176096,1.8642325294373727
1785944891.6431227,-3.7504335563938085,2.9695851400181703
1785944891.8388312,-2.789705491528383,1.0549233145544947
1785944892.0401876,-2.8511174979994083,1.015402559320791
1785944892.244791,-3.2669698061008607,1.2008993577170173
1785944892.4525971,-3.8458420597000433,0.15540564271335522
1785944892.662579,-3.5727827767546727,0.4632158231185346
1785944892.8595881,-4.428082653669156,1.8248602600712354
1785944893.2971041,-3.6913286850193088,0.8703339600087603
1785944893.5002892,-3.7866290333725905,1.5819737617752752
1785944893.7013316,-3.193511404622745,0.3292926961058378
1785944893.9853544,-3.504035975582619,2.0091200200097665
1785944894.2005556,-3.551790953797811,1.4602967835317406
1785944894.399396,-3.2204081388213197,0.6367555147779389
1785944894.598885,-4.177165389993036,0.07486788014009682
1785944894.8038418,-3.4269486683217307,2.297005763504994
1785944895.0011697,-2.7096911480780026,0.0429554912481791
1785944895.1995587,-3.697583493395743,0.4641020567353762
1785944895.3981729,-3.8611524152237786,2.173995011673145
1785944895.5991251,-3.9498322414042883,1.657583134480594
1785944895.799253,-4.048221866673875,1.2033324572846205
1785944895.9993417,-3.6030173297294765,0.867645816356925
1785944896.2045152,-3.764112722889408,1.1126839605433982
1785944896.4051416,-2.3949599927326872,1.0003398662145222
1785944896.6038256,-2.8587744063128486,2.006082368191113
1785944896.805352,-3.8945065258808342,0.7391317355904067
1785944897.0034153,-4.7390067871379316,0.37753378399418014
1785944897.214602,-4.569954200240582,2.4606687966349083
1785944897.410144,-5.350465245187161,1.3007321546138095
1785944897.6136775,-3.619366753363618,0.6474925346341582
1785944897.8642964,-3.5021725586903525,0.4149156471323441
1785944898.060262,-2.845550584903356,0.8352524532207127
1785944898.2618814,-3.011667054081174,0.6870790092585727
1785944898.4643617,-2.3166352918536646,1.3104398037667568
1785944898.6657038,-2.9598335524967863,-0.5124773726231142
1785944898.8652434,-2.8572689079051012,-0.18693568670035643
1785944899.0684328,-3.1513929078299183,1.40242472122093
1785944901.6948931,-4.182020431701096,1.2301913065458912
1785944901.7080262,-3.111510288517999,1.7292166188520333
1785944901.716175,-3.123142549698078,-0.3157914892986273
1785944901.7284021,-2.00832898978687,0.9909032594688679
1785944901.7356358,-2.835112375861999,1.9686649396440563
1785944901.7412639,-3.724908253404814,1.638464778072385
1785944901.746266,-4.204706538613857,1.1597118276177163
1785944901.7486804,-3.6548020612970937,2.5988386958215077
1785944901.7513375,-2.9457236566028038,1.1922469413140597
1785944901.754244,-4.170323112604443,1.684634422494033
1785944901.7769074,-3.4773750172550004,2.5921809454075078
1785944901.9759016,-3.4859906119868285,1.5308422156818822
1785944902.174793,-3.7621169875922766,1.6602271355376221
1785944902.4207308,-3.3743833145492363,1.4977498084563523
1785944902.7089717,-3.306624925453203,0.94494289374695
1785944903.0520606,-3.016960139617463,1.907881067155163
1785944903.2601836,-3.916007340657833,1.7333129527318902
1785944903.4504566,-3.1856393849944693,1.6136096302909033
1785944903.7072046,-2.140370601366885,1.4534843277528802
1785944903.9154606,-3.0806758829657515,0.420964883655335
1785944904.1268656,-3.4210836216390916,0.22916551999711987
1785944904.3275986,-2.948941697635541,-0.11600848856598445
1785944904.5341902,-4.783303812508633,1.3385954222056888
1785944904.8030946,-3.3229858954219282,1.284781886871735
1785944905.049332,-2.5111269980531254,0.6116005176164222
1785944905.2678761,-4.337527013906735,1.2197933617790018
1785944905.5991664,-4.898287710480247,2.2450260326892844
1785944905.817239,-2.9275571449464564,1.5726844042904458
1785944906.0323849,-3.989400205386424,1.4814947049428449
1785944906.2354622,-2.395177434969473,2.1074057962518533
1785944906.4501407,-3.399669384259399,2.6620652918300687
1785944906.655022,-4.068171678621507,1.902845012624938
1785944906.8551521,-2.675430275964642,1.3736658222086475
1785944907.0545244,-3.5076343029827655,0.07374421047394808
1785944907.2631073,-3.722627397103696,0.8936014102462551
1785944907.4549255,-3.714944358123415,0.7891413768371083
1785944907.654905,-3.2543348118292346,1.5203969464655498
1785944907.8659008,-3.713016835482757,0.534054014517016
1785944908.0561414,-3.0709405186454006,1.160172384148331
1785944908.2559416,-4.695764772666044,1.4896470331361706
1785944908.4550798,-5.023142147138012,2.0465880316273486
1785944908.66038,-4.669436615486341,0.4004872506230066
1785944908.855782,-4.380525331585708,0.8520157041550127
1785944909.0666416,-2.995436818473223,0.839518811019525
1785944909.2672446,-4.357569810602182,2.046233753350963
1785944909.4875154,-3.2601192915133175,0.8818761830923509
1785944909.692732,-2.502711334906159,0.36142646356925523
1785944909.8979216,-5.755786270070969,0.29219933966053246
1785944910.0979888,-3.4774409228359753,1.645373634559622
1785944910.3599577,-3.2505489748561094,1.4330062661375984
1785944910.5877028,-5.329551622468305,1.1749481009476812
1785944910.812848,-3.042383725908275,0.7966945128098064
1785944911.030883,-3.767838930742002,1.396178237681238
1785944911.2294996,-4.676295881558712,0.3491433555947038
1785944911.4308252,-3.975153388820917,0.7496053529078293
1785944911.629436,-3.7319065250408325,2.392382885708466
1785944914.9050355,-2.427807484582556,0.4630040670611073
1785944914.9204497,-4.483827629559196,0.1097718588019172
1785944914.935054,-4.0285974818343835,2.7291183952221743
1785944914.946836,-3.141341591742109,1.1861100274848253
1785944914.9540703,-5.566227525359807,1.9119172334078318
1785944914.9659574,-3.547298841278821,0.8338679012273384
1785944914.9752913,-2.5559900691101687,1.4502346823242491
1785944914.9821362,-2.1948502643119117,1.5923661451080626
1785944914.9851985,-4.125771636602687,1.6474870440617186
1785944914.9869554,-2.7493623539888725,1.8500856736738682
1785944915.018888,-3.5965524992659557,1.3691160046785382
1785944915.2320566,-3.231232549557302,1.4491443123515606
1785944915.4248245,-4.304929548891771,1.2654658387309596
1785944915.6272829,-4.371914023687248,0.18504186716525628
1785944915.8708367,-3.2011685358071564,0.4458511596312331
1785944916.0662572,-3.938981013885639,1.757502879980923
1785944916.2702467,-2.881545632516382,0.9389080918867893
1785944916.4711447,-5.5199532973622585,1.339147707657545
1785944916.6709065,-2.2084727176852432,-0.25423249217176314
1785944916.8711452,-3.7974862759460923,-0.554638098066349
1785944917.0708654,-2.53051589843204,1.360598831351973
1785944917.2717202,-4.888395248402165,-0.8460639112503927
1785944917.4710588,-2.853112863440485,2.5267085481813893
1785944917.671174,-3.775891801785512,2.317672716760602
1785944917.8879993,-4.484996700417939,0.12755419899914822
1785944918.2260263,-2.4193223560166643,0.9952367965468009
1785944918.4245217,-3.520103071662658,1.2258944992974237
1785944918.6266756,-4.269583023069695,1.5970473414566522
1785944918.9456766,-3.6372464095776778,0.5492603615103177
1785944919.1445115,-3.063258429167408,2.118506253563403
1785944919.3472998,-5.427037249005185,-0.11280839571721901
1785944919.5469596,-2.8908555510395058,2.1080005562475765
1785944919.7607055,-3.7676709879041668,2.306543751681704
1785944919.9676836,-3.494397472827144,0.7870546515200121
1785944920.1633084,-2.502589161806993,0.15103072503108417
1785944920.3600903,-3.265218907927485,1.253212329647835
1785944920.5631902,-3.9901676254156957,0.9394780792295441
1785944920.7631764,-3.528947923457398,0.02983496258260776
1785944920.9584138,-3.506127607556283,0.7029470091597041
1785944921.1609602,-4.769526133280674,1.39700167979307
1785944921.3667207,-3.605722910793102,1.9392343666863963
1785944921.5689838,-4.815183862119143,0.14087234757224554
1785944921.7713766,-2.2232809491699035,1.357585673245747
1785944921.975335,-2.1178975082757523,2.4383916678287987
1785944922.1732113,-2.8567324401015046,1.1022402089288639
1785944922.3763049,-4.119580761475989,0.5548264400610358
1785944922.5745535,-2.935189833388451,1.0115854457539755
1785944922.77524,-3.163646452651232,0.9083428777948283
1785944922.9791667,-3.058336022687943,0.6998052922454725
1785944923.1790245,-3.5972440253483153,1.5592146272068943
1785944923.3793054,-3.61475821520484,1.5530779737162685
1785944923.5804253,-3.591299401247295,1.7618438373671441
1785944923.7858865,-4.879246266267281,-0.08129689602464851
1785944923.9861927,-4.546582792180594,0.5026997117393958
1785944924.184779,-3.8827772834269685,1.0968161012755089
1785944924.386558,-3.440395438547075,1.0729086604648197
1785944924.592183,-2.521264266440378,1.7774077252670044
1785944924.7921166,-2.0527391423492656,2.1932791709415276
