[INFO] [launch]: All log files can be found below /root/.ros/log/2026-08-05-15-35-31-668356-DanCohen-522
[INFO] [launch]: Default logging verbosity is set to INFO
[INFO] [controller_server-1]: process started with pid [523]
[INFO] [smoother_server-2]: process started with pid [525]
[INFO] [planner_server-3]: process started with pid [527]
[INFO] [behavior_server-4]: process started with pid [529]
[INFO] [bt_navigator-5]: process started with pid [531]
[INFO] [waypoint_follower-6]: process started with pid [533]
[INFO] [velocity_smoother-7]: process started with pid [535]
[INFO] [lifecycle_manager-8]: process started with pid [537]
[behavior_server-4] [INFO] [1785944132.141729449] [behavior_server]: 
[behavior_server-4] 	behavior_server lifecycle node launched. 
[behavior_server-4] 	Waiting on external lifecycle transitions to activate
[behavior_server-4] 	See https://design.ros2.org/articles/node_lifecycle.html for more information.
[waypoint_follower-6] [INFO] [1785944132.144054118] [waypoint_follower]: 
[waypoint_follower-6] 	waypoint_follower lifecycle node launched. 
[waypoint_follower-6] 	Waiting on external lifecycle transitions to activate
[waypoint_follower-6] 	See https://design.ros2.org/articles/node_lifecycle.html for more information.
[waypoint_follower-6] [INFO] [1785944132.158161856] [waypoint_follower]: Creating
[lifecycle_manager-8] [INFO] [1785944132.170534523] [lifecycle_manager_navigation]: Creating
[velocity_smoother-7] [INFO] [1785944132.176104719] [velocity_smoother]: 
[velocity_smoother-7] 	velocity_smoother lifecycle node launched. 
[velocity_smoother-7] 	Waiting on external lifecycle transitions to activate
[velocity_smoother-7] 	See https://design.ros2.org/articles/node_lifecycle.html for more information.
[smoother_server-2] [INFO] [1785944132.178289503] [smoother_server]: 
[smoother_server-2] 	smoother_server lifecycle node launched. 
[smoother_server-2] 	Waiting on external lifecycle transitions to activate
[smoother_server-2] 	See https://design.ros2.org/articles/node_lifecycle.html for more information.
[bt_navigator-5] [INFO] [1785944132.188485430] [bt_navigator]: 
[bt_navigator-5] 	bt_navigator lifecycle node launched. 
[bt_navigator-5] 	Waiting on external lifecycle transitions to activate
[bt_navigator-5] 	See https://design.ros2.org/articles/node_lifecycle.html for more information.
[bt_navigator-5] [INFO] [1785944132.188654797] [bt_navigator]: Creating
[lifecycle_manager-8] [INFO] [1785944132.192105279] [lifecycle_manager_navigation]: [34m[1mCreating and initializing lifecycle service clients[0m[0m
[planner_server-3] [INFO] [1785944132.194794260] [planner_server]: 
[planner_server-3] 	planner_server lifecycle node launched. 
[planner_server-3] 	Waiting on external lifecycle transitions to activate
[planner_server-3] 	See https://design.ros2.org/articles/node_lifecycle.html for more information.
[smoother_server-2] [INFO] [1785944132.200631283] [smoother_server]: Creating smoother server
[planner_server-3] [INFO] [1785944132.202197756] [planner_server]: Creating
[controller_server-1] [INFO] [1785944132.212923000] [controller_server]: 
[controller_server-1] 	controller_server lifecycle node launched. 
[controller_server-1] 	Waiting on external lifecycle transitions to activate
[controller_server-1] 	See https://design.ros2.org/articles/node_lifecycle.html for more information.
[controller_server-1] [INFO] [1785944132.222526685] [controller_server]: Creating controller server
[planner_server-3] [INFO] [1785944132.239402497] [global_costmap.global_costmap]: 
[planner_server-3] 	global_costmap lifecycle node launched. 
[planner_server-3] 	Waiting on external lifecycle transitions to activate
[planner_server-3] 	See https://design.ros2.org/articles/node_lifecycle.html for more information.
[planner_server-3] [INFO] [1785944132.248461314] [global_costmap.global_costmap]: Creating Costmap
[controller_server-1] [INFO] [1785944132.256606476] [local_costmap.local_costmap]: 
[controller_server-1] 	local_costmap lifecycle node launched. 
[controller_server-1] 	Waiting on external lifecycle transitions to activate
[controller_server-1] 	See https://design.ros2.org/articles/node_lifecycle.html for more information.
[controller_server-1] [INFO] [1785944132.257271232] [local_costmap.local_costmap]: Creating Costmap
[lifecycle_manager-8] [INFO] [1785944132.328729221] [lifecycle_manager_navigation]: [34m[1mStarting managed nodes bringup...[0m[0m
[lifecycle_manager-8] [INFO] [1785944132.328792281] [lifecycle_manager_navigation]: [34m[1mConfiguring controller_server[0m[0m
[controller_server-1] [INFO] [1785944132.329347650] [controller_server]: Configuring controller interface
[controller_server-1] [INFO] [1785944132.329553812] [controller_server]: getting goal checker plugins..
[controller_server-1] [INFO] [1785944132.331097434] [controller_server]: Controller frequency set to 20.0000Hz
[controller_server-1] [INFO] [1785944132.331161601] [local_costmap.local_costmap]: Configuring
[controller_server-1] [INFO] [1785944132.338061823] [local_costmap.local_costmap]: Using plugin "obstacle_layer"
[controller_server-1] [INFO] [1785944132.346797990] [local_costmap.local_costmap]: Subscribed to Topics: scan
[controller_server-1] [INFO] [1785944132.349895848] [local_costmap.local_costmap]: Initialized plugin "obstacle_layer"
[controller_server-1] [INFO] [1785944132.349945670] [local_costmap.local_costmap]: Using plugin "inflation_layer"
[controller_server-1] [INFO] [1785944132.351314708] [local_costmap.local_costmap]: Initialized plugin "inflation_layer"
[controller_server-1] [INFO] [1785944132.363677100] [controller_server]: Created progress_checker : progress_checker of type nav2_controller::SimpleProgressChecker
[controller_server-1] [INFO] [1785944132.365345856] [controller_server]: Created goal checker : goal_checker of type nav2_controller::SimpleGoalChecker
[controller_server-1] [INFO] [1785944132.366122346] [controller_server]: Controller Server has goal_checker  goal checkers available.
[controller_server-1] [INFO] [1785944132.375333682] [controller_server]: Created controller : FollowPath of type dwb_core::DWBLocalPlanner
[controller_server-1] [INFO] [1785944132.376777274] [controller_server]: Setting transform_tolerance to 0.300000
[controller_server-1] [INFO] [1785944132.394534740] [controller_server]: Using critic "RotateToGoal" (dwb_critics::RotateToGoalCritic)
[controller_server-1] [INFO] [1785944132.395504249] [controller_server]: Critic plugin initialized
[controller_server-1] [INFO] [1785944132.395761834] [controller_server]: Using critic "Oscillation" (dwb_critics::OscillationCritic)
[controller_server-1] [INFO] [1785944132.396546307] [controller_server]: Critic plugin initialized
[controller_server-1] [INFO] [1785944132.397512123] [controller_server]: Using critic "BaseObstacle" (dwb_critics::BaseObstacleCritic)
[controller_server-1] [INFO] [1785944132.397832506] [controller_server]: Critic plugin initialized
[controller_server-1] [INFO] [1785944132.397972279] [controller_server]: Using critic "GoalAlign" (dwb_critics::GoalAlignCritic)
[controller_server-1] [INFO] [1785944132.398416155] [controller_server]: Critic plugin initialized
[controller_server-1] [INFO] [1785944132.398553935] [controller_server]: Using critic "PathAlign" (dwb_critics::PathAlignCritic)
[controller_server-1] [INFO] [1785944132.399066564] [controller_server]: Critic plugin initialized
[controller_server-1] [INFO] [1785944132.399215104] [controller_server]: Using critic "PathDist" (dwb_critics::PathDistCritic)
[controller_server-1] [INFO] [1785944132.399566913] [controller_server]: Critic plugin initialized
[controller_server-1] [INFO] [1785944132.399689962] [controller_server]: Using critic "GoalDist" (dwb_critics::GoalDistCritic)
[controller_server-1] [INFO] [1785944132.400006292] [controller_server]: Critic plugin initialized
[controller_server-1] [INFO] [1785944132.400030246] [controller_server]: Controller Server has FollowPath  controllers available.
[lifecycle_manager-8] [INFO] [1785944132.409249931] [lifecycle_manager_navigation]: [34m[1mConfiguring smoother_server[0m[0m
[smoother_server-2] [INFO] [1785944132.409594821] [smoother_server]: Configuring smoother server
[smoother_server-2] [INFO] [1785944132.420049614] [smoother_server]: Created smoother : simple_smoother of type nav2_smoother::SimpleSmoother
[smoother_server-2] [INFO] [1785944132.422707309] [smoother_server]: Smoother Server has simple_smoother  smoothers available.
[lifecycle_manager-8] [INFO] [1785944132.430016496] [lifecycle_manager_navigation]: [34m[1mConfiguring planner_server[0m[0m
[planner_server-3] [INFO] [1785944132.430245015] [planner_server]: Configuring
[planner_server-3] [INFO] [1785944132.430278267] [global_costmap.global_costmap]: Configuring
[planner_server-3] [INFO] [1785944132.437473444] [global_costmap.global_costmap]: Using plugin "obstacle_layer"
[planner_server-3] [INFO] [1785944132.445141214] [global_costmap.global_costmap]: Subscribed to Topics: scan
[planner_server-3] [INFO] [1785944132.449282798] [global_costmap.global_costmap]: Initialized plugin "obstacle_layer"
[planner_server-3] [INFO] [1785944132.449342055] [global_costmap.global_costmap]: Using plugin "inflation_layer"
[planner_server-3] [INFO] [1785944132.450748367] [global_costmap.global_costmap]: Initialized plugin "inflation_layer"
[planner_server-3] [INFO] [1785944132.546150628] [planner_server]: Created global planner plugin GridBased of type nav2_navfn_planner/NavfnPlanner
[planner_server-3] [INFO] [1785944132.546246759] [planner_server]: Configuring plugin GridBased of type NavfnPlanner
[planner_server-3] [INFO] [1785944132.547649170] [planner_server]: Planner Server has GridBased  planners available.
[lifecycle_manager-8] [INFO] [1785944132.578339457] [lifecycle_manager_navigation]: [34m[1mConfiguring behavior_server[0m[0m
[behavior_server-4] [INFO] [1785944132.578677600] [behavior_server]: Configuring
[behavior_server-4] [INFO] [1785944132.589442855] [behavior_server]: Creating behavior plugin spin of type nav2_behaviors/Spin
[behavior_server-4] [INFO] [1785944132.592268264] [behavior_server]: Configuring spin
[behavior_server-4] [INFO] [1785944132.605597983] [behavior_server]: Creating behavior plugin backup of type nav2_behaviors/BackUp
[behavior_server-4] [INFO] [1785944132.607817509] [behavior_server]: Configuring backup
[behavior_server-4] [INFO] [1785944132.614993365] [behavior_server]: Creating behavior plugin wait of type nav2_behaviors/Wait
[behavior_server-4] [INFO] [1785944132.616601370] [behavior_server]: Configuring wait
[lifecycle_manager-8] [INFO] [1785944132.625835465] [lifecycle_manager_navigation]: [34m[1mConfiguring bt_navigator[0m[0m
[bt_navigator-5] [INFO] [1785944132.626095356] [bt_navigator]: Configuring
[lifecycle_manager-8] [INFO] [1785944132.853379600] [lifecycle_manager_navigation]: [34m[1mConfiguring waypoint_follower[0m[0m
[waypoint_follower-6] [INFO] [1785944132.854534159] [waypoint_follower]: Configuring
[waypoint_follower-6] [INFO] [1785944132.873361199] [waypoint_follower]: Created waypoint_task_executor : wait_at_waypoint of type nav2_waypoint_follower::WaitAtWaypoint
[waypoint_follower-6] [INFO] [1785944132.875228319] [waypoint_follower]: Waypoint pause duration is set to zero, disabling task executor plugin.
[lifecycle_manager-8] [INFO] [1785944132.876405098] [lifecycle_manager_navigation]: [34m[1mConfiguring velocity_smoother[0m[0m
[velocity_smoother-7] [INFO] [1785944132.876659882] [velocity_smoother]: Configuring velocity smoother
[lifecycle_manager-8] [INFO] [1785944132.887790555] [lifecycle_manager_navigation]: [34m[1mActivating controller_server[0m[0m
[controller_server-1] [INFO] [1785944132.888235933] [controller_server]: Activating
[controller_server-1] [INFO] [1785944132.888287514] [local_costmap.local_costmap]: Activating
[controller_server-1] [INFO] [1785944132.888300821] [local_costmap.local_costmap]: Checking transform
[controller_server-1] [INFO] [1785944132.888498716] [local_costmap.local_costmap]: start
[controller_server-1] [INFO] [1785944133.090127948] [controller_server]: Creating bond (controller_server) to lifecycle manager.
[lifecycle_manager-8] [INFO] [1785944133.198132147] [lifecycle_manager_navigation]: Server controller_server connected with bond.
[lifecycle_manager-8] [INFO] [1785944133.198228973] [lifecycle_manager_navigation]: [34m[1mActivating smoother_server[0m[0m
[smoother_server-2] [INFO] [1785944133.198640472] [smoother_server]: Activating
[smoother_server-2] [INFO] [1785944133.198685141] [smoother_server]: Creating bond (smoother_server) to lifecycle manager.
[lifecycle_manager-8] [INFO] [1785944133.307443181] [lifecycle_manager_navigation]: Server smoother_server connected with bond.
[lifecycle_manager-8] [INFO] [1785944133.307586475] [lifecycle_manager_navigation]: [34m[1mActivating planner_server[0m[0m
[planner_server-3] [INFO] [1785944133.308406192] [planner_server]: Activating
[planner_server-3] [INFO] [1785944133.308574029] [global_costmap.global_costmap]: Activating
[planner_server-3] [INFO] [1785944133.308621225] [global_costmap.global_costmap]: Checking transform
[planner_server-3] [INFO] [1785944133.308937555] [global_costmap.global_costmap]: start
[planner_server-3] [INFO] [1785944134.311856816] [planner_server]: Activating plugin GridBased of type NavfnPlanner
[planner_server-3] [INFO] [1785944134.312682396] [planner_server]: Creating bond (planner_server) to lifecycle manager.
[lifecycle_manager-8] [INFO] [1785944134.425026048] [lifecycle_manager_navigation]: Server planner_server connected with bond.
[lifecycle_manager-8] [INFO] [1785944134.425196754] [lifecycle_manager_navigation]: [34m[1mActivating behavior_server[0m[0m
[behavior_server-4] [INFO] [1785944134.427743444] [behavior_server]: Activating
[behavior_server-4] [INFO] [1785944134.427800167] [behavior_server]: Activating spin
[behavior_server-4] [INFO] [1785944134.427821103] [behavior_server]: Activating backup
[behavior_server-4] [INFO] [1785944134.427836834] [behavior_server]: Activating wait
[behavior_server-4] [INFO] [1785944134.427856578] [behavior_server]: Creating bond (behavior_server) to lifecycle manager.
[lifecycle_manager-8] [INFO] [1785944134.536587928] [lifecycle_manager_navigation]: Server behavior_server connected with bond.
[lifecycle_manager-8] [INFO] [1785944134.536726736] [lifecycle_manager_navigation]: [34m[1mActivating bt_navigator[0m[0m
[bt_navigator-5] [INFO] [1785944134.538273897] [bt_navigator]: Activating
[bt_navigator-5] [INFO] [1785944134.603397167] [bt_navigator]: Creating bond (bt_navigator) to lifecycle manager.
[lifecycle_manager-8] [INFO] [1785944134.707524225] [lifecycle_manager_navigation]: Server bt_navigator connected with bond.
[lifecycle_manager-8] [INFO] [1785944134.707616905] [lifecycle_manager_navigation]: [34m[1mActivating waypoint_follower[0m[0m
[waypoint_follower-6] [INFO] [1785944134.708144040] [waypoint_follower]: Activating
[waypoint_follower-6] [INFO] [1785944134.708198080] [waypoint_follower]: Creating bond (waypoint_follower) to lifecycle manager.
[lifecycle_manager-8] [INFO] [1785944134.815181882] [lifecycle_manager_navigation]: Server waypoint_follower connected with bond.
[lifecycle_manager-8] [INFO] [1785944134.815258761] [lifecycle_manager_navigation]: [34m[1mActivating velocity_smoother[0m[0m
[velocity_smoother-7] [INFO] [1785944134.815853298] [velocity_smoother]: Activating
[velocity_smoother-7] [INFO] [1785944134.815933630] [velocity_smoother]: Creating bond (velocity_smoother) to lifecycle manager.
[lifecycle_manager-8] [INFO] [1785944134.925891554] [lifecycle_manager_navigation]: Server velocity_smoother connected with bond.
[lifecycle_manager-8] [INFO] [1785944134.925971941] [lifecycle_manager_navigation]: [34m[1mManaged nodes are active[0m[0m
[lifecycle_manager-8] [INFO] [1785944134.925992654] [lifecycle_manager_navigation]: [34m[1mCreating bond timer...[0m[0m
[bt_navigator-5] [INFO] [1785944148.299920774] [bt_navigator]: Begin navigating from current location (0.09, -0.10) to (-6.00, -0.50)
[controller_server-1] [INFO] [1785944148.322619181] [controller_server]: Received a goal, begin computing control effort.
[controller_server-1] [WARN] [1785944148.322737463] [controller_server]: No goal checker was specified in parameter 'current_goal_checker'. Server will use only plugin loaded goal_checker . This warning will appear once.
[bt_navigator-5] [WARN] [1785944148.732112484] [BehaviorTreeEngine]: Behavior Tree tick rate 100.00 was exceeded!
[bt_navigator-5] [WARN] [1785944148.851403033] [BehaviorTreeEngine]: Behavior Tree tick rate 100.00 was exceeded!
[bt_navigator-5] [WARN] [1785944149.031221651] [BehaviorTreeEngine]: Behavior Tree tick rate 100.00 was exceeded!
[controller_server-1] [INFO] [1785944149.373521187] [controller_server]: Passing new path to controller.
[bt_navigator-5] [WARN] [1785944149.867094154] [BehaviorTreeEngine]: Behavior Tree tick rate 100.00 was exceeded!
[controller_server-1] [INFO] [1785944150.423193429] [controller_server]: Passing new path to controller.
[controller_server-1] [INFO] [1785944151.423222754] [controller_server]: Passing new path to controller.
[controller_server-1] [INFO] [1785944152.473224530] [controller_server]: Passing new path to controller.
[bt_navigator-5] [WARN] [1785944152.486817728] [BehaviorTreeEngine]: Behavior Tree tick rate 100.00 was exceeded!
[bt_navigator-5] [WARN] [1785944152.523309221] [BehaviorTreeEngine]: Behavior Tree tick rate 100.00 was exceeded!
[bt_navigator-5] [WARN] [1785944152.577231893] [BehaviorTreeEngine]: Behavior Tree tick rate 100.00 was exceeded!
[bt_navigator-5] [WARN] [1785944152.603654366] [BehaviorTreeEngine]: Behavior Tree tick rate 100.00 was exceeded!
[bt_navigator-5] [WARN] [1785944152.654180665] [BehaviorTreeEngine]: Behavior Tree tick rate 100.00 was exceeded!
[bt_navigator-5] [WARN] [1785944152.781034204] [BehaviorTreeEngine]: Behavior Tree tick rate 100.00 was exceeded!
[bt_navigator-5] [WARN] [1785944152.914165317] [BehaviorTreeEngine]: Behavior Tree tick rate 100.00 was exceeded!
[controller_server-1] [INFO] [1785944153.473205327] [controller_server]: Passing new path to controller.
[controller_server-1] [INFO] [1785944154.523192366] [controller_server]: Passing new path to controller.
[controller_server-1] [INFO] [1785944155.523215508] [controller_server]: Passing new path to controller.
[controller_server-1] [INFO] [1785944156.573211528] [controller_server]: Passing new path to controller.
[controller_server-1] [INFO] [1785944157.623214622] [controller_server]: Passing new path to controller.
[controller_server-1] [INFO] [1785944158.623231302] [controller_server]: Passing new path to controller.
[controller_server-1] [INFO] [1785944159.673491164] [controller_server]: Passing new path to controller.
[controller_server-1] [INFO] [1785944160.673191629] [controller_server]: Passing new path to controller.
[controller_server-1] [INFO] [1785944161.723712954] [controller_server]: Passing new path to controller.
[controller_server-1] [INFO] [1785944162.773234749] [controller_server]: Passing new path to controller.
[controller_server-1] [INFO] [1785944163.773909076] [controller_server]: Passing new path to controller.
[controller_server-1] [INFO] [1785944164.823189663] [controller_server]: Passing new path to controller.
[controller_server-1] [INFO] [1785944165.823175007] [controller_server]: Passing new path to controller.
[controller_server-1] [INFO] [1785944166.873196475] [controller_server]: Passing new path to controller.
[bt_navigator-5] [WARN] [1785944166.921960794] [BehaviorTreeEngine]: Behavior Tree tick rate 100.00 was exceeded!
[controller_server-1] [INFO] [1785944167.923186888] [controller_server]: Passing new path to controller.
[bt_navigator-5] [WARN] [1785944168.718582914] [BehaviorTreeEngine]: Behavior Tree tick rate 100.00 was exceeded!
[controller_server-1] [INFO] [1785944168.923237073] [controller_server]: Passing new path to controller.
[bt_navigator-5] [WARN] [1785944169.094598853] [BehaviorTreeEngine]: Behavior Tree tick rate 100.00 was exceeded!
[controller_server-1] [INFO] [1785944169.973317881] [controller_server]: Passing new path to controller.
[bt_navigator-5] [WARN] [1785944170.925134593] [BehaviorTreeEngine]: Behavior Tree tick rate 100.00 was exceeded!
[bt_navigator-5] [WARN] [1785944170.958420470] [BehaviorTreeEngine]: Behavior Tree tick rate 100.00 was exceeded!
[controller_server-1] [INFO] [1785944170.975508033] [controller_server]: Passing new path to controller.
[bt_navigator-5] [WARN] [1785944171.247232664] [BehaviorTreeEngine]: Behavior Tree tick rate 100.00 was exceeded!
[bt_navigator-5] [WARN] [1785944171.805249366] [BehaviorTreeEngine]: Behavior Tree tick rate 100.00 was exceeded!
[bt_navigator-5] [WARN] [1785944171.902536855] [BehaviorTreeEngine]: Behavior Tree tick rate 100.00 was exceeded!
[bt_navigator-5] [WARN] [1785944171.935889374] [BehaviorTreeEngine]: Behavior Tree tick rate 100.00 was exceeded!
[bt_navigator-5] [WARN] [1785944172.015700067] [BehaviorTreeEngine]: Behavior Tree tick rate 100.00 was exceeded!
[controller_server-1] [INFO] [1785944172.023874155] [controller_server]: Passing new path to controller.
[bt_navigator-5] [WARN] [1785944172.143276947] [BehaviorTreeEngine]: Behavior Tree tick rate 100.00 was exceeded!
[bt_navigator-5] [WARN] [1785944172.436298837] [BehaviorTreeEngine]: Behavior Tree tick rate 100.00 was exceeded!
[bt_navigator-5] [WARN] [1785944172.516746229] [BehaviorTreeEngine]: Behavior Tree tick rate 100.00 was exceeded!
[controller_server-1] [INFO] [1785944173.073478046] [controller_server]: Passing new path to controller.
[controller_server-1] [INFO] [1785944174.123190697] [controller_server]: Passing new path to controller.
[controller_server-1] [INFO] [1785944175.123616742] [controller_server]: Passing new path to controller.
[controller_server-1] [INFO] [1785944176.173210282] [controller_server]: Passing new path to controller.
[bt_navigator-5] [WARN] [1785944176.345114845] [BehaviorTreeEngine]: Behavior Tree tick rate 100.00 was exceeded!
[controller_server-1] [INFO] [1785944177.173215050] [controller_server]: Passing new path to controller.
[controller_server-1] [INFO] [1785944178.223205531] [controller_server]: Passing new path to controller.
[bt_navigator-5] [WARN] [1785944178.241533898] [BehaviorTreeEngine]: Behavior Tree tick rate 100.00 was exceeded!
[bt_navigator-5] [WARN] [1785944178.843600926] [BehaviorTreeEngine]: Behavior Tree tick rate 100.00 was exceeded!
[controller_server-1] [INFO] [1785944179.273193305] [controller_server]: Passing new path to controller.
[bt_navigator-5] [WARN] [1785944180.244040835] [BehaviorTreeEngine]: Behavior Tree tick rate 100.00 was exceeded!
[controller_server-1] [INFO] [1785944180.273847666] [controller_server]: Passing new path to controller.
[bt_navigator-5] [WARN] [1785944180.318167872] [BehaviorTreeEngine]: Behavior Tree tick rate 100.00 was exceeded!
[controller_server-1] [INFO] [1785944181.323190161] [controller_server]: Passing new path to controller.
[bt_navigator-5] [WARN] [1785944181.491813020] [BehaviorTreeEngine]: Behavior Tree tick rate 100.00 was exceeded!
[bt_navigator-5] [WARN] [1785944181.517724112] [BehaviorTreeEngine]: Behavior Tree tick rate 100.00 was exceeded!
[bt_navigator-5] [WARN] [1785944181.555693140] [BehaviorTreeEngine]: Behavior Tree tick rate 100.00 was exceeded!
[controller_server-1] [INFO] [1785944182.323201169] [controller_server]: Passing new path to controller.
[controller_server-1] [INFO] [1785944183.373190738] [controller_server]: Passing new path to controller.
[controller_server-1] [INFO] [1785944184.373217588] [controller_server]: Passing new path to controller.
[controller_server-1] [INFO] [1785944185.423241893] [controller_server]: Passing new path to controller.
[controller_server-1] [INFO] [1785944186.423195512] [controller_server]: Passing new path to controller.
[controller_server-1] [INFO] [1785944187.473178245] [controller_server]: Passing new path to controller.
[controller_server-1] [ERROR] [1785944188.323312147] [controller_server]: Failed to make progress
[controller_server-1] [WARN] [1785944188.323453998] [controller_server]: [follow_path] [ActionServer] Aborting handle.
[controller_server-1] [INFO] [1785944188.334571996] [local_costmap.local_costmap]: Received request to clear entirely the local_costmap
[controller_server-1] [INFO] [1785944188.336033691] [controller_server]: Received a goal, begin computing control effort.
[controller_server-1] [INFO] [1785944188.496348064] [controller_server]: Passing new path to controller.
[controller_server-1] [WARN] [1785944188.499514261] [controller_server]: Control loop missed its desired rate of 20.0000Hz
[controller_server-1] [INFO] [1785944189.549655040] [controller_server]: Passing new path to controller.
[controller_server-1] [INFO] [1785944190.549677168] [controller_server]: Passing new path to controller.
[controller_server-1] [INFO] [1785944191.599647943] [controller_server]: Passing new path to controller.
[controller_server-1] [INFO] [1785944192.599624540] [controller_server]: Passing new path to controller.
[bt_navigator-5] [WARN] [1785944193.236221150] [BehaviorTreeEngine]: Behavior Tree tick rate 100.00 was exceeded!
[bt_navigator-5] [WARN] [1785944193.564457999] [BehaviorTreeEngine]: Behavior Tree tick rate 100.00 was exceeded!
[controller_server-1] [INFO] [1785944193.649627633] [controller_server]: Passing new path to controller.
[bt_navigator-5] [WARN] [1785944193.985172737] [BehaviorTreeEngine]: Behavior Tree tick rate 100.00 was exceeded!
[bt_navigator-5] [WARN] [1785944194.052549587] [BehaviorTreeEngine]: Behavior Tree tick rate 100.00 was exceeded!
[bt_navigator-5] [WARN] [1785944194.111578925] [BehaviorTreeEngine]: Behavior Tree tick rate 100.00 was exceeded!
[bt_navigator-5] [WARN] [1785944194.112702394] [BehaviorTreeEngine]: Behavior Tree tick rate 100.00 was exceeded!
[bt_navigator-5] [WARN] [1785944194.197618244] [BehaviorTreeEngine]: Behavior Tree tick rate 100.00 was exceeded!
[controller_server-1] [WARN] [1785944194.205958673] [controller_server]: Control loop missed its desired rate of 20.0000Hz
[bt_navigator-5] [WARN] [1785944194.294806881] [BehaviorTreeEngine]: Behavior Tree tick rate 100.00 was exceeded!
[bt_navigator-5] [WARN] [1785944194.326930540] [BehaviorTreeEngine]: Behavior Tree tick rate 100.00 was exceeded!
[bt_navigator-5] [WARN] [1785944194.360823986] [BehaviorTreeEngine]: Behavior Tree tick rate 100.00 was exceeded!
[bt_navigator-5] [WARN] [1785944194.448343050] [BehaviorTreeEngine]: Behavior Tree tick rate 100.00 was exceeded!
[bt_navigator-5] [WARN] [1785944194.526550181] [BehaviorTreeEngine]: Behavior Tree tick rate 100.00 was exceeded!
[bt_navigator-5] [WARN] [1785944194.538575752] [BehaviorTreeEngine]: Behavior Tree tick rate 100.00 was exceeded!
[controller_server-1] [INFO] [1785944194.649643374] [controller_server]: Passing new path to controller.
[bt_navigator-5] [WARN] [1785944195.349900617] [BehaviorTreeEngine]: Behavior Tree tick rate 100.00 was exceeded!
[bt_navigator-5] [WARN] [1785944195.393571045] [BehaviorTreeEngine]: Behavior Tree tick rate 100.00 was exceeded!
[bt_navigator-5] [WARN] [1785944195.542227663] [BehaviorTreeEngine]: Behavior Tree tick rate 100.00 was exceeded!
[controller_server-1] [INFO] [1785944195.701763620] [controller_server]: Passing new path to controller.
[bt_navigator-5] [WARN] [1785944195.720434740] [BehaviorTreeEngine]: Behavior Tree tick rate 100.00 was exceeded!
[bt_navigator-5] [WARN] [1785944195.823539523] [BehaviorTreeEngine]: Behavior Tree tick rate 100.00 was exceeded!
[bt_navigator-5] [WARN] [1785944195.842727430] [BehaviorTreeEngine]: Behavior Tree tick rate 100.00 was exceeded!
[bt_navigator-5] [WARN] [1785944195.890129480] [BehaviorTreeEngine]: Behavior Tree tick rate 100.00 was exceeded!
[bt_navigator-5] [WARN] [1785944195.891377487] [BehaviorTreeEngine]: Behavior Tree tick rate 100.00 was exceeded!
[bt_navigator-5] [WARN] [1785944196.234536969] [BehaviorTreeEngine]: Behavior Tree tick rate 100.00 was exceeded!
[bt_navigator-5] [WARN] [1785944196.242123333] [BehaviorTreeEngine]: Behavior Tree tick rate 100.00 was exceeded!
[bt_navigator-5] [WARN] [1785944196.351820274] [BehaviorTreeEngine]: Behavior Tree tick rate 100.00 was exceeded!
[bt_navigator-5] [WARN] [1785944196.684220937] [BehaviorTreeEngine]: Behavior Tree tick rate 100.00 was exceeded!
[controller_server-1] [INFO] [1785944196.705776603] [controller_server]: Passing new path to controller.
[bt_navigator-5] [WARN] [1785944196.862205418] [BehaviorTreeEngine]: Behavior Tree tick rate 100.00 was exceeded!
[bt_navigator-5] [WARN] [1785944197.044926299] [BehaviorTreeEngine]: Behavior Tree tick rate 100.00 was exceeded!
[bt_navigator-5] [WARN] [1785944197.071532389] [BehaviorTreeEngine]: Behavior Tree tick rate 100.00 was exceeded!
[bt_navigator-5] [WARN] [1785944197.130689583] [BehaviorTreeEngine]: Behavior Tree tick rate 100.00 was exceeded!
[bt_navigator-5] [WARN] [1785944197.201751900] [BehaviorTreeEngine]: Behavior Tree tick rate 100.00 was exceeded!
[bt_navigator-5] [WARN] [1785944197.345963442] [BehaviorTreeEngine]: Behavior Tree tick rate 100.00 was exceeded!
[bt_navigator-5] [WARN] [1785944197.352964545] [BehaviorTreeEngine]: Behavior Tree tick rate 100.00 was exceeded!
[bt_navigator-5] [WARN] [1785944197.691808074] [BehaviorTreeEngine]: Behavior Tree tick rate 100.00 was exceeded!
[controller_server-1] [INFO] [1785944197.749641266] [controller_server]: Passing new path to controller.
[bt_navigator-5] [WARN] [1785944197.854543804] [BehaviorTreeEngine]: Behavior Tree tick rate 100.00 was exceeded!
[bt_navigator-5] [WARN] [1785944197.956006993] [BehaviorTreeEngine]: Behavior Tree tick rate 100.00 was exceeded!
[bt_navigator-5] [WARN] [1785944198.036489753] [BehaviorTreeEngine]: Behavior Tree tick rate 100.00 was exceeded!
[bt_navigator-5] [WARN] [1785944198.106906026] [BehaviorTreeEngine]: Behavior Tree tick rate 100.00 was exceeded!
[bt_navigator-5] [WARN] [1785944198.176257573] [BehaviorTreeEngine]: Behavior Tree tick rate 100.00 was exceeded!
[bt_navigator-5] [WARN] [1785944198.292329920] [BehaviorTreeEngine]: Behavior Tree tick rate 100.00 was exceeded!
[bt_navigator-5] [WARN] [1785944198.439739370] [BehaviorTreeEngine]: Behavior Tree tick rate 100.00 was exceeded!
[bt_navigator-5] [WARN] [1785944198.457536264] [BehaviorTreeEngine]: Behavior Tree tick rate 100.00 was exceeded!
[bt_navigator-5] [WARN] [1785944198.572648456] [BehaviorTreeEngine]: Behavior Tree tick rate 100.00 was exceeded!
[bt_navigator-5] [WARN] [1785944198.618269135] [BehaviorTreeEngine]: Behavior Tree tick rate 100.00 was exceeded!
[bt_navigator-5] [WARN] [1785944198.638892463] [BehaviorTreeEngine]: Behavior Tree tick rate 100.00 was exceeded!
[controller_server-1] [INFO] [1785944198.799593530] [controller_server]: Passing new path to controller.
[bt_navigator-5] [WARN] [1785944198.910953873] [BehaviorTreeEngine]: Behavior Tree tick rate 100.00 was exceeded!
[bt_navigator-5] [WARN] [1785944198.944470782] [BehaviorTreeEngine]: Behavior Tree tick rate 100.00 was exceeded!
[bt_navigator-5] [WARN] [1785944199.034798064] [BehaviorTreeEngine]: Behavior Tree tick rate 100.00 was exceeded!
[bt_navigator-5] [WARN] [1785944199.154316540] [BehaviorTreeEngine]: Behavior Tree tick rate 100.00 was exceeded!
[bt_navigator-5] [WARN] [1785944199.704642778] [BehaviorTreeEngine]: Behavior Tree tick rate 100.00 was exceeded!
[controller_server-1] [INFO] [1785944199.849663795] [controller_server]: Passing new path to controller.
[bt_navigator-5] [WARN] [1785944199.902125707] [BehaviorTreeEngine]: Behavior Tree tick rate 100.00 was exceeded!
[bt_navigator-5] [WARN] [1785944199.992632989] [BehaviorTreeEngine]: Behavior Tree tick rate 100.00 was exceeded!
[bt_navigator-5] [WARN] [1785944200.056544443] [BehaviorTreeEngine]: Behavior Tree tick rate 100.00 was exceeded!
[bt_navigator-5] [WARN] [1785944200.191974236] [BehaviorTreeEngine]: Behavior Tree tick rate 100.00 was exceeded!
[bt_navigator-5] [WARN] [1785944200.312707091] [BehaviorTreeEngine]: Behavior Tree tick rate 100.00 was exceeded!
[bt_navigator-5] [WARN] [1785944200.346232270] [BehaviorTreeEngine]: Behavior Tree tick rate 100.00 was exceeded!
[bt_navigator-5] [WARN] [1785944200.428287989] [BehaviorTreeEngine]: Behavior Tree tick rate 100.00 was exceeded!
[bt_navigator-5] [WARN] [1785944200.457498942] [BehaviorTreeEngine]: Behavior Tree tick rate 100.00 was exceeded!
[bt_navigator-5] [WARN] [1785944200.801248177] [BehaviorTreeEngine]: Behavior Tree tick rate 100.00 was exceeded!
[bt_navigator-5] [WARN] [1785944200.814267734] [BehaviorTreeEngine]: Behavior Tree tick rate 100.00 was exceeded!
[bt_navigator-5] [WARN] [1785944200.825062353] [bt_navigator_navigate_to_pose_rclcpp_node]: Timed out while waiting for action server to acknowledge goal request for compute_path_to_pose
[bt_navigator-5] [WARN] [1785944200.830692235] [BehaviorTreeEngine]: Behavior Tree tick rate 100.00 was exceeded!
[planner_server-3] [INFO] [1785944200.838508453] [global_costmap.global_costmap]: Received request to clear entirely the global_costmap
[bt_navigator-5] [WARN] [1785944200.847765409] [bt_navigator_navigate_to_pose_rclcpp_node]: Node timed out while executing service call to global_costmap/clear_entirely_global_costmap.
[bt_navigator-5] [ERROR] [1785944200.872174996] [bt_navigator_navigate_to_pose_rclcpp_node]: Failed to get result for follow_path in node halt!
[controller_server-1] [INFO] [1785944200.872573283] [local_costmap.local_costmap]: Received request to clear entirely the local_costmap
[planner_server-3] [INFO] [1785944200.873252200] [global_costmap.global_costmap]: Received request to clear entirely the global_costmap
[bt_navigator-5] [WARN] [1785944200.876579700] [BehaviorTreeEngine]: Behavior Tree tick rate 100.00 was exceeded!
[controller_server-1] [INFO] [1785944200.901253444] [controller_server]: Goal was canceled. Stopping the robot.
[controller_server-1] [INFO] [1785944200.901319386] [controller_server]: [follow_path] [ActionServer] Client requested to cancel the goal. Cancelling.
[controller_server-1] [INFO] [1785944201.337632911] [controller_server]: Received a goal, begin computing control effort.
[bt_navigator-5] [WARN] [1785944201.632737586] [BehaviorTreeEngine]: Behavior Tree tick rate 100.00 was exceeded!
[bt_navigator-5] [WARN] [1785944202.366522763] [BehaviorTreeEngine]: Behavior Tree tick rate 100.00 was exceeded!
[bt_navigator-5] [WARN] [1785944202.366912786] [BehaviorTreeEngine]: Behavior Tree tick rate 100.00 was exceeded!
[controller_server-1] [INFO] [1785944202.438547862] [controller_server]: Passing new path to controller.
[bt_navigator-5] [WARN] [1785944203.060056473] [BehaviorTreeEngine]: Behavior Tree tick rate 100.00 was exceeded!
[bt_navigator-5] [WARN] [1785944203.220930999] [BehaviorTreeEngine]: Behavior Tree tick rate 100.00 was exceeded!
[bt_navigator-5] [WARN] [1785944203.286665100] [BehaviorTreeEngine]: Behavior Tree tick rate 100.00 was exceeded!
[bt_navigator-5] [WARN] [1785944203.349948978] [BehaviorTreeEngine]: Behavior Tree tick rate 100.00 was exceeded!
[bt_navigator-5] [WARN] [1785944203.399865120] [BehaviorTreeEngine]: Behavior Tree tick rate 100.00 was exceeded!
[bt_navigator-5] [WARN] [1785944203.412418290] [BehaviorTreeEngine]: Behavior Tree tick rate 100.00 was exceeded!
[bt_navigator-5] [WARN] [1785944203.449771328] [BehaviorTreeEngine]: Behavior Tree tick rate 100.00 was exceeded!
[bt_navigator-5] [WARN] [1785944203.449866281] [bt_navigator_navigate_to_pose_rclcpp_node]: Timed out while waiting for action server to acknowledge goal request for compute_path_to_pose
[planner_server-3] [INFO] [1785944203.464546704] [global_costmap.global_costmap]: Received request to clear entirely the global_costmap
[bt_navigator-5] [WARN] [1785944203.473086826] [bt_navigator_navigate_to_pose_rclcpp_node]: Node timed out while executing service call to global_costmap/clear_entirely_global_costmap.
[controller_server-1] [INFO] [1785944203.488035031] [controller_server]: Goal was canceled. Stopping the robot.
[controller_server-1] [INFO] [1785944203.488133673] [controller_server]: [follow_path] [ActionServer] Client requested to cancel the goal. Cancelling.
[bt_navigator-5] [WARN] [1785944203.496976480] [BehaviorTreeEngine]: Behavior Tree tick rate 100.00 was exceeded!
[behavior_server-4] [INFO] [1785944203.505081315] [behavior_server]: Running spin
[behavior_server-4] [INFO] [1785944203.514883924] [behavior_server]: Turning 1.57 for spin behavior.
[bt_navigator-5] [WARN] [1785944203.517140438] [bt_navigator_navigate_to_pose_rclcpp_node]: Timed out while waiting for action server to acknowledge goal request for spin
[behavior_server-4] [INFO] [1785944203.520121244] [behavior_server]: Running wait
[bt_navigator-5] [WARN] [1785944203.777886057] [BehaviorTreeEngine]: Behavior Tree tick rate 100.00 was exceeded!
[bt_navigator-5] [WARN] [1785944203.866562239] [BehaviorTreeEngine]: Behavior Tree tick rate 100.00 was exceeded!
[bt_navigator-5] [WARN] [1785944204.166862387] [BehaviorTreeEngine]: Behavior Tree tick rate 100.00 was exceeded!
[bt_navigator-5] [WARN] [1785944204.269992940] [BehaviorTreeEngine]: Behavior Tree tick rate 100.00 was exceeded!
[bt_navigator-5] [WARN] [1785944204.379267190] [BehaviorTreeEngine]: Behavior Tree tick rate 100.00 was exceeded!
[bt_navigator-5] [WARN] [1785944204.386327693] [BehaviorTreeEngine]: Behavior Tree tick rate 100.00 was exceeded!
[bt_navigator-5] [WARN] [1785944204.902117740] [BehaviorTreeEngine]: Behavior Tree tick rate 100.00 was exceeded!
[bt_navigator-5] [WARN] [1785944204.921922586] [BehaviorTreeEngine]: Behavior Tree tick rate 100.00 was exceeded!
[bt_navigator-5] [WARN] [1785944205.210281833] [BehaviorTreeEngine]: Behavior Tree tick rate 100.00 was exceeded!
[bt_navigator-5] [WARN] [1785944205.491209692] [BehaviorTreeEngine]: Behavior Tree tick rate 100.00 was exceeded!
[bt_navigator-5] [WARN] [1785944207.133610311] [BehaviorTreeEngine]: Behavior Tree tick rate 100.00 was exceeded!
[bt_navigator-5] [WARN] [1785944207.731368114] [BehaviorTreeEngine]: Behavior Tree tick rate 100.00 was exceeded!
[bt_navigator-5] [WARN] [1785944207.861912306] [BehaviorTreeEngine]: Behavior Tree tick rate 100.00 was exceeded!
[bt_navigator-5] [WARN] [1785944207.937430482] [BehaviorTreeEngine]: Behavior Tree tick rate 100.00 was exceeded!
[bt_navigator-5] [WARN] [1785944208.078856031] [BehaviorTreeEngine]: Behavior Tree tick rate 100.00 was exceeded!
[bt_navigator-5] [WARN] [1785944208.108118431] [BehaviorTreeEngine]: Behavior Tree tick rate 100.00 was exceeded!
[bt_navigator-5] [WARN] [1785944208.138680725] [BehaviorTreeEngine]: Behavior Tree tick rate 100.00 was exceeded!
[bt_navigator-5] [WARN] [1785944208.228013931] [BehaviorTreeEngine]: Behavior Tree tick rate 100.00 was exceeded!
[bt_navigator-5] [WARN] [1785944208.325275460] [BehaviorTreeEngine]: Behavior Tree tick rate 100.00 was exceeded!
[bt_navigator-5] [WARN] [1785944208.388821844] [BehaviorTreeEngine]: Behavior Tree tick rate 100.00 was exceeded!
[bt_navigator-5] [WARN] [1785944208.468663541] [BehaviorTreeEngine]: Behavior Tree tick rate 100.00 was exceeded!
[bt_navigator-5] [WARN] [1785944208.469333503] [BehaviorTreeEngine]: Behavior Tree tick rate 100.00 was exceeded!
[behavior_server-4] [INFO] [1785944208.521948587] [behavior_server]: wait completed successfully
[bt_navigator-5] [WARN] [1785944208.552062758] [BehaviorTreeEngine]: Behavior Tree tick rate 100.00 was exceeded!
[bt_navigator-5] [WARN] [1785944208.573049572] [bt_navigator_navigate_to_pose_rclcpp_node]: Timed out while waiting for action server to acknowledge goal request for compute_path_to_pose
[planner_server-3] [INFO] [1785944208.581207983] [global_costmap.global_costmap]: Received request to clear entirely the global_costmap
[bt_navigator-5] [WARN] [1785944208.585798106] [BehaviorTreeEngine]: Behavior Tree tick rate 100.00 was exceeded!
[bt_navigator-5] [WARN] [1785944208.593627357] [BehaviorTreeEngine]: Behavior Tree tick rate 100.00 was exceeded!
[bt_navigator-5] [WARN] [1785944208.604448906] [BehaviorTreeEngine]: Behavior Tree tick rate 100.00 was exceeded!
[bt_navigator-5] [WARN] [1785944208.613281159] [BehaviorTreeEngine]: Behavior Tree tick rate 100.00 was exceeded!
[bt_navigator-5] [WARN] [1785944208.614417042] [bt_navigator_navigate_to_pose_rclcpp_node]: Timed out while waiting for action server to acknowledge goal request for compute_path_to_pose
[behavior_server-4] [INFO] [1785944208.626701301] [behavior_server]: Running backup
[behavior_server-4] [INFO] [1785944208.640071581] [behavior_server]: DriveOnHeading: no acceleration or deceleration limits set
[bt_navigator-5] [WARN] [1785944208.647639088] [BehaviorTreeEngine]: Behavior Tree tick rate 100.00 was exceeded!
[bt_navigator-5] [WARN] [1785944208.647716283] [bt_navigator_navigate_to_pose_rclcpp_node]: Timed out while waiting for action server to acknowledge goal request for backup
[controller_server-1] [INFO] [1785944208.662803183] [local_costmap.local_costmap]: Received request to clear entirely the local_costmap
[planner_server-3] [INFO] [1785944208.668229365] [global_costmap.global_costmap]: Received request to clear entirely the global_costmap
[bt_navigator-5] [WARN] [1785944208.770237774] [BehaviorTreeEngine]: Behavior Tree tick rate 100.00 was exceeded!
[bt_navigator-5] [WARN] [1785944208.800364021] [BehaviorTreeEngine]: Behavior Tree tick rate 100.00 was exceeded!
[bt_navigator-5] [WARN] [1785944209.051548273] [BehaviorTreeEngine]: Behavior Tree tick rate 100.00 was exceeded!
[bt_navigator-5] [WARN] [1785944209.137117674] [BehaviorTreeEngine]: Behavior Tree tick rate 100.00 was exceeded!
[bt_navigator-5] [WARN] [1785944209.229479004] [BehaviorTreeEngine]: Behavior Tree tick rate 100.00 was exceeded!
[planner_server-3] [WARN] [1785944209.355193683] [planner_server]: Planner loop missed its desired rate of 2.0000 Hz. Current loop rate is 1.3737 Hz
[controller_server-1] [INFO] [1785944209.368370287] [controller_server]: Received a goal, begin computing control effort.
[bt_navigator-5] [WARN] [1785944209.445278487] [BehaviorTreeEngine]: Behavior Tree tick rate 100.00 was exceeded!
[bt_navigator-5] [WARN] [1785944209.488116531] [BehaviorTreeEngine]: Behavior Tree tick rate 100.00 was exceeded!
[controller_server-1] [ERROR] [1785944209.526564837] [tf_help]: Transform data too old when converting from odom to map
[controller_server-1] [ERROR] [1785944209.526656374] [tf_help]: Data time: 1785944209s 506116817ns, Transform time: 1785944209s 170867921ns
[controller_server-1] [WARN] [1785944209.526715620] [controller_server]: Unable to transform robot pose into global plan's frame
[bt_navigator-5] [WARN] [1785944209.528164158] [BehaviorTreeEngine]: Behavior Tree tick rate 100.00 was exceeded!
[bt_navigator-5] [WARN] [1785944209.621258784] [BehaviorTreeEngine]: Behavior Tree tick rate 100.00 was exceeded!
[bt_navigator-5] [WARN] [1785944209.704139112] [BehaviorTreeEngine]: Behavior Tree tick rate 100.00 was exceeded!
[bt_navigator-5] [WARN] [1785944209.749057945] [BehaviorTreeEngine]: Behavior Tree tick rate 100.00 was exceeded!
[bt_navigator-5] [WARN] [1785944209.765182649] [BehaviorTreeEngine]: Behavior Tree tick rate 100.00 was exceeded!
[bt_navigator-5] [WARN] [1785944209.823203587] [BehaviorTreeEngine]: Behavior Tree tick rate 100.00 was exceeded!
[bt_navigator-5] [WARN] [1785944209.848892052] [BehaviorTreeEngine]: Behavior Tree tick rate 100.00 was exceeded!
[bt_navigator-5] [WARN] [1785944209.848961788] [bt_navigator_navigate_to_pose_rclcpp_node]: Node timed out while executing service call to local_costmap/clear_entirely_local_costmap.
[planner_server-3] [INFO] [1785944209.779591527] [global_costmap.global_costmap]: Message Filter dropping message: frame 'base_link' at time 1785944209.257 for reason 'the timestamp on the message is earlier than all the data in the transform cache'
[controller_server-1] [ERROR] [1785944209.808632725] [tf_help]: Transform data too old when converting from odom to map
[controller_server-1] [ERROR] [1785944209.808700995] [tf_help]: Data time: 1785944209s 786503906ns, Transform time: 1785944209s 170867921ns
[controller_server-1] [WARN] [1785944209.808750525] [controller_server]: Unable to transform robot pose into global plan's frame
[controller_server-1] [ERROR] [1785944209.808825047] [controller_server]: Controller patience exceeded
[controller_server-1] [WARN] [1785944209.808904416] [controller_server]: [follow_path] [ActionServer] Aborting handle.
[controller_server-1] [INFO] [1785944209.840705530] [local_costmap.local_costmap]: Received request to clear entirely the local_costmap
[bt_navigator-5] [WARN] [1785944210.092250948] [BehaviorTreeEngine]: Behavior Tree tick rate 100.00 was exceeded!
[behavior_server-4] [ERROR] [1785944210.204149831] [behavior_server]: Received a preemption request for spin, however feature is currently not implemented. Aborting and stopping.
[behavior_server-4] [WARN] [1785944210.204418691] [behavior_server]: [spin] [ActionServer] Aborting handle.
[behavior_server-4] [INFO] [1785944210.204987345] [behavior_server]: Running spin
[behavior_server-4] [INFO] [1785944210.205186531] [behavior_server]: Turning 1.57 for spin behavior.
[bt_navigator-5] [WARN] [1785944210.308232967] [BehaviorTreeEngine]: Behavior Tree tick rate 100.00 was exceeded!
[bt_navigator-5] [WARN] [1785944210.369597998] [BehaviorTreeEngine]: Behavior Tree tick rate 100.00 was exceeded!
[bt_navigator-5] [WARN] [1785944210.436016712] [BehaviorTreeEngine]: Behavior Tree tick rate 100.00 was exceeded!
[bt_navigator-5] [WARN] [1785944210.483033489] [BehaviorTreeEngine]: Behavior Tree tick rate 100.00 was exceeded!
[bt_navigator-5] [WARN] [1785944210.587399254] [BehaviorTreeEngine]: Behavior Tree tick rate 100.00 was exceeded!
[bt_navigator-5] [WARN] [1785944210.895978337] [BehaviorTreeEngine]: Behavior Tree tick rate 100.00 was exceeded!
[bt_navigator-5] [WARN] [1785944210.997200470] [BehaviorTreeEngine]: Behavior Tree tick rate 100.00 was exceeded!
[bt_navigator-5] [WARN] [1785944211.057034969] [BehaviorTreeEngine]: Behavior Tree tick rate 100.00 was exceeded!
[bt_navigator-5] [WARN] [1785944211.251637972] [BehaviorTreeEngine]: Behavior Tree tick rate 100.00 was exceeded!
[bt_navigator-5] [WARN] [1785944211.317520835] [BehaviorTreeEngine]: Behavior Tree tick rate 100.00 was exceeded!
[bt_navigator-5] [WARN] [1785944211.536094964] [BehaviorTreeEngine]: Behavior Tree tick rate 100.00 was exceeded!
[bt_navigator-5] [WARN] [1785944211.694124123] [BehaviorTreeEngine]: Behavior Tree tick rate 100.00 was exceeded!
[bt_navigator-5] [WARN] [1785944211.885497223] [BehaviorTreeEngine]: Behavior Tree tick rate 100.00 was exceeded!
[bt_navigator-5] [WARN] [1785944212.130639211] [BehaviorTreeEngine]: Behavior Tree tick rate 100.00 was exceeded!
[bt_navigator-5] [WARN] [1785944212.212059093] [BehaviorTreeEngine]: Behavior Tree tick rate 100.00 was exceeded!
[bt_navigator-5] [WARN] [1785944212.292190233] [BehaviorTreeEngine]: Behavior Tree tick rate 100.00 was exceeded!
[bt_navigator-5] [WARN] [1785944212.340751515] [BehaviorTreeEngine]: Behavior Tree tick rate 100.00 was exceeded!
[bt_navigator-5] [WARN] [1785944212.439981958] [BehaviorTreeEngine]: Behavior Tree tick rate 100.00 was exceeded!
[bt_navigator-5] [WARN] [1785944212.610216544] [BehaviorTreeEngine]: Behavior Tree tick rate 100.00 was exceeded!
[bt_navigator-5] [WARN] [1785944212.804155448] [BehaviorTreeEngine]: Behavior Tree tick rate 100.00 was exceeded!
[bt_navigator-5] [WARN] [1785944212.851034901] [BehaviorTreeEngine]: Behavior Tree tick rate 100.00 was exceeded!
[bt_navigator-5] [WARN] [1785944212.933461644] [BehaviorTreeEngine]: Behavior Tree tick rate 100.00 was exceeded!
[bt_navigator-5] [WARN] [1785944213.045519525] [BehaviorTreeEngine]: Behavior Tree tick rate 100.00 was exceeded!
[bt_navigator-5] [WARN] [1785944213.146386121] [BehaviorTreeEngine]: Behavior Tree tick rate 100.00 was exceeded!
[bt_navigator-5] [WARN] [1785944213.230567059] [BehaviorTreeEngine]: Behavior Tree tick rate 100.00 was exceeded!
[bt_navigator-5] [WARN] [1785944213.278479683] [BehaviorTreeEngine]: Behavior Tree tick rate 100.00 was exceeded!
[bt_navigator-5] [WARN] [1785944213.326376742] [BehaviorTreeEngine]: Behavior Tree tick rate 100.00 was exceeded!
[bt_navigator-5] [WARN] [1785944213.412969766] [BehaviorTreeEngine]: Behavior Tree tick rate 100.00 was exceeded!
[bt_navigator-5] [WARN] [1785944213.524799677] [BehaviorTreeEngine]: Behavior Tree tick rate 100.00 was exceeded!
[bt_navigator-5] [WARN] [1785944213.573888725] [BehaviorTreeEngine]: Behavior Tree tick rate 100.00 was exceeded!
[bt_navigator-5] [WARN] [1785944213.609662600] [BehaviorTreeEngine]: Behavior Tree tick rate 100.00 was exceeded!
[bt_navigator-5] [WARN] [1785944213.740008621] [BehaviorTreeEngine]: Behavior Tree tick rate 100.00 was exceeded!
[bt_navigator-5] [WARN] [1785944213.811308459] [BehaviorTreeEngine]: Behavior Tree tick rate 100.00 was exceeded!
[bt_navigator-5] [WARN] [1785944213.951360566] [BehaviorTreeEngine]: Behavior Tree tick rate 100.00 was exceeded!
[bt_navigator-5] [WARN] [1785944214.068939571] [BehaviorTreeEngine]: Behavior Tree tick rate 100.00 was exceeded!
[bt_navigator-5] [WARN] [1785944214.147672731] [BehaviorTreeEngine]: Behavior Tree tick rate 100.00 was exceeded!
[bt_navigator-5] [WARN] [1785944214.203245529] [BehaviorTreeEngine]: Behavior Tree tick rate 100.00 was exceeded!
[bt_navigator-5] [WARN] [1785944214.228435472] [BehaviorTreeEngine]: Behavior Tree tick rate 100.00 was exceeded!
[bt_navigator-5] [WARN] [1785944214.244184993] [BehaviorTreeEngine]: Behavior Tree tick rate 100.00 was exceeded!
[bt_navigator-5] [WARN] [1785944214.329149627] [BehaviorTreeEngine]: Behavior Tree tick rate 100.00 was exceeded!
[bt_navigator-5] [WARN] [1785944214.345733481] [BehaviorTreeEngine]: Behavior Tree tick rate 100.00 was exceeded!
[bt_navigator-5] [WARN] [1785944214.444392565] [BehaviorTreeEngine]: Behavior Tree tick rate 100.00 was exceeded!
[bt_navigator-5] [WARN] [1785944214.503611344] [BehaviorTreeEngine]: Behavior Tree tick rate 100.00 was exceeded!
[bt_navigator-5] [WARN] [1785944214.633997936] [BehaviorTreeEngine]: Behavior Tree tick rate 100.00 was exceeded!
[bt_navigator-5] [WARN] [1785944214.653557559] [BehaviorTreeEngine]: Behavior Tree tick rate 100.00 was exceeded!
[bt_navigator-5] [WARN] [1785944214.664877471] [BehaviorTreeEngine]: Behavior Tree tick rate 100.00 was exceeded!
[bt_navigator-5] [WARN] [1785944214.718106101] [BehaviorTreeEngine]: Behavior Tree tick rate 100.00 was exceeded!
[bt_navigator-5] [WARN] [1785944214.729823524] [BehaviorTreeEngine]: Behavior Tree tick rate 100.00 was exceeded!
[bt_navigator-5] [WARN] [1785944214.806666453] [BehaviorTreeEngine]: Behavior Tree tick rate 100.00 was exceeded!
[bt_navigator-5] [WARN] [1785944214.854318779] [BehaviorTreeEngine]: Behavior Tree tick rate 100.00 was exceeded!
[bt_navigator-5] [WARN] [1785944214.886819482] [BehaviorTreeEngine]: Behavior Tree tick rate 100.00 was exceeded!
[bt_navigator-5] [WARN] [1785944215.045668965] [BehaviorTreeEngine]: Behavior Tree tick rate 100.00 was exceeded!
[bt_navigator-5] [WARN] [1785944215.163725943] [BehaviorTreeEngine]: Behavior Tree tick rate 100.00 was exceeded!
[bt_navigator-5] [WARN] [1785944215.211436235] [BehaviorTreeEngine]: Behavior Tree tick rate 100.00 was exceeded!
[bt_navigator-5] [WARN] [1785944215.227696137] [BehaviorTreeEngine]: Behavior Tree tick rate 100.00 was exceeded!
[bt_navigator-5] [WARN] [1785944215.382174546] [BehaviorTreeEngine]: Behavior Tree tick rate 100.00 was exceeded!
[bt_navigator-5] [WARN] [1785944215.450140203] [BehaviorTreeEngine]: Behavior Tree tick rate 100.00 was exceeded!
[bt_navigator-5] [WARN] [1785944215.532586561] [BehaviorTreeEngine]: Behavior Tree tick rate 100.00 was exceeded!
[bt_navigator-5] [WARN] [1785944215.626203681] [BehaviorTreeEngine]: Behavior Tree tick rate 100.00 was exceeded!
[bt_navigator-5] [WARN] [1785944215.718304239] [BehaviorTreeEngine]: Behavior Tree tick rate 100.00 was exceeded!
[bt_navigator-5] [WARN] [1785944215.842516949] [BehaviorTreeEngine]: Behavior Tree tick rate 100.00 was exceeded!
[bt_navigator-5] [WARN] [1785944215.933274947] [BehaviorTreeEngine]: Behavior Tree tick rate 100.00 was exceeded!
[bt_navigator-5] [WARN] [1785944216.134954990] [BehaviorTreeEngine]: Behavior Tree tick rate 100.00 was exceeded!
[bt_navigator-5] [WARN] [1785944216.275248916] [BehaviorTreeEngine]: Behavior Tree tick rate 100.00 was exceeded!
[bt_navigator-5] [WARN] [1785944216.382751891] [BehaviorTreeEngine]: Behavior Tree tick rate 100.00 was exceeded!
[behavior_server-4] [INFO] [1785944216.440313543] [behavior_server]: backup completed successfully
[behavior_server-4] [WARN] [1785944216.518309406] [behavior_server]: Collision Ahead - Exiting Spin
[behavior_server-4] [WARN] [1785944216.518369202] [behavior_server]: spin failed
[behavior_server-4] [WARN] [1785944216.518384306] [behavior_server]: [spin] [ActionServer] Aborting handle.
[bt_navigator-5] [WARN] [1785944216.534318799] [BehaviorTreeEngine]: Behavior Tree tick rate 100.00 was exceeded!
[behavior_server-4] [INFO] [1785944216.549042004] [behavior_server]: Running wait
[bt_navigator-5] [WARN] [1785944216.658657813] [BehaviorTreeEngine]: Behavior Tree tick rate 100.00 was exceeded!
[bt_navigator-5] [WARN] [1785944216.756752156] [BehaviorTreeEngine]: Behavior Tree tick rate 100.00 was exceeded!
[bt_navigator-5] [WARN] [1785944216.838393720] [BehaviorTreeEngine]: Behavior Tree tick rate 100.00 was exceeded!
[bt_navigator-5] [WARN] [1785944217.014780313] [BehaviorTreeEngine]: Behavior Tree tick rate 100.00 was exceeded!
[bt_navigator-5] [WARN] [1785944217.257549992] [BehaviorTreeEngine]: Behavior Tree tick rate 100.00 was exceeded!
[bt_navigator-5] [WARN] [1785944217.319744721] [BehaviorTreeEngine]: Behavior Tree tick rate 100.00 was exceeded!
[bt_navigator-5] [WARN] [1785944217.456708534] [BehaviorTreeEngine]: Behavior Tree tick rate 100.00 was exceeded!
[bt_navigator-5] [WARN] [1785944217.514415436] [BehaviorTreeEngine]: Behavior Tree tick rate 100.00 was exceeded!
[bt_navigator-5] [WARN] [1785944217.542433962] [BehaviorTreeEngine]: Behavior Tree tick rate 100.00 was exceeded!
[bt_navigator-5] [WARN] [1785944217.730239728] [BehaviorTreeEngine]: Behavior Tree tick rate 100.00 was exceeded!
[bt_navigator-5] [WARN] [1785944217.812783655] [BehaviorTreeEngine]: Behavior Tree tick rate 100.00 was exceeded!
[bt_navigator-5] [WARN] [1785944217.887504545] [BehaviorTreeEngine]: Behavior Tree tick rate 100.00 was exceeded!
[bt_navigator-5] [WARN] [1785944217.943764774] [BehaviorTreeEngine]: Behavior Tree tick rate 100.00 was exceeded!
[bt_navigator-5] [WARN] [1785944218.012560298] [BehaviorTreeEngine]: Behavior Tree tick rate 100.00 was exceeded!
[bt_navigator-5] [WARN] [1785944218.018448197] [BehaviorTreeEngine]: Behavior Tree tick rate 100.00 was exceeded!
[bt_navigator-5] [WARN] [1785944218.035894217] [BehaviorTreeEngine]: Behavior Tree tick rate 100.00 was exceeded!
[bt_navigator-5] [WARN] [1785944218.171352926] [BehaviorTreeEngine]: Behavior Tree tick rate 100.00 was exceeded!
[bt_navigator-5] [WARN] [1785944218.377674425] [BehaviorTreeEngine]: Behavior Tree tick rate 100.00 was exceeded!
[bt_navigator-5] [WARN] [1785944218.428051431] [BehaviorTreeEngine]: Behavior Tree tick rate 100.00 was exceeded!
[bt_navigator-5] [WARN] [1785944218.586215450] [BehaviorTreeEngine]: Behavior Tree tick rate 100.00 was exceeded!
[bt_navigator-5] [WARN] [1785944218.637563623] [BehaviorTreeEngine]: Behavior Tree tick rate 100.00 was exceeded!
[bt_navigator-5] [WARN] [1785944218.709129531] [BehaviorTreeEngine]: Behavior Tree tick rate 100.00 was exceeded!
[bt_navigator-5] [WARN] [1785944218.760579827] [BehaviorTreeEngine]: Behavior Tree tick rate 100.00 was exceeded!
[bt_navigator-5] [WARN] [1785944218.774999677] [BehaviorTreeEngine]: Behavior Tree tick rate 100.00 was exceeded!
[bt_navigator-5] [WARN] [1785944218.785821223] [BehaviorTreeEngine]: Behavior Tree tick rate 100.00 was exceeded!
[bt_navigator-5] [WARN] [1785944218.837121189] [BehaviorTreeEngine]: Behavior Tree tick rate 100.00 was exceeded!
[bt_navigator-5] [WARN] [1785944218.908301517] [BehaviorTreeEngine]: Behavior Tree tick rate 100.00 was exceeded!
[bt_navigator-5] [WARN] [1785944218.930909184] [BehaviorTreeEngine]: Behavior Tree tick rate 100.00 was exceeded!
[bt_navigator-5] [WARN] [1785944218.988187132] [BehaviorTreeEngine]: Behavior Tree tick rate 100.00 was exceeded!
[bt_navigator-5] [WARN] [1785944219.083399363] [BehaviorTreeEngine]: Behavior Tree tick rate 100.00 was exceeded!
[bt_navigator-5] [WARN] [1785944219.113901466] [BehaviorTreeEngine]: Behavior Tree tick rate 100.00 was exceeded!
[bt_navigator-5] [WARN] [1785944219.226416020] [BehaviorTreeEngine]: Behavior Tree tick rate 100.00 was exceeded!
[bt_navigator-5] [WARN] [1785944219.322540249] [BehaviorTreeEngine]: Behavior Tree tick rate 100.00 was exceeded!
[bt_navigator-5] [WARN] [1785944219.455693423] [BehaviorTreeEngine]: Behavior Tree tick rate 100.00 was exceeded!
[bt_navigator-5] [WARN] [1785944219.521945071] [BehaviorTreeEngine]: Behavior Tree tick rate 100.00 was exceeded!
[bt_navigator-5] [WARN] [1785944219.654803148] [BehaviorTreeEngine]: Behavior Tree tick rate 100.00 was exceeded!
[bt_navigator-5] [WARN] [1785944219.719157729] [BehaviorTreeEngine]: Behavior Tree tick rate 100.00 was exceeded!
[bt_navigator-5] [WARN] [1785944219.751922670] [BehaviorTreeEngine]: Behavior Tree tick rate 100.00 was exceeded!
[bt_navigator-5] [WARN] [1785944219.795662503] [BehaviorTreeEngine]: Behavior Tree tick rate 100.00 was exceeded!
[bt_navigator-5] [WARN] [1785944219.858092431] [BehaviorTreeEngine]: Behavior Tree tick rate 100.00 was exceeded!
[bt_navigator-5] [WARN] [1785944219.927427076] [BehaviorTreeEngine]: Behavior Tree tick rate 100.00 was exceeded!
[bt_navigator-5] [WARN] [1785944220.072982200] [BehaviorTreeEngine]: Behavior Tree tick rate 100.00 was exceeded!
[bt_navigator-5] [WARN] [1785944220.119975426] [BehaviorTreeEngine]: Behavior Tree tick rate 100.00 was exceeded!
[bt_navigator-5] [WARN] [1785944220.135218563] [BehaviorTreeEngine]: Behavior Tree tick rate 100.00 was exceeded!
[bt_navigator-5] [WARN] [1785944220.158316362] [BehaviorTreeEngine]: Behavior Tree tick rate 100.00 was exceeded!
[bt_navigator-5] [WARN] [1785944220.168176755] [BehaviorTreeEngine]: Behavior Tree tick rate 100.00 was exceeded!
[bt_navigator-5] [WARN] [1785944220.237215543] [BehaviorTreeEngine]: Behavior Tree tick rate 100.00 was exceeded!
[bt_navigator-5] [WARN] [1785944220.265254078] [BehaviorTreeEngine]: Behavior Tree tick rate 100.00 was exceeded!
[bt_navigator-5] [WARN] [1785944220.303028722] [BehaviorTreeEngine]: Behavior Tree tick rate 100.00 was exceeded!
[bt_navigator-5] [WARN] [1785944220.518044814] [BehaviorTreeEngine]: Behavior Tree tick rate 100.00 was exceeded!
[bt_navigator-5] [WARN] [1785944220.930626499] [BehaviorTreeEngine]: Behavior Tree tick rate 100.00 was exceeded!
[bt_navigator-5] [WARN] [1785944221.068497591] [BehaviorTreeEngine]: Behavior Tree tick rate 100.00 was exceeded!
[bt_navigator-5] [WARN] [1785944221.076790679] [BehaviorTreeEngine]: Behavior Tree tick rate 100.00 was exceeded!
[bt_navigator-5] [WARN] [1785944221.138463849] [BehaviorTreeEngine]: Behavior Tree tick rate 100.00 was exceeded!
[bt_navigator-5] [WARN] [1785944221.167362117] [BehaviorTreeEngine]: Behavior Tree tick rate 100.00 was exceeded!
[bt_navigator-5] [WARN] [1785944221.170826135] [BehaviorTreeEngine]: Behavior Tree tick rate 100.00 was exceeded!
[bt_navigator-5] [WARN] [1785944221.451126405] [BehaviorTreeEngine]: Behavior Tree tick rate 100.00 was exceeded!
[bt_navigator-5] [WARN] [1785944221.524749504] [BehaviorTreeEngine]: Behavior Tree tick rate 100.00 was exceeded!
[behavior_server-4] [INFO] [1785944221.571931444] [behavior_server]: wait completed successfully
[bt_navigator-5] [WARN] [1785944221.573855998] [BehaviorTreeEngine]: Behavior Tree tick rate 100.00 was exceeded!
[planner_server-3] [WARN] [1785944221.627927133] [planner_server]: GridBased: failed to create plan with tolerance 0.50.
[planner_server-3] [WARN] [1785944221.628070768] [planner_server]: Planning algorithm GridBased failed to generate a valid path to (-6.00, -0.50)
[planner_server-3] [WARN] [1785944221.628107041] [planner_server]: [compute_path_to_pose] [ActionServer] Aborting handle.
[planner_server-3] [INFO] [1785944221.644242133] [global_costmap.global_costmap]: Received request to clear entirely the global_costmap
[bt_navigator-5] [WARN] [1785944221.766158999] [BehaviorTreeEngine]: Behavior Tree tick rate 100.00 was exceeded!
[bt_navigator-5] [WARN] [1785944221.946691297] [BehaviorTreeEngine]: Behavior Tree tick rate 100.00 was exceeded!
[bt_navigator-5] [WARN] [1785944222.005722484] [BehaviorTreeEngine]: Behavior Tree tick rate 100.00 was exceeded!
[planner_server-3] [WARN] [1785944222.316997045] [planner_server]: Planner loop missed its desired rate of 2.0000 Hz. Current loop rate is 1.5103 Hz
[controller_server-1] [INFO] [1785944222.359038827] [controller_server]: Received a goal, begin computing control effort.
[bt_navigator-5] [WARN] [1785944222.359369766] [BehaviorTreeEngine]: Behavior Tree tick rate 100.00 was exceeded!
[bt_navigator-5] [WARN] [1785944222.404247023] [BehaviorTreeEngine]: Behavior Tree tick rate 100.00 was exceeded!
[bt_navigator-5] [WARN] [1785944222.451283410] [BehaviorTreeEngine]: Behavior Tree tick rate 100.00 was exceeded!
[bt_navigator-5] [WARN] [1785944222.504845943] [BehaviorTreeEngine]: Behavior Tree tick rate 100.00 was exceeded!
[bt_navigator-5] [WARN] [1785944222.630748551] [BehaviorTreeEngine]: Behavior Tree tick rate 100.00 was exceeded!
[bt_navigator-5] [WARN] [1785944222.721507473] [BehaviorTreeEngine]: Behavior Tree tick rate 100.00 was exceeded!
[bt_navigator-5] [WARN] [1785944222.791178831] [BehaviorTreeEngine]: Behavior Tree tick rate 100.00 was exceeded!
[bt_navigator-5] [WARN] [1785944222.892748697] [BehaviorTreeEngine]: Behavior Tree tick rate 100.00 was exceeded!
[bt_navigator-5] [WARN] [1785944222.940792488] [BehaviorTreeEngine]: Behavior Tree tick rate 100.00 was exceeded!
[bt_navigator-5] [WARN] [1785944222.992536099] [BehaviorTreeEngine]: Behavior Tree tick rate 100.00 was exceeded!
[bt_navigator-5] [WARN] [1785944223.082193999] [BehaviorTreeEngine]: Behavior Tree tick rate 100.00 was exceeded!
[bt_navigator-5] [WARN] [1785944223.232907825] [BehaviorTreeEngine]: Behavior Tree tick rate 100.00 was exceeded!
[bt_navigator-5] [WARN] [1785944223.253796380] [BehaviorTreeEngine]: Behavior Tree tick rate 100.00 was exceeded!
[bt_navigator-5] [WARN] [1785944223.322511085] [BehaviorTreeEngine]: Behavior Tree tick rate 100.00 was exceeded!
[controller_server-1] [INFO] [1785944223.432601975] [controller_server]: Passing new path to controller.
[bt_navigator-5] [WARN] [1785944223.436963700] [BehaviorTreeEngine]: Behavior Tree tick rate 100.00 was exceeded!
[bt_navigator-5] [WARN] [1785944223.437123585] [bt_navigator_navigate_to_pose_rclcpp_node]: Timed out while waiting for action server to acknowledge goal request for follow_path
[controller_server-1] [INFO] [1785944223.453931282] [local_costmap.local_costmap]: Received request to clear entirely the local_costmap
[bt_navigator-5] [WARN] [1785944223.472645339] [bt_navigator_navigate_to_pose_rclcpp_node]: Node timed out while executing service call to local_costmap/clear_entirely_local_costmap.
[behavior_server-4] [INFO] [1785944223.479646893] [behavior_server]: Running backup
[behavior_server-4] [WARN] [1785944223.479911561] [behavior_server]: Collision Ahead - Exiting DriveOnHeading
[behavior_server-4] [WARN] [1785944223.479945589] [behavior_server]: backup failed
[behavior_server-4] [WARN] [1785944223.479957689] [behavior_server]: [backup] [ActionServer] Aborting handle.
[bt_navigator-5] [WARN] [1785944223.486444542] [BehaviorTreeEngine]: Behavior Tree tick rate 100.00 was exceeded!
[bt_navigator-5] [WARN] [1785944223.516695201] [bt_navigator_navigate_to_pose_rclcpp_node]: Timed out while waiting for action server to acknowledge goal request for backup
[controller_server-1] [INFO] [1785944223.516998020] [local_costmap.local_costmap]: Received request to clear entirely the local_costmap
[bt_navigator-5] [WARN] [1785944223.529188767] [BehaviorTreeEngine]: Behavior Tree tick rate 100.00 was exceeded!
[planner_server-3] [INFO] [1785944223.533696381] [global_costmap.global_costmap]: Received request to clear entirely the global_costmap
[bt_navigator-5] [WARN] [1785944223.638990649] [BehaviorTreeEngine]: Behavior Tree tick rate 100.00 was exceeded!
[bt_navigator-5] [WARN] [1785944223.639437730] [BehaviorTreeEngine]: Behavior Tree tick rate 100.00 was exceeded!
[controller_server-1] [WARN] [1785944223.694524902] [controller_server]: Control loop missed its desired rate of 20.0000Hz
[bt_navigator-5] [WARN] [1785944223.778850492] [BehaviorTreeEngine]: Behavior Tree tick rate 100.00 was exceeded!
[bt_navigator-5] [WARN] [1785944223.779349574] [BehaviorTreeEngine]: Behavior Tree tick rate 100.00 was exceeded!
[bt_navigator-5] [WARN] [1785944223.846426753] [BehaviorTreeEngine]: Behavior Tree tick rate 100.00 was exceeded!
[bt_navigator-5] [WARN] [1785944223.907195932] [BehaviorTreeEngine]: Behavior Tree tick rate 100.00 was exceeded!
[bt_navigator-5] [WARN] [1785944223.941892598] [BehaviorTreeEngine]: Behavior Tree tick rate 100.00 was exceeded!
[bt_navigator-5] [WARN] [1785944224.116727602] [BehaviorTreeEngine]: Behavior Tree tick rate 100.00 was exceeded!
[bt_navigator-5] [WARN] [1785944224.134448221] [BehaviorTreeEngine]: Behavior Tree tick rate 100.00 was exceeded!
[planner_server-3] [WARN] [1785944224.325354831] [planner_server]: Planner loop missed its desired rate of 2.0000 Hz. Current loop rate is 1.2700 Hz
[bt_navigator-5] [WARN] [1785944224.353994914] [BehaviorTreeEngine]: Behavior Tree tick rate 100.00 was exceeded!
[controller_server-1] [INFO] [1785944224.395357534] [controller_server]: Passing new path to controller.
[bt_navigator-5] [WARN] [1785944224.441738316] [BehaviorTreeEngine]: Behavior Tree tick rate 100.00 was exceeded!
[bt_navigator-5] [WARN] [1785944224.450408910] [BehaviorTreeEngine]: Behavior Tree tick rate 100.00 was exceeded!
[bt_navigator-5] [WARN] [1785944224.453948025] [BehaviorTreeEngine]: Behavior Tree tick rate 100.00 was exceeded!
[bt_navigator-5] [WARN] [1785944224.543106123] [BehaviorTreeEngine]: Behavior Tree tick rate 100.00 was exceeded!
[bt_navigator-5] [WARN] [1785944224.853326799] [BehaviorTreeEngine]: Behavior Tree tick rate 100.00 was exceeded!
[bt_navigator-5] [WARN] [1785944224.973483518] [BehaviorTreeEngine]: Behavior Tree tick rate 100.00 was exceeded!
[bt_navigator-5] [WARN] [1785944225.055936310] [BehaviorTreeEngine]: Behavior Tree tick rate 100.00 was exceeded!
[bt_navigator-5] [WARN] [1785944225.075511779] [BehaviorTreeEngine]: Behavior Tree tick rate 100.00 was exceeded!
[bt_navigator-5] [WARN] [1785944225.206282720] [BehaviorTreeEngine]: Behavior Tree tick rate 100.00 was exceeded!
[bt_navigator-5] [WARN] [1785944225.235246439] [BehaviorTreeEngine]: Behavior Tree tick rate 100.00 was exceeded!
[bt_navigator-5] [WARN] [1785944225.236578209] [BehaviorTreeEngine]: Behavior Tree tick rate 100.00 was exceeded!
[bt_navigator-5] [WARN] [1785944225.359505643] [BehaviorTreeEngine]: Behavior Tree tick rate 100.00 was exceeded!
[bt_navigator-5] [WARN] [1785944225.384207556] [bt_navigator_navigate_to_pose_rclcpp_node]: Timed out while waiting for action server to acknowledge goal request for compute_path_to_pose
[bt_navigator-5] [WARN] [1785944225.389999189] [BehaviorTreeEngine]: Behavior Tree tick rate 100.00 was exceeded!
[planner_server-3] [INFO] [1785944225.397927293] [global_costmap.global_costmap]: Received request to clear entirely the global_costmap
[bt_navigator-5] [WARN] [1785944225.460504118] [BehaviorTreeEngine]: Behavior Tree tick rate 100.00 was exceeded!
[bt_navigator-5] [WARN] [1785944225.492663826] [BehaviorTreeEngine]: Behavior Tree tick rate 100.00 was exceeded!
[bt_navigator-5] [WARN] [1785944225.720797881] [BehaviorTreeEngine]: Behavior Tree tick rate 100.00 was exceeded!
[bt_navigator-5] [WARN] [1785944225.768619411] [BehaviorTreeEngine]: Behavior Tree tick rate 100.00 was exceeded!
[bt_navigator-5] [WARN] [1785944225.771545245] [BehaviorTreeEngine]: Behavior Tree tick rate 100.00 was exceeded!
[bt_navigator-5] [WARN] [1785944225.936625350] [BehaviorTreeEngine]: Behavior Tree tick rate 100.00 was exceeded!
[bt_navigator-5] [WARN] [1785944226.022715904] [BehaviorTreeEngine]: Behavior Tree tick rate 100.00 was exceeded!
[bt_navigator-5] [WARN] [1785944226.134426791] [BehaviorTreeEngine]: Behavior Tree tick rate 100.00 was exceeded!
[bt_navigator-5] [WARN] [1785944226.242752469] [BehaviorTreeEngine]: Behavior Tree tick rate 100.00 was exceeded!
[planner_server-3] [WARN] [1785944226.313222539] [planner_server]: Planner loop missed its desired rate of 2.0000 Hz. Current loop rate is 1.1089 Hz
[bt_navigator-5] [WARN] [1785944226.328287455] [BehaviorTreeEngine]: Behavior Tree tick rate 100.00 was exceeded!
[bt_navigator-5] [WARN] [1785944226.339726502] [BehaviorTreeEngine]: Behavior Tree tick rate 100.00 was exceeded!
[controller_server-1] [INFO] [1785944226.354266412] [controller_server]: Passing new path to controller.
[bt_navigator-5] [WARN] [1785944226.362973576] [BehaviorTreeEngine]: Behavior Tree tick rate 100.00 was exceeded!
[bt_navigator-5] [WARN] [1785944226.482325684] [BehaviorTreeEngine]: Behavior Tree tick rate 100.00 was exceeded!
[bt_navigator-5] [WARN] [1785944226.686869601] [BehaviorTreeEngine]: Behavior Tree tick rate 100.00 was exceeded!
[bt_navigator-5] [WARN] [1785944226.791039819] [BehaviorTreeEngine]: Behavior Tree tick rate 100.00 was exceeded!
[bt_navigator-5] [WARN] [1785944226.989611107] [BehaviorTreeEngine]: Behavior Tree tick rate 100.00 was exceeded!
[bt_navigator-5] [WARN] [1785944227.267336862] [BehaviorTreeEngine]: Behavior Tree tick rate 100.00 was exceeded!
[bt_navigator-5] [WARN] [1785944227.357885627] [BehaviorTreeEngine]: Behavior Tree tick rate 100.00 was exceeded!
[controller_server-1] [INFO] [1785944227.394750519] [controller_server]: Passing new path to controller.
[bt_navigator-5] [WARN] [1785944227.419664384] [BehaviorTreeEngine]: Behavior Tree tick rate 100.00 was exceeded!
[bt_navigator-5] [WARN] [1785944227.569902907] [BehaviorTreeEngine]: Behavior Tree tick rate 100.00 was exceeded!
[bt_navigator-5] [WARN] [1785944227.623634394] [BehaviorTreeEngine]: Behavior Tree tick rate 100.00 was exceeded!
[bt_navigator-5] [WARN] [1785944227.698947293] [BehaviorTreeEngine]: Behavior Tree tick rate 100.00 was exceeded!
[bt_navigator-5] [WARN] [1785944227.754233950] [BehaviorTreeEngine]: Behavior Tree tick rate 100.00 was exceeded!
[bt_navigator-5] [WARN] [1785944227.859096431] [BehaviorTreeEngine]: Behavior Tree tick rate 100.00 was exceeded!
[bt_navigator-5] [WARN] [1785944227.903621281] [BehaviorTreeEngine]: Behavior Tree tick rate 100.00 was exceeded!
[bt_navigator-5] [WARN] [1785944227.960830968] [BehaviorTreeEngine]: Behavior Tree tick rate 100.00 was exceeded!
[bt_navigator-5] [WARN] [1785944228.056885544] [BehaviorTreeEngine]: Behavior Tree tick rate 100.00 was exceeded!
[bt_navigator-5] [WARN] [1785944228.139334551] [BehaviorTreeEngine]: Behavior Tree tick rate 100.00 was exceeded!
[bt_navigator-5] [WARN] [1785944228.330854514] [BehaviorTreeEngine]: Behavior Tree tick rate 100.00 was exceeded!
[controller_server-1] [INFO] [1785944228.394640996] [controller_server]: Passing new path to controller.
[bt_navigator-5] [WARN] [1785944228.427543485] [BehaviorTreeEngine]: Behavior Tree tick rate 100.00 was exceeded!
[bt_navigator-5] [WARN] [1785944228.485454437] [BehaviorTreeEngine]: Behavior Tree tick rate 100.00 was exceeded!
[bt_navigator-5] [WARN] [1785944228.523274159] [BehaviorTreeEngine]: Behavior Tree tick rate 100.00 was exceeded!
[controller_server-1] [WARN] [1785944228.538616437] [controller_server]: Control loop missed its desired rate of 20.0000Hz
[bt_navigator-5] [WARN] [1785944228.615017719] [BehaviorTreeEngine]: Behavior Tree tick rate 100.00 was exceeded!
[bt_navigator-5] [WARN] [1785944228.658631619] [BehaviorTreeEngine]: Behavior Tree tick rate 100.00 was exceeded!
[bt_navigator-5] [WARN] [1785944228.750619769] [BehaviorTreeEngine]: Behavior Tree tick rate 100.00 was exceeded!
[bt_navigator-5] [WARN] [1785944228.762467494] [BehaviorTreeEngine]: Behavior Tree tick rate 100.00 was exceeded!
[bt_navigator-5] [WARN] [1785944228.777402551] [BehaviorTreeEngine]: Behavior Tree tick rate 100.00 was exceeded!
[bt_navigator-5] [WARN] [1785944228.798601829] [BehaviorTreeEngine]: Behavior Tree tick rate 100.00 was exceeded!
[bt_navigator-5] [WARN] [1785944228.817580352] [BehaviorTreeEngine]: Behavior Tree tick rate 100.00 was exceeded!
[bt_navigator-5] [WARN] [1785944228.937137452] [BehaviorTreeEngine]: Behavior Tree tick rate 100.00 was exceeded!
[bt_navigator-5] [WARN] [1785944228.939621026] [BehaviorTreeEngine]: Behavior Tree tick rate 100.00 was exceeded!
[bt_navigator-5] [WARN] [1785944229.119418249] [BehaviorTreeEngine]: Behavior Tree tick rate 100.00 was exceeded!
[bt_navigator-5] [WARN] [1785944229.147878002] [BehaviorTreeEngine]: Behavior Tree tick rate 100.00 was exceeded!
[controller_server-1] [INFO] [1785944229.445646368] [controller_server]: Passing new path to controller.
[bt_navigator-5] [WARN] [1785944229.449685198] [BehaviorTreeEngine]: Behavior Tree tick rate 100.00 was exceeded!
[bt_navigator-5] [WARN] [1785944229.503687866] [BehaviorTreeEngine]: Behavior Tree tick rate 100.00 was exceeded!
[bt_navigator-5] [WARN] [1785944229.820907762] [BehaviorTreeEngine]: Behavior Tree tick rate 100.00 was exceeded!
[bt_navigator-5] [WARN] [1785944229.861207912] [BehaviorTreeEngine]: Behavior Tree tick rate 100.00 was exceeded!
[controller_server-1] [INFO] [1785944230.444701714] [controller_server]: Passing new path to controller.
[controller_server-1] [INFO] [1785944231.494643179] [controller_server]: Passing new path to controller.
[bt_navigator-5] [WARN] [1785944231.950583877] [BehaviorTreeEngine]: Behavior Tree tick rate 100.00 was exceeded!
[controller_server-1] [INFO] [1785944232.544623904] [controller_server]: Passing new path to controller.
[controller_server-1] [INFO] [1785944233.544660148] [controller_server]: Passing new path to controller.
[planner_server-3] [WARN] [1785944234.543759791] [planner_server]: GridBased: failed to create plan with tolerance 0.50.
[planner_server-3] [WARN] [1785944234.543877803] [planner_server]: Planning algorithm GridBased failed to generate a valid path to (-6.00, -0.50)
[planner_server-3] [WARN] [1785944234.543898188] [planner_server]: [compute_path_to_pose] [ActionServer] Aborting handle.
[planner_server-3] [INFO] [1785944234.560926170] [global_costmap.global_costmap]: Received request to clear entirely the global_costmap
[bt_navigator-5] [WARN] [1785944234.958579246] [BehaviorTreeEngine]: Behavior Tree tick rate 100.00 was exceeded!
[planner_server-3] [WARN] [1785944235.313576644] [planner_server]: Planner loop missed its desired rate of 2.0000 Hz. Current loop rate is 1.3307 Hz
[controller_server-1] [INFO] [1785944235.344642627] [controller_server]: Passing new path to controller.
[controller_server-1] [INFO] [1785944236.394623134] [controller_server]: Passing new path to controller.
[controller_server-1] [INFO] [1785944237.394632641] [controller_server]: Passing new path to controller.
[bt_navigator-5] [WARN] [1785944237.821090027] [BehaviorTreeEngine]: Behavior Tree tick rate 100.00 was exceeded!
[controller_server-1] [INFO] [1785944238.444666601] [controller_server]: Passing new path to controller.
[controller_server-1] [INFO] [1785944239.444677701] [controller_server]: Passing new path to controller.
[controller_server-1] [INFO] [1785944240.494640332] [controller_server]: Passing new path to controller.
[bt_navigator-5] [WARN] [1785944240.751178249] [BehaviorTreeEngine]: Behavior Tree tick rate 100.00 was exceeded!
[bt_navigator-5] [WARN] [1785944241.237502298] [BehaviorTreeEngine]: Behavior Tree tick rate 100.00 was exceeded!
[bt_navigator-5] [WARN] [1785944241.288028970] [BehaviorTreeEngine]: Behavior Tree tick rate 100.00 was exceeded!
[controller_server-1] [INFO] [1785944241.494653935] [controller_server]: Passing new path to controller.
[controller_server-1] [INFO] [1785944242.544654369] [controller_server]: Passing new path to controller.
[controller_server-1] [INFO] [1785944243.544647690] [controller_server]: Passing new path to controller.
[bt_navigator-5] [WARN] [1785944243.922113550] [BehaviorTreeEngine]: Behavior Tree tick rate 100.00 was exceeded!
[controller_server-1] [INFO] [1785944244.594681269] [controller_server]: Passing new path to controller.
[controller_server-1] [INFO] [1785944245.594611843] [controller_server]: Passing new path to controller.
[controller_server-1] [INFO] [1785944246.644634345] [controller_server]: Passing new path to controller.
[controller_server-1] [INFO] [1785944247.694640445] [controller_server]: Passing new path to controller.
[controller_server-1] [INFO] [1785944248.694620871] [controller_server]: Passing new path to controller.
[controller_server-1] [INFO] [1785944249.744633175] [controller_server]: Passing new path to controller.
[controller_server-1] [INFO] [1785944250.744655883] [controller_server]: Passing new path to controller.
[controller_server-1] [INFO] [1785944251.794617358] [controller_server]: Passing new path to controller.
[controller_server-1] [INFO] [1785944252.794703161] [controller_server]: Passing new path to controller.
[controller_server-1] [INFO] [1785944253.844633277] [controller_server]: Passing new path to controller.
[bt_navigator-5] [WARN] [1785944254.202815566] [BehaviorTreeEngine]: Behavior Tree tick rate 100.00 was exceeded!
[controller_server-1] [INFO] [1785944254.894621935] [controller_server]: Passing new path to controller.
[bt_navigator-5] [WARN] [1785944254.942897026] [BehaviorTreeEngine]: Behavior Tree tick rate 100.00 was exceeded!
[bt_navigator-5] [WARN] [1785944255.126541870] [BehaviorTreeEngine]: Behavior Tree tick rate 100.00 was exceeded!
[controller_server-1] [INFO] [1785944255.894677384] [controller_server]: Passing new path to controller.
[bt_navigator-5] [WARN] [1785944255.936862506] [BehaviorTreeEngine]: Behavior Tree tick rate 100.00 was exceeded!
[bt_navigator-5] [WARN] [1785944256.032042741] [BehaviorTreeEngine]: Behavior Tree tick rate 100.00 was exceeded!
[bt_navigator-5] [WARN] [1785944256.213934051] [BehaviorTreeEngine]: Behavior Tree tick rate 100.00 was exceeded!
[bt_navigator-5] [WARN] [1785944256.275241430] [BehaviorTreeEngine]: Behavior Tree tick rate 100.00 was exceeded!
[bt_navigator-5] [WARN] [1785944256.385652866] [BehaviorTreeEngine]: Behavior Tree tick rate 100.00 was exceeded!
[controller_server-1] [INFO] [1785944256.944646840] [controller_server]: Passing new path to controller.
[controller_server-1] [INFO] [1785944257.944629716] [controller_server]: Passing new path to controller.
[controller_server-1] [INFO] [1785944258.994635418] [controller_server]: Passing new path to controller.
[controller_server-1] [INFO] [1785944260.044656281] [controller_server]: Passing new path to controller.
[controller_server-1] [INFO] [1785944261.044787558] [controller_server]: Passing new path to controller.
[controller_server-1] [INFO] [1785944262.094635233] [controller_server]: Passing new path to controller.
[controller_server-1] [INFO] [1785944263.094582887] [controller_server]: Passing new path to controller.
[bt_navigator-5] [WARN] [1785944263.905965619] [BehaviorTreeEngine]: Behavior Tree tick rate 100.00 was exceeded!
[bt_navigator-5] [WARN] [1785944264.126463734] [BehaviorTreeEngine]: Behavior Tree tick rate 100.00 was exceeded!
[controller_server-1] [INFO] [1785944264.144679752] [controller_server]: Passing new path to controller.
[bt_navigator-5] [WARN] [1785944264.381691349] [BehaviorTreeEngine]: Behavior Tree tick rate 100.00 was exceeded!
[controller_server-1] [INFO] [1785944265.144678886] [controller_server]: Passing new path to controller.
[bt_navigator-5] [WARN] [1785944265.817209204] [BehaviorTreeEngine]: Behavior Tree tick rate 100.00 was exceeded!
[bt_navigator-5] [WARN] [1785944266.091750603] [BehaviorTreeEngine]: Behavior Tree tick rate 100.00 was exceeded!
[bt_navigator-5] [WARN] [1785944266.122981964] [BehaviorTreeEngine]: Behavior Tree tick rate 100.00 was exceeded!
[bt_navigator-5] [WARN] [1785944266.168593410] [bt_navigator_navigate_to_pose_rclcpp_node]: Timed out while waiting for action server to acknowledge goal request for compute_path_to_pose
[planner_server-3] [INFO] [1785944266.168891642] [global_costmap.global_costmap]: Received request to clear entirely the global_costmap
[bt_navigator-5] [WARN] [1785944266.175137296] [BehaviorTreeEngine]: Behavior Tree tick rate 100.00 was exceeded!
[controller_server-1] [INFO] [1785944266.344648179] [controller_server]: Passing new path to controller.
[bt_navigator-5] [WARN] [1785944266.430373613] [BehaviorTreeEngine]: Behavior Tree tick rate 100.00 was exceeded!
[bt_navigator-5] [WARN] [1785944266.461621658] [BehaviorTreeEngine]: Behavior Tree tick rate 100.00 was exceeded!
[controller_server-1] [INFO] [1785944267.394636471] [controller_server]: Passing new path to controller.
[bt_navigator-5] [WARN] [1785944268.005922429] [BehaviorTreeEngine]: Behavior Tree tick rate 100.00 was exceeded!
[controller_server-1] [INFO] [1785944268.444700646] [controller_server]: Passing new path to controller.
[controller_server-1] [INFO] [1785944269.444656232] [controller_server]: Passing new path to controller.
[controller_server-1] [INFO] [1785944270.494730425] [controller_server]: Passing new path to controller.
[controller_server-1] [INFO] [1785944271.494636299] [controller_server]: Passing new path to controller.
[controller_server-1] [INFO] [1785944272.544720702] [controller_server]: Passing new path to controller.
[controller_server-1] [INFO] [1785944273.544640871] [controller_server]: Passing new path to controller.
[controller_server-1] [INFO] [1785944274.594636353] [controller_server]: Passing new path to controller.
[controller_server-1] [INFO] [1785944275.644652286] [controller_server]: Passing new path to controller.
[bt_navigator-5] [WARN] [1785944276.605207332] [BehaviorTreeEngine]: Behavior Tree tick rate 100.00 was exceeded!
[controller_server-1] [INFO] [1785944276.650144662] [controller_server]: Passing new path to controller.
[bt_navigator-5] [WARN] [1785944276.651945623] [BehaviorTreeEngine]: Behavior Tree tick rate 100.00 was exceeded!
[controller_server-1] [INFO] [1785944277.694655581] [controller_server]: Passing new path to controller.
[controller_server-1] [INFO] [1785944278.694643824] [controller_server]: Passing new path to controller.
[bt_navigator-5] [WARN] [1785944279.741131641] [BehaviorTreeEngine]: Behavior Tree tick rate 100.00 was exceeded!
[controller_server-1] [INFO] [1785944279.794648430] [controller_server]: Passing new path to controller.
[controller_server-1] [INFO] [1785944280.797491281] [controller_server]: Passing new path to controller.
[controller_server-1] [INFO] [1785944281.844656143] [controller_server]: Passing new path to controller.
[controller_server-1] [INFO] [1785944282.894608012] [controller_server]: Passing new path to controller.
[bt_navigator-5] [WARN] [1785944283.135608746] [BehaviorTreeEngine]: Behavior Tree tick rate 100.00 was exceeded!
[controller_server-1] [INFO] [1785944283.894637755] [controller_server]: Passing new path to controller.
[bt_navigator-5] [WARN] [1785944284.244223011] [BehaviorTreeEngine]: Behavior Tree tick rate 100.00 was exceeded!
[bt_navigator-5] [WARN] [1785944284.919992039] [BehaviorTreeEngine]: Behavior Tree tick rate 100.00 was exceeded!
[controller_server-1] [INFO] [1785944284.944640681] [controller_server]: Passing new path to controller.
[bt_navigator-5] [WARN] [1785944285.021764269] [BehaviorTreeEngine]: Behavior Tree tick rate 100.00 was exceeded!
[bt_navigator-5] [WARN] [1785944285.053085037] [BehaviorTreeEngine]: Behavior Tree tick rate 100.00 was exceeded!
[bt_navigator-5] [WARN] [1785944285.054577302] [BehaviorTreeEngine]: Behavior Tree tick rate 100.00 was exceeded!
[bt_navigator-5] [WARN] [1785944285.135032148] [BehaviorTreeEngine]: Behavior Tree tick rate 100.00 was exceeded!
[bt_navigator-5] [WARN] [1785944285.895584528] [BehaviorTreeEngine]: Behavior Tree tick rate 100.00 was exceeded!
[controller_server-1] [INFO] [1785944285.994611780] [controller_server]: Passing new path to controller.
[bt_navigator-5] [WARN] [1785944286.261433933] [BehaviorTreeEngine]: Behavior Tree tick rate 100.00 was exceeded!
[controller_server-1] [ERROR] [1785944286.594896900] [controller_server]: Failed to make progress
[controller_server-1] [WARN] [1785944286.598126146] [controller_server]: [follow_path] [ActionServer] Aborting handle.
[controller_server-1] [INFO] [1785944286.611770769] [local_costmap.local_costmap]: Received request to clear entirely the local_costmap
[controller_server-1] [INFO] [1785944286.615589419] [controller_server]: Received a goal, begin computing control effort.
[controller_server-1] [WARN] [1785944286.704970472] [controller_server]: Control loop missed its desired rate of 20.0000Hz
[bt_navigator-5] [WARN] [1785944286.814180940] [BehaviorTreeEngine]: Behavior Tree tick rate 100.00 was exceeded!
[bt_navigator-5] [WARN] [1785944286.833953203] [BehaviorTreeEngine]: Behavior Tree tick rate 100.00 was exceeded!
[controller_server-1] [INFO] [1785944287.015957001] [controller_server]: Passing new path to controller.
[bt_navigator-5] [WARN] [1785944287.361666953] [BehaviorTreeEngine]: Behavior Tree tick rate 100.00 was exceeded!
[bt_navigator-5] [WARN] [1785944287.461052218] [BehaviorTreeEngine]: Behavior Tree tick rate 100.00 was exceeded!
[bt_navigator-5] [WARN] [1785944287.462504932] [BehaviorTreeEngine]: Behavior Tree tick rate 100.00 was exceeded!
[controller_server-1] [INFO] [1785944288.015925409] [controller_server]: Passing new path to controller.
[controller_server-1] [INFO] [1785944289.065914127] [controller_server]: Passing new path to controller.
[controller_server-1] [INFO] [1785944290.065935685] [controller_server]: Passing new path to controller.
[controller_server-1] [INFO] [1785944291.115908960] [controller_server]: Passing new path to controller.
[controller_server-1] [INFO] [1785944292.115975136] [controller_server]: Passing new path to controller.
[controller_server-1] [INFO] [1785944293.165946157] [controller_server]: Passing new path to controller.
[controller_server-1] [INFO] [1785944294.165976188] [controller_server]: Passing new path to controller.
[controller_server-1] [INFO] [1785944295.215930281] [controller_server]: Passing new path to controller.
[bt_navigator-5] [WARN] [1785944295.414907149] [BehaviorTreeEngine]: Behavior Tree tick rate 100.00 was exceeded!
[bt_navigator-5] [WARN] [1785944295.470090432] [BehaviorTreeEngine]: Behavior Tree tick rate 100.00 was exceeded!
[controller_server-1] [INFO] [1785944296.265919597] [controller_server]: Passing new path to controller.
[bt_navigator-5] [WARN] [1785944297.066672192] [BehaviorTreeEngine]: Behavior Tree tick rate 100.00 was exceeded!
[bt_navigator-5] [WARN] [1785944297.130099189] [BehaviorTreeEngine]: Behavior Tree tick rate 100.00 was exceeded!
[bt_navigator-5] [WARN] [1785944297.175423922] [BehaviorTreeEngine]: Behavior Tree tick rate 100.00 was exceeded!
[bt_navigator-5] [WARN] [1785944297.234412989] [BehaviorTreeEngine]: Behavior Tree tick rate 100.00 was exceeded!
[bt_navigator-5] [WARN] [1785944297.269213694] [BehaviorTreeEngine]: Behavior Tree tick rate 100.00 was exceeded!
[controller_server-1] [INFO] [1785944297.315945989] [controller_server]: Passing new path to controller.
[bt_navigator-5] [WARN] [1785944297.436782286] [BehaviorTreeEngine]: Behavior Tree tick rate 100.00 was exceeded!
[bt_navigator-5] [WARN] [1785944297.824433245] [BehaviorTreeEngine]: Behavior Tree tick rate 100.00 was exceeded!
[bt_navigator-5] [WARN] [1785944297.885311862] [BehaviorTreeEngine]: Behavior Tree tick rate 100.00 was exceeded!
[controller_server-1] [INFO] [1785944298.315934810] [controller_server]: Passing new path to controller.
[controller_server-1] [INFO] [1785944299.366211538] [controller_server]: Passing new path to controller.
[controller_server-1] [INFO] [1785944300.365918407] [controller_server]: Passing new path to controller.
[controller_server-1] [INFO] [1785944301.415930349] [controller_server]: Passing new path to controller.
[controller_server-1] [INFO] [1785944302.415926953] [controller_server]: Passing new path to controller.
[controller_server-1] [INFO] [1785944303.466656087] [controller_server]: Passing new path to controller.
[controller_server-1] [INFO] [1785944304.466294004] [controller_server]: Passing new path to controller.
[bt_navigator-5] [WARN] [1785944304.708467827] [BehaviorTreeEngine]: Behavior Tree tick rate 100.00 was exceeded!
[bt_navigator-5] [WARN] [1785944304.717615428] [BehaviorTreeEngine]: Behavior Tree tick rate 100.00 was exceeded!
[bt_navigator-5] [WARN] [1785944304.741905037] [BehaviorTreeEngine]: Behavior Tree tick rate 100.00 was exceeded!
[bt_navigator-5] [WARN] [1785944304.746012865] [BehaviorTreeEngine]: Behavior Tree tick rate 100.00 was exceeded!
[controller_server-1] [INFO] [1785944305.515932527] [controller_server]: Passing new path to controller.
[controller_server-1] [INFO] [1785944306.565946190] [controller_server]: Passing new path to controller.
[controller_server-1] [INFO] [1785944307.565990327] [controller_server]: Passing new path to controller.
[controller_server-1] [INFO] [1785944308.615924956] [controller_server]: Passing new path to controller.
[bt_navigator-5] [WARN] [1785944309.456065479] [BehaviorTreeEngine]: Behavior Tree tick rate 100.00 was exceeded!
[controller_server-1] [INFO] [1785944309.669834188] [controller_server]: Passing new path to controller.
[bt_navigator-5] [WARN] [1785944309.937992167] [BehaviorTreeEngine]: Behavior Tree tick rate 100.00 was exceeded!
[controller_server-1] [INFO] [1785944310.665931846] [controller_server]: Passing new path to controller.
[controller_server-1] [WARN] [1785944311.069563947] [controller_server]: No valid trajectories out of 251! 
[controller_server-1] [INFO] [1785944311.715927919] [controller_server]: Passing new path to controller.
[bt_navigator-5] [WARN] [1785944312.248406961] [BehaviorTreeEngine]: Behavior Tree tick rate 100.00 was exceeded!
[bt_navigator-5] [WARN] [1785944312.376032128] [BehaviorTreeEngine]: Behavior Tree tick rate 100.00 was exceeded!
[bt_navigator-5] [WARN] [1785944312.381741424] [BehaviorTreeEngine]: Behavior Tree tick rate 100.00 was exceeded!
[controller_server-1] [WARN] [1785944312.425597533] [controller_server]: No valid trajectories out of 251! 
[bt_navigator-5] [WARN] [1785944312.490028480] [BehaviorTreeEngine]: Behavior Tree tick rate 100.00 was exceeded!
[bt_navigator-5] [WARN] [1785944312.562321227] [BehaviorTreeEngine]: Behavior Tree tick rate 100.00 was exceeded!
[bt_navigator-5] [WARN] [1785944312.576903411] [BehaviorTreeEngine]: Behavior Tree tick rate 100.00 was exceeded!
[bt_navigator-5] [WARN] [1785944312.670718755] [BehaviorTreeEngine]: Behavior Tree tick rate 100.00 was exceeded!
[controller_server-1] [INFO] [1785944312.715946454] [controller_server]: Passing new path to controller.
[bt_navigator-5] [WARN] [1785944313.018362822] [BehaviorTreeEngine]: Behavior Tree tick rate 100.00 was exceeded!
[bt_navigator-5] [WARN] [1785944313.419083025] [BehaviorTreeEngine]: Behavior Tree tick rate 100.00 was exceeded!
[bt_navigator-5] [WARN] [1785944313.449444393] [BehaviorTreeEngine]: Behavior Tree tick rate 100.00 was exceeded!
[bt_navigator-5] [WARN] [1785944313.546802215] [BehaviorTreeEngine]: Behavior Tree tick rate 100.00 was exceeded!
[bt_navigator-5] [WARN] [1785944313.580957119] [BehaviorTreeEngine]: Behavior Tree tick rate 100.00 was exceeded!
[bt_navigator-5] [WARN] [1785944313.651900068] [BehaviorTreeEngine]: Behavior Tree tick rate 100.00 was exceeded!
[controller_server-1] [INFO] [1785944313.765976171] [controller_server]: Passing new path to controller.
[bt_navigator-5] [WARN] [1785944313.862021261] [BehaviorTreeEngine]: Behavior Tree tick rate 100.00 was exceeded!
[bt_navigator-5] [WARN] [1785944313.890586316] [BehaviorTreeEngine]: Behavior Tree tick rate 100.00 was exceeded!
[controller_server-1] [WARN] [1785944313.926782922] [controller_server]: Control loop missed its desired rate of 20.0000Hz
[bt_navigator-5] [WARN] [1785944314.019390371] [BehaviorTreeEngine]: Behavior Tree tick rate 100.00 was exceeded!
[bt_navigator-5] [WARN] [1785944314.129341658] [BehaviorTreeEngine]: Behavior Tree tick rate 100.00 was exceeded!
[controller_server-1] [INFO] [1785944314.766312346] [controller_server]: Passing new path to controller.
[bt_navigator-5] [WARN] [1785944314.854659889] [BehaviorTreeEngine]: Behavior Tree tick rate 100.00 was exceeded!
[controller_server-1] [WARN] [1785944314.887076833] [controller_server]: Control loop missed its desired rate of 20.0000Hz
[controller_server-1] [WARN] [1785944314.943612793] [controller_server]: No valid trajectories out of 251! 
[controller_server-1] [WARN] [1785944314.972342670] [controller_server]: No valid trajectories out of 251! 
[controller_server-1] [WARN] [1785944315.021399743] [controller_server]: No valid trajectories out of 251! 
[controller_server-1] [WARN] [1785944315.071681825] [controller_server]: No valid trajectories out of 251! 
[controller_server-1] [WARN] [1785944315.129889914] [controller_server]: No valid trajectories out of 251! 
[controller_server-1] [WARN] [1785944315.173428585] [controller_server]: No valid trajectories out of 251! 
[bt_navigator-5] [WARN] [1785944315.209083429] [BehaviorTreeEngine]: Behavior Tree tick rate 100.00 was exceeded!
[controller_server-1] [WARN] [1785944315.232884497] [controller_server]: No valid trajectories out of 251! 
[controller_server-1] [ERROR] [1785944315.232997474] [controller_server]: Controller patience exceeded
[controller_server-1] [WARN] [1785944315.233117163] [controller_server]: [follow_path] [ActionServer] Aborting handle.
[behavior_server-4] [INFO] [1785944315.248181879] [behavior_server]: Running spin
[behavior_server-4] [INFO] [1785944315.248326950] [behavior_server]: Turning 1.57 for spin behavior.
[bt_navigator-5] [WARN] [1785944315.427124810] [BehaviorTreeEngine]: Behavior Tree tick rate 100.00 was exceeded!
[bt_navigator-5] [WARN] [1785944315.538852105] [BehaviorTreeEngine]: Behavior Tree tick rate 100.00 was exceeded!
[bt_navigator-5] [WARN] [1785944315.659824179] [BehaviorTreeEngine]: Behavior Tree tick rate 100.00 was exceeded!
[bt_navigator-5] [WARN] [1785944316.109914994] [BehaviorTreeEngine]: Behavior Tree tick rate 100.00 was exceeded!
[bt_navigator-5] [WARN] [1785944316.202425299] [BehaviorTreeEngine]: Behavior Tree tick rate 100.00 was exceeded!
[bt_navigator-5] [WARN] [1785944316.235954897] [BehaviorTreeEngine]: Behavior Tree tick rate 100.00 was exceeded!
[bt_navigator-5] [WARN] [1785944316.272854344] [BehaviorTreeEngine]: Behavior Tree tick rate 100.00 was exceeded!
[bt_navigator-5] [WARN] [1785944316.347305773] [BehaviorTreeEngine]: Behavior Tree tick rate 100.00 was exceeded!
[bt_navigator-5] [WARN] [1785944316.742457789] [BehaviorTreeEngine]: Behavior Tree tick rate 100.00 was exceeded!
[bt_navigator-5] [WARN] [1785944316.745214294] [BehaviorTreeEngine]: Behavior Tree tick rate 100.00 was exceeded!
[bt_navigator-5] [WARN] [1785944318.246003036] [BehaviorTreeEngine]: Behavior Tree tick rate 100.00 was exceeded!
[bt_navigator-5] [WARN] [1785944318.319075553] [BehaviorTreeEngine]: Behavior Tree tick rate 100.00 was exceeded!
[bt_navigator-5] [WARN] [1785944318.329198441] [BehaviorTreeEngine]: Behavior Tree tick rate 100.00 was exceeded!
[bt_navigator-5] [WARN] [1785944318.921885447] [BehaviorTreeEngine]: Behavior Tree tick rate 100.00 was exceeded!
[bt_navigator-5] [WARN] [1785944319.738973450] [BehaviorTreeEngine]: Behavior Tree tick rate 100.00 was exceeded!
[behavior_server-4] [WARN] [1785944321.350603815] [behavior_server]: Collision Ahead - Exiting Spin
[behavior_server-4] [WARN] [1785944321.350685128] [behavior_server]: spin failed
[behavior_server-4] [WARN] [1785944321.350707166] [behavior_server]: [spin] [ActionServer] Aborting handle.
[behavior_server-4] [INFO] [1785944321.378608327] [behavior_server]: Running wait
[bt_navigator-5] [WARN] [1785944322.361884847] [BehaviorTreeEngine]: Behavior Tree tick rate 100.00 was exceeded!
[bt_navigator-5] [WARN] [1785944322.548271251] [BehaviorTreeEngine]: Behavior Tree tick rate 100.00 was exceeded!
[bt_navigator-5] [WARN] [1785944325.326548670] [BehaviorTreeEngine]: Behavior Tree tick rate 100.00 was exceeded!
[bt_navigator-5] [WARN] [1785944325.415594610] [BehaviorTreeEngine]: Behavior Tree tick rate 100.00 was exceeded!
[bt_navigator-5] [WARN] [1785944325.417911144] [BehaviorTreeEngine]: Behavior Tree tick rate 100.00 was exceeded!
[behavior_server-4] [INFO] [1785944326.380676372] [behavior_server]: wait completed successfully
[planner_server-3] [WARN] [1785944326.412333918] [planner_server]: GridBased: failed to create plan with tolerance 0.50.
[planner_server-3] [WARN] [1785944326.412611859] [planner_server]: Planning algorithm GridBased failed to generate a valid path to (-6.00, -0.50)
[planner_server-3] [WARN] [1785944326.412675033] [planner_server]: [compute_path_to_pose] [ActionServer] Aborting handle.
[planner_server-3] [INFO] [1785944326.427223059] [global_costmap.global_costmap]: Received request to clear entirely the global_costmap
[bt_navigator-5] [WARN] [1785944327.034096049] [BehaviorTreeEngine]: Behavior Tree tick rate 100.00 was exceeded!
[bt_navigator-5] [WARN] [1785944327.036269677] [BehaviorTreeEngine]: Behavior Tree tick rate 100.00 was exceeded!
[bt_navigator-5] [WARN] [1785944327.116539676] [BehaviorTreeEngine]: Behavior Tree tick rate 100.00 was exceeded!
[bt_navigator-5] [WARN] [1785944327.179241170] [BehaviorTreeEngine]: Behavior Tree tick rate 100.00 was exceeded!
[planner_server-3] [WARN] [1785944327.322343646] [planner_server]: Planner loop missed its desired rate of 2.0000 Hz. Current loop rate is 1.1226 Hz
[controller_server-1] [INFO] [1785944327.340591399] [controller_server]: Received a goal, begin computing control effort.
[controller_server-1] [WARN] [1785944327.353912376] [controller_server]: No valid trajectories out of 251! 
[controller_server-1] [WARN] [1785944327.400222324] [controller_server]: No valid trajectories out of 251! 
[controller_server-1] [WARN] [1785944327.450644028] [controller_server]: No valid trajectories out of 251! 
[controller_server-1] [WARN] [1785944327.499136848] [controller_server]: No valid trajectories out of 251! 
[controller_server-1] [WARN] [1785944327.546639954] [controller_server]: No valid trajectories out of 251! 
[controller_server-1] [WARN] [1785944327.597248601] [controller_server]: No valid trajectories out of 251! 
[controller_server-1] [WARN] [1785944327.652589180] [controller_server]: No valid trajectories out of 251! 
[controller_server-1] [ERROR] [1785944327.652693210] [controller_server]: Controller patience exceeded
[controller_server-1] [WARN] [1785944327.652819667] [controller_server]: [follow_path] [ActionServer] Aborting handle.
[controller_server-1] [INFO] [1785944327.669632194] [local_costmap.local_costmap]: Received request to clear entirely the local_costmap
[controller_server-1] [INFO] [1785944327.671263429] [controller_server]: Received a goal, begin computing control effort.
[controller_server-1] [WARN] [1785944327.698477827] [controller_server]: No valid trajectories out of 251! 
[controller_server-1] [WARN] [1785944327.726475061] [controller_server]: No valid trajectories out of 251! 
[controller_server-1] [WARN] [1785944327.775325014] [controller_server]: No valid trajectories out of 251! 
[controller_server-1] [WARN] [1785944327.827330460] [controller_server]: No valid trajectories out of 251! 
[controller_server-1] [WARN] [1785944327.876979164] [controller_server]: No valid trajectories out of 251! 
[controller_server-1] [WARN] [1785944327.930074690] [controller_server]: No valid trajectories out of 251! 
[controller_server-1] [WARN] [1785944327.975269820] [controller_server]: No valid trajectories out of 251! 
[controller_server-1] [ERROR] [1785944327.975358988] [controller_server]: Controller patience exceeded
[controller_server-1] [WARN] [1785944327.975440175] [controller_server]: [follow_path] [ActionServer] Aborting handle.
[bt_navigator-5] [WARN] [1785944328.000226991] [bt_navigator]: [navigate_to_pose] [ActionServer] Aborting handle.
[bt_navigator-5] [ERROR] [1785944328.002343642] [bt_navigator]: Goal failed
[bt_navigator-5] [INFO] [1785944333.570570469] [bt_navigator]: Begin navigating from current location (-3.23, 0.02) to (-7.00, 2.00)
[planner_server-3] [WARN] [1785944333.577069848] [planner_server]: GridBased: failed to create plan with tolerance 0.50.
[planner_server-3] [WARN] [1785944333.577208546] [planner_server]: Planning algorithm GridBased failed to generate a valid path to (-7.00, 2.00)
[planner_server-3] [WARN] [1785944333.577235101] [planner_server]: [compute_path_to_pose] [ActionServer] Aborting handle.
[planner_server-3] [INFO] [1785944333.591527994] [global_costmap.global_costmap]: Received request to clear entirely the global_costmap
[planner_server-3] [WARN] [1785944334.320927694] [planner_server]: GridBased: failed to create plan with tolerance 0.50.
[planner_server-3] [WARN] [1785944334.321352234] [planner_server]: Planning algorithm GridBased failed to generate a valid path to (-7.00, 2.00)
[planner_server-3] [WARN] [1785944334.321423348] [planner_server]: [compute_path_to_pose] [ActionServer] Aborting handle.
[behavior_server-4] [INFO] [1785944334.344144711] [behavior_server]: Running backup
[bt_navigator-5] [WARN] [1785944334.461907609] [BehaviorTreeEngine]: Behavior Tree tick rate 100.00 was exceeded!
[bt_navigator-5] [WARN] [1785944334.758366969] [BehaviorTreeEngine]: Behavior Tree tick rate 100.00 was exceeded!
[behavior_server-4] [INFO] [1785944339.544636931] [behavior_server]: backup completed successfully
[controller_server-1] [INFO] [1785944339.593349851] [controller_server]: Received a goal, begin computing control effort.
[controller_server-1] [INFO] [1785944340.644365400] [controller_server]: Passing new path to controller.
[controller_server-1] [INFO] [1785944341.696389112] [controller_server]: Passing new path to controller.
[controller_server-1] [INFO] [1785944342.694328829] [controller_server]: Passing new path to controller.
[bt_navigator-5] [WARN] [1785944343.266126057] [BehaviorTreeEngine]: Behavior Tree tick rate 100.00 was exceeded!
[controller_server-1] [INFO] [1785944343.744324028] [controller_server]: Passing new path to controller.
[bt_navigator-5] [WARN] [1785944344.218048268] [BehaviorTreeEngine]: Behavior Tree tick rate 100.00 was exceeded!
[bt_navigator-5] [WARN] [1785944344.232744901] [BehaviorTreeEngine]: Behavior Tree tick rate 100.00 was exceeded!
[bt_navigator-5] [WARN] [1785944344.452378640] [BehaviorTreeEngine]: Behavior Tree tick rate 100.00 was exceeded!
[bt_navigator-5] [WARN] [1785944344.731735187] [BehaviorTreeEngine]: Behavior Tree tick rate 100.00 was exceeded!
[bt_navigator-5] [WARN] [1785944344.733332678] [BehaviorTreeEngine]: Behavior Tree tick rate 100.00 was exceeded!
[controller_server-1] [INFO] [1785944344.744346341] [controller_server]: Passing new path to controller.
[bt_navigator-5] [WARN] [1785944344.841960675] [BehaviorTreeEngine]: Behavior Tree tick rate 100.00 was exceeded!
[bt_navigator-5] [WARN] [1785944345.435385306] [BehaviorTreeEngine]: Behavior Tree tick rate 100.00 was exceeded!
[bt_navigator-5] [WARN] [1785944345.727878031] [BehaviorTreeEngine]: Behavior Tree tick rate 100.00 was exceeded!
[planner_server-3] [WARN] [1785944345.750469727] [planner_server]: GridBased: failed to create plan with tolerance 0.50.
[planner_server-3] [WARN] [1785944345.754992489] [planner_server]: Planning algorithm GridBased failed to generate a valid path to (-7.00, 2.00)
[planner_server-3] [WARN] [1785944345.755054784] [planner_server]: [compute_path_to_pose] [ActionServer] Aborting handle.
[bt_navigator-5] [WARN] [1785944345.757434849] [BehaviorTreeEngine]: Behavior Tree tick rate 100.00 was exceeded!
[planner_server-3] [INFO] [1785944345.769535364] [global_costmap.global_costmap]: Received request to clear entirely the global_costmap
[planner_server-3] [WARN] [1785944346.337832933] [planner_server]: Planner loop missed its desired rate of 2.0000 Hz. Current loop rate is 1.7750 Hz
[controller_server-1] [INFO] [1785944346.395865884] [controller_server]: Passing new path to controller.
[controller_server-1] [INFO] [1785944347.394368246] [controller_server]: Passing new path to controller.
[controller_server-1] [INFO] [1785944348.444331778] [controller_server]: Passing new path to controller.
[controller_server-1] [INFO] [1785944349.444330484] [controller_server]: Passing new path to controller.
[controller_server-1] [INFO] [1785944350.494329720] [controller_server]: Passing new path to controller.
[controller_server-1] [INFO] [1785944351.494299101] [controller_server]: Passing new path to controller.
[bt_navigator-5] [WARN] [1785944352.247965620] [BehaviorTreeEngine]: Behavior Tree tick rate 100.00 was exceeded!
[bt_navigator-5] [WARN] [1785944352.278013959] [BehaviorTreeEngine]: Behavior Tree tick rate 100.00 was exceeded!
[controller_server-1] [INFO] [1785944352.544330560] [controller_server]: Passing new path to controller.
[controller_server-1] [INFO] [1785944353.544366101] [controller_server]: Passing new path to controller.
[controller_server-1] [INFO] [1785944354.594309652] [controller_server]: Passing new path to controller.
[controller_server-1] [INFO] [1785944355.594387160] [controller_server]: Passing new path to controller.
[bt_navigator-5] [WARN] [1785944356.406039198] [BehaviorTreeEngine]: Behavior Tree tick rate 100.00 was exceeded!
[controller_server-1] [INFO] [1785944356.644344701] [controller_server]: Passing new path to controller.
[planner_server-3] [WARN] [1785944357.620161139] [planner_server]: GridBased: failed to create plan with tolerance 0.50.
[planner_server-3] [WARN] [1785944357.620253154] [planner_server]: Planning algorithm GridBased failed to generate a valid path to (-7.00, 2.00)
[planner_server-3] [WARN] [1785944357.620272609] [planner_server]: [compute_path_to_pose] [ActionServer] Aborting handle.
[planner_server-3] [INFO] [1785944357.638455834] [global_costmap.global_costmap]: Received request to clear entirely the global_costmap
[bt_navigator-5] [WARN] [1785944357.876723961] [BehaviorTreeEngine]: Behavior Tree tick rate 100.00 was exceeded!
[planner_server-3] [WARN] [1785944358.311284763] [planner_server]: Planner loop missed its desired rate of 2.0000 Hz. Current loop rate is 1.4895 Hz
[controller_server-1] [INFO] [1785944358.344326117] [controller_server]: Passing new path to controller.
[bt_navigator-5] [WARN] [1785944358.608936477] [BehaviorTreeEngine]: Behavior Tree tick rate 100.00 was exceeded!
[bt_navigator-5] [WARN] [1785944358.729927548] [BehaviorTreeEngine]: Behavior Tree tick rate 100.00 was exceeded!
[bt_navigator-5] [WARN] [1785944358.810183558] [BehaviorTreeEngine]: Behavior Tree tick rate 100.00 was exceeded!
[bt_navigator-5] [WARN] [1785944358.823002442] [BehaviorTreeEngine]: Behavior Tree tick rate 100.00 was exceeded!
[bt_navigator-5] [WARN] [1785944358.837155351] [BehaviorTreeEngine]: Behavior Tree tick rate 100.00 was exceeded!
[planner_server-3] [WARN] [1785944359.340321426] [planner_server]: GridBased: failed to create plan with tolerance 0.50.
[planner_server-3] [WARN] [1785944359.340418975] [planner_server]: Planning algorithm GridBased failed to generate a valid path to (-7.00, 2.00)
[planner_server-3] [WARN] [1785944359.340433754] [planner_server]: [compute_path_to_pose] [ActionServer] Aborting handle.
[planner_server-3] [INFO] [1785944359.358152844] [global_costmap.global_costmap]: Received request to clear entirely the global_costmap
[bt_navigator-5] [WARN] [1785944360.327366471] [BehaviorTreeEngine]: Behavior Tree tick rate 100.00 was exceeded!
[planner_server-3] [WARN] [1785944360.339560155] [planner_server]: GridBased: failed to create plan with tolerance 0.50.
[planner_server-3] [WARN] [1785944360.339717736] [planner_server]: Planning algorithm GridBased failed to generate a valid path to (-7.00, 2.00)
[planner_server-3] [WARN] [1785944360.339751244] [planner_server]: [compute_path_to_pose] [ActionServer] Aborting handle.
[controller_server-1] [INFO] [1785944360.345383626] [controller_server]: Goal was canceled. Stopping the robot.
[controller_server-1] [INFO] [1785944360.348227988] [controller_server]: [follow_path] [ActionServer] Client requested to cancel the goal. Cancelling.
[controller_server-1] [INFO] [1785944360.350694921] [local_costmap.local_costmap]: Received request to clear entirely the local_costmap
[planner_server-3] [INFO] [1785944360.352162642] [global_costmap.global_costmap]: Received request to clear entirely the global_costmap
[bt_navigator-5] [WARN] [1785944360.360038459] [BehaviorTreeEngine]: Behavior Tree tick rate 100.00 was exceeded!
[bt_navigator-5] [WARN] [1785944360.368588509] [BehaviorTreeEngine]: Behavior Tree tick rate 100.00 was exceeded!
[bt_navigator-5] [WARN] [1785944361.147830695] [BehaviorTreeEngine]: Behavior Tree tick rate 100.00 was exceeded!
[bt_navigator-5] [WARN] [1785944361.284428368] [BehaviorTreeEngine]: Behavior Tree tick rate 100.00 was exceeded!
[planner_server-3] [WARN] [1785944361.318412870] [planner_server]: Planner loop missed its desired rate of 2.0000 Hz. Current loop rate is 1.0544 Hz
[controller_server-1] [INFO] [1785944361.349375237] [controller_server]: Received a goal, begin computing control effort.
[bt_navigator-5] [WARN] [1785944361.625181581] [BehaviorTreeEngine]: Behavior Tree tick rate 100.00 was exceeded!
[controller_server-1] [INFO] [1785944362.404540486] [controller_server]: Passing new path to controller.
[controller_server-1] [INFO] [1785944363.405280240] [controller_server]: Passing new path to controller.
[bt_navigator-5] [WARN] [1785944363.524977604] [BehaviorTreeEngine]: Behavior Tree tick rate 100.00 was exceeded!
[bt_navigator-5] [WARN] [1785944364.306577823] [BehaviorTreeEngine]: Behavior Tree tick rate 100.00 was exceeded!
[controller_server-1] [WARN] [1785944364.442127088] [controller_server]: Control loop missed its desired rate of 20.0000Hz
[bt_navigator-5] [WARN] [1785944364.449671348] [BehaviorTreeEngine]: Behavior Tree tick rate 100.00 was exceeded!
[controller_server-1] [INFO] [1785944364.502368753] [controller_server]: Passing new path to controller.
[bt_navigator-5] [WARN] [1785944364.665086007] [BehaviorTreeEngine]: Behavior Tree tick rate 100.00 was exceeded!
[bt_navigator-5] [WARN] [1785944365.137590788] [BehaviorTreeEngine]: Behavior Tree tick rate 100.00 was exceeded!
[bt_navigator-5] [WARN] [1785944365.145121413] [BehaviorTreeEngine]: Behavior Tree tick rate 100.00 was exceeded!
[bt_navigator-5] [WARN] [1785944365.154012275] [BehaviorTreeEngine]: Behavior Tree tick rate 100.00 was exceeded!
[controller_server-1] [INFO] [1785944365.492236914] [controller_server]: Passing new path to controller.
[bt_navigator-5] [WARN] [1785944365.711308868] [BehaviorTreeEngine]: Behavior Tree tick rate 100.00 was exceeded!
[bt_navigator-5] [WARN] [1785944366.214196542] [BehaviorTreeEngine]: Behavior Tree tick rate 100.00 was exceeded!
[bt_navigator-5] [WARN] [1785944366.254586716] [BehaviorTreeEngine]: Behavior Tree tick rate 100.00 was exceeded!
[bt_navigator-5] [WARN] [1785944366.370170080] [BehaviorTreeEngine]: Behavior Tree tick rate 100.00 was exceeded!
[bt_navigator-5] [WARN] [1785944366.375083868] [BehaviorTreeEngine]: Behavior Tree tick rate 100.00 was exceeded!
[bt_navigator-5] [WARN] [1785944366.387824899] [BehaviorTreeEngine]: Behavior Tree tick rate 100.00 was exceeded!
[bt_navigator-5] [WARN] [1785944366.437096307] [BehaviorTreeEngine]: Behavior Tree tick rate 100.00 was exceeded!
[controller_server-1] [INFO] [1785944366.542411239] [controller_server]: Passing new path to controller.
[bt_navigator-5] [WARN] [1785944366.882076914] [BehaviorTreeEngine]: Behavior Tree tick rate 100.00 was exceeded!
[controller_server-1] [INFO] [1785944367.545822497] [controller_server]: Passing new path to controller.
[bt_navigator-5] [WARN] [1785944368.119300401] [BehaviorTreeEngine]: Behavior Tree tick rate 100.00 was exceeded!
[bt_navigator-5] [WARN] [1785944368.534222233] [BehaviorTreeEngine]: Behavior Tree tick rate 100.00 was exceeded!
[controller_server-1] [INFO] [1785944368.592256431] [controller_server]: Passing new path to controller.
[controller_server-1] [INFO] [1785944369.592251969] [controller_server]: Passing new path to controller.
[bt_navigator-5] [WARN] [1785944370.101917344] [BehaviorTreeEngine]: Behavior Tree tick rate 100.00 was exceeded!
[controller_server-1] [INFO] [1785944370.642347526] [controller_server]: Passing new path to controller.
[bt_navigator-5] [WARN] [1785944371.019843041] [BehaviorTreeEngine]: Behavior Tree tick rate 100.00 was exceeded!
[bt_navigator-5] [WARN] [1785944371.321827666] [BehaviorTreeEngine]: Behavior Tree tick rate 100.00 was exceeded!
[bt_navigator-5] [WARN] [1785944371.517495056] [BehaviorTreeEngine]: Behavior Tree tick rate 100.00 was exceeded!
[bt_navigator-5] [WARN] [1785944371.576909306] [BehaviorTreeEngine]: Behavior Tree tick rate 100.00 was exceeded!
[bt_navigator-5] [WARN] [1785944371.710790380] [BehaviorTreeEngine]: Behavior Tree tick rate 100.00 was exceeded!
[controller_server-1] [WARN] [1785944371.765489524] [controller_server]: Control loop missed its desired rate of 20.0000Hz
[controller_server-1] [INFO] [1785944371.768501645] [controller_server]: Passing new path to controller.
[bt_navigator-5] [WARN] [1785944371.818513912] [BehaviorTreeEngine]: Behavior Tree tick rate 100.00 was exceeded!
[bt_navigator-5] [WARN] [1785944371.888302252] [BehaviorTreeEngine]: Behavior Tree tick rate 100.00 was exceeded!
[bt_navigator-5] [WARN] [1785944371.936618748] [BehaviorTreeEngine]: Behavior Tree tick rate 100.00 was exceeded!
[bt_navigator-5] [WARN] [1785944371.997800876] [BehaviorTreeEngine]: Behavior Tree tick rate 100.00 was exceeded!
[bt_navigator-5] [WARN] [1785944372.017729521] [BehaviorTreeEngine]: Behavior Tree tick rate 100.00 was exceeded!
[bt_navigator-5] [WARN] [1785944372.067341213] [BehaviorTreeEngine]: Behavior Tree tick rate 100.00 was exceeded!
[bt_navigator-5] [WARN] [1785944372.141999732] [BehaviorTreeEngine]: Behavior Tree tick rate 100.00 was exceeded!
[bt_navigator-5] [WARN] [1785944372.562251664] [BehaviorTreeEngine]: Behavior Tree tick rate 100.00 was exceeded!
[bt_navigator-5] [WARN] [1785944372.643508791] [BehaviorTreeEngine]: Behavior Tree tick rate 100.00 was exceeded!
[bt_navigator-5] [WARN] [1785944372.655338508] [BehaviorTreeEngine]: Behavior Tree tick rate 100.00 was exceeded!
[bt_navigator-5] [WARN] [1785944372.805679331] [BehaviorTreeEngine]: Behavior Tree tick rate 100.00 was exceeded!
[controller_server-1] [INFO] [1785944372.892222312] [controller_server]: Passing new path to controller.
[bt_navigator-5] [WARN] [1785944372.904364392] [BehaviorTreeEngine]: Behavior Tree tick rate 100.00 was exceeded!
[bt_navigator-5] [WARN] [1785944373.196223790] [BehaviorTreeEngine]: Behavior Tree tick rate 100.00 was exceeded!
[bt_navigator-5] [WARN] [1785944373.208532893] [BehaviorTreeEngine]: Behavior Tree tick rate 100.00 was exceeded!
[bt_navigator-5] [WARN] [1785944373.430328882] [BehaviorTreeEngine]: Behavior Tree tick rate 100.00 was exceeded!
[controller_server-1] [WARN] [1785944373.464050848] [controller_server]: Control loop missed its desired rate of 20.0000Hz
[bt_navigator-5] [WARN] [1785944373.803556086] [BehaviorTreeEngine]: Behavior Tree tick rate 100.00 was exceeded!
[bt_navigator-5] [WARN] [1785944373.882775770] [BehaviorTreeEngine]: Behavior Tree tick rate 100.00 was exceeded!
[bt_navigator-5] [WARN] [1785944373.899981137] [BehaviorTreeEngine]: Behavior Tree tick rate 100.00 was exceeded!
[controller_server-1] [WARN] [1785944373.930428770] [controller_server]: No valid trajectories out of 251! 
[controller_server-1] [INFO] [1785944373.942269567] [controller_server]: Passing new path to controller.
[controller_server-1] [WARN] [1785944373.950376528] [controller_server]: No valid trajectories out of 251! 
[controller_server-1] [WARN] [1785944374.008004939] [controller_server]: No valid trajectories out of 251! 
[bt_navigator-5] [WARN] [1785944374.031399289] [BehaviorTreeEngine]: Behavior Tree tick rate 100.00 was exceeded!
[controller_server-1] [WARN] [1785944374.057749878] [controller_server]: No valid trajectories out of 251! 
[controller_server-1] [WARN] [1785944374.302556413] [controller_server]: No valid trajectories out of 251! 
[controller_server-1] [WARN] [1785944374.349728804] [controller_server]: No valid trajectories out of 251! 
[controller_server-1] [WARN] [1785944374.407440928] [controller_server]: No valid trajectories out of 251! 
[controller_server-1] [WARN] [1785944374.450064601] [controller_server]: No valid trajectories out of 251! 
[controller_server-1] [WARN] [1785944374.508674338] [controller_server]: No valid trajectories out of 251! 
[controller_server-1] [WARN] [1785944374.554467632] [controller_server]: No valid trajectories out of 251! 
[controller_server-1] [ERROR] [1785944374.554545757] [controller_server]: Controller patience exceeded
[controller_server-1] [WARN] [1785944374.554616219] [controller_server]: [follow_path] [ActionServer] Aborting handle.
[controller_server-1] [INFO] [1785944374.571923424] [local_costmap.local_costmap]: Received request to clear entirely the local_costmap
[controller_server-1] [INFO] [1785944374.574843780] [controller_server]: Received a goal, begin computing control effort.
[controller_server-1] [WARN] [1785944374.712938032] [controller_server]: No valid trajectories out of 251! 
[bt_navigator-5] [WARN] [1785944374.715308864] [BehaviorTreeEngine]: Behavior Tree tick rate 100.00 was exceeded!
[controller_server-1] [WARN] [1785944374.716717113] [controller_server]: Control loop missed its desired rate of 20.0000Hz
[bt_navigator-5] [WARN] [1785944374.760754873] [BehaviorTreeEngine]: Behavior Tree tick rate 100.00 was exceeded!
[controller_server-1] [WARN] [1785944374.796832610] [controller_server]: No valid trajectories out of 251! 
[bt_navigator-5] [WARN] [1785944374.864194107] [BehaviorTreeEngine]: Behavior Tree tick rate 100.00 was exceeded!
[controller_server-1] [WARN] [1785944374.866236575] [controller_server]: Control loop missed its desired rate of 20.0000Hz
[controller_server-1] [WARN] [1785944374.878518893] [controller_server]: No valid trajectories out of 251! 
[controller_server-1] [ERROR] [1785944374.878605831] [controller_server]: Controller patience exceeded
[controller_server-1] [WARN] [1785944374.879987799] [controller_server]: [follow_path] [ActionServer] Aborting handle.
[bt_navigator-5] [WARN] [1785944374.917141268] [BehaviorTreeEngine]: Behavior Tree tick rate 100.00 was exceeded!
[planner_server-3] [INFO] [1785944374.951811790] [planner_server]: Goal was canceled. Canceling planning action.
[planner_server-3] [INFO] [1785944374.951962045] [planner_server]: [compute_path_to_pose] [ActionServer] Client requested to cancel the goal. Cancelling.
[bt_navigator-5] [ERROR] [1785944374.965333883] [bt_navigator_navigate_to_pose_rclcpp_node]: Failed to get result for compute_path_to_pose in node halt!
[bt_navigator-5] [WARN] [1785944374.971284085] [BehaviorTreeEngine]: Behavior Tree tick rate 100.00 was exceeded!
[behavior_server-4] [INFO] [1785944374.979072183] [behavior_server]: Running spin
[behavior_server-4] [INFO] [1785944374.979285656] [behavior_server]: Turning 1.57 for spin behavior.
[bt_navigator-5] [WARN] [1785944374.992315306] [bt_navigator_navigate_to_pose_rclcpp_node]: Timed out while waiting for action server to acknowledge goal request for spin
[bt_navigator-5] [WARN] [1785944375.010112551] [BehaviorTreeEngine]: Behavior Tree tick rate 100.00 was exceeded!
[bt_navigator-5] [WARN] [1785944375.011287858] [BehaviorTreeEngine]: Behavior Tree tick rate 100.00 was exceeded!
[bt_navigator-5] [WARN] [1785944375.023812053] [BehaviorTreeEngine]: Behavior Tree tick rate 100.00 was exceeded!
[bt_navigator-5] [WARN] [1785944375.042067825] [BehaviorTreeEngine]: Behavior Tree tick rate 100.00 was exceeded!
[behavior_server-4] [INFO] [1785944375.077568981] [behavior_server]: Running wait
[bt_navigator-5] [WARN] [1785944375.123038119] [BehaviorTreeEngine]: Behavior Tree tick rate 100.00 was exceeded!
[bt_navigator-5] [WARN] [1785944375.318033752] [BehaviorTreeEngine]: Behavior Tree tick rate 100.00 was exceeded!
[bt_navigator-5] [WARN] [1785944375.342232024] [BehaviorTreeEngine]: Behavior Tree tick rate 100.00 was exceeded!
[bt_navigator-5] [WARN] [1785944375.408063389] [BehaviorTreeEngine]: Behavior Tree tick rate 100.00 was exceeded!
[bt_navigator-5] [WARN] [1785944375.428918000] [BehaviorTreeEngine]: Behavior Tree tick rate 100.00 was exceeded!
[bt_navigator-5] [WARN] [1785944375.432641032] [BehaviorTreeEngine]: Behavior Tree tick rate 100.00 was exceeded!
[bt_navigator-5] [WARN] [1785944375.617016420] [BehaviorTreeEngine]: Behavior Tree tick rate 100.00 was exceeded!
[bt_navigator-5] [WARN] [1785944375.653737585] [BehaviorTreeEngine]: Behavior Tree tick rate 100.00 was exceeded!
[bt_navigator-5] [WARN] [1785944376.415876323] [BehaviorTreeEngine]: Behavior Tree tick rate 100.00 was exceeded!
[bt_navigator-5] [WARN] [1785944376.422531715] [BehaviorTreeEngine]: Behavior Tree tick rate 100.00 was exceeded!
[bt_navigator-5] [WARN] [1785944376.784899212] [BehaviorTreeEngine]: Behavior Tree tick rate 100.00 was exceeded!
[bt_navigator-5] [WARN] [1785944377.937966677] [BehaviorTreeEngine]: Behavior Tree tick rate 100.00 was exceeded!
[bt_navigator-5] [WARN] [1785944379.741886690] [BehaviorTreeEngine]: Behavior Tree tick rate 100.00 was exceeded!
[behavior_server-4] [INFO] [1785944380.077914669] [behavior_server]: wait completed successfully
[bt_navigator-5] [WARN] [1785944380.132732842] [BehaviorTreeEngine]: Behavior Tree tick rate 100.00 was exceeded!
[controller_server-1] [INFO] [1785944380.155558235] [controller_server]: Received a goal, begin computing control effort.
[bt_navigator-5] [WARN] [1785944380.167740081] [bt_navigator_navigate_to_pose_rclcpp_node]: Timed out while waiting for action server to acknowledge goal request for follow_path
[controller_server-1] [INFO] [1785944380.168132631] [local_costmap.local_costmap]: Received request to clear entirely the local_costmap
[controller_server-1] [INFO] [1785944380.296637700] [controller_server]: Passing new path to controller.
[controller_server-1] [WARN] [1785944380.307513287] [controller_server]: Control loop missed its desired rate of 20.0000Hz
[bt_navigator-5] [WARN] [1785944380.645528065] [BehaviorTreeEngine]: Behavior Tree tick rate 100.00 was exceeded!
[bt_navigator-5] [WARN] [1785944380.674590203] [BehaviorTreeEngine]: Behavior Tree tick rate 100.00 was exceeded!
[bt_navigator-5] [WARN] [1785944380.716630207] [BehaviorTreeEngine]: Behavior Tree tick rate 100.00 was exceeded!
[controller_server-1] [INFO] [1785944381.207666592] [controller_server]: Passing new path to controller.
[bt_navigator-5] [WARN] [1785944381.425187154] [BehaviorTreeEngine]: Behavior Tree tick rate 100.00 was exceeded!
[bt_navigator-5] [WARN] [1785944382.079392120] [BehaviorTreeEngine]: Behavior Tree tick rate 100.00 was exceeded!
[planner_server-3] [WARN] [1785944382.210300204] [planner_server]: GridBased: failed to create plan with tolerance 0.50.
[planner_server-3] [WARN] [1785944382.211050426] [planner_server]: Planning algorithm GridBased failed to generate a valid path to (-7.00, 2.00)
[planner_server-3] [WARN] [1785944382.211077030] [planner_server]: [compute_path_to_pose] [ActionServer] Aborting handle.
[planner_server-3] [INFO] [1785944382.223178474] [global_costmap.global_costmap]: Received request to clear entirely the global_costmap
[controller_server-1] [INFO] [1785944382.357651366] [controller_server]: Passing new path to controller.
[bt_navigator-5] [WARN] [1785944382.520823410] [BehaviorTreeEngine]: Behavior Tree tick rate 100.00 was exceeded!
[bt_navigator-5] [WARN] [1785944382.553509570] [BehaviorTreeEngine]: Behavior Tree tick rate 100.00 was exceeded!
[bt_navigator-5] [WARN] [1785944382.603218393] [BehaviorTreeEngine]: Behavior Tree tick rate 100.00 was exceeded!
[controller_server-1] [INFO] [1785944383.408363918] [controller_server]: Passing new path to controller.
[bt_navigator-5] [WARN] [1785944383.985019092] [BehaviorTreeEngine]: Behavior Tree tick rate 100.00 was exceeded!
[bt_navigator-5] [WARN] [1785944384.029186363] [BehaviorTreeEngine]: Behavior Tree tick rate 100.00 was exceeded!
[bt_navigator-5] [WARN] [1785944384.065923821] [BehaviorTreeEngine]: Behavior Tree tick rate 100.00 was exceeded!
[controller_server-1] [INFO] [1785944384.407645414] [controller_server]: Passing new path to controller.
[behavior_server-4] [WARN] [1785944384.980056261] [behavior_server]: Exceeded time allowance before reaching the Spin goal - Exiting Spin
[behavior_server-4] [WARN] [1785944384.980182429] [behavior_server]: spin failed
[behavior_server-4] [WARN] [1785944384.980337802] [behavior_server]: [spin] [ActionServer] Aborting handle.
[bt_navigator-5] [WARN] [1785944385.017808709] [BehaviorTreeEngine]: Behavior Tree tick rate 100.00 was exceeded!
[bt_navigator-5] [WARN] [1785944385.233695968] [BehaviorTreeEngine]: Behavior Tree tick rate 100.00 was exceeded!
[bt_navigator-5] [WARN] [1785944385.324103529] [BehaviorTreeEngine]: Behavior Tree tick rate 100.00 was exceeded!
[bt_navigator-5] [WARN] [1785944385.326184190] [BehaviorTreeEngine]: Behavior Tree tick rate 100.00 was exceeded!
[bt_navigator-5] [WARN] [1785944385.338870522] [BehaviorTreeEngine]: Behavior Tree tick rate 100.00 was exceeded!
[bt_navigator-5] [WARN] [1785944385.352310668] [BehaviorTreeEngine]: Behavior Tree tick rate 100.00 was exceeded!
[controller_server-1] [INFO] [1785944385.407649196] [controller_server]: Passing new path to controller.
[bt_navigator-5] [WARN] [1785944385.748170444] [BehaviorTreeEngine]: Behavior Tree tick rate 100.00 was exceeded!
[bt_navigator-5] [WARN] [1785944385.794129257] [BehaviorTreeEngine]: Behavior Tree tick rate 100.00 was exceeded!
[bt_navigator-5] [WARN] [1785944385.821937440] [BehaviorTreeEngine]: Behavior Tree tick rate 100.00 was exceeded!
[bt_navigator-5] [WARN] [1785944385.884740221] [BehaviorTreeEngine]: Behavior Tree tick rate 100.00 was exceeded!
[bt_navigator-5] [WARN] [1785944385.889671394] [BehaviorTreeEngine]: Behavior Tree tick rate 100.00 was exceeded!
[controller_server-1] [INFO] [1785944386.457633522] [controller_server]: Passing new path to controller.
[controller_server-1] [INFO] [1785944387.508352906] [controller_server]: Passing new path to controller.
[controller_server-1] [INFO] [1785944388.507673318] [controller_server]: Passing new path to controller.
[controller_server-1] [INFO] [1785944389.558180129] [controller_server]: Passing new path to controller.
[controller_server-1] [INFO] [1785944390.607642164] [controller_server]: Passing new path to controller.
[bt_navigator-5] [WARN] [1785944391.377983079] [BehaviorTreeEngine]: Behavior Tree tick rate 100.00 was exceeded!
[bt_navigator-5] [WARN] [1785944391.378662496] [BehaviorTreeEngine]: Behavior Tree tick rate 100.00 was exceeded!
[bt_navigator-5] [WARN] [1785944391.540152177] [BehaviorTreeEngine]: Behavior Tree tick rate 100.00 was exceeded!
[bt_navigator-5] [WARN] [1785944391.619942731] [BehaviorTreeEngine]: Behavior Tree tick rate 100.00 was exceeded!
[controller_server-1] [INFO] [1785944391.657686493] [controller_server]: Passing new path to controller.
[bt_navigator-5] [WARN] [1785944391.740607116] [BehaviorTreeEngine]: Behavior Tree tick rate 100.00 was exceeded!
[bt_navigator-5] [WARN] [1785944391.753359746] [BehaviorTreeEngine]: Behavior Tree tick rate 100.00 was exceeded!
[bt_navigator-5] [WARN] [1785944392.172833202] [BehaviorTreeEngine]: Behavior Tree tick rate 100.00 was exceeded!
[bt_navigator-5] [WARN] [1785944392.325969322] [BehaviorTreeEngine]: Behavior Tree tick rate 100.00 was exceeded!
[bt_navigator-5] [WARN] [1785944392.668745000] [BehaviorTreeEngine]: Behavior Tree tick rate 100.00 was exceeded!
[bt_navigator-5] [WARN] [1785944392.701274175] [BehaviorTreeEngine]: Behavior Tree tick rate 100.00 was exceeded!
[controller_server-1] [INFO] [1785944392.707651103] [controller_server]: Passing new path to controller.
[bt_navigator-5] [WARN] [1785944392.769884973] [BehaviorTreeEngine]: Behavior Tree tick rate 100.00 was exceeded!
[bt_navigator-5] [WARN] [1785944392.825643917] [BehaviorTreeEngine]: Behavior Tree tick rate 100.00 was exceeded!
[bt_navigator-5] [WARN] [1785944392.957364492] [BehaviorTreeEngine]: Behavior Tree tick rate 100.00 was exceeded!
[controller_server-1] [INFO] [1785944393.808121829] [controller_server]: Passing new path to controller.
[bt_navigator-5] [WARN] [1785944393.848162266] [BehaviorTreeEngine]: Behavior Tree tick rate 100.00 was exceeded!
[bt_navigator-5] [WARN] [1785944394.334735164] [BehaviorTreeEngine]: Behavior Tree tick rate 100.00 was exceeded!
[bt_navigator-5] [WARN] [1785944394.349414530] [BehaviorTreeEngine]: Behavior Tree tick rate 100.00 was exceeded!
[controller_server-1] [INFO] [1785944394.857601225] [controller_server]: Passing new path to controller.
[controller_server-1] [INFO] [1785944395.907659911] [controller_server]: Passing new path to controller.
[bt_navigator-5] [WARN] [1785944395.974358238] [BehaviorTreeEngine]: Behavior Tree tick rate 100.00 was exceeded!
[bt_navigator-5] [WARN] [1785944396.357001811] [BehaviorTreeEngine]: Behavior Tree tick rate 100.00 was exceeded!
[bt_navigator-5] [WARN] [1785944396.542039818] [BehaviorTreeEngine]: Behavior Tree tick rate 100.00 was exceeded!
[bt_navigator-5] [WARN] [1785944396.842134561] [BehaviorTreeEngine]: Behavior Tree tick rate 100.00 was exceeded!
[controller_server-1] [INFO] [1785944396.957617749] [controller_server]: Passing new path to controller.
[bt_navigator-5] [WARN] [1785944397.815291778] [BehaviorTreeEngine]: Behavior Tree tick rate 100.00 was exceeded!
[controller_server-1] [INFO] [1785944398.008006818] [controller_server]: Passing new path to controller.
[controller_server-1] [INFO] [1785944399.057642105] [controller_server]: Passing new path to controller.
[bt_navigator-5] [WARN] [1785944400.032070236] [BehaviorTreeEngine]: Behavior Tree tick rate 100.00 was exceeded!
[controller_server-1] [INFO] [1785944400.057637965] [controller_server]: Passing new path to controller.
[bt_navigator-5] [WARN] [1785944400.917357844] [BehaviorTreeEngine]: Behavior Tree tick rate 100.00 was exceeded!
[controller_server-1] [INFO] [1785944401.109027484] [controller_server]: Passing new path to controller.
[bt_navigator-5] [WARN] [1785944401.439449373] [BehaviorTreeEngine]: Behavior Tree tick rate 100.00 was exceeded!
[bt_navigator-5] [WARN] [1785944401.454017639] [BehaviorTreeEngine]: Behavior Tree tick rate 100.00 was exceeded!
[controller_server-1] [INFO] [1785944402.157636583] [controller_server]: Passing new path to controller.
[controller_server-1] [INFO] [1785944403.207608740] [controller_server]: Passing new path to controller.
[bt_navigator-5] [WARN] [1785944403.730982654] [BehaviorTreeEngine]: Behavior Tree tick rate 100.00 was exceeded!
[bt_navigator-5] [WARN] [1785944403.778324387] [BehaviorTreeEngine]: Behavior Tree tick rate 100.00 was exceeded!
[controller_server-1] [INFO] [1785944404.257622805] [controller_server]: Passing new path to controller.
[controller_server-1] [WARN] [1785944405.064731946] [controller_server]: No valid trajectories out of 251! 
[controller_server-1] [WARN] [1785944405.115284053] [controller_server]: No valid trajectories out of 251! 
[controller_server-1] [WARN] [1785944405.165629519] [controller_server]: No valid trajectories out of 251! 
[controller_server-1] [WARN] [1785944405.212632970] [controller_server]: No valid trajectories out of 251! 
[controller_server-1] [WARN] [1785944405.266674046] [controller_server]: No valid trajectories out of 251! 
[controller_server-1] [INFO] [1785944405.307619910] [controller_server]: Passing new path to controller.
[controller_server-1] [WARN] [1785944405.321686775] [controller_server]: No valid trajectories out of 251! 
[controller_server-1] [ERROR] [1785944405.325217975] [controller_server]: Controller patience exceeded
[controller_server-1] [WARN] [1785944405.325354208] [controller_server]: [follow_path] [ActionServer] Aborting handle.
[behavior_server-4] [INFO] [1785944405.342317490] [behavior_server]: Running backup
[bt_navigator-5] [WARN] [1785944408.368470007] [BehaviorTreeEngine]: Behavior Tree tick rate 100.00 was exceeded!
[bt_navigator-5] [WARN] [1785944408.439987706] [BehaviorTreeEngine]: Behavior Tree tick rate 100.00 was exceeded!
[behavior_server-4] [WARN] [1785944415.342597813] [behavior_server]: Exceeded time allowance before reaching the DriveOnHeading goal - Exiting DriveOnHeading
[behavior_server-4] [WARN] [1785944415.342677633] [behavior_server]: backup failed
[behavior_server-4] [WARN] [1785944415.342698327] [behavior_server]: [backup] [ActionServer] Aborting handle.
[controller_server-1] [INFO] [1785944415.358657897] [local_costmap.local_costmap]: Received request to clear entirely the local_costmap
[planner_server-3] [INFO] [1785944415.359377295] [global_costmap.global_costmap]: Received request to clear entirely the global_costmap
[planner_server-3] [WARN] [1785944416.331923232] [planner_server]: Planner loop missed its desired rate of 2.0000 Hz. Current loop rate is 1.0318 Hz
[controller_server-1] [INFO] [1785944416.349595007] [controller_server]: Received a goal, begin computing control effort.
[controller_server-1] [INFO] [1785944417.401052128] [controller_server]: Passing new path to controller.
[bt_navigator-5] [WARN] [1785944417.845071105] [BehaviorTreeEngine]: Behavior Tree tick rate 100.00 was exceeded!
[controller_server-1] [INFO] [1785944418.450077334] [controller_server]: Passing new path to controller.
[controller_server-1] [INFO] [1785944419.500066322] [controller_server]: Passing new path to controller.
[controller_server-1] [INFO] [1785944420.550183083] [controller_server]: Passing new path to controller.
[bt_navigator-5] [WARN] [1785944420.665444466] [BehaviorTreeEngine]: Behavior Tree tick rate 100.00 was exceeded!
[bt_navigator-5] [WARN] [1785944420.699919728] [BehaviorTreeEngine]: Behavior Tree tick rate 100.00 was exceeded!
[bt_navigator-5] [WARN] [1785944420.735936785] [BehaviorTreeEngine]: Behavior Tree tick rate 100.00 was exceeded!
[bt_navigator-5] [WARN] [1785944420.769037224] [BehaviorTreeEngine]: Behavior Tree tick rate 100.00 was exceeded!
[controller_server-1] [INFO] [1785944421.600066810] [controller_server]: Passing new path to controller.
[bt_navigator-5] [WARN] [1785944421.672304543] [BehaviorTreeEngine]: Behavior Tree tick rate 100.00 was exceeded!
[controller_server-1] [INFO] [1785944422.650126760] [controller_server]: Passing new path to controller.
[bt_navigator-5] [WARN] [1785944422.852406819] [BehaviorTreeEngine]: Behavior Tree tick rate 100.00 was exceeded!
[bt_navigator-5] [WARN] [1785944422.917341495] [BehaviorTreeEngine]: Behavior Tree tick rate 100.00 was exceeded!
[bt_navigator-5] [WARN] [1785944422.933712264] [BehaviorTreeEngine]: Behavior Tree tick rate 100.00 was exceeded!
[bt_navigator-5] [WARN] [1785944423.575360869] [BehaviorTreeEngine]: Behavior Tree tick rate 100.00 was exceeded!
[controller_server-1] [INFO] [1785944423.700799074] [controller_server]: Passing new path to controller.
[bt_navigator-5] [WARN] [1785944424.422761962] [BehaviorTreeEngine]: Behavior Tree tick rate 100.00 was exceeded!
[controller_server-1] [INFO] [1785944424.750140032] [controller_server]: Passing new path to controller.
[bt_navigator-5] [WARN] [1785944424.935560699] [BehaviorTreeEngine]: Behavior Tree tick rate 100.00 was exceeded!
[bt_navigator-5] [WARN] [1785944424.958238049] [BehaviorTreeEngine]: Behavior Tree tick rate 100.00 was exceeded!
[bt_navigator-5] [WARN] [1785944425.091429848] [BehaviorTreeEngine]: Behavior Tree tick rate 100.00 was exceeded!
[bt_navigator-5] [WARN] [1785944425.143966790] [BehaviorTreeEngine]: Behavior Tree tick rate 100.00 was exceeded!
[bt_navigator-5] [WARN] [1785944425.200637685] [BehaviorTreeEngine]: Behavior Tree tick rate 100.00 was exceeded!
[bt_navigator-5] [WARN] [1785944425.219972832] [BehaviorTreeEngine]: Behavior Tree tick rate 100.00 was exceeded!
[bt_navigator-5] [WARN] [1785944425.259608585] [BehaviorTreeEngine]: Behavior Tree tick rate 100.00 was exceeded!
[controller_server-1] [INFO] [1785944425.800087024] [controller_server]: Passing new path to controller.
[bt_navigator-5] [WARN] [1785944425.824484858] [BehaviorTreeEngine]: Behavior Tree tick rate 100.00 was exceeded!
[bt_navigator-5] [WARN] [1785944425.849478027] [BehaviorTreeEngine]: Behavior Tree tick rate 100.00 was exceeded!
[bt_navigator-5] [WARN] [1785944425.851106618] [BehaviorTreeEngine]: Behavior Tree tick rate 100.00 was exceeded!
[bt_navigator-5] [WARN] [1785944425.915369329] [BehaviorTreeEngine]: Behavior Tree tick rate 100.00 was exceeded!
[controller_server-1] [WARN] [1785944426.006696385] [controller_server]: Control loop missed its desired rate of 20.0000Hz
[bt_navigator-5] [WARN] [1785944426.016189445] [BehaviorTreeEngine]: Behavior Tree tick rate 100.00 was exceeded!
[controller_server-1] [WARN] [1785944426.072266506] [controller_server]: Control loop missed its desired rate of 20.0000Hz
[bt_navigator-5] [WARN] [1785944426.136950140] [BehaviorTreeEngine]: Behavior Tree tick rate 100.00 was exceeded!
[bt_navigator-5] [WARN] [1785944426.211316728] [BehaviorTreeEngine]: Behavior Tree tick rate 100.00 was exceeded!
[controller_server-1] [WARN] [1785944426.229102488] [controller_server]: Control loop missed its desired rate of 20.0000Hz
[bt_navigator-5] [WARN] [1785944426.332239780] [BehaviorTreeEngine]: Behavior Tree tick rate 100.00 was exceeded!
[bt_navigator-5] [WARN] [1785944426.486478886] [BehaviorTreeEngine]: Behavior Tree tick rate 100.00 was exceeded!
[bt_navigator-5] [WARN] [1785944426.501445005] [BehaviorTreeEngine]: Behavior Tree tick rate 100.00 was exceeded!
[bt_navigator-5] [WARN] [1785944426.532880694] [BehaviorTreeEngine]: Behavior Tree tick rate 100.00 was exceeded!
[controller_server-1] [WARN] [1785944426.550113337] [controller_server]: Control loop missed its desired rate of 20.0000Hz
[bt_navigator-5] [WARN] [1785944426.644288555] [BehaviorTreeEngine]: Behavior Tree tick rate 100.00 was exceeded!
[bt_navigator-5] [WARN] [1785944426.675312471] [BehaviorTreeEngine]: Behavior Tree tick rate 100.00 was exceeded!
[bt_navigator-5] [WARN] [1785944426.739395501] [BehaviorTreeEngine]: Behavior Tree tick rate 100.00 was exceeded!
[bt_navigator-5] [WARN] [1785944426.769940232] [BehaviorTreeEngine]: Behavior Tree tick rate 100.00 was exceeded!
[bt_navigator-5] [WARN] [1785944426.819537606] [BehaviorTreeEngine]: Behavior Tree tick rate 100.00 was exceeded!
[controller_server-1] [INFO] [1785944426.851167171] [controller_server]: Passing new path to controller.
[bt_navigator-5] [WARN] [1785944426.858963549] [bt_navigator_navigate_to_pose_rclcpp_node]: Timed out while waiting for action server to acknowledge goal request for follow_path
[controller_server-1] [INFO] [1785944426.868904251] [local_costmap.local_costmap]: Received request to clear entirely the local_costmap
[bt_navigator-5] [WARN] [1785944426.894606763] [BehaviorTreeEngine]: Behavior Tree tick rate 100.00 was exceeded!
[bt_navigator-5] [WARN] [1785944426.945525094] [BehaviorTreeEngine]: Behavior Tree tick rate 100.00 was exceeded!
[controller_server-1] [INFO] [1785944426.900076453] [controller_server]: Passing new path to controller.
[bt_navigator-5] [WARN] [1785944426.977564231] [BehaviorTreeEngine]: Behavior Tree tick rate 100.00 was exceeded!
[controller_server-1] [WARN] [1785944426.981301868] [controller_server]: Control loop missed its desired rate of 20.0000Hz
[controller_server-1] [WARN] [1785944427.012099647] [controller_server]: Control loop missed its desired rate of 20.0000Hz
[bt_navigator-5] [WARN] [1785944427.025223355] [BehaviorTreeEngine]: Behavior Tree tick rate 100.00 was exceeded!
[controller_server-1] [WARN] [1785944427.054733769] [controller_server]: Control loop missed its desired rate of 20.0000Hz
[bt_navigator-5] [WARN] [1785944427.057010823] [BehaviorTreeEngine]: Behavior Tree tick rate 100.00 was exceeded!
[controller_server-1] [INFO] [1785944427.900072030] [controller_server]: Passing new path to controller.
[controller_server-1] [INFO] [1785944428.950061839] [controller_server]: Passing new path to controller.
[controller_server-1] [INFO] [1785944430.001150674] [controller_server]: Passing new path to controller.
[bt_navigator-5] [WARN] [1785944430.137807381] [BehaviorTreeEngine]: Behavior Tree tick rate 100.00 was exceeded!
[bt_navigator-5] [WARN] [1785944430.270797572] [BehaviorTreeEngine]: Behavior Tree tick rate 100.00 was exceeded!
[bt_navigator-5] [WARN] [1785944430.937540865] [BehaviorTreeEngine]: Behavior Tree tick rate 100.00 was exceeded!
[planner_server-3] [WARN] [1785944430.982614862] [planner_server]: GridBased: failed to create plan with tolerance 0.50.
[planner_server-3] [WARN] [1785944430.982809066] [planner_server]: Planning algorithm GridBased failed to generate a valid path to (-7.00, 2.00)
[planner_server-3] [WARN] [1785944430.982852713] [planner_server]: [compute_path_to_pose] [ActionServer] Aborting handle.
[planner_server-3] [INFO] [1785944430.998356834] [global_costmap.global_costmap]: Received request to clear entirely the global_costmap
[controller_server-1] [INFO] [1785944431.350086811] [controller_server]: Passing new path to controller.
[bt_navigator-5] [WARN] [1785944431.488174909] [BehaviorTreeEngine]: Behavior Tree tick rate 100.00 was exceeded!
[bt_navigator-5] [WARN] [1785944431.857601940] [BehaviorTreeEngine]: Behavior Tree tick rate 100.00 was exceeded!
[bt_navigator-5] [WARN] [1785944432.407895749] [BehaviorTreeEngine]: Behavior Tree tick rate 100.00 was exceeded!
[controller_server-1] [WARN] [1785944432.451630025] [controller_server]: Control loop missed its desired rate of 20.0000Hz
[controller_server-1] [INFO] [1785944432.451736101] [controller_server]: Passing new path to controller.
[bt_navigator-5] [WARN] [1785944432.454315193] [BehaviorTreeEngine]: Behavior Tree tick rate 100.00 was exceeded!
[bt_navigator-5] [WARN] [1785944432.454408653] [bt_navigator_navigate_to_pose_rclcpp_node]: Timed out while waiting for action server to acknowledge goal request for follow_path
[behavior_server-4] [INFO] [1785944432.476108987] [behavior_server]: Running spin
[behavior_server-4] [INFO] [1785944432.476395250] [behavior_server]: Turning 1.57 for spin behavior.
[bt_navigator-5] [WARN] [1785944432.478143781] [BehaviorTreeEngine]: Behavior Tree tick rate 100.00 was exceeded!
[bt_navigator-5] [WARN] [1785944433.615488492] [BehaviorTreeEngine]: Behavior Tree tick rate 100.00 was exceeded!
[bt_navigator-5] [WARN] [1785944433.658015660] [BehaviorTreeEngine]: Behavior Tree tick rate 100.00 was exceeded!
[controller_server-1] [WARN] [1785944433.660096012] [controller_server]: Control loop missed its desired rate of 20.0000Hz
[controller_server-1] [WARN] [1785944434.909239761] [controller_server]: No valid trajectories out of 251! 
[controller_server-1] [WARN] [1785944434.959717436] [controller_server]: No valid trajectories out of 251! 
[controller_server-1] [WARN] [1785944435.009714547] [controller_server]: No valid trajectories out of 251! 
[controller_server-1] [WARN] [1785944435.053624873] [controller_server]: No valid trajectories out of 251! 
[controller_server-1] [WARN] [1785944435.103317174] [controller_server]: No valid trajectories out of 251! 
[controller_server-1] [WARN] [1785944435.152786211] [controller_server]: No valid trajectories out of 251! 
[controller_server-1] [WARN] [1785944435.204208239] [controller_server]: No valid trajectories out of 251! 
[controller_server-1] [ERROR] [1785944435.205722759] [controller_server]: Controller patience exceeded
[controller_server-1] [WARN] [1785944435.208460100] [controller_server]: [follow_path] [ActionServer] Aborting handle.
[bt_navigator-5] [WARN] [1785944435.355452848] [BehaviorTreeEngine]: Behavior Tree tick rate 100.00 was exceeded!
[bt_navigator-5] [WARN] [1785944435.414018134] [BehaviorTreeEngine]: Behavior Tree tick rate 100.00 was exceeded!
[bt_navigator-5] [WARN] [1785944435.445394197] [BehaviorTreeEngine]: Behavior Tree tick rate 100.00 was exceeded!
[bt_navigator-5] [WARN] [1785944435.447804254] [BehaviorTreeEngine]: Behavior Tree tick rate 100.00 was exceeded!
[bt_navigator-5] [WARN] [1785944436.685652012] [BehaviorTreeEngine]: Behavior Tree tick rate 100.00 was exceeded!
[bt_navigator-5] [WARN] [1785944437.207580819] [BehaviorTreeEngine]: Behavior Tree tick rate 100.00 was exceeded!
[bt_navigator-5] [WARN] [1785944437.225461713] [BehaviorTreeEngine]: Behavior Tree tick rate 100.00 was exceeded!
[bt_navigator-5] [WARN] [1785944437.717065779] [BehaviorTreeEngine]: Behavior Tree tick rate 100.00 was exceeded!
[bt_navigator-5] [WARN] [1785944438.472016559] [BehaviorTreeEngine]: Behavior Tree tick rate 100.00 was exceeded!
[bt_navigator-5] [WARN] [1785944438.553913230] [BehaviorTreeEngine]: Behavior Tree tick rate 100.00 was exceeded!
[bt_navigator-5] [WARN] [1785944438.620173692] [BehaviorTreeEngine]: Behavior Tree tick rate 100.00 was exceeded!
[bt_navigator-5] [WARN] [1785944438.669510942] [BehaviorTreeEngine]: Behavior Tree tick rate 100.00 was exceeded!
[bt_navigator-5] [WARN] [1785944439.645553380] [BehaviorTreeEngine]: Behavior Tree tick rate 100.00 was exceeded!
[bt_navigator-5] [WARN] [1785944439.666131124] [BehaviorTreeEngine]: Behavior Tree tick rate 100.00 was exceeded!
[bt_navigator-5] [WARN] [1785944439.696159303] [BehaviorTreeEngine]: Behavior Tree tick rate 100.00 was exceeded!
[bt_navigator-5] [WARN] [1785944439.727361014] [BehaviorTreeEngine]: Behavior Tree tick rate 100.00 was exceeded!
[bt_navigator-5] [WARN] [1785944439.766188268] [BehaviorTreeEngine]: Behavior Tree tick rate 100.00 was exceeded!
[bt_navigator-5] [WARN] [1785944440.448674499] [BehaviorTreeEngine]: Behavior Tree tick rate 100.00 was exceeded!
[bt_navigator-5] [WARN] [1785944440.731555924] [BehaviorTreeEngine]: Behavior Tree tick rate 100.00 was exceeded!
[bt_navigator-5] [WARN] [1785944440.746901774] [BehaviorTreeEngine]: Behavior Tree tick rate 100.00 was exceeded!
[bt_navigator-5] [WARN] [1785944441.100515482] [BehaviorTreeEngine]: Behavior Tree tick rate 100.00 was exceeded!
[bt_navigator-5] [WARN] [1785944442.197685170] [BehaviorTreeEngine]: Behavior Tree tick rate 100.00 was exceeded!
[bt_navigator-5] [WARN] [1785944442.297119489] [BehaviorTreeEngine]: Behavior Tree tick rate 100.00 was exceeded!
[behavior_server-4] [WARN] [1785944442.477513923] [behavior_server]: Exceeded time allowance before reaching the Spin goal - Exiting Spin
[behavior_server-4] [WARN] [1785944442.477645181] [behavior_server]: spin failed
[behavior_server-4] [WARN] [1785944442.477669138] [behavior_server]: [spin] [ActionServer] Aborting handle.
[behavior_server-4] [INFO] [1785944442.497428324] [behavior_server]: Running wait
[bt_navigator-5] [WARN] [1785944443.419997477] [BehaviorTreeEngine]: Behavior Tree tick rate 100.00 was exceeded!
[bt_navigator-5] [WARN] [1785944444.159102303] [BehaviorTreeEngine]: Behavior Tree tick rate 100.00 was exceeded!
[bt_navigator-5] [WARN] [1785944444.206798561] [BehaviorTreeEngine]: Behavior Tree tick rate 100.00 was exceeded!
[bt_navigator-5] [WARN] [1785944444.889345889] [BehaviorTreeEngine]: Behavior Tree tick rate 100.00 was exceeded!
[bt_navigator-5] [WARN] [1785944445.150642318] [BehaviorTreeEngine]: Behavior Tree tick rate 100.00 was exceeded!
[bt_navigator-5] [WARN] [1785944445.778092543] [BehaviorTreeEngine]: Behavior Tree tick rate 100.00 was exceeded!
[bt_navigator-5] [WARN] [1785944446.731160053] [BehaviorTreeEngine]: Behavior Tree tick rate 100.00 was exceeded!
[bt_navigator-5] [WARN] [1785944446.778431239] [BehaviorTreeEngine]: Behavior Tree tick rate 100.00 was exceeded!
[bt_navigator-5] [WARN] [1785944446.813304120] [BehaviorTreeEngine]: Behavior Tree tick rate 100.00 was exceeded!
[behavior_server-4] [INFO] [1785944447.504304124] [behavior_server]: wait completed successfully
[bt_navigator-5] [WARN] [1785944447.511563967] [BehaviorTreeEngine]: Behavior Tree tick rate 100.00 was exceeded!
[controller_server-1] [INFO] [1785944447.580369820] [controller_server]: Received a goal, begin computing control effort.
[controller_server-1] [INFO] [1785944448.631053041] [controller_server]: Passing new path to controller.
[bt_navigator-5] [WARN] [1785944448.889149900] [BehaviorTreeEngine]: Behavior Tree tick rate 100.00 was exceeded!
[bt_navigator-5] [WARN] [1785944449.046377336] [BehaviorTreeEngine]: Behavior Tree tick rate 100.00 was exceeded!
[bt_navigator-5] [WARN] [1785944449.097674665] [BehaviorTreeEngine]: Behavior Tree tick rate 100.00 was exceeded!
[bt_navigator-5] [WARN] [1785944449.124040263] [BehaviorTreeEngine]: Behavior Tree tick rate 100.00 was exceeded!
[bt_navigator-5] [WARN] [1785944449.140882597] [BehaviorTreeEngine]: Behavior Tree tick rate 100.00 was exceeded!
[controller_server-1] [WARN] [1785944449.146107358] [controller_server]: Control loop missed its desired rate of 20.0000Hz
[bt_navigator-5] [WARN] [1785944449.158258283] [BehaviorTreeEngine]: Behavior Tree tick rate 100.00 was exceeded!
[bt_navigator-5] [WARN] [1785944449.207523139] [BehaviorTreeEngine]: Behavior Tree tick rate 100.00 was exceeded!
[controller_server-1] [WARN] [1785944449.248537846] [controller_server]: Control loop missed its desired rate of 20.0000Hz
[controller_server-1] [INFO] [1785944449.698624283] [controller_server]: Passing new path to controller.
[bt_navigator-5] [WARN] [1785944449.903019088] [BehaviorTreeEngine]: Behavior Tree tick rate 100.00 was exceeded!
[controller_server-1] [INFO] [1785944450.748630069] [controller_server]: Passing new path to controller.
[controller_server-1] [INFO] [1785944451.799655353] [controller_server]: Passing new path to controller.
[controller_server-1] [INFO] [1785944452.850707714] [controller_server]: Passing new path to controller.
[bt_navigator-5] [WARN] [1785944453.238866608] [BehaviorTreeEngine]: Behavior Tree tick rate 100.00 was exceeded!
[bt_navigator-5] [WARN] [1785944453.657920545] [BehaviorTreeEngine]: Behavior Tree tick rate 100.00 was exceeded!
[bt_navigator-5] [WARN] [1785944453.881099311] [BehaviorTreeEngine]: Behavior Tree tick rate 100.00 was exceeded!
[bt_navigator-5] [WARN] [1785944454.011040094] [BehaviorTreeEngine]: Behavior Tree tick rate 100.00 was exceeded!
[bt_navigator-5] [WARN] [1785944454.012778283] [BehaviorTreeEngine]: Behavior Tree tick rate 100.00 was exceeded!
[controller_server-1] [INFO] [1785944454.050056944] [controller_server]: Passing new path to controller.
[controller_server-1] [WARN] [1785944454.309176981] [controller_server]: No valid trajectories out of 251! 
[controller_server-1] [WARN] [1785944454.356789079] [controller_server]: No valid trajectories out of 251! 
[controller_server-1] [WARN] [1785944454.419371456] [controller_server]: No valid trajectories out of 251! 
[controller_server-1] [WARN] [1785944454.453832371] [controller_server]: No valid trajectories out of 251! 
[controller_server-1] [WARN] [1785944454.509497559] [controller_server]: No valid trajectories out of 251! 
[controller_server-1] [WARN] [1785944454.554166585] [controller_server]: No valid trajectories out of 251! 
[controller_server-1] [WARN] [1785944454.630196275] [controller_server]: No valid trajectories out of 251! 
[controller_server-1] [ERROR] [1785944454.630407976] [controller_server]: Controller patience exceeded
[controller_server-1] [WARN] [1785944454.632151382] [controller_server]: [follow_path] [ActionServer] Aborting handle.
[controller_server-1] [INFO] [1785944454.651630830] [local_costmap.local_costmap]: Received request to clear entirely the local_costmap
[controller_server-1] [INFO] [1785944454.656139144] [controller_server]: Received a goal, begin computing control effort.
[controller_server-1] [WARN] [1785944454.710410897] [controller_server]: No valid trajectories out of 251! 
[controller_server-1] [WARN] [1785944454.710604339] [controller_server]: Control loop missed its desired rate of 20.0000Hz
[controller_server-1] [WARN] [1785944454.719587550] [controller_server]: No valid trajectories out of 251! 
[controller_server-1] [WARN] [1785944454.767535152] [controller_server]: No valid trajectories out of 251! 
[controller_server-1] [WARN] [1785944454.816485271] [controller_server]: No valid trajectories out of 251! 
[controller_server-1] [WARN] [1785944454.870996192] [controller_server]: No valid trajectories out of 251! 
[controller_server-1] [WARN] [1785944454.917613209] [controller_server]: No valid trajectories out of 251! 
[controller_server-1] [WARN] [1785944454.964755921] [controller_server]: No valid trajectories out of 251! 
[controller_server-1] [ERROR] [1785944454.964856977] [controller_server]: Controller patience exceeded
[controller_server-1] [WARN] [1785944454.964949372] [controller_server]: [follow_path] [ActionServer] Aborting handle.
[behavior_server-4] [INFO] [1785944454.982236986] [behavior_server]: Running backup
[bt_navigator-5] [WARN] [1785944455.761646614] [BehaviorTreeEngine]: Behavior Tree tick rate 100.00 was exceeded!
[bt_navigator-5] [WARN] [1785944457.416140893] [BehaviorTreeEngine]: Behavior Tree tick rate 100.00 was exceeded!
[bt_navigator-5] [WARN] [1785944457.509008633] [BehaviorTreeEngine]: Behavior Tree tick rate 100.00 was exceeded!
[bt_navigator-5] [WARN] [1785944457.598752280] [BehaviorTreeEngine]: Behavior Tree tick rate 100.00 was exceeded!
[bt_navigator-5] [WARN] [1785944457.631486962] [BehaviorTreeEngine]: Behavior Tree tick rate 100.00 was exceeded!
[bt_navigator-5] [WARN] [1785944457.665705253] [BehaviorTreeEngine]: Behavior Tree tick rate 100.00 was exceeded!
[bt_navigator-5] [WARN] [1785944457.830280386] [BehaviorTreeEngine]: Behavior Tree tick rate 100.00 was exceeded!
[bt_navigator-5] [WARN] [1785944460.009635458] [BehaviorTreeEngine]: Behavior Tree tick rate 100.00 was exceeded!
[bt_navigator-5] [WARN] [1785944464.704810961] [BehaviorTreeEngine]: Behavior Tree tick rate 100.00 was exceeded!
[bt_navigator-5] [WARN] [1785944464.790670725] [BehaviorTreeEngine]: Behavior Tree tick rate 100.00 was exceeded!
[bt_navigator-5] [WARN] [1785944464.852771598] [BehaviorTreeEngine]: Behavior Tree tick rate 100.00 was exceeded!
[behavior_server-4] [WARN] [1785944464.982937668] [behavior_server]: Exceeded time allowance before reaching the DriveOnHeading goal - Exiting DriveOnHeading
[behavior_server-4] [WARN] [1785944464.983024943] [behavior_server]: backup failed
[behavior_server-4] [WARN] [1785944464.983043733] [behavior_server]: [backup] [ActionServer] Aborting handle.
[controller_server-1] [INFO] [1785944464.999267944] [local_costmap.local_costmap]: Received request to clear entirely the local_costmap
[planner_server-3] [INFO] [1785944465.001440024] [global_costmap.global_costmap]: Received request to clear entirely the global_costmap
[controller_server-1] [INFO] [1785944465.350187871] [controller_server]: Received a goal, begin computing control effort.
[bt_navigator-5] [WARN] [1785944465.720077203] [BehaviorTreeEngine]: Behavior Tree tick rate 100.00 was exceeded!
[bt_navigator-5] [WARN] [1785944465.863645719] [BehaviorTreeEngine]: Behavior Tree tick rate 100.00 was exceeded!
[bt_navigator-5] [WARN] [1785944465.869798944] [BehaviorTreeEngine]: Behavior Tree tick rate 100.00 was exceeded!
[bt_navigator-5] [WARN] [1785944466.174179506] [BehaviorTreeEngine]: Behavior Tree tick rate 100.00 was exceeded!
[controller_server-1] [INFO] [1785944466.401172767] [controller_server]: Passing new path to controller.
[controller_server-1] [INFO] [1785944467.450696337] [controller_server]: Passing new path to controller.
[bt_navigator-5] [WARN] [1785944467.884037033] [BehaviorTreeEngine]: Behavior Tree tick rate 100.00 was exceeded!
[bt_navigator-5] [WARN] [1785944467.936743751] [BehaviorTreeEngine]: Behavior Tree tick rate 100.00 was exceeded!
[controller_server-1] [WARN] [1785944468.003763707] [controller_server]: Control loop missed its desired rate of 20.0000Hz
[bt_navigator-5] [WARN] [1785944468.036937803] [BehaviorTreeEngine]: Behavior Tree tick rate 100.00 was exceeded!
[bt_navigator-5] [WARN] [1785944468.106817553] [BehaviorTreeEngine]: Behavior Tree tick rate 100.00 was exceeded!
[bt_navigator-5] [WARN] [1785944468.145363144] [BehaviorTreeEngine]: Behavior Tree tick rate 100.00 was exceeded!
[planner_server-3] [WARN] [1785944468.448752175] [planner_server]: GridBased: failed to create plan with tolerance 0.50.
[planner_server-3] [WARN] [1785944468.449550997] [planner_server]: Planning algorithm GridBased failed to generate a valid path to (-7.00, 2.00)
[planner_server-3] [WARN] [1785944468.449596424] [planner_server]: [compute_path_to_pose] [ActionServer] Aborting handle.
[planner_server-3] [INFO] [1785944468.466479674] [global_costmap.global_costmap]: Received request to clear entirely the global_costmap
[planner_server-3] [WARN] [1785944469.346272664] [planner_server]: Planner loop missed its desired rate of 2.0000 Hz. Current loop rate is 1.1401 Hz
[controller_server-1] [INFO] [1785944469.404062232] [controller_server]: Passing new path to controller.
[controller_server-1] [INFO] [1785944470.453912398] [controller_server]: Passing new path to controller.
[controller_server-1] [INFO] [1785944471.506041052] [controller_server]: Passing new path to controller.
[bt_navigator-5] [WARN] [1785944472.163226881] [BehaviorTreeEngine]: Behavior Tree tick rate 100.00 was exceeded!
[controller_server-1] [WARN] [1785944472.228345259] [controller_server]: Control loop missed its desired rate of 20.0000Hz
[bt_navigator-5] [WARN] [1785944472.244699316] [BehaviorTreeEngine]: Behavior Tree tick rate 100.00 was exceeded!
[controller_server-1] [INFO] [1785944472.553868781] [controller_server]: Passing new path to controller.
[controller_server-1] [INFO] [1785944473.604181469] [controller_server]: Passing new path to controller.
[bt_navigator-5] [WARN] [1785944473.815681866] [BehaviorTreeEngine]: Behavior Tree tick rate 100.00 was exceeded!
[bt_navigator-5] [WARN] [1785944474.257451538] [BehaviorTreeEngine]: Behavior Tree tick rate 100.00 was exceeded!
[controller_server-1] [INFO] [1785944474.654103941] [controller_server]: Passing new path to controller.
[bt_navigator-5] [WARN] [1785944475.312886843] [BehaviorTreeEngine]: Behavior Tree tick rate 100.00 was exceeded!
[controller_server-1] [WARN] [1785944475.612374058] [controller_server]: No valid trajectories out of 251! 
[controller_server-1] [WARN] [1785944475.664671154] [controller_server]: No valid trajectories out of 251! 
[controller_server-1] [INFO] [1785944475.704423946] [controller_server]: Passing new path to controller.
[controller_server-1] [WARN] [1785944475.727474842] [controller_server]: No valid trajectories out of 251! 
[controller_server-1] [WARN] [1785944475.765384977] [controller_server]: No valid trajectories out of 251! 
[controller_server-1] [WARN] [1785944475.808480469] [controller_server]: No valid trajectories out of 251! 
[controller_server-1] [WARN] [1785944475.864011334] [controller_server]: No valid trajectories out of 251! 
[controller_server-1] [ERROR] [1785944475.864100891] [controller_server]: Controller patience exceeded
[controller_server-1] [WARN] [1785944475.864275142] [controller_server]: [follow_path] [ActionServer] Aborting handle.
[controller_server-1] [INFO] [1785944475.865254808] [local_costmap.local_costmap]: Received request to clear entirely the local_costmap
[controller_server-1] [INFO] [1785944475.875144530] [controller_server]: Received a goal, begin computing control effort.
[bt_navigator-5] [WARN] [1785944475.879730623] [BehaviorTreeEngine]: Behavior Tree tick rate 100.00 was exceeded!
[bt_navigator-5] [WARN] [1785944475.885270373] [BehaviorTreeEngine]: Behavior Tree tick rate 100.00 was exceeded!
[controller_server-1] [WARN] [1785944475.920956890] [controller_server]: No valid trajectories out of 251! 
[controller_server-1] [WARN] [1785944475.952326090] [controller_server]: No valid trajectories out of 251! 
[controller_server-1] [WARN] [1785944475.993575213] [controller_server]: No valid trajectories out of 251! 
[controller_server-1] [WARN] [1785944476.041945175] [controller_server]: No valid trajectories out of 251! 
[controller_server-1] [WARN] [1785944476.090643082] [controller_server]: No valid trajectories out of 251! 
[controller_server-1] [WARN] [1785944476.139835203] [controller_server]: No valid trajectories out of 251! 
[controller_server-1] [WARN] [1785944476.187091523] [controller_server]: No valid trajectories out of 251! 
[controller_server-1] [ERROR] [1785944476.187193387] [controller_server]: Controller patience exceeded
[controller_server-1] [WARN] [1785944476.187339131] [controller_server]: [follow_path] [ActionServer] Aborting handle.
[bt_navigator-5] [WARN] [1785944476.223564852] [bt_navigator]: [navigate_to_pose] [ActionServer] Aborting handle.
[bt_navigator-5] [ERROR] [1785944476.224176246] [bt_navigator]: Goal failed
[bt_navigator-5] [INFO] [1785944484.169137402] [bt_navigator]: Begin navigating from current location (-4.08, 1.10) to (2.00, 4.00)
[controller_server-1] [INFO] [1785944484.193086027] [controller_server]: Received a goal, begin computing control effort.
[controller_server-1] [INFO] [1785944485.244431920] [controller_server]: Passing new path to controller.
[controller_server-1] [INFO] [1785944486.244524116] [controller_server]: Passing new path to controller.
[controller_server-1] [INFO] [1785944487.293603394] [controller_server]: Passing new path to controller.
[bt_navigator-5] [WARN] [1785944487.430045370] [BehaviorTreeEngine]: Behavior Tree tick rate 100.00 was exceeded!
[controller_server-1] [INFO] [1785944488.293370211] [controller_server]: Passing new path to controller.
[bt_navigator-5] [WARN] [1785944488.718512630] [BehaviorTreeEngine]: Behavior Tree tick rate 100.00 was exceeded!
[bt_navigator-5] [WARN] [1785944488.933256177] [BehaviorTreeEngine]: Behavior Tree tick rate 100.00 was exceeded!
[controller_server-1] [WARN] [1785944488.947945059] [controller_server]: Control loop missed its desired rate of 20.0000Hz
[bt_navigator-5] [WARN] [1785944489.263850271] [BehaviorTreeEngine]: Behavior Tree tick rate 100.00 was exceeded!
[controller_server-1] [INFO] [1785944489.344035965] [controller_server]: Passing new path to controller.
[bt_navigator-5] [WARN] [1785944489.489695012] [BehaviorTreeEngine]: Behavior Tree tick rate 100.00 was exceeded!
[bt_navigator-5] [WARN] [1785944490.304859377] [BehaviorTreeEngine]: Behavior Tree tick rate 100.00 was exceeded!
[planner_server-3] [WARN] [1785944490.336684802] [planner_server]: GridBased: failed to create plan with tolerance 0.50.
[planner_server-3] [WARN] [1785944490.339408026] [planner_server]: Planning algorithm GridBased failed to generate a valid path to (2.00, 4.00)
[planner_server-3] [WARN] [1785944490.339443022] [planner_server]: [compute_path_to_pose] [ActionServer] Aborting handle.
[planner_server-3] [INFO] [1785944490.355959675] [global_costmap.global_costmap]: Received request to clear entirely the global_costmap
[bt_navigator-5] [WARN] [1785944490.374897133] [BehaviorTreeEngine]: Behavior Tree tick rate 100.00 was exceeded!
[bt_navigator-5] [WARN] [1785944490.441854501] [BehaviorTreeEngine]: Behavior Tree tick rate 100.00 was exceeded!
[bt_navigator-5] [WARN] [1785944490.468634546] [BehaviorTreeEngine]: Behavior Tree tick rate 100.00 was exceeded!
[bt_navigator-5] [WARN] [1785944490.478577272] [BehaviorTreeEngine]: Behavior Tree tick rate 100.00 was exceeded!
[bt_navigator-5] [WARN] [1785944490.523262412] [BehaviorTreeEngine]: Behavior Tree tick rate 100.00 was exceeded!
[bt_navigator-5] [WARN] [1785944490.602120830] [BehaviorTreeEngine]: Behavior Tree tick rate 100.00 was exceeded!
[planner_server-3] [WARN] [1785944491.313290424] [planner_server]: Planner loop missed its desired rate of 2.0000 Hz. Current loop rate is 1.0610 Hz
[bt_navigator-5] [WARN] [1785944491.326271312] [BehaviorTreeEngine]: Behavior Tree tick rate 100.00 was exceeded!
[controller_server-1] [INFO] [1785944491.343413549] [controller_server]: Passing new path to controller.
[bt_navigator-5] [WARN] [1785944491.373969164] [BehaviorTreeEngine]: Behavior Tree tick rate 100.00 was exceeded!
[bt_navigator-5] [WARN] [1785944491.394738709] [BehaviorTreeEngine]: Behavior Tree tick rate 100.00 was exceeded!
[bt_navigator-5] [WARN] [1785944491.466207574] [BehaviorTreeEngine]: Behavior Tree tick rate 100.00 was exceeded!
[bt_navigator-5] [WARN] [1785944491.776829382] [BehaviorTreeEngine]: Behavior Tree tick rate 100.00 was exceeded!
[bt_navigator-5] [WARN] [1785944491.945505618] [BehaviorTreeEngine]: Behavior Tree tick rate 100.00 was exceeded!
[bt_navigator-5] [WARN] [1785944492.146387527] [BehaviorTreeEngine]: Behavior Tree tick rate 100.00 was exceeded!
[bt_navigator-5] [WARN] [1785944492.224904172] [BehaviorTreeEngine]: Behavior Tree tick rate 100.00 was exceeded!
[bt_navigator-5] [WARN] [1785944492.259559243] [BehaviorTreeEngine]: Behavior Tree tick rate 100.00 was exceeded!
[controller_server-1] [INFO] [1785944492.343709962] [controller_server]: Passing new path to controller.
[bt_navigator-5] [WARN] [1785944492.516480210] [BehaviorTreeEngine]: Behavior Tree tick rate 100.00 was exceeded!
[bt_navigator-5] [WARN] [1785944492.741253793] [BehaviorTreeEngine]: Behavior Tree tick rate 100.00 was exceeded!
[bt_navigator-5] [WARN] [1785944492.763057889] [BehaviorTreeEngine]: Behavior Tree tick rate 100.00 was exceeded!
[bt_navigator-5] [WARN] [1785944492.814676303] [BehaviorTreeEngine]: Behavior Tree tick rate 100.00 was exceeded!
[bt_navigator-5] [WARN] [1785944492.888255929] [BehaviorTreeEngine]: Behavior Tree tick rate 100.00 was exceeded!
[bt_navigator-5] [WARN] [1785944492.931325424] [BehaviorTreeEngine]: Behavior Tree tick rate 100.00 was exceeded!
[bt_navigator-5] [WARN] [1785944493.088291574] [BehaviorTreeEngine]: Behavior Tree tick rate 100.00 was exceeded!
[bt_navigator-5] [WARN] [1785944493.141107116] [BehaviorTreeEngine]: Behavior Tree tick rate 100.00 was exceeded!
[bt_navigator-5] [WARN] [1785944493.179224798] [BehaviorTreeEngine]: Behavior Tree tick rate 100.00 was exceeded!
[controller_server-1] [WARN] [1785944493.214637508] [controller_server]: Control loop missed its desired rate of 20.0000Hz
[controller_server-1] [INFO] [1785944493.393371220] [controller_server]: Passing new path to controller.
[controller_server-1] [INFO] [1785944494.393564609] [controller_server]: Passing new path to controller.
[controller_server-1] [INFO] [1785944495.444023597] [controller_server]: Passing new path to controller.
[bt_navigator-5] [WARN] [1785944496.383895676] [BehaviorTreeEngine]: Behavior Tree tick rate 100.00 was exceeded!
[bt_navigator-5] [WARN] [1785944496.427546898] [BehaviorTreeEngine]: Behavior Tree tick rate 100.00 was exceeded!
[bt_navigator-5] [WARN] [1785944496.448005251] [bt_navigator_navigate_to_pose_rclcpp_node]: Timed out while waiting for action server to acknowledge goal request for compute_path_to_pose
[planner_server-3] [INFO] [1785944496.448837315] [global_costmap.global_costmap]: Received request to clear entirely the global_costmap
[bt_navigator-5] [WARN] [1785944496.482579481] [BehaviorTreeEngine]: Behavior Tree tick rate 100.00 was exceeded!
[bt_navigator-5] [WARN] [1785944496.482673853] [bt_navigator_navigate_to_pose_rclcpp_node]: Timed out while waiting for action server to acknowledge goal request for compute_path_to_pose
[controller_server-1] [INFO] [1785944496.493383578] [controller_server]: Goal was canceled. Stopping the robot.
[controller_server-1] [INFO] [1785944496.493586762] [controller_server]: [follow_path] [ActionServer] Client requested to cancel the goal. Cancelling.
[behavior_server-4] [INFO] [1785944496.503596957] [behavior_server]: Running spin
[behavior_server-4] [INFO] [1785944496.506505425] [behavior_server]: Turning 1.57 for spin behavior.
[bt_navigator-5] [WARN] [1785944496.646211683] [BehaviorTreeEngine]: Behavior Tree tick rate 100.00 was exceeded!
[bt_navigator-5] [WARN] [1785944496.730399787] [BehaviorTreeEngine]: Behavior Tree tick rate 100.00 was exceeded!
[bt_navigator-5] [WARN] [1785944496.759361789] [BehaviorTreeEngine]: Behavior Tree tick rate 100.00 was exceeded!
[bt_navigator-5] [WARN] [1785944496.829468797] [BehaviorTreeEngine]: Behavior Tree tick rate 100.00 was exceeded!
[bt_navigator-5] [WARN] [1785944496.920098710] [BehaviorTreeEngine]: Behavior Tree tick rate 100.00 was exceeded!
[bt_navigator-5] [WARN] [1785944496.970240801] [BehaviorTreeEngine]: Behavior Tree tick rate 100.00 was exceeded!
[bt_navigator-5] [WARN] [1785944497.011360301] [BehaviorTreeEngine]: Behavior Tree tick rate 100.00 was exceeded!
[bt_navigator-5] [WARN] [1785944497.041962125] [BehaviorTreeEngine]: Behavior Tree tick rate 100.00 was exceeded!
[bt_navigator-5] [WARN] [1785944497.121453999] [BehaviorTreeEngine]: Behavior Tree tick rate 100.00 was exceeded!
[bt_navigator-5] [WARN] [1785944497.139943231] [BehaviorTreeEngine]: Behavior Tree tick rate 100.00 was exceeded!
[bt_navigator-5] [WARN] [1785944497.215201519] [BehaviorTreeEngine]: Behavior Tree tick rate 100.00 was exceeded!
[planner_server-3] [WARN] [1785944497.321277389] [planner_server]: Planner loop missed its desired rate of 2.0000 Hz. Current loop rate is 1.1577 Hz
[bt_navigator-5] [WARN] [1785944499.105830660] [BehaviorTreeEngine]: Behavior Tree tick rate 100.00 was exceeded!
[bt_navigator-5] [WARN] [1785944499.172213625] [BehaviorTreeEngine]: Behavior Tree tick rate 100.00 was exceeded!
[bt_navigator-5] [WARN] [1785944499.231410507] [BehaviorTreeEngine]: Behavior Tree tick rate 100.00 was exceeded!
[bt_navigator-5] [WARN] [1785944500.579719304] [BehaviorTreeEngine]: Behavior Tree tick rate 100.00 was exceeded!
[bt_navigator-5] [WARN] [1785944500.646939435] [BehaviorTreeEngine]: Behavior Tree tick rate 100.00 was exceeded!
[bt_navigator-5] [WARN] [1785944501.639163064] [BehaviorTreeEngine]: Behavior Tree tick rate 100.00 was exceeded!
[bt_navigator-5] [WARN] [1785944501.866099268] [BehaviorTreeEngine]: Behavior Tree tick rate 100.00 was exceeded!
[bt_navigator-5] [WARN] [1785944503.718066834] [BehaviorTreeEngine]: Behavior Tree tick rate 100.00 was exceeded!
[bt_navigator-5] [WARN] [1785944504.236897261] [BehaviorTreeEngine]: Behavior Tree tick rate 100.00 was exceeded!
[bt_navigator-5] [WARN] [1785944504.308044324] [BehaviorTreeEngine]: Behavior Tree tick rate 100.00 was exceeded!
[bt_navigator-5] [WARN] [1785944504.323879333] [BehaviorTreeEngine]: Behavior Tree tick rate 100.00 was exceeded!
[bt_navigator-5] [WARN] [1785944504.374949558] [BehaviorTreeEngine]: Behavior Tree tick rate 100.00 was exceeded!
[bt_navigator-5] [WARN] [1785944505.106024392] [BehaviorTreeEngine]: Behavior Tree tick rate 100.00 was exceeded!
[behavior_server-4] [WARN] [1785944506.506721874] [behavior_server]: Exceeded time allowance before reaching the Spin goal - Exiting Spin
[behavior_server-4] [WARN] [1785944506.507824743] [behavior_server]: spin failed
[behavior_server-4] [WARN] [1785944506.509917089] [behavior_server]: [spin] [ActionServer] Aborting handle.
[behavior_server-4] [INFO] [1785944506.525460435] [behavior_server]: Running wait
[behavior_server-4] [INFO] [1785944511.525711983] [behavior_server]: wait completed successfully
[planner_server-3] [WARN] [1785944511.559478072] [planner_server]: GridBased: failed to create plan with tolerance 0.50.
[planner_server-3] [WARN] [1785944511.559624112] [planner_server]: Planning algorithm GridBased failed to generate a valid path to (2.00, 4.00)
[planner_server-3] [WARN] [1785944511.559682840] [planner_server]: [compute_path_to_pose] [ActionServer] Aborting handle.
[planner_server-3] [INFO] [1785944511.585370097] [global_costmap.global_costmap]: Received request to clear entirely the global_costmap
[bt_navigator-5] [WARN] [1785944511.729952539] [BehaviorTreeEngine]: Behavior Tree tick rate 100.00 was exceeded!
[bt_navigator-5] [WARN] [1785944511.797294731] [BehaviorTreeEngine]: Behavior Tree tick rate 100.00 was exceeded!
[planner_server-3] [WARN] [1785944512.320866706] [planner_server]: Planner loop missed its desired rate of 2.0000 Hz. Current loop rate is 1.3630 Hz
[controller_server-1] [INFO] [1785944512.336666347] [controller_server]: Received a goal, begin computing control effort.
[controller_server-1] [INFO] [1785944513.387833147] [controller_server]: Passing new path to controller.
[controller_server-1] [INFO] [1785944514.437891523] [controller_server]: Passing new path to controller.
[controller_server-1] [WARN] [1785944514.444927557] [controller_server]: No valid trajectories out of 251! 
[controller_server-1] [WARN] [1785944514.744852982] [controller_server]: No valid trajectories out of 251! 
[controller_server-1] [WARN] [1785944514.801441346] [controller_server]: No valid trajectories out of 251! 
[bt_navigator-5] [WARN] [1785944514.812523323] [BehaviorTreeEngine]: Behavior Tree tick rate 100.00 was exceeded!
[bt_navigator-5] [WARN] [1785944514.822146919] [BehaviorTreeEngine]: Behavior Tree tick rate 100.00 was exceeded!
[controller_server-1] [WARN] [1785944514.844979978] [controller_server]: No valid trajectories out of 251! 
[controller_server-1] [WARN] [1785944514.899525614] [controller_server]: No valid trajectories out of 251! 
[controller_server-1] [WARN] [1785944514.947343591] [controller_server]: No valid trajectories out of 251! 
[controller_server-1] [WARN] [1785944514.999593724] [controller_server]: No valid trajectories out of 251! 
[controller_server-1] [ERROR] [1785944514.999716940] [controller_server]: Controller patience exceeded
[controller_server-1] [WARN] [1785944514.999865949] [controller_server]: [follow_path] [ActionServer] Aborting handle.
[controller_server-1] [INFO] [1785944515.015988556] [local_costmap.local_costmap]: Received request to clear entirely the local_costmap
[controller_server-1] [INFO] [1785944515.019393182] [controller_server]: Received a goal, begin computing control effort.
[controller_server-1] [WARN] [1785944515.107227077] [controller_server]: No valid trajectories out of 251! 
[controller_server-1] [WARN] [1785944515.108419425] [controller_server]: Control loop missed its desired rate of 20.0000Hz
[controller_server-1] [WARN] [1785944515.118452383] [controller_server]: No valid trajectories out of 251! 
[controller_server-1] [WARN] [1785944515.127702048] [controller_server]: No valid trajectories out of 251! 
[controller_server-1] [WARN] [1785944515.180495841] [controller_server]: No valid trajectories out of 251! 
[controller_server-1] [WARN] [1785944515.229420081] [controller_server]: No valid trajectories out of 251! 
[controller_server-1] [WARN] [1785944515.283690336] [controller_server]: No valid trajectories out of 251! 
[controller_server-1] [WARN] [1785944515.333920874] [controller_server]: No valid trajectories out of 251! 
[controller_server-1] [ERROR] [1785944515.334039197] [controller_server]: Controller patience exceeded
[controller_server-1] [WARN] [1785944515.334265425] [controller_server]: [follow_path] [ActionServer] Aborting handle.
[behavior_server-4] [INFO] [1785944515.349121656] [behavior_server]: Running backup
[bt_navigator-5] [WARN] [1785944515.505517798] [BehaviorTreeEngine]: Behavior Tree tick rate 100.00 was exceeded!
[bt_navigator-5] [WARN] [1785944515.718862051] [BehaviorTreeEngine]: Behavior Tree tick rate 100.00 was exceeded!
[bt_navigator-5] [WARN] [1785944516.384243427] [BehaviorTreeEngine]: Behavior Tree tick rate 100.00 was exceeded!
[bt_navigator-5] [WARN] [1785944516.385862128] [BehaviorTreeEngine]: Behavior Tree tick rate 100.00 was exceeded!
[bt_navigator-5] [WARN] [1785944516.456374649] [BehaviorTreeEngine]: Behavior Tree tick rate 100.00 was exceeded!
[bt_navigator-5] [WARN] [1785944516.734170951] [BehaviorTreeEngine]: Behavior Tree tick rate 100.00 was exceeded!
[bt_navigator-5] [WARN] [1785944516.737406281] [BehaviorTreeEngine]: Behavior Tree tick rate 100.00 was exceeded!
[bt_navigator-5] [WARN] [1785944516.750981238] [BehaviorTreeEngine]: Behavior Tree tick rate 100.00 was exceeded!
[bt_navigator-5] [WARN] [1785944517.787128843] [BehaviorTreeEngine]: Behavior Tree tick rate 100.00 was exceeded!
[bt_navigator-5] [WARN] [1785944518.066873997] [BehaviorTreeEngine]: Behavior Tree tick rate 100.00 was exceeded!
[bt_navigator-5] [WARN] [1785944518.400413905] [BehaviorTreeEngine]: Behavior Tree tick rate 100.00 was exceeded!
[bt_navigator-5] [WARN] [1785944518.466255587] [BehaviorTreeEngine]: Behavior Tree tick rate 100.00 was exceeded!
[bt_navigator-5] [WARN] [1785944518.528815286] [BehaviorTreeEngine]: Behavior Tree tick rate 100.00 was exceeded!
[bt_navigator-5] [WARN] [1785944518.603214697] [BehaviorTreeEngine]: Behavior Tree tick rate 100.00 was exceeded!
[bt_navigator-5] [WARN] [1785944519.673045364] [BehaviorTreeEngine]: Behavior Tree tick rate 100.00 was exceeded!
[bt_navigator-5] [WARN] [1785944519.673323322] [BehaviorTreeEngine]: Behavior Tree tick rate 100.00 was exceeded!
[bt_navigator-5] [WARN] [1785944519.827035959] [BehaviorTreeEngine]: Behavior Tree tick rate 100.00 was exceeded!
[bt_navigator-5] [WARN] [1785944520.798322430] [BehaviorTreeEngine]: Behavior Tree tick rate 100.00 was exceeded!
[bt_navigator-5] [WARN] [1785944521.145492237] [BehaviorTreeEngine]: Behavior Tree tick rate 100.00 was exceeded!
[bt_navigator-5] [WARN] [1785944521.918852170] [BehaviorTreeEngine]: Behavior Tree tick rate 100.00 was exceeded!
[behavior_server-4] [WARN] [1785944525.349693923] [behavior_server]: Exceeded time allowance before reaching the DriveOnHeading goal - Exiting DriveOnHeading
[behavior_server-4] [WARN] [1785944525.349842197] [behavior_server]: backup failed
[behavior_server-4] [WARN] [1785944525.349866434] [behavior_server]: [backup] [ActionServer] Aborting handle.
[controller_server-1] [INFO] [1785944525.366054835] [local_costmap.local_costmap]: Received request to clear entirely the local_costmap
[planner_server-3] [INFO] [1785944525.368097758] [global_costmap.global_costmap]: Received request to clear entirely the global_costmap
[bt_navigator-5] [WARN] [1785944525.635515802] [BehaviorTreeEngine]: Behavior Tree tick rate 100.00 was exceeded!
[bt_navigator-5] [WARN] [1785944525.667704215] [BehaviorTreeEngine]: Behavior Tree tick rate 100.00 was exceeded!
[bt_navigator-5] [WARN] [1785944525.716331205] [BehaviorTreeEngine]: Behavior Tree tick rate 100.00 was exceeded!
[bt_navigator-5] [WARN] [1785944525.741001084] [BehaviorTreeEngine]: Behavior Tree tick rate 100.00 was exceeded!
[bt_navigator-5] [WARN] [1785944525.773910315] [BehaviorTreeEngine]: Behavior Tree tick rate 100.00 was exceeded!
[planner_server-3] [WARN] [1785944526.321462200] [planner_server]: Planner loop missed its desired rate of 2.0000 Hz. Current loop rate is 1.0505 Hz
[controller_server-1] [INFO] [1785944526.340935049] [controller_server]: Received a goal, begin computing control effort.
[controller_server-1] [INFO] [1785944527.392589648] [controller_server]: Passing new path to controller.
[planner_server-3] [WARN] [1785944528.382998664] [planner_server]: GridBased: failed to create plan with tolerance 0.50.
[planner_server-3] [WARN] [1785944528.384461799] [planner_server]: Planning algorithm GridBased failed to generate a valid path to (2.00, 4.00)
[planner_server-3] [WARN] [1785944528.387022985] [planner_server]: [compute_path_to_pose] [ActionServer] Aborting handle.
[planner_server-3] [INFO] [1785944528.399851660] [global_costmap.global_costmap]: Received request to clear entirely the global_costmap
[bt_navigator-5] [WARN] [1785944528.470237237] [BehaviorTreeEngine]: Behavior Tree tick rate 100.00 was exceeded!
[planner_server-3] [WARN] [1785944529.322459280] [planner_server]: Planner loop missed its desired rate of 2.0000 Hz. Current loop rate is 1.0910 Hz
[controller_server-1] [INFO] [1785944529.392315846] [controller_server]: Passing new path to controller.
[controller_server-1] [INFO] [1785944530.392687249] [controller_server]: Passing new path to controller.
[controller_server-1] [INFO] [1785944531.442345066] [controller_server]: Passing new path to controller.
[controller_server-1] [INFO] [1785944532.445041096] [controller_server]: Passing new path to controller.
[bt_navigator-5] [WARN] [1785944533.038295363] [BehaviorTreeEngine]: Behavior Tree tick rate 100.00 was exceeded!
[controller_server-1] [INFO] [1785944533.493538430] [controller_server]: Passing new path to controller.
[planner_server-3] [WARN] [1785944534.482525986] [planner_server]: GridBased: failed to create plan with tolerance 0.50.
[planner_server-3] [WARN] [1785944534.482681031] [planner_server]: Planning algorithm GridBased failed to generate a valid path to (2.00, 4.00)
[planner_server-3] [WARN] [1785944534.482784189] [planner_server]: [compute_path_to_pose] [ActionServer] Aborting handle.
[planner_server-3] [INFO] [1785944534.498769865] [global_costmap.global_costmap]: Received request to clear entirely the global_costmap
[planner_server-3] [WARN] [1785944535.317013723] [planner_server]: Planner loop missed its desired rate of 2.0000 Hz. Current loop rate is 1.2306 Hz
[controller_server-1] [INFO] [1785944535.342327623] [controller_server]: Passing new path to controller.
[controller_server-1] [INFO] [1785944536.345399259] [controller_server]: Passing new path to controller.
[bt_navigator-5] [WARN] [1785944536.588115351] [BehaviorTreeEngine]: Behavior Tree tick rate 100.00 was exceeded!
[bt_navigator-5] [WARN] [1785944536.797754441] [BehaviorTreeEngine]: Behavior Tree tick rate 100.00 was exceeded!
[bt_navigator-5] [WARN] [1785944536.830118374] [BehaviorTreeEngine]: Behavior Tree tick rate 100.00 was exceeded!
[controller_server-1] [INFO] [1785944537.394040540] [controller_server]: Passing new path to controller.
[bt_navigator-5] [WARN] [1785944537.814256571] [BehaviorTreeEngine]: Behavior Tree tick rate 100.00 was exceeded!
[bt_navigator-5] [WARN] [1785944537.827890380] [BehaviorTreeEngine]: Behavior Tree tick rate 100.00 was exceeded!
[controller_server-1] [WARN] [1785944537.862134532] [controller_server]: No valid trajectories out of 251! 
[controller_server-1] [WARN] [1785944537.902378907] [controller_server]: No valid trajectories out of 251! 
[controller_server-1] [WARN] [1785944537.958601564] [controller_server]: No valid trajectories out of 251! 
[controller_server-1] [WARN] [1785944538.015227011] [controller_server]: No valid trajectories out of 251! 
[controller_server-1] [WARN] [1785944538.046770051] [controller_server]: No valid trajectories out of 251! 
[controller_server-1] [WARN] [1785944538.299526125] [controller_server]: No valid trajectories out of 251! 
[controller_server-1] [WARN] [1785944538.348386813] [controller_server]: No valid trajectories out of 251! 
[controller_server-1] [WARN] [1785944538.397029228] [controller_server]: No valid trajectories out of 251! 
[controller_server-1] [INFO] [1785944538.442409157] [controller_server]: Passing new path to controller.
[controller_server-1] [WARN] [1785944538.448241681] [controller_server]: No valid trajectories out of 251! 
[controller_server-1] [INFO] [1785944539.442608660] [controller_server]: Passing new path to controller.
[bt_navigator-5] [WARN] [1785944540.222558142] [BehaviorTreeEngine]: Behavior Tree tick rate 100.00 was exceeded!
[bt_navigator-5] [WARN] [1785944540.232204717] [BehaviorTreeEngine]: Behavior Tree tick rate 100.00 was exceeded!
[bt_navigator-5] [WARN] [1785944540.238230065] [BehaviorTreeEngine]: Behavior Tree tick rate 100.00 was exceeded!
[controller_server-1] [INFO] [1785944540.492467922] [controller_server]: Passing new path to controller.
[bt_navigator-5] [WARN] [1785944541.451470314] [BehaviorTreeEngine]: Behavior Tree tick rate 100.00 was exceeded!
[controller_server-1] [INFO] [1785944541.542750968] [controller_server]: Passing new path to controller.
[controller_server-1] [INFO] [1785944542.542300776] [controller_server]: Passing new path to controller.
[bt_navigator-5] [WARN] [1785944543.214927975] [BehaviorTreeEngine]: Behavior Tree tick rate 100.00 was exceeded!
[bt_navigator-5] [WARN] [1785944543.295627989] [BehaviorTreeEngine]: Behavior Tree tick rate 100.00 was exceeded!
[bt_navigator-5] [WARN] [1785944543.329701190] [BehaviorTreeEngine]: Behavior Tree tick rate 100.00 was exceeded!
[controller_server-1] [WARN] [1785944543.357143180] [controller_server]: Control loop missed its desired rate of 20.0000Hz
[bt_navigator-5] [WARN] [1785944543.377479750] [BehaviorTreeEngine]: Behavior Tree tick rate 100.00 was exceeded!
[controller_server-1] [INFO] [1785944543.592339365] [controller_server]: Passing new path to controller.
[controller_server-1] [INFO] [1785944544.592301723] [controller_server]: Passing new path to controller.
[controller_server-1] [INFO] [1785944545.642331730] [controller_server]: Passing new path to controller.
[controller_server-1] [INFO] [1785944546.642366354] [controller_server]: Passing new path to controller.
[controller_server-1] [INFO] [1785944547.693169494] [controller_server]: Passing new path to controller.
[bt_navigator-5] [WARN] [1785944548.538487784] [BehaviorTreeEngine]: Behavior Tree tick rate 100.00 was exceeded!
[bt_navigator-5] [WARN] [1785944548.618533091] [BehaviorTreeEngine]: Behavior Tree tick rate 100.00 was exceeded!
[controller_server-1] [INFO] [1785944548.742319474] [controller_server]: Passing new path to controller.
[bt_navigator-5] [WARN] [1785944549.129341967] [BehaviorTreeEngine]: Behavior Tree tick rate 100.00 was exceeded!
[bt_navigator-5] [WARN] [1785944549.151687939] [BehaviorTreeEngine]: Behavior Tree tick rate 100.00 was exceeded!
[bt_navigator-5] [WARN] [1785944549.181725723] [BehaviorTreeEngine]: Behavior Tree tick rate 100.00 was exceeded!
[bt_navigator-5] [WARN] [1785944549.229151288] [BehaviorTreeEngine]: Behavior Tree tick rate 100.00 was exceeded!
[controller_server-1] [WARN] [1785944549.260486484] [controller_server]: Control loop missed its desired rate of 20.0000Hz
[bt_navigator-5] [WARN] [1785944549.391040114] [BehaviorTreeEngine]: Behavior Tree tick rate 100.00 was exceeded!
[bt_navigator-5] [WARN] [1785944549.403300166] [BehaviorTreeEngine]: Behavior Tree tick rate 100.00 was exceeded!
[bt_navigator-5] [WARN] [1785944549.432096709] [BehaviorTreeEngine]: Behavior Tree tick rate 100.00 was exceeded!
[bt_navigator-5] [WARN] [1785944549.513802317] [BehaviorTreeEngine]: Behavior Tree tick rate 100.00 was exceeded!
[bt_navigator-5] [WARN] [1785944549.596782966] [BehaviorTreeEngine]: Behavior Tree tick rate 100.00 was exceeded!
[bt_navigator-5] [WARN] [1785944549.767090279] [BehaviorTreeEngine]: Behavior Tree tick rate 100.00 was exceeded!
[bt_navigator-5] [WARN] [1785944549.768015994] [bt_navigator_navigate_to_pose_rclcpp_node]: Timed out while waiting for action server to acknowledge goal request for compute_path_to_pose
[planner_server-3] [INFO] [1785944549.768740520] [global_costmap.global_costmap]: Received request to clear entirely the global_costmap
[bt_navigator-5] [WARN] [1785944549.841196341] [BehaviorTreeEngine]: Behavior Tree tick rate 100.00 was exceeded!
[bt_navigator-5] [WARN] [1785944549.907162832] [BehaviorTreeEngine]: Behavior Tree tick rate 100.00 was exceeded!
[bt_navigator-5] [WARN] [1785944549.958318185] [BehaviorTreeEngine]: Behavior Tree tick rate 100.00 was exceeded!
[planner_server-3] [WARN] [1785944550.324020478] [planner_server]: Planner loop missed its desired rate of 2.0000 Hz. Current loop rate is 1.8218 Hz
[controller_server-1] [INFO] [1785944550.343477726] [controller_server]: Passing new path to controller.
[bt_navigator-5] [WARN] [1785944550.480007139] [BehaviorTreeEngine]: Behavior Tree tick rate 100.00 was exceeded!
[bt_navigator-5] [WARN] [1785944550.528466428] [BehaviorTreeEngine]: Behavior Tree tick rate 100.00 was exceeded!
[bt_navigator-5] [WARN] [1785944550.878679919] [BehaviorTreeEngine]: Behavior Tree tick rate 100.00 was exceeded!
[controller_server-1] [INFO] [1785944551.393255126] [controller_server]: Passing new path to controller.
[bt_navigator-5] [WARN] [1785944551.681588312] [BehaviorTreeEngine]: Behavior Tree tick rate 100.00 was exceeded!
[bt_navigator-5] [WARN] [1785944551.725764384] [BehaviorTreeEngine]: Behavior Tree tick rate 100.00 was exceeded!
[bt_navigator-5] [WARN] [1785944551.758027226] [BehaviorTreeEngine]: Behavior Tree tick rate 100.00 was exceeded!
[bt_navigator-5] [WARN] [1785944551.814426896] [BehaviorTreeEngine]: Behavior Tree tick rate 100.00 was exceeded!
[bt_navigator-5] [WARN] [1785944551.819038914] [BehaviorTreeEngine]: Behavior Tree tick rate 100.00 was exceeded!
[bt_navigator-5] [WARN] [1785944551.911319269] [BehaviorTreeEngine]: Behavior Tree tick rate 100.00 was exceeded!
[bt_navigator-5] [WARN] [1785944552.351795192] [BehaviorTreeEngine]: Behavior Tree tick rate 100.00 was exceeded!
[bt_navigator-5] [WARN] [1785944552.367888172] [BehaviorTreeEngine]: Behavior Tree tick rate 100.00 was exceeded!
[bt_navigator-5] [WARN] [1785944552.375730400] [BehaviorTreeEngine]: Behavior Tree tick rate 100.00 was exceeded!
[bt_navigator-5] [WARN] [1785944552.394999503] [BehaviorTreeEngine]: Behavior Tree tick rate 100.00 was exceeded!
[controller_server-1] [INFO] [1785944552.442336840] [controller_server]: Passing new path to controller.
[bt_navigator-5] [WARN] [1785944552.535565051] [BehaviorTreeEngine]: Behavior Tree tick rate 100.00 was exceeded!
[bt_navigator-5] [WARN] [1785944552.628046961] [BehaviorTreeEngine]: Behavior Tree tick rate 100.00 was exceeded!
[bt_navigator-5] [WARN] [1785944552.918716645] [BehaviorTreeEngine]: Behavior Tree tick rate 100.00 was exceeded!
[bt_navigator-5] [WARN] [1785944553.118086199] [BehaviorTreeEngine]: Behavior Tree tick rate 100.00 was exceeded!
[controller_server-1] [INFO] [1785944553.492938114] [controller_server]: Passing new path to controller.
[bt_navigator-5] [WARN] [1785944553.734707106] [BehaviorTreeEngine]: Behavior Tree tick rate 100.00 was exceeded!
[controller_server-1] [WARN] [1785944553.747189280] [controller_server]: Control loop missed its desired rate of 20.0000Hz
[bt_navigator-5] [WARN] [1785944553.813399887] [BehaviorTreeEngine]: Behavior Tree tick rate 100.00 was exceeded!
[controller_server-1] [INFO] [1785944554.493162665] [controller_server]: Passing new path to controller.
[bt_navigator-5] [WARN] [1785944554.935628481] [BehaviorTreeEngine]: Behavior Tree tick rate 100.00 was exceeded!
[bt_navigator-5] [WARN] [1785944555.127013159] [BehaviorTreeEngine]: Behavior Tree tick rate 100.00 was exceeded!
[controller_server-1] [INFO] [1785944555.542979889] [controller_server]: Passing new path to controller.
[bt_navigator-5] [WARN] [1785944555.842505369] [BehaviorTreeEngine]: Behavior Tree tick rate 100.00 was exceeded!
[bt_navigator-5] [WARN] [1785944556.114147964] [BehaviorTreeEngine]: Behavior Tree tick rate 100.00 was exceeded!
[controller_server-1] [WARN] [1785944556.147179147] [controller_server]: Control loop missed its desired rate of 20.0000Hz
[bt_navigator-5] [WARN] [1785944556.150088512] [BehaviorTreeEngine]: Behavior Tree tick rate 100.00 was exceeded!
[bt_navigator-5] [WARN] [1785944556.197658558] [BehaviorTreeEngine]: Behavior Tree tick rate 100.00 was exceeded!
[bt_navigator-5] [WARN] [1785944556.286510941] [BehaviorTreeEngine]: Behavior Tree tick rate 100.00 was exceeded!
[bt_navigator-5] [WARN] [1785944556.336798233] [BehaviorTreeEngine]: Behavior Tree tick rate 100.00 was exceeded!
[controller_server-1] [INFO] [1785944556.542898140] [controller_server]: Passing new path to controller.
[bt_navigator-5] [WARN] [1785944557.181936757] [BehaviorTreeEngine]: Behavior Tree tick rate 100.00 was exceeded!
[bt_navigator-5] [WARN] [1785944557.206623785] [BehaviorTreeEngine]: Behavior Tree tick rate 100.00 was exceeded!
[bt_navigator-5] [WARN] [1785944557.323364064] [BehaviorTreeEngine]: Behavior Tree tick rate 100.00 was exceeded!
[controller_server-1] [INFO] [1785944557.592279393] [controller_server]: Passing new path to controller.
[bt_navigator-5] [WARN] [1785944558.538388343] [BehaviorTreeEngine]: Behavior Tree tick rate 100.00 was exceeded!
[bt_navigator-5] [WARN] [1785944558.568020097] [BehaviorTreeEngine]: Behavior Tree tick rate 100.00 was exceeded!
[bt_navigator-5] [WARN] [1785944558.575822153] [BehaviorTreeEngine]: Behavior Tree tick rate 100.00 was exceeded!
[planner_server-3] [WARN] [1785944558.577489182] [planner_server]: GridBased: failed to create plan with tolerance 0.50.
[planner_server-3] [WARN] [1785944558.578189970] [planner_server]: Planning algorithm GridBased failed to generate a valid path to (2.00, 4.00)
[planner_server-3] [WARN] [1785944558.578227501] [planner_server]: [compute_path_to_pose] [ActionServer] Aborting handle.
[bt_navigator-5] [WARN] [1785944558.586258883] [BehaviorTreeEngine]: Behavior Tree tick rate 100.00 was exceeded!
[planner_server-3] [INFO] [1785944558.591091748] [global_costmap.global_costmap]: Received request to clear entirely the global_costmap
[planner_server-3] [WARN] [1785944559.315534130] [planner_server]: GridBased: failed to create plan with tolerance 0.50.
[planner_server-3] [WARN] [1785944559.315673155] [planner_server]: Planning algorithm GridBased failed to generate a valid path to (2.00, 4.00)
[planner_server-3] [WARN] [1785944559.315755501] [planner_server]: [compute_path_to_pose] [ActionServer] Aborting handle.
[controller_server-1] [INFO] [1785944559.342336247] [controller_server]: Goal was canceled. Stopping the robot.
[controller_server-1] [INFO] [1785944559.342482010] [controller_server]: [follow_path] [ActionServer] Client requested to cancel the goal. Cancelling.
[behavior_server-4] [INFO] [1785944559.343277745] [behavior_server]: Running spin
[behavior_server-4] [INFO] [1785944559.343444212] [behavior_server]: Turning 1.57 for spin behavior.
[bt_navigator-5] [WARN] [1785944559.344851963] [BehaviorTreeEngine]: Behavior Tree tick rate 100.00 was exceeded!
[behavior_server-4] [WARN] [1785944559.443746163] [behavior_server]: Collision Ahead - Exiting Spin
[behavior_server-4] [WARN] [1785944559.443798367] [behavior_server]: spin failed
[behavior_server-4] [WARN] [1785944559.443812912] [behavior_server]: [spin] [ActionServer] Aborting handle.
[behavior_server-4] [INFO] [1785944559.468998026] [behavior_server]: Running wait
[bt_navigator-5] [WARN] [1785944561.442953581] [BehaviorTreeEngine]: Behavior Tree tick rate 100.00 was exceeded!
[bt_navigator-5] [WARN] [1785944561.458753371] [BehaviorTreeEngine]: Behavior Tree tick rate 100.00 was exceeded!
[bt_navigator-5] [WARN] [1785944561.525919292] [BehaviorTreeEngine]: Behavior Tree tick rate 100.00 was exceeded!
[bt_navigator-5] [WARN] [1785944561.540491374] [BehaviorTreeEngine]: Behavior Tree tick rate 100.00 was exceeded!
[behavior_server-4] [INFO] [1785944564.469348093] [behavior_server]: wait completed successfully
[controller_server-1] [INFO] [1785944564.512131951] [controller_server]: Received a goal, begin computing control effort.
[controller_server-1] [INFO] [1785944565.563096589] [controller_server]: Passing new path to controller.
[bt_navigator-5] [WARN] [1785944565.625967285] [BehaviorTreeEngine]: Behavior Tree tick rate 100.00 was exceeded!
[bt_navigator-5] [WARN] [1785944566.130596836] [BehaviorTreeEngine]: Behavior Tree tick rate 100.00 was exceeded!
[controller_server-1] [INFO] [1785944566.614033821] [controller_server]: Passing new path to controller.
[controller_server-1] [INFO] [1785944567.613911285] [controller_server]: Passing new path to controller.
[controller_server-1] [WARN] [1785944567.718694965] [controller_server]: No valid trajectories out of 251! 
[controller_server-1] [WARN] [1785944567.768336206] [controller_server]: No valid trajectories out of 251! 
[controller_server-1] [WARN] [1785944567.818352672] [controller_server]: No valid trajectories out of 251! 
[controller_server-1] [WARN] [1785944567.870157345] [controller_server]: No valid trajectories out of 251! 
[controller_server-1] [INFO] [1785944568.664251160] [controller_server]: Passing new path to controller.
[controller_server-1] [INFO] [1785944569.713906690] [controller_server]: Passing new path to controller.
[controller_server-1] [INFO] [1785944570.714019560] [controller_server]: Passing new path to controller.
[controller_server-1] [INFO] [1785944571.764520368] [controller_server]: Passing new path to controller.
[bt_navigator-5] [WARN] [1785944572.240031121] [BehaviorTreeEngine]: Behavior Tree tick rate 100.00 was exceeded!
[controller_server-1] [INFO] [1785944572.763251547] [controller_server]: Passing new path to controller.
[bt_navigator-5] [WARN] [1785944573.764363183] [BehaviorTreeEngine]: Behavior Tree tick rate 100.00 was exceeded!
[controller_server-1] [INFO] [1785944573.815200511] [controller_server]: Passing new path to controller.
[bt_navigator-5] [WARN] [1785944573.846578917] [BehaviorTreeEngine]: Behavior Tree tick rate 100.00 was exceeded!
[controller_server-1] [INFO] [1785944574.862998400] [controller_server]: Passing new path to controller.
[planner_server-3] [WARN] [1785944575.837879054] [planner_server]: GridBased: failed to create plan with tolerance 0.50.
[planner_server-3] [WARN] [1785944575.838167702] [planner_server]: Planning algorithm GridBased failed to generate a valid path to (2.00, 4.00)
[planner_server-3] [WARN] [1785944575.838200272] [planner_server]: [compute_path_to_pose] [ActionServer] Aborting handle.
[planner_server-3] [INFO] [1785944575.855531484] [global_costmap.global_costmap]: Received request to clear entirely the global_costmap
[controller_server-1] [INFO] [1785944576.363033835] [controller_server]: Passing new path to controller.
[bt_navigator-5] [WARN] [1785944576.758956372] [BehaviorTreeEngine]: Behavior Tree tick rate 100.00 was exceeded!
[bt_navigator-5] [WARN] [1785944576.848117822] [BehaviorTreeEngine]: Behavior Tree tick rate 100.00 was exceeded!
[bt_navigator-5] [WARN] [1785944576.921218425] [BehaviorTreeEngine]: Behavior Tree tick rate 100.00 was exceeded!
[controller_server-1] [INFO] [1785944577.413941696] [controller_server]: Passing new path to controller.
[controller_server-1] [INFO] [1785944578.413095783] [controller_server]: Passing new path to controller.
[bt_navigator-5] [WARN] [1785944579.209484343] [BehaviorTreeEngine]: Behavior Tree tick rate 100.00 was exceeded!
[controller_server-1] [INFO] [1785944579.463127562] [controller_server]: Passing new path to controller.
[controller_server-1] [WARN] [1785944579.931494239] [controller_server]: No valid trajectories out of 251! 
[controller_server-1] [WARN] [1785944579.969958975] [controller_server]: No valid trajectories out of 251! 
[controller_server-1] [WARN] [1785944580.034621811] [controller_server]: No valid trajectories out of 251! 
[controller_server-1] [WARN] [1785944580.069515471] [controller_server]: No valid trajectories out of 251! 
[controller_server-1] [WARN] [1785944580.122406548] [controller_server]: No valid trajectories out of 251! 
[controller_server-1] [WARN] [1785944580.170465800] [controller_server]: No valid trajectories out of 251! 
[controller_server-1] [WARN] [1785944580.218874150] [controller_server]: No valid trajectories out of 251! 
[controller_server-1] [ERROR] [1785944580.222429368] [controller_server]: Controller patience exceeded
[controller_server-1] [WARN] [1785944580.222680399] [controller_server]: [follow_path] [ActionServer] Aborting handle.
[controller_server-1] [INFO] [1785944580.249755802] [local_costmap.local_costmap]: Received request to clear entirely the local_costmap
[controller_server-1] [INFO] [1785944580.253084089] [controller_server]: Received a goal, begin computing control effort.
[controller_server-1] [INFO] [1785944580.503584511] [controller_server]: Passing new path to controller.
[controller_server-1] [WARN] [1785944580.514190664] [controller_server]: No valid trajectories out of 251! 
[controller_server-1] [WARN] [1785944580.558385925] [controller_server]: No valid trajectories out of 251! 
[controller_server-1] [WARN] [1785944580.615349424] [controller_server]: No valid trajectories out of 251! 
[controller_server-1] [WARN] [1785944580.663787008] [controller_server]: No valid trajectories out of 251! 
[controller_server-1] [WARN] [1785944580.715394747] [controller_server]: No valid trajectories out of 251! 
[controller_server-1] [WARN] [1785944580.760792801] [controller_server]: No valid trajectories out of 251! 
[controller_server-1] [ERROR] [1785944580.760851288] [controller_server]: Controller patience exceeded
[controller_server-1] [WARN] [1785944580.760953903] [controller_server]: [follow_path] [ActionServer] Aborting handle.
[behavior_server-4] [INFO] [1785944580.781286599] [behavior_server]: Running backup
[behavior_server-4] [WARN] [1785944580.782027086] [behavior_server]: Collision Ahead - Exiting DriveOnHeading
[behavior_server-4] [WARN] [1785944580.782088280] [behavior_server]: backup failed
[behavior_server-4] [WARN] [1785944580.782109473] [behavior_server]: [backup] [ActionServer] Aborting handle.
[controller_server-1] [INFO] [1785944580.809554134] [local_costmap.local_costmap]: Received request to clear entirely the local_costmap
[planner_server-3] [INFO] [1785944580.810246600] [global_costmap.global_costmap]: Received request to clear entirely the global_costmap
[planner_server-3] [WARN] [1785944581.325841088] [planner_server]: Planner loop missed its desired rate of 2.0000 Hz. Current loop rate is 1.9458 Hz
[controller_server-1] [INFO] [1785944581.337013280] [controller_server]: Received a goal, begin computing control effort.
[controller_server-1] [INFO] [1785944582.388301769] [controller_server]: Passing new path to controller.
[bt_navigator-5] [WARN] [1785944583.204678352] [BehaviorTreeEngine]: Behavior Tree tick rate 100.00 was exceeded!
[bt_navigator-5] [WARN] [1785944583.249528907] [BehaviorTreeEngine]: Behavior Tree tick rate 100.00 was exceeded!
[controller_server-1] [INFO] [1785944583.438291883] [controller_server]: Passing new path to controller.
[bt_navigator-5] [WARN] [1785944584.163332705] [BehaviorTreeEngine]: Behavior Tree tick rate 100.00 was exceeded!
[controller_server-1] [WARN] [1785944584.248803688] [controller_server]: Control loop missed its desired rate of 20.0000Hz
[bt_navigator-5] [WARN] [1785944584.325003746] [BehaviorTreeEngine]: Behavior Tree tick rate 100.00 was exceeded!
[controller_server-1] [INFO] [1785944584.490614815] [controller_server]: Passing new path to controller.
[bt_navigator-5] [WARN] [1785944584.720923857] [BehaviorTreeEngine]: Behavior Tree tick rate 100.00 was exceeded!
[bt_navigator-5] [WARN] [1785944584.762550326] [BehaviorTreeEngine]: Behavior Tree tick rate 100.00 was exceeded!
[controller_server-1] [WARN] [1785944584.789154599] [controller_server]: Control loop missed its desired rate of 20.0000Hz
[bt_navigator-5] [WARN] [1785944584.842199893] [BehaviorTreeEngine]: Behavior Tree tick rate 100.00 was exceeded!
[bt_navigator-5] [WARN] [1785944584.927517269] [BehaviorTreeEngine]: Behavior Tree tick rate 100.00 was exceeded!
[bt_navigator-5] [WARN] [1785944584.958159426] [BehaviorTreeEngine]: Behavior Tree tick rate 100.00 was exceeded!
[bt_navigator-5] [WARN] [1785944585.015337787] [BehaviorTreeEngine]: Behavior Tree tick rate 100.00 was exceeded!
[bt_navigator-5] [WARN] [1785944585.181664249] [BehaviorTreeEngine]: Behavior Tree tick rate 100.00 was exceeded!
[bt_navigator-5] [WARN] [1785944585.245062463] [BehaviorTreeEngine]: Behavior Tree tick rate 100.00 was exceeded!
[bt_navigator-5] [WARN] [1785944585.393948619] [BehaviorTreeEngine]: Behavior Tree tick rate 100.00 was exceeded!
[bt_navigator-5] [WARN] [1785944585.395066683] [BehaviorTreeEngine]: Behavior Tree tick rate 100.00 was exceeded!
[bt_navigator-5] [WARN] [1785944585.481041490] [BehaviorTreeEngine]: Behavior Tree tick rate 100.00 was exceeded!
[controller_server-1] [INFO] [1785944585.488932593] [controller_server]: Passing new path to controller.
[bt_navigator-5] [WARN] [1785944585.534490518] [BehaviorTreeEngine]: Behavior Tree tick rate 100.00 was exceeded!
[bt_navigator-5] [WARN] [1785944585.552470373] [BehaviorTreeEngine]: Behavior Tree tick rate 100.00 was exceeded!
[bt_navigator-5] [WARN] [1785944585.624276683] [BehaviorTreeEngine]: Behavior Tree tick rate 100.00 was exceeded!
[controller_server-1] [INFO] [1785944586.538461383] [controller_server]: Passing new path to controller.
[controller_server-1] [INFO] [1785944587.589398798] [controller_server]: Passing new path to controller.
[controller_server-1] [INFO] [1785944588.588842333] [controller_server]: Passing new path to controller.
[bt_navigator-5] [WARN] [1785944589.435057266] [BehaviorTreeEngine]: Behavior Tree tick rate 100.00 was exceeded!
[controller_server-1] [INFO] [1785944589.638258840] [controller_server]: Passing new path to controller.
[controller_server-1] [INFO] [1785944590.638319597] [controller_server]: Passing new path to controller.
[controller_server-1] [INFO] [1785944591.688276187] [controller_server]: Passing new path to controller.
[bt_navigator-5] [WARN] [1785944592.620511622] [BehaviorTreeEngine]: Behavior Tree tick rate 100.00 was exceeded!
[bt_navigator-5] [WARN] [1785944592.621559214] [BehaviorTreeEngine]: Behavior Tree tick rate 100.00 was exceeded!
[controller_server-1] [INFO] [1785944592.738968065] [controller_server]: Passing new path to controller.
[bt_navigator-5] [WARN] [1785944593.051475993] [BehaviorTreeEngine]: Behavior Tree tick rate 100.00 was exceeded!
[bt_navigator-5] [WARN] [1785944593.081769566] [BehaviorTreeEngine]: Behavior Tree tick rate 100.00 was exceeded!
[controller_server-1] [WARN] [1785944593.140809298] [controller_server]: Control loop missed its desired rate of 20.0000Hz
[controller_server-1] [INFO] [1785944593.738310499] [controller_server]: Passing new path to controller.
[controller_server-1] [INFO] [1785944594.788285312] [controller_server]: Passing new path to controller.
[controller_server-1] [INFO] [1785944595.788686071] [controller_server]: Passing new path to controller.
[bt_navigator-5] [WARN] [1785944596.834640001] [BehaviorTreeEngine]: Behavior Tree tick rate 100.00 was exceeded!
[controller_server-1] [INFO] [1785944596.850130100] [controller_server]: Passing new path to controller.
[bt_navigator-5] [WARN] [1785944596.920619891] [BehaviorTreeEngine]: Behavior Tree tick rate 100.00 was exceeded!
[bt_navigator-5] [WARN] [1785944597.821423038] [BehaviorTreeEngine]: Behavior Tree tick rate 100.00 was exceeded!
[bt_navigator-5] [WARN] [1785944597.839827796] [BehaviorTreeEngine]: Behavior Tree tick rate 100.00 was exceeded!
[bt_navigator-5] [WARN] [1785944597.842359098] [BehaviorTreeEngine]: Behavior Tree tick rate 100.00 was exceeded!
[controller_server-1] [INFO] [1785944597.889663148] [controller_server]: Passing new path to controller.
[controller_server-1] [INFO] [1785944598.888317108] [controller_server]: Passing new path to controller.
[planner_server-3] [WARN] [1785944599.893578684] [planner_server]: GridBased: failed to create plan with tolerance 0.50.
[planner_server-3] [WARN] [1785944599.893653267] [planner_server]: Planning algorithm GridBased failed to generate a valid path to (2.00, 4.00)
[planner_server-3] [WARN] [1785944599.893666536] [planner_server]: [compute_path_to_pose] [ActionServer] Aborting handle.
[planner_server-3] [INFO] [1785944599.911031097] [global_costmap.global_costmap]: Received request to clear entirely the global_costmap
[controller_server-1] [INFO] [1785944600.340267476] [controller_server]: Passing new path to controller.
[controller_server-1] [INFO] [1785944601.388320568] [controller_server]: Passing new path to controller.
[bt_navigator-5] [WARN] [1785944601.906617022] [BehaviorTreeEngine]: Behavior Tree tick rate 100.00 was exceeded!
[bt_navigator-5] [WARN] [1785944601.970484024] [BehaviorTreeEngine]: Behavior Tree tick rate 100.00 was exceeded!
[controller_server-1] [WARN] [1785944601.998971087] [controller_server]: Control loop missed its desired rate of 20.0000Hz
[bt_navigator-5] [WARN] [1785944602.024135567] [BehaviorTreeEngine]: Behavior Tree tick rate 100.00 was exceeded!
[controller_server-1] [INFO] [1785944602.388367740] [controller_server]: Passing new path to controller.
[controller_server-1] [INFO] [1785944603.438440895] [controller_server]: Passing new path to controller.
[controller_server-1] [INFO] [1785944604.488337044] [controller_server]: Passing new path to controller.
[controller_server-1] [INFO] [1785944605.488282428] [controller_server]: Passing new path to controller.
[planner_server-3] [WARN] [1785944606.486146587] [planner_server]: GridBased: failed to create plan with tolerance 0.50.
[planner_server-3] [WARN] [1785944606.486266831] [planner_server]: Planning algorithm GridBased failed to generate a valid path to (2.00, 4.00)
[planner_server-3] [WARN] [1785944606.486283530] [planner_server]: [compute_path_to_pose] [ActionServer] Aborting handle.
[planner_server-3] [INFO] [1785944606.504451971] [global_costmap.global_costmap]: Received request to clear entirely the global_costmap
[planner_server-3] [WARN] [1785944607.317592163] [planner_server]: GridBased: failed to create plan with tolerance 0.50.
[planner_server-3] [WARN] [1785944607.317708020] [planner_server]: Planning algorithm GridBased failed to generate a valid path to (2.00, 4.00)
[planner_server-3] [WARN] [1785944607.317731784] [planner_server]: [compute_path_to_pose] [ActionServer] Aborting handle.
[controller_server-1] [INFO] [1785944607.340346428] [controller_server]: Goal was canceled. Stopping the robot.
[controller_server-1] [INFO] [1785944607.340476057] [controller_server]: [follow_path] [ActionServer] Client requested to cancel the goal. Cancelling.
[behavior_server-4] [INFO] [1785944607.343382917] [behavior_server]: Running spin
[behavior_server-4] [INFO] [1785944607.343539723] [behavior_server]: Turning 1.57 for spin behavior.
[behavior_server-4] [WARN] [1785944607.448419212] [behavior_server]: Collision Ahead - Exiting Spin
[behavior_server-4] [WARN] [1785944607.448502104] [behavior_server]: spin failed
[behavior_server-4] [WARN] [1785944607.448525667] [behavior_server]: [spin] [ActionServer] Aborting handle.
[behavior_server-4] [INFO] [1785944607.480759691] [behavior_server]: Running wait
[bt_navigator-5] [WARN] [1785944608.431024512] [BehaviorTreeEngine]: Behavior Tree tick rate 100.00 was exceeded!
[bt_navigator-5] [WARN] [1785944610.366771726] [BehaviorTreeEngine]: Behavior Tree tick rate 100.00 was exceeded!
[bt_navigator-5] [WARN] [1785944611.901815611] [BehaviorTreeEngine]: Behavior Tree tick rate 100.00 was exceeded!
[behavior_server-4] [INFO] [1785944612.481472253] [behavior_server]: wait completed successfully
[controller_server-1] [INFO] [1785944612.529251058] [controller_server]: Received a goal, begin computing control effort.
[controller_server-1] [INFO] [1785944613.580266203] [controller_server]: Passing new path to controller.
[controller_server-1] [INFO] [1785944614.630320518] [controller_server]: Passing new path to controller.
[bt_navigator-5] [WARN] [1785944614.867389251] [BehaviorTreeEngine]: Behavior Tree tick rate 100.00 was exceeded!
[controller_server-1] [INFO] [1785944615.629845008] [controller_server]: Passing new path to controller.
[bt_navigator-5] [WARN] [1785944616.037222761] [BehaviorTreeEngine]: Behavior Tree tick rate 100.00 was exceeded!
[bt_navigator-5] [WARN] [1785944616.058838431] [BehaviorTreeEngine]: Behavior Tree tick rate 100.00 was exceeded!
[bt_navigator-5] [WARN] [1785944616.158356583] [BehaviorTreeEngine]: Behavior Tree tick rate 100.00 was exceeded!
[planner_server-3] [WARN] [1785944616.631091041] [planner_server]: GridBased: failed to create plan with tolerance 0.50.
[planner_server-3] [WARN] [1785944616.631228352] [planner_server]: Planning algorithm GridBased failed to generate a valid path to (2.00, 4.00)
[planner_server-3] [WARN] [1785944616.631251169] [planner_server]: [compute_path_to_pose] [ActionServer] Aborting handle.
[planner_server-3] [INFO] [1785944616.647042668] [global_costmap.global_costmap]: Received request to clear entirely the global_costmap
[planner_server-3] [WARN] [1785944617.320929720] [planner_server]: Planner loop missed its desired rate of 2.0000 Hz. Current loop rate is 1.4867 Hz
[controller_server-1] [INFO] [1785944617.379793102] [controller_server]: Passing new path to controller.
[bt_navigator-5] [WARN] [1785944618.246860529] [BehaviorTreeEngine]: Behavior Tree tick rate 100.00 was exceeded!
[controller_server-1] [INFO] [1785944618.379808805] [controller_server]: Passing new path to controller.
[planner_server-3] [WARN] [1785944619.380788687] [planner_server]: GridBased: failed to create plan with tolerance 0.50.
[planner_server-3] [WARN] [1785944619.380923658] [planner_server]: Planning algorithm GridBased failed to generate a valid path to (2.00, 4.00)
[planner_server-3] [WARN] [1785944619.380945083] [planner_server]: [compute_path_to_pose] [ActionServer] Aborting handle.
[planner_server-3] [INFO] [1785944619.397296585] [global_costmap.global_costmap]: Received request to clear entirely the global_costmap
[bt_navigator-5] [WARN] [1785944619.919799897] [BehaviorTreeEngine]: Behavior Tree tick rate 100.00 was exceeded!
[bt_navigator-5] [WARN] [1785944619.981764845] [BehaviorTreeEngine]: Behavior Tree tick rate 100.00 was exceeded!
[planner_server-3] [WARN] [1785944620.314990287] [planner_server]: Planner loop missed its desired rate of 2.0000 Hz. Current loop rate is 1.0956 Hz
[controller_server-1] [INFO] [1785944620.329824016] [controller_server]: Passing new path to controller.
[controller_server-1] [INFO] [1785944621.379805960] [controller_server]: Passing new path to controller.
[controller_server-1] [INFO] [1785944622.380204541] [controller_server]: Passing new path to controller.
[controller_server-1] [WARN] [1785944623.334380171] [controller_server]: No valid trajectories out of 251! 
[controller_server-1] [WARN] [1785944623.386975371] [controller_server]: No valid trajectories out of 251! 
[controller_server-1] [INFO] [1785944623.429845644] [controller_server]: Passing new path to controller.
[controller_server-1] [WARN] [1785944623.436163222] [controller_server]: No valid trajectories out of 251! 
[controller_server-1] [WARN] [1785944623.484381913] [controller_server]: No valid trajectories out of 251! 
[controller_server-1] [WARN] [1785944623.534529304] [controller_server]: No valid trajectories out of 251! 
[controller_server-1] [WARN] [1785944623.585618867] [controller_server]: No valid trajectories out of 251! 
[controller_server-1] [ERROR] [1785944623.585726628] [controller_server]: Controller patience exceeded
[controller_server-1] [WARN] [1785944623.585850043] [controller_server]: [follow_path] [ActionServer] Aborting handle.
[controller_server-1] [INFO] [1785944623.600992716] [local_costmap.local_costmap]: Received request to clear entirely the local_costmap
[controller_server-1] [INFO] [1785944623.604546015] [controller_server]: Received a goal, begin computing control effort.
[controller_server-1] [WARN] [1785944623.697928772] [controller_server]: Control loop missed its desired rate of 20.0000Hz
[planner_server-3] [WARN] [1785944624.416534756] [planner_server]: GridBased: failed to create plan with tolerance 0.50.
[planner_server-3] [WARN] [1785944624.416641510] [planner_server]: Planning algorithm GridBased failed to generate a valid path to (2.00, 4.00)
[planner_server-3] [WARN] [1785944624.416665386] [planner_server]: [compute_path_to_pose] [ActionServer] Aborting handle.
[planner_server-3] [INFO] [1785944624.430139298] [global_costmap.global_costmap]: Received request to clear entirely the global_costmap
[planner_server-3] [WARN] [1785944625.314980563] [planner_server]: GridBased: failed to create plan with tolerance 0.50.
[planner_server-3] [WARN] [1785944625.315089996] [planner_server]: Planning algorithm GridBased failed to generate a valid path to (2.00, 4.00)
[planner_server-3] [WARN] [1785944625.315105726] [planner_server]: [compute_path_to_pose] [ActionServer] Aborting handle.
[bt_navigator-5] [ERROR] [1785944625.351703481] [bt_navigator_navigate_to_pose_rclcpp_node]: Failed to get result for follow_path in node halt!
[bt_navigator-5] [WARN] [1785944625.353163799] [BehaviorTreeEngine]: Behavior Tree tick rate 100.00 was exceeded!
[controller_server-1] [INFO] [1785944625.354944530] [controller_server]: Goal was canceled. Stopping the robot.
[controller_server-1] [INFO] [1785944625.355022398] [controller_server]: [follow_path] [ActionServer] Client requested to cancel the goal. Cancelling.
[behavior_server-4] [INFO] [1785944625.356132221] [behavior_server]: Running backup
[behavior_server-4] [WARN] [1785944625.356506738] [behavior_server]: Collision Ahead - Exiting DriveOnHeading
[behavior_server-4] [WARN] [1785944625.356546676] [behavior_server]: backup failed
[behavior_server-4] [WARN] [1785944625.356560803] [behavior_server]: [backup] [ActionServer] Aborting handle.
[controller_server-1] [INFO] [1785944625.387969511] [local_costmap.local_costmap]: Received request to clear entirely the local_costmap
[planner_server-3] [INFO] [1785944625.409920369] [global_costmap.global_costmap]: Received request to clear entirely the global_costmap
[bt_navigator-5] [WARN] [1785944625.416882542] [BehaviorTreeEngine]: Behavior Tree tick rate 100.00 was exceeded!
[planner_server-3] [WARN] [1785944626.313628809] [planner_server]: GridBased: failed to create plan with tolerance 0.50.
[planner_server-3] [WARN] [1785944626.313765754] [planner_server]: Planning algorithm GridBased failed to generate a valid path to (2.00, 4.00)
[planner_server-3] [WARN] [1785944626.313809803] [planner_server]: [compute_path_to_pose] [ActionServer] Aborting handle.
[planner_server-3] [INFO] [1785944626.335661401] [global_costmap.global_costmap]: Received request to clear entirely the global_costmap
[bt_navigator-5] [WARN] [1785944626.534133109] [BehaviorTreeEngine]: Behavior Tree tick rate 100.00 was exceeded!
[planner_server-3] [WARN] [1785944627.315814813] [planner_server]: Planner loop missed its desired rate of 2.0000 Hz. Current loop rate is 1.0267 Hz
[controller_server-1] [INFO] [1785944627.334630198] [controller_server]: Received a goal, begin computing control effort.
[controller_server-1] [INFO] [1785944628.385045183] [controller_server]: Passing new path to controller.
[controller_server-1] [INFO] [1785944629.435054263] [controller_server]: Passing new path to controller.
[controller_server-1] [INFO] [1785944630.485070356] [controller_server]: Passing new path to controller.
[controller_server-1] [INFO] [1785944631.485055444] [controller_server]: Passing new path to controller.
[bt_navigator-5] [WARN] [1785944631.959097426] [BehaviorTreeEngine]: Behavior Tree tick rate 100.00 was exceeded!
[bt_navigator-5] [WARN] [1785944631.993154613] [BehaviorTreeEngine]: Behavior Tree tick rate 100.00 was exceeded!
[controller_server-1] [INFO] [1785944632.535059713] [controller_server]: Passing new path to controller.
[bt_navigator-5] [WARN] [1785944632.570753845] [BehaviorTreeEngine]: Behavior Tree tick rate 100.00 was exceeded!
[bt_navigator-5] [WARN] [1785944632.810426842] [BehaviorTreeEngine]: Behavior Tree tick rate 100.00 was exceeded!
[bt_navigator-5] [WARN] [1785944632.845513151] [BehaviorTreeEngine]: Behavior Tree tick rate 100.00 was exceeded!
[bt_navigator-5] [WARN] [1785944632.905521129] [BehaviorTreeEngine]: Behavior Tree tick rate 100.00 was exceeded!
[planner_server-3] [WARN] [1785944633.489371197] [planner_server]: GridBased: failed to create plan with tolerance 0.50.
[planner_server-3] [WARN] [1785944633.489519253] [planner_server]: Planning algorithm GridBased failed to generate a valid path to (2.00, 4.00)
[planner_server-3] [WARN] [1785944633.489544534] [planner_server]: [compute_path_to_pose] [ActionServer] Aborting handle.
[planner_server-3] [INFO] [1785944633.506154944] [global_costmap.global_costmap]: Received request to clear entirely the global_costmap
[planner_server-3] [WARN] [1785944634.311215541] [planner_server]: Planner loop missed its desired rate of 2.0000 Hz. Current loop rate is 1.2474 Hz
[controller_server-1] [INFO] [1785944634.335129418] [controller_server]: Passing new path to controller.
[controller_server-1] [INFO] [1785944635.385070731] [controller_server]: Passing new path to controller.
[planner_server-3] [WARN] [1785944636.368372394] [planner_server]: GridBased: failed to create plan with tolerance 0.50.
[planner_server-3] [WARN] [1785944636.368554263] [planner_server]: Planning algorithm GridBased failed to generate a valid path to (2.00, 4.00)
[planner_server-3] [WARN] [1785944636.368576783] [planner_server]: [compute_path_to_pose] [ActionServer] Aborting handle.
[planner_server-3] [INFO] [1785944636.386096453] [global_costmap.global_costmap]: Received request to clear entirely the global_costmap
[planner_server-3] [WARN] [1785944637.328433960] [planner_server]: Planner loop missed its desired rate of 2.0000 Hz. Current loop rate is 1.0645 Hz
[bt_navigator-5] [WARN] [1785944637.346064988] [BehaviorTreeEngine]: Behavior Tree tick rate 100.00 was exceeded!
[controller_server-1] [INFO] [1785944637.385057659] [controller_server]: Passing new path to controller.
[bt_navigator-5] [WARN] [1785944638.319602514] [BehaviorTreeEngine]: Behavior Tree tick rate 100.00 was exceeded!
[bt_navigator-5] [WARN] [1785944638.361917533] [BehaviorTreeEngine]: Behavior Tree tick rate 100.00 was exceeded!
[controller_server-1] [INFO] [1785944638.385071125] [controller_server]: Passing new path to controller.
[bt_navigator-5] [WARN] [1785944638.407132450] [BehaviorTreeEngine]: Behavior Tree tick rate 100.00 was exceeded!
[controller_server-1] [INFO] [1785944639.435042446] [controller_server]: Passing new path to controller.
[controller_server-1] [WARN] [1785944639.939447119] [controller_server]: No valid trajectories out of 251! 
[controller_server-1] [WARN] [1785944639.989113323] [controller_server]: No valid trajectories out of 251! 
[controller_server-1] [WARN] [1785944640.043132158] [controller_server]: No valid trajectories out of 251! 
[controller_server-1] [WARN] [1785944640.089350642] [controller_server]: No valid trajectories out of 251! 
[controller_server-1] [INFO] [1785944640.435031309] [controller_server]: Passing new path to controller.
[controller_server-1] [WARN] [1785944640.737910999] [controller_server]: No valid trajectories out of 251! 
[controller_server-1] [WARN] [1785944640.790173415] [controller_server]: No valid trajectories out of 251! 
[controller_server-1] [WARN] [1785944640.837925253] [controller_server]: No valid trajectories out of 251! 
[controller_server-1] [WARN] [1785944640.890729087] [controller_server]: No valid trajectories out of 251! 
[controller_server-1] [WARN] [1785944640.937829088] [controller_server]: No valid trajectories out of 251! 
[controller_server-1] [WARN] [1785944640.987581242] [controller_server]: No valid trajectories out of 251! 
[controller_server-1] [WARN] [1785944641.040458159] [controller_server]: No valid trajectories out of 251! 
[controller_server-1] [ERROR] [1785944641.040564523] [controller_server]: Controller patience exceeded
[controller_server-1] [WARN] [1785944641.040710339] [controller_server]: [follow_path] [ActionServer] Aborting handle.
[controller_server-1] [INFO] [1785944641.052526554] [local_costmap.local_costmap]: Received request to clear entirely the local_costmap
[controller_server-1] [INFO] [1785944641.054299056] [controller_server]: Received a goal, begin computing control effort.
[controller_server-1] [WARN] [1785944641.309483930] [controller_server]: No valid trajectories out of 251! 
[controller_server-1] [INFO] [1785944641.504596320] [controller_server]: Passing new path to controller.
[planner_server-3] [WARN] [1785944642.468888806] [planner_server]: GridBased: failed to create plan with tolerance 0.50.
[planner_server-3] [WARN] [1785944642.470699772] [planner_server]: Planning algorithm GridBased failed to generate a valid path to (2.00, 4.00)
[planner_server-3] [WARN] [1785944642.470766038] [planner_server]: [compute_path_to_pose] [ActionServer] Aborting handle.
[planner_server-3] [INFO] [1785944642.485557690] [global_costmap.global_costmap]: Received request to clear entirely the global_costmap
[bt_navigator-5] [WARN] [1785944642.805209627] [BehaviorTreeEngine]: Behavior Tree tick rate 100.00 was exceeded!
[planner_server-3] [WARN] [1785944643.319918670] [planner_server]: Planner loop missed its desired rate of 2.0000 Hz. Current loop rate is 1.2005 Hz
[controller_server-1] [INFO] [1785944643.354570929] [controller_server]: Passing new path to controller.
[controller_server-1] [INFO] [1785944644.354588324] [controller_server]: Passing new path to controller.
[controller_server-1] [INFO] [1785944645.404607998] [controller_server]: Passing new path to controller.
[controller_server-1] [WARN] [1785944645.710088347] [controller_server]: No valid trajectories out of 251! 
[controller_server-1] [WARN] [1785944645.757887946] [controller_server]: No valid trajectories out of 251! 
[controller_server-1] [WARN] [1785944645.809040116] [controller_server]: No valid trajectories out of 251! 
[controller_server-1] [WARN] [1785944645.857875481] [controller_server]: No valid trajectories out of 251! 
[controller_server-1] [WARN] [1785944645.910252447] [controller_server]: No valid trajectories out of 251! 
[controller_server-1] [WARN] [1785944645.958012295] [controller_server]: No valid trajectories out of 251! 
[controller_server-1] [INFO] [1785944646.456466654] [controller_server]: Passing new path to controller.
[controller_server-1] [INFO] [1785944647.454613668] [controller_server]: Passing new path to controller.
[bt_navigator-5] [WARN] [1785944647.951951868] [BehaviorTreeEngine]: Behavior Tree tick rate 100.00 was exceeded!
[controller_server-1] [INFO] [1785944648.504599406] [controller_server]: Passing new path to controller.
[controller_server-1] [WARN] [1785944649.156030962] [controller_server]: Control loop missed its desired rate of 20.0000Hz
[bt_navigator-5] [WARN] [1785944649.159628803] [BehaviorTreeEngine]: Behavior Tree tick rate 100.00 was exceeded!
[controller_server-1] [WARN] [1785944649.205675682] [controller_server]: Control loop missed its desired rate of 20.0000Hz
[controller_server-1] [INFO] [1785944649.504651733] [controller_server]: Passing new path to controller.
[controller_server-1] [INFO] [1785944650.554615277] [controller_server]: Passing new path to controller.
[controller_server-1] [INFO] [1785944651.604763740] [controller_server]: Passing new path to controller.
[controller_server-1] [INFO] [1785944652.604613292] [controller_server]: Passing new path to controller.
[bt_navigator-5] [WARN] [1785944652.986438643] [BehaviorTreeEngine]: Behavior Tree tick rate 100.00 was exceeded!
[controller_server-1] [INFO] [1785944653.654601288] [controller_server]: Passing new path to controller.
[controller_server-1] [INFO] [1785944654.654882394] [controller_server]: Passing new path to controller.
[controller_server-1] [INFO] [1785944655.704595812] [controller_server]: Passing new path to controller.
[bt_navigator-5] [WARN] [1785944656.712112793] [BehaviorTreeEngine]: Behavior Tree tick rate 100.00 was exceeded!
[controller_server-1] [INFO] [1785944656.754617668] [controller_server]: Passing new path to controller.
[controller_server-1] [INFO] [1785944657.804578873] [controller_server]: Passing new path to controller.
[planner_server-3] [WARN] [1785944658.785039655] [planner_server]: GridBased: failed to create plan with tolerance 0.50.
[planner_server-3] [WARN] [1785944658.785156704] [planner_server]: Planning algorithm GridBased failed to generate a valid path to (2.00, 4.00)
[planner_server-3] [WARN] [1785944658.785173051] [planner_server]: [compute_path_to_pose] [ActionServer] Aborting handle.
[planner_server-3] [INFO] [1785944658.803650210] [global_costmap.global_costmap]: Received request to clear entirely the global_costmap
[planner_server-3] [WARN] [1785944659.317936356] [planner_server]: Planner loop missed its desired rate of 2.0000 Hz. Current loop rate is 1.9532 Hz
[controller_server-1] [INFO] [1785944659.354602513] [controller_server]: Passing new path to controller.
[bt_navigator-5] [WARN] [1785944659.528193886] [BehaviorTreeEngine]: Behavior Tree tick rate 100.00 was exceeded!
[controller_server-1] [INFO] [1785944660.404651415] [controller_server]: Passing new path to controller.
[bt_navigator-5] [WARN] [1785944661.210302877] [BehaviorTreeEngine]: Behavior Tree tick rate 100.00 was exceeded!
[bt_navigator-5] [WARN] [1785944661.218260889] [BehaviorTreeEngine]: Behavior Tree tick rate 100.00 was exceeded!
[controller_server-1] [INFO] [1785944661.404616613] [controller_server]: Passing new path to controller.
[controller_server-1] [INFO] [1785944662.455386131] [controller_server]: Passing new path to controller.
[controller_server-1] [WARN] [1785944663.313857835] [controller_server]: No valid trajectories out of 251! 
[controller_server-1] [WARN] [1785944663.358553492] [controller_server]: No valid trajectories out of 251! 
[controller_server-1] [WARN] [1785944663.412321249] [controller_server]: No valid trajectories out of 251! 
[controller_server-1] [INFO] [1785944663.454611810] [controller_server]: Passing new path to controller.
[controller_server-1] [WARN] [1785944663.460449156] [controller_server]: No valid trajectories out of 251! 
[bt_navigator-5] [WARN] [1785944663.961014380] [BehaviorTreeEngine]: Behavior Tree tick rate 100.00 was exceeded!
[bt_navigator-5] [WARN] [1785944664.120527329] [BehaviorTreeEngine]: Behavior Tree tick rate 100.00 was exceeded!
[controller_server-1] [INFO] [1785944664.504831020] [controller_server]: Passing new path to controller.
[bt_navigator-5] [WARN] [1785944665.046294061] [BehaviorTreeEngine]: Behavior Tree tick rate 100.00 was exceeded!
[controller_server-1] [INFO] [1785944665.505371398] [controller_server]: Passing new path to controller.
[planner_server-3] [WARN] [1785944666.524671090] [planner_server]: GridBased: failed to create plan with tolerance 0.50.
[planner_server-3] [WARN] [1785944666.526077880] [planner_server]: Planning algorithm GridBased failed to generate a valid path to (2.00, 4.00)
[planner_server-3] [WARN] [1785944666.527634427] [planner_server]: [compute_path_to_pose] [ActionServer] Aborting handle.
[planner_server-3] [INFO] [1785944666.557684377] [global_costmap.global_costmap]: Received request to clear entirely the global_costmap
[bt_navigator-5] [WARN] [1785944667.189104798] [BehaviorTreeEngine]: Behavior Tree tick rate 100.00 was exceeded!
[bt_navigator-5] [WARN] [1785944667.293111541] [BehaviorTreeEngine]: Behavior Tree tick rate 100.00 was exceeded!
[planner_server-3] [WARN] [1785944667.315107010] [planner_server]: GridBased: failed to create plan with tolerance 0.50.
[planner_server-3] [WARN] [1785944667.315292142] [planner_server]: Planning algorithm GridBased failed to generate a valid path to (2.00, 4.00)
[planner_server-3] [WARN] [1785944667.315327781] [planner_server]: [compute_path_to_pose] [ActionServer] Aborting handle.
[bt_navigator-5] [ERROR] [1785944667.344026282] [bt_navigator_navigate_to_pose_rclcpp_node]: Failed to get result for follow_path in node halt!
[bt_navigator-5] [WARN] [1785944667.345242057] [BehaviorTreeEngine]: Behavior Tree tick rate 100.00 was exceeded!
[bt_navigator-5] [WARN] [1785944667.345303160] [bt_navigator]: [navigate_to_pose] [ActionServer] Aborting handle.
[bt_navigator-5] [ERROR] [1785944667.346463908] [bt_navigator]: Goal failed
[controller_server-1] [INFO] [1785944667.354664615] [controller_server]: Goal was canceled. Stopping the robot.
[controller_server-1] [INFO] [1785944667.354741261] [controller_server]: [follow_path] [ActionServer] Client requested to cancel the goal. Cancelling.
[bt_navigator-5] [INFO] [1785944672.342993043] [bt_navigator]: Begin navigating from current location (-4.40, 1.75) to (5.50, 0.30)
[controller_server-1] [INFO] [1785944672.364682426] [controller_server]: Received a goal, begin computing control effort.
[controller_server-1] [INFO] [1785944673.415041214] [controller_server]: Passing new path to controller.
[controller_server-1] [INFO] [1785944674.464990674] [controller_server]: Passing new path to controller.
[controller_server-1] [INFO] [1785944675.464982008] [controller_server]: Passing new path to controller.
[planner_server-3] [WARN] [1785944676.465885867] [planner_server]: GridBased: failed to create plan with tolerance 0.50.
[planner_server-3] [WARN] [1785944676.466009893] [planner_server]: Planning algorithm GridBased failed to generate a valid path to (5.50, 0.30)
[planner_server-3] [WARN] [1785944676.466033265] [planner_server]: [compute_path_to_pose] [ActionServer] Aborting handle.
[planner_server-3] [INFO] [1785944676.483515892] [global_costmap.global_costmap]: Received request to clear entirely the global_costmap
[planner_server-3] [WARN] [1785944677.315923867] [planner_server]: Planner loop missed its desired rate of 2.0000 Hz. Current loop rate is 1.2031 Hz
[controller_server-1] [INFO] [1785944677.364985140] [controller_server]: Passing new path to controller.
[controller_server-1] [INFO] [1785944678.415574761] [controller_server]: Passing new path to controller.
[bt_navigator-5] [WARN] [1785944679.374542923] [BehaviorTreeEngine]: Behavior Tree tick rate 100.00 was exceeded!
[bt_navigator-5] [WARN] [1785944679.403112811] [BehaviorTreeEngine]: Behavior Tree tick rate 100.00 was exceeded!
[bt_navigator-5] [WARN] [1785944679.403176254] [bt_navigator_navigate_to_pose_rclcpp_node]: Timed out while waiting for action server to acknowledge goal request for compute_path_to_pose
[bt_navigator-5] [WARN] [1785944679.436925674] [bt_navigator_navigate_to_pose_rclcpp_node]: Node timed out while executing service call to global_costmap/clear_entirely_global_costmap.
[planner_server-3] [INFO] [1785944679.441372926] [global_costmap.global_costmap]: Received request to clear entirely the global_costmap
[controller_server-1] [INFO] [1785944679.465002223] [controller_server]: Goal was canceled. Stopping the robot.
[controller_server-1] [INFO] [1785944679.465896378] [controller_server]: [follow_path] [ActionServer] Client requested to cancel the goal. Cancelling.
[behavior_server-4] [INFO] [1785944679.480579673] [behavior_server]: Running spin
[bt_navigator-5] [WARN] [1785944679.482423963] [BehaviorTreeEngine]: Behavior Tree tick rate 100.00 was exceeded!
[behavior_server-4] [INFO] [1785944679.483506707] [behavior_server]: Turning 1.57 for spin behavior.
[behavior_server-4] [ERROR] [1785944679.590048433] [behavior_server]: Pose Goes Off Grid.
[behavior_server-4] [WARN] [1785944679.590535887] [behavior_server]: Collision Ahead - Exiting Spin
[behavior_server-4] [WARN] [1785944679.590553889] [behavior_server]: spin failed
[behavior_server-4] [WARN] [1785944679.590569959] [behavior_server]: [spin] [ActionServer] Aborting handle.
[behavior_server-4] [INFO] [1785944679.613721979] [behavior_server]: Running wait
[bt_navigator-5] [WARN] [1785944681.912977047] [BehaviorTreeEngine]: Behavior Tree tick rate 100.00 was exceeded!
[bt_navigator-5] [WARN] [1785944681.978923927] [BehaviorTreeEngine]: Behavior Tree tick rate 100.00 was exceeded!
[bt_navigator-5] [WARN] [1785944682.114217710] [BehaviorTreeEngine]: Behavior Tree tick rate 100.00 was exceeded!
[bt_navigator-5] [WARN] [1785944682.129951918] [BehaviorTreeEngine]: Behavior Tree tick rate 100.00 was exceeded!
[behavior_server-4] [INFO] [1785944684.613996180] [behavior_server]: wait completed successfully
[planner_server-3] [WARN] [1785944684.643110108] [planner_server]: GridBased: failed to create plan with tolerance 0.50.
[planner_server-3] [WARN] [1785944684.643185193] [planner_server]: Planning algorithm GridBased failed to generate a valid path to (5.50, 0.30)
[planner_server-3] [WARN] [1785944684.643199128] [planner_server]: [compute_path_to_pose] [ActionServer] Aborting handle.
[planner_server-3] [INFO] [1785944684.670297117] [global_costmap.global_costmap]: Received request to clear entirely the global_costmap
[planner_server-3] [WARN] [1785944685.324977635] [planner_server]: GridBased: failed to create plan with tolerance 0.50.
[planner_server-3] [WARN] [1785944685.325080867] [planner_server]: Planning algorithm GridBased failed to generate a valid path to (5.50, 0.30)
[planner_server-3] [WARN] [1785944685.325103776] [planner_server]: [compute_path_to_pose] [ActionServer] Aborting handle.
[behavior_server-4] [INFO] [1785944685.344590264] [behavior_server]: Running backup
[behavior_server-4] [WARN] [1785944685.345215523] [behavior_server]: Collision Ahead - Exiting DriveOnHeading
[behavior_server-4] [WARN] [1785944685.345269259] [behavior_server]: backup failed
[behavior_server-4] [WARN] [1785944685.345289450] [behavior_server]: [backup] [ActionServer] Aborting handle.
[controller_server-1] [INFO] [1785944685.370378358] [local_costmap.local_costmap]: Received request to clear entirely the local_costmap
[planner_server-3] [INFO] [1785944685.373581428] [global_costmap.global_costmap]: Received request to clear entirely the global_costmap
[planner_server-3] [WARN] [1785944686.319943629] [planner_server]: Planner loop missed its desired rate of 2.0000 Hz. Current loop rate is 1.0612 Hz
[controller_server-1] [INFO] [1785944686.342415016] [controller_server]: Received a goal, begin computing control effort.
[controller_server-1] [INFO] [1785944687.392763155] [controller_server]: Passing new path to controller.
[bt_navigator-5] [WARN] [1785944688.283061680] [BehaviorTreeEngine]: Behavior Tree tick rate 100.00 was exceeded!
[bt_navigator-5] [WARN] [1785944688.361440802] [BehaviorTreeEngine]: Behavior Tree tick rate 100.00 was exceeded!
[controller_server-1] [INFO] [1785944688.443675826] [controller_server]: Passing new path to controller.
[controller_server-1] [INFO] [1785944689.443265422] [controller_server]: Passing new path to controller.
[controller_server-1] [INFO] [1785944690.492844818] [controller_server]: Passing new path to controller.
[controller_server-1] [INFO] [1785944691.543235085] [controller_server]: Passing new path to controller.
[controller_server-1] [INFO] [1785944692.545191721] [controller_server]: Passing new path to controller.
[controller_server-1] [INFO] [1785944693.592775168] [controller_server]: Passing new path to controller.
[controller_server-1] [INFO] [1785944694.592769401] [controller_server]: Passing new path to controller.
[bt_navigator-5] [WARN] [1785944695.233974524] [BehaviorTreeEngine]: Behavior Tree tick rate 100.00 was exceeded!
[bt_navigator-5] [WARN] [1785944695.311075952] [BehaviorTreeEngine]: Behavior Tree tick rate 100.00 was exceeded!
[controller_server-1] [INFO] [1785944695.642793140] [controller_server]: Passing new path to controller.
[controller_server-1] [INFO] [1785944696.642775753] [controller_server]: Passing new path to controller.
[controller_server-1] [INFO] [1785944697.692840754] [controller_server]: Passing new path to controller.
[bt_navigator-5] [WARN] [1785944698.012659893] [BehaviorTreeEngine]: Behavior Tree tick rate 100.00 was exceeded!
[controller_server-1] [INFO] [1785944698.742797577] [controller_server]: Passing new path to controller.
[controller_server-1] [INFO] [1785944699.742808467] [controller_server]: Passing new path to controller.
[bt_navigator-5] [WARN] [1785944700.254204152] [BehaviorTreeEngine]: Behavior Tree tick rate 100.00 was exceeded!
[bt_navigator-5] [WARN] [1785944700.342422994] [BehaviorTreeEngine]: Behavior Tree tick rate 100.00 was exceeded!
[bt_navigator-5] [WARN] [1785944700.344725957] [BehaviorTreeEngine]: Behavior Tree tick rate 100.00 was exceeded!
[controller_server-1] [INFO] [1785944700.792751989] [controller_server]: Passing new path to controller.
[controller_server-1] [INFO] [1785944701.792801928] [controller_server]: Passing new path to controller.
[controller_server-1] [INFO] [1785944702.842894054] [controller_server]: Passing new path to controller.
[controller_server-1] [INFO] [1785944703.842741694] [controller_server]: Passing new path to controller.
[controller_server-1] [INFO] [1785944704.892813699] [controller_server]: Passing new path to controller.
[controller_server-1] [WARN] [1785944705.697666413] [controller_server]: No valid trajectories out of 251! 
[controller_server-1] [WARN] [1785944705.746097302] [controller_server]: No valid trajectories out of 251! 
[controller_server-1] [WARN] [1785944705.797888286] [controller_server]: No valid trajectories out of 251! 
[controller_server-1] [WARN] [1785944705.848869310] [controller_server]: No valid trajectories out of 251! 
[controller_server-1] [INFO] [1785944705.892949840] [controller_server]: Passing new path to controller.
[controller_server-1] [WARN] [1785944706.098588960] [controller_server]: No valid trajectories out of 251! 
[controller_server-1] [WARN] [1785944706.146965237] [controller_server]: No valid trajectories out of 251! 
[controller_server-1] [WARN] [1785944706.196642241] [controller_server]: No valid trajectories out of 251! 
[controller_server-1] [WARN] [1785944706.247239491] [controller_server]: No valid trajectories out of 251! 
[controller_server-1] [WARN] [1785944706.304113401] [controller_server]: No valid trajectories out of 251! 
[controller_server-1] [WARN] [1785944706.350404357] [controller_server]: No valid trajectories out of 251! 
[controller_server-1] [ERROR] [1785944706.350500844] [controller_server]: Controller patience exceeded
[controller_server-1] [WARN] [1785944706.350594698] [controller_server]: [follow_path] [ActionServer] Aborting handle.
[controller_server-1] [INFO] [1785944706.364591430] [local_costmap.local_costmap]: Received request to clear entirely the local_costmap
[controller_server-1] [INFO] [1785944706.366358768] [controller_server]: Received a goal, begin computing control effort.
[controller_server-1] [WARN] [1785944706.501730071] [controller_server]: No valid trajectories out of 251! 
[controller_server-1] [WARN] [1785944706.501940444] [controller_server]: Control loop missed its desired rate of 20.0000Hz
[controller_server-1] [WARN] [1785944706.509650706] [controller_server]: No valid trajectories out of 251! 
[controller_server-1] [WARN] [1785944706.566512309] [controller_server]: No valid trajectories out of 251! 
[controller_server-1] [WARN] [1785944706.620867773] [controller_server]: No valid trajectories out of 251! 
[controller_server-1] [WARN] [1785944706.678806345] [controller_server]: No valid trajectories out of 251! 
[controller_server-1] [ERROR] [1785944706.678898727] [controller_server]: Controller patience exceeded
[controller_server-1] [WARN] [1785944706.678972306] [controller_server]: [follow_path] [ActionServer] Aborting handle.
[behavior_server-4] [INFO] [1785944706.695000896] [behavior_server]: Running spin
[behavior_server-4] [INFO] [1785944706.695267190] [behavior_server]: Turning 1.57 for spin behavior.
[behavior_server-4] [WARN] [1785944706.798962273] [behavior_server]: Collision Ahead - Exiting Spin
[behavior_server-4] [WARN] [1785944706.799018150] [behavior_server]: spin failed
[behavior_server-4] [WARN] [1785944706.799036430] [behavior_server]: [spin] [ActionServer] Aborting handle.
[behavior_server-4] [INFO] [1785944706.825635534] [behavior_server]: Running wait
[bt_navigator-5] [WARN] [1785944709.611456132] [BehaviorTreeEngine]: Behavior Tree tick rate 100.00 was exceeded!
[bt_navigator-5] [WARN] [1785944709.975343585] [BehaviorTreeEngine]: Behavior Tree tick rate 100.00 was exceeded!
[behavior_server-4] [INFO] [1785944711.827259524] [behavior_server]: wait completed successfully
[controller_server-1] [INFO] [1785944711.873611514] [controller_server]: Received a goal, begin computing control effort.
[controller_server-1] [INFO] [1785944712.923999648] [controller_server]: Passing new path to controller.
[controller_server-1] [WARN] [1785944712.928667114] [controller_server]: No valid trajectories out of 251! 
[controller_server-1] [INFO] [1785944713.973971547] [controller_server]: Passing new path to controller.
[controller_server-1] [INFO] [1785944714.975238059] [controller_server]: Passing new path to controller.
[controller_server-1] [INFO] [1785944716.023996838] [controller_server]: Passing new path to controller.
[bt_navigator-5] [WARN] [1785944716.794743812] [BehaviorTreeEngine]: Behavior Tree tick rate 100.00 was exceeded!
[controller_server-1] [INFO] [1785944717.025053306] [controller_server]: Passing new path to controller.
[bt_navigator-5] [WARN] [1785944717.201698838] [BehaviorTreeEngine]: Behavior Tree tick rate 100.00 was exceeded!
[bt_navigator-5] [WARN] [1785944717.257772475] [BehaviorTreeEngine]: Behavior Tree tick rate 100.00 was exceeded!
[controller_server-1] [WARN] [1785944717.336392443] [controller_server]: No valid trajectories out of 251! 
[controller_server-1] [WARN] [1785944717.381049657] [controller_server]: No valid trajectories out of 251! 
[controller_server-1] [WARN] [1785944717.428015149] [controller_server]: No valid trajectories out of 251! 
[controller_server-1] [WARN] [1785944717.477645659] [controller_server]: No valid trajectories out of 251! 
[controller_server-1] [WARN] [1785944717.526564465] [controller_server]: No valid trajectories out of 251! 
[controller_server-1] [WARN] [1785944717.581432608] [controller_server]: No valid trajectories out of 251! 
[controller_server-1] [WARN] [1785944717.630719963] [controller_server]: No valid trajectories out of 251! 
[controller_server-1] [ERROR] [1785944717.630822068] [controller_server]: Controller patience exceeded
[controller_server-1] [WARN] [1785944717.630932607] [controller_server]: [follow_path] [ActionServer] Aborting handle.
[controller_server-1] [INFO] [1785944717.648620209] [local_costmap.local_costmap]: Received request to clear entirely the local_costmap
[controller_server-1] [INFO] [1785944717.650578355] [controller_server]: Received a goal, begin computing control effort.
[controller_server-1] [WARN] [1785944717.694946191] [controller_server]: No valid trajectories out of 251! 
[controller_server-1] [WARN] [1785944717.706432685] [controller_server]: No valid trajectories out of 251! 
[controller_server-1] [WARN] [1785944717.756144356] [controller_server]: No valid trajectories out of 251! 
[controller_server-1] [WARN] [1785944717.812239659] [controller_server]: No valid trajectories out of 251! 
[controller_server-1] [WARN] [1785944717.870345658] [controller_server]: No valid trajectories out of 251! 
[controller_server-1] [WARN] [1785944717.919455258] [controller_server]: No valid trajectories out of 251! 
[controller_server-1] [WARN] [1785944717.959413190] [controller_server]: No valid trajectories out of 251! 
[controller_server-1] [ERROR] [1785944717.960148523] [controller_server]: Controller patience exceeded
[controller_server-1] [WARN] [1785944717.960613906] [controller_server]: [follow_path] [ActionServer] Aborting handle.
[behavior_server-4] [INFO] [1785944717.978342573] [behavior_server]: Running backup
[behavior_server-4] [ERROR] [1785944717.978590184] [behavior_server]: Pose Goes Off Grid.
[behavior_server-4] [WARN] [1785944717.978670011] [behavior_server]: Collision Ahead - Exiting DriveOnHeading
[behavior_server-4] [WARN] [1785944717.978685960] [behavior_server]: backup failed
[behavior_server-4] [WARN] [1785944717.978699148] [behavior_server]: [backup] [ActionServer] Aborting handle.
[controller_server-1] [INFO] [1785944718.008570217] [local_costmap.local_costmap]: Received request to clear entirely the local_costmap
[planner_server-3] [INFO] [1785944718.010007416] [global_costmap.global_costmap]: Received request to clear entirely the global_costmap
[bt_navigator-5] [WARN] [1785944718.021882855] [BehaviorTreeEngine]: Behavior Tree tick rate 100.00 was exceeded!
[controller_server-1] [INFO] [1785944718.340022577] [controller_server]: Received a goal, begin computing control effort.
[controller_server-1] [WARN] [1785944718.344673255] [controller_server]: No valid trajectories out of 251! 
[controller_server-1] [WARN] [1785944718.398387775] [controller_server]: No valid trajectories out of 251! 
[controller_server-1] [WARN] [1785944718.444316650] [controller_server]: No valid trajectories out of 251! 
[controller_server-1] [WARN] [1785944718.496407588] [controller_server]: No valid trajectories out of 251! 
[controller_server-1] [WARN] [1785944718.547064445] [controller_server]: No valid trajectories out of 251! 
[bt_navigator-5] [WARN] [1785944719.297870755] [BehaviorTreeEngine]: Behavior Tree tick rate 100.00 was exceeded!
[bt_navigator-5] [WARN] [1785944719.315701028] [BehaviorTreeEngine]: Behavior Tree tick rate 100.00 was exceeded!
[bt_navigator-5] [WARN] [1785944719.369597851] [BehaviorTreeEngine]: Behavior Tree tick rate 100.00 was exceeded!
[bt_navigator-5] [WARN] [1785944719.390727757] [bt_navigator_navigate_to_pose_rclcpp_node]: Timed out while waiting for action server to acknowledge goal request for compute_path_to_pose
[planner_server-3] [INFO] [1785944719.404015429] [global_costmap.global_costmap]: Received request to clear entirely the global_costmap
[bt_navigator-5] [WARN] [1785944719.406767082] [BehaviorTreeEngine]: Behavior Tree tick rate 100.00 was exceeded!
[planner_server-3] [WARN] [1785944720.316355555] [planner_server]: Planner loop missed its desired rate of 2.0000 Hz. Current loop rate is 1.1096 Hz
[controller_server-1] [INFO] [1785944720.340384448] [controller_server]: Passing new path to controller.
[controller_server-1] [INFO] [1785944721.391288043] [controller_server]: Passing new path to controller.
[controller_server-1] [INFO] [1785944722.440385659] [controller_server]: Passing new path to controller.
[bt_navigator-5] [WARN] [1785944723.073860293] [BehaviorTreeEngine]: Behavior Tree tick rate 100.00 was exceeded!
[controller_server-1] [WARN] [1785944723.102040874] [controller_server]: No valid trajectories out of 251! 
[controller_server-1] [WARN] [1785944723.150185240] [controller_server]: No valid trajectories out of 251! 
[controller_server-1] [WARN] [1785944723.198514854] [controller_server]: No valid trajectories out of 251! 
[controller_server-1] [WARN] [1785944723.246457120] [controller_server]: No valid trajectories out of 251! 
[controller_server-1] [WARN] [1785944723.298383439] [controller_server]: No valid trajectories out of 251! 
[controller_server-1] [WARN] [1785944723.344660004] [controller_server]: No valid trajectories out of 251! 
[controller_server-1] [WARN] [1785944723.399492559] [controller_server]: No valid trajectories out of 251! 
[controller_server-1] [ERROR] [1785944723.399566069] [controller_server]: Controller patience exceeded
[controller_server-1] [WARN] [1785944723.399642797] [controller_server]: [follow_path] [ActionServer] Aborting handle.
[controller_server-1] [INFO] [1785944723.415400966] [local_costmap.local_costmap]: Received request to clear entirely the local_costmap
[controller_server-1] [INFO] [1785944723.417690012] [controller_server]: Received a goal, begin computing control effort.
[controller_server-1] [INFO] [1785944723.499039995] [controller_server]: Passing new path to controller.
[controller_server-1] [WARN] [1785944723.511370850] [controller_server]: Control loop missed its desired rate of 20.0000Hz
[controller_server-1] [WARN] [1785944723.525542494] [controller_server]: Control loop missed its desired rate of 20.0000Hz
[controller_server-1] [WARN] [1785944723.936302197] [controller_server]: No valid trajectories out of 251! 
[controller_server-1] [WARN] [1785944723.976365448] [controller_server]: No valid trajectories out of 251! 
[controller_server-1] [WARN] [1785944724.025383846] [controller_server]: No valid trajectories out of 251! 
[controller_server-1] [WARN] [1785944724.072996638] [controller_server]: No valid trajectories out of 251! 
[controller_server-1] [WARN] [1785944724.128998498] [controller_server]: No valid trajectories out of 251! 
[controller_server-1] [INFO] [1785944724.468338225] [controller_server]: Passing new path to controller.
[bt_navigator-5] [WARN] [1785944724.702397070] [BehaviorTreeEngine]: Behavior Tree tick rate 100.00 was exceeded!
[bt_navigator-5] [WARN] [1785944725.496147427] [BehaviorTreeEngine]: Behavior Tree tick rate 100.00 was exceeded!
[controller_server-1] [INFO] [1785944725.521872463] [controller_server]: Passing new path to controller.
[bt_navigator-5] [WARN] [1785944725.682955602] [BehaviorTreeEngine]: Behavior Tree tick rate 100.00 was exceeded!
[bt_navigator-5] [WARN] [1785944726.427766316] [BehaviorTreeEngine]: Behavior Tree tick rate 100.00 was exceeded!
[bt_navigator-5] [WARN] [1785944726.461959732] [BehaviorTreeEngine]: Behavior Tree tick rate 100.00 was exceeded!
[bt_navigator-5] [WARN] [1785944726.540143137] [BehaviorTreeEngine]: Behavior Tree tick rate 100.00 was exceeded!
[controller_server-1] [INFO] [1785944726.569474401] [controller_server]: Passing new path to controller.
[bt_navigator-5] [WARN] [1785944726.832779073] [BehaviorTreeEngine]: Behavior Tree tick rate 100.00 was exceeded!
[bt_navigator-5] [WARN] [1785944726.840568466] [BehaviorTreeEngine]: Behavior Tree tick rate 100.00 was exceeded!
[bt_navigator-5] [WARN] [1785944727.435411193] [BehaviorTreeEngine]: Behavior Tree tick rate 100.00 was exceeded!
[bt_navigator-5] [WARN] [1785944727.549561525] [BehaviorTreeEngine]: Behavior Tree tick rate 100.00 was exceeded!
[controller_server-1] [INFO] [1785944727.618471177] [controller_server]: Passing new path to controller.
[bt_navigator-5] [WARN] [1785944727.782588728] [BehaviorTreeEngine]: Behavior Tree tick rate 100.00 was exceeded!
[bt_navigator-5] [WARN] [1785944727.785946947] [BehaviorTreeEngine]: Behavior Tree tick rate 100.00 was exceeded!
[bt_navigator-5] [WARN] [1785944727.996397688] [BehaviorTreeEngine]: Behavior Tree tick rate 100.00 was exceeded!
[bt_navigator-5] [WARN] [1785944728.266437017] [BehaviorTreeEngine]: Behavior Tree tick rate 100.00 was exceeded!
[bt_navigator-5] [WARN] [1785944728.414736914] [BehaviorTreeEngine]: Behavior Tree tick rate 100.00 was exceeded!
[bt_navigator-5] [WARN] [1785944728.511270725] [BehaviorTreeEngine]: Behavior Tree tick rate 100.00 was exceeded!
[controller_server-1] [INFO] [1785944728.618290773] [controller_server]: Passing new path to controller.
[bt_navigator-5] [WARN] [1785944728.686326851] [BehaviorTreeEngine]: Behavior Tree tick rate 100.00 was exceeded!
[bt_navigator-5] [WARN] [1785944728.687559458] [BehaviorTreeEngine]: Behavior Tree tick rate 100.00 was exceeded!
[bt_navigator-5] [WARN] [1785944728.706986026] [BehaviorTreeEngine]: Behavior Tree tick rate 100.00 was exceeded!
[bt_navigator-5] [WARN] [1785944729.128298604] [BehaviorTreeEngine]: Behavior Tree tick rate 100.00 was exceeded!
[bt_navigator-5] [WARN] [1785944729.419827579] [BehaviorTreeEngine]: Behavior Tree tick rate 100.00 was exceeded!
[bt_navigator-5] [WARN] [1785944729.445882002] [BehaviorTreeEngine]: Behavior Tree tick rate 100.00 was exceeded!
[bt_navigator-5] [WARN] [1785944729.467357534] [BehaviorTreeEngine]: Behavior Tree tick rate 100.00 was exceeded!
[bt_navigator-5] [WARN] [1785944729.525816859] [BehaviorTreeEngine]: Behavior Tree tick rate 100.00 was exceeded!
[bt_navigator-5] [WARN] [1785944729.577861927] [BehaviorTreeEngine]: Behavior Tree tick rate 100.00 was exceeded!
[planner_server-3] [WARN] [1785944729.613766556] [planner_server]: GridBased: failed to create plan with tolerance 0.50.
[planner_server-3] [WARN] [1785944729.614623943] [planner_server]: Planning algorithm GridBased failed to generate a valid path to (5.50, 0.30)
[planner_server-3] [WARN] [1785944729.615033637] [planner_server]: [compute_path_to_pose] [ActionServer] Aborting handle.
[planner_server-3] [INFO] [1785944729.639355311] [global_costmap.global_costmap]: Received request to clear entirely the global_costmap
[bt_navigator-5] [WARN] [1785944729.646340308] [BehaviorTreeEngine]: Behavior Tree tick rate 100.00 was exceeded!
[bt_navigator-5] [WARN] [1785944729.660647052] [BehaviorTreeEngine]: Behavior Tree tick rate 100.00 was exceeded!
[bt_navigator-5] [WARN] [1785944729.761245349] [BehaviorTreeEngine]: Behavior Tree tick rate 100.00 was exceeded!
[planner_server-3] [WARN] [1785944730.321890242] [planner_server]: Planner loop missed its desired rate of 2.0000 Hz. Current loop rate is 1.5101 Hz
[controller_server-1] [INFO] [1785944730.368232237] [controller_server]: Passing new path to controller.
[controller_server-1] [WARN] [1785944730.530347520] [controller_server]: No valid trajectories out of 251! 
[controller_server-1] [WARN] [1785944730.571667580] [controller_server]: No valid trajectories out of 251! 
[controller_server-1] [WARN] [1785944730.624633771] [controller_server]: No valid trajectories out of 251! 
[controller_server-1] [WARN] [1785944730.671178249] [controller_server]: No valid trajectories out of 251! 
[controller_server-1] [WARN] [1785944730.725457261] [controller_server]: No valid trajectories out of 251! 
[controller_server-1] [WARN] [1785944730.771575224] [controller_server]: No valid trajectories out of 251! 
[controller_server-1] [WARN] [1785944730.821328767] [controller_server]: No valid trajectories out of 251! 
[controller_server-1] [ERROR] [1785944730.823571302] [controller_server]: Controller patience exceeded
[controller_server-1] [WARN] [1785944730.823728162] [controller_server]: [follow_path] [ActionServer] Aborting handle.
[behavior_server-4] [INFO] [1785944730.842417829] [behavior_server]: Running spin
[behavior_server-4] [INFO] [1785944730.842541948] [behavior_server]: Turning 1.57 for spin behavior.
[behavior_server-4] [WARN] [1785944730.946166035] [behavior_server]: Collision Ahead - Exiting Spin
[behavior_server-4] [WARN] [1785944730.946247936] [behavior_server]: spin failed
[behavior_server-4] [WARN] [1785944730.946333035] [behavior_server]: [spin] [ActionServer] Aborting handle.
[behavior_server-4] [INFO] [1785944730.972581403] [behavior_server]: Running wait
[bt_navigator-5] [WARN] [1785944731.086525966] [BehaviorTreeEngine]: Behavior Tree tick rate 100.00 was exceeded!
[bt_navigator-5] [WARN] [1785944731.135064361] [BehaviorTreeEngine]: Behavior Tree tick rate 100.00 was exceeded!
[bt_navigator-5] [WARN] [1785944732.184890322] [BehaviorTreeEngine]: Behavior Tree tick rate 100.00 was exceeded!
[bt_navigator-5] [WARN] [1785944732.642484142] [BehaviorTreeEngine]: Behavior Tree tick rate 100.00 was exceeded!
[bt_navigator-5] [WARN] [1785944735.193634015] [BehaviorTreeEngine]: Behavior Tree tick rate 100.00 was exceeded!
[bt_navigator-5] [WARN] [1785944735.458953713] [BehaviorTreeEngine]: Behavior Tree tick rate 100.00 was exceeded!
[bt_navigator-5] [WARN] [1785944735.506585469] [BehaviorTreeEngine]: Behavior Tree tick rate 100.00 was exceeded!
[behavior_server-4] [INFO] [1785944735.973982253] [behavior_server]: wait completed successfully
[controller_server-1] [INFO] [1785944736.020125711] [controller_server]: Received a goal, begin computing control effort.
[controller_server-1] [WARN] [1785944736.125032153] [controller_server]: No valid trajectories out of 251! 
[controller_server-1] [WARN] [1785944736.174033779] [controller_server]: No valid trajectories out of 251! 
[controller_server-1] [WARN] [1785944736.225635380] [controller_server]: No valid trajectories out of 251! 
[controller_server-1] [WARN] [1785944736.275472400] [controller_server]: No valid trajectories out of 251! 
[controller_server-1] [WARN] [1785944736.326191008] [controller_server]: No valid trajectories out of 251! 
[controller_server-1] [WARN] [1785944736.375429609] [controller_server]: No valid trajectories out of 251! 
[controller_server-1] [INFO] [1785944737.070512622] [controller_server]: Passing new path to controller.
[controller_server-1] [INFO] [1785944738.120488863] [controller_server]: Passing new path to controller.
[controller_server-1] [INFO] [1785944739.120581170] [controller_server]: Passing new path to controller.
[controller_server-1] [INFO] [1785944740.170493344] [controller_server]: Passing new path to controller.
[controller_server-1] [WARN] [1785944741.126082421] [controller_server]: No valid trajectories out of 251! 
[controller_server-1] [INFO] [1785944741.170492566] [controller_server]: Passing new path to controller.
[controller_server-1] [WARN] [1785944741.177501647] [controller_server]: No valid trajectories out of 251! 
[controller_server-1] [WARN] [1785944741.227356241] [controller_server]: No valid trajectories out of 251! 
[controller_server-1] [WARN] [1785944741.275186125] [controller_server]: No valid trajectories out of 251! 
[controller_server-1] [WARN] [1785944741.726212511] [controller_server]: No valid trajectories out of 251! 
[controller_server-1] [WARN] [1785944741.775473989] [controller_server]: No valid trajectories out of 251! 
[controller_server-1] [WARN] [1785944741.824012511] [controller_server]: No valid trajectories out of 251! 
[controller_server-1] [WARN] [1785944741.876119186] [controller_server]: No valid trajectories out of 251! 
[controller_server-1] [INFO] [1785944742.221591689] [controller_server]: Passing new path to controller.
[controller_server-1] [INFO] [1785944743.220461972] [controller_server]: Passing new path to controller.
[controller_server-1] [INFO] [1785944744.270577287] [controller_server]: Passing new path to controller.
[controller_server-1] [INFO] [1785944745.320494502] [controller_server]: Passing new path to controller.
[bt_navigator-5] [WARN] [1785944745.354214558] [BehaviorTreeEngine]: Behavior Tree tick rate 100.00 was exceeded!
[bt_navigator-5] [WARN] [1785944745.434829853] [BehaviorTreeEngine]: Behavior Tree tick rate 100.00 was exceeded!
[bt_navigator-5] [WARN] [1785944745.567787059] [BehaviorTreeEngine]: Behavior Tree tick rate 100.00 was exceeded!
[bt_navigator-5] [WARN] [1785944746.130850194] [BehaviorTreeEngine]: Behavior Tree tick rate 100.00 was exceeded!
[bt_navigator-5] [WARN] [1785944746.211751530] [BehaviorTreeEngine]: Behavior Tree tick rate 100.00 was exceeded!
[bt_navigator-5] [WARN] [1785944746.260473010] [BehaviorTreeEngine]: Behavior Tree tick rate 100.00 was exceeded!
[bt_navigator-5] [WARN] [1785944746.265957099] [BehaviorTreeEngine]: Behavior Tree tick rate 100.00 was exceeded!
[controller_server-1] [INFO] [1785944746.320502659] [controller_server]: Passing new path to controller.
[controller_server-1] [INFO] [1785944747.370513426] [controller_server]: Passing new path to controller.
[bt_navigator-5] [WARN] [1785944747.539304291] [BehaviorTreeEngine]: Behavior Tree tick rate 100.00 was exceeded!
[bt_navigator-5] [WARN] [1785944747.555815420] [BehaviorTreeEngine]: Behavior Tree tick rate 100.00 was exceeded!
[bt_navigator-5] [WARN] [1785944747.634664942] [BehaviorTreeEngine]: Behavior Tree tick rate 100.00 was exceeded!
[bt_navigator-5] [WARN] [1785944747.690455587] [BehaviorTreeEngine]: Behavior Tree tick rate 100.00 was exceeded!
[bt_navigator-5] [WARN] [1785944747.722284234] [BehaviorTreeEngine]: Behavior Tree tick rate 100.00 was exceeded!
[controller_server-1] [WARN] [1785944747.732501830] [controller_server]: No valid trajectories out of 251! 
[controller_server-1] [WARN] [1785944747.785270077] [controller_server]: No valid trajectories out of 251! 
[controller_server-1] [WARN] [1785944747.828601352] [controller_server]: No valid trajectories out of 251! 
[controller_server-1] [WARN] [1785944747.878139310] [controller_server]: No valid trajectories out of 251! 
[controller_server-1] [INFO] [1785944748.370836706] [controller_server]: Passing new path to controller.
[controller_server-1] [WARN] [1785944748.478886065] [controller_server]: No valid trajectories out of 251! 
[controller_server-1] [WARN] [1785944748.527217568] [controller_server]: No valid trajectories out of 251! 
[controller_server-1] [WARN] [1785944748.574613615] [controller_server]: No valid trajectories out of 251! 
[controller_server-1] [WARN] [1785944748.628580557] [controller_server]: No valid trajectories out of 251! 
[controller_server-1] [WARN] [1785944748.675830828] [controller_server]: No valid trajectories out of 251! 
[controller_server-1] [WARN] [1785944748.725059698] [controller_server]: No valid trajectories out of 251! 
[controller_server-1] [WARN] [1785944748.775707577] [controller_server]: No valid trajectories out of 251! 
[controller_server-1] [ERROR] [1785944748.775874263] [controller_server]: Controller patience exceeded
[controller_server-1] [WARN] [1785944748.776067724] [controller_server]: [follow_path] [ActionServer] Aborting handle.
[controller_server-1] [INFO] [1785944748.795031326] [local_costmap.local_costmap]: Received request to clear entirely the local_costmap
[controller_server-1] [INFO] [1785944748.799237774] [controller_server]: Received a goal, begin computing control effort.
[controller_server-1] [WARN] [1785944748.899375079] [controller_server]: No valid trajectories out of 251! 
[controller_server-1] [WARN] [1785944748.899870602] [controller_server]: Control loop missed its desired rate of 20.0000Hz
[controller_server-1] [WARN] [1785944748.908803380] [controller_server]: No valid trajectories out of 251! 
[bt_navigator-5] [WARN] [1785944748.913920077] [BehaviorTreeEngine]: Behavior Tree tick rate 100.00 was exceeded!
[controller_server-1] [WARN] [1785944748.966227110] [controller_server]: No valid trajectories out of 251! 
[controller_server-1] [WARN] [1785944749.028574115] [controller_server]: No valid trajectories out of 251! 
[controller_server-1] [WARN] [1785944749.082321461] [controller_server]: No valid trajectories out of 251! 
[controller_server-1] [WARN] [1785944749.138755203] [controller_server]: No valid trajectories out of 251! 
[controller_server-1] [ERROR] [1785944749.138807864] [controller_server]: Controller patience exceeded
[controller_server-1] [WARN] [1785944749.139326583] [controller_server]: [follow_path] [ActionServer] Aborting handle.
[behavior_server-4] [INFO] [1785944749.153667294] [behavior_server]: Running backup
[behavior_server-4] [WARN] [1785944749.154485246] [behavior_server]: Collision Ahead - Exiting DriveOnHeading
[behavior_server-4] [WARN] [1785944749.154536817] [behavior_server]: backup failed
[behavior_server-4] [WARN] [1785944749.154550598] [behavior_server]: [backup] [ActionServer] Aborting handle.
[controller_server-1] [INFO] [1785944749.183434497] [local_costmap.local_costmap]: Received request to clear entirely the local_costmap
[planner_server-3] [INFO] [1785944749.183966693] [global_costmap.global_costmap]: Received request to clear entirely the global_costmap
[controller_server-1] [INFO] [1785944749.327239961] [controller_server]: Received a goal, begin computing control effort.
[controller_server-1] [WARN] [1785944749.334613035] [controller_server]: No valid trajectories out of 251! 
[controller_server-1] [WARN] [1785944749.380691802] [controller_server]: No valid trajectories out of 251! 
[controller_server-1] [WARN] [1785944749.430164172] [controller_server]: No valid trajectories out of 251! 
[controller_server-1] [WARN] [1785944749.480750885] [controller_server]: No valid trajectories out of 251! 
[controller_server-1] [WARN] [1785944749.533765835] [controller_server]: No valid trajectories out of 251! 
[controller_server-1] [WARN] [1785944749.581418733] [controller_server]: No valid trajectories out of 251! 
[controller_server-1] [WARN] [1785944749.630557272] [controller_server]: No valid trajectories out of 251! 
[controller_server-1] [ERROR] [1785944749.630633492] [controller_server]: Controller patience exceeded
[controller_server-1] [WARN] [1785944749.630883968] [controller_server]: [follow_path] [ActionServer] Aborting handle.
[controller_server-1] [INFO] [1785944749.644085720] [local_costmap.local_costmap]: Received request to clear entirely the local_costmap
[controller_server-1] [INFO] [1785944749.645501308] [controller_server]: Received a goal, begin computing control effort.
[controller_server-1] [WARN] [1785944749.701456543] [controller_server]: No valid trajectories out of 251! 
[controller_server-1] [WARN] [1785944749.701881401] [controller_server]: Control loop missed its desired rate of 20.0000Hz
[controller_server-1] [WARN] [1785944749.708989831] [controller_server]: No valid trajectories out of 251! 
[controller_server-1] [WARN] [1785944749.750590090] [controller_server]: No valid trajectories out of 251! 
[controller_server-1] [WARN] [1785944749.802102701] [controller_server]: No valid trajectories out of 251! 
[controller_server-1] [WARN] [1785944749.850704983] [controller_server]: No valid trajectories out of 251! 
[controller_server-1] [INFO] [1785944750.395807947] [controller_server]: Passing new path to controller.
[controller_server-1] [INFO] [1785944751.395832641] [controller_server]: Passing new path to controller.
[controller_server-1] [INFO] [1785944752.447519302] [controller_server]: Passing new path to controller.
[bt_navigator-5] [WARN] [1785944752.738665042] [BehaviorTreeEngine]: Behavior Tree tick rate 100.00 was exceeded!
[controller_server-1] [INFO] [1785944753.495777060] [controller_server]: Passing new path to controller.
[controller_server-1] [INFO] [1785944754.495827668] [controller_server]: Passing new path to controller.
[controller_server-1] [INFO] [1785944755.545764667] [controller_server]: Passing new path to controller.
[bt_navigator-5] [WARN] [1785944755.908938244] [BehaviorTreeEngine]: Behavior Tree tick rate 100.00 was exceeded!
[bt_navigator-5] [WARN] [1785944756.319079100] [BehaviorTreeEngine]: Behavior Tree tick rate 100.00 was exceeded!
[controller_server-1] [INFO] [1785944756.545835268] [controller_server]: Passing new path to controller.
[bt_navigator-5] [WARN] [1785944757.562946082] [BehaviorTreeEngine]: Behavior Tree tick rate 100.00 was exceeded!
[controller_server-1] [INFO] [1785944757.578574990] [controller_server]: Passing new path to controller.
[bt_navigator-5] [WARN] [1785944758.115890012] [BehaviorTreeEngine]: Behavior Tree tick rate 100.00 was exceeded!
[controller_server-1] [INFO] [1785944758.595861905] [controller_server]: Passing new path to controller.
[controller_server-1] [INFO] [1785944759.645759973] [controller_server]: Passing new path to controller.
[controller_server-1] [INFO] [1785944760.696162336] [controller_server]: Passing new path to controller.
[controller_server-1] [INFO] [1785944761.695761641] [controller_server]: Passing new path to controller.
[controller_server-1] [INFO] [1785944762.745819226] [controller_server]: Passing new path to controller.
[controller_server-1] [INFO] [1785944763.745855398] [controller_server]: Passing new path to controller.
[controller_server-1] [INFO] [1785944764.795779046] [controller_server]: Passing new path to controller.
[bt_navigator-5] [WARN] [1785944764.978028229] [BehaviorTreeEngine]: Behavior Tree tick rate 100.00 was exceeded!
[bt_navigator-5] [WARN] [1785944764.993763461] [BehaviorTreeEngine]: Behavior Tree tick rate 100.00 was exceeded!
[bt_navigator-5] [WARN] [1785944765.010561845] [BehaviorTreeEngine]: Behavior Tree tick rate 100.00 was exceeded!
[controller_server-1] [INFO] [1785944765.795775687] [controller_server]: Passing new path to controller.
[bt_navigator-5] [WARN] [1785944765.813868661] [BehaviorTreeEngine]: Behavior Tree tick rate 100.00 was exceeded!
[bt_navigator-5] [WARN] [1785944766.672838683] [BehaviorTreeEngine]: Behavior Tree tick rate 100.00 was exceeded!
[bt_navigator-5] [WARN] [1785944766.721761510] [BehaviorTreeEngine]: Behavior Tree tick rate 100.00 was exceeded!
[bt_navigator-5] [WARN] [1785944766.723131261] [BehaviorTreeEngine]: Behavior Tree tick rate 100.00 was exceeded!
[bt_navigator-5] [WARN] [1785944766.769895243] [BehaviorTreeEngine]: Behavior Tree tick rate 100.00 was exceeded!
[bt_navigator-5] [WARN] [1785944766.814958178] [BehaviorTreeEngine]: Behavior Tree tick rate 100.00 was exceeded!
[controller_server-1] [INFO] [1785944766.845817231] [controller_server]: Passing new path to controller.
[controller_server-1] [INFO] [1785944767.895853071] [controller_server]: Passing new path to controller.
[controller_server-1] [INFO] [1785944768.945773330] [controller_server]: Passing new path to controller.
[controller_server-1] [INFO] [1785944769.945837574] [controller_server]: Passing new path to controller.
[controller_server-1] [INFO] [1785944770.995770464] [controller_server]: Passing new path to controller.
[controller_server-1] [WARN] [1785944771.849515679] [controller_server]: No valid trajectories out of 251! 
[controller_server-1] [WARN] [1785944771.899245262] [controller_server]: No valid trajectories out of 251! 
[controller_server-1] [WARN] [1785944771.948612491] [controller_server]: No valid trajectories out of 251! 
[controller_server-1] [WARN] [1785944772.000473547] [controller_server]: No valid trajectories out of 251! 
[controller_server-1] [INFO] [1785944772.045865617] [controller_server]: Passing new path to controller.
[controller_server-1] [WARN] [1785944772.051428313] [controller_server]: No valid trajectories out of 251! 
[controller_server-1] [WARN] [1785944772.099048608] [controller_server]: No valid trajectories out of 251! 
[controller_server-1] [WARN] [1785944772.150356277] [controller_server]: No valid trajectories out of 251! 
[controller_server-1] [ERROR] [1785944772.151218400] [controller_server]: Controller patience exceeded
[controller_server-1] [WARN] [1785944772.151350210] [controller_server]: [follow_path] [ActionServer] Aborting handle.
[bt_navigator-5] [WARN] [1785944772.180044306] [bt_navigator]: [navigate_to_pose] [ActionServer] Aborting handle.
[bt_navigator-5] [ERROR] [1785944772.180494817] [bt_navigator]: Goal failed
[bt_navigator-5] [INFO] [1785944777.571315290] [bt_navigator]: Begin navigating from current location (-4.19, 1.75) to (0.00, 0.50)
[bt_navigator-5] [WARN] [1785944777.586149426] [BehaviorTreeEngine]: Behavior Tree tick rate 100.00 was exceeded!
[bt_navigator-5] [WARN] [1785944777.601377756] [BehaviorTreeEngine]: Behavior Tree tick rate 100.00 was exceeded!
[bt_navigator-5] [WARN] [1785944777.601429269] [bt_navigator_navigate_to_pose_rclcpp_node]: Timed out while waiting for action server to acknowledge goal request for compute_path_to_pose
[bt_navigator-5] [WARN] [1785944777.617311833] [BehaviorTreeEngine]: Behavior Tree tick rate 100.00 was exceeded!
[bt_navigator-5] [WARN] [1785944777.626009907] [bt_navigator_navigate_to_pose_rclcpp_node]: Node timed out while executing service call to global_costmap/clear_entirely_global_costmap.
[bt_navigator-5] [WARN] [1785944777.648827720] [bt_navigator_navigate_to_pose_rclcpp_node]: Timed out while waiting for action server to acknowledge goal request for spin
[bt_navigator-5] [WARN] [1785944777.663011407] [BehaviorTreeEngine]: Behavior Tree tick rate 100.00 was exceeded!
[planner_server-3] [INFO] [1785944777.626356788] [global_costmap.global_costmap]: Received request to clear entirely the global_costmap
[behavior_server-4] [INFO] [1785944777.630348719] [behavior_server]: Running spin
[behavior_server-4] [INFO] [1785944777.630487432] [behavior_server]: Turning 1.57 for spin behavior.
[behavior_server-4] [INFO] [1785944777.666525063] [behavior_server]: Running wait
[behavior_server-4] [ERROR] [1785944777.730898235] [behavior_server]: Pose Goes Off Grid.
[behavior_server-4] [WARN] [1785944777.737255463] [behavior_server]: Collision Ahead - Exiting Spin
[behavior_server-4] [WARN] [1785944777.737333735] [behavior_server]: spin failed
[behavior_server-4] [WARN] [1785944777.737357369] [behavior_server]: [spin] [ActionServer] Aborting handle.
[bt_navigator-5] [WARN] [1785944778.231429768] [BehaviorTreeEngine]: Behavior Tree tick rate 100.00 was exceeded!
[planner_server-3] [WARN] [1785944778.312812088] [planner_server]: Planner loop missed its desired rate of 2.0000 Hz. Current loop rate is 1.4843 Hz
[bt_navigator-5] [WARN] [1785944778.622867716] [BehaviorTreeEngine]: Behavior Tree tick rate 100.00 was exceeded!
[bt_navigator-5] [WARN] [1785944779.022667806] [BehaviorTreeEngine]: Behavior Tree tick rate 100.00 was exceeded!
[bt_navigator-5] [WARN] [1785944779.031537773] [BehaviorTreeEngine]: Behavior Tree tick rate 100.00 was exceeded!
[bt_navigator-5] [WARN] [1785944779.898000620] [BehaviorTreeEngine]: Behavior Tree tick rate 100.00 was exceeded!
[bt_navigator-5] [WARN] [1785944779.961451234] [BehaviorTreeEngine]: Behavior Tree tick rate 100.00 was exceeded!
[bt_navigator-5] [WARN] [1785944780.200448736] [BehaviorTreeEngine]: Behavior Tree tick rate 100.00 was exceeded!
[bt_navigator-5] [WARN] [1785944780.928316204] [BehaviorTreeEngine]: Behavior Tree tick rate 100.00 was exceeded!
[bt_navigator-5] [WARN] [1785944781.137365146] [BehaviorTreeEngine]: Behavior Tree tick rate 100.00 was exceeded!
[bt_navigator-5] [WARN] [1785944781.188187264] [BehaviorTreeEngine]: Behavior Tree tick rate 100.00 was exceeded!
[bt_navigator-5] [WARN] [1785944781.267417686] [BehaviorTreeEngine]: Behavior Tree tick rate 100.00 was exceeded!
[bt_navigator-5] [WARN] [1785944781.354987675] [BehaviorTreeEngine]: Behavior Tree tick rate 100.00 was exceeded!
[bt_navigator-5] [WARN] [1785944781.361936935] [BehaviorTreeEngine]: Behavior Tree tick rate 100.00 was exceeded!
[bt_navigator-5] [WARN] [1785944781.367756787] [BehaviorTreeEngine]: Behavior Tree tick rate 100.00 was exceeded!
[bt_navigator-5] [WARN] [1785944781.702850445] [BehaviorTreeEngine]: Behavior Tree tick rate 100.00 was exceeded!
[bt_navigator-5] [WARN] [1785944781.998471875] [BehaviorTreeEngine]: Behavior Tree tick rate 100.00 was exceeded!
[bt_navigator-5] [WARN] [1785944782.022078160] [BehaviorTreeEngine]: Behavior Tree tick rate 100.00 was exceeded!
[bt_navigator-5] [WARN] [1785944782.459194218] [BehaviorTreeEngine]: Behavior Tree tick rate 100.00 was exceeded!
[behavior_server-4] [INFO] [1785944782.666790250] [behavior_server]: wait completed successfully
[controller_server-1] [INFO] [1785944782.740914188] [controller_server]: Received a goal, begin computing control effort.
[controller_server-1] [INFO] [1785944783.791455206] [controller_server]: Passing new path to controller.
[bt_navigator-5] [WARN] [1785944784.517927680] [BehaviorTreeEngine]: Behavior Tree tick rate 100.00 was exceeded!
[bt_navigator-5] [WARN] [1785944784.628102790] [BehaviorTreeEngine]: Behavior Tree tick rate 100.00 was exceeded!
[bt_navigator-5] [WARN] [1785944784.648837637] [BehaviorTreeEngine]: Behavior Tree tick rate 100.00 was exceeded!
[bt_navigator-5] [WARN] [1785944784.758124029] [BehaviorTreeEngine]: Behavior Tree tick rate 100.00 was exceeded!
[bt_navigator-5] [WARN] [1785944784.819215377] [BehaviorTreeEngine]: Behavior Tree tick rate 100.00 was exceeded!
[controller_server-1] [INFO] [1785944784.841393211] [controller_server]: Passing new path to controller.
[controller_server-1] [WARN] [1785944785.149145944] [controller_server]: No valid trajectories out of 251! 
[controller_server-1] [WARN] [1785944785.196337361] [controller_server]: No valid trajectories out of 251! 
[controller_server-1] [WARN] [1785944785.246421205] [controller_server]: No valid trajectories out of 251! 
[controller_server-1] [WARN] [1785944785.299037733] [controller_server]: No valid trajectories out of 251! 
[controller_server-1] [WARN] [1785944785.346917198] [controller_server]: No valid trajectories out of 251! 
[controller_server-1] [WARN] [1785944785.394900631] [controller_server]: No valid trajectories out of 251! 
[controller_server-1] [WARN] [1785944785.459315696] [controller_server]: No valid trajectories out of 251! 
[controller_server-1] [ERROR] [1785944785.459459655] [controller_server]: Controller patience exceeded
[controller_server-1] [WARN] [1785944785.459700649] [controller_server]: [follow_path] [ActionServer] Aborting handle.
[bt_navigator-5] [WARN] [1785944785.478795782] [BehaviorTreeEngine]: Behavior Tree tick rate 100.00 was exceeded!
[bt_navigator-5] [WARN] [1785944785.480411544] [BehaviorTreeEngine]: Behavior Tree tick rate 100.00 was exceeded!
[controller_server-1] [INFO] [1785944785.480670864] [local_costmap.local_costmap]: Received request to clear entirely the local_costmap
[controller_server-1] [INFO] [1785944785.487290929] [controller_server]: Received a goal, begin computing control effort.
[bt_navigator-5] [WARN] [1785944785.550309903] [BehaviorTreeEngine]: Behavior Tree tick rate 100.00 was exceeded!
[controller_server-1] [INFO] [1785944785.838376924] [controller_server]: Passing new path to controller.
[bt_navigator-5] [WARN] [1785944786.367999991] [BehaviorTreeEngine]: Behavior Tree tick rate 100.00 was exceeded!
[bt_navigator-5] [WARN] [1785944786.423655595] [BehaviorTreeEngine]: Behavior Tree tick rate 100.00 was exceeded!
[bt_navigator-5] [WARN] [1785944786.434615126] [BehaviorTreeEngine]: Behavior Tree tick rate 100.00 was exceeded!
[bt_navigator-5] [WARN] [1785944786.462712403] [BehaviorTreeEngine]: Behavior Tree tick rate 100.00 was exceeded!
[bt_navigator-5] [WARN] [1785944786.509718823] [BehaviorTreeEngine]: Behavior Tree tick rate 100.00 was exceeded!
[bt_navigator-5] [WARN] [1785944786.843013158] [BehaviorTreeEngine]: Behavior Tree tick rate 100.00 was exceeded!
[controller_server-1] [WARN] [1785944786.902336634] [controller_server]: Control loop missed its desired rate of 20.0000Hz
[bt_navigator-5] [WARN] [1785944786.914999251] [BehaviorTreeEngine]: Behavior Tree tick rate 100.00 was exceeded!
[controller_server-1] [INFO] [1785944786.965428405] [controller_server]: Passing new path to controller.
[bt_navigator-5] [WARN] [1785944786.965742680] [BehaviorTreeEngine]: Behavior Tree tick rate 100.00 was exceeded!
[bt_navigator-5] [WARN] [1785944787.458227804] [BehaviorTreeEngine]: Behavior Tree tick rate 100.00 was exceeded!
[bt_navigator-5] [WARN] [1785944787.538676773] [BehaviorTreeEngine]: Behavior Tree tick rate 100.00 was exceeded!
[controller_server-1] [INFO] [1785944787.988358809] [controller_server]: Passing new path to controller.
[bt_navigator-5] [WARN] [1785944788.035059735] [BehaviorTreeEngine]: Behavior Tree tick rate 100.00 was exceeded!
[controller_server-1] [INFO] [1785944788.988315260] [controller_server]: Passing new path to controller.
[controller_server-1] [INFO] [1785944790.038333337] [controller_server]: Passing new path to controller.
[controller_server-1] [INFO] [1785944791.038383509] [controller_server]: Passing new path to controller.
[controller_server-1] [INFO] [1785944792.089861315] [controller_server]: Passing new path to controller.
[controller_server-1] [INFO] [1785944793.139523545] [controller_server]: Passing new path to controller.
[controller_server-1] [WARN] [1785944794.094556366] [controller_server]: No valid trajectories out of 251! 
[controller_server-1] [INFO] [1785944794.138494685] [controller_server]: Passing new path to controller.
[controller_server-1] [WARN] [1785944794.143527203] [controller_server]: No valid trajectories out of 251! 
[controller_server-1] [WARN] [1785944794.196337964] [controller_server]: No valid trajectories out of 251! 
[controller_server-1] [WARN] [1785944794.242452938] [controller_server]: No valid trajectories out of 251! 
[controller_server-1] [WARN] [1785944794.294050256] [controller_server]: No valid trajectories out of 251! 
[controller_server-1] [WARN] [1785944794.345166504] [controller_server]: No valid trajectories out of 251! 
[controller_server-1] [WARN] [1785944794.395454339] [controller_server]: No valid trajectories out of 251! 
[controller_server-1] [ERROR] [1785944794.395536822] [controller_server]: Controller patience exceeded
[controller_server-1] [WARN] [1785944794.396756742] [controller_server]: [follow_path] [ActionServer] Aborting handle.
[behavior_server-4] [INFO] [1785944794.401418537] [behavior_server]: Running backup
[behavior_server-4] [ERROR] [1785944794.401716967] [behavior_server]: Pose Goes Off Grid.
[behavior_server-4] [WARN] [1785944794.401998381] [behavior_server]: Collision Ahead - Exiting DriveOnHeading
[behavior_server-4] [WARN] [1785944794.402067038] [behavior_server]: backup failed
[behavior_server-4] [WARN] [1785944794.402079933] [behavior_server]: [backup] [ActionServer] Aborting handle.
[controller_server-1] [INFO] [1785944794.426085286] [local_costmap.local_costmap]: Received request to clear entirely the local_costmap
[planner_server-3] [INFO] [1785944794.433182498] [global_costmap.global_costmap]: Received request to clear entirely the global_costmap
[bt_navigator-5] [WARN] [1785944794.436478309] [BehaviorTreeEngine]: Behavior Tree tick rate 100.00 was exceeded!
[planner_server-3] [WARN] [1785944795.313226344] [planner_server]: Planner loop missed its desired rate of 2.0000 Hz. Current loop rate is 1.1451 Hz
[controller_server-1] [INFO] [1785944795.327998352] [controller_server]: Received a goal, begin computing control effort.
[controller_server-1] [INFO] [1785944796.379110226] [controller_server]: Passing new path to controller.
[bt_navigator-5] [WARN] [1785944796.716495356] [BehaviorTreeEngine]: Behavior Tree tick rate 100.00 was exceeded!
[controller_server-1] [INFO] [1785944797.379144097] [controller_server]: Passing new path to controller.
[controller_server-1] [INFO] [1785944798.429132841] [controller_server]: Passing new path to controller.
[controller_server-1] [INFO] [1785944799.479091957] [controller_server]: Passing new path to controller.
[bt_navigator-5] [WARN] [1785944800.397596370] [BehaviorTreeEngine]: Behavior Tree tick rate 100.00 was exceeded!
[bt_navigator-5] [WARN] [1785944800.419861688] [BehaviorTreeEngine]: Behavior Tree tick rate 100.00 was exceeded!
[bt_navigator-5] [WARN] [1785944800.457250945] [BehaviorTreeEngine]: Behavior Tree tick rate 100.00 was exceeded!
[controller_server-1] [INFO] [1785944800.529108297] [controller_server]: Passing new path to controller.
[controller_server-1] [INFO] [1785944801.529078685] [controller_server]: Passing new path to controller.
[controller_server-1] [INFO] [1785944802.579131995] [controller_server]: Passing new path to controller.
[controller_server-1] [INFO] [1785944803.579147462] [controller_server]: Passing new path to controller.
[controller_server-1] [WARN] [1785944804.282982849] [controller_server]: No valid trajectories out of 251! 
[controller_server-1] [WARN] [1785944804.355638762] [controller_server]: No valid trajectories out of 251! 
[bt_navigator-5] [WARN] [1785944804.367578219] [BehaviorTreeEngine]: Behavior Tree tick rate 100.00 was exceeded!
[controller_server-1] [WARN] [1785944804.384905324] [controller_server]: No valid trajectories out of 251! 
[controller_server-1] [WARN] [1785944804.456767143] [controller_server]: No valid trajectories out of 251! 
[bt_navigator-5] [WARN] [1785944804.469411224] [BehaviorTreeEngine]: Behavior Tree tick rate 100.00 was exceeded!
[controller_server-1] [WARN] [1785944804.491647978] [controller_server]: No valid trajectories out of 251! 
[bt_navigator-5] [WARN] [1785944804.506442313] [BehaviorTreeEngine]: Behavior Tree tick rate 100.00 was exceeded!
[controller_server-1] [WARN] [1785944804.532551653] [controller_server]: No valid trajectories out of 251! 
[controller_server-1] [WARN] [1785944804.583905730] [controller_server]: No valid trajectories out of 251! 
[controller_server-1] [ERROR] [1785944804.584011081] [controller_server]: Controller patience exceeded
[controller_server-1] [WARN] [1785944804.584121022] [controller_server]: [follow_path] [ActionServer] Aborting handle.
[controller_server-1] [INFO] [1785944804.589669624] [local_costmap.local_costmap]: Received request to clear entirely the local_costmap
[controller_server-1] [INFO] [1785944804.597268157] [controller_server]: Received a goal, begin computing control effort.
[bt_navigator-5] [WARN] [1785944804.601579103] [BehaviorTreeEngine]: Behavior Tree tick rate 100.00 was exceeded!
[controller_server-1] [INFO] [1785944804.697664265] [controller_server]: Passing new path to controller.
[controller_server-1] [WARN] [1785944804.711403744] [controller_server]: Control loop missed its desired rate of 20.0000Hz
[controller_server-1] [WARN] [1785944804.950648817] [controller_server]: No valid trajectories out of 251! 
[controller_server-1] [WARN] [1785944805.004942813] [controller_server]: No valid trajectories out of 251! 
[controller_server-1] [WARN] [1785944805.058285502] [controller_server]: No valid trajectories out of 251! 
[controller_server-1] [WARN] [1785944805.112772837] [controller_server]: No valid trajectories out of 251! 
[controller_server-1] [WARN] [1785944805.171214285] [controller_server]: No valid trajectories out of 251! 
[controller_server-1] [WARN] [1785944805.215895078] [controller_server]: No valid trajectories out of 251! 
[controller_server-1] [ERROR] [1785944805.215976605] [controller_server]: Controller patience exceeded
[controller_server-1] [WARN] [1785944805.216066261] [controller_server]: [follow_path] [ActionServer] Aborting handle.
[behavior_server-4] [INFO] [1785944805.222854309] [behavior_server]: Running spin
[behavior_server-4] [INFO] [1785944805.222959948] [behavior_server]: Turning 1.57 for spin behavior.
[behavior_server-4] [ERROR] [1785944805.323172942] [behavior_server]: Pose Goes Off Grid.
[behavior_server-4] [WARN] [1785944805.323551985] [behavior_server]: Collision Ahead - Exiting Spin
[behavior_server-4] [WARN] [1785944805.323573086] [behavior_server]: spin failed
[behavior_server-4] [WARN] [1785944805.323590822] [behavior_server]: [spin] [ActionServer] Aborting handle.
[behavior_server-4] [INFO] [1785944805.353310627] [behavior_server]: Running wait
[bt_navigator-5] [WARN] [1785944806.008967251] [BehaviorTreeEngine]: Behavior Tree tick rate 100.00 was exceeded!
[behavior_server-4] [INFO] [1785944810.353609854] [behavior_server]: wait completed successfully
[controller_server-1] [INFO] [1785944810.399053617] [controller_server]: Received a goal, begin computing control effort.
[controller_server-1] [INFO] [1785944811.450485479] [controller_server]: Passing new path to controller.
[controller_server-1] [INFO] [1785944812.500563215] [controller_server]: Passing new path to controller.
[controller_server-1] [INFO] [1785944813.501664442] [controller_server]: Passing new path to controller.
[controller_server-1] [INFO] [1785944814.501374977] [controller_server]: Passing new path to controller.
[bt_navigator-5] [WARN] [1785944815.241905688] [BehaviorTreeEngine]: Behavior Tree tick rate 100.00 was exceeded!
[controller_server-1] [INFO] [1785944815.550486807] [controller_server]: Passing new path to controller.
[controller_server-1] [INFO] [1785944816.550565950] [controller_server]: Passing new path to controller.
[bt_navigator-5] [WARN] [1785944816.841968063] [BehaviorTreeEngine]: Behavior Tree tick rate 100.00 was exceeded!
[controller_server-1] [INFO] [1785944817.600520853] [controller_server]: Passing new path to controller.
[bt_navigator-5] [WARN] [1785944818.318996705] [BehaviorTreeEngine]: Behavior Tree tick rate 100.00 was exceeded!
[controller_server-1] [INFO] [1785944818.601846770] [controller_server]: Passing new path to controller.
[bt_navigator-5] [WARN] [1785944819.447062787] [BehaviorTreeEngine]: Behavior Tree tick rate 100.00 was exceeded!
[bt_navigator-5] [WARN] [1785944819.489250642] [BehaviorTreeEngine]: Behavior Tree tick rate 100.00 was exceeded!
[controller_server-1] [WARN] [1785944819.506005840] [controller_server]: Control loop missed its desired rate of 20.0000Hz
[bt_navigator-5] [WARN] [1785944819.510162497] [BehaviorTreeEngine]: Behavior Tree tick rate 100.00 was exceeded!
[bt_navigator-5] [WARN] [1785944819.552436222] [BehaviorTreeEngine]: Behavior Tree tick rate 100.00 was exceeded!
[controller_server-1] [INFO] [1785944819.650536834] [controller_server]: Passing new path to controller.
[bt_navigator-5] [WARN] [1785944820.249427329] [BehaviorTreeEngine]: Behavior Tree tick rate 100.00 was exceeded!
[controller_server-1] [INFO] [1785944820.700546110] [controller_server]: Passing new path to controller.
[controller_server-1] [INFO] [1785944821.700498115] [controller_server]: Passing new path to controller.
[bt_navigator-5] [WARN] [1785944822.600049301] [BehaviorTreeEngine]: Behavior Tree tick rate 100.00 was exceeded!
[bt_navigator-5] [WARN] [1785944822.631172415] [BehaviorTreeEngine]: Behavior Tree tick rate 100.00 was exceeded!
[bt_navigator-5] [WARN] [1785944822.679193253] [BehaviorTreeEngine]: Behavior Tree tick rate 100.00 was exceeded!
[bt_navigator-5] [WARN] [1785944822.687132527] [BehaviorTreeEngine]: Behavior Tree tick rate 100.00 was exceeded!
[bt_navigator-5] [WARN] [1785944822.696454312] [BehaviorTreeEngine]: Behavior Tree tick rate 100.00 was exceeded!
[bt_navigator-5] [WARN] [1785944822.712845961] [bt_navigator_navigate_to_pose_rclcpp_node]: Timed out while waiting for action server to acknowledge goal request for compute_path_to_pose
[planner_server-3] [INFO] [1785944822.714714295] [global_costmap.global_costmap]: Received request to clear entirely the global_costmap
[bt_navigator-5] [WARN] [1785944822.729215419] [BehaviorTreeEngine]: Behavior Tree tick rate 100.00 was exceeded!
[planner_server-3] [WARN] [1785944823.321522164] [planner_server]: Planner loop missed its desired rate of 2.0000 Hz. Current loop rate is 1.6856 Hz
[controller_server-1] [INFO] [1785944823.350472669] [controller_server]: Passing new path to controller.
[controller_server-1] [INFO] [1785944824.400432329] [controller_server]: Passing new path to controller.
[bt_navigator-5] [WARN] [1785944825.035868311] [BehaviorTreeEngine]: Behavior Tree tick rate 100.00 was exceeded!
[controller_server-1] [INFO] [1785944825.450460809] [controller_server]: Passing new path to controller.
[controller_server-1] [WARN] [1785944826.054806661] [controller_server]: No valid trajectories out of 251! 
[controller_server-1] [WARN] [1785944826.104904787] [controller_server]: No valid trajectories out of 251! 
[controller_server-1] [WARN] [1785944826.155083057] [controller_server]: No valid trajectories out of 251! 
[controller_server-1] [WARN] [1785944826.204785453] [controller_server]: No valid trajectories out of 251! 
[controller_server-1] [WARN] [1785944826.254395043] [controller_server]: No valid trajectories out of 251! 
[controller_server-1] [INFO] [1785944826.450444480] [controller_server]: Passing new path to controller.
[bt_navigator-5] [WARN] [1785944827.120287340] [BehaviorTreeEngine]: Behavior Tree tick rate 100.00 was exceeded!
[bt_navigator-5] [WARN] [1785944827.236535001] [BehaviorTreeEngine]: Behavior Tree tick rate 100.00 was exceeded!
[controller_server-1] [INFO] [1785944827.500492751] [controller_server]: Passing new path to controller.
[bt_navigator-5] [WARN] [1785944827.619551238] [BehaviorTreeEngine]: Behavior Tree tick rate 100.00 was exceeded!
[bt_navigator-5] [WARN] [1785944827.631774779] [BehaviorTreeEngine]: Behavior Tree tick rate 100.00 was exceeded!
[bt_navigator-5] [WARN] [1785944828.106565525] [BehaviorTreeEngine]: Behavior Tree tick rate 100.00 was exceeded!
[controller_server-1] [INFO] [1785944828.500454230] [controller_server]: Passing new path to controller.
[controller_server-1] [INFO] [1785944829.550482444] [controller_server]: Passing new path to controller.
[controller_server-1] [INFO] [1785944830.600473176] [controller_server]: Passing new path to controller.
[controller_server-1] [INFO] [1785944831.600457756] [controller_server]: Passing new path to controller.
[controller_server-1] [INFO] [1785944832.650485777] [controller_server]: Passing new path to controller.
[controller_server-1] [WARN] [1785944833.455178272] [controller_server]: No valid trajectories out of 251! 
[controller_server-1] [WARN] [1785944833.504766264] [controller_server]: No valid trajectories out of 251! 
[controller_server-1] [WARN] [1785944833.553759585] [controller_server]: No valid trajectories out of 251! 
[controller_server-1] [WARN] [1785944833.604257799] [controller_server]: No valid trajectories out of 251! 
[controller_server-1] [INFO] [1785944833.650496106] [controller_server]: Passing new path to controller.
[controller_server-1] [WARN] [1785944833.655722305] [controller_server]: No valid trajectories out of 251! 
[controller_server-1] [WARN] [1785944833.703919668] [controller_server]: No valid trajectories out of 251! 
[controller_server-1] [WARN] [1785944833.754643459] [controller_server]: No valid trajectories out of 251! 
[controller_server-1] [ERROR] [1785944833.754737419] [controller_server]: Controller patience exceeded
[controller_server-1] [WARN] [1785944833.754820888] [controller_server]: [follow_path] [ActionServer] Aborting handle.
[controller_server-1] [INFO] [1785944833.767064480] [local_costmap.local_costmap]: Received request to clear entirely the local_costmap
[controller_server-1] [INFO] [1785944833.769305952] [controller_server]: Received a goal, begin computing control effort.
[controller_server-1] [WARN] [1785944833.896065051] [controller_server]: No valid trajectories out of 251! 
[controller_server-1] [WARN] [1785944833.896421023] [controller_server]: Control loop missed its desired rate of 20.0000Hz
[controller_server-1] [WARN] [1785944833.901219994] [controller_server]: No valid trajectories out of 251! 
[controller_server-1] [WARN] [1785944833.956356396] [controller_server]: No valid trajectories out of 251! 
[controller_server-1] [WARN] [1785944834.009513643] [controller_server]: No valid trajectories out of 251! 
[controller_server-1] [WARN] [1785944834.066167751] [controller_server]: No valid trajectories out of 251! 
[controller_server-1] [INFO] [1785944834.696563515] [controller_server]: Passing new path to controller.
[controller_server-1] [INFO] [1785944835.746546940] [controller_server]: Passing new path to controller.
[controller_server-1] [INFO] [1785944836.746616793] [controller_server]: Passing new path to controller.
[controller_server-1] [INFO] [1785944837.798123782] [controller_server]: Passing new path to controller.
[bt_navigator-5] [WARN] [1785944837.830251755] [BehaviorTreeEngine]: Behavior Tree tick rate 100.00 was exceeded!
[bt_navigator-5] [WARN] [1785944838.565443053] [BehaviorTreeEngine]: Behavior Tree tick rate 100.00 was exceeded!
[bt_navigator-5] [WARN] [1785944838.567276549] [BehaviorTreeEngine]: Behavior Tree tick rate 100.00 was exceeded!
[bt_navigator-5] [WARN] [1785944838.608933638] [BehaviorTreeEngine]: Behavior Tree tick rate 100.00 was exceeded!
[controller_server-1] [INFO] [1785944838.846613012] [controller_server]: Passing new path to controller.
[bt_navigator-5] [WARN] [1785944839.031761010] [BehaviorTreeEngine]: Behavior Tree tick rate 100.00 was exceeded!
[controller_server-1] [INFO] [1785944839.846543861] [controller_server]: Passing new path to controller.
[controller_server-1] [INFO] [1785944840.896524745] [controller_server]: Passing new path to controller.
[controller_server-1] [INFO] [1785944841.898048764] [controller_server]: Passing new path to controller.
[controller_server-1] [INFO] [1785944842.946538106] [controller_server]: Passing new path to controller.
[controller_server-1] [INFO] [1785944843.947465237] [controller_server]: Passing new path to controller.
[bt_navigator-5] [WARN] [1785944844.917947061] [BehaviorTreeEngine]: Behavior Tree tick rate 100.00 was exceeded!
[planner_server-3] [WARN] [1785944844.949483340] [planner_server]: GridBased: failed to create plan with tolerance 0.50.
[planner_server-3] [WARN] [1785944844.949575810] [planner_server]: Planning algorithm GridBased failed to generate a valid path to (0.00, 0.50)
[planner_server-3] [WARN] [1785944844.949597546] [planner_server]: [compute_path_to_pose] [ActionServer] Aborting handle.
[planner_server-3] [INFO] [1785944844.966932562] [global_costmap.global_costmap]: Received request to clear entirely the global_costmap
[planner_server-3] [WARN] [1785944845.311114049] [planner_server]: GridBased: failed to create plan with tolerance 0.50.
[planner_server-3] [WARN] [1785944845.311227992] [planner_server]: Planning algorithm GridBased failed to generate a valid path to (0.00, 0.50)
[planner_server-3] [WARN] [1785944845.311258035] [planner_server]: [compute_path_to_pose] [ActionServer] Aborting handle.
[controller_server-1] [INFO] [1785944845.351055951] [controller_server]: Goal was canceled. Stopping the robot.
[controller_server-1] [INFO] [1785944845.351174711] [controller_server]: [follow_path] [ActionServer] Client requested to cancel the goal. Cancelling.
[behavior_server-4] [INFO] [1785944845.354399154] [behavior_server]: Running backup
[bt_navigator-5] [WARN] [1785944845.354914738] [BehaviorTreeEngine]: Behavior Tree tick rate 100.00 was exceeded!
[behavior_server-4] [ERROR] [1785944845.355220066] [behavior_server]: Pose Goes Off Grid.
[behavior_server-4] [WARN] [1785944845.355361479] [behavior_server]: Collision Ahead - Exiting DriveOnHeading
[behavior_server-4] [WARN] [1785944845.355380372] [behavior_server]: backup failed
[behavior_server-4] [WARN] [1785944845.355393780] [behavior_server]: [backup] [ActionServer] Aborting handle.
[controller_server-1] [INFO] [1785944845.388034095] [local_costmap.local_costmap]: Received request to clear entirely the local_costmap
[planner_server-3] [INFO] [1785944845.388819559] [global_costmap.global_costmap]: Received request to clear entirely the global_costmap
[bt_navigator-5] [WARN] [1785944845.429747990] [BehaviorTreeEngine]: Behavior Tree tick rate 100.00 was exceeded!
[bt_navigator-5] [WARN] [1785944845.441835574] [BehaviorTreeEngine]: Behavior Tree tick rate 100.00 was exceeded!
[bt_navigator-5] [WARN] [1785944846.106019502] [BehaviorTreeEngine]: Behavior Tree tick rate 100.00 was exceeded!
[bt_navigator-5] [WARN] [1785944846.128917664] [BehaviorTreeEngine]: Behavior Tree tick rate 100.00 was exceeded!
[planner_server-3] [WARN] [1785944846.314505451] [planner_server]: Planner loop missed its desired rate of 2.0000 Hz. Current loop rate is 1.0843 Hz
[controller_server-1] [INFO] [1785944846.318809452] [controller_server]: Received a goal, begin computing control effort.
[controller_server-1] [WARN] [1785944846.331149175] [controller_server]: No valid trajectories out of 251! 
[controller_server-1] [WARN] [1785944846.377054103] [controller_server]: No valid trajectories out of 251! 
[controller_server-1] [WARN] [1785944846.435428322] [controller_server]: No valid trajectories out of 251! 
[controller_server-1] [WARN] [1785944846.490891082] [controller_server]: No valid trajectories out of 251! 
[controller_server-1] [WARN] [1785944846.732682910] [controller_server]: No valid trajectories out of 251! 
[controller_server-1] [WARN] [1785944846.781896000] [controller_server]: No valid trajectories out of 251! 
[controller_server-1] [WARN] [1785944846.831081384] [controller_server]: No valid trajectories out of 251! 
[controller_server-1] [WARN] [1785944846.879943330] [controller_server]: No valid trajectories out of 251! 
[controller_server-1] [WARN] [1785944847.332773896] [controller_server]: No valid trajectories out of 251! 
[controller_server-1] [INFO] [1785944847.373156213] [controller_server]: Passing new path to controller.
[controller_server-1] [WARN] [1785944847.379730687] [controller_server]: No valid trajectories out of 251! 
[controller_server-1] [WARN] [1785944847.426724987] [controller_server]: No valid trajectories out of 251! 
[controller_server-1] [WARN] [1785944847.476828983] [controller_server]: No valid trajectories out of 251! 
[controller_server-1] [INFO] [1785944848.422896733] [controller_server]: Passing new path to controller.
[controller_server-1] [INFO] [1785944849.423248902] [controller_server]: Passing new path to controller.
[bt_navigator-5] [WARN] [1785944850.109668049] [BehaviorTreeEngine]: Behavior Tree tick rate 100.00 was exceeded!
[controller_server-1] [INFO] [1785944850.472861927] [controller_server]: Passing new path to controller.
[controller_server-1] [INFO] [1785944851.472856206] [controller_server]: Passing new path to controller.
[controller_server-1] [INFO] [1785944852.523566251] [controller_server]: Passing new path to controller.
[controller_server-1] [INFO] [1785944853.524082944] [controller_server]: Passing new path to controller.
[controller_server-1] [INFO] [1785944854.572805100] [controller_server]: Passing new path to controller.
[bt_navigator-5] [WARN] [1785944855.286138379] [BehaviorTreeEngine]: Behavior Tree tick rate 100.00 was exceeded!
[controller_server-1] [INFO] [1785944855.625357179] [controller_server]: Passing new path to controller.
[bt_navigator-5] [WARN] [1785944856.092105308] [BehaviorTreeEngine]: Behavior Tree tick rate 100.00 was exceeded!
[bt_navigator-5] [WARN] [1785944856.205055706] [BehaviorTreeEngine]: Behavior Tree tick rate 100.00 was exceeded!
[bt_navigator-5] [WARN] [1785944856.315933045] [BehaviorTreeEngine]: Behavior Tree tick rate 100.00 was exceeded!
[controller_server-1] [INFO] [1785944856.623106810] [controller_server]: Passing new path to controller.
[controller_server-1] [INFO] [1785944857.623155357] [controller_server]: Passing new path to controller.
[controller_server-1] [INFO] [1785944858.673769887] [controller_server]: Passing new path to controller.
[controller_server-1] [WARN] [1785944859.329636729] [controller_server]: No valid trajectories out of 251! 
[controller_server-1] [WARN] [1785944859.378513299] [controller_server]: No valid trajectories out of 251! 
[controller_server-1] [WARN] [1785944859.427082627] [controller_server]: No valid trajectories out of 251! 
[controller_server-1] [WARN] [1785944859.477412522] [controller_server]: No valid trajectories out of 251! 
[controller_server-1] [WARN] [1785944859.527129081] [controller_server]: No valid trajectories out of 251! 
[controller_server-1] [INFO] [1785944859.723180742] [controller_server]: Passing new path to controller.
[controller_server-1] [WARN] [1785944859.930007693] [controller_server]: No valid trajectories out of 251! 
[controller_server-1] [WARN] [1785944859.977557746] [controller_server]: No valid trajectories out of 251! 
[controller_server-1] [WARN] [1785944860.028709035] [controller_server]: No valid trajectories out of 251! 
[controller_server-1] [WARN] [1785944860.075844457] [controller_server]: No valid trajectories out of 251! 
[controller_server-1] [WARN] [1785944860.130445507] [controller_server]: No valid trajectories out of 251! 
[controller_server-1] [WARN] [1785944860.178280238] [controller_server]: No valid trajectories out of 251! 
[controller_server-1] [WARN] [1785944860.229301320] [controller_server]: No valid trajectories out of 251! 
[controller_server-1] [ERROR] [1785944860.229388276] [controller_server]: Controller patience exceeded
[controller_server-1] [WARN] [1785944860.229473194] [controller_server]: [follow_path] [ActionServer] Aborting handle.
[controller_server-1] [INFO] [1785944860.245742330] [local_costmap.local_costmap]: Received request to clear entirely the local_costmap
[controller_server-1] [INFO] [1785944860.249051798] [controller_server]: Received a goal, begin computing control effort.
[controller_server-1] [WARN] [1785944860.303323126] [controller_server]: Control loop missed its desired rate of 20.0000Hz
[controller_server-1] [INFO] [1785944860.749402720] [controller_server]: Passing new path to controller.
[controller_server-1] [INFO] [1785944861.749388494] [controller_server]: Passing new path to controller.
[bt_navigator-5] [WARN] [1785944861.931517937] [BehaviorTreeEngine]: Behavior Tree tick rate 100.00 was exceeded!
[bt_navigator-5] [WARN] [1785944861.998496224] [BehaviorTreeEngine]: Behavior Tree tick rate 100.00 was exceeded!
[bt_navigator-5] [WARN] [1785944862.003451703] [BehaviorTreeEngine]: Behavior Tree tick rate 100.00 was exceeded!
[controller_server-1] [INFO] [1785944862.799387567] [controller_server]: Passing new path to controller.
[controller_server-1] [INFO] [1785944863.799399140] [controller_server]: Passing new path to controller.
[controller_server-1] [INFO] [1785944864.850768633] [controller_server]: Passing new path to controller.
[controller_server-1] [INFO] [1785944865.899361434] [controller_server]: Passing new path to controller.
[bt_navigator-5] [WARN] [1785944866.025292804] [BehaviorTreeEngine]: Behavior Tree tick rate 100.00 was exceeded!
[bt_navigator-5] [WARN] [1785944866.042050227] [BehaviorTreeEngine]: Behavior Tree tick rate 100.00 was exceeded!
[bt_navigator-5] [WARN] [1785944866.106544062] [BehaviorTreeEngine]: Behavior Tree tick rate 100.00 was exceeded!
[bt_navigator-5] [WARN] [1785944866.124184327] [BehaviorTreeEngine]: Behavior Tree tick rate 100.00 was exceeded!
[bt_navigator-5] [WARN] [1785944866.166420656] [BehaviorTreeEngine]: Behavior Tree tick rate 100.00 was exceeded!
[bt_navigator-5] [WARN] [1785944866.206463739] [BehaviorTreeEngine]: Behavior Tree tick rate 100.00 was exceeded!
[controller_server-1] [WARN] [1785944866.703104323] [controller_server]: No valid trajectories out of 251! 
[controller_server-1] [WARN] [1785944866.754986508] [controller_server]: No valid trajectories out of 251! 
[controller_server-1] [WARN] [1785944866.804504188] [controller_server]: No valid trajectories out of 251! 
[controller_server-1] [WARN] [1785944866.856050079] [controller_server]: No valid trajectories out of 251! 
[controller_server-1] [INFO] [1785944866.899382827] [controller_server]: Passing new path to controller.
[controller_server-1] [INFO] [1785944867.949468162] [controller_server]: Passing new path to controller.
[bt_navigator-5] [WARN] [1785944868.332952383] [BehaviorTreeEngine]: Behavior Tree tick rate 100.00 was exceeded!
[controller_server-1] [INFO] [1785944868.949469337] [controller_server]: Passing new path to controller.
[controller_server-1] [INFO] [1785944869.949398075] [controller_server]: Passing new path to controller.
[controller_server-1] [INFO] [1785944870.999727793] [controller_server]: Passing new path to controller.
[controller_server-1] [INFO] [1785944872.049403740] [controller_server]: Passing new path to controller.
[bt_navigator-5] [WARN] [1785944872.835633654] [BehaviorTreeEngine]: Behavior Tree tick rate 100.00 was exceeded!
[bt_navigator-5] [WARN] [1785944872.851008362] [BehaviorTreeEngine]: Behavior Tree tick rate 100.00 was exceeded!
[controller_server-1] [INFO] [1785944873.049393964] [controller_server]: Passing new path to controller.
[controller_server-1] [INFO] [1785944874.099370393] [controller_server]: Passing new path to controller.
[controller_server-1] [INFO] [1785944875.099384351] [controller_server]: Passing new path to controller.
[controller_server-1] [INFO] [1785944876.149407986] [controller_server]: Passing new path to controller.
[controller_server-1] [INFO] [1785944877.199389400] [controller_server]: Passing new path to controller.
[bt_navigator-5] [WARN] [1785944877.270528142] [BehaviorTreeEngine]: Behavior Tree tick rate 100.00 was exceeded!
[bt_navigator-5] [WARN] [1785944877.307818375] [BehaviorTreeEngine]: Behavior Tree tick rate 100.00 was exceeded!
[controller_server-1] [WARN] [1785944877.513428213] [controller_server]: No valid trajectories out of 251! 
[controller_server-1] [WARN] [1785944877.554613272] [controller_server]: No valid trajectories out of 251! 
[controller_server-1] [WARN] [1785944877.609397877] [controller_server]: No valid trajectories out of 251! 
[controller_server-1] [WARN] [1785944877.655057730] [controller_server]: No valid trajectories out of 251! 
[controller_server-1] [WARN] [1785944877.729239228] [controller_server]: No valid trajectories out of 251! 
[controller_server-1] [WARN] [1785944877.757758844] [controller_server]: No valid trajectories out of 251! 
[controller_server-1] [WARN] [1785944877.804222419] [controller_server]: No valid trajectories out of 251! 
[controller_server-1] [ERROR] [1785944877.804303933] [controller_server]: Controller patience exceeded
[controller_server-1] [WARN] [1785944877.810244576] [controller_server]: [follow_path] [ActionServer] Aborting handle.
[behavior_server-4] [INFO] [1785944877.821206993] [behavior_server]: Running spin
[behavior_server-4] [INFO] [1785944877.823217277] [behavior_server]: Turning 1.57 for spin behavior.
[behavior_server-4] [ERROR] [1785944877.924320435] [behavior_server]: Pose Goes Off Grid.
[behavior_server-4] [WARN] [1785944877.925370583] [behavior_server]: Collision Ahead - Exiting Spin
[behavior_server-4] [WARN] [1785944877.925419151] [behavior_server]: spin failed
[behavior_server-4] [WARN] [1785944877.925439428] [behavior_server]: [spin] [ActionServer] Aborting handle.
[behavior_server-4] [INFO] [1785944877.954049014] [behavior_server]: Running wait
[bt_navigator-5] [WARN] [1785944878.120705022] [BehaviorTreeEngine]: Behavior Tree tick rate 100.00 was exceeded!
[bt_navigator-5] [WARN] [1785944878.521097137] [BehaviorTreeEngine]: Behavior Tree tick rate 100.00 was exceeded!
[behavior_server-4] [INFO] [1785944882.954445344] [behavior_server]: wait completed successfully
[controller_server-1] [INFO] [1785944883.001697209] [controller_server]: Received a goal, begin computing control effort.
[controller_server-1] [INFO] [1785944884.052671243] [controller_server]: Passing new path to controller.
[bt_navigator-5] [WARN] [1785944884.172523645] [BehaviorTreeEngine]: Behavior Tree tick rate 100.00 was exceeded!
[bt_navigator-5] [WARN] [1785944884.444728593] [BehaviorTreeEngine]: Behavior Tree tick rate 100.00 was exceeded!
[bt_navigator-5] [WARN] [1785944884.515821652] [BehaviorTreeEngine]: Behavior Tree tick rate 100.00 was exceeded!
[bt_navigator-5] [WARN] [1785944884.886554784] [BehaviorTreeEngine]: Behavior Tree tick rate 100.00 was exceeded!
[bt_navigator-5] [WARN] [1785944884.917598513] [BehaviorTreeEngine]: Behavior Tree tick rate 100.00 was exceeded!
[bt_navigator-5] [WARN] [1785944885.016267055] [BehaviorTreeEngine]: Behavior Tree tick rate 100.00 was exceeded!
[bt_navigator-5] [WARN] [1785944885.062486360] [BehaviorTreeEngine]: Behavior Tree tick rate 100.00 was exceeded!
[controller_server-1] [INFO] [1785944885.109530310] [controller_server]: Passing new path to controller.
[bt_navigator-5] [WARN] [1785944885.161187639] [BehaviorTreeEngine]: Behavior Tree tick rate 100.00 was exceeded!
[bt_navigator-5] [WARN] [1785944885.221513154] [BehaviorTreeEngine]: Behavior Tree tick rate 100.00 was exceeded!
[bt_navigator-5] [WARN] [1785944885.223007478] [BehaviorTreeEngine]: Behavior Tree tick rate 100.00 was exceeded!
[bt_navigator-5] [WARN] [1785944885.274008531] [BehaviorTreeEngine]: Behavior Tree tick rate 100.00 was exceeded!
[bt_navigator-5] [WARN] [1785944885.316242636] [BehaviorTreeEngine]: Behavior Tree tick rate 100.00 was exceeded!
[bt_navigator-5] [WARN] [1785944885.515584121] [BehaviorTreeEngine]: Behavior Tree tick rate 100.00 was exceeded!
[bt_navigator-5] [WARN] [1785944885.582664098] [BehaviorTreeEngine]: Behavior Tree tick rate 100.00 was exceeded!
[bt_navigator-5] [WARN] [1785944885.643831197] [BehaviorTreeEngine]: Behavior Tree tick rate 100.00 was exceeded!
[bt_navigator-5] [WARN] [1785944885.656053430] [BehaviorTreeEngine]: Behavior Tree tick rate 100.00 was exceeded!
[bt_navigator-5] [WARN] [1785944885.678497058] [BehaviorTreeEngine]: Behavior Tree tick rate 100.00 was exceeded!
[controller_server-1] [INFO] [1785944886.152717887] [controller_server]: Passing new path to controller.
[bt_navigator-5] [WARN] [1785944886.508743202] [BehaviorTreeEngine]: Behavior Tree tick rate 100.00 was exceeded!
[bt_navigator-5] [WARN] [1785944886.885596373] [BehaviorTreeEngine]: Behavior Tree tick rate 100.00 was exceeded!
[bt_navigator-5] [WARN] [1785944886.941806647] [BehaviorTreeEngine]: Behavior Tree tick rate 100.00 was exceeded!
[bt_navigator-5] [WARN] [1785944886.952824324] [BehaviorTreeEngine]: Behavior Tree tick rate 100.00 was exceeded!
[controller_server-1] [INFO] [1785944887.202844077] [controller_server]: Passing new path to controller.
[bt_navigator-5] [WARN] [1785944887.798603256] [BehaviorTreeEngine]: Behavior Tree tick rate 100.00 was exceeded!
[bt_navigator-5] [WARN] [1785944887.828185764] [BehaviorTreeEngine]: Behavior Tree tick rate 100.00 was exceeded!
[bt_navigator-5] [WARN] [1785944888.027196173] [BehaviorTreeEngine]: Behavior Tree tick rate 100.00 was exceeded!
[planner_server-3] [WARN] [1785944888.180364120] [planner_server]: GridBased: failed to create plan with tolerance 0.50.
[planner_server-3] [WARN] [1785944888.180501898] [planner_server]: Planning algorithm GridBased failed to generate a valid path to (0.00, 0.50)
[planner_server-3] [WARN] [1785944888.180526582] [planner_server]: [compute_path_to_pose] [ActionServer] Aborting handle.
[planner_server-3] [INFO] [1785944888.195769932] [global_costmap.global_costmap]: Received request to clear entirely the global_costmap
[controller_server-1] [INFO] [1785944888.352719139] [controller_server]: Passing new path to controller.
[bt_navigator-5] [WARN] [1785944888.776000370] [BehaviorTreeEngine]: Behavior Tree tick rate 100.00 was exceeded!
[controller_server-1] [INFO] [1785944889.352720223] [controller_server]: Passing new path to controller.
[bt_navigator-5] [WARN] [1785944890.170720630] [BehaviorTreeEngine]: Behavior Tree tick rate 100.00 was exceeded!
[bt_navigator-5] [WARN] [1785944890.179340576] [BehaviorTreeEngine]: Behavior Tree tick rate 100.00 was exceeded!
[controller_server-1] [INFO] [1785944890.403871996] [controller_server]: Passing new path to controller.
[bt_navigator-5] [WARN] [1785944891.406583065] [BehaviorTreeEngine]: Behavior Tree tick rate 100.00 was exceeded!
[bt_navigator-5] [WARN] [1785944891.438303532] [BehaviorTreeEngine]: Behavior Tree tick rate 100.00 was exceeded!
[controller_server-1] [INFO] [1785944891.502705864] [controller_server]: Passing new path to controller.
[bt_navigator-5] [WARN] [1785944891.586887685] [BehaviorTreeEngine]: Behavior Tree tick rate 100.00 was exceeded!
[controller_server-1] [INFO] [1785944892.502745474] [controller_server]: Passing new path to controller.
[bt_navigator-5] [WARN] [1785944892.528417714] [BehaviorTreeEngine]: Behavior Tree tick rate 100.00 was exceeded!
[bt_navigator-5] [WARN] [1785944893.122418136] [BehaviorTreeEngine]: Behavior Tree tick rate 100.00 was exceeded!
[bt_navigator-5] [WARN] [1785944893.263681675] [BehaviorTreeEngine]: Behavior Tree tick rate 100.00 was exceeded!
[controller_server-1] [INFO] [1785944893.552692598] [controller_server]: Passing new path to controller.
[bt_navigator-5] [WARN] [1785944893.918750082] [BehaviorTreeEngine]: Behavior Tree tick rate 100.00 was exceeded!
[controller_server-1] [INFO] [1785944894.552704558] [controller_server]: Passing new path to controller.
[controller_server-1] [INFO] [1785944895.602688886] [controller_server]: Passing new path to controller.
[controller_server-1] [INFO] [1785944896.603244537] [controller_server]: Passing new path to controller.
[controller_server-1] [INFO] [1785944897.653002488] [controller_server]: Passing new path to controller.
[bt_navigator-5] [WARN] [1785944897.836268154] [BehaviorTreeEngine]: Behavior Tree tick rate 100.00 was exceeded!
[controller_server-1] [INFO] [1785944898.652765739] [controller_server]: Passing new path to controller.
[bt_navigator-5] [WARN] [1785944899.266088538] [BehaviorTreeEngine]: Behavior Tree tick rate 100.00 was exceeded!
[controller_server-1] [WARN] [1785944899.313920845] [controller_server]: Control loop missed its desired rate of 20.0000Hz
[bt_navigator-5] [WARN] [1785944899.346465079] [BehaviorTreeEngine]: Behavior Tree tick rate 100.00 was exceeded!
[controller_server-1] [INFO] [1785944899.702766998] [controller_server]: Passing new path to controller.
[controller_server-1] [INFO] [1785944900.703049209] [controller_server]: Passing new path to controller.
[controller_server-1] [INFO] [1785944901.752656692] [controller_server]: Passing new path to controller.
[bt_navigator-5] [WARN] [1785944902.378528171] [BehaviorTreeEngine]: Behavior Tree tick rate 100.00 was exceeded!
[bt_navigator-5] [WARN] [1785944902.390058236] [BehaviorTreeEngine]: Behavior Tree tick rate 100.00 was exceeded!
[bt_navigator-5] [WARN] [1785944902.570458097] [BehaviorTreeEngine]: Behavior Tree tick rate 100.00 was exceeded!
[bt_navigator-5] [WARN] [1785944902.631321484] [BehaviorTreeEngine]: Behavior Tree tick rate 100.00 was exceeded!
[bt_navigator-5] [WARN] [1785944902.741637565] [BehaviorTreeEngine]: Behavior Tree tick rate 100.00 was exceeded!
[controller_server-1] [INFO] [1785944902.802856142] [controller_server]: Passing new path to controller.
[bt_navigator-5] [WARN] [1785944902.919469988] [BehaviorTreeEngine]: Behavior Tree tick rate 100.00 was exceeded!
[controller_server-1] [WARN] [1785944902.931677236] [controller_server]: Control loop missed its desired rate of 20.0000Hz
[bt_navigator-5] [WARN] [1785944902.978296007] [BehaviorTreeEngine]: Behavior Tree tick rate 100.00 was exceeded!
[controller_server-1] [WARN] [1785944902.980243763] [controller_server]: Control loop missed its desired rate of 20.0000Hz
[controller_server-1] [WARN] [1785944903.011553109] [controller_server]: Control loop missed its desired rate of 20.0000Hz
[bt_navigator-5] [WARN] [1785944903.131092458] [BehaviorTreeEngine]: Behavior Tree tick rate 100.00 was exceeded!
[bt_navigator-5] [WARN] [1785944903.643243117] [BehaviorTreeEngine]: Behavior Tree tick rate 100.00 was exceeded!
[controller_server-1] [INFO] [1785944903.852800270] [controller_server]: Passing new path to controller.
[bt_navigator-5] [WARN] [1785944904.651147977] [BehaviorTreeEngine]: Behavior Tree tick rate 100.00 was exceeded!
[controller_server-1] [INFO] [1785944904.852898850] [controller_server]: Passing new path to controller.
[bt_navigator-5] [WARN] [1785944904.913764424] [BehaviorTreeEngine]: Behavior Tree tick rate 100.00 was exceeded!
[bt_navigator-5] [WARN] [1785944904.927995198] [BehaviorTreeEngine]: Behavior Tree tick rate 100.00 was exceeded!
[bt_navigator-5] [WARN] [1785944904.929412765] [BehaviorTreeEngine]: Behavior Tree tick rate 100.00 was exceeded!
[bt_navigator-5] [WARN] [1785944905.348319844] [BehaviorTreeEngine]: Behavior Tree tick rate 100.00 was exceeded!
[bt_navigator-5] [WARN] [1785944905.382960357] [BehaviorTreeEngine]: Behavior Tree tick rate 100.00 was exceeded!
[bt_navigator-5] [WARN] [1785944905.452607409] [BehaviorTreeEngine]: Behavior Tree tick rate 100.00 was exceeded!
[controller_server-1] [WARN] [1785944905.458294051] [controller_server]: Control loop missed its desired rate of 20.0000Hz
[bt_navigator-5] [WARN] [1785944905.886067720] [BehaviorTreeEngine]: Behavior Tree tick rate 100.00 was exceeded!
[controller_server-1] [INFO] [1785944905.902948516] [controller_server]: Passing new path to controller.
[bt_navigator-5] [WARN] [1785944905.974165379] [BehaviorTreeEngine]: Behavior Tree tick rate 100.00 was exceeded!
[bt_navigator-5] [WARN] [1785944906.023624398] [BehaviorTreeEngine]: Behavior Tree tick rate 100.00 was exceeded!
[bt_navigator-5] [WARN] [1785944906.083544661] [BehaviorTreeEngine]: Behavior Tree tick rate 100.00 was exceeded!
[bt_navigator-5] [WARN] [1785944906.374850280] [BehaviorTreeEngine]: Behavior Tree tick rate 100.00 was exceeded!
[controller_server-1] [INFO] [1785944906.952852654] [controller_server]: Passing new path to controller.
[controller_server-1] [INFO] [1785944907.952889963] [controller_server]: Passing new path to controller.
[controller_server-1] [INFO] [1785944909.003336506] [controller_server]: Passing new path to controller.
[bt_navigator-5] [WARN] [1785944909.327932651] [BehaviorTreeEngine]: Behavior Tree tick rate 100.00 was exceeded!
[controller_server-1] [INFO] [1785944910.003059993] [controller_server]: Passing new path to controller.
[bt_navigator-5] [WARN] [1785944910.216755431] [BehaviorTreeEngine]: Behavior Tree tick rate 100.00 was exceeded!
[bt_navigator-5] [WARN] [1785944910.318046638] [BehaviorTreeEngine]: Behavior Tree tick rate 100.00 was exceeded!
[bt_navigator-5] [WARN] [1785944910.413447285] [BehaviorTreeEngine]: Behavior Tree tick rate 100.00 was exceeded!
[bt_navigator-5] [WARN] [1785944910.538250486] [BehaviorTreeEngine]: Behavior Tree tick rate 100.00 was exceeded!
[bt_navigator-5] [WARN] [1785944910.569767858] [BehaviorTreeEngine]: Behavior Tree tick rate 100.00 was exceeded!
[bt_navigator-5] [WARN] [1785944910.654871455] [BehaviorTreeEngine]: Behavior Tree tick rate 100.00 was exceeded!
[bt_navigator-5] [WARN] [1785944910.805651332] [BehaviorTreeEngine]: Behavior Tree tick rate 100.00 was exceeded!
[controller_server-1] [INFO] [1785944911.052709983] [controller_server]: Passing new path to controller.
[controller_server-1] [INFO] [1785944912.052772998] [controller_server]: Passing new path to controller.
[bt_navigator-5] [WARN] [1785944912.626243260] [BehaviorTreeEngine]: Behavior Tree tick rate 100.00 was exceeded!
[controller_server-1] [INFO] [1785944913.102713184] [controller_server]: Passing new path to controller.
[bt_navigator-5] [WARN] [1785944913.697017092] [BehaviorTreeEngine]: Behavior Tree tick rate 100.00 was exceeded!
[controller_server-1] [INFO] [1785944914.155558792] [controller_server]: Passing new path to controller.
[bt_navigator-5] [WARN] [1785944914.159721181] [BehaviorTreeEngine]: Behavior Tree tick rate 100.00 was exceeded!
[controller_server-1] [WARN] [1785944914.205231071] [controller_server]: Control loop missed its desired rate of 20.0000Hz
[bt_navigator-5] [WARN] [1785944914.222272660] [BehaviorTreeEngine]: Behavior Tree tick rate 100.00 was exceeded!
[bt_navigator-5] [WARN] [1785944915.101973849] [BehaviorTreeEngine]: Behavior Tree tick rate 100.00 was exceeded!
[bt_navigator-5] [WARN] [1785944915.122002810] [BehaviorTreeEngine]: Behavior Tree tick rate 100.00 was exceeded!
[controller_server-1] [INFO] [1785944915.152701918] [controller_server]: Passing new path to controller.
[controller_server-1] [INFO] [1785944916.202960753] [controller_server]: Passing new path to controller.
[controller_server-1] [INFO] [1785944917.203545858] [controller_server]: Passing new path to controller.
[bt_navigator-5] [WARN] [1785944917.936554657] [BehaviorTreeEngine]: Behavior Tree tick rate 100.00 was exceeded!
[controller_server-1] [WARN] [1785944917.970392185] [controller_server]: Control loop missed its desired rate of 20.0000Hz
[bt_navigator-5] [WARN] [1785944918.113064959] [BehaviorTreeEngine]: Behavior Tree tick rate 100.00 was exceeded!
[controller_server-1] [INFO] [1785944918.254175547] [controller_server]: Passing new path to controller.
[bt_navigator-5] [WARN] [1785944918.783947814] [BehaviorTreeEngine]: Behavior Tree tick rate 100.00 was exceeded!
[controller_server-1] [INFO] [1785944919.303312986] [controller_server]: Passing new path to controller.
[controller_server-1] [INFO] [1785944920.302704636] [controller_server]: Passing new path to controller.
[controller_server-1] [INFO] [1785944921.352786238] [controller_server]: Passing new path to controller.
[controller_server-1] [INFO] [1785944922.352813601] [controller_server]: Passing new path to controller.
[controller_server-1] [INFO] [1785944923.402748054] [controller_server]: Passing new path to controller.
[controller_server-1] [INFO] [1785944924.402725483] [controller_server]: Passing new path to controller.
[bt_navigator-5] [WARN] [1785944925.184376685] [BehaviorTreeEngine]: Behavior Tree tick rate 100.00 was exceeded!
[controller_server-1] [INFO] [1785944925.453472430] [controller_server]: Passing new path to controller.
[bt_navigator-5] [WARN] [1785944925.468425967] [BehaviorTreeEngine]: Behavior Tree tick rate 100.00 was exceeded!
[bt_navigator-5] [WARN] [1785944925.468512711] [bt_navigator_navigate_to_pose_rclcpp_node]: Timed out while waiting for action server to acknowledge goal request for follow_path
[controller_server-1] [INFO] [1785944925.518920287] [local_costmap.local_costmap]: Received request to clear entirely the local_costmap
[bt_navigator-5] [WARN] [1785944925.525100741] [BehaviorTreeEngine]: Behavior Tree tick rate 100.00 was exceeded!
[bt_navigator-5] [WARN] [1785944925.540948265] [bt_navigator_navigate_to_pose_rclcpp_node]: Node timed out while executing service call to local_costmap/clear_entirely_local_costmap.
[behavior_server-4] [INFO] [1785944925.542670639] [behavior_server]: Running backup
[behavior_server-4] [ERROR] [1785944925.542913716] [behavior_server]: Pose Goes Off Grid.
[behavior_server-4] [WARN] [1785944925.543013717] [behavior_server]: Collision Ahead - Exiting DriveOnHeading
[behavior_server-4] [WARN] [1785944925.543031511] [behavior_server]: backup failed
[behavior_server-4] [WARN] [1785944925.543045384] [behavior_server]: [backup] [ActionServer] Aborting handle.
[controller_server-1] [INFO] [1785944925.565518960] [local_costmap.local_costmap]: Received request to clear entirely the local_costmap
[planner_server-3] [INFO] [1785944925.566393835] [global_costmap.global_costmap]: Received request to clear entirely the global_costmap
[bt_navigator-5] [WARN] [1785944925.587626927] [BehaviorTreeEngine]: Behavior Tree tick rate 100.00 was exceeded!
[controller_server-1] [WARN] [1785944925.707143074] [controller_server]: Control loop missed its desired rate of 20.0000Hz
[planner_server-3] [WARN] [1785944926.319594510] [planner_server]: Planner loop missed its desired rate of 2.0000 Hz. Current loop rate is 1.3676 Hz
[controller_server-1] [INFO] [1785944926.359474534] [controller_server]: Passing new path to controller.
[controller_server-1] [INFO] [1785944927.410341952] [controller_server]: Passing new path to controller.
[planner_server-3] [WARN] [1785944928.381338915] [planner_server]: GridBased: failed to create plan with tolerance 0.50.
[planner_server-3] [WARN] [1785944928.381484862] [planner_server]: Planning algorithm GridBased failed to generate a valid path to (0.00, 0.50)
[planner_server-3] [WARN] [1785944928.381656049] [planner_server]: [compute_path_to_pose] [ActionServer] Aborting handle.
[planner_server-3] [INFO] [1785944928.398318872] [global_costmap.global_costmap]: Received request to clear entirely the global_costmap
[planner_server-3] [WARN] [1785944929.312347229] [planner_server]: Planner loop missed its desired rate of 2.0000 Hz. Current loop rate is 1.0963 Hz
[controller_server-1] [INFO] [1785944929.357232386] [controller_server]: Passing new path to controller.
[bt_navigator-5] [WARN] [1785944929.806792155] [BehaviorTreeEngine]: Behavior Tree tick rate 100.00 was exceeded!
[bt_navigator-5] [WARN] [1785944929.809023935] [BehaviorTreeEngine]: Behavior Tree tick rate 100.00 was exceeded!
[bt_navigator-5] [WARN] [1785944929.855408839] [BehaviorTreeEngine]: Behavior Tree tick rate 100.00 was exceeded!
[bt_navigator-5] [WARN] [1785944929.949885603] [BehaviorTreeEngine]: Behavior Tree tick rate 100.00 was exceeded!
[bt_navigator-5] [WARN] [1785944929.978016098] [BehaviorTreeEngine]: Behavior Tree tick rate 100.00 was exceeded!
[bt_navigator-5] [WARN] [1785944929.996713071] [BehaviorTreeEngine]: Behavior Tree tick rate 100.00 was exceeded!
[controller_server-1] [INFO] [1785944930.360421118] [controller_server]: Passing new path to controller.
[controller_server-1] [INFO] [1785944931.407293150] [controller_server]: Passing new path to controller.
[controller_server-1] [INFO] [1785944932.457250219] [controller_server]: Passing new path to controller.
[bt_navigator-5] [WARN] [1785944932.941028979] [BehaviorTreeEngine]: Behavior Tree tick rate 100.00 was exceeded!
[bt_navigator-5] [WARN] [1785944933.080615023] [BehaviorTreeEngine]: Behavior Tree tick rate 100.00 was exceeded!
[controller_server-1] [INFO] [1785944933.457295275] [controller_server]: Passing new path to controller.
[controller_server-1] [INFO] [1785944934.507270794] [controller_server]: Passing new path to controller.
[controller_server-1] [WARN] [1785944934.520131704] [controller_server]: No valid trajectories out of 251! 
[controller_server-1] [WARN] [1785944934.565020848] [controller_server]: No valid trajectories out of 251! 
[controller_server-1] [WARN] [1785944934.615698645] [controller_server]: No valid trajectories out of 251! 
[controller_server-1] [WARN] [1785944934.663279882] [controller_server]: No valid trajectories out of 251! 
[controller_server-1] [WARN] [1785944934.716685019] [controller_server]: No valid trajectories out of 251! 
[controller_server-1] [WARN] [1785944934.763627290] [controller_server]: No valid trajectories out of 251! 
[controller_server-1] [ERROR] [1785944934.763770708] [controller_server]: Controller patience exceeded
[controller_server-1] [WARN] [1785944934.763982812] [controller_server]: [follow_path] [ActionServer] Aborting handle.
[controller_server-1] [INFO] [1785944934.780974823] [local_costmap.local_costmap]: Received request to clear entirely the local_costmap
[controller_server-1] [INFO] [1785944934.783638472] [controller_server]: Received a goal, begin computing control effort.
[controller_server-1] [WARN] [1785944934.910561856] [controller_server]: No valid trajectories out of 251! 
[controller_server-1] [WARN] [1785944934.910839337] [controller_server]: Control loop missed its desired rate of 20.0000Hz
[controller_server-1] [WARN] [1785944934.920989133] [controller_server]: No valid trajectories out of 251! 
[controller_server-1] [WARN] [1785944934.980612518] [controller_server]: No valid trajectories out of 251! 
[controller_server-1] [WARN] [1785944935.039922456] [controller_server]: No valid trajectories out of 251! 
[controller_server-1] [WARN] [1785944935.098093552] [controller_server]: No valid trajectories out of 251! 
[controller_server-1] [ERROR] [1785944935.098184392] [controller_server]: Controller patience exceeded
[controller_server-1] [WARN] [1785944935.098321609] [controller_server]: [follow_path] [ActionServer] Aborting handle.
[bt_navigator-5] [WARN] [1785944935.120771076] [bt_navigator]: [navigate_to_pose] [ActionServer] Aborting handle.
[bt_navigator-5] [ERROR] [1785944935.123342757] [bt_navigator]: Goal failed
[WARNING] [launch]: user interrupted with ctrl-c (SIGINT)
[planner_server-3] [INFO] [1785944938.851707118] [rclcpp]: signal_handler(SIGINT/SIGTERM)
[planner_server-3] [INFO] [1785944938.878303168] [planner_server]: Running Nav2 LifecycleNode rcl preshutdown (planner_server)
[planner_server-3] [INFO] [1785944938.881479846] [planner_server]: Deactivating
[planner_server-3] [INFO] [1785944938.903611731] [global_costmap.global_costmap]: Deactivating
[INFO] [lifecycle_manager-8]: sending signal 'SIGINT' to process[lifecycle_manager-8]
[INFO] [velocity_smoother-7]: sending signal 'SIGINT' to process[velocity_smoother-7]
[INFO] [waypoint_follower-6]: sending signal 'SIGINT' to process[waypoint_follower-6]
[INFO] [bt_navigator-5]: sending signal 'SIGINT' to process[bt_navigator-5]
[INFO] [behavior_server-4]: sending signal 'SIGINT' to process[behavior_server-4]
[INFO] [planner_server-3]: sending signal 'SIGINT' to process[planner_server-3]
[INFO] [smoother_server-2]: sending signal 'SIGINT' to process[smoother_server-2]
[INFO] [controller_server-1]: sending signal 'SIGINT' to process[controller_server-1]
[lifecycle_manager-8] [INFO] [1785944938.855089092] [rclcpp]: signal_handler(SIGINT/SIGTERM)
[lifecycle_manager-8] [INFO] [1785944938.867631166] [lifecycle_manager_navigation]: Running Nav2 LifecycleManager rcl preshutdown (lifecycle_manager_navigation)
[lifecycle_manager-8] [INFO] [1785944938.890433997] [lifecycle_manager_navigation]: [34m[1mTerminating bond timer...[0m[0m
[waypoint_follower-6] [INFO] [1785944938.855105657] [rclcpp]: signal_handler(SIGINT/SIGTERM)
[waypoint_follower-6] [INFO] [1785944938.896999337] [waypoint_follower]: Running Nav2 LifecycleNode rcl preshutdown (waypoint_follower)
[waypoint_follower-6] [INFO] [1785944938.941020644] [waypoint_follower]: Deactivating
[waypoint_follower-6] [INFO] [1785944938.953686462] [waypoint_follower]: Destroying bond (waypoint_follower) to lifecycle manager.
[waypoint_follower-6] [INFO] [1785944938.987526410] [waypoint_follower]: Cleaning up
[smoother_server-2] [INFO] [1785944938.858287955] [rclcpp]: signal_handler(SIGINT/SIGTERM)
[smoother_server-2] [INFO] [1785944938.873344814] [smoother_server]: Running Nav2 LifecycleNode rcl preshutdown (smoother_server)
[smoother_server-2] [INFO] [1785944938.891988673] [smoother_server]: Deactivating
[smoother_server-2] [INFO] [1785944938.907815091] [smoother_server]: Destroying bond (smoother_server) to lifecycle manager.
[smoother_server-2] [INFO] [1785944938.926372975] [smoother_server]: Cleaning up
[bt_navigator-5] [INFO] [1785944938.871801873] [rclcpp]: signal_handler(SIGINT/SIGTERM)
[bt_navigator-5] [INFO] [1785944938.872587060] [bt_navigator]: Running Nav2 LifecycleNode rcl preshutdown (bt_navigator)
[bt_navigator-5] [INFO] [1785944938.905433494] [bt_navigator]: Deactivating
[bt_navigator-5] [INFO] [1785944938.923019186] [bt_navigator]: Destroying bond (bt_navigator) to lifecycle manager.
[bt_navigator-5] [INFO] [1785944938.948794064] [bt_navigator]: Cleaning up
[behavior_server-4] [INFO] [1785944938.875743405] [rclcpp]: signal_handler(SIGINT/SIGTERM)
[behavior_server-4] [INFO] [1785944938.876319493] [behavior_server]: Running Nav2 LifecycleNode rcl preshutdown (behavior_server)
[behavior_server-4] [INFO] [1785944938.929193834] [behavior_server]: Deactivating
[behavior_server-4] [INFO] [1785944938.930569865] [behavior_server]: Destroying bond (behavior_server) to lifecycle manager.
[behavior_server-4] [INFO] [1785944938.963108229] [behavior_server]: Cleaning up
[behavior_server-4] [INFO] [1785944939.074466926] [behavior_server]: Destroying bond (behavior_server) to lifecycle manager.
[velocity_smoother-7] [INFO] [1785944938.879906449] [rclcpp]: signal_handler(SIGINT/SIGTERM)
[velocity_smoother-7] [INFO] [1785944938.881626781] [velocity_smoother]: Running Nav2 LifecycleNode rcl preshutdown (velocity_smoother)
[velocity_smoother-7] [INFO] [1785944938.936977374] [velocity_smoother]: Deactivating
[velocity_smoother-7] [INFO] [1785944938.967506943] [velocity_smoother]: Destroying bond (velocity_smoother) to lifecycle manager.
[velocity_smoother-7] [INFO] [1785944938.980158680] [velocity_smoother]: Cleaning up
[velocity_smoother-7] [INFO] [1785944938.986547348] [velocity_smoother]: Destroying bond (velocity_smoother) to lifecycle manager.
[controller_server-1] [INFO] [1785944938.882385420] [rclcpp]: signal_handler(SIGINT/SIGTERM)
[controller_server-1] [INFO] [1785944938.882897429] [controller_server]: Running Nav2 LifecycleNode rcl preshutdown (controller_server)
[controller_server-1] [INFO] [1785944938.884289873] [controller_server]: Deactivating
[controller_server-1] [INFO] [1785944938.891564657] [local_costmap.local_costmap]: Deactivating
[controller_server-1] [INFO] [1785944939.089977804] [controller_server]: Destroying bond (controller_server) to lifecycle manager.
[waypoint_follower-6] [INFO] [1785944939.079177165] [waypoint_follower]: Destroying bond (waypoint_follower) to lifecycle manager.
[waypoint_follower-6] [INFO] [1785944939.158642237] [waypoint_follower]: Destroying
[velocity_smoother-7] [INFO] [1785944939.189243701] [rclcpp]: signal_handler(SIGINT/SIGTERM)
[velocity_smoother-7] [INFO] [1785944939.202768007] [velocity_smoother]: Destroying
[controller_server-1] [INFO] [1785944939.203959956] [controller_server]: Cleaning up
[behavior_server-4] [INFO] [1785944939.210939524] [rclcpp]: signal_handler(SIGINT/SIGTERM)
[behavior_server-4] [INFO] [1785944939.215927126] [behavior_server]: Destroying
[controller_server-1] [INFO] [1785944939.233059609] [local_costmap.local_costmap]: Cleaning up
[lifecycle_manager-8] [INFO] [1785944939.290322450] [rclcpp]: signal_handler(SIGINT/SIGTERM)
[smoother_server-2] [INFO] [1785944939.297907058] [smoother_server]: Destroying bond (smoother_server) to lifecycle manager.
[smoother_server-2] [INFO] [1785944939.308693023] [rclcpp]: signal_handler(SIGINT/SIGTERM)
[planner_server-3] [INFO] [1785944939.333760585] [planner_server]: Deactivating plugin GridBased of type NavfnPlanner
[planner_server-3] [INFO] [1785944939.333923050] [planner_server]: Destroying bond (planner_server) to lifecycle manager.
[smoother_server-2] [INFO] [1785944939.342083914] [smoother_server]: Destroying
[planner_server-3] [INFO] [1785944939.355920435] [planner_server]: Cleaning up
[lifecycle_manager-8] [INFO] [1785944939.413960150] [lifecycle_manager_navigation]: Destroying lifecycle_manager_navigation
[ERROR] [waypoint_follower-6]: process has died [pid 533, exit code -2, cmd '/opt/ros/humble/lib/nav2_waypoint_follower/waypoint_follower --ros-args --log-level info --ros-args -r __node:=waypoint_follower --params-file /tmp/launch_params_7zzivvls -r /tf:=tf -r /tf_static:=tf_static'].
[controller_server-1] [INFO] [1785944939.497421271] [controller_server]: Destroying bond (controller_server) to lifecycle manager.
[controller_server-1] [INFO] [1785944939.509613896] [rclcpp]: signal_handler(SIGINT/SIGTERM)
[controller_server-1] [INFO] [1785944939.530007224] [local_costmap.local_costmap]: Destroying
[controller_server-1] [INFO] [1785944939.597355449] [controller_server]: Destroying
[planner_server-3] [INFO] [1785944939.608304605] [global_costmap.global_costmap]: Cleaning up
[planner_server-3] [INFO] [1785944939.630093664] [planner_server]: Cleaning up plugin GridBased of type NavfnPlanner
[planner_server-3] [INFO] [1785944939.630550948] [planner_server]: Destroying plugin GridBased of type NavfnPlanner
[planner_server-3] [INFO] [1785944939.706012817] [planner_server]: Destroying bond (planner_server) to lifecycle manager.
[planner_server-3] [INFO] [1785944939.711194430] [rclcpp]: signal_handler(SIGINT/SIGTERM)
[planner_server-3] [INFO] [1785944939.732788775] [global_costmap.global_costmap]: Destroying
[bt_navigator-5] [INFO] [1785944939.752749459] [bt_navigator]: Completed Cleaning up
[bt_navigator-5] [INFO] [1785944939.752872353] [bt_navigator]: Destroying bond (bt_navigator) to lifecycle manager.
[bt_navigator-5] [INFO] [1785944939.764368802] [rclcpp]: signal_handler(SIGINT/SIGTERM)
[bt_navigator-5] [INFO] [1785944939.790347288] [bt_navigator]: Destroying
[planner_server-3] [INFO] [1785944939.832056086] [planner_server]: Destroying
[INFO] [velocity_smoother-7]: process has finished cleanly [pid 535]
[INFO] [behavior_server-4]: process has finished cleanly [pid 529]
[INFO] [smoother_server-2]: process has finished cleanly [pid 525]
[INFO] [lifecycle_manager-8]: process has finished cleanly [pid 537]
[INFO] [controller_server-1]: process has finished cleanly [pid 523]
