[INFO] [launch]: All log files can be found below /root/.ros/log/2026-07-31-22-54-26-412548-DanCohen-489
[INFO] [launch]: Default logging verbosity is set to INFO
[INFO] [controller_server-1]: process started with pid [490]
[INFO] [smoother_server-2]: process started with pid [492]
[INFO] [planner_server-3]: process started with pid [494]
[INFO] [behavior_server-4]: process started with pid [496]
[INFO] [bt_navigator-5]: process started with pid [498]
[INFO] [waypoint_follower-6]: process started with pid [500]
[INFO] [velocity_smoother-7]: process started with pid [502]
[INFO] [lifecycle_manager-8]: process started with pid [504]
[smoother_server-2] [INFO] [1785538466.633102256] [smoother_server]: 
[smoother_server-2] 	smoother_server lifecycle node launched. 
[smoother_server-2] 	Waiting on external lifecycle transitions to activate
[smoother_server-2] 	See https://design.ros2.org/articles/node_lifecycle.html for more information.
[waypoint_follower-6] [INFO] [1785538466.660843944] [waypoint_follower]: 
[waypoint_follower-6] 	waypoint_follower lifecycle node launched. 
[waypoint_follower-6] 	Waiting on external lifecycle transitions to activate
[waypoint_follower-6] 	See https://design.ros2.org/articles/node_lifecycle.html for more information.
[waypoint_follower-6] [INFO] [1785538466.673397807] [waypoint_follower]: Creating
[behavior_server-4] [INFO] [1785538466.677630033] [behavior_server]: 
[behavior_server-4] 	behavior_server lifecycle node launched. 
[behavior_server-4] 	Waiting on external lifecycle transitions to activate
[behavior_server-4] 	See https://design.ros2.org/articles/node_lifecycle.html for more information.
[planner_server-3] [INFO] [1785538466.691516529] [planner_server]: 
[planner_server-3] 	planner_server lifecycle node launched. 
[planner_server-3] 	Waiting on external lifecycle transitions to activate
[planner_server-3] 	See https://design.ros2.org/articles/node_lifecycle.html for more information.
[velocity_smoother-7] [INFO] [1785538466.695993077] [velocity_smoother]: 
[velocity_smoother-7] 	velocity_smoother lifecycle node launched. 
[velocity_smoother-7] 	Waiting on external lifecycle transitions to activate
[velocity_smoother-7] 	See https://design.ros2.org/articles/node_lifecycle.html for more information.
[lifecycle_manager-8] [INFO] [1785538466.697904810] [lifecycle_manager_navigation]: Creating
[smoother_server-2] [INFO] [1785538466.701863965] [smoother_server]: Creating smoother server
[bt_navigator-5] [INFO] [1785538466.710642236] [bt_navigator]: 
[bt_navigator-5] 	bt_navigator lifecycle node launched. 
[bt_navigator-5] 	Waiting on external lifecycle transitions to activate
[bt_navigator-5] 	See https://design.ros2.org/articles/node_lifecycle.html for more information.
[bt_navigator-5] [INFO] [1785538466.711007413] [bt_navigator]: Creating
[planner_server-3] [INFO] [1785538466.714894656] [planner_server]: Creating
[lifecycle_manager-8] [INFO] [1785538466.718475243] [lifecycle_manager_navigation]: [34m[1mCreating and initializing lifecycle service clients[0m[0m
[planner_server-3] [INFO] [1785538466.752670411] [global_costmap.global_costmap]: 
[planner_server-3] 	global_costmap lifecycle node launched. 
[planner_server-3] 	Waiting on external lifecycle transitions to activate
[planner_server-3] 	See https://design.ros2.org/articles/node_lifecycle.html for more information.
[controller_server-1] [INFO] [1785538466.753838406] [controller_server]: 
[controller_server-1] 	controller_server lifecycle node launched. 
[controller_server-1] 	Waiting on external lifecycle transitions to activate
[controller_server-1] 	See https://design.ros2.org/articles/node_lifecycle.html for more information.
[controller_server-1] [INFO] [1785538466.760124480] [controller_server]: Creating controller server
[planner_server-3] [INFO] [1785538466.767217492] [global_costmap.global_costmap]: Creating Costmap
[controller_server-1] [INFO] [1785538466.780088241] [local_costmap.local_costmap]: 
[controller_server-1] 	local_costmap lifecycle node launched. 
[controller_server-1] 	Waiting on external lifecycle transitions to activate
[controller_server-1] 	See https://design.ros2.org/articles/node_lifecycle.html for more information.
[controller_server-1] [INFO] [1785538466.782945796] [local_costmap.local_costmap]: Creating Costmap
[lifecycle_manager-8] [INFO] [1785538466.859929003] [lifecycle_manager_navigation]: [34m[1mStarting managed nodes bringup...[0m[0m
[lifecycle_manager-8] [INFO] [1785538466.859987895] [lifecycle_manager_navigation]: [34m[1mConfiguring controller_server[0m[0m
[controller_server-1] [INFO] [1785538466.860236015] [controller_server]: Configuring controller interface
[controller_server-1] [INFO] [1785538466.860782686] [controller_server]: getting goal checker plugins..
[controller_server-1] [INFO] [1785538466.863360858] [controller_server]: Controller frequency set to 20.0000Hz
[controller_server-1] [INFO] [1785538466.863450302] [local_costmap.local_costmap]: Configuring
[controller_server-1] [INFO] [1785538466.868287345] [local_costmap.local_costmap]: Using plugin "obstacle_layer"
[controller_server-1] [INFO] [1785538466.876251185] [local_costmap.local_costmap]: Subscribed to Topics: scan
[controller_server-1] [INFO] [1785538466.880728354] [local_costmap.local_costmap]: Initialized plugin "obstacle_layer"
[controller_server-1] [INFO] [1785538466.880895672] [local_costmap.local_costmap]: Using plugin "inflation_layer"
[controller_server-1] [INFO] [1785538466.882517721] [local_costmap.local_costmap]: Initialized plugin "inflation_layer"
[controller_server-1] [INFO] [1785538466.892148597] [controller_server]: Created progress_checker : progress_checker of type nav2_controller::SimpleProgressChecker
[controller_server-1] [INFO] [1785538466.893752186] [controller_server]: Created goal checker : goal_checker of type nav2_controller::SimpleGoalChecker
[controller_server-1] [INFO] [1785538466.894227718] [controller_server]: Controller Server has goal_checker  goal checkers available.
[controller_server-1] [INFO] [1785538466.900634559] [controller_server]: Created controller : FollowPath of type dwb_core::DWBLocalPlanner
[controller_server-1] [INFO] [1785538466.901332066] [controller_server]: Setting transform_tolerance to 0.300000
[controller_server-1] [INFO] [1785538466.917121041] [controller_server]: Using critic "RotateToGoal" (dwb_critics::RotateToGoalCritic)
[controller_server-1] [INFO] [1785538466.918151017] [controller_server]: Critic plugin initialized
[controller_server-1] [INFO] [1785538466.918431307] [controller_server]: Using critic "Oscillation" (dwb_critics::OscillationCritic)
[controller_server-1] [INFO] [1785538466.919173153] [controller_server]: Critic plugin initialized
[controller_server-1] [INFO] [1785538466.919326441] [controller_server]: Using critic "BaseObstacle" (dwb_critics::BaseObstacleCritic)
[controller_server-1] [INFO] [1785538466.919481812] [controller_server]: Critic plugin initialized
[controller_server-1] [INFO] [1785538466.919580388] [controller_server]: Using critic "GoalAlign" (dwb_critics::GoalAlignCritic)
[controller_server-1] [INFO] [1785538466.920551953] [controller_server]: Critic plugin initialized
[controller_server-1] [INFO] [1785538466.921214612] [controller_server]: Using critic "PathAlign" (dwb_critics::PathAlignCritic)
[controller_server-1] [INFO] [1785538466.921677604] [controller_server]: Critic plugin initialized
[controller_server-1] [INFO] [1785538466.921850904] [controller_server]: Using critic "PathDist" (dwb_critics::PathDistCritic)
[controller_server-1] [INFO] [1785538466.922216948] [controller_server]: Critic plugin initialized
[controller_server-1] [INFO] [1785538466.922348196] [controller_server]: Using critic "GoalDist" (dwb_critics::GoalDistCritic)
[controller_server-1] [INFO] [1785538466.922753016] [controller_server]: Critic plugin initialized
[controller_server-1] [INFO] [1785538466.922776745] [controller_server]: Controller Server has FollowPath  controllers available.
[lifecycle_manager-8] [INFO] [1785538466.929367852] [lifecycle_manager_navigation]: [34m[1mConfiguring smoother_server[0m[0m
[smoother_server-2] [INFO] [1785538466.929706539] [smoother_server]: Configuring smoother server
[smoother_server-2] [INFO] [1785538466.942123544] [smoother_server]: Created smoother : simple_smoother of type nav2_smoother::SimpleSmoother
[smoother_server-2] [INFO] [1785538466.942629522] [smoother_server]: Smoother Server has simple_smoother  smoothers available.
[lifecycle_manager-8] [INFO] [1785538466.951421731] [lifecycle_manager_navigation]: [34m[1mConfiguring planner_server[0m[0m
[planner_server-3] [INFO] [1785538466.951677146] [planner_server]: Configuring
[planner_server-3] [INFO] [1785538466.951708905] [global_costmap.global_costmap]: Configuring
[planner_server-3] [INFO] [1785538466.960564084] [global_costmap.global_costmap]: Using plugin "obstacle_layer"
[planner_server-3] [INFO] [1785538466.968751222] [global_costmap.global_costmap]: Subscribed to Topics: scan
[planner_server-3] [INFO] [1785538466.977250157] [global_costmap.global_costmap]: Initialized plugin "obstacle_layer"
[planner_server-3] [INFO] [1785538466.977302076] [global_costmap.global_costmap]: Using plugin "inflation_layer"
[planner_server-3] [INFO] [1785538466.977869906] [global_costmap.global_costmap]: Initialized plugin "inflation_layer"
[planner_server-3] [INFO] [1785538466.988152784] [planner_server]: Created global planner plugin GridBased of type nav2_navfn_planner/NavfnPlanner
[planner_server-3] [INFO] [1785538466.988238095] [planner_server]: Configuring plugin GridBased of type NavfnPlanner
[planner_server-3] [INFO] [1785538466.990881310] [planner_server]: Planner Server has GridBased  planners available.
[lifecycle_manager-8] [INFO] [1785538467.002330634] [lifecycle_manager_navigation]: [34m[1mConfiguring behavior_server[0m[0m
[behavior_server-4] [INFO] [1785538467.002623887] [behavior_server]: Configuring
[behavior_server-4] [INFO] [1785538467.015136222] [behavior_server]: Creating behavior plugin spin of type nav2_behaviors/Spin
[behavior_server-4] [INFO] [1785538467.018275778] [behavior_server]: Configuring spin
[behavior_server-4] [INFO] [1785538467.025118401] [behavior_server]: Creating behavior plugin backup of type nav2_behaviors/BackUp
[behavior_server-4] [INFO] [1785538467.029897798] [behavior_server]: Configuring backup
[behavior_server-4] [INFO] [1785538467.037348460] [behavior_server]: Creating behavior plugin wait of type nav2_behaviors/Wait
[behavior_server-4] [INFO] [1785538467.039193196] [behavior_server]: Configuring wait
[lifecycle_manager-8] [INFO] [1785538467.043406797] [lifecycle_manager_navigation]: [34m[1mConfiguring bt_navigator[0m[0m
[bt_navigator-5] [INFO] [1785538467.043695152] [bt_navigator]: Configuring
[lifecycle_manager-8] [INFO] [1785538467.203406336] [lifecycle_manager_navigation]: [34m[1mConfiguring waypoint_follower[0m[0m
[waypoint_follower-6] [INFO] [1785538467.203962109] [waypoint_follower]: Configuring
[waypoint_follower-6] [INFO] [1785538467.218145380] [waypoint_follower]: Created waypoint_task_executor : wait_at_waypoint of type nav2_waypoint_follower::WaitAtWaypoint
[waypoint_follower-6] [INFO] [1785538467.219647403] [waypoint_follower]: Waypoint pause duration is set to zero, disabling task executor plugin.
[lifecycle_manager-8] [INFO] [1785538467.220829394] [lifecycle_manager_navigation]: [34m[1mConfiguring velocity_smoother[0m[0m
[velocity_smoother-7] [INFO] [1785538467.221397016] [velocity_smoother]: Configuring velocity smoother
[lifecycle_manager-8] [INFO] [1785538467.231852081] [lifecycle_manager_navigation]: [34m[1mActivating controller_server[0m[0m
[controller_server-1] [INFO] [1785538467.232101850] [controller_server]: Activating
[controller_server-1] [INFO] [1785538467.232154561] [local_costmap.local_costmap]: Activating
[controller_server-1] [INFO] [1785538467.232172766] [local_costmap.local_costmap]: Checking transform
[controller_server-1] [INFO] [1785538467.232430185] [local_costmap.local_costmap]: start
[controller_server-1] [INFO] [1785538467.434092711] [controller_server]: Creating bond (controller_server) to lifecycle manager.
[lifecycle_manager-8] [INFO] [1785538467.549883264] [lifecycle_manager_navigation]: Server controller_server connected with bond.
[lifecycle_manager-8] [INFO] [1785538467.549950900] [lifecycle_manager_navigation]: [34m[1mActivating smoother_server[0m[0m
[smoother_server-2] [INFO] [1785538467.550242989] [smoother_server]: Activating
[smoother_server-2] [INFO] [1785538467.550284678] [smoother_server]: Creating bond (smoother_server) to lifecycle manager.
[lifecycle_manager-8] [INFO] [1785538467.657823936] [lifecycle_manager_navigation]: Server smoother_server connected with bond.
[lifecycle_manager-8] [INFO] [1785538467.657893826] [lifecycle_manager_navigation]: [34m[1mActivating planner_server[0m[0m
[planner_server-3] [INFO] [1785538467.659270937] [planner_server]: Activating
[planner_server-3] [INFO] [1785538467.659353549] [global_costmap.global_costmap]: Activating
[planner_server-3] [INFO] [1785538467.659373565] [global_costmap.global_costmap]: Checking transform
[planner_server-3] [INFO] [1785538467.659655209] [global_costmap.global_costmap]: start
[planner_server-3] [INFO] [1785538468.711101753] [planner_server]: Activating plugin GridBased of type NavfnPlanner
[planner_server-3] [INFO] [1785538468.713512452] [planner_server]: Creating bond (planner_server) to lifecycle manager.
[lifecycle_manager-8] [INFO] [1785538468.819905563] [lifecycle_manager_navigation]: Server planner_server connected with bond.
[lifecycle_manager-8] [INFO] [1785538468.819969445] [lifecycle_manager_navigation]: [34m[1mActivating behavior_server[0m[0m
[behavior_server-4] [INFO] [1785538468.820454617] [behavior_server]: Activating
[behavior_server-4] [INFO] [1785538468.820493150] [behavior_server]: Activating spin
[behavior_server-4] [INFO] [1785538468.820510929] [behavior_server]: Activating backup
[behavior_server-4] [INFO] [1785538468.820524341] [behavior_server]: Activating wait
[behavior_server-4] [INFO] [1785538468.820541537] [behavior_server]: Creating bond (behavior_server) to lifecycle manager.
[lifecycle_manager-8] [INFO] [1785538468.939993895] [lifecycle_manager_navigation]: Server behavior_server connected with bond.
[lifecycle_manager-8] [INFO] [1785538468.940090455] [lifecycle_manager_navigation]: [34m[1mActivating bt_navigator[0m[0m
[bt_navigator-5] [INFO] [1785538468.944506126] [bt_navigator]: Activating
[bt_navigator-5] [INFO] [1785538469.066604581] [bt_navigator]: Creating bond (bt_navigator) to lifecycle manager.
[lifecycle_manager-8] [INFO] [1785538469.181684211] [lifecycle_manager_navigation]: Server bt_navigator connected with bond.
[lifecycle_manager-8] [INFO] [1785538469.181754797] [lifecycle_manager_navigation]: [34m[1mActivating waypoint_follower[0m[0m
[waypoint_follower-6] [INFO] [1785538469.184236555] [waypoint_follower]: Activating
[waypoint_follower-6] [INFO] [1785538469.184412718] [waypoint_follower]: Creating bond (waypoint_follower) to lifecycle manager.
[lifecycle_manager-8] [INFO] [1785538469.300550080] [lifecycle_manager_navigation]: Server waypoint_follower connected with bond.
[lifecycle_manager-8] [INFO] [1785538469.300698683] [lifecycle_manager_navigation]: [34m[1mActivating velocity_smoother[0m[0m
[velocity_smoother-7] [INFO] [1785538469.301154637] [velocity_smoother]: Activating
[velocity_smoother-7] [INFO] [1785538469.301283658] [velocity_smoother]: Creating bond (velocity_smoother) to lifecycle manager.
[lifecycle_manager-8] [INFO] [1785538469.409743771] [lifecycle_manager_navigation]: Server velocity_smoother connected with bond.
[lifecycle_manager-8] [INFO] [1785538469.409831462] [lifecycle_manager_navigation]: [34m[1mManaged nodes are active[0m[0m
[lifecycle_manager-8] [INFO] [1785538469.409848066] [lifecycle_manager_navigation]: [34m[1mCreating bond timer...[0m[0m
[bt_navigator-5] [INFO] [1785538484.641118198] [bt_navigator]: Begin navigating from current location (0.10, -0.09) to (-6.00, -0.50)
[controller_server-1] [INFO] [1785538484.665146285] [controller_server]: Received a goal, begin computing control effort.
[controller_server-1] [WARN] [1785538484.665252621] [controller_server]: No goal checker was specified in parameter 'current_goal_checker'. Server will use only plugin loaded goal_checker . This warning will appear once.
[controller_server-1] [INFO] [1785538485.715677689] [controller_server]: Passing new path to controller.
[controller_server-1] [INFO] [1785538486.715841575] [controller_server]: Passing new path to controller.
[controller_server-1] [INFO] [1785538487.765936494] [controller_server]: Passing new path to controller.
[controller_server-1] [INFO] [1785538488.815663895] [controller_server]: Passing new path to controller.
[controller_server-1] [INFO] [1785538489.818114239] [controller_server]: Passing new path to controller.
[controller_server-1] [INFO] [1785538490.865674922] [controller_server]: Passing new path to controller.
[controller_server-1] [INFO] [1785538491.865670189] [controller_server]: Passing new path to controller.
[controller_server-1] [INFO] [1785538492.917212958] [controller_server]: Passing new path to controller.
[controller_server-1] [INFO] [1785538493.916054293] [controller_server]: Passing new path to controller.
[controller_server-1] [INFO] [1785538494.965743214] [controller_server]: Passing new path to controller.
[controller_server-1] [INFO] [1785538496.016062791] [controller_server]: Passing new path to controller.
[controller_server-1] [INFO] [1785538497.016007376] [controller_server]: Passing new path to controller.
[controller_server-1] [INFO] [1785538498.065685785] [controller_server]: Passing new path to controller.
[controller_server-1] [INFO] [1785538499.065685014] [controller_server]: Passing new path to controller.
[bt_navigator-5] [WARN] [1785538499.651079918] [BehaviorTreeEngine]: Behavior Tree tick rate 100.00 was exceeded!
[bt_navigator-5] [WARN] [1785538499.651419688] [BehaviorTreeEngine]: Behavior Tree tick rate 100.00 was exceeded!
[bt_navigator-5] [WARN] [1785538499.679342707] [BehaviorTreeEngine]: Behavior Tree tick rate 100.00 was exceeded!
[bt_navigator-5] [WARN] [1785538499.733899341] [BehaviorTreeEngine]: Behavior Tree tick rate 100.00 was exceeded!
[controller_server-1] [INFO] [1785538500.115713535] [controller_server]: Passing new path to controller.
[controller_server-1] [INFO] [1785538501.115722397] [controller_server]: Passing new path to controller.
[bt_navigator-5] [WARN] [1785538502.101560698] [BehaviorTreeEngine]: Behavior Tree tick rate 100.00 was exceeded!
[bt_navigator-5] [WARN] [1785538502.147775176] [BehaviorTreeEngine]: Behavior Tree tick rate 100.00 was exceeded!
[controller_server-1] [WARN] [1785538502.155645889] [controller_server]: Control loop missed its desired rate of 20.0000Hz
[controller_server-1] [INFO] [1785538502.215902808] [controller_server]: Passing new path to controller.
[bt_navigator-5] [WARN] [1785538502.530383408] [BehaviorTreeEngine]: Behavior Tree tick rate 100.00 was exceeded!
[bt_navigator-5] [WARN] [1785538502.613012812] [BehaviorTreeEngine]: Behavior Tree tick rate 100.00 was exceeded!
[bt_navigator-5] [WARN] [1785538502.662238666] [BehaviorTreeEngine]: Behavior Tree tick rate 100.00 was exceeded!
[bt_navigator-5] [WARN] [1785538502.876374487] [BehaviorTreeEngine]: Behavior Tree tick rate 100.00 was exceeded!
[bt_navigator-5] [WARN] [1785538502.953976732] [BehaviorTreeEngine]: Behavior Tree tick rate 100.00 was exceeded!
[bt_navigator-5] [WARN] [1785538503.065691270] [BehaviorTreeEngine]: Behavior Tree tick rate 100.00 was exceeded!
[bt_navigator-5] [WARN] [1785538503.125632776] [BehaviorTreeEngine]: Behavior Tree tick rate 100.00 was exceeded!
[bt_navigator-5] [WARN] [1785538503.127014719] [BehaviorTreeEngine]: Behavior Tree tick rate 100.00 was exceeded!
[controller_server-1] [INFO] [1785538503.215665074] [controller_server]: Passing new path to controller.
[bt_navigator-5] [WARN] [1785538503.280439647] [BehaviorTreeEngine]: Behavior Tree tick rate 100.00 was exceeded!
[bt_navigator-5] [WARN] [1785538503.434207400] [BehaviorTreeEngine]: Behavior Tree tick rate 100.00 was exceeded!
[controller_server-1] [WARN] [1785538503.440992898] [controller_server]: Control loop missed its desired rate of 20.0000Hz
[bt_navigator-5] [WARN] [1785538503.454766987] [BehaviorTreeEngine]: Behavior Tree tick rate 100.00 was exceeded!
[controller_server-1] [WARN] [1785538503.473194656] [controller_server]: Control loop missed its desired rate of 20.0000Hz
[bt_navigator-5] [WARN] [1785538503.501091557] [BehaviorTreeEngine]: Behavior Tree tick rate 100.00 was exceeded!
[bt_navigator-5] [WARN] [1785538503.635334047] [BehaviorTreeEngine]: Behavior Tree tick rate 100.00 was exceeded!
[bt_navigator-5] [WARN] [1785538503.686402678] [BehaviorTreeEngine]: Behavior Tree tick rate 100.00 was exceeded!
[bt_navigator-5] [WARN] [1785538503.738267283] [BehaviorTreeEngine]: Behavior Tree tick rate 100.00 was exceeded!
[bt_navigator-5] [WARN] [1785538503.796542400] [BehaviorTreeEngine]: Behavior Tree tick rate 100.00 was exceeded!
[bt_navigator-5] [WARN] [1785538503.921410012] [BehaviorTreeEngine]: Behavior Tree tick rate 100.00 was exceeded!
[bt_navigator-5] [WARN] [1785538503.996747383] [BehaviorTreeEngine]: Behavior Tree tick rate 100.00 was exceeded!
[controller_server-1] [INFO] [1785538504.265780234] [controller_server]: Passing new path to controller.
[bt_navigator-5] [WARN] [1785538504.556942768] [BehaviorTreeEngine]: Behavior Tree tick rate 100.00 was exceeded!
[bt_navigator-5] [WARN] [1785538504.805084866] [BehaviorTreeEngine]: Behavior Tree tick rate 100.00 was exceeded!
[bt_navigator-5] [WARN] [1785538504.809654231] [BehaviorTreeEngine]: Behavior Tree tick rate 100.00 was exceeded!
[bt_navigator-5] [WARN] [1785538504.858927888] [BehaviorTreeEngine]: Behavior Tree tick rate 100.00 was exceeded!
[bt_navigator-5] [WARN] [1785538504.920116870] [BehaviorTreeEngine]: Behavior Tree tick rate 100.00 was exceeded!
[controller_server-1] [INFO] [1785538505.265699163] [controller_server]: Passing new path to controller.
[bt_navigator-5] [WARN] [1785538506.030414119] [BehaviorTreeEngine]: Behavior Tree tick rate 100.00 was exceeded!
[bt_navigator-5] [WARN] [1785538506.062180815] [BehaviorTreeEngine]: Behavior Tree tick rate 100.00 was exceeded!
[bt_navigator-5] [WARN] [1785538506.109298632] [BehaviorTreeEngine]: Behavior Tree tick rate 100.00 was exceeded!
[bt_navigator-5] [WARN] [1785538506.249559699] [BehaviorTreeEngine]: Behavior Tree tick rate 100.00 was exceeded!
[bt_navigator-5] [WARN] [1785538506.281257426] [BehaviorTreeEngine]: Behavior Tree tick rate 100.00 was exceeded!
[controller_server-1] [INFO] [1785538506.315925158] [controller_server]: Passing new path to controller.
[controller_server-1] [INFO] [1785538507.365702162] [controller_server]: Passing new path to controller.
[controller_server-1] [INFO] [1785538508.365771673] [controller_server]: Passing new path to controller.
[bt_navigator-5] [WARN] [1785538508.473368772] [BehaviorTreeEngine]: Behavior Tree tick rate 100.00 was exceeded!
[bt_navigator-5] [WARN] [1785538508.493446683] [BehaviorTreeEngine]: Behavior Tree tick rate 100.00 was exceeded!
[bt_navigator-5] [WARN] [1785538508.562119831] [BehaviorTreeEngine]: Behavior Tree tick rate 100.00 was exceeded!
[controller_server-1] [INFO] [1785538509.415766911] [controller_server]: Passing new path to controller.
[bt_navigator-5] [WARN] [1785538510.275630825] [BehaviorTreeEngine]: Behavior Tree tick rate 100.00 was exceeded!
[controller_server-1] [INFO] [1785538510.415928807] [controller_server]: Passing new path to controller.
[bt_navigator-5] [WARN] [1785538511.442232287] [BehaviorTreeEngine]: Behavior Tree tick rate 100.00 was exceeded!
[controller_server-1] [INFO] [1785538511.465716930] [controller_server]: Passing new path to controller.
[bt_navigator-5] [WARN] [1785538512.045470601] [BehaviorTreeEngine]: Behavior Tree tick rate 100.00 was exceeded!
[controller_server-1] [INFO] [1785538512.515722393] [controller_server]: Passing new path to controller.
[controller_server-1] [INFO] [1785538513.515684990] [controller_server]: Passing new path to controller.
[controller_server-1] [INFO] [1785538514.565749696] [controller_server]: Passing new path to controller.
[controller_server-1] [INFO] [1785538515.565680298] [controller_server]: Passing new path to controller.
[controller_server-1] [INFO] [1785538515.868674034] [controller_server]: Reached the goal!
[bt_navigator-5] [INFO] [1785538515.907758912] [bt_navigator]: Goal succeeded
[bt_navigator-5] [INFO] [1785538519.668840790] [bt_navigator]: Begin navigating from current location (-5.94, -0.33) to (-7.00, 2.00)
[controller_server-1] [INFO] [1785538519.700162028] [controller_server]: Received a goal, begin computing control effort.
[controller_server-1] [INFO] [1785538520.750642454] [controller_server]: Passing new path to controller.
[controller_server-1] [INFO] [1785538521.800511146] [controller_server]: Passing new path to controller.
[controller_server-1] [INFO] [1785538522.850511957] [controller_server]: Passing new path to controller.
[controller_server-1] [INFO] [1785538523.902614586] [controller_server]: Passing new path to controller.
[controller_server-1] [INFO] [1785538524.900533665] [controller_server]: Passing new path to controller.
[controller_server-1] [INFO] [1785538525.950550732] [controller_server]: Passing new path to controller.
[controller_server-1] [INFO] [1785538526.950471854] [controller_server]: Passing new path to controller.
[controller_server-1] [INFO] [1785538528.001323237] [controller_server]: Passing new path to controller.
[controller_server-1] [INFO] [1785538529.050528872] [controller_server]: Passing new path to controller.
[controller_server-1] [INFO] [1785538530.050517601] [controller_server]: Passing new path to controller.
[controller_server-1] [INFO] [1785538531.100594753] [controller_server]: Passing new path to controller.
[bt_navigator-5] [WARN] [1785538531.711034972] [BehaviorTreeEngine]: Behavior Tree tick rate 100.00 was exceeded!
[controller_server-1] [INFO] [1785538532.100515534] [controller_server]: Passing new path to controller.
[bt_navigator-5] [WARN] [1785538532.720412159] [BehaviorTreeEngine]: Behavior Tree tick rate 100.00 was exceeded!
[controller_server-1] [INFO] [1785538533.151056143] [controller_server]: Passing new path to controller.
[bt_navigator-5] [WARN] [1785538533.565569446] [BehaviorTreeEngine]: Behavior Tree tick rate 100.00 was exceeded!
[controller_server-1] [INFO] [1785538534.150522902] [controller_server]: Passing new path to controller.
[controller_server-1] [INFO] [1785538534.454257465] [controller_server]: Reached the goal!
[bt_navigator-5] [INFO] [1785538534.490384129] [bt_navigator]: Goal succeeded
[bt_navigator-5] [INFO] [1785538537.955463689] [bt_navigator]: Begin navigating from current location (-7.08, 1.95) to (2.00, 4.00)
[controller_server-1] [INFO] [1785538537.980387867] [controller_server]: Received a goal, begin computing control effort.
[controller_server-1] [INFO] [1785538539.030776966] [controller_server]: Passing new path to controller.
[controller_server-1] [INFO] [1785538540.030825273] [controller_server]: Passing new path to controller.
[controller_server-1] [INFO] [1785538541.081221804] [controller_server]: Passing new path to controller.
[controller_server-1] [INFO] [1785538542.130781542] [controller_server]: Passing new path to controller.
[controller_server-1] [INFO] [1785538543.180788800] [controller_server]: Passing new path to controller.
[controller_server-1] [INFO] [1785538544.230788578] [controller_server]: Passing new path to controller.
[controller_server-1] [INFO] [1785538545.231021525] [controller_server]: Passing new path to controller.
[controller_server-1] [INFO] [1785538546.280769688] [controller_server]: Passing new path to controller.
[controller_server-1] [INFO] [1785538547.330867620] [controller_server]: Passing new path to controller.
[controller_server-1] [INFO] [1785538548.380822301] [controller_server]: Passing new path to controller.
[controller_server-1] [INFO] [1785538549.430781258] [controller_server]: Passing new path to controller.
[bt_navigator-5] [WARN] [1785538550.248399769] [BehaviorTreeEngine]: Behavior Tree tick rate 100.00 was exceeded!
[controller_server-1] [INFO] [1785538550.430773149] [controller_server]: Passing new path to controller.
[controller_server-1] [INFO] [1785538551.480994905] [controller_server]: Passing new path to controller.
[controller_server-1] [INFO] [1785538552.530809523] [controller_server]: Passing new path to controller.
[controller_server-1] [INFO] [1785538553.580921490] [controller_server]: Passing new path to controller.
[controller_server-1] [INFO] [1785538554.580797788] [controller_server]: Passing new path to controller.
[controller_server-1] [INFO] [1785538555.630745112] [controller_server]: Passing new path to controller.
[controller_server-1] [INFO] [1785538556.680747114] [controller_server]: Passing new path to controller.
[controller_server-1] [INFO] [1785538557.730895227] [controller_server]: Passing new path to controller.
[bt_navigator-5] [WARN] [1785538557.783543154] [BehaviorTreeEngine]: Behavior Tree tick rate 100.00 was exceeded!
[bt_navigator-5] [WARN] [1785538558.634542863] [BehaviorTreeEngine]: Behavior Tree tick rate 100.00 was exceeded!
[bt_navigator-5] [WARN] [1785538558.760756561] [BehaviorTreeEngine]: Behavior Tree tick rate 100.00 was exceeded!
[bt_navigator-5] [WARN] [1785538558.779659263] [BehaviorTreeEngine]: Behavior Tree tick rate 100.00 was exceeded!
[controller_server-1] [INFO] [1785538558.783846016] [controller_server]: Passing new path to controller.
[bt_navigator-5] [WARN] [1785538559.085742794] [BehaviorTreeEngine]: Behavior Tree tick rate 100.00 was exceeded!
[bt_navigator-5] [WARN] [1785538559.101733495] [BehaviorTreeEngine]: Behavior Tree tick rate 100.00 was exceeded!
[bt_navigator-5] [WARN] [1785538559.159624363] [BehaviorTreeEngine]: Behavior Tree tick rate 100.00 was exceeded!
[bt_navigator-5] [WARN] [1785538559.248431112] [BehaviorTreeEngine]: Behavior Tree tick rate 100.00 was exceeded!
[bt_navigator-5] [WARN] [1785538559.300619517] [BehaviorTreeEngine]: Behavior Tree tick rate 100.00 was exceeded!
[bt_navigator-5] [WARN] [1785538559.345107003] [BehaviorTreeEngine]: Behavior Tree tick rate 100.00 was exceeded!
[bt_navigator-5] [WARN] [1785538559.440231317] [BehaviorTreeEngine]: Behavior Tree tick rate 100.00 was exceeded!
[bt_navigator-5] [WARN] [1785538559.723369267] [BehaviorTreeEngine]: Behavior Tree tick rate 100.00 was exceeded!
[bt_navigator-5] [WARN] [1785538559.846552778] [BehaviorTreeEngine]: Behavior Tree tick rate 100.00 was exceeded!
[bt_navigator-5] [WARN] [1785538559.867777094] [BehaviorTreeEngine]: Behavior Tree tick rate 100.00 was exceeded!
[bt_navigator-5] [WARN] [1785538559.950617380] [BehaviorTreeEngine]: Behavior Tree tick rate 100.00 was exceeded!
[controller_server-1] [INFO] [1785538559.951169069] [controller_server]: Passing new path to controller.
[bt_navigator-5] [WARN] [1785538560.176471897] [BehaviorTreeEngine]: Behavior Tree tick rate 100.00 was exceeded!
[bt_navigator-5] [WARN] [1785538560.469077625] [BehaviorTreeEngine]: Behavior Tree tick rate 100.00 was exceeded!
[bt_navigator-5] [WARN] [1785538560.476707651] [BehaviorTreeEngine]: Behavior Tree tick rate 100.00 was exceeded!
[bt_navigator-5] [WARN] [1785538560.612470259] [BehaviorTreeEngine]: Behavior Tree tick rate 100.00 was exceeded!
[bt_navigator-5] [WARN] [1785538560.712116524] [BehaviorTreeEngine]: Behavior Tree tick rate 100.00 was exceeded!
[bt_navigator-5] [WARN] [1785538560.766909556] [BehaviorTreeEngine]: Behavior Tree tick rate 100.00 was exceeded!
[bt_navigator-5] [WARN] [1785538560.776722833] [BehaviorTreeEngine]: Behavior Tree tick rate 100.00 was exceeded!
[bt_navigator-5] [WARN] [1785538560.796849140] [BehaviorTreeEngine]: Behavior Tree tick rate 100.00 was exceeded!
[bt_navigator-5] [WARN] [1785538560.911000988] [BehaviorTreeEngine]: Behavior Tree tick rate 100.00 was exceeded!
[controller_server-1] [INFO] [1785538560.981222164] [controller_server]: Passing new path to controller.
[bt_navigator-5] [WARN] [1785538561.323825456] [BehaviorTreeEngine]: Behavior Tree tick rate 100.00 was exceeded!
[bt_navigator-5] [WARN] [1785538561.864989681] [BehaviorTreeEngine]: Behavior Tree tick rate 100.00 was exceeded!
[controller_server-1] [INFO] [1785538562.030792371] [controller_server]: Passing new path to controller.
[controller_server-1] [INFO] [1785538563.031408635] [controller_server]: Passing new path to controller.
[bt_navigator-5] [WARN] [1785538563.255821041] [BehaviorTreeEngine]: Behavior Tree tick rate 100.00 was exceeded!
[bt_navigator-5] [WARN] [1785538563.276137982] [BehaviorTreeEngine]: Behavior Tree tick rate 100.00 was exceeded!
[controller_server-1] [INFO] [1785538564.080804101] [controller_server]: Passing new path to controller.
[controller_server-1] [INFO] [1785538565.180808613] [controller_server]: Passing new path to controller.
[bt_navigator-5] [WARN] [1785538565.246569965] [BehaviorTreeEngine]: Behavior Tree tick rate 100.00 was exceeded!
[bt_navigator-5] [WARN] [1785538565.276345552] [BehaviorTreeEngine]: Behavior Tree tick rate 100.00 was exceeded!
[bt_navigator-5] [WARN] [1785538565.529146058] [BehaviorTreeEngine]: Behavior Tree tick rate 100.00 was exceeded!
[bt_navigator-5] [WARN] [1785538565.675057688] [BehaviorTreeEngine]: Behavior Tree tick rate 100.00 was exceeded!
[bt_navigator-5] [WARN] [1785538565.756907637] [BehaviorTreeEngine]: Behavior Tree tick rate 100.00 was exceeded!
[bt_navigator-5] [WARN] [1785538565.788686451] [BehaviorTreeEngine]: Behavior Tree tick rate 100.00 was exceeded!
[bt_navigator-5] [WARN] [1785538565.874546144] [BehaviorTreeEngine]: Behavior Tree tick rate 100.00 was exceeded!
[bt_navigator-5] [WARN] [1785538566.061894977] [BehaviorTreeEngine]: Behavior Tree tick rate 100.00 was exceeded!
[bt_navigator-5] [WARN] [1785538566.141370175] [BehaviorTreeEngine]: Behavior Tree tick rate 100.00 was exceeded!
[bt_navigator-5] [WARN] [1785538566.204644654] [BehaviorTreeEngine]: Behavior Tree tick rate 100.00 was exceeded!
[bt_navigator-5] [WARN] [1785538566.209615626] [BehaviorTreeEngine]: Behavior Tree tick rate 100.00 was exceeded!
[bt_navigator-5] [WARN] [1785538566.280088860] [BehaviorTreeEngine]: Behavior Tree tick rate 100.00 was exceeded!
[controller_server-1] [INFO] [1785538566.283848581] [controller_server]: Passing new path to controller.
[bt_navigator-5] [WARN] [1785538566.457165459] [BehaviorTreeEngine]: Behavior Tree tick rate 100.00 was exceeded!
[bt_navigator-5] [WARN] [1785538566.568179823] [BehaviorTreeEngine]: Behavior Tree tick rate 100.00 was exceeded!
[bt_navigator-5] [WARN] [1785538566.720643196] [BehaviorTreeEngine]: Behavior Tree tick rate 100.00 was exceeded!
[bt_navigator-5] [WARN] [1785538566.740636946] [BehaviorTreeEngine]: Behavior Tree tick rate 100.00 was exceeded!
[controller_server-1] [INFO] [1785538567.330849659] [controller_server]: Passing new path to controller.
[controller_server-1] [INFO] [1785538568.330992235] [controller_server]: Passing new path to controller.
[controller_server-1] [INFO] [1785538569.380800479] [controller_server]: Passing new path to controller.
[controller_server-1] [INFO] [1785538570.430758938] [controller_server]: Passing new path to controller.
[controller_server-1] [INFO] [1785538571.481613585] [controller_server]: Passing new path to controller.
[controller_server-1] [INFO] [1785538572.530793922] [controller_server]: Passing new path to controller.
[controller_server-1] [INFO] [1785538573.533396311] [controller_server]: Passing new path to controller.
[controller_server-1] [INFO] [1785538574.580831298] [controller_server]: Passing new path to controller.
[bt_navigator-5] [WARN] [1785538575.176330581] [BehaviorTreeEngine]: Behavior Tree tick rate 100.00 was exceeded!
[bt_navigator-5] [WARN] [1785538575.228581030] [BehaviorTreeEngine]: Behavior Tree tick rate 100.00 was exceeded!
[controller_server-1] [INFO] [1785538575.632113483] [controller_server]: Passing new path to controller.
[bt_navigator-5] [WARN] [1785538576.049144573] [BehaviorTreeEngine]: Behavior Tree tick rate 100.00 was exceeded!
[bt_navigator-5] [WARN] [1785538576.110674936] [BehaviorTreeEngine]: Behavior Tree tick rate 100.00 was exceeded!
[bt_navigator-5] [WARN] [1785538576.369198967] [BehaviorTreeEngine]: Behavior Tree tick rate 100.00 was exceeded!
[bt_navigator-5] [WARN] [1785538576.661319983] [BehaviorTreeEngine]: Behavior Tree tick rate 100.00 was exceeded!
[controller_server-1] [INFO] [1785538576.680994704] [controller_server]: Passing new path to controller.
[bt_navigator-5] [WARN] [1785538576.851306430] [BehaviorTreeEngine]: Behavior Tree tick rate 100.00 was exceeded!
[bt_navigator-5] [WARN] [1785538576.958040127] [BehaviorTreeEngine]: Behavior Tree tick rate 100.00 was exceeded!
[bt_navigator-5] [WARN] [1785538577.055884662] [BehaviorTreeEngine]: Behavior Tree tick rate 100.00 was exceeded!
[bt_navigator-5] [WARN] [1785538577.146192408] [BehaviorTreeEngine]: Behavior Tree tick rate 100.00 was exceeded!
[bt_navigator-5] [WARN] [1785538577.208835124] [BehaviorTreeEngine]: Behavior Tree tick rate 100.00 was exceeded!
[bt_navigator-5] [WARN] [1785538577.404523725] [BehaviorTreeEngine]: Behavior Tree tick rate 100.00 was exceeded!
[bt_navigator-5] [WARN] [1785538577.446863847] [BehaviorTreeEngine]: Behavior Tree tick rate 100.00 was exceeded!
[controller_server-1] [INFO] [1785538577.780872734] [controller_server]: Passing new path to controller.
[controller_server-1] [INFO] [1785538578.780763103] [controller_server]: Passing new path to controller.
[controller_server-1] [INFO] [1785538579.830821046] [controller_server]: Passing new path to controller.
[bt_navigator-5] [WARN] [1785538579.960978072] [BehaviorTreeEngine]: Behavior Tree tick rate 100.00 was exceeded!
[controller_server-1] [INFO] [1785538580.882588947] [controller_server]: Passing new path to controller.
[controller_server-1] [INFO] [1785538581.930844707] [controller_server]: Passing new path to controller.
[bt_navigator-5] [WARN] [1785538582.678809593] [BehaviorTreeEngine]: Behavior Tree tick rate 100.00 was exceeded!
[bt_navigator-5] [WARN] [1785538582.744569010] [BehaviorTreeEngine]: Behavior Tree tick rate 100.00 was exceeded!
[bt_navigator-5] [WARN] [1785538582.839799046] [BehaviorTreeEngine]: Behavior Tree tick rate 100.00 was exceeded!
[bt_navigator-5] [WARN] [1785538582.928368353] [BehaviorTreeEngine]: Behavior Tree tick rate 100.00 was exceeded!
[bt_navigator-5] [WARN] [1785538583.019144952] [BehaviorTreeEngine]: Behavior Tree tick rate 100.00 was exceeded!
[controller_server-1] [INFO] [1785538583.080799325] [controller_server]: Passing new path to controller.
[bt_navigator-5] [WARN] [1785538583.123893272] [BehaviorTreeEngine]: Behavior Tree tick rate 100.00 was exceeded!
[bt_navigator-5] [WARN] [1785538583.155083480] [BehaviorTreeEngine]: Behavior Tree tick rate 100.00 was exceeded!
[bt_navigator-5] [WARN] [1785538583.298657261] [BehaviorTreeEngine]: Behavior Tree tick rate 100.00 was exceeded!
[bt_navigator-5] [WARN] [1785538583.315507183] [BehaviorTreeEngine]: Behavior Tree tick rate 100.00 was exceeded!
[bt_navigator-5] [WARN] [1785538583.332220257] [BehaviorTreeEngine]: Behavior Tree tick rate 100.00 was exceeded!
[bt_navigator-5] [WARN] [1785538583.346557190] [BehaviorTreeEngine]: Behavior Tree tick rate 100.00 was exceeded!
[bt_navigator-5] [WARN] [1785538583.473176226] [BehaviorTreeEngine]: Behavior Tree tick rate 100.00 was exceeded!
[bt_navigator-5] [WARN] [1785538583.508231413] [BehaviorTreeEngine]: Behavior Tree tick rate 100.00 was exceeded!
[bt_navigator-5] [WARN] [1785538583.521295720] [BehaviorTreeEngine]: Behavior Tree tick rate 100.00 was exceeded!
[bt_navigator-5] [WARN] [1785538583.524469444] [BehaviorTreeEngine]: Behavior Tree tick rate 100.00 was exceeded!
[controller_server-1] [INFO] [1785538584.030851381] [controller_server]: Passing new path to controller.
[controller_server-1] [INFO] [1785538585.080826290] [controller_server]: Passing new path to controller.
[controller_server-1] [INFO] [1785538586.130815861] [controller_server]: Passing new path to controller.
[controller_server-1] [INFO] [1785538587.180897901] [controller_server]: Passing new path to controller.
[controller_server-1] [INFO] [1785538588.232378237] [controller_server]: Passing new path to controller.
[controller_server-1] [INFO] [1785538589.280852928] [controller_server]: Passing new path to controller.
[controller_server-1] [INFO] [1785538590.330829012] [controller_server]: Passing new path to controller.
[bt_navigator-5] [WARN] [1785538590.403539245] [BehaviorTreeEngine]: Behavior Tree tick rate 100.00 was exceeded!
[bt_navigator-5] [WARN] [1785538590.446838806] [BehaviorTreeEngine]: Behavior Tree tick rate 100.00 was exceeded!
[bt_navigator-5] [WARN] [1785538590.500163501] [BehaviorTreeEngine]: Behavior Tree tick rate 100.00 was exceeded!
[bt_navigator-5] [WARN] [1785538590.839200681] [BehaviorTreeEngine]: Behavior Tree tick rate 100.00 was exceeded!
[bt_navigator-5] [WARN] [1785538591.009136682] [BehaviorTreeEngine]: Behavior Tree tick rate 100.00 was exceeded!
[controller_server-1] [INFO] [1785538591.330806641] [controller_server]: Passing new path to controller.
[controller_server-1] [INFO] [1785538592.380800838] [controller_server]: Passing new path to controller.
[controller_server-1] [INFO] [1785538593.430828715] [controller_server]: Passing new path to controller.
[controller_server-1] [INFO] [1785538594.480785189] [controller_server]: Passing new path to controller.
[bt_navigator-5] [WARN] [1785538594.733025370] [BehaviorTreeEngine]: Behavior Tree tick rate 100.00 was exceeded!
[bt_navigator-5] [WARN] [1785538594.864061142] [BehaviorTreeEngine]: Behavior Tree tick rate 100.00 was exceeded!
[controller_server-1] [INFO] [1785538595.484362023] [controller_server]: Passing new path to controller.
[bt_navigator-5] [WARN] [1785538595.599309364] [BehaviorTreeEngine]: Behavior Tree tick rate 100.00 was exceeded!
[bt_navigator-5] [WARN] [1785538595.614606779] [BehaviorTreeEngine]: Behavior Tree tick rate 100.00 was exceeded!
[bt_navigator-5] [WARN] [1785538595.654235338] [BehaviorTreeEngine]: Behavior Tree tick rate 100.00 was exceeded!
[bt_navigator-5] [WARN] [1785538595.998961096] [BehaviorTreeEngine]: Behavior Tree tick rate 100.00 was exceeded!
[bt_navigator-5] [WARN] [1785538596.055111611] [BehaviorTreeEngine]: Behavior Tree tick rate 100.00 was exceeded!
[bt_navigator-5] [WARN] [1785538596.543341504] [BehaviorTreeEngine]: Behavior Tree tick rate 100.00 was exceeded!
[bt_navigator-5] [WARN] [1785538596.614815600] [BehaviorTreeEngine]: Behavior Tree tick rate 100.00 was exceeded!
[controller_server-1] [INFO] [1785538596.632432506] [controller_server]: Passing new path to controller.
[bt_navigator-5] [WARN] [1785538596.651700466] [BehaviorTreeEngine]: Behavior Tree tick rate 100.00 was exceeded!
[bt_navigator-5] [WARN] [1785538596.654183918] [BehaviorTreeEngine]: Behavior Tree tick rate 100.00 was exceeded!
[bt_navigator-5] [WARN] [1785538596.712916041] [BehaviorTreeEngine]: Behavior Tree tick rate 100.00 was exceeded!
[bt_navigator-5] [WARN] [1785538596.713380838] [BehaviorTreeEngine]: Behavior Tree tick rate 100.00 was exceeded!
[bt_navigator-5] [WARN] [1785538596.783519694] [BehaviorTreeEngine]: Behavior Tree tick rate 100.00 was exceeded!
[bt_navigator-5] [WARN] [1785538596.936378742] [BehaviorTreeEngine]: Behavior Tree tick rate 100.00 was exceeded!
[bt_navigator-5] [WARN] [1785538597.046939373] [BehaviorTreeEngine]: Behavior Tree tick rate 100.00 was exceeded!
[bt_navigator-5] [WARN] [1785538597.161171540] [BehaviorTreeEngine]: Behavior Tree tick rate 100.00 was exceeded!
[bt_navigator-5] [WARN] [1785538597.220512774] [BehaviorTreeEngine]: Behavior Tree tick rate 100.00 was exceeded!
[bt_navigator-5] [WARN] [1785538597.306582449] [BehaviorTreeEngine]: Behavior Tree tick rate 100.00 was exceeded!
[bt_navigator-5] [WARN] [1785538597.411995677] [BehaviorTreeEngine]: Behavior Tree tick rate 100.00 was exceeded!
[bt_navigator-5] [WARN] [1785538597.513363751] [BehaviorTreeEngine]: Behavior Tree tick rate 100.00 was exceeded!
[bt_navigator-5] [WARN] [1785538597.644407498] [BehaviorTreeEngine]: Behavior Tree tick rate 100.00 was exceeded!
[controller_server-1] [INFO] [1785538597.680781759] [controller_server]: Passing new path to controller.
[bt_navigator-5] [WARN] [1785538597.718210975] [BehaviorTreeEngine]: Behavior Tree tick rate 100.00 was exceeded!
[bt_navigator-5] [WARN] [1785538597.819651120] [BehaviorTreeEngine]: Behavior Tree tick rate 100.00 was exceeded!
[bt_navigator-5] [WARN] [1785538597.875933510] [BehaviorTreeEngine]: Behavior Tree tick rate 100.00 was exceeded!
[bt_navigator-5] [WARN] [1785538597.976944509] [BehaviorTreeEngine]: Behavior Tree tick rate 100.00 was exceeded!
[bt_navigator-5] [WARN] [1785538598.060409875] [BehaviorTreeEngine]: Behavior Tree tick rate 100.00 was exceeded!
[bt_navigator-5] [WARN] [1785538598.367185300] [BehaviorTreeEngine]: Behavior Tree tick rate 100.00 was exceeded!
[bt_navigator-5] [WARN] [1785538598.407195655] [BehaviorTreeEngine]: Behavior Tree tick rate 100.00 was exceeded!
[controller_server-1] [WARN] [1785538598.495239395] [controller_server]: Control loop missed its desired rate of 20.0000Hz
[bt_navigator-5] [WARN] [1785538598.496567640] [BehaviorTreeEngine]: Behavior Tree tick rate 100.00 was exceeded!
[bt_navigator-5] [WARN] [1785538598.579919795] [BehaviorTreeEngine]: Behavior Tree tick rate 100.00 was exceeded!
[bt_navigator-5] [WARN] [1785538598.640486310] [BehaviorTreeEngine]: Behavior Tree tick rate 100.00 was exceeded!
[bt_navigator-5] [WARN] [1785538598.723671506] [BehaviorTreeEngine]: Behavior Tree tick rate 100.00 was exceeded!
[controller_server-1] [INFO] [1785538598.730859813] [controller_server]: Passing new path to controller.
[bt_navigator-5] [WARN] [1785538598.822593163] [BehaviorTreeEngine]: Behavior Tree tick rate 100.00 was exceeded!
[bt_navigator-5] [WARN] [1785538598.930539354] [BehaviorTreeEngine]: Behavior Tree tick rate 100.00 was exceeded!
[bt_navigator-5] [WARN] [1785538598.960610966] [BehaviorTreeEngine]: Behavior Tree tick rate 100.00 was exceeded!
[bt_navigator-5] [WARN] [1785538599.039368454] [BehaviorTreeEngine]: Behavior Tree tick rate 100.00 was exceeded!
[bt_navigator-5] [WARN] [1785538599.073769246] [BehaviorTreeEngine]: Behavior Tree tick rate 100.00 was exceeded!
[bt_navigator-5] [WARN] [1785538599.187039181] [BehaviorTreeEngine]: Behavior Tree tick rate 100.00 was exceeded!
[bt_navigator-5] [WARN] [1785538599.205638149] [BehaviorTreeEngine]: Behavior Tree tick rate 100.00 was exceeded!
[bt_navigator-5] [WARN] [1785538599.276875478] [BehaviorTreeEngine]: Behavior Tree tick rate 100.00 was exceeded!
[bt_navigator-5] [WARN] [1785538599.346002945] [BehaviorTreeEngine]: Behavior Tree tick rate 100.00 was exceeded!
[bt_navigator-5] [WARN] [1785538599.454273390] [BehaviorTreeEngine]: Behavior Tree tick rate 100.00 was exceeded!
[bt_navigator-5] [WARN] [1785538599.455934553] [BehaviorTreeEngine]: Behavior Tree tick rate 100.00 was exceeded!
[bt_navigator-5] [WARN] [1785538599.629084621] [BehaviorTreeEngine]: Behavior Tree tick rate 100.00 was exceeded!
[controller_server-1] [WARN] [1785538599.701826772] [controller_server]: Control loop missed its desired rate of 20.0000Hz
[bt_navigator-5] [WARN] [1785538599.741872821] [BehaviorTreeEngine]: Behavior Tree tick rate 100.00 was exceeded!
[bt_navigator-5] [WARN] [1785538599.741927693] [bt_navigator_navigate_to_pose_rclcpp_node]: Timed out while waiting for action server to acknowledge goal request for compute_path_to_pose
[planner_server-3] [INFO] [1785538599.755053690] [global_costmap.global_costmap]: Received request to clear entirely the global_costmap
[bt_navigator-5] [WARN] [1785538599.764014253] [bt_navigator_navigate_to_pose_rclcpp_node]: Node timed out while executing service call to global_costmap/clear_entirely_global_costmap.
[controller_server-1] [INFO] [1785538599.781328380] [controller_server]: Goal was canceled. Stopping the robot.
[controller_server-1] [INFO] [1785538599.781413417] [controller_server]: [follow_path] [ActionServer] Client requested to cancel the goal. Cancelling.
[bt_navigator-5] [ERROR] [1785538599.784545573] [bt_navigator_navigate_to_pose_rclcpp_node]: Failed to cancel action server for follow_path
[bt_navigator-5] [WARN] [1785538599.797300940] [BehaviorTreeEngine]: Behavior Tree tick rate 100.00 was exceeded!
[controller_server-1] [INFO] [1785538599.800022334] [local_costmap.local_costmap]: Received request to clear entirely the local_costmap
[planner_server-3] [INFO] [1785538599.805577579] [global_costmap.global_costmap]: Received request to clear entirely the global_costmap
[bt_navigator-5] [WARN] [1785538599.830799078] [BehaviorTreeEngine]: Behavior Tree tick rate 100.00 was exceeded!
[bt_navigator-5] [WARN] [1785538599.878498563] [BehaviorTreeEngine]: Behavior Tree tick rate 100.00 was exceeded!
[bt_navigator-5] [WARN] [1785538599.915631906] [BehaviorTreeEngine]: Behavior Tree tick rate 100.00 was exceeded!
[bt_navigator-5] [WARN] [1785538599.917986125] [BehaviorTreeEngine]: Behavior Tree tick rate 100.00 was exceeded!
[bt_navigator-5] [WARN] [1785538599.929915274] [BehaviorTreeEngine]: Behavior Tree tick rate 100.00 was exceeded!
[bt_navigator-5] [WARN] [1785538599.977949166] [BehaviorTreeEngine]: Behavior Tree tick rate 100.00 was exceeded!
[bt_navigator-5] [WARN] [1785538600.082071302] [BehaviorTreeEngine]: Behavior Tree tick rate 100.00 was exceeded!
[bt_navigator-5] [WARN] [1785538600.091072495] [BehaviorTreeEngine]: Behavior Tree tick rate 100.00 was exceeded!
[bt_navigator-5] [WARN] [1785538600.165242564] [BehaviorTreeEngine]: Behavior Tree tick rate 100.00 was exceeded!
[bt_navigator-5] [WARN] [1785538600.225131896] [BehaviorTreeEngine]: Behavior Tree tick rate 100.00 was exceeded!
[bt_navigator-5] [WARN] [1785538600.319259989] [BehaviorTreeEngine]: Behavior Tree tick rate 100.00 was exceeded!
[bt_navigator-5] [WARN] [1785538600.365245996] [BehaviorTreeEngine]: Behavior Tree tick rate 100.00 was exceeded!
[bt_navigator-5] [WARN] [1785538600.445417627] [BehaviorTreeEngine]: Behavior Tree tick rate 100.00 was exceeded!
[bt_navigator-5] [WARN] [1785538600.548466996] [BehaviorTreeEngine]: Behavior Tree tick rate 100.00 was exceeded!
[bt_navigator-5] [WARN] [1785538600.665415820] [BehaviorTreeEngine]: Behavior Tree tick rate 100.00 was exceeded!
[planner_server-3] [WARN] [1785538600.676753653] [planner_server]: Planner loop missed its desired rate of 2.0000 Hz. Current loop rate is 1.1760 Hz
[controller_server-1] [INFO] [1785538600.707329335] [controller_server]: Received a goal, begin computing control effort.
[bt_navigator-5] [WARN] [1785538600.731014196] [BehaviorTreeEngine]: Behavior Tree tick rate 100.00 was exceeded!
[bt_navigator-5] [WARN] [1785538600.736841025] [BehaviorTreeEngine]: Behavior Tree tick rate 100.00 was exceeded!
[bt_navigator-5] [WARN] [1785538600.780737116] [BehaviorTreeEngine]: Behavior Tree tick rate 100.00 was exceeded!
[bt_navigator-5] [WARN] [1785538600.879691786] [BehaviorTreeEngine]: Behavior Tree tick rate 100.00 was exceeded!
[bt_navigator-5] [WARN] [1785538600.974372226] [BehaviorTreeEngine]: Behavior Tree tick rate 100.00 was exceeded!
[bt_navigator-5] [WARN] [1785538601.021396743] [BehaviorTreeEngine]: Behavior Tree tick rate 100.00 was exceeded!
[bt_navigator-5] [WARN] [1785538601.332463579] [BehaviorTreeEngine]: Behavior Tree tick rate 100.00 was exceeded!
[bt_navigator-5] [WARN] [1785538601.429608469] [BehaviorTreeEngine]: Behavior Tree tick rate 100.00 was exceeded!
[bt_navigator-5] [WARN] [1785538601.462383094] [BehaviorTreeEngine]: Behavior Tree tick rate 100.00 was exceeded!
[bt_navigator-5] [WARN] [1785538601.516620046] [BehaviorTreeEngine]: Behavior Tree tick rate 100.00 was exceeded!
[bt_navigator-5] [WARN] [1785538601.540475299] [BehaviorTreeEngine]: Behavior Tree tick rate 100.00 was exceeded!
[bt_navigator-5] [WARN] [1785538601.757162947] [BehaviorTreeEngine]: Behavior Tree tick rate 100.00 was exceeded!
[controller_server-1] [INFO] [1785538601.759475658] [controller_server]: Passing new path to controller.
[bt_navigator-5] [WARN] [1785538601.925867588] [BehaviorTreeEngine]: Behavior Tree tick rate 100.00 was exceeded!
[bt_navigator-5] [WARN] [1785538601.942551851] [BehaviorTreeEngine]: Behavior Tree tick rate 100.00 was exceeded!
[bt_navigator-5] [WARN] [1785538602.111286406] [BehaviorTreeEngine]: Behavior Tree tick rate 100.00 was exceeded!
[bt_navigator-5] [WARN] [1785538602.541818997] [BehaviorTreeEngine]: Behavior Tree tick rate 100.00 was exceeded!
[bt_navigator-5] [WARN] [1785538602.599440740] [BehaviorTreeEngine]: Behavior Tree tick rate 100.00 was exceeded!
[bt_navigator-5] [WARN] [1785538602.604442895] [BehaviorTreeEngine]: Behavior Tree tick rate 100.00 was exceeded!
[bt_navigator-5] [WARN] [1785538602.647606284] [BehaviorTreeEngine]: Behavior Tree tick rate 100.00 was exceeded!
[bt_navigator-5] [WARN] [1785538602.754090602] [BehaviorTreeEngine]: Behavior Tree tick rate 100.00 was exceeded!
[bt_navigator-5] [WARN] [1785538602.795117771] [BehaviorTreeEngine]: Behavior Tree tick rate 100.00 was exceeded!
[controller_server-1] [INFO] [1785538602.807941477] [controller_server]: Passing new path to controller.
[bt_navigator-5] [WARN] [1785538602.823904244] [BehaviorTreeEngine]: Behavior Tree tick rate 100.00 was exceeded!
[bt_navigator-5] [WARN] [1785538602.826232852] [BehaviorTreeEngine]: Behavior Tree tick rate 100.00 was exceeded!
[bt_navigator-5] [WARN] [1785538603.115677571] [BehaviorTreeEngine]: Behavior Tree tick rate 100.00 was exceeded!
[bt_navigator-5] [WARN] [1785538603.504217428] [BehaviorTreeEngine]: Behavior Tree tick rate 100.00 was exceeded!
[bt_navigator-5] [WARN] [1785538603.585575355] [BehaviorTreeEngine]: Behavior Tree tick rate 100.00 was exceeded!
[controller_server-1] [WARN] [1785538603.615111106] [controller_server]: Control loop missed its desired rate of 20.0000Hz
[bt_navigator-5] [WARN] [1785538603.617905483] [BehaviorTreeEngine]: Behavior Tree tick rate 100.00 was exceeded!
[bt_navigator-5] [WARN] [1785538603.683654745] [BehaviorTreeEngine]: Behavior Tree tick rate 100.00 was exceeded!
[bt_navigator-5] [WARN] [1785538603.763722524] [BehaviorTreeEngine]: Behavior Tree tick rate 100.00 was exceeded!
[bt_navigator-5] [WARN] [1785538603.795453866] [BehaviorTreeEngine]: Behavior Tree tick rate 100.00 was exceeded!
[controller_server-1] [INFO] [1785538603.859973409] [controller_server]: Passing new path to controller.
[bt_navigator-5] [WARN] [1785538604.325893354] [BehaviorTreeEngine]: Behavior Tree tick rate 100.00 was exceeded!
[bt_navigator-5] [WARN] [1785538604.447588927] [BehaviorTreeEngine]: Behavior Tree tick rate 100.00 was exceeded!
[controller_server-1] [INFO] [1785538604.909591009] [controller_server]: Passing new path to controller.
[bt_navigator-5] [WARN] [1785538605.007656383] [BehaviorTreeEngine]: Behavior Tree tick rate 100.00 was exceeded!
[bt_navigator-5] [WARN] [1785538605.108724871] [BehaviorTreeEngine]: Behavior Tree tick rate 100.00 was exceeded!
[bt_navigator-5] [WARN] [1785538605.863035371] [BehaviorTreeEngine]: Behavior Tree tick rate 100.00 was exceeded!
[controller_server-1] [INFO] [1785538605.908077687] [controller_server]: Passing new path to controller.
[bt_navigator-5] [WARN] [1785538605.944229070] [BehaviorTreeEngine]: Behavior Tree tick rate 100.00 was exceeded!
[bt_navigator-5] [WARN] [1785538605.969110742] [BehaviorTreeEngine]: Behavior Tree tick rate 100.00 was exceeded!
[bt_navigator-5] [WARN] [1785538606.015782211] [BehaviorTreeEngine]: Behavior Tree tick rate 100.00 was exceeded!
[bt_navigator-5] [WARN] [1785538606.171820554] [BehaviorTreeEngine]: Behavior Tree tick rate 100.00 was exceeded!
[bt_navigator-5] [WARN] [1785538606.282773662] [BehaviorTreeEngine]: Behavior Tree tick rate 100.00 was exceeded!
[bt_navigator-5] [WARN] [1785538606.330289527] [BehaviorTreeEngine]: Behavior Tree tick rate 100.00 was exceeded!
[bt_navigator-5] [WARN] [1785538606.364721844] [BehaviorTreeEngine]: Behavior Tree tick rate 100.00 was exceeded!
[bt_navigator-5] [WARN] [1785538606.463041534] [BehaviorTreeEngine]: Behavior Tree tick rate 100.00 was exceeded!
[bt_navigator-5] [WARN] [1785538606.598041962] [BehaviorTreeEngine]: Behavior Tree tick rate 100.00 was exceeded!
[bt_navigator-5] [WARN] [1785538606.640294871] [BehaviorTreeEngine]: Behavior Tree tick rate 100.00 was exceeded!
[bt_navigator-5] [WARN] [1785538606.721496007] [BehaviorTreeEngine]: Behavior Tree tick rate 100.00 was exceeded!
[bt_navigator-5] [WARN] [1785538606.753974936] [BehaviorTreeEngine]: Behavior Tree tick rate 100.00 was exceeded!
[bt_navigator-5] [WARN] [1785538606.824963682] [BehaviorTreeEngine]: Behavior Tree tick rate 100.00 was exceeded!
[controller_server-1] [WARN] [1785538606.911616217] [controller_server]: Control loop missed its desired rate of 20.0000Hz
[bt_navigator-5] [WARN] [1785538606.924927197] [BehaviorTreeEngine]: Behavior Tree tick rate 100.00 was exceeded!
[controller_server-1] [INFO] [1785538606.973210823] [controller_server]: Passing new path to controller.
[controller_server-1] [WARN] [1785538607.008432846] [controller_server]: Control loop missed its desired rate of 20.0000Hz
[bt_navigator-5] [WARN] [1785538607.010053288] [BehaviorTreeEngine]: Behavior Tree tick rate 100.00 was exceeded!
[bt_navigator-5] [WARN] [1785538607.082191045] [BehaviorTreeEngine]: Behavior Tree tick rate 100.00 was exceeded!
[bt_navigator-5] [WARN] [1785538607.136719665] [BehaviorTreeEngine]: Behavior Tree tick rate 100.00 was exceeded!
[bt_navigator-5] [WARN] [1785538607.191179120] [BehaviorTreeEngine]: Behavior Tree tick rate 100.00 was exceeded!
[bt_navigator-5] [WARN] [1785538607.270503122] [BehaviorTreeEngine]: Behavior Tree tick rate 100.00 was exceeded!
[bt_navigator-5] [WARN] [1785538607.420802953] [BehaviorTreeEngine]: Behavior Tree tick rate 100.00 was exceeded!
[bt_navigator-5] [WARN] [1785538607.472442190] [BehaviorTreeEngine]: Behavior Tree tick rate 100.00 was exceeded!
[bt_navigator-5] [WARN] [1785538607.522683352] [BehaviorTreeEngine]: Behavior Tree tick rate 100.00 was exceeded!
[bt_navigator-5] [WARN] [1785538607.606286207] [BehaviorTreeEngine]: Behavior Tree tick rate 100.00 was exceeded!
[bt_navigator-5] [WARN] [1785538607.649436401] [BehaviorTreeEngine]: Behavior Tree tick rate 100.00 was exceeded!
[bt_navigator-5] [WARN] [1785538607.670995963] [BehaviorTreeEngine]: Behavior Tree tick rate 100.00 was exceeded!
[bt_navigator-5] [WARN] [1785538607.876602842] [BehaviorTreeEngine]: Behavior Tree tick rate 100.00 was exceeded!
[bt_navigator-5] [WARN] [1785538607.966324062] [BehaviorTreeEngine]: Behavior Tree tick rate 100.00 was exceeded!
[bt_navigator-5] [WARN] [1785538608.017404007] [BehaviorTreeEngine]: Behavior Tree tick rate 100.00 was exceeded!
[bt_navigator-5] [WARN] [1785538608.017479903] [bt_navigator_navigate_to_pose_rclcpp_node]: Timed out while waiting for action server to acknowledge goal request for compute_path_to_pose
[planner_server-3] [INFO] [1785538608.017712426] [global_costmap.global_costmap]: Received request to clear entirely the global_costmap
[bt_navigator-5] [WARN] [1785538608.038397603] [bt_navigator_navigate_to_pose_rclcpp_node]: Node timed out while executing service call to global_costmap/clear_entirely_global_costmap.
[controller_server-1] [INFO] [1785538608.058271696] [controller_server]: Goal was canceled. Stopping the robot.
[controller_server-1] [INFO] [1785538608.058364080] [controller_server]: [follow_path] [ActionServer] Client requested to cancel the goal. Cancelling.
[bt_navigator-5] [WARN] [1785538608.064367761] [BehaviorTreeEngine]: Behavior Tree tick rate 100.00 was exceeded!
[behavior_server-4] [INFO] [1785538608.071694769] [behavior_server]: Running spin
[behavior_server-4] [INFO] [1785538608.072076303] [behavior_server]: Turning 1.57 for spin behavior.
[bt_navigator-5] [WARN] [1785538608.207374096] [BehaviorTreeEngine]: Behavior Tree tick rate 100.00 was exceeded!
[behavior_server-4] [WARN] [1785538608.279786948] [behavior_server]: Collision Ahead - Exiting Spin
[behavior_server-4] [WARN] [1785538608.279873206] [behavior_server]: spin failed
[behavior_server-4] [WARN] [1785538608.279896186] [behavior_server]: [spin] [ActionServer] Aborting handle.
[behavior_server-4] [INFO] [1785538608.311015344] [behavior_server]: Running wait
[bt_navigator-5] [WARN] [1785538610.060001934] [BehaviorTreeEngine]: Behavior Tree tick rate 100.00 was exceeded!
[bt_navigator-5] [WARN] [1785538610.229082819] [BehaviorTreeEngine]: Behavior Tree tick rate 100.00 was exceeded!
[bt_navigator-5] [WARN] [1785538610.415858717] [BehaviorTreeEngine]: Behavior Tree tick rate 100.00 was exceeded!
[bt_navigator-5] [WARN] [1785538610.420007091] [BehaviorTreeEngine]: Behavior Tree tick rate 100.00 was exceeded!
[bt_navigator-5] [WARN] [1785538610.690962128] [BehaviorTreeEngine]: Behavior Tree tick rate 100.00 was exceeded!
[bt_navigator-5] [WARN] [1785538610.780508503] [BehaviorTreeEngine]: Behavior Tree tick rate 100.00 was exceeded!
[bt_navigator-5] [WARN] [1785538610.925784532] [BehaviorTreeEngine]: Behavior Tree tick rate 100.00 was exceeded!
[bt_navigator-5] [WARN] [1785538611.018588756] [BehaviorTreeEngine]: Behavior Tree tick rate 100.00 was exceeded!
[bt_navigator-5] [WARN] [1785538611.133611178] [BehaviorTreeEngine]: Behavior Tree tick rate 100.00 was exceeded!
[bt_navigator-5] [WARN] [1785538611.249021619] [BehaviorTreeEngine]: Behavior Tree tick rate 100.00 was exceeded!
[bt_navigator-5] [WARN] [1785538611.342653469] [BehaviorTreeEngine]: Behavior Tree tick rate 100.00 was exceeded!
[bt_navigator-5] [WARN] [1785538611.603505689] [BehaviorTreeEngine]: Behavior Tree tick rate 100.00 was exceeded!
[bt_navigator-5] [WARN] [1785538611.666627190] [BehaviorTreeEngine]: Behavior Tree tick rate 100.00 was exceeded!
[bt_navigator-5] [WARN] [1785538611.729037570] [BehaviorTreeEngine]: Behavior Tree tick rate 100.00 was exceeded!
[bt_navigator-5] [WARN] [1785538611.873996338] [BehaviorTreeEngine]: Behavior Tree tick rate 100.00 was exceeded!
[bt_navigator-5] [WARN] [1785538611.967749705] [BehaviorTreeEngine]: Behavior Tree tick rate 100.00 was exceeded!
[bt_navigator-5] [WARN] [1785538612.001738372] [BehaviorTreeEngine]: Behavior Tree tick rate 100.00 was exceeded!
[bt_navigator-5] [WARN] [1785538612.057209039] [BehaviorTreeEngine]: Behavior Tree tick rate 100.00 was exceeded!
[bt_navigator-5] [WARN] [1785538612.073027567] [BehaviorTreeEngine]: Behavior Tree tick rate 100.00 was exceeded!
[bt_navigator-5] [WARN] [1785538612.182828720] [BehaviorTreeEngine]: Behavior Tree tick rate 100.00 was exceeded!
[bt_navigator-5] [WARN] [1785538612.214601915] [BehaviorTreeEngine]: Behavior Tree tick rate 100.00 was exceeded!
[bt_navigator-5] [WARN] [1785538612.301634811] [BehaviorTreeEngine]: Behavior Tree tick rate 100.00 was exceeded!
[bt_navigator-5] [WARN] [1785538612.310086370] [BehaviorTreeEngine]: Behavior Tree tick rate 100.00 was exceeded!
[bt_navigator-5] [WARN] [1785538612.370251716] [BehaviorTreeEngine]: Behavior Tree tick rate 100.00 was exceeded!
[bt_navigator-5] [WARN] [1785538612.385455982] [BehaviorTreeEngine]: Behavior Tree tick rate 100.00 was exceeded!
[bt_navigator-5] [WARN] [1785538612.517226913] [BehaviorTreeEngine]: Behavior Tree tick rate 100.00 was exceeded!
[bt_navigator-5] [WARN] [1785538612.968475862] [BehaviorTreeEngine]: Behavior Tree tick rate 100.00 was exceeded!
[behavior_server-4] [INFO] [1785538613.314715213] [behavior_server]: wait completed successfully
[bt_navigator-5] [WARN] [1785538613.320250062] [BehaviorTreeEngine]: Behavior Tree tick rate 100.00 was exceeded!
[bt_navigator-5] [WARN] [1785538613.373982483] [BehaviorTreeEngine]: Behavior Tree tick rate 100.00 was exceeded!
[controller_server-1] [INFO] [1785538613.401411345] [controller_server]: Received a goal, begin computing control effort.
[bt_navigator-5] [WARN] [1785538613.525009385] [BehaviorTreeEngine]: Behavior Tree tick rate 100.00 was exceeded!
[bt_navigator-5] [WARN] [1785538613.622310784] [BehaviorTreeEngine]: Behavior Tree tick rate 100.00 was exceeded!
[bt_navigator-5] [WARN] [1785538613.718169003] [BehaviorTreeEngine]: Behavior Tree tick rate 100.00 was exceeded!
[bt_navigator-5] [WARN] [1785538613.912215878] [BehaviorTreeEngine]: Behavior Tree tick rate 100.00 was exceeded!
[bt_navigator-5] [WARN] [1785538614.048650915] [BehaviorTreeEngine]: Behavior Tree tick rate 100.00 was exceeded!
[bt_navigator-5] [WARN] [1785538614.133878650] [BehaviorTreeEngine]: Behavior Tree tick rate 100.00 was exceeded!
[bt_navigator-5] [WARN] [1785538614.217380951] [BehaviorTreeEngine]: Behavior Tree tick rate 100.00 was exceeded!
[bt_navigator-5] [WARN] [1785538614.254609580] [BehaviorTreeEngine]: Behavior Tree tick rate 100.00 was exceeded!
[bt_navigator-5] [WARN] [1785538614.279734338] [BehaviorTreeEngine]: Behavior Tree tick rate 100.00 was exceeded!
[bt_navigator-5] [WARN] [1785538614.321319743] [BehaviorTreeEngine]: Behavior Tree tick rate 100.00 was exceeded!
[bt_navigator-5] [WARN] [1785538614.410450333] [BehaviorTreeEngine]: Behavior Tree tick rate 100.00 was exceeded!
[bt_navigator-5] [WARN] [1785538614.467461938] [BehaviorTreeEngine]: Behavior Tree tick rate 100.00 was exceeded!
[controller_server-1] [INFO] [1785538614.504086890] [controller_server]: Passing new path to controller.
[bt_navigator-5] [WARN] [1785538614.557247851] [BehaviorTreeEngine]: Behavior Tree tick rate 100.00 was exceeded!
[bt_navigator-5] [WARN] [1785538614.617573605] [BehaviorTreeEngine]: Behavior Tree tick rate 100.00 was exceeded!
[bt_navigator-5] [WARN] [1785538614.662485637] [BehaviorTreeEngine]: Behavior Tree tick rate 100.00 was exceeded!
[bt_navigator-5] [WARN] [1785538614.677458380] [BehaviorTreeEngine]: Behavior Tree tick rate 100.00 was exceeded!
[bt_navigator-5] [WARN] [1785538614.749709627] [BehaviorTreeEngine]: Behavior Tree tick rate 100.00 was exceeded!
[bt_navigator-5] [WARN] [1785538614.834102650] [BehaviorTreeEngine]: Behavior Tree tick rate 100.00 was exceeded!
[bt_navigator-5] [WARN] [1785538614.924078419] [BehaviorTreeEngine]: Behavior Tree tick rate 100.00 was exceeded!
[bt_navigator-5] [WARN] [1785538615.036211487] [BehaviorTreeEngine]: Behavior Tree tick rate 100.00 was exceeded!
[bt_navigator-5] [WARN] [1785538615.188468301] [BehaviorTreeEngine]: Behavior Tree tick rate 100.00 was exceeded!
[bt_navigator-5] [WARN] [1785538615.275958486] [BehaviorTreeEngine]: Behavior Tree tick rate 100.00 was exceeded!
[bt_navigator-5] [WARN] [1785538615.425336740] [BehaviorTreeEngine]: Behavior Tree tick rate 100.00 was exceeded!
[bt_navigator-5] [WARN] [1785538615.526423966] [BehaviorTreeEngine]: Behavior Tree tick rate 100.00 was exceeded!
[controller_server-1] [INFO] [1785538615.551952451] [controller_server]: Passing new path to controller.
[bt_navigator-5] [WARN] [1785538615.557917193] [BehaviorTreeEngine]: Behavior Tree tick rate 100.00 was exceeded!
[bt_navigator-5] [WARN] [1785538615.848401134] [BehaviorTreeEngine]: Behavior Tree tick rate 100.00 was exceeded!
[controller_server-1] [WARN] [1785538615.857122144] [controller_server]: Control loop missed its desired rate of 20.0000Hz
[bt_navigator-5] [WARN] [1785538616.061588266] [BehaviorTreeEngine]: Behavior Tree tick rate 100.00 was exceeded!
[bt_navigator-5] [WARN] [1785538616.459402731] [BehaviorTreeEngine]: Behavior Tree tick rate 100.00 was exceeded!
[bt_navigator-5] [WARN] [1785538616.480712120] [BehaviorTreeEngine]: Behavior Tree tick rate 100.00 was exceeded!
[bt_navigator-5] [WARN] [1785538616.534985445] [BehaviorTreeEngine]: Behavior Tree tick rate 100.00 was exceeded!
[controller_server-1] [INFO] [1785538616.601832551] [controller_server]: Passing new path to controller.
[bt_navigator-5] [WARN] [1785538616.678868706] [BehaviorTreeEngine]: Behavior Tree tick rate 100.00 was exceeded!
[bt_navigator-5] [WARN] [1785538616.772994358] [BehaviorTreeEngine]: Behavior Tree tick rate 100.00 was exceeded!
[bt_navigator-5] [WARN] [1785538616.805770603] [BehaviorTreeEngine]: Behavior Tree tick rate 100.00 was exceeded!
[bt_navigator-5] [WARN] [1785538616.836029200] [BehaviorTreeEngine]: Behavior Tree tick rate 100.00 was exceeded!
[bt_navigator-5] [WARN] [1785538616.980761082] [BehaviorTreeEngine]: Behavior Tree tick rate 100.00 was exceeded!
[bt_navigator-5] [WARN] [1785538617.077336366] [BehaviorTreeEngine]: Behavior Tree tick rate 100.00 was exceeded!
[bt_navigator-5] [WARN] [1785538617.189149106] [BehaviorTreeEngine]: Behavior Tree tick rate 100.00 was exceeded!
[bt_navigator-5] [WARN] [1785538617.238388371] [BehaviorTreeEngine]: Behavior Tree tick rate 100.00 was exceeded!
[bt_navigator-5] [WARN] [1785538617.269560548] [BehaviorTreeEngine]: Behavior Tree tick rate 100.00 was exceeded!
[bt_navigator-5] [WARN] [1785538617.304394740] [BehaviorTreeEngine]: Behavior Tree tick rate 100.00 was exceeded!
[bt_navigator-5] [WARN] [1785538617.368969744] [BehaviorTreeEngine]: Behavior Tree tick rate 100.00 was exceeded!
[bt_navigator-5] [WARN] [1785538617.386191095] [BehaviorTreeEngine]: Behavior Tree tick rate 100.00 was exceeded!
[bt_navigator-5] [WARN] [1785538617.442825942] [BehaviorTreeEngine]: Behavior Tree tick rate 100.00 was exceeded!
[bt_navigator-5] [WARN] [1785538617.560778968] [BehaviorTreeEngine]: Behavior Tree tick rate 100.00 was exceeded!
[controller_server-1] [INFO] [1785538617.605074898] [controller_server]: Passing new path to controller.
[bt_navigator-5] [WARN] [1785538617.636017302] [BehaviorTreeEngine]: Behavior Tree tick rate 100.00 was exceeded!
[bt_navigator-5] [WARN] [1785538617.684513792] [BehaviorTreeEngine]: Behavior Tree tick rate 100.00 was exceeded!
[bt_navigator-5] [WARN] [1785538617.768641702] [BehaviorTreeEngine]: Behavior Tree tick rate 100.00 was exceeded!
[controller_server-1] [INFO] [1785538618.651772789] [controller_server]: Passing new path to controller.
[controller_server-1] [WARN] [1785538619.011704922] [controller_server]: No valid trajectories out of 251! 
[controller_server-1] [INFO] [1785538619.701787018] [controller_server]: Passing new path to controller.
[controller_server-1] [INFO] [1785538620.701856470] [controller_server]: Passing new path to controller.
[bt_navigator-5] [WARN] [1785538621.397912169] [BehaviorTreeEngine]: Behavior Tree tick rate 100.00 was exceeded!
[bt_navigator-5] [WARN] [1785538621.416269609] [BehaviorTreeEngine]: Behavior Tree tick rate 100.00 was exceeded!
[bt_navigator-5] [WARN] [1785538621.507256329] [BehaviorTreeEngine]: Behavior Tree tick rate 100.00 was exceeded!
[bt_navigator-5] [WARN] [1785538621.523829067] [BehaviorTreeEngine]: Behavior Tree tick rate 100.00 was exceeded!
[bt_navigator-5] [WARN] [1785538621.524776050] [BehaviorTreeEngine]: Behavior Tree tick rate 100.00 was exceeded!
[bt_navigator-5] [WARN] [1785538621.650773728] [BehaviorTreeEngine]: Behavior Tree tick rate 100.00 was exceeded!
[bt_navigator-5] [WARN] [1785538621.671926194] [BehaviorTreeEngine]: Behavior Tree tick rate 100.00 was exceeded!
[controller_server-1] [INFO] [1785538621.751787671] [controller_server]: Passing new path to controller.
[bt_navigator-5] [WARN] [1785538621.906851510] [BehaviorTreeEngine]: Behavior Tree tick rate 100.00 was exceeded!
[bt_navigator-5] [WARN] [1785538622.014181802] [BehaviorTreeEngine]: Behavior Tree tick rate 100.00 was exceeded!
[bt_navigator-5] [WARN] [1785538622.257049101] [BehaviorTreeEngine]: Behavior Tree tick rate 100.00 was exceeded!
[bt_navigator-5] [WARN] [1785538622.300693627] [BehaviorTreeEngine]: Behavior Tree tick rate 100.00 was exceeded!
[bt_navigator-5] [WARN] [1785538622.368306175] [BehaviorTreeEngine]: Behavior Tree tick rate 100.00 was exceeded!
[planner_server-3] [WARN] [1785538622.759023280] [planner_server]: GridBased: failed to create plan with tolerance 0.50.
[planner_server-3] [WARN] [1785538622.760554482] [planner_server]: Planning algorithm GridBased failed to generate a valid path to (2.00, 4.00)
[planner_server-3] [WARN] [1785538622.761332685] [planner_server]: [compute_path_to_pose] [ActionServer] Aborting handle.
[planner_server-3] [INFO] [1785538622.774523639] [global_costmap.global_costmap]: Received request to clear entirely the global_costmap
[bt_navigator-5] [WARN] [1785538622.981999679] [BehaviorTreeEngine]: Behavior Tree tick rate 100.00 was exceeded!
[bt_navigator-5] [WARN] [1785538622.991348825] [BehaviorTreeEngine]: Behavior Tree tick rate 100.00 was exceeded!
[controller_server-1] [WARN] [1785538623.008387859] [controller_server]: Control loop missed its desired rate of 20.0000Hz
[planner_server-3] [WARN] [1785538623.677720116] [planner_server]: Planner loop missed its desired rate of 2.0000 Hz. Current loop rate is 1.1103 Hz
[controller_server-1] [INFO] [1785538623.702526608] [controller_server]: Passing new path to controller.
[bt_navigator-5] [WARN] [1785538623.804448365] [BehaviorTreeEngine]: Behavior Tree tick rate 100.00 was exceeded!
[controller_server-1] [INFO] [1785538624.755144815] [controller_server]: Passing new path to controller.
[controller_server-1] [INFO] [1785538625.807473755] [controller_server]: Passing new path to controller.
[bt_navigator-5] [WARN] [1785538625.836922453] [BehaviorTreeEngine]: Behavior Tree tick rate 100.00 was exceeded!
[controller_server-1] [INFO] [1785538626.851791354] [controller_server]: Passing new path to controller.
[bt_navigator-5] [WARN] [1785538627.323679304] [BehaviorTreeEngine]: Behavior Tree tick rate 100.00 was exceeded!
[controller_server-1] [INFO] [1785538627.901765511] [controller_server]: Passing new path to controller.
[bt_navigator-5] [WARN] [1785538627.908507579] [BehaviorTreeEngine]: Behavior Tree tick rate 100.00 was exceeded!
[bt_navigator-5] [WARN] [1785538628.613839428] [BehaviorTreeEngine]: Behavior Tree tick rate 100.00 was exceeded!
[bt_navigator-5] [WARN] [1785538628.820154691] [BehaviorTreeEngine]: Behavior Tree tick rate 100.00 was exceeded!
[bt_navigator-5] [WARN] [1785538628.933889893] [BehaviorTreeEngine]: Behavior Tree tick rate 100.00 was exceeded!
[controller_server-1] [INFO] [1785538629.001832720] [controller_server]: Passing new path to controller.
[bt_navigator-5] [WARN] [1785538629.006057392] [BehaviorTreeEngine]: Behavior Tree tick rate 100.00 was exceeded!
[bt_navigator-5] [WARN] [1785538629.006135754] [bt_navigator_navigate_to_pose_rclcpp_node]: Timed out while waiting for action server to acknowledge goal request for follow_path
[controller_server-1] [INFO] [1785538629.032403743] [local_costmap.local_costmap]: Received request to clear entirely the local_costmap
[bt_navigator-5] [WARN] [1785538629.032632039] [BehaviorTreeEngine]: Behavior Tree tick rate 100.00 was exceeded!
[bt_navigator-5] [WARN] [1785538629.035640099] [bt_navigator_navigate_to_pose_rclcpp_node]: Node timed out while executing service call to local_costmap/clear_entirely_local_costmap.
[behavior_server-4] [INFO] [1785538629.037388448] [behavior_server]: Running backup
[behavior_server-4] [INFO] [1785538629.037605303] [behavior_server]: DriveOnHeading: no acceleration or deceleration limits set
[bt_navigator-5] [WARN] [1785538629.038961173] [BehaviorTreeEngine]: Behavior Tree tick rate 100.00 was exceeded!
[bt_navigator-5] [WARN] [1785538629.288080489] [BehaviorTreeEngine]: Behavior Tree tick rate 100.00 was exceeded!
[bt_navigator-5] [WARN] [1785538629.383682193] [BehaviorTreeEngine]: Behavior Tree tick rate 100.00 was exceeded!
[bt_navigator-5] [WARN] [1785538629.574658699] [BehaviorTreeEngine]: Behavior Tree tick rate 100.00 was exceeded!
[bt_navigator-5] [WARN] [1785538629.677121147] [BehaviorTreeEngine]: Behavior Tree tick rate 100.00 was exceeded!
[bt_navigator-5] [WARN] [1785538629.715283413] [BehaviorTreeEngine]: Behavior Tree tick rate 100.00 was exceeded!
[bt_navigator-5] [WARN] [1785538629.744461940] [BehaviorTreeEngine]: Behavior Tree tick rate 100.00 was exceeded!
[bt_navigator-5] [WARN] [1785538630.036733284] [BehaviorTreeEngine]: Behavior Tree tick rate 100.00 was exceeded!
[behavior_server-4] [INFO] [1785538630.137834420] [behavior_server]: backup completed successfully
[controller_server-1] [INFO] [1785538630.201791005] [controller_server]: Passing new path to controller.
[bt_navigator-5] [WARN] [1785538630.563852266] [BehaviorTreeEngine]: Behavior Tree tick rate 100.00 was exceeded!
[bt_navigator-5] [WARN] [1785538630.759919291] [BehaviorTreeEngine]: Behavior Tree tick rate 100.00 was exceeded!
[bt_navigator-5] [WARN] [1785538630.839073638] [BehaviorTreeEngine]: Behavior Tree tick rate 100.00 was exceeded!
[bt_navigator-5] [WARN] [1785538630.959108035] [BehaviorTreeEngine]: Behavior Tree tick rate 100.00 was exceeded!
[bt_navigator-5] [WARN] [1785538631.013703850] [BehaviorTreeEngine]: Behavior Tree tick rate 100.00 was exceeded!
[bt_navigator-5] [WARN] [1785538631.226983186] [BehaviorTreeEngine]: Behavior Tree tick rate 100.00 was exceeded!
[bt_navigator-5] [WARN] [1785538631.229737313] [BehaviorTreeEngine]: Behavior Tree tick rate 100.00 was exceeded!
[controller_server-1] [INFO] [1785538631.260011861] [controller_server]: Passing new path to controller.
[controller_server-1] [INFO] [1785538632.301806824] [controller_server]: Passing new path to controller.
[controller_server-1] [INFO] [1785538633.351818431] [controller_server]: Passing new path to controller.
[bt_navigator-5] [WARN] [1785538634.324606304] [BehaviorTreeEngine]: Behavior Tree tick rate 100.00 was exceeded!
[controller_server-1] [INFO] [1785538634.401795857] [controller_server]: Passing new path to controller.
[bt_navigator-5] [WARN] [1785538634.479960154] [BehaviorTreeEngine]: Behavior Tree tick rate 100.00 was exceeded!
[bt_navigator-5] [WARN] [1785538634.720798490] [BehaviorTreeEngine]: Behavior Tree tick rate 100.00 was exceeded!
[bt_navigator-5] [WARN] [1785538634.773206785] [BehaviorTreeEngine]: Behavior Tree tick rate 100.00 was exceeded!
[bt_navigator-5] [WARN] [1785538634.878770867] [BehaviorTreeEngine]: Behavior Tree tick rate 100.00 was exceeded!
[bt_navigator-5] [WARN] [1785538635.204236969] [BehaviorTreeEngine]: Behavior Tree tick rate 100.00 was exceeded!
[bt_navigator-5] [WARN] [1785538635.244750340] [BehaviorTreeEngine]: Behavior Tree tick rate 100.00 was exceeded!
[bt_navigator-5] [WARN] [1785538635.261125746] [BehaviorTreeEngine]: Behavior Tree tick rate 100.00 was exceeded!
[bt_navigator-5] [WARN] [1785538635.310808704] [BehaviorTreeEngine]: Behavior Tree tick rate 100.00 was exceeded!
[bt_navigator-5] [WARN] [1785538635.424153148] [BehaviorTreeEngine]: Behavior Tree tick rate 100.00 was exceeded!
[controller_server-1] [WARN] [1785538635.465289809] [controller_server]: Control loop missed its desired rate of 20.0000Hz
[controller_server-1] [INFO] [1785538635.502673556] [controller_server]: Passing new path to controller.
[bt_navigator-5] [WARN] [1785538635.503301991] [BehaviorTreeEngine]: Behavior Tree tick rate 100.00 was exceeded!
[bt_navigator-5] [WARN] [1785538635.503354968] [bt_navigator_navigate_to_pose_rclcpp_node]: Timed out while waiting for action server to acknowledge goal request for follow_path
[controller_server-1] [INFO] [1785538635.519793937] [local_costmap.local_costmap]: Received request to clear entirely the local_costmap
[controller_server-1] [INFO] [1785538635.645416783] [controller_server]: Passing new path to controller.
[controller_server-1] [WARN] [1785538635.658640029] [controller_server]: Control loop missed its desired rate of 20.0000Hz
[bt_navigator-5] [WARN] [1785538635.795015239] [BehaviorTreeEngine]: Behavior Tree tick rate 100.00 was exceeded!
[bt_navigator-5] [WARN] [1785538635.843759314] [BehaviorTreeEngine]: Behavior Tree tick rate 100.00 was exceeded!
[bt_navigator-5] [WARN] [1785538636.026456299] [BehaviorTreeEngine]: Behavior Tree tick rate 100.00 was exceeded!
[bt_navigator-5] [WARN] [1785538636.086685861] [BehaviorTreeEngine]: Behavior Tree tick rate 100.00 was exceeded!
[bt_navigator-5] [WARN] [1785538636.103878509] [BehaviorTreeEngine]: Behavior Tree tick rate 100.00 was exceeded!
[bt_navigator-5] [WARN] [1785538636.136919296] [BehaviorTreeEngine]: Behavior Tree tick rate 100.00 was exceeded!
[bt_navigator-5] [WARN] [1785538636.202560335] [BehaviorTreeEngine]: Behavior Tree tick rate 100.00 was exceeded!
[bt_navigator-5] [WARN] [1785538636.328166565] [BehaviorTreeEngine]: Behavior Tree tick rate 100.00 was exceeded!
[bt_navigator-5] [WARN] [1785538636.412426652] [BehaviorTreeEngine]: Behavior Tree tick rate 100.00 was exceeded!
[bt_navigator-5] [WARN] [1785538636.484431331] [BehaviorTreeEngine]: Behavior Tree tick rate 100.00 was exceeded!
[bt_navigator-5] [WARN] [1785538636.561040420] [BehaviorTreeEngine]: Behavior Tree tick rate 100.00 was exceeded!
[bt_navigator-5] [WARN] [1785538636.599676914] [BehaviorTreeEngine]: Behavior Tree tick rate 100.00 was exceeded!
[controller_server-1] [INFO] [1785538636.608771163] [controller_server]: Passing new path to controller.
[bt_navigator-5] [WARN] [1785538636.615633301] [BehaviorTreeEngine]: Behavior Tree tick rate 100.00 was exceeded!
[bt_navigator-5] [WARN] [1785538636.615684948] [bt_navigator_navigate_to_pose_rclcpp_node]: Timed out while waiting for action server to acknowledge goal request for follow_path
[controller_server-1] [INFO] [1785538636.615944281] [local_costmap.local_costmap]: Received request to clear entirely the local_costmap
[planner_server-3] [INFO] [1785538636.633835187] [global_costmap.global_costmap]: Received request to clear entirely the global_costmap
[bt_navigator-5] [WARN] [1785538636.651212534] [BehaviorTreeEngine]: Behavior Tree tick rate 100.00 was exceeded!
[bt_navigator-5] [WARN] [1785538636.713371792] [BehaviorTreeEngine]: Behavior Tree tick rate 100.00 was exceeded!
[controller_server-1] [INFO] [1785538636.763151117] [controller_server]: Passing new path to controller.
[bt_navigator-5] [WARN] [1785538636.865281312] [BehaviorTreeEngine]: Behavior Tree tick rate 100.00 was exceeded!
[bt_navigator-5] [WARN] [1785538636.904733446] [BehaviorTreeEngine]: Behavior Tree tick rate 100.00 was exceeded!
[bt_navigator-5] [WARN] [1785538636.943218103] [BehaviorTreeEngine]: Behavior Tree tick rate 100.00 was exceeded!
[bt_navigator-5] [WARN] [1785538636.961642561] [BehaviorTreeEngine]: Behavior Tree tick rate 100.00 was exceeded!
[bt_navigator-5] [WARN] [1785538637.008963847] [BehaviorTreeEngine]: Behavior Tree tick rate 100.00 was exceeded!
[bt_navigator-5] [WARN] [1785538637.075459570] [BehaviorTreeEngine]: Behavior Tree tick rate 100.00 was exceeded!
[controller_server-1] [WARN] [1785538637.161743287] [controller_server]: Control loop missed its desired rate of 20.0000Hz
[bt_navigator-5] [WARN] [1785538637.169454977] [BehaviorTreeEngine]: Behavior Tree tick rate 100.00 was exceeded!
[bt_navigator-5] [WARN] [1785538637.220863274] [BehaviorTreeEngine]: Behavior Tree tick rate 100.00 was exceeded!
[bt_navigator-5] [WARN] [1785538637.284992260] [BehaviorTreeEngine]: Behavior Tree tick rate 100.00 was exceeded!
[bt_navigator-5] [WARN] [1785538637.377116161] [BehaviorTreeEngine]: Behavior Tree tick rate 100.00 was exceeded!
[bt_navigator-5] [WARN] [1785538637.482688845] [BehaviorTreeEngine]: Behavior Tree tick rate 100.00 was exceeded!
[bt_navigator-5] [WARN] [1785538637.567100184] [BehaviorTreeEngine]: Behavior Tree tick rate 100.00 was exceeded!
[bt_navigator-5] [WARN] [1785538637.648439895] [BehaviorTreeEngine]: Behavior Tree tick rate 100.00 was exceeded!
[bt_navigator-5] [WARN] [1785538637.667005767] [BehaviorTreeEngine]: Behavior Tree tick rate 100.00 was exceeded!
[bt_navigator-5] [WARN] [1785538637.715996389] [BehaviorTreeEngine]: Behavior Tree tick rate 100.00 was exceeded!
[controller_server-1] [INFO] [1785538637.808730520] [controller_server]: Passing new path to controller.
[bt_navigator-5] [WARN] [1785538638.088651636] [BehaviorTreeEngine]: Behavior Tree tick rate 100.00 was exceeded!
[bt_navigator-5] [WARN] [1785538638.429567888] [BehaviorTreeEngine]: Behavior Tree tick rate 100.00 was exceeded!
[controller_server-1] [INFO] [1785538638.809290850] [controller_server]: Passing new path to controller.
[controller_server-1] [INFO] [1785538639.858751240] [controller_server]: Passing new path to controller.
[controller_server-1] [INFO] [1785538640.908777453] [controller_server]: Passing new path to controller.
[bt_navigator-5] [WARN] [1785538641.000799527] [BehaviorTreeEngine]: Behavior Tree tick rate 100.00 was exceeded!
[bt_navigator-5] [WARN] [1785538641.056922416] [BehaviorTreeEngine]: Behavior Tree tick rate 100.00 was exceeded!
[bt_navigator-5] [WARN] [1785538641.080478298] [BehaviorTreeEngine]: Behavior Tree tick rate 100.00 was exceeded!
[bt_navigator-5] [WARN] [1785538641.112124415] [BehaviorTreeEngine]: Behavior Tree tick rate 100.00 was exceeded!
[controller_server-1] [INFO] [1785538641.959246391] [controller_server]: Passing new path to controller.
[controller_server-1] [INFO] [1785538642.958806474] [controller_server]: Passing new path to controller.
[bt_navigator-5] [WARN] [1785538643.118284388] [BehaviorTreeEngine]: Behavior Tree tick rate 100.00 was exceeded!
[controller_server-1] [INFO] [1785538643.364034122] [controller_server]: Reached the goal!
[bt_navigator-5] [INFO] [1785538643.397521222] [bt_navigator]: Goal succeeded
[bt_navigator-5] [INFO] [1785538648.382228093] [bt_navigator]: Begin navigating from current location (1.74, 4.00) to (5.50, 0.30)
[controller_server-1] [INFO] [1785538648.414083223] [controller_server]: Received a goal, begin computing control effort.
[bt_navigator-5] [WARN] [1785538648.434645752] [BehaviorTreeEngine]: Behavior Tree tick rate 100.00 was exceeded!
[bt_navigator-5] [WARN] [1785538648.918956845] [BehaviorTreeEngine]: Behavior Tree tick rate 100.00 was exceeded!
[bt_navigator-5] [WARN] [1785538649.002676819] [BehaviorTreeEngine]: Behavior Tree tick rate 100.00 was exceeded!
[bt_navigator-5] [WARN] [1785538649.086622542] [BehaviorTreeEngine]: Behavior Tree tick rate 100.00 was exceeded!
[bt_navigator-5] [WARN] [1785538649.135261523] [BehaviorTreeEngine]: Behavior Tree tick rate 100.00 was exceeded!
[bt_navigator-5] [WARN] [1785538649.174942402] [BehaviorTreeEngine]: Behavior Tree tick rate 100.00 was exceeded!
[controller_server-1] [INFO] [1785538649.465662662] [controller_server]: Passing new path to controller.
[bt_navigator-5] [WARN] [1785538650.350435708] [BehaviorTreeEngine]: Behavior Tree tick rate 100.00 was exceeded!
[controller_server-1] [INFO] [1785538650.464475982] [controller_server]: Passing new path to controller.
[controller_server-1] [INFO] [1785538651.514446118] [controller_server]: Passing new path to controller.
[bt_navigator-5] [WARN] [1785538651.864481666] [BehaviorTreeEngine]: Behavior Tree tick rate 100.00 was exceeded!
[controller_server-1] [INFO] [1785538652.564375297] [controller_server]: Passing new path to controller.
[controller_server-1] [INFO] [1785538653.564389130] [controller_server]: Passing new path to controller.
[controller_server-1] [INFO] [1785538654.614450017] [controller_server]: Passing new path to controller.
[controller_server-1] [INFO] [1785538655.614609750] [controller_server]: Passing new path to controller.
[bt_navigator-5] [WARN] [1785538656.503909002] [BehaviorTreeEngine]: Behavior Tree tick rate 100.00 was exceeded!
[controller_server-1] [INFO] [1785538656.664387293] [controller_server]: Passing new path to controller.
[controller_server-1] [INFO] [1785538657.664417603] [controller_server]: Passing new path to controller.
[controller_server-1] [INFO] [1785538658.714454537] [controller_server]: Passing new path to controller.
[bt_navigator-5] [WARN] [1785538658.911189675] [BehaviorTreeEngine]: Behavior Tree tick rate 100.00 was exceeded!
[bt_navigator-5] [WARN] [1785538658.912420841] [BehaviorTreeEngine]: Behavior Tree tick rate 100.00 was exceeded!
[controller_server-1] [INFO] [1785538659.764521178] [controller_server]: Passing new path to controller.
[controller_server-1] [INFO] [1785538660.764425345] [controller_server]: Passing new path to controller.
[bt_navigator-5] [WARN] [1785538661.075521421] [BehaviorTreeEngine]: Behavior Tree tick rate 100.00 was exceeded!
[bt_navigator-5] [WARN] [1785538661.227565394] [BehaviorTreeEngine]: Behavior Tree tick rate 100.00 was exceeded!
[bt_navigator-5] [WARN] [1785538661.434866267] [BehaviorTreeEngine]: Behavior Tree tick rate 100.00 was exceeded!
[bt_navigator-5] [WARN] [1785538661.507212001] [BehaviorTreeEngine]: Behavior Tree tick rate 100.00 was exceeded!
[bt_navigator-5] [WARN] [1785538661.728658712] [BehaviorTreeEngine]: Behavior Tree tick rate 100.00 was exceeded!
[controller_server-1] [INFO] [1785538661.814493563] [controller_server]: Passing new path to controller.
[bt_navigator-5] [WARN] [1785538662.611174495] [BehaviorTreeEngine]: Behavior Tree tick rate 100.00 was exceeded!
[bt_navigator-5] [WARN] [1785538662.697820755] [BehaviorTreeEngine]: Behavior Tree tick rate 100.00 was exceeded!
[bt_navigator-5] [WARN] [1785538662.750582711] [BehaviorTreeEngine]: Behavior Tree tick rate 100.00 was exceeded!
[controller_server-1] [INFO] [1785538662.866305220] [controller_server]: Passing new path to controller.
[bt_navigator-5] [WARN] [1785538662.958992289] [BehaviorTreeEngine]: Behavior Tree tick rate 100.00 was exceeded!
[bt_navigator-5] [WARN] [1785538662.980237752] [BehaviorTreeEngine]: Behavior Tree tick rate 100.00 was exceeded!
[bt_navigator-5] [WARN] [1785538663.193154667] [BehaviorTreeEngine]: Behavior Tree tick rate 100.00 was exceeded!
[bt_navigator-5] [WARN] [1785538663.258235064] [BehaviorTreeEngine]: Behavior Tree tick rate 100.00 was exceeded!
[bt_navigator-5] [WARN] [1785538663.392699377] [BehaviorTreeEngine]: Behavior Tree tick rate 100.00 was exceeded!
[controller_server-1] [WARN] [1785538663.431008415] [controller_server]: Control loop missed its desired rate of 20.0000Hz
[controller_server-1] [WARN] [1785538663.464524275] [controller_server]: Control loop missed its desired rate of 20.0000Hz
[bt_navigator-5] [WARN] [1785538663.456846167] [BehaviorTreeEngine]: Behavior Tree tick rate 100.00 was exceeded!
[bt_navigator-5] [WARN] [1785538663.487013657] [BehaviorTreeEngine]: Behavior Tree tick rate 100.00 was exceeded!
[bt_navigator-5] [WARN] [1785538663.518198394] [BehaviorTreeEngine]: Behavior Tree tick rate 100.00 was exceeded!
[bt_navigator-5] [WARN] [1785538663.622498233] [BehaviorTreeEngine]: Behavior Tree tick rate 100.00 was exceeded!
[bt_navigator-5] [WARN] [1785538663.732204561] [BehaviorTreeEngine]: Behavior Tree tick rate 100.00 was exceeded!
[bt_navigator-5] [WARN] [1785538663.780886276] [BehaviorTreeEngine]: Behavior Tree tick rate 100.00 was exceeded!
[bt_navigator-5] [WARN] [1785538663.828182584] [BehaviorTreeEngine]: Behavior Tree tick rate 100.00 was exceeded!
[bt_navigator-5] [WARN] [1785538663.885611831] [BehaviorTreeEngine]: Behavior Tree tick rate 100.00 was exceeded!
[controller_server-1] [INFO] [1785538663.918809548] [controller_server]: Passing new path to controller.
[bt_navigator-5] [WARN] [1785538664.138311752] [BehaviorTreeEngine]: Behavior Tree tick rate 100.00 was exceeded!
[bt_navigator-5] [WARN] [1785538664.231400694] [BehaviorTreeEngine]: Behavior Tree tick rate 100.00 was exceeded!
[bt_navigator-5] [WARN] [1785538664.280548231] [BehaviorTreeEngine]: Behavior Tree tick rate 100.00 was exceeded!
[bt_navigator-5] [WARN] [1785538664.406244884] [BehaviorTreeEngine]: Behavior Tree tick rate 100.00 was exceeded!
[bt_navigator-5] [WARN] [1785538664.413547232] [BehaviorTreeEngine]: Behavior Tree tick rate 100.00 was exceeded!
[bt_navigator-5] [WARN] [1785538664.436107994] [BehaviorTreeEngine]: Behavior Tree tick rate 100.00 was exceeded!
[controller_server-1] [INFO] [1785538664.914424977] [controller_server]: Passing new path to controller.
[bt_navigator-5] [WARN] [1785538665.305627341] [BehaviorTreeEngine]: Behavior Tree tick rate 100.00 was exceeded!
[bt_navigator-5] [WARN] [1785538665.359311534] [BehaviorTreeEngine]: Behavior Tree tick rate 100.00 was exceeded!
[bt_navigator-5] [WARN] [1785538665.360654046] [BehaviorTreeEngine]: Behavior Tree tick rate 100.00 was exceeded!
[bt_navigator-5] [WARN] [1785538665.523786288] [BehaviorTreeEngine]: Behavior Tree tick rate 100.00 was exceeded!
[bt_navigator-5] [WARN] [1785538665.617263786] [BehaviorTreeEngine]: Behavior Tree tick rate 100.00 was exceeded!
[bt_navigator-5] [WARN] [1785538665.684179371] [BehaviorTreeEngine]: Behavior Tree tick rate 100.00 was exceeded!
[controller_server-1] [WARN] [1785538665.729300045] [controller_server]: Control loop missed its desired rate of 20.0000Hz
[controller_server-1] [INFO] [1785538665.969988925] [controller_server]: Passing new path to controller.
[bt_navigator-5] [WARN] [1785538665.974839493] [BehaviorTreeEngine]: Behavior Tree tick rate 100.00 was exceeded!
[bt_navigator-5] [WARN] [1785538666.072743961] [BehaviorTreeEngine]: Behavior Tree tick rate 100.00 was exceeded!
[bt_navigator-5] [WARN] [1785538666.119122808] [BehaviorTreeEngine]: Behavior Tree tick rate 100.00 was exceeded!
[bt_navigator-5] [WARN] [1785538666.296566719] [BehaviorTreeEngine]: Behavior Tree tick rate 100.00 was exceeded!
[bt_navigator-5] [WARN] [1785538666.345533867] [BehaviorTreeEngine]: Behavior Tree tick rate 100.00 was exceeded!
[bt_navigator-5] [WARN] [1785538666.376689798] [BehaviorTreeEngine]: Behavior Tree tick rate 100.00 was exceeded!
[bt_navigator-5] [WARN] [1785538666.426002985] [BehaviorTreeEngine]: Behavior Tree tick rate 100.00 was exceeded!
[bt_navigator-5] [WARN] [1785538666.489207405] [BehaviorTreeEngine]: Behavior Tree tick rate 100.00 was exceeded!
[bt_navigator-5] [WARN] [1785538666.711368419] [BehaviorTreeEngine]: Behavior Tree tick rate 100.00 was exceeded!
[bt_navigator-5] [WARN] [1785538666.759299425] [BehaviorTreeEngine]: Behavior Tree tick rate 100.00 was exceeded!
[controller_server-1] [INFO] [1785538666.965323444] [controller_server]: Passing new path to controller.
[bt_navigator-5] [WARN] [1785538667.113563183] [BehaviorTreeEngine]: Behavior Tree tick rate 100.00 was exceeded!
[bt_navigator-5] [WARN] [1785538667.676421125] [BehaviorTreeEngine]: Behavior Tree tick rate 100.00 was exceeded!
[bt_navigator-5] [WARN] [1785538667.974010223] [BehaviorTreeEngine]: Behavior Tree tick rate 100.00 was exceeded!
[bt_navigator-5] [WARN] [1785538667.978231724] [BehaviorTreeEngine]: Behavior Tree tick rate 100.00 was exceeded!
[controller_server-1] [INFO] [1785538668.014445209] [controller_server]: Passing new path to controller.
[bt_navigator-5] [WARN] [1785538668.199399114] [BehaviorTreeEngine]: Behavior Tree tick rate 100.00 was exceeded!
[bt_navigator-5] [WARN] [1785538668.271846089] [BehaviorTreeEngine]: Behavior Tree tick rate 100.00 was exceeded!
[bt_navigator-5] [WARN] [1785538668.432827237] [BehaviorTreeEngine]: Behavior Tree tick rate 100.00 was exceeded!
[bt_navigator-5] [WARN] [1785538668.450089417] [BehaviorTreeEngine]: Behavior Tree tick rate 100.00 was exceeded!
[bt_navigator-5] [WARN] [1785538668.472771605] [BehaviorTreeEngine]: Behavior Tree tick rate 100.00 was exceeded!
[controller_server-1] [INFO] [1785538669.064397949] [controller_server]: Passing new path to controller.
[bt_navigator-5] [WARN] [1785538669.533779086] [BehaviorTreeEngine]: Behavior Tree tick rate 100.00 was exceeded!
[bt_navigator-5] [WARN] [1785538669.731056057] [BehaviorTreeEngine]: Behavior Tree tick rate 100.00 was exceeded!
[bt_navigator-5] [WARN] [1785538669.779413407] [BehaviorTreeEngine]: Behavior Tree tick rate 100.00 was exceeded!
[bt_navigator-5] [WARN] [1785538669.821526489] [BehaviorTreeEngine]: Behavior Tree tick rate 100.00 was exceeded!
[bt_navigator-5] [WARN] [1785538669.857953673] [BehaviorTreeEngine]: Behavior Tree tick rate 100.00 was exceeded!
[bt_navigator-5] [WARN] [1785538670.072616062] [BehaviorTreeEngine]: Behavior Tree tick rate 100.00 was exceeded!
[bt_navigator-5] [WARN] [1785538670.072697205] [bt_navigator_navigate_to_pose_rclcpp_node]: Timed out while waiting for action server to acknowledge goal request for follow_path
[controller_server-1] [INFO] [1785538670.074422236] [local_costmap.local_costmap]: Received request to clear entirely the local_costmap
[controller_server-1] [WARN] [1785538670.089466100] [controller_server]: [follow_path] [ActionServer] Aborting handle.
[bt_navigator-5] [WARN] [1785538670.149149198] [BehaviorTreeEngine]: Behavior Tree tick rate 100.00 was exceeded!
[bt_navigator-5] [WARN] [1785538670.226846295] [BehaviorTreeEngine]: Behavior Tree tick rate 100.00 was exceeded!
[bt_navigator-5] [WARN] [1785538670.247976284] [BehaviorTreeEngine]: Behavior Tree tick rate 100.00 was exceeded!
[controller_server-1] [INFO] [1785538670.258721165] [controller_server]: Passing new path to controller.
[controller_server-1] [WARN] [1785538670.265787643] [controller_server]: Control loop missed its desired rate of 20.0000Hz
[bt_navigator-5] [WARN] [1785538670.334526671] [BehaviorTreeEngine]: Behavior Tree tick rate 100.00 was exceeded!
[bt_navigator-5] [WARN] [1785538670.420174800] [BehaviorTreeEngine]: Behavior Tree tick rate 100.00 was exceeded!
[bt_navigator-5] [WARN] [1785538670.558600761] [BehaviorTreeEngine]: Behavior Tree tick rate 100.00 was exceeded!
[controller_server-1] [INFO] [1785538671.115910874] [controller_server]: Passing new path to controller.
[bt_navigator-5] [WARN] [1785538671.232833591] [BehaviorTreeEngine]: Behavior Tree tick rate 100.00 was exceeded!
[bt_navigator-5] [WARN] [1785538671.249813512] [BehaviorTreeEngine]: Behavior Tree tick rate 100.00 was exceeded!
[bt_navigator-5] [WARN] [1785538671.504948098] [BehaviorTreeEngine]: Behavior Tree tick rate 100.00 was exceeded!
[bt_navigator-5] [WARN] [1785538671.688357562] [BehaviorTreeEngine]: Behavior Tree tick rate 100.00 was exceeded!
[controller_server-1] [WARN] [1785538671.723488815] [controller_server]: Control loop missed its desired rate of 20.0000Hz
[bt_navigator-5] [WARN] [1785538671.725935801] [BehaviorTreeEngine]: Behavior Tree tick rate 100.00 was exceeded!
[controller_server-1] [INFO] [1785538672.121476662] [controller_server]: Passing new path to controller.
[bt_navigator-5] [WARN] [1785538672.341143836] [BehaviorTreeEngine]: Behavior Tree tick rate 100.00 was exceeded!
[bt_navigator-5] [WARN] [1785538672.426031370] [BehaviorTreeEngine]: Behavior Tree tick rate 100.00 was exceeded!
[bt_navigator-5] [WARN] [1785538672.465725689] [BehaviorTreeEngine]: Behavior Tree tick rate 100.00 was exceeded!
[bt_navigator-5] [WARN] [1785538672.481674769] [BehaviorTreeEngine]: Behavior Tree tick rate 100.00 was exceeded!
[bt_navigator-5] [WARN] [1785538672.606506282] [BehaviorTreeEngine]: Behavior Tree tick rate 100.00 was exceeded!
[bt_navigator-5] [WARN] [1785538672.736975919] [BehaviorTreeEngine]: Behavior Tree tick rate 100.00 was exceeded!
[bt_navigator-5] [WARN] [1785538672.754583961] [BehaviorTreeEngine]: Behavior Tree tick rate 100.00 was exceeded!
[bt_navigator-5] [WARN] [1785538672.826519206] [BehaviorTreeEngine]: Behavior Tree tick rate 100.00 was exceeded!
[bt_navigator-5] [WARN] [1785538672.921086836] [BehaviorTreeEngine]: Behavior Tree tick rate 100.00 was exceeded!
[bt_navigator-5] [WARN] [1785538672.962062226] [BehaviorTreeEngine]: Behavior Tree tick rate 100.00 was exceeded!
[controller_server-1] [INFO] [1785538673.174940522] [controller_server]: Passing new path to controller.
[bt_navigator-5] [WARN] [1785538673.250751669] [BehaviorTreeEngine]: Behavior Tree tick rate 100.00 was exceeded!
[bt_navigator-5] [WARN] [1785538673.252380832] [BehaviorTreeEngine]: Behavior Tree tick rate 100.00 was exceeded!
[bt_navigator-5] [WARN] [1785538673.392012227] [BehaviorTreeEngine]: Behavior Tree tick rate 100.00 was exceeded!
[bt_navigator-5] [WARN] [1785538673.624695960] [BehaviorTreeEngine]: Behavior Tree tick rate 100.00 was exceeded!
[bt_navigator-5] [WARN] [1785538673.645227621] [BehaviorTreeEngine]: Behavior Tree tick rate 100.00 was exceeded!
[bt_navigator-5] [WARN] [1785538673.688262017] [BehaviorTreeEngine]: Behavior Tree tick rate 100.00 was exceeded!
[bt_navigator-5] [WARN] [1785538673.872437970] [BehaviorTreeEngine]: Behavior Tree tick rate 100.00 was exceeded!
[bt_navigator-5] [WARN] [1785538673.929019869] [BehaviorTreeEngine]: Behavior Tree tick rate 100.00 was exceeded!
[bt_navigator-5] [WARN] [1785538674.018651206] [BehaviorTreeEngine]: Behavior Tree tick rate 100.00 was exceeded!
[bt_navigator-5] [WARN] [1785538674.150315051] [BehaviorTreeEngine]: Behavior Tree tick rate 100.00 was exceeded!
[bt_navigator-5] [WARN] [1785538674.167476827] [bt_navigator_navigate_to_pose_rclcpp_node]: Timed out while waiting for action server to acknowledge goal request for compute_path_to_pose
[bt_navigator-5] [WARN] [1785538674.181970942] [BehaviorTreeEngine]: Behavior Tree tick rate 100.00 was exceeded!
[planner_server-3] [INFO] [1785538674.180252822] [global_costmap.global_costmap]: Received request to clear entirely the global_costmap
[bt_navigator-5] [WARN] [1785538674.281730647] [BehaviorTreeEngine]: Behavior Tree tick rate 100.00 was exceeded!
[bt_navigator-5] [WARN] [1785538674.332594562] [BehaviorTreeEngine]: Behavior Tree tick rate 100.00 was exceeded!
[bt_navigator-5] [WARN] [1785538674.360309559] [BehaviorTreeEngine]: Behavior Tree tick rate 100.00 was exceeded!
[bt_navigator-5] [WARN] [1785538674.363186756] [BehaviorTreeEngine]: Behavior Tree tick rate 100.00 was exceeded!
[bt_navigator-5] [WARN] [1785538674.378853198] [BehaviorTreeEngine]: Behavior Tree tick rate 100.00 was exceeded!
[bt_navigator-5] [WARN] [1785538674.391288729] [BehaviorTreeEngine]: Behavior Tree tick rate 100.00 was exceeded!
[bt_navigator-5] [WARN] [1785538674.439677808] [BehaviorTreeEngine]: Behavior Tree tick rate 100.00 was exceeded!
[bt_navigator-5] [WARN] [1785538674.481028924] [BehaviorTreeEngine]: Behavior Tree tick rate 100.00 was exceeded!
[bt_navigator-5] [WARN] [1785538674.494544411] [BehaviorTreeEngine]: Behavior Tree tick rate 100.00 was exceeded!
[bt_navigator-5] [WARN] [1785538674.588412714] [BehaviorTreeEngine]: Behavior Tree tick rate 100.00 was exceeded!
[bt_navigator-5] [WARN] [1785538674.728143597] [BehaviorTreeEngine]: Behavior Tree tick rate 100.00 was exceeded!
[bt_navigator-5] [WARN] [1785538674.791758283] [BehaviorTreeEngine]: Behavior Tree tick rate 100.00 was exceeded!
[controller_server-1] [WARN] [1785538674.841301419] [controller_server]: Control loop missed its desired rate of 20.0000Hz
[controller_server-1] [INFO] [1785538674.842154441] [controller_server]: Passing new path to controller.
[bt_navigator-5] [WARN] [1785538674.882691155] [BehaviorTreeEngine]: Behavior Tree tick rate 100.00 was exceeded!
[bt_navigator-5] [WARN] [1785538674.902136078] [BehaviorTreeEngine]: Behavior Tree tick rate 100.00 was exceeded!
[bt_navigator-5] [WARN] [1785538674.923038388] [BehaviorTreeEngine]: Behavior Tree tick rate 100.00 was exceeded!
[bt_navigator-5] [WARN] [1785538675.152585864] [BehaviorTreeEngine]: Behavior Tree tick rate 100.00 was exceeded!
[bt_navigator-5] [WARN] [1785538675.173141057] [BehaviorTreeEngine]: Behavior Tree tick rate 100.00 was exceeded!
[bt_navigator-5] [WARN] [1785538675.257827039] [BehaviorTreeEngine]: Behavior Tree tick rate 100.00 was exceeded!
[bt_navigator-5] [WARN] [1785538675.272902204] [BehaviorTreeEngine]: Behavior Tree tick rate 100.00 was exceeded!
[bt_navigator-5] [WARN] [1785538675.345088003] [BehaviorTreeEngine]: Behavior Tree tick rate 100.00 was exceeded!
[bt_navigator-5] [WARN] [1785538675.455385877] [BehaviorTreeEngine]: Behavior Tree tick rate 100.00 was exceeded!
[bt_navigator-5] [WARN] [1785538675.508624953] [BehaviorTreeEngine]: Behavior Tree tick rate 100.00 was exceeded!
[bt_navigator-5] [WARN] [1785538675.623711349] [BehaviorTreeEngine]: Behavior Tree tick rate 100.00 was exceeded!
[controller_server-1] [INFO] [1785538675.791629390] [controller_server]: Passing new path to controller.
[controller_server-1] [WARN] [1785538676.145051927] [controller_server]: Control loop missed its desired rate of 20.0000Hz
[bt_navigator-5] [WARN] [1785538676.152858527] [BehaviorTreeEngine]: Behavior Tree tick rate 100.00 was exceeded!
[bt_navigator-5] [WARN] [1785538676.247746507] [BehaviorTreeEngine]: Behavior Tree tick rate 100.00 was exceeded!
[bt_navigator-5] [WARN] [1785538676.248653983] [BehaviorTreeEngine]: Behavior Tree tick rate 100.00 was exceeded!
[bt_navigator-5] [WARN] [1785538676.315865298] [BehaviorTreeEngine]: Behavior Tree tick rate 100.00 was exceeded!
[bt_navigator-5] [WARN] [1785538676.375180464] [BehaviorTreeEngine]: Behavior Tree tick rate 100.00 was exceeded!
[bt_navigator-5] [WARN] [1785538676.437875520] [BehaviorTreeEngine]: Behavior Tree tick rate 100.00 was exceeded!
[controller_server-1] [WARN] [1785538676.450083035] [controller_server]: Control loop missed its desired rate of 20.0000Hz
[bt_navigator-5] [WARN] [1785538676.608924745] [BehaviorTreeEngine]: Behavior Tree tick rate 100.00 was exceeded!
[bt_navigator-5] [WARN] [1785538676.743167493] [BehaviorTreeEngine]: Behavior Tree tick rate 100.00 was exceeded!
[controller_server-1] [INFO] [1785538676.841395117] [controller_server]: Passing new path to controller.
[bt_navigator-5] [WARN] [1785538677.319419606] [BehaviorTreeEngine]: Behavior Tree tick rate 100.00 was exceeded!
[controller_server-1] [INFO] [1785538677.841396709] [controller_server]: Passing new path to controller.
[bt_navigator-5] [WARN] [1785538677.918158688] [BehaviorTreeEngine]: Behavior Tree tick rate 100.00 was exceeded!
[bt_navigator-5] [WARN] [1785538678.490832574] [BehaviorTreeEngine]: Behavior Tree tick rate 100.00 was exceeded!
[bt_navigator-5] [WARN] [1785538678.751364309] [BehaviorTreeEngine]: Behavior Tree tick rate 100.00 was exceeded!
[bt_navigator-5] [WARN] [1785538678.837328361] [BehaviorTreeEngine]: Behavior Tree tick rate 100.00 was exceeded!
[bt_navigator-5] [WARN] [1785538678.853152861] [bt_navigator_navigate_to_pose_rclcpp_node]: Timed out while waiting for action server to acknowledge goal request for compute_path_to_pose
[planner_server-3] [INFO] [1785538678.858475783] [global_costmap.global_costmap]: Received request to clear entirely the global_costmap
[bt_navigator-5] [WARN] [1785538679.228463789] [BehaviorTreeEngine]: Behavior Tree tick rate 100.00 was exceeded!
[bt_navigator-5] [WARN] [1785538679.360586870] [BehaviorTreeEngine]: Behavior Tree tick rate 100.00 was exceeded!
[bt_navigator-5] [WARN] [1785538679.477829214] [BehaviorTreeEngine]: Behavior Tree tick rate 100.00 was exceeded!
[bt_navigator-5] [WARN] [1785538679.521392899] [BehaviorTreeEngine]: Behavior Tree tick rate 100.00 was exceeded!
[controller_server-1] [WARN] [1785538679.644483042] [controller_server]: Control loop missed its desired rate of 20.0000Hz
[planner_server-3] [WARN] [1785538679.670141883] [planner_server]: Planner loop missed its desired rate of 2.0000 Hz. Current loop rate is 1.2583 Hz
[bt_navigator-5] [WARN] [1785538679.718053860] [BehaviorTreeEngine]: Behavior Tree tick rate 100.00 was exceeded!
[bt_navigator-5] [WARN] [1785538679.729547319] [BehaviorTreeEngine]: Behavior Tree tick rate 100.00 was exceeded!
[controller_server-1] [INFO] [1785538679.746534317] [controller_server]: Passing new path to controller.
[bt_navigator-5] [WARN] [1785538679.788148534] [BehaviorTreeEngine]: Behavior Tree tick rate 100.00 was exceeded!
[bt_navigator-5] [WARN] [1785538680.028573367] [BehaviorTreeEngine]: Behavior Tree tick rate 100.00 was exceeded!
[bt_navigator-5] [WARN] [1785538680.081208964] [BehaviorTreeEngine]: Behavior Tree tick rate 100.00 was exceeded!
[bt_navigator-5] [WARN] [1785538680.099822103] [BehaviorTreeEngine]: Behavior Tree tick rate 100.00 was exceeded!
[bt_navigator-5] [WARN] [1785538680.152019496] [BehaviorTreeEngine]: Behavior Tree tick rate 100.00 was exceeded!
[bt_navigator-5] [WARN] [1785538680.609596852] [BehaviorTreeEngine]: Behavior Tree tick rate 100.00 was exceeded!
[bt_navigator-5] [WARN] [1785538680.672591406] [BehaviorTreeEngine]: Behavior Tree tick rate 100.00 was exceeded!
[bt_navigator-5] [WARN] [1785538680.735535268] [BehaviorTreeEngine]: Behavior Tree tick rate 100.00 was exceeded!
[controller_server-1] [INFO] [1785538680.791423242] [controller_server]: Passing new path to controller.
[bt_navigator-5] [WARN] [1785538680.867568350] [BehaviorTreeEngine]: Behavior Tree tick rate 100.00 was exceeded!
[bt_navigator-5] [WARN] [1785538680.978966172] [BehaviorTreeEngine]: Behavior Tree tick rate 100.00 was exceeded!
[bt_navigator-5] [WARN] [1785538681.107917656] [BehaviorTreeEngine]: Behavior Tree tick rate 100.00 was exceeded!
[bt_navigator-5] [WARN] [1785538681.174044133] [BehaviorTreeEngine]: Behavior Tree tick rate 100.00 was exceeded!
[controller_server-1] [INFO] [1785538681.791463748] [controller_server]: Passing new path to controller.
[bt_navigator-5] [WARN] [1785538681.936249326] [BehaviorTreeEngine]: Behavior Tree tick rate 100.00 was exceeded!
[bt_navigator-5] [WARN] [1785538681.959616556] [BehaviorTreeEngine]: Behavior Tree tick rate 100.00 was exceeded!
[bt_navigator-5] [WARN] [1785538682.200240456] [BehaviorTreeEngine]: Behavior Tree tick rate 100.00 was exceeded!
[controller_server-1] [INFO] [1785538682.841431253] [controller_server]: Passing new path to controller.
[bt_navigator-5] [WARN] [1785538683.029211074] [BehaviorTreeEngine]: Behavior Tree tick rate 100.00 was exceeded!
[controller_server-1] [WARN] [1785538683.059801999] [controller_server]: No valid trajectories out of 251! 
[controller_server-1] [WARN] [1785538683.095363369] [controller_server]: No valid trajectories out of 251! 
[controller_server-1] [WARN] [1785538683.145579687] [controller_server]: No valid trajectories out of 251! 
[bt_navigator-5] [WARN] [1785538683.167978860] [BehaviorTreeEngine]: Behavior Tree tick rate 100.00 was exceeded!
[controller_server-1] [WARN] [1785538683.196395646] [controller_server]: No valid trajectories out of 251! 
[bt_navigator-5] [WARN] [1785538683.728520433] [BehaviorTreeEngine]: Behavior Tree tick rate 100.00 was exceeded!
[bt_navigator-5] [WARN] [1785538683.778134193] [BehaviorTreeEngine]: Behavior Tree tick rate 100.00 was exceeded!
[controller_server-1] [INFO] [1785538683.891426747] [controller_server]: Passing new path to controller.
[controller_server-1] [INFO] [1785538684.891554127] [controller_server]: Passing new path to controller.
[bt_navigator-5] [WARN] [1785538685.392486744] [BehaviorTreeEngine]: Behavior Tree tick rate 100.00 was exceeded!
[bt_navigator-5] [WARN] [1785538685.487875402] [BehaviorTreeEngine]: Behavior Tree tick rate 100.00 was exceeded!
[bt_navigator-5] [WARN] [1785538685.578897069] [BehaviorTreeEngine]: Behavior Tree tick rate 100.00 was exceeded!
[bt_navigator-5] [WARN] [1785538685.938243638] [BehaviorTreeEngine]: Behavior Tree tick rate 100.00 was exceeded!
[controller_server-1] [INFO] [1785538685.943921879] [controller_server]: Passing new path to controller.
[bt_navigator-5] [WARN] [1785538686.219498411] [BehaviorTreeEngine]: Behavior Tree tick rate 100.00 was exceeded!
[bt_navigator-5] [WARN] [1785538686.283463557] [BehaviorTreeEngine]: Behavior Tree tick rate 100.00 was exceeded!
[bt_navigator-5] [WARN] [1785538686.308179601] [BehaviorTreeEngine]: Behavior Tree tick rate 100.00 was exceeded!
[bt_navigator-5] [WARN] [1785538686.309921421] [BehaviorTreeEngine]: Behavior Tree tick rate 100.00 was exceeded!
[bt_navigator-5] [WARN] [1785538686.509939103] [BehaviorTreeEngine]: Behavior Tree tick rate 100.00 was exceeded!
[bt_navigator-5] [WARN] [1785538686.553013665] [BehaviorTreeEngine]: Behavior Tree tick rate 100.00 was exceeded!
[controller_server-1] [INFO] [1785538686.945345519] [controller_server]: Passing new path to controller.
[bt_navigator-5] [WARN] [1785538687.329687706] [BehaviorTreeEngine]: Behavior Tree tick rate 100.00 was exceeded!
[bt_navigator-5] [WARN] [1785538687.398167580] [BehaviorTreeEngine]: Behavior Tree tick rate 100.00 was exceeded!
[bt_navigator-5] [WARN] [1785538687.404444836] [BehaviorTreeEngine]: Behavior Tree tick rate 100.00 was exceeded!
[bt_navigator-5] [WARN] [1785538687.452448261] [BehaviorTreeEngine]: Behavior Tree tick rate 100.00 was exceeded!
[controller_server-1] [WARN] [1785538687.500730165] [controller_server]: Control loop missed its desired rate of 20.0000Hz
[bt_navigator-5] [WARN] [1785538687.651717454] [BehaviorTreeEngine]: Behavior Tree tick rate 100.00 was exceeded!
[bt_navigator-5] [WARN] [1785538687.684113926] [BehaviorTreeEngine]: Behavior Tree tick rate 100.00 was exceeded!
[bt_navigator-5] [WARN] [1785538687.753386942] [BehaviorTreeEngine]: Behavior Tree tick rate 100.00 was exceeded!
[bt_navigator-5] [WARN] [1785538687.866050697] [BehaviorTreeEngine]: Behavior Tree tick rate 100.00 was exceeded!
[bt_navigator-5] [WARN] [1785538687.963318151] [BehaviorTreeEngine]: Behavior Tree tick rate 100.00 was exceeded!
[bt_navigator-5] [WARN] [1785538687.963397192] [bt_navigator_navigate_to_pose_rclcpp_node]: Timed out while waiting for action server to acknowledge goal request for compute_path_to_pose
[planner_server-3] [INFO] [1785538687.963607035] [global_costmap.global_costmap]: Received request to clear entirely the global_costmap
[bt_navigator-5] [WARN] [1785538688.027434718] [BehaviorTreeEngine]: Behavior Tree tick rate 100.00 was exceeded!
[bt_navigator-5] [WARN] [1785538688.143473237] [BehaviorTreeEngine]: Behavior Tree tick rate 100.00 was exceeded!
[bt_navigator-5] [WARN] [1785538688.163839589] [BehaviorTreeEngine]: Behavior Tree tick rate 100.00 was exceeded!
[bt_navigator-5] [WARN] [1785538688.437035556] [BehaviorTreeEngine]: Behavior Tree tick rate 100.00 was exceeded!
[planner_server-3] [WARN] [1785538688.674659995] [planner_server]: Planner loop missed its desired rate of 2.0000 Hz. Current loop rate is 1.4573 Hz
[controller_server-1] [INFO] [1785538688.745021919] [controller_server]: Passing new path to controller.
[bt_navigator-5] [WARN] [1785538688.748584729] [BehaviorTreeEngine]: Behavior Tree tick rate 100.00 was exceeded!
[bt_navigator-5] [WARN] [1785538688.787770620] [BehaviorTreeEngine]: Behavior Tree tick rate 100.00 was exceeded!
[bt_navigator-5] [WARN] [1785538688.846307159] [BehaviorTreeEngine]: Behavior Tree tick rate 100.00 was exceeded!
[bt_navigator-5] [WARN] [1785538688.926450397] [BehaviorTreeEngine]: Behavior Tree tick rate 100.00 was exceeded!
[bt_navigator-5] [WARN] [1785538689.088986202] [BehaviorTreeEngine]: Behavior Tree tick rate 100.00 was exceeded!
[controller_server-1] [WARN] [1785538689.105133486] [controller_server]: Control loop missed its desired rate of 20.0000Hz
[bt_navigator-5] [WARN] [1785538689.196266912] [BehaviorTreeEngine]: Behavior Tree tick rate 100.00 was exceeded!
[controller_server-1] [WARN] [1785538689.351840516] [controller_server]: Control loop missed its desired rate of 20.0000Hz
[bt_navigator-5] [WARN] [1785538689.379077620] [BehaviorTreeEngine]: Behavior Tree tick rate 100.00 was exceeded!
[bt_navigator-5] [WARN] [1785538689.434297225] [BehaviorTreeEngine]: Behavior Tree tick rate 100.00 was exceeded!
[bt_navigator-5] [WARN] [1785538689.583023070] [BehaviorTreeEngine]: Behavior Tree tick rate 100.00 was exceeded!
[bt_navigator-5] [WARN] [1785538689.666177176] [BehaviorTreeEngine]: Behavior Tree tick rate 100.00 was exceeded!
[controller_server-1] [WARN] [1785538689.692382328] [controller_server]: Control loop missed its desired rate of 20.0000Hz
[bt_navigator-5] [WARN] [1785538689.736521564] [BehaviorTreeEngine]: Behavior Tree tick rate 100.00 was exceeded!
[controller_server-1] [INFO] [1785538689.744809258] [controller_server]: Passing new path to controller.
[bt_navigator-5] [WARN] [1785538689.842837982] [BehaviorTreeEngine]: Behavior Tree tick rate 100.00 was exceeded!
[bt_navigator-5] [WARN] [1785538690.094383310] [BehaviorTreeEngine]: Behavior Tree tick rate 100.00 was exceeded!
[bt_navigator-5] [WARN] [1785538690.231259448] [BehaviorTreeEngine]: Behavior Tree tick rate 100.00 was exceeded!
[controller_server-1] [WARN] [1785538690.258043383] [controller_server]: No valid trajectories out of 251! 
[controller_server-1] [WARN] [1785538690.302742514] [controller_server]: No valid trajectories out of 251! 
[bt_navigator-5] [WARN] [1785538690.323872250] [BehaviorTreeEngine]: Behavior Tree tick rate 100.00 was exceeded!
[bt_navigator-5] [WARN] [1785538690.341673565] [BehaviorTreeEngine]: Behavior Tree tick rate 100.00 was exceeded!
[controller_server-1] [WARN] [1785538690.371804224] [controller_server]: No valid trajectories out of 251! 
[controller_server-1] [WARN] [1785538690.413298316] [controller_server]: No valid trajectories out of 251! 
[controller_server-1] [WARN] [1785538690.448803641] [controller_server]: No valid trajectories out of 251! 
[bt_navigator-5] [WARN] [1785538690.452126948] [BehaviorTreeEngine]: Behavior Tree tick rate 100.00 was exceeded!
[bt_navigator-5] [WARN] [1785538690.479038648] [BehaviorTreeEngine]: Behavior Tree tick rate 100.00 was exceeded!
[bt_navigator-5] [WARN] [1785538690.533024991] [BehaviorTreeEngine]: Behavior Tree tick rate 100.00 was exceeded!
[bt_navigator-5] [WARN] [1785538690.565198339] [BehaviorTreeEngine]: Behavior Tree tick rate 100.00 was exceeded!
[controller_server-1] [WARN] [1785538690.622208567] [controller_server]: Control loop missed its desired rate of 20.0000Hz
[bt_navigator-5] [WARN] [1785538690.656892674] [BehaviorTreeEngine]: Behavior Tree tick rate 100.00 was exceeded!
[bt_navigator-5] [WARN] [1785538690.749449357] [BehaviorTreeEngine]: Behavior Tree tick rate 100.00 was exceeded!
[bt_navigator-5] [WARN] [1785538690.771423435] [bt_navigator_navigate_to_pose_rclcpp_node]: Timed out while waiting for action server to acknowledge goal request for compute_path_to_pose
[bt_navigator-5] [WARN] [1785538690.779803444] [BehaviorTreeEngine]: Behavior Tree tick rate 100.00 was exceeded!
[planner_server-3] [INFO] [1785538690.771873877] [global_costmap.global_costmap]: Received request to clear entirely the global_costmap
[bt_navigator-5] [WARN] [1785538690.864529776] [BehaviorTreeEngine]: Behavior Tree tick rate 100.00 was exceeded!
[bt_navigator-5] [WARN] [1785538690.873550722] [BehaviorTreeEngine]: Behavior Tree tick rate 100.00 was exceeded!
[bt_navigator-5] [WARN] [1785538690.961471775] [BehaviorTreeEngine]: Behavior Tree tick rate 100.00 was exceeded!
[bt_navigator-5] [WARN] [1785538691.062115973] [BehaviorTreeEngine]: Behavior Tree tick rate 100.00 was exceeded!
[bt_navigator-5] [WARN] [1785538691.409071643] [BehaviorTreeEngine]: Behavior Tree tick rate 100.00 was exceeded!
[bt_navigator-5] [WARN] [1785538691.416527730] [BehaviorTreeEngine]: Behavior Tree tick rate 100.00 was exceeded!
[bt_navigator-5] [WARN] [1785538691.432264996] [BehaviorTreeEngine]: Behavior Tree tick rate 100.00 was exceeded!
[bt_navigator-5] [WARN] [1785538691.522620349] [BehaviorTreeEngine]: Behavior Tree tick rate 100.00 was exceeded!
[bt_navigator-5] [WARN] [1785538691.650757702] [BehaviorTreeEngine]: Behavior Tree tick rate 100.00 was exceeded!
[planner_server-3] [WARN] [1785538691.669326471] [planner_server]: Planner loop missed its desired rate of 2.0000 Hz. Current loop rate is 1.1328 Hz
[controller_server-1] [INFO] [1785538691.691494581] [controller_server]: Passing new path to controller.
[bt_navigator-5] [WARN] [1785538691.852225650] [BehaviorTreeEngine]: Behavior Tree tick rate 100.00 was exceeded!
[bt_navigator-5] [WARN] [1785538692.010741741] [BehaviorTreeEngine]: Behavior Tree tick rate 100.00 was exceeded!
[bt_navigator-5] [WARN] [1785538692.162844822] [BehaviorTreeEngine]: Behavior Tree tick rate 100.00 was exceeded!
[bt_navigator-5] [WARN] [1785538692.275537057] [BehaviorTreeEngine]: Behavior Tree tick rate 100.00 was exceeded!
[bt_navigator-5] [WARN] [1785538692.308818925] [BehaviorTreeEngine]: Behavior Tree tick rate 100.00 was exceeded!
[bt_navigator-5] [WARN] [1785538692.426933566] [BehaviorTreeEngine]: Behavior Tree tick rate 100.00 was exceeded!
[bt_navigator-5] [WARN] [1785538692.458283889] [BehaviorTreeEngine]: Behavior Tree tick rate 100.00 was exceeded!
[bt_navigator-5] [WARN] [1785538692.532711850] [BehaviorTreeEngine]: Behavior Tree tick rate 100.00 was exceeded!
[bt_navigator-5] [WARN] [1785538692.571745485] [BehaviorTreeEngine]: Behavior Tree tick rate 100.00 was exceeded!
[bt_navigator-5] [WARN] [1785538692.696477553] [BehaviorTreeEngine]: Behavior Tree tick rate 100.00 was exceeded!
[controller_server-1] [INFO] [1785538692.741444375] [controller_server]: Passing new path to controller.
[bt_navigator-5] [WARN] [1785538692.764677969] [BehaviorTreeEngine]: Behavior Tree tick rate 100.00 was exceeded!
[bt_navigator-5] [WARN] [1785538692.818162805] [BehaviorTreeEngine]: Behavior Tree tick rate 100.00 was exceeded!
[bt_navigator-5] [WARN] [1785538692.862827355] [BehaviorTreeEngine]: Behavior Tree tick rate 100.00 was exceeded!
[bt_navigator-5] [WARN] [1785538692.963471719] [BehaviorTreeEngine]: Behavior Tree tick rate 100.00 was exceeded!
[bt_navigator-5] [WARN] [1785538693.000883059] [BehaviorTreeEngine]: Behavior Tree tick rate 100.00 was exceeded!
[bt_navigator-5] [WARN] [1785538693.144594437] [BehaviorTreeEngine]: Behavior Tree tick rate 100.00 was exceeded!
[bt_navigator-5] [WARN] [1785538693.225955171] [BehaviorTreeEngine]: Behavior Tree tick rate 100.00 was exceeded!
[bt_navigator-5] [WARN] [1785538693.400461813] [BehaviorTreeEngine]: Behavior Tree tick rate 100.00 was exceeded!
[bt_navigator-5] [WARN] [1785538693.588676149] [BehaviorTreeEngine]: Behavior Tree tick rate 100.00 was exceeded!
[bt_navigator-5] [WARN] [1785538693.622780829] [BehaviorTreeEngine]: Behavior Tree tick rate 100.00 was exceeded!
[bt_navigator-5] [WARN] [1785538693.785893430] [BehaviorTreeEngine]: Behavior Tree tick rate 100.00 was exceeded!
[controller_server-1] [INFO] [1785538693.791396985] [controller_server]: Passing new path to controller.
[bt_navigator-5] [WARN] [1785538694.022578281] [BehaviorTreeEngine]: Behavior Tree tick rate 100.00 was exceeded!
[bt_navigator-5] [WARN] [1785538694.102498693] [BehaviorTreeEngine]: Behavior Tree tick rate 100.00 was exceeded!
[bt_navigator-5] [WARN] [1785538694.145244243] [BehaviorTreeEngine]: Behavior Tree tick rate 100.00 was exceeded!
[bt_navigator-5] [WARN] [1785538694.165076562] [BehaviorTreeEngine]: Behavior Tree tick rate 100.00 was exceeded!
[bt_navigator-5] [WARN] [1785538694.386422568] [BehaviorTreeEngine]: Behavior Tree tick rate 100.00 was exceeded!
[bt_navigator-5] [WARN] [1785538694.448800117] [BehaviorTreeEngine]: Behavior Tree tick rate 100.00 was exceeded!
[bt_navigator-5] [WARN] [1785538694.481174818] [BehaviorTreeEngine]: Behavior Tree tick rate 100.00 was exceeded!
[bt_navigator-5] [WARN] [1785538694.643304881] [BehaviorTreeEngine]: Behavior Tree tick rate 100.00 was exceeded!
[bt_navigator-5] [WARN] [1785538694.667224214] [BehaviorTreeEngine]: Behavior Tree tick rate 100.00 was exceeded!
[controller_server-1] [INFO] [1785538694.791432042] [controller_server]: Passing new path to controller.
[controller_server-1] [INFO] [1785538695.841409985] [controller_server]: Passing new path to controller.
[bt_navigator-5] [WARN] [1785538696.185028281] [BehaviorTreeEngine]: Behavior Tree tick rate 100.00 was exceeded!
[bt_navigator-5] [WARN] [1785538696.745502288] [BehaviorTreeEngine]: Behavior Tree tick rate 100.00 was exceeded!
[bt_navigator-5] [WARN] [1785538696.837126774] [BehaviorTreeEngine]: Behavior Tree tick rate 100.00 was exceeded!
[bt_navigator-5] [WARN] [1785538696.869088942] [BehaviorTreeEngine]: Behavior Tree tick rate 100.00 was exceeded!
[controller_server-1] [INFO] [1785538696.892847848] [controller_server]: Passing new path to controller.
[bt_navigator-5] [WARN] [1785538697.140923167] [BehaviorTreeEngine]: Behavior Tree tick rate 100.00 was exceeded!
[bt_navigator-5] [WARN] [1785538697.261202973] [BehaviorTreeEngine]: Behavior Tree tick rate 100.00 was exceeded!
[bt_navigator-5] [WARN] [1785538697.311365972] [BehaviorTreeEngine]: Behavior Tree tick rate 100.00 was exceeded!
[bt_navigator-5] [WARN] [1785538697.381070260] [BehaviorTreeEngine]: Behavior Tree tick rate 100.00 was exceeded!
[bt_navigator-5] [WARN] [1785538697.477226527] [BehaviorTreeEngine]: Behavior Tree tick rate 100.00 was exceeded!
[bt_navigator-5] [WARN] [1785538697.538666228] [BehaviorTreeEngine]: Behavior Tree tick rate 100.00 was exceeded!
[controller_server-1] [WARN] [1785538697.541996222] [controller_server]: Control loop missed its desired rate of 20.0000Hz
[bt_navigator-5] [WARN] [1785538697.646132289] [BehaviorTreeEngine]: Behavior Tree tick rate 100.00 was exceeded!
[bt_navigator-5] [WARN] [1785538697.700345828] [BehaviorTreeEngine]: Behavior Tree tick rate 100.00 was exceeded!
[bt_navigator-5] [WARN] [1785538697.738721654] [BehaviorTreeEngine]: Behavior Tree tick rate 100.00 was exceeded!
[bt_navigator-5] [WARN] [1785538697.809571176] [BehaviorTreeEngine]: Behavior Tree tick rate 100.00 was exceeded!
[controller_server-1] [INFO] [1785538697.942866240] [controller_server]: Passing new path to controller.
[bt_navigator-5] [WARN] [1785538698.656641810] [BehaviorTreeEngine]: Behavior Tree tick rate 100.00 was exceeded!
[controller_server-1] [INFO] [1785538698.942380629] [controller_server]: Passing new path to controller.
[controller_server-1] [INFO] [1785538699.991427033] [controller_server]: Passing new path to controller.
[controller_server-1] [INFO] [1785538700.994074830] [controller_server]: Passing new path to controller.
[controller_server-1] [INFO] [1785538702.041477221] [controller_server]: Passing new path to controller.
[planner_server-3] [ERROR] [1785538703.025164682] [planner_server]: Failed to create a plan from potential when a legal potential was found. This shouldn't happen.
[planner_server-3] [WARN] [1785538703.025340534] [planner_server]: GridBased: failed to create plan with tolerance 0.50.
[planner_server-3] [WARN] [1785538703.025366221] [planner_server]: Planning algorithm GridBased failed to generate a valid path to (5.50, 0.30)
[planner_server-3] [WARN] [1785538703.025381094] [planner_server]: [compute_path_to_pose] [ActionServer] Aborting handle.
[planner_server-3] [INFO] [1785538703.039148147] [global_costmap.global_costmap]: Received request to clear entirely the global_costmap
[planner_server-3] [ERROR] [1785538703.663360069] [planner_server]: Failed to create a plan from potential when a legal potential was found. This shouldn't happen.
[planner_server-3] [WARN] [1785538703.663496300] [planner_server]: GridBased: failed to create plan with tolerance 0.50.
[planner_server-3] [WARN] [1785538703.663519795] [planner_server]: Planning algorithm GridBased failed to generate a valid path to (5.50, 0.30)
[planner_server-3] [WARN] [1785538703.663544947] [planner_server]: [compute_path_to_pose] [ActionServer] Aborting handle.
[controller_server-1] [INFO] [1785538703.691384793] [controller_server]: Goal was canceled. Stopping the robot.
[controller_server-1] [INFO] [1785538703.691490630] [controller_server]: [follow_path] [ActionServer] Client requested to cancel the goal. Cancelling.
[behavior_server-4] [INFO] [1785538703.693224110] [behavior_server]: Running spin
[behavior_server-4] [INFO] [1785538703.693495489] [behavior_server]: Turning 1.57 for spin behavior.
[bt_navigator-5] [WARN] [1785538703.694089989] [BehaviorTreeEngine]: Behavior Tree tick rate 100.00 was exceeded!
[behavior_server-4] [WARN] [1785538703.793887257] [behavior_server]: Collision Ahead - Exiting Spin
[behavior_server-4] [WARN] [1785538703.793947960] [behavior_server]: spin failed
[behavior_server-4] [WARN] [1785538703.793963512] [behavior_server]: [spin] [ActionServer] Aborting handle.
[behavior_server-4] [INFO] [1785538703.819175345] [behavior_server]: Running wait
[bt_navigator-5] [WARN] [1785538708.649559542] [BehaviorTreeEngine]: Behavior Tree tick rate 100.00 was exceeded!
[behavior_server-4] [INFO] [1785538708.819913918] [behavior_server]: wait completed successfully
[controller_server-1] [INFO] [1785538708.869555623] [controller_server]: Received a goal, begin computing control effort.
[controller_server-1] [INFO] [1785538709.919927747] [controller_server]: Passing new path to controller.
[controller_server-1] [INFO] [1785538710.969911764] [controller_server]: Passing new path to controller.
[bt_navigator-5] [WARN] [1785538711.569389920] [BehaviorTreeEngine]: Behavior Tree tick rate 100.00 was exceeded!
[bt_navigator-5] [WARN] [1785538711.643260420] [BehaviorTreeEngine]: Behavior Tree tick rate 100.00 was exceeded!
[bt_navigator-5] [WARN] [1785538711.660351354] [BehaviorTreeEngine]: Behavior Tree tick rate 100.00 was exceeded!
[bt_navigator-5] [WARN] [1785538711.842464185] [BehaviorTreeEngine]: Behavior Tree tick rate 100.00 was exceeded!
[bt_navigator-5] [WARN] [1785538711.859336134] [BehaviorTreeEngine]: Behavior Tree tick rate 100.00 was exceeded!
[controller_server-1] [INFO] [1785538711.969942172] [controller_server]: Passing new path to controller.
[controller_server-1] [INFO] [1785538713.019919597] [controller_server]: Passing new path to controller.
[controller_server-1] [INFO] [1785538714.071109304] [controller_server]: Passing new path to controller.
[controller_server-1] [INFO] [1785538715.070804906] [controller_server]: Passing new path to controller.
[controller_server-1] [INFO] [1785538716.119936584] [controller_server]: Passing new path to controller.
[controller_server-1] [INFO] [1785538717.170431614] [controller_server]: Passing new path to controller.
[controller_server-1] [INFO] [1785538718.169918691] [controller_server]: Passing new path to controller.
[controller_server-1] [INFO] [1785538719.219940968] [controller_server]: Passing new path to controller.
[controller_server-1] [INFO] [1785538720.221168391] [controller_server]: Passing new path to controller.
[bt_navigator-5] [WARN] [1785538721.059595995] [BehaviorTreeEngine]: Behavior Tree tick rate 100.00 was exceeded!
[bt_navigator-5] [WARN] [1785538721.229630262] [BehaviorTreeEngine]: Behavior Tree tick rate 100.00 was exceeded!
[controller_server-1] [INFO] [1785538721.271023916] [controller_server]: Passing new path to controller.
[controller_server-1] [INFO] [1785538722.320610834] [controller_server]: Passing new path to controller.
[controller_server-1] [INFO] [1785538723.319945101] [controller_server]: Passing new path to controller.
[controller_server-1] [INFO] [1785538724.369998706] [controller_server]: Passing new path to controller.
[controller_server-1] [INFO] [1785538725.370442148] [controller_server]: Passing new path to controller.
[controller_server-1] [INFO] [1785538726.420123662] [controller_server]: Passing new path to controller.
[bt_navigator-5] [WARN] [1785538727.124861234] [BehaviorTreeEngine]: Behavior Tree tick rate 100.00 was exceeded!
[bt_navigator-5] [WARN] [1785538727.187974554] [BehaviorTreeEngine]: Behavior Tree tick rate 100.00 was exceeded!
[bt_navigator-5] [WARN] [1785538727.252449010] [BehaviorTreeEngine]: Behavior Tree tick rate 100.00 was exceeded!
[bt_navigator-5] [WARN] [1785538727.322330903] [BehaviorTreeEngine]: Behavior Tree tick rate 100.00 was exceeded!
[controller_server-1] [INFO] [1785538727.472444010] [controller_server]: Passing new path to controller.
[controller_server-1] [INFO] [1785538728.469920429] [controller_server]: Passing new path to controller.
[controller_server-1] [INFO] [1785538729.519905502] [controller_server]: Passing new path to controller.
[controller_server-1] [INFO] [1785538730.520277115] [controller_server]: Passing new path to controller.
[controller_server-1] [INFO] [1785538731.569922600] [controller_server]: Passing new path to controller.
[controller_server-1] [INFO] [1785538732.619968179] [controller_server]: Passing new path to controller.
[controller_server-1] [INFO] [1785538733.619915668] [controller_server]: Passing new path to controller.
[controller_server-1] [INFO] [1785538734.669957741] [controller_server]: Passing new path to controller.
[controller_server-1] [INFO] [1785538735.669968910] [controller_server]: Passing new path to controller.
[bt_navigator-5] [WARN] [1785538735.860554473] [BehaviorTreeEngine]: Behavior Tree tick rate 100.00 was exceeded!
[bt_navigator-5] [WARN] [1785538736.153596892] [BehaviorTreeEngine]: Behavior Tree tick rate 100.00 was exceeded!
[controller_server-1] [INFO] [1785538736.721199561] [controller_server]: Passing new path to controller.
[controller_server-1] [INFO] [1785538737.719936875] [controller_server]: Passing new path to controller.
[controller_server-1] [INFO] [1785538738.771372954] [controller_server]: Passing new path to controller.
[controller_server-1] [INFO] [1785538739.819976843] [controller_server]: Passing new path to controller.
[controller_server-1] [INFO] [1785538740.819963099] [controller_server]: Passing new path to controller.
[controller_server-1] [INFO] [1785538741.869955554] [controller_server]: Passing new path to controller.
[controller_server-1] [INFO] [1785538742.869914737] [controller_server]: Passing new path to controller.
[controller_server-1] [INFO] [1785538743.919941425] [controller_server]: Passing new path to controller.
[controller_server-1] [INFO] [1785538744.969933094] [controller_server]: Passing new path to controller.
[controller_server-1] [INFO] [1785538745.969938959] [controller_server]: Passing new path to controller.
[controller_server-1] [INFO] [1785538747.019928152] [controller_server]: Passing new path to controller.
[controller_server-1] [INFO] [1785538748.019973573] [controller_server]: Passing new path to controller.
[controller_server-1] [ERROR] [1785538748.870283073] [controller_server]: Failed to make progress
[controller_server-1] [WARN] [1785538748.870546860] [controller_server]: [follow_path] [ActionServer] Aborting handle.
[controller_server-1] [INFO] [1785538748.883989679] [local_costmap.local_costmap]: Received request to clear entirely the local_costmap
[controller_server-1] [INFO] [1785538748.886008459] [controller_server]: Received a goal, begin computing control effort.
[controller_server-1] [INFO] [1785538749.036443860] [controller_server]: Passing new path to controller.
[controller_server-1] [WARN] [1785538749.039525401] [controller_server]: Control loop missed its desired rate of 20.0000Hz
[controller_server-1] [INFO] [1785538750.089636587] [controller_server]: Passing new path to controller.
[controller_server-1] [INFO] [1785538751.089644772] [controller_server]: Passing new path to controller.
[controller_server-1] [INFO] [1785538752.139691594] [controller_server]: Passing new path to controller.
[controller_server-1] [INFO] [1785538753.189658052] [controller_server]: Passing new path to controller.
[controller_server-1] [INFO] [1785538754.189650953] [controller_server]: Passing new path to controller.
[controller_server-1] [INFO] [1785538755.239660394] [controller_server]: Passing new path to controller.
[controller_server-1] [INFO] [1785538756.239633807] [controller_server]: Passing new path to controller.
[controller_server-1] [INFO] [1785538757.289663815] [controller_server]: Passing new path to controller.
[controller_server-1] [INFO] [1785538758.339661302] [controller_server]: Passing new path to controller.
[controller_server-1] [INFO] [1785538759.339663854] [controller_server]: Passing new path to controller.
[controller_server-1] [INFO] [1785538760.389708625] [controller_server]: Passing new path to controller.
[controller_server-1] [INFO] [1785538761.389634635] [controller_server]: Passing new path to controller.
[controller_server-1] [INFO] [1785538762.439699816] [controller_server]: Passing new path to controller.
[controller_server-1] [INFO] [1785538763.489655189] [controller_server]: Passing new path to controller.
[controller_server-1] [INFO] [1785538764.489623733] [controller_server]: Passing new path to controller.
[controller_server-1] [INFO] [1785538765.539665383] [controller_server]: Passing new path to controller.
[controller_server-1] [INFO] [1785538766.589606475] [controller_server]: Passing new path to controller.
[controller_server-1] [INFO] [1785538767.589643817] [controller_server]: Passing new path to controller.
[controller_server-1] [INFO] [1785538768.639636630] [controller_server]: Passing new path to controller.
[controller_server-1] [INFO] [1785538769.689612150] [controller_server]: Passing new path to controller.
[controller_server-1] [INFO] [1785538770.739658061] [controller_server]: Passing new path to controller.
[controller_server-1] [INFO] [1785538771.789617120] [controller_server]: Passing new path to controller.
[controller_server-1] [INFO] [1785538772.789642936] [controller_server]: Passing new path to controller.
[controller_server-1] [INFO] [1785538773.839656005] [controller_server]: Passing new path to controller.
[controller_server-1] [INFO] [1785538774.889633344] [controller_server]: Passing new path to controller.
[controller_server-1] [INFO] [1785538775.939648101] [controller_server]: Passing new path to controller.
[controller_server-1] [INFO] [1785538776.989657658] [controller_server]: Passing new path to controller.
[controller_server-1] [INFO] [1785538777.989645192] [controller_server]: Passing new path to controller.
[controller_server-1] [INFO] [1785538779.039661533] [controller_server]: Passing new path to controller.
[controller_server-1] [INFO] [1785538780.089686936] [controller_server]: Passing new path to controller.
[controller_server-1] [INFO] [1785538781.139667643] [controller_server]: Passing new path to controller.
[controller_server-1] [INFO] [1785538782.139649718] [controller_server]: Passing new path to controller.
[controller_server-1] [INFO] [1785538783.189640321] [controller_server]: Passing new path to controller.
[controller_server-1] [INFO] [1785538784.239642441] [controller_server]: Passing new path to controller.
[controller_server-1] [INFO] [1785538785.289674864] [controller_server]: Passing new path to controller.
[controller_server-1] [INFO] [1785538786.339655949] [controller_server]: Passing new path to controller.
[controller_server-1] [INFO] [1785538787.339743202] [controller_server]: Passing new path to controller.
[controller_server-1] [INFO] [1785538788.389651029] [controller_server]: Passing new path to controller.
[controller_server-1] [ERROR] [1785538789.039707520] [controller_server]: Failed to make progress
[controller_server-1] [WARN] [1785538789.039893502] [controller_server]: [follow_path] [ActionServer] Aborting handle.
[behavior_server-4] [INFO] [1785538789.054087274] [behavior_server]: Running backup
[behavior_server-4] [WARN] [1785538789.054729089] [behavior_server]: Collision Ahead - Exiting DriveOnHeading
[behavior_server-4] [WARN] [1785538789.054757785] [behavior_server]: backup failed
[behavior_server-4] [WARN] [1785538789.054765758] [behavior_server]: [backup] [ActionServer] Aborting handle.
[controller_server-1] [INFO] [1785538789.083893882] [local_costmap.local_costmap]: Received request to clear entirely the local_costmap
[planner_server-3] [INFO] [1785538789.084422775] [global_costmap.global_costmap]: Received request to clear entirely the global_costmap
[planner_server-3] [WARN] [1785538789.667501437] [planner_server]: Planner loop missed its desired rate of 2.0000 Hz. Current loop rate is 1.7187 Hz
[controller_server-1] [INFO] [1785538789.684859712] [controller_server]: Received a goal, begin computing control effort.
[bt_navigator-5] [WARN] [1785538790.082383729] [BehaviorTreeEngine]: Behavior Tree tick rate 100.00 was exceeded!
[controller_server-1] [INFO] [1785538790.735215827] [controller_server]: Passing new path to controller.
[controller_server-1] [INFO] [1785538791.785238792] [controller_server]: Passing new path to controller.
[controller_server-1] [INFO] [1785538792.785207883] [controller_server]: Passing new path to controller.
[controller_server-1] [INFO] [1785538793.835216131] [controller_server]: Passing new path to controller.
[controller_server-1] [INFO] [1785538794.835227939] [controller_server]: Passing new path to controller.
[controller_server-1] [INFO] [1785538795.885236811] [controller_server]: Passing new path to controller.
[controller_server-1] [INFO] [1785538796.885216965] [controller_server]: Passing new path to controller.
[controller_server-1] [WARN] [1785538797.239807693] [controller_server]: No valid trajectories out of 251! 
[controller_server-1] [WARN] [1785538797.289499558] [controller_server]: No valid trajectories out of 251! 
[controller_server-1] [WARN] [1785538797.341094321] [controller_server]: No valid trajectories out of 251! 
[controller_server-1] [WARN] [1785538797.388251074] [controller_server]: No valid trajectories out of 251! 
[controller_server-1] [INFO] [1785538797.935210529] [controller_server]: Passing new path to controller.
[controller_server-1] [INFO] [1785538798.935208453] [controller_server]: Passing new path to controller.
[controller_server-1] [INFO] [1785538799.985227766] [controller_server]: Passing new path to controller.
[controller_server-1] [INFO] [1785538801.035229098] [controller_server]: Passing new path to controller.
[controller_server-1] [INFO] [1785538802.035254244] [controller_server]: Passing new path to controller.
[controller_server-1] [INFO] [1785538803.085242212] [controller_server]: Passing new path to controller.
[controller_server-1] [INFO] [1785538804.085221576] [controller_server]: Passing new path to controller.
[controller_server-1] [INFO] [1785538805.135192359] [controller_server]: Passing new path to controller.
[controller_server-1] [INFO] [1785538806.185232063] [controller_server]: Passing new path to controller.
[controller_server-1] [INFO] [1785538807.185244586] [controller_server]: Passing new path to controller.
[controller_server-1] [INFO] [1785538808.235225254] [controller_server]: Passing new path to controller.
[controller_server-1] [INFO] [1785538809.235218322] [controller_server]: Passing new path to controller.
[controller_server-1] [INFO] [1785538810.285251412] [controller_server]: Passing new path to controller.
[controller_server-1] [INFO] [1785538811.335257591] [controller_server]: Passing new path to controller.
[controller_server-1] [INFO] [1785538812.335230453] [controller_server]: Passing new path to controller.
[controller_server-1] [INFO] [1785538813.385225244] [controller_server]: Passing new path to controller.
[controller_server-1] [INFO] [1785538814.385247579] [controller_server]: Passing new path to controller.
[controller_server-1] [INFO] [1785538815.435218284] [controller_server]: Passing new path to controller.
[controller_server-1] [INFO] [1785538816.485253651] [controller_server]: Passing new path to controller.
[controller_server-1] [INFO] [1785538817.485585721] [controller_server]: Passing new path to controller.
[controller_server-1] [INFO] [1785538818.535256815] [controller_server]: Passing new path to controller.
[controller_server-1] [INFO] [1785538819.535236032] [controller_server]: Passing new path to controller.
[controller_server-1] [INFO] [1785538820.585240635] [controller_server]: Passing new path to controller.
[controller_server-1] [INFO] [1785538821.585207006] [controller_server]: Passing new path to controller.
[controller_server-1] [INFO] [1785538822.635240115] [controller_server]: Passing new path to controller.
[controller_server-1] [INFO] [1785538823.685210947] [controller_server]: Passing new path to controller.
[controller_server-1] [INFO] [1785538824.685237584] [controller_server]: Passing new path to controller.
[bt_navigator-5] [WARN] [1785538825.671031437] [BehaviorTreeEngine]: Behavior Tree tick rate 100.00 was exceeded!
[controller_server-1] [INFO] [1785538825.735199983] [controller_server]: Passing new path to controller.
[controller_server-1] [INFO] [1785538826.735213808] [controller_server]: Passing new path to controller.
[controller_server-1] [INFO] [1785538827.785217019] [controller_server]: Passing new path to controller.
[controller_server-1] [INFO] [1785538828.835253125] [controller_server]: Passing new path to controller.
[controller_server-1] [INFO] [1785538829.835227469] [controller_server]: Passing new path to controller.
[controller_server-1] [INFO] [1785538830.885239185] [controller_server]: Passing new path to controller.
[controller_server-1] [INFO] [1785538831.885221152] [controller_server]: Passing new path to controller.
[controller_server-1] [INFO] [1785538832.935237125] [controller_server]: Passing new path to controller.
[controller_server-1] [INFO] [1785538833.985221287] [controller_server]: Passing new path to controller.
[controller_server-1] [INFO] [1785538834.985255785] [controller_server]: Passing new path to controller.
[controller_server-1] [INFO] [1785538836.035217674] [controller_server]: Passing new path to controller.
[controller_server-1] [INFO] [1785538837.035212200] [controller_server]: Passing new path to controller.
[controller_server-1] [INFO] [1785538838.085262925] [controller_server]: Passing new path to controller.
[controller_server-1] [INFO] [1785538839.135230715] [controller_server]: Passing new path to controller.
[controller_server-1] [INFO] [1785538840.135208551] [controller_server]: Passing new path to controller.
[controller_server-1] [INFO] [1785538841.185233997] [controller_server]: Passing new path to controller.
[controller_server-1] [INFO] [1785538842.185191524] [controller_server]: Passing new path to controller.
[controller_server-1] [INFO] [1785538843.235197289] [controller_server]: Passing new path to controller.
[controller_server-1] [INFO] [1785538844.285230554] [controller_server]: Passing new path to controller.
[controller_server-1] [INFO] [1785538845.285205431] [controller_server]: Passing new path to controller.
[controller_server-1] [INFO] [1785538846.335224434] [controller_server]: Passing new path to controller.
[controller_server-1] [INFO] [1785538847.335252903] [controller_server]: Passing new path to controller.
[controller_server-1] [INFO] [1785538848.385238797] [controller_server]: Passing new path to controller.
[controller_server-1] [INFO] [1785538849.385179047] [controller_server]: Passing new path to controller.
[controller_server-1] [INFO] [1785538850.435231257] [controller_server]: Passing new path to controller.
[bt_navigator-5] [INFO] [1785538850.633811205] [bt_navigator]: Received goal preemption request
[bt_navigator-5] [INFO] [1785538850.634426254] [bt_navigator]: Begin navigating from current location (2.03, 3.93) to (0.00, 0.50)
[planner_server-3] [ERROR] [1785538851.428209923] [planner_server]: Failed to create a plan from potential when a legal potential was found. This shouldn't happen.
[planner_server-3] [WARN] [1785538851.428395492] [planner_server]: GridBased: failed to create plan with tolerance 0.50.
[planner_server-3] [WARN] [1785538851.428427166] [planner_server]: Planning algorithm GridBased failed to generate a valid path to (0.00, 0.50)
[planner_server-3] [WARN] [1785538851.428449296] [planner_server]: [compute_path_to_pose] [ActionServer] Aborting handle.
[planner_server-3] [INFO] [1785538851.443949204] [global_costmap.global_costmap]: Received request to clear entirely the global_costmap
[planner_server-3] [ERROR] [1785538851.666959664] [planner_server]: Failed to create a plan from potential when a legal potential was found. This shouldn't happen.
[planner_server-3] [WARN] [1785538851.667117167] [planner_server]: GridBased: failed to create plan with tolerance 0.50.
[planner_server-3] [WARN] [1785538851.667146262] [planner_server]: Planning algorithm GridBased failed to generate a valid path to (0.00, 0.50)
[planner_server-3] [WARN] [1785538851.667166566] [planner_server]: [compute_path_to_pose] [ActionServer] Aborting handle.
[controller_server-1] [INFO] [1785538851.685198289] [controller_server]: Goal was canceled. Stopping the robot.
[controller_server-1] [INFO] [1785538851.685276226] [controller_server]: [follow_path] [ActionServer] Client requested to cancel the goal. Cancelling.
[behavior_server-4] [INFO] [1785538851.686027765] [behavior_server]: Running spin
[behavior_server-4] [INFO] [1785538851.687398875] [behavior_server]: Turning 1.57 for spin behavior.
[behavior_server-4] [WARN] [1785538851.788049675] [behavior_server]: Collision Ahead - Exiting Spin
[behavior_server-4] [WARN] [1785538851.788146153] [behavior_server]: spin failed
[behavior_server-4] [WARN] [1785538851.788166503] [behavior_server]: [spin] [ActionServer] Aborting handle.
[behavior_server-4] [INFO] [1785538851.814297606] [behavior_server]: Running wait
[behavior_server-4] [INFO] [1785538856.814578794] [behavior_server]: wait completed successfully
[planner_server-3] [ERROR] [1785538856.846249148] [planner_server]: Failed to create a plan from potential when a legal potential was found. This shouldn't happen.
[planner_server-3] [WARN] [1785538856.846372413] [planner_server]: GridBased: failed to create plan with tolerance 0.50.
[planner_server-3] [WARN] [1785538856.846398119] [planner_server]: Planning algorithm GridBased failed to generate a valid path to (0.00, 0.50)
[planner_server-3] [WARN] [1785538856.846417192] [planner_server]: [compute_path_to_pose] [ActionServer] Aborting handle.
[planner_server-3] [INFO] [1785538856.863955109] [global_costmap.global_costmap]: Received request to clear entirely the global_costmap
[planner_server-3] [ERROR] [1785538857.666195835] [planner_server]: Failed to create a plan from potential when a legal potential was found. This shouldn't happen.
[planner_server-3] [WARN] [1785538857.666306158] [planner_server]: GridBased: failed to create plan with tolerance 0.50.
[planner_server-3] [WARN] [1785538857.666327026] [planner_server]: Planning algorithm GridBased failed to generate a valid path to (0.00, 0.50)
[planner_server-3] [WARN] [1785538857.666344337] [planner_server]: [compute_path_to_pose] [ActionServer] Aborting handle.
[behavior_server-4] [INFO] [1785538857.684246517] [behavior_server]: Running backup
[behavior_server-4] [WARN] [1785538857.684496115] [behavior_server]: Collision Ahead - Exiting DriveOnHeading
[behavior_server-4] [WARN] [1785538857.684521519] [behavior_server]: backup failed
[behavior_server-4] [WARN] [1785538857.684531343] [behavior_server]: [backup] [ActionServer] Aborting handle.
[controller_server-1] [INFO] [1785538857.713973915] [local_costmap.local_costmap]: Received request to clear entirely the local_costmap
[planner_server-3] [INFO] [1785538857.714689546] [global_costmap.global_costmap]: Received request to clear entirely the global_costmap
[planner_server-3] [ERROR] [1785538858.667473320] [planner_server]: Failed to create a plan from potential when a legal potential was found. This shouldn't happen.
[planner_server-3] [WARN] [1785538858.667577937] [planner_server]: GridBased: failed to create plan with tolerance 0.50.
[planner_server-3] [WARN] [1785538858.667590201] [planner_server]: Planning algorithm GridBased failed to generate a valid path to (0.00, 0.50)
[planner_server-3] [WARN] [1785538858.667600778] [planner_server]: [compute_path_to_pose] [ActionServer] Aborting handle.
[planner_server-3] [INFO] [1785538858.683993129] [global_costmap.global_costmap]: Received request to clear entirely the global_costmap
[planner_server-3] [ERROR] [1785538859.667074445] [planner_server]: Failed to create a plan from potential when a legal potential was found. This shouldn't happen.
[planner_server-3] [WARN] [1785538859.667243390] [planner_server]: GridBased: failed to create plan with tolerance 0.50.
[planner_server-3] [WARN] [1785538859.667274068] [planner_server]: Planning algorithm GridBased failed to generate a valid path to (0.00, 0.50)
[planner_server-3] [WARN] [1785538859.667294083] [planner_server]: [compute_path_to_pose] [ActionServer] Aborting handle.
[behavior_server-4] [INFO] [1785538859.684210368] [behavior_server]: Running spin
[behavior_server-4] [INFO] [1785538859.684351461] [behavior_server]: Turning 1.57 for spin behavior.
[behavior_server-4] [WARN] [1785538859.784671969] [behavior_server]: Collision Ahead - Exiting Spin
[behavior_server-4] [WARN] [1785538859.784750643] [behavior_server]: spin failed
[behavior_server-4] [WARN] [1785538859.784767758] [behavior_server]: [spin] [ActionServer] Aborting handle.
[behavior_server-4] [INFO] [1785538859.814318054] [behavior_server]: Running wait
[behavior_server-4] [INFO] [1785538864.814718275] [behavior_server]: wait completed successfully
[controller_server-1] [INFO] [1785538864.864595621] [controller_server]: Received a goal, begin computing control effort.
[planner_server-3] [ERROR] [1785538865.875286839] [planner_server]: Failed to create a plan from potential when a legal potential was found. This shouldn't happen.
[planner_server-3] [WARN] [1785538865.875416055] [planner_server]: GridBased: failed to create plan with tolerance 0.50.
[planner_server-3] [WARN] [1785538865.875435071] [planner_server]: Planning algorithm GridBased failed to generate a valid path to (0.00, 0.50)
[planner_server-3] [WARN] [1785538865.875450031] [planner_server]: [compute_path_to_pose] [ActionServer] Aborting handle.
[planner_server-3] [INFO] [1785538865.893918961] [global_costmap.global_costmap]: Received request to clear entirely the global_costmap
[planner_server-3] [WARN] [1785538866.667263333] [planner_server]: Planner loop missed its desired rate of 2.0000 Hz. Current loop rate is 1.2955 Hz
[controller_server-1] [INFO] [1785538866.714940720] [controller_server]: Passing new path to controller.
[controller_server-1] [WARN] [1785538866.967618528] [controller_server]: No valid trajectories out of 251! 
[controller_server-1] [WARN] [1785538867.618027979] [controller_server]: No valid trajectories out of 251! 
[controller_server-1] [INFO] [1785538867.714917856] [controller_server]: Passing new path to controller.
[planner_server-3] [ERROR] [1785538868.725814826] [planner_server]: Failed to create a plan from potential when a legal potential was found. This shouldn't happen.
[planner_server-3] [WARN] [1785538868.725926197] [planner_server]: GridBased: failed to create plan with tolerance 0.50.
[planner_server-3] [WARN] [1785538868.725945666] [planner_server]: Planning algorithm GridBased failed to generate a valid path to (0.00, 0.50)
[planner_server-3] [WARN] [1785538868.725962485] [planner_server]: [compute_path_to_pose] [ActionServer] Aborting handle.
[planner_server-3] [INFO] [1785538868.743894310] [global_costmap.global_costmap]: Received request to clear entirely the global_costmap
[planner_server-3] [WARN] [1785538869.666440708] [planner_server]: Planner loop missed its desired rate of 2.0000 Hz. Current loop rate is 1.0853 Hz
[controller_server-1] [INFO] [1785538869.715929621] [controller_server]: Passing new path to controller.
[controller_server-1] [INFO] [1785538870.764930980] [controller_server]: Passing new path to controller.
[controller_server-1] [INFO] [1785538871.764922461] [controller_server]: Passing new path to controller.
[controller_server-1] [INFO] [1785538872.814954819] [controller_server]: Passing new path to controller.
[controller_server-1] [INFO] [1785538873.814967778] [controller_server]: Passing new path to controller.
[controller_server-1] [INFO] [1785538874.864922501] [controller_server]: Passing new path to controller.
[controller_server-1] [INFO] [1785538875.914951965] [controller_server]: Passing new path to controller.
[controller_server-1] [INFO] [1785538876.915006893] [controller_server]: Passing new path to controller.
[controller_server-1] [INFO] [1785538877.964924425] [controller_server]: Passing new path to controller.
[controller_server-1] [INFO] [1785538878.964948333] [controller_server]: Passing new path to controller.
[controller_server-1] [INFO] [1785538879.067305897] [controller_server]: Reached the goal!
[bt_navigator-5] [INFO] [1785538879.104694490] [bt_navigator]: Goal succeeded
[WARNING] [launch]: user interrupted with ctrl-c (SIGINT)
[lifecycle_manager-8] [INFO] [1785538881.344765009] [rclcpp]: signal_handler(SIGINT/SIGTERM)
[lifecycle_manager-8] [INFO] [1785538881.347309603] [lifecycle_manager_navigation]: Running Nav2 LifecycleManager rcl preshutdown (lifecycle_manager_navigation)
[lifecycle_manager-8] [INFO] [1785538881.348478446] [lifecycle_manager_navigation]: [34m[1mTerminating bond timer...[0m[0m
[behavior_server-4] [INFO] [1785538881.344949337] [rclcpp]: signal_handler(SIGINT/SIGTERM)
[behavior_server-4] [INFO] [1785538881.346211667] [behavior_server]: Running Nav2 LifecycleNode rcl preshutdown (behavior_server)
[behavior_server-4] [INFO] [1785538881.346296196] [behavior_server]: Deactivating
[behavior_server-4] [INFO] [1785538881.346334667] [behavior_server]: Destroying bond (behavior_server) to lifecycle manager.
[bt_navigator-5] [INFO] [1785538881.345025752] [rclcpp]: signal_handler(SIGINT/SIGTERM)
[bt_navigator-5] [INFO] [1785538881.345086411] [bt_navigator]: Running Nav2 LifecycleNode rcl preshutdown (bt_navigator)
[bt_navigator-5] [INFO] [1785538881.348059017] [bt_navigator]: Deactivating
[bt_navigator-5] [INFO] [1785538881.348111798] [bt_navigator]: Destroying bond (bt_navigator) to lifecycle manager.
[smoother_server-2] [INFO] [1785538881.345099426] [rclcpp]: signal_handler(SIGINT/SIGTERM)
[smoother_server-2] [INFO] [1785538881.345247264] [smoother_server]: Running Nav2 LifecycleNode rcl preshutdown (smoother_server)
[smoother_server-2] [INFO] [1785538881.345404580] [smoother_server]: Deactivating
[smoother_server-2] [INFO] [1785538881.345437970] [smoother_server]: Destroying bond (smoother_server) to lifecycle manager.
[waypoint_follower-6] [INFO] [1785538881.345635753] [rclcpp]: signal_handler(SIGINT/SIGTERM)
[waypoint_follower-6] [INFO] [1785538881.345780172] [waypoint_follower]: Running Nav2 LifecycleNode rcl preshutdown (waypoint_follower)
[waypoint_follower-6] [INFO] [1785538881.345861517] [waypoint_follower]: Deactivating
[waypoint_follower-6] [INFO] [1785538881.345910162] [waypoint_follower]: Destroying bond (waypoint_follower) to lifecycle manager.
[velocity_smoother-7] [INFO] [1785538881.346537937] [rclcpp]: signal_handler(SIGINT/SIGTERM)
[velocity_smoother-7] [INFO] [1785538881.346634297] [velocity_smoother]: Running Nav2 LifecycleNode rcl preshutdown (velocity_smoother)
[velocity_smoother-7] [INFO] [1785538881.346719830] [velocity_smoother]: Deactivating
[velocity_smoother-7] [INFO] [1785538881.346965325] [velocity_smoother]: Destroying bond (velocity_smoother) to lifecycle manager.
[planner_server-3] [INFO] [1785538881.347729351] [rclcpp]: signal_handler(SIGINT/SIGTERM)
[planner_server-3] [INFO] [1785538881.347797372] [planner_server]: Running Nav2 LifecycleNode rcl preshutdown (planner_server)
[planner_server-3] [INFO] [1785538881.347886830] [planner_server]: Deactivating
[planner_server-3] [INFO] [1785538881.347925032] [global_costmap.global_costmap]: Deactivating
[INFO] [lifecycle_manager-8]: sending signal 'SIGINT' to process[lifecycle_manager-8]
[INFO] [velocity_smoother-7]: sending signal 'SIGINT' to process[velocity_smoother-7]
[INFO] [waypoint_follower-6]: sending signal 'SIGINT' to process[waypoint_follower-6]
[INFO] [bt_navigator-5]: sending signal 'SIGINT' to process[bt_navigator-5]
[INFO] [behavior_server-4]: sending signal 'SIGINT' to process[behavior_server-4]
[INFO] [planner_server-3]: sending signal 'SIGINT' to process[planner_server-3]
[INFO] [smoother_server-2]: sending signal 'SIGINT' to process[smoother_server-2]
[INFO] [controller_server-1]: sending signal 'SIGINT' to process[controller_server-1]
[controller_server-1] [INFO] [1785538881.351799386] [rclcpp]: signal_handler(SIGINT/SIGTERM)
[controller_server-1] [INFO] [1785538881.351869541] [controller_server]: Running Nav2 LifecycleNode rcl preshutdown (controller_server)
[controller_server-1] [INFO] [1785538881.351954613] [controller_server]: Deactivating
[controller_server-1] [INFO] [1785538881.351992518] [local_costmap.local_costmap]: Deactivating
[smoother_server-2] [INFO] [1785538881.366193626] [smoother_server]: Cleaning up
[waypoint_follower-6] [INFO] [1785538881.366238994] [waypoint_follower]: Cleaning up
[behavior_server-4] [INFO] [1785538881.368587792] [behavior_server]: Cleaning up
[behavior_server-4] [INFO] [1785538881.390175873] [behavior_server]: Destroying bond (behavior_server) to lifecycle manager.
[velocity_smoother-7] [INFO] [1785538881.368932515] [velocity_smoother]: Cleaning up
[velocity_smoother-7] [INFO] [1785538881.368996812] [velocity_smoother]: Destroying bond (velocity_smoother) to lifecycle manager.
[bt_navigator-5] [INFO] [1785538881.369214660] [bt_navigator]: Cleaning up
[waypoint_follower-6] [INFO] [1785538881.386688207] [waypoint_follower]: Destroying bond (waypoint_follower) to lifecycle manager.
[velocity_smoother-7] [INFO] [1785538881.409073233] [rclcpp]: signal_handler(SIGINT/SIGTERM)
[smoother_server-2] [INFO] [1785538881.410216920] [smoother_server]: Destroying bond (smoother_server) to lifecycle manager.
[waypoint_follower-6] [INFO] [1785538881.418487267] [rclcpp]: signal_handler(SIGINT/SIGTERM)
[behavior_server-4] [INFO] [1785538881.427203134] [rclcpp]: signal_handler(SIGINT/SIGTERM)
[controller_server-1] [INFO] [1785538881.433265824] [controller_server]: Destroying bond (controller_server) to lifecycle manager.
[smoother_server-2] [INFO] [1785538881.439607044] [rclcpp]: signal_handler(SIGINT/SIGTERM)
[waypoint_follower-6] [INFO] [1785538881.451993114] [waypoint_follower]: Destroying
[behavior_server-4] [INFO] [1785538881.455261004] [behavior_server]: Destroying
[velocity_smoother-7] [INFO] [1785538881.511544997] [velocity_smoother]: Destroying
[controller_server-1] [INFO] [1785538881.523675653] [controller_server]: Cleaning up
[controller_server-1] [INFO] [1785538881.523842871] [local_costmap.local_costmap]: Cleaning up
[bt_navigator-5] [INFO] [1785538881.558562474] [bt_navigator]: Completed Cleaning up
[bt_navigator-5] [INFO] [1785538881.558633028] [bt_navigator]: Destroying bond (bt_navigator) to lifecycle manager.
[bt_navigator-5] [INFO] [1785538881.560908634] [rclcpp]: signal_handler(SIGINT/SIGTERM)
[lifecycle_manager-8] [INFO] [1785538881.560935119] [rclcpp]: signal_handler(SIGINT/SIGTERM)
[smoother_server-2] [INFO] [1785538881.560989502] [smoother_server]: Destroying
[controller_server-1] [INFO] [1785538881.573299999] [controller_server]: Destroying bond (controller_server) to lifecycle manager.
[bt_navigator-5] [INFO] [1785538881.573794920] [bt_navigator]: Destroying
[controller_server-1] [INFO] [1785538881.577494445] [rclcpp]: signal_handler(SIGINT/SIGTERM)
[controller_server-1] [INFO] [1785538881.647475889] [local_costmap.local_costmap]: Destroying
[planner_server-3] [INFO] [1785538881.659945189] [planner_server]: Deactivating plugin GridBased of type NavfnPlanner
[planner_server-3] [INFO] [1785538881.660027908] [planner_server]: Destroying bond (planner_server) to lifecycle manager.
[planner_server-3] [INFO] [1785538881.670492755] [planner_server]: Cleaning up
[controller_server-1] [INFO] [1785538881.679451471] [controller_server]: Destroying
[planner_server-3] [INFO] [1785538881.693166485] [global_costmap.global_costmap]: Cleaning up
[planner_server-3] [INFO] [1785538881.700302065] [planner_server]: Cleaning up plugin GridBased of type NavfnPlanner
[planner_server-3] [INFO] [1785538881.700515436] [planner_server]: Destroying plugin GridBased of type NavfnPlanner
[planner_server-3] [INFO] [1785538881.714579672] [planner_server]: Destroying bond (planner_server) to lifecycle manager.
[planner_server-3] [INFO] [1785538881.717315235] [rclcpp]: signal_handler(SIGINT/SIGTERM)
[planner_server-3] [INFO] [1785538881.722198640] [global_costmap.global_costmap]: Destroying
[lifecycle_manager-8] [INFO] [1785538881.726794002] [lifecycle_manager_navigation]: Destroying lifecycle_manager_navigation
[planner_server-3] [INFO] [1785538881.753797427] [planner_server]: Destroying
[INFO] [behavior_server-4]: process has finished cleanly [pid 496]
[INFO] [waypoint_follower-6]: process has finished cleanly [pid 500]
[INFO] [velocity_smoother-7]: process has finished cleanly [pid 502]
[INFO] [smoother_server-2]: process has finished cleanly [pid 492]
[INFO] [bt_navigator-5]: process has finished cleanly [pid 498]
[INFO] [controller_server-1]: process has finished cleanly [pid 490]
[INFO] [lifecycle_manager-8]: process has finished cleanly [pid 504]
[INFO] [planner_server-3]: process has finished cleanly [pid 494]
