t,j0,j1,j2,j3,j4,j5,j6,j7,j8,j9,j10,j11,j12,j13,j14,j15
1785124206.5127838,-0.0384538359940052,-0.6802883744239807,1.4623565673828125,-0.5271918773651123,0.03796206787228584,-0.6802942752838135,1.46178138256073,-0.5228756070137024,-0.0376572422683239,0.680275559425354,-1.461669683456421,0.5282799005508423,0.03731363266706467,0.6804580688476562,-1.4609984159469604,0.5218890309333801
1785124206.5642319,-0.03845386579632759,-0.6802883744239807,1.4623565673828125,-0.5271918177604675,0.03796209394931793,-0.6802942752838135,1.46178138256073,-0.5228756070137024,-0.03765726834535599,0.680275559425354,-1.461669683456421,0.5282799601554871,0.037313662469387054,0.6804580688476562,-1.4609984159469604,0.5218890309333801
1785124206.614908,-0.03845388814806938,-0.6802883744239807,1.4623565673828125,-0.5271918177604675,0.03796211630105972,-0.6802942752838135,1.46178138256073,-0.5228755474090576,-0.03765729069709778,0.680275559425354,-1.461669683456421,0.5282799601554871,0.03731368109583855,0.6804580688476562,-1.4609984159469604,0.5218890309333801
1785124206.6696732,-0.03845391049981117,-0.6802883744239807,1.4623565673828125,-0.5271918177604675,0.037962138652801514,-0.6802942752838135,1.46178138256073,-0.5228755474090576,-0.03765731304883957,0.680275559425354,-1.461669683456421,0.5282799601554871,0.03731370344758034,0.6804580688476562,-1.4609984159469604,0.5218890309333801
1785124206.7198837,-0.03845393285155296,-0.6802883744239807,1.4623565673828125,-0.5271917581558228,0.037962161004543304,-0.6802942752838135,1.46178138256073,-0.5228755474090576,-0.03765733167529106,0.680275559425354,-1.461669683456421,0.5282800197601318,0.03731372207403183,0.6804580688476562,-1.4609984159469604,0.5218890309333801
1785124206.7745607,-0.038453955203294754,-0.6802883744239807,1.4623565673828125,-0.5271917581558228,0.037962183356285095,-0.6802942752838135,1.46178138256073,-0.5228754878044128,-0.03765735402703285,0.680275559425354,-1.461669683456421,0.5282800197601318,0.03731374442577362,0.6804580688476562,-1.4609984159469604,0.5218890309333801
1785124206.8256922,-0.038453973829746246,-0.6802883744239807,1.4623565673828125,-0.5271917581558228,0.03796220198273659,-0.6802942752838135,1.46178138256073,-0.5228754878044128,-0.037657372653484344,0.680275559425354,-1.461669683456421,0.5282800197601318,0.03731376305222511,0.6804580688476562,-1.4609984159469604,0.5218890309333801
1785124206.8799982,-0.03845399618148804,-0.6802883744239807,1.4623565673828125,-0.527191698551178,0.03796222433447838,-0.6802942752838135,1.46178138256073,-0.5228754878044128,-0.037657395005226135,0.680275559425354,-1.461669683456421,0.5282800793647766,0.037313785403966904,0.6804580688476562,-1.4609984159469604,0.5218890309333801
1785124206.9349027,-0.03845401853322983,-0.6802883744239807,1.4623565673828125,-0.527191698551178,0.03796224668622017,-0.6802942752838135,1.46178138256073,-0.5228754281997681,-0.03765741363167763,0.680275559425354,-1.461669683456421,0.5282800793647766,0.037313804030418396,0.6804580688476562,-1.4609984159469604,0.5218890309333801
1785124206.9893835,-0.03845403715968132,-0.6802883744239807,1.4623565673828125,-0.527191698551178,0.03796226903796196,-0.6802942752838135,1.46178138256073,-0.5228754281997681,-0.03765743598341942,0.680275559425354,-1.461669683456421,0.5282800793647766,0.03731382638216019,0.6804580688476562,-1.4609984159469604,0.5218890905380249
1785124207.03951,-0.03845405578613281,-0.6802883744239807,1.4623565673828125,-0.5271916389465332,0.03796228766441345,-0.6802942752838135,1.46178138256073,-0.5228754281997681,-0.03765745088458061,0.680275559425354,-1.461669683456421,0.5282801389694214,0.03731384128332138,0.6804580688476562,-1.4609984159469604,0.5218890905380249
1785124207.0966334,-0.0384540781378746,-0.6802883744239807,1.4623565673828125,-0.5271916389465332,0.037962306290864944,-0.6802942752838135,1.46178138256073,-0.5228753685951233,-0.0376574732363224,0.680275559425354,-1.461669683456421,0.5282801389694214,0.03731386363506317,0.6804580688476562,-1.4609984159469604,0.5218890905380249
1785124207.1470335,-0.038454096764326096,-0.6802883744239807,1.4623565673828125,-0.5271915793418884,0.03796232491731644,-0.6802942752838135,1.46178138256073,-0.5228753685951233,-0.0376574881374836,0.680275559425354,-1.461669683456421,0.5282801389694214,0.037313878536224365,0.6804580688476562,-1.4609984159469604,0.5218890905380249
1785124207.2000046,-0.03845411539077759,-0.6802883744239807,1.4623565673828125,-0.5271915793418884,0.03796234354376793,-0.6802942752838135,1.46178138256073,-0.5228753685951233,-0.03765750676393509,0.680275559425354,-1.461669683456421,0.5282801985740662,0.03731389716267586,0.6804580688476562,-1.4609984159469604,0.5218890905380249
1785124207.2543771,-0.03845413774251938,-0.6802883744239807,1.4623565673828125,-0.5271915793418884,0.03796236589550972,-0.6802942752838135,1.46178138256073,-0.5228753089904785,-0.03765752539038658,0.680275559425354,-1.461669683456421,0.5282801985740662,0.03731391951441765,0.6804580688476562,-1.4609984159469604,0.5218890905380249
1785124207.3093202,-0.03845415636897087,-0.6802883744239807,1.4623565673828125,-0.5271915197372437,0.03796238452196121,-0.6802942752838135,1.46178138256073,-0.5228753089904785,-0.037657544016838074,0.680275559425354,-1.461669683456421,0.5282801985740662,0.03731393441557884,0.6804580688476562,-1.4609984159469604,0.5218890905380249
1785124207.3601496,-0.038454171270132065,-0.6802883744239807,1.4623565673828125,-0.5271915197372437,0.037962403148412704,-0.6802942752838135,1.46178138256073,-0.5228753089904785,-0.037657562643289566,0.680275559425354,-1.461669683456421,0.5282802581787109,0.037313953042030334,0.6804580688476562,-1.4609984159469604,0.5218890905380249
1785124207.4150343,-0.03845418989658356,-0.6802883744239807,1.4623565673828125,-0.5271915197372437,0.0379624217748642,-0.6802942752838135,1.46178138256073,-0.5228752493858337,-0.03765758126974106,0.680275559425354,-1.461669683456421,0.5282802581787109,0.03731397166848183,0.6804580688476562,-1.4609984159469604,0.5218890905380249
1785124207.469933,-0.03845420852303505,-0.6802883744239807,1.4623565673828125,-0.5271914601325989,0.03796244040131569,-0.6802942752838135,1.46178138256073,-0.5228752493858337,-0.03765759617090225,0.680275559425354,-1.461669683456421,0.5282802581787109,0.03731398656964302,0.6804580688476562,-1.4609984159469604,0.5218890905380249
1785124207.5245726,-0.03845422714948654,-0.6802883744239807,1.4623565673828125,-0.5271914601325989,0.03796245530247688,-0.6802942752838135,1.46178138256073,-0.5228752493858337,-0.037657614797353745,0.680275559425354,-1.461669683456421,0.5282803177833557,0.03731400519609451,0.6804580688476562,-1.4609984159469604,0.5218890905380249
1785124207.5797064,-0.038454245775938034,-0.6802883744239807,1.4623565673828125,-0.5271914601325989,0.037962473928928375,-0.6802942752838135,1.46178138256073,-0.522875189781189,-0.03765763342380524,0.680275559425354,-1.461669683456421,0.5282803177833557,0.037314023822546005,0.6804580688476562,-1.4609984159469604,0.5218890905380249
1785124207.6304824,-0.03845426067709923,-0.6802883744239807,1.4623565673828125,-0.5271914005279541,0.03796249255537987,-0.6802942752838135,1.46178138256073,-0.522875189781189,-0.03765764832496643,0.680275559425354,-1.461669683456421,0.5282803177833557,0.0373140387237072,0.6804580688476562,-1.4609984159469604,0.5218890905380249
1785124207.6805174,-0.03845427930355072,-0.6802883744239807,1.4623565673828125,-0.5271914005279541,0.03796250745654106,-0.6802942752838135,1.46178138256073,-0.522875189781189,-0.037657663226127625,0.680275559425354,-1.461669683456421,0.5282803177833557,0.03731405362486839,0.6804580688476562,-1.4609984159469604,0.5218890905380249
1785124207.7344906,-0.038454294204711914,-0.6802883744239807,1.4623565673828125,-0.5271914005279541,0.037962522357702255,-0.6802942752838135,1.46178138256073,-0.5228751301765442,-0.03765767812728882,0.680275559425354,-1.461669683456421,0.5282803773880005,0.03731406852602959,0.6804580688476562,-1.4609984159469604,0.5218890905380249
1785124207.7856405,-0.03845430910587311,-0.6802883744239807,1.4623565673828125,-0.5271913409233093,0.03796254098415375,-0.6802942752838135,1.46178138256073,-0.5228751301765442,-0.03765769302845001,0.680275559425354,-1.461669683456421,0.5282803773880005,0.03731408342719078,0.6804580688476562,-1.4609984159469604,0.5218890905380249
1785124207.8393428,-0.0384543277323246,-0.6802883744239807,1.4623565673828125,-0.5271913409233093,0.03796255588531494,-0.6802942752838135,1.46178138256073,-0.5228750705718994,-0.037657707929611206,0.680275559425354,-1.461669683456421,0.5282803773880005,0.037314098328351974,0.6804580688476562,-1.4609984159469604,0.5218890905380249
1785124207.8969524,-0.038454342633485794,-0.6802883744239807,1.4623565673828125,-0.5271913409233093,0.037962570786476135,-0.6802942752838135,1.46178138256073,-0.5228750705718994,-0.0376577228307724,0.680275559425354,-1.461669683456421,0.5282804369926453,0.03731411322951317,0.6804580688476562,-1.4609984159469604,0.5218890905380249
1785124207.9495852,-0.038454361259937286,-0.6802883744239807,1.4623565673828125,-0.5271912813186646,0.03796258941292763,-0.6802942752838135,1.46178138256073,-0.5228750705718994,-0.03765774145722389,0.680275559425354,-1.461669683456421,0.5282804369926453,0.03731413185596466,0.6804580688476562,-1.4609984159469604,0.5218890905380249
1785124207.9996839,-0.03845437243580818,-0.6802883744239807,1.4623565673828125,-0.5271912813186646,0.03796260058879852,-0.6802942752838135,1.46178138256073,-0.5228750109672546,-0.03765775263309479,0.680275559425354,-1.461669683456421,0.5282804369926453,0.037314143031835556,0.6804580688476562,-1.4609984159469604,0.5218891501426697
1785124208.0508103,-0.038454387336969376,-0.6802883744239807,1.4623565673828125,-0.5271912813186646,0.03796261548995972,-0.6802942752838135,1.46178138256073,-0.5228750109672546,-0.03765776753425598,0.680275559425354,-1.461669683456421,0.52828049659729,0.03731415793299675,0.6804580688476562,-1.4609984159469604,0.5218891501426697
1785124208.1047115,-0.03845440223813057,-0.6802883744239807,1.4623565673828125,-0.5271912217140198,0.03796263411641121,-0.6802942752838135,1.46178138256073,-0.5228750109672546,-0.037657782435417175,0.680275559425354,-1.461669683456421,0.52828049659729,0.037314172834157944,0.6804580688476562,-1.4609984159469604,0.5218891501426697
1785124208.1593933,-0.03845441713929176,-0.6802883744239807,1.4623565673828125,-0.5271912217140198,0.0379626490175724,-0.6802942752838135,1.46178138256073,-0.5228749513626099,-0.03765779733657837,0.680275559425354,-1.461669683456421,0.52828049659729,0.03731418773531914,0.6804580688476562,-1.4609984159469604,0.5218891501426697
1785124208.210403,-0.03845443204045296,-0.6802883744239807,1.4623565673828125,-0.5271912217140198,0.0379626601934433,-0.6802942752838135,1.46178138256073,-0.5228749513626099,-0.037657808512449265,0.680275559425354,-1.461669683456421,0.5282805562019348,0.03731419891119003,0.6804580688476562,-1.4609984159469604,0.5218891501426697
1785124208.2649088,-0.03845444694161415,-0.6802883744239807,1.4623565673828125,-0.527191162109375,0.03796267509460449,-0.6802942752838135,1.46178138256073,-0.5228749513626099,-0.03765782341361046,0.680275559425354,-1.461669683456421,0.5282805562019348,0.03731421381235123,0.6804580688476562,-1.4609984159469604,0.5218891501426697
1785124208.315041,-0.038454461842775345,-0.6802883744239807,1.4623565673828125,-0.527191162109375,0.037962689995765686,-0.6802942752838135,1.46178138256073,-0.5228748917579651,-0.037657834589481354,0.680275559425354,-1.461669683456421,0.5282805562019348,0.03731422498822212,0.6804580688476562,-1.4609984159469604,0.5218891501426697
1785124208.369558,-0.03845447301864624,-0.6802883744239807,1.4623565673828125,-0.527191162109375,0.03796270489692688,-0.6802942752838135,1.46178138256073,-0.5228748917579651,-0.03765784949064255,0.680275559425354,-1.461669683456421,0.5282806158065796,0.037314239889383316,0.6804580688476562,-1.4609984159469604,0.5218891501426697
1785124208.4201963,-0.038454487919807434,-0.6802883744239807,1.4623565673828125,-0.5271911025047302,0.037962716072797775,-0.6802942752838135,1.46178138256073,-0.5228748917579651,-0.03765786066651344,0.680275559425354,-1.461669683456421,0.5282806158065796,0.03731425106525421,0.6804580688476562,-1.4609984159469604,0.5218891501426697
1785124208.4717028,-0.03845449537038803,-0.6802883744239807,1.4623565673828125,-0.5271911025047302,0.03796272352337837,-0.6802942752838135,1.46178138256073,-0.5228748917579651,-0.03765786811709404,0.680275559425354,-1.461669683456421,0.5282806158065796,0.03731425851583481,0.6804580688476562,-1.4609984159469604,0.5218891501426697
1785124208.5243573,-0.038454510271549225,-0.6802883744239807,1.4623565673828125,-0.5271911025047302,0.037962738424539566,-0.6802942752838135,1.46178138256073,-0.5228748321533203,-0.037657883018255234,0.680275559425354,-1.461669683456421,0.5282806754112244,0.037314273416996,0.6804580688476562,-1.4609984159469604,0.5218891501426697
1785124208.579677,-0.03845452517271042,-0.6802883744239807,1.4623565673828125,-0.5271910429000854,0.03796275332570076,-0.6802942752838135,1.46178138256073,-0.5228748321533203,-0.03765789419412613,0.680275559425354,-1.461669683456421,0.5282806754112244,0.0373142845928669,0.6804580688476562,-1.4609984159469604,0.5218891501426697
1785124208.629827,-0.038454536348581314,-0.6802883744239807,1.4623565673828125,-0.5271910429000854,0.037962764501571655,-0.6802942752838135,1.46178138256073,-0.5228748321533203,-0.037657905369997025,0.680275559425354,-1.461669683456421,0.5282806754112244,0.03731429576873779,0.6804580688476562,-1.4609984159469604,0.5218891501426697
1785124208.6844409,-0.03845454752445221,-0.6802883744239807,1.4623565673828125,-0.5271910429000854,0.03796277940273285,-0.6802942752838135,1.46178138256073,-0.5228747725486755,-0.03765792027115822,0.680275559425354,-1.461669683456421,0.5282806754112244,0.03731431066989899,0.6804580688476562,-1.4609984159469604,0.5218891501426697
1785124208.7347982,-0.0384545624256134,-0.6802883744239807,1.4623565673828125,-0.5271909832954407,0.037962790578603745,-0.6802942752838135,1.46178138256073,-0.5228747725486755,-0.037657931447029114,0.680275559425354,-1.461669683456421,0.5282807350158691,0.03731432184576988,0.6804580688476562,-1.4609984159469604,0.5218891501426697
1785124208.7851713,-0.0384545736014843,-0.6802883744239807,1.4623565673828125,-0.5271909832954407,0.03796280175447464,-0.6802942752838135,1.46178138256073,-0.5228747725486755,-0.03765794262290001,0.680275559425354,-1.461669683456421,0.5282807350158691,0.03731433302164078,0.6804580688476562,-1.4609984159469604,0.5218891501426697
1785124208.841438,-0.038454584777355194,-0.6802883744239807,1.4623565673828125,-0.5271909832954407,0.037962812930345535,-0.6802942752838135,1.46178138256073,-0.5228747129440308,-0.037657953798770905,0.680275559425354,-1.461669683456421,0.5282807350158691,0.03731434419751167,0.6804580688476562,-1.4609984159469604,0.5218891501426697
1785124208.895356,-0.03845459595322609,-0.6802883744239807,1.4623565673828125,-0.5271909236907959,0.03796282783150673,-0.6802942752838135,1.46178138256073,-0.5228747129440308,-0.0376579649746418,0.680275559425354,-1.461669683456421,0.5282807946205139,0.03731435537338257,0.6804580688476562,-1.4609984159469604,0.5218892097473145
1785124208.9456174,-0.038392018526792526,-0.679652988910675,1.4624487161636353,-0.5307567715644836,0.038024645298719406,-0.680696964263916,1.4617763757705688,-0.5206451416015625,-0.0377192385494709,0.6809240579605103,-1.4615881443023682,0.5247296094894409,0.03725409880280495,0.6800559759140015,-1.4610037803649902,0.524118185043335
1785124208.9962482,-0.037247270345687866,-0.6607000231742859,1.462255835533142,-0.6255736351013184,0.039119455963373184,-0.6929683089256287,1.4626630544662476,-0.4603923559188843,-0.03888768330216408,0.6997032165527344,-1.4613277912139893,0.4296652376651764,0.03608844056725502,0.6677521467208862,-1.4599742889404297,0.5842718482017517
1785124209.046953,-0.03691710904240608,-0.6368246078491211,1.4601590633392334,-0.7514654397964478,0.039335642009973526,-0.7120040059089661,1.4643239974975586,-0.37034255266189575,-0.03929585963487625,0.7233017086982727,-1.4622281789779663,0.30254265666007996,0.03571471571922302,0.648732602596283,-1.4578971862792969,0.673700749874115
1785124209.1005378,-0.03794348984956741,-0.6191754937171936,1.4582245349884033,-0.8708294630050659,0.03783464431762695,-0.7302732467651367,1.4668523073196411,-0.28947487473487854,-0.037610214203596115,0.7430907487869263,-1.4649158716201782,0.1813279688358307,0.03760427609086037,0.6309109926223755,-1.4548988342285156,0.7529193758964539
1785124209.1512153,-0.03685510531067848,-0.616929292678833,1.4563976526260376,-0.9589818120002747,0.034853991121053696,-0.7415939569473267,1.4667432308197021,-0.23947246372699738,-0.035250335931777954,0.7534119486808777,-1.46661376953125,0.09412772953510284,0.038788896054029465,0.6216395497322083,-1.4532973766326904,0.8020293116569519
1785124209.2049224,-0.03375363349914551,-0.6235907077789307,1.4535157680511475,-1.0385950803756714,0.030518269166350365,-0.7480421662330627,1.4637550115585327,-0.2037803679704666,-0.031767506152391434,0.7570505142211914,-1.463144063949585,0.016468767076730728,0.03589196875691414,0.6241204738616943,-1.4514435529708862,0.8388062715530396
1785124209.2592683,-0.031252577900886536,-0.6318482756614685,1.447977900505066,-1.1041178703308105,0.02571810595691204,-0.750337541103363,1.4598699808120728,-0.1848684847354889,-0.027606474235653877,0.7557798027992249,-1.457521677017212,-0.04536072537302971,0.03258092328906059,0.6317040324211121,-1.4487395286560059,0.8599604368209839
1785124209.3115017,-0.029817789793014526,-0.6378463506698608,1.4448789358139038,-1.1642639636993408,0.021566353738307953,-0.7532885074615479,1.4577665328979492,-0.16879911720752716,-0.024240117520093918,0.7557713389396667,-1.4542392492294312,-0.1012735366821289,0.030363038182258606,0.6361393332481384,-1.4461110830307007,0.879504382610321
1785124209.3645656,-0.029196886345744133,-0.640278697013855,1.4429168701171875,-1.2313514947891235,0.018184548243880272,-0.7578724026679993,1.457105040550232,-0.15217313170433044,-0.02129988558590412,0.7580142021179199,-1.4533851146697998,-0.16242842376232147,0.02938324213027954,0.6372220516204834,-1.445020318031311,0.9012606739997864
1785124209.419025,-0.02841099724173546,-0.6398268342018127,1.4415653944015503,-1.2931376695632935,0.016416342929005623,-0.7624074220657349,1.456899881362915,-0.13814224302768707,-0.019611617550253868,0.7614428997039795,-1.4533089399337769,-0.21728655695915222,0.02842288836836815,0.6363260746002197,-1.4442098140716553,0.921552836894989
1785124209.4693975,-0.026721065863966942,-0.6380446553230286,1.4425065517425537,-1.3638931512832642,0.0157384742051363,-0.7673248052597046,1.4556161165237427,-0.12065965682268143,-0.018550537526607513,0.7661882042884827,-1.4523658752441406,-0.2797195315361023,0.02637103758752346,0.6351922750473022,-1.4440224170684814,0.9471352100372314
1785124209.5195487,-0.024411100894212723,-0.6363403797149658,1.4423669576644897,-1.4266847372055054,0.01554156094789505,-0.7712832093238831,1.4533380270004272,-0.10225765407085419,-0.017700711265206337,0.7706100344657898,-1.4507808685302734,-0.33473747968673706,0.024023590609431267,0.6346011757850647,-1.4435516595840454,0.9728932976722717
1785124209.570022,-0.02200574055314064,-0.6355067491531372,1.442276120185852,-1.5016146898269653,0.014763147570192814,-0.7750462889671326,1.4503507614135742,-0.08157169818878174,-0.015904702246189117,0.7752899527549744,-1.4489535093307495,-0.399897038936615,0.021593663841485977,0.6353536248207092,-1.4426383972167969,1.0030587911605835
1785124209.624659,-0.02075873129069805,-0.6364239454269409,1.4417964220046997,-1.5700428485870361,0.013092473149299622,-0.7772794961929321,1.448226809501648,-0.06787782907485962,-0.01313486136496067,0.7783692479133606,-1.4479807615280151,-0.45777595043182373,0.02005615271627903,0.6378869414329529,-1.4404332637786865,1.0276058912277222
1785124209.675211,-0.02021527849137783,-0.6376426219940186,1.4410735368728638,-1.6308518648147583,0.011124424636363983,-0.7790565490722656,1.4468164443969727,-0.057458922266960144,-0.01016703899949789,0.780717670917511,-1.4476271867752075,-0.5081142783164978,0.01893402636051178,0.6404262185096741,-1.4379258155822754,1.0490747690200806
1785124209.7298489,-0.01926611177623272,-0.6389989852905273,1.4394668340682983,-1.6983799934387207,0.00895597878843546,-0.7817880511283875,1.4455381631851196,-0.046571046113967896,-0.007295067422091961,0.7828089594841003,-1.4467524290084839,-0.5630692839622498,0.017386632040143013,0.6426715850830078,-1.4364852905273438,1.0730537176132202
1785124209.7800493,-0.017992861568927765,-0.6399776339530945,1.4384396076202393,-1.7599784135818481,0.007396908011287451,-0.7847994565963745,1.4440951347351074,-0.03730417415499687,-0.005503845401108265,0.7843912839889526,-1.4453381299972534,-0.6126704216003418,0.015692589804530144,0.6431794166564941,-1.4356136322021484,1.0950818061828613
1785124209.8306208,-0.016448164358735085,-0.6404466032981873,1.437578797340393,-1.8229610919952393,0.00620867358520627,-0.788506031036377,1.4427211284637451,-0.02763228490948677,-0.0044176713563501835,0.7862321138381958,-1.4437880516052246,-0.6630920767784119,0.01369838323444128,0.6427754759788513,-1.4353134632110596,1.1183210611343384
1785124209.884743,-0.015353333204984665,-0.6410079598426819,1.4365508556365967,-1.8808690309524536,0.005311774555593729,-0.7958658337593079,1.4407440423965454,0.0004920248175039887,-0.0034721901174634695,0.7865383625030518,-1.4424495697021484,-0.7074283957481384,0.010725532658398151,0.6408604383468628,-1.4361937046051025,1.1629732847213745
1785124209.935077,-0.010389694944024086,-0.6387174129486084,1.437408447265625,-1.9981372356414795,0.004783456679433584,-0.8125736713409424,1.4347504377365112,0.09733197838068008,-0.0024522796738892794,0.7965396642684937,-1.4370380640029907,-0.8076231479644775,0.0042778863571584225,0.6371797323226929,-1.4368661642074585,1.2797943353652954
1785124209.9890199,-0.01024294551461935,-0.6388272047042847,1.4348843097686768,-2.0609242916107178,0.002330174669623375,-0.8189195990562439,1.4319264888763428,0.14362885057926178,0.0009608038235455751,0.798395037651062,-1.4350624084472656,-0.8581276535987854,0.002333062933757901,0.6381924152374268,-1.4335099458694458,1.3421134948730469
1785124210.0397506,-0.01018303819000721,-0.6430350542068481,1.4330768585205078,-2.1078357696533203,-0.00019561947556212544,-0.8204033374786377,1.4299585819244385,0.16813558340072632,0.004847714677453041,0.7972447276115417,-1.4348738193511963,-0.8876925110816956,0.0011097327806055546,0.644024133682251,-1.430413007736206,1.3886297941207886
1785124210.0951731,-0.009337328374385834,-0.6451885104179382,1.432456374168396,-2.154632806777954,-0.001560484990477562,-0.8214507102966309,1.4275559186935425,0.19232773780822754,0.00770981702953577,0.7975311875343323,-1.4345817565917969,-0.9170832633972168,-0.0003700076777022332,0.6482118368148804,-1.4276667833328247,1.435713529586792
1785124210.1465933,-0.008672998286783695,-0.6445211172103882,1.4324209690093994,-2.1971824169158936,-0.0019959276542067528,-0.8227455019950867,1.4260554313659668,0.21407726407051086,0.009503302164375782,0.799085259437561,-1.4346860647201538,-0.9434617757797241,-0.0011983542935922742,0.6495062112808228,-1.4266079664230347,1.4787629842758179
1785124210.19996,-0.008073684759438038,-0.6423593163490295,1.4333549737930298,-2.245582342147827,-0.002221982926130295,-0.8250091671943665,1.42520010471344,0.23958346247673035,0.010229750536382198,0.8016082644462585,-1.434648036956787,-0.973874032497406,-0.002096843672916293,0.648984968662262,-1.4259480237960815,1.5287379026412964
1785124210.2722273,-0.007266880478709936,-0.6406040787696838,1.4340251684188843,-2.28874135017395,-0.0025139993522316217,-0.8274521827697754,1.4246196746826172,0.2638401985168457,0.010592187754809856,0.8043928742408752,-1.434533953666687,-1.0019701719284058,-0.002510904800146818,0.6475819945335388,-1.4260629415512085,1.573157548904419
1785124210.3245847,-0.006398082245141268,-0.6400993466377258,1.433565616607666,-2.3388900756835938,-0.003649973776191473,-0.8294240236282349,1.424155592918396,0.29064738750457764,0.011116095818579197,0.8069401383399963,-1.434201717376709,-1.033345341682434,-0.0025138352066278458,0.6465620994567871,-1.4255313873291016,1.624861240386963
1785124210.37462,-0.004779207985848188,-0.6407500505447388,1.4334415197372437,-2.393091917037964,-0.005085455719381571,-0.8283597230911255,1.4242761135101318,0.3010913133621216,0.011473811231553555,0.8100994825363159,-1.432632565498352,-1.0693726539611816,-0.0023631437215954065,0.647713840007782,-1.4249250888824463,1.657444715499878
1785124210.424644,-0.0030836365185678005,-0.6421533823013306,1.43166184425354,-2.443657636642456,-0.006811203435063362,-0.8272942900657654,1.423281192779541,0.3130742907524109,0.011333394795656204,0.8124433755874634,-1.4313783645629883,-1.1018675565719604,-0.002620034385472536,0.6488391160964966,-1.4252676963806152,1.692518711090088
1785124210.4748404,-0.001900895033031702,-0.644287645816803,1.4299569129943848,-2.4861598014831543,-0.008400366641581059,-0.827997624874115,1.4232558012008667,0.3336828351020813,0.01150141004472971,0.8132181167602539,-1.4301624298095703,-1.125360369682312,-0.0023960210382938385,0.6483455896377563,-1.4253599643707275,1.7356557846069336
1785124210.5254169,-0.0016389248194172978,-0.6452657580375671,1.428973913192749,-2.528648614883423,-0.01033974252641201,-0.8285873532295227,1.4243861436843872,0.35429510474205017,0.011830871924757957,0.8143989443778992,-1.429380178451538,-1.1485873460769653,-0.001914433785714209,0.6481769680976868,-1.4246939420700073,1.7793512344360352
1785124210.5796692,-0.000856496742926538,-0.6462082266807556,1.4270431995391846,-2.5763561725616455,-0.012191209942102432,-0.8286536335945129,1.4250752925872803,0.3769986629486084,0.012159486301243305,0.8160381317138672,-1.4286491870880127,-1.1738402843475342,-0.001592822722159326,0.6484573483467102,-1.4246129989624023,1.8273556232452393
1785124210.6299577,-5.973323277430609e-05,-0.6469444036483765,1.4271782636642456,-2.619201421737671,-0.013284444808959961,-0.8277379870414734,1.425062894821167,0.39782896637916565,0.01245670486241579,0.8179060816764832,-1.42787504196167,-1.1964306831359863,-0.0013651124900206923,0.6487961411476135,-1.4247108697891235,1.8708840608596802
1785124210.6855266,0.0007704322342760861,-0.6463099718093872,1.4262568950653076,-2.6824347972869873,-0.014332779683172703,-0.8244257569313049,1.4262001514434814,0.4062037169933319,0.012807810679078102,0.8225681781768799,-1.4264262914657593,-1.235445499420166,-0.0006278575165197253,0.6502478122711182,-1.4237529039382935,1.903933048248291
1785124210.741992,0.002854703227058053,-0.6459816098213196,1.4247815608978271,-2.811901092529297,-0.015109517611563206,-0.833551287651062,1.4206258058547974,0.4969223439693451,0.012850814498960972,0.8354427218437195,-1.4207394123077393,-1.3357470035552979,-0.001878867857158184,0.6493968963623047,-1.424550175666809,2.0250213146209717
1785124210.794744,0.003200636710971594,-0.6497734189033508,1.4213666915893555,-2.9628286361694336,-0.01745797134935856,-0.8461947441101074,1.4147484302520752,0.6172587871551514,0.015128128230571747,0.8489416837692261,-1.4129817485809326,-1.4555957317352295,-0.002274732105433941,0.6490365862846375,-1.4225099086761475,2.175771474838257
1785124210.8454795,0.003838147269561887,-0.6558834314346313,1.4166680574417114,-3.154899835586548,-0.02133801206946373,-0.8624204993247986,1.40567946434021,0.7752012610435486,0.018890798091888428,0.8658966422080994,-1.401657223701477,-1.6128793954849243,-0.003468757262453437,0.6529727578163147,-1.4173154830932617,2.368185043334961
1785124210.89558,0.005527235567569733,-0.6634967923164368,1.4101325273513794,-3.363786458969116,-0.027241166681051254,-0.8779786825180054,1.394829273223877,0.9468359351158142,0.024676509201526642,0.8825739622116089,-1.3898513317108154,-1.7835842370986938,-0.004898708313703537,0.6601801514625549,-1.4127758741378784,2.5759196281433105
1785124210.9455936,0.007961203344166279,-0.6705098748207092,1.405220627784729,-3.522984266281128,-0.03432994708418846,-0.8864600658416748,1.3883026838302612,1.0711538791656494,0.031440362334251404,0.8924264907836914,-1.383224368095398,-1.9068869352340698,-0.006605194415897131,0.6673562526702881,-1.4090646505355835,2.7339794635772705
1785124210.999336,0.010952739976346493,-0.6775001287460327,1.3999013900756836,-3.7009143829345703,-0.04508030787110329,-0.8919752240180969,1.3840718269348145,1.1990567445755005,0.04171023145318031,0.8998108506202698,-1.3789160251617432,-2.033257007598877,-0.00941179133951664,0.6751670241355896,-1.4010059833526611,2.9121310710906982
1785124211.0545251,0.015018969774246216,-0.6824958324432373,1.3939425945281982,-3.849691152572632,-0.05440635606646538,-0.8948712944984436,1.381626009941101,1.297532558441162,0.050958722829818726,0.9040424823760986,-1.3766262531280518,-2.130152940750122,-0.012406776659190655,0.6810215711593628,-1.3964673280715942,3.0598032474517822
1785124211.105278,0.019206352531909943,-0.6853936910629272,1.391852855682373,-3.9913225173950195,-0.0618317686021328,-0.8988509774208069,1.378612756729126,1.3916293382644653,0.057942863553762436,0.908789873123169,-1.3731598854064941,-2.2227518558502197,-0.016286686062812805,0.6837033629417419,-1.3939398527145386,3.201002597808838
1785124211.159971,0.022728893905878067,-0.685871958732605,1.3899083137512207,-4.1566972732543945,-0.06855374574661255,-0.9054867029190063,1.3745464086532593,1.5034258365631104,0.06457265466451645,0.9156749248504639,-1.3685115575790405,-2.332825183868408,-0.01992807723581791,0.6838909983634949,-1.392006516456604,3.365900993347168
1785124211.2148023,0.02443188801407814,-0.686365008354187,1.388445258140564,-4.310311317443848,-0.0742589607834816,-0.9112588763237,1.371746301651001,1.6013588905334473,0.07011125236749649,0.9214560985565186,-1.3654378652572632,-2.429119825363159,-0.021776873618364334,0.6833740472793579,-1.3914010524749756,3.5184836387634277
1785124211.265338,0.024958224967122078,-0.6867759823799133,1.3880653381347656,-4.445548057556152,-0.07769513130187988,-0.9172312021255493,1.3678429126739502,1.6896584033966064,0.07413988560438156,0.9270818829536438,-1.3612700700759888,-2.516134262084961,-0.022787608206272125,0.6839510798454285,-1.3902219533920288,3.6534523963928223
1785124211.3193278,0.023781903088092804,-0.6871126890182495,1.3880921602249146,-4.6238274574279785,-0.08118106424808502,-0.9256876707077026,1.3606257438659668,1.8089067935943604,0.07831213623285294,0.9350144267082214,-1.3544639348983765,-2.6340126991271973,-0.02231210097670555,0.6844753623008728,-1.389805793762207,3.831145763397217
1785124211.3694773,0.022333357483148575,-0.6874480247497559,1.388100504875183,-4.790897846221924,-0.08364164084196091,-0.9338909983634949,1.3533326387405396,1.9207154512405396,0.08205149322748184,0.9425233006477356,-1.3483580350875854,-2.7448818683624268,-0.021661337465047836,0.6863334774971008,-1.3887983560562134,3.998201847076416
1785124211.42523,0.02066582441329956,-0.687789797782898,1.3882114887237549,-4.97348165512085,-0.08675923943519592,-0.9424285292625427,1.346019983291626,2.0408172607421875,0.0857372134923935,0.9501696228981018,-1.3421735763549805,-2.864445686340332,-0.020315000787377357,0.686404287815094,-1.3892371654510498,4.179983139038086
1785124211.480363,0.0201131422072649,-0.6878971457481384,1.3881405591964722,-5.149010181427002,-0.09047576040029526,-0.9497830271720886,1.3406991958618164,2.1524553298950195,0.08936368674039841,0.9564229846000671,-1.337099313735962,-2.975855827331543,-0.019841326400637627,0.6862277984619141,-1.389822006225586,4.354837894439697
1785124211.5344214,0.020758146420121193,-0.6879012584686279,1.3876851797103882,-5.284645080566406,-0.09501565247774124,-0.9522174000740051,1.3405709266662598,2.2250747680664062,0.09316600114107132,0.9579021334648132,-1.3367654085159302,-3.048403024673462,-0.019994283095002174,0.6861751079559326,-1.3892744779586792,4.490145683288574
1785124211.5846014,0.022357147186994553,-0.6874136924743652,1.387795090675354,-5.389678478240967,-0.09943006187677383,-0.9510040283203125,1.3411481380462646,2.272186517715454,0.09636037051677704,0.9560228586196899,-1.3372323513031006,-3.0956194400787354,-0.021048452705144882,0.6859983801841736,-1.3887165784835815,4.595076560974121
1785124211.6348267,0.023905664682388306,-0.6868234276771545,1.3880620002746582,-5.492110729217529,-0.10329616069793701,-0.949001669883728,1.341034173965454,2.316601276397705,0.099686399102211,0.9532279968261719,-1.3374043703079224,-3.1403019428253174,-0.022321123629808426,0.6863327622413635,-1.3886079788208008,4.697503566741943
1785124211.689752,0.024216419085860252,-0.6865642666816711,1.3883391618728638,-5.606229305267334,-0.1068551167845726,-0.9474210739135742,1.3407922983169556,2.366844415664673,0.103293776512146,0.9505839347839355,-1.337881088256836,-3.191206455230713,-0.022731708362698555,0.6865352392196655,-1.3886584043502808,4.8116254806518555
1785124211.750068,0.023566851392388344,-0.6865491271018982,1.3885598182678223,-5.727373123168945,-0.10960356146097183,-0.9475057721138,1.3401931524276733,2.4237358570098877,0.10633011162281036,0.9493929147720337,-1.3379085063934326,-3.2492263317108154,-0.022316187620162964,0.686150312423706,-1.3897156715393066,4.932399272918701
1785124211.8067076,0.022364674136042595,-0.6862996220588684,1.3892765045166016,-5.9067277908325195,-0.11190874874591827,-0.9550912380218506,1.3324716091156006,2.540433883666992,0.10761751234531403,0.9556275010108948,-1.3296080827713013,-3.3673148155212402,-0.02087506465613842,0.6838241219520569,-1.3915789127349854,5.11093807220459
1785124211.867185,0.020567182451486588,-0.686941385269165,1.3888449668884277,-6.099292278289795,-0.11472433060407639,-0.96522057056427,1.3260005712509155,2.6706531047821045,0.10859361290931702,0.9647082090377808,-1.3220975399017334,-3.498936414718628,-0.01793796941637993,0.6828253269195557,-1.3927685022354126,5.302274703979492
1785124211.9192178,0.01958560198545456,-0.6880878806114197,1.3879780769348145,-6.332487106323242,-0.12018859386444092,-0.9755700826644897,1.3214941024780273,2.8216960430145264,0.10934613645076752,0.9750776886940002,-1.3156929016113281,-3.6517670154571533,-0.013981676660478115,0.6813546419143677,-1.3941506147384644,5.532947063446045
1785124211.9692945,0.021158507093787193,-0.6881150603294373,1.3874660730361938,-6.49647855758667,-0.12483765184879303,-0.9797714352607727,1.3192706108093262,2.921743154525757,0.11039349436759949,0.9801568984985352,-1.311558723449707,-3.752901315689087,-0.01329189445823431,0.6810784935951233,-1.39342200756073,5.695405960083008
1785124212.0248597,0.023183809593319893,-0.687798023223877,1.3872900009155273,-6.670724391937256,-0.1300264298915863,-0.9793259501457214,1.3191967010498047,3.0026137828826904,0.11269447952508926,0.9836124777793884,-1.3076955080032349,-3.8567471504211426,-0.0128904078155756,0.6817299723625183,-1.394046664237976,5.843842506408691
1785124212.075096,0.02407344989478588,-0.6879945397377014,1.3870168924331665,-6.82080078125,-0.13474586606025696,-0.9744242429733276,1.319894790649414,3.0491552352905273,0.115727499127388,0.9852362275123596,-1.30697500705719,-3.943115472793579,-0.011315569281578064,0.6825814843177795,-1.3943134546279907,5.952287197113037
1785124212.129702,0.023892490193247795,-0.6879233121871948,1.3875404596328735,-6.97369909286499,-0.13945846259593964,-0.9665942788124084,1.3204381465911865,3.0883185863494873,0.11953241378068924,0.9850829243659973,-1.3076858520507812,-4.026304244995117,-0.008327189832925797,0.6834437251091003,-1.3946136236190796,6.059722423553467
1785124212.1801083,0.023321038112044334,-0.6873683333396912,1.3882070779800415,-7.087071895599365,-0.1426917314529419,-0.9614818096160889,1.3197811841964722,3.1316258907318115,0.12234929203987122,0.9835258722305298,-1.3086042404174805,-4.083462238311768,-0.005887854844331741,0.6831613779067993,-1.39657461643219,6.15902853012085
1785124212.2309508,0.02241574414074421,-0.6863133311271667,1.3891814947128296,-7.214912414550781,-0.14592097699642181,-0.9588673114776611,1.3200677633285522,3.195957660675049,0.12444920092821121,0.9817698001861572,-1.3070595264434814,-4.148273468017578,-0.0041533526964485645,0.6806077361106873,-1.3987826108932495,6.284736156463623
1785124212.2851088,0.02177225425839424,-0.6860042214393616,1.389288067817688,-7.354578971862793,-0.1495221108198166,-0.9591043591499329,1.32114839553833,3.2720890045166016,0.12483731657266617,0.9818296432495117,-1.3038934469223022,-4.2242841720581055,-0.002207883633673191,0.676455020904541,-1.4024618864059448,6.421056747436523
1785124212.3391323,0.022029677405953407,-0.6867441534996033,1.388767957687378,-7.522150993347168,-0.15409749746322632,-0.9619508385658264,1.321889042854309,3.369364023208618,0.12352055311203003,0.9842338562011719,-1.2995109558105469,-4.321000099182129,0.0002269742253702134,0.669594407081604,-1.4067026376724243,6.583103656768799
1785124212.3913167,0.022682905197143555,-0.68741375207901,1.3881922960281372,-7.666372299194336,-0.15825442969799042,-0.9650381207466125,1.322027564048767,3.4556472301483154,0.12164120376110077,0.9874706268310547,-1.2955365180969238,-4.406506061553955,0.003613148583099246,0.6645088791847229,-1.4106329679489136,6.7214250564575195
1785124212.4455256,0.023351268842816353,-0.6877281069755554,1.3877519369125366,-7.8444952964782715,-0.1638273149728775,-0.9678522348403931,1.3213235139846802,3.5626204013824463,0.11868027597665787,0.9919430613517761,-1.2906519174575806,-4.512085437774658,0.008686640299856663,0.661592423915863,-1.413151502609253,6.892011642456055
1785124212.4995553,0.023900263011455536,-0.6876474022865295,1.387675404548645,-8.020822525024414,-0.16919966042041779,-0.9686928391456604,1.3196003437042236,3.667349338531494,0.11574461311101913,0.9962050318717957,-1.2860163450241089,-4.614998817443848,0.014878228306770325,0.6610283255577087,-1.4155505895614624,7.059640884399414
1785124212.5502098,0.023963233456015587,-0.6875343918800354,1.3878453969955444,-8.178072929382324,-0.1736651360988617,-0.9677839279174805,1.3180431127548218,3.7591590881347656,0.11334820836782455,0.9996950626373291,-1.2820253372192383,-4.704799652099609,0.021039431914687157,0.6600884199142456,-1.418408751487732,7.207976818084717
1785124212.6052501,0.0235834289342165,-0.6873204112052917,1.3882081508636475,-8.34837818145752,-0.17819809913635254,-0.9655097126960754,1.3174066543579102,3.857243299484253,0.11069685965776443,1.003114938735962,-1.2769490480422974,-4.800046443939209,0.02675965242087841,0.6569280624389648,-1.423341155052185,7.367223262786865
1785124212.6628761,0.023192821070551872,-0.6871808767318726,1.3884178400039673,-8.5199613571167,-0.18244369328022003,-0.9628642797470093,1.318083643913269,3.956575632095337,0.1076110377907753,1.006467580795288,-1.270453691482544,-4.895078659057617,0.03263336792588234,0.6514214873313904,-1.4290962219238281,7.526548385620117
1785124212.7150416,0.02268672175705433,-0.687711238861084,1.3882246017456055,-8.692350387573242,-0.1872526854276657,-0.9599300622940063,1.3196814060211182,4.0569844245910645,0.10377819836139679,1.010707974433899,-1.2648118734359741,-4.989569664001465,0.04002893716096878,0.6459364295005798,-1.4343948364257812,7.685190677642822
1785124212.7650802,0.022729601711034775,-0.6881775259971619,1.3879703283309937,-8.848718643188477,-0.1921030730009079,-0.9564929604530334,1.321457862854004,4.148219108581543,0.09965690225362778,1.0152034759521484,-1.2600511312484741,-5.074095726013184,0.04741086810827255,0.6415689587593079,-1.43868887424469,7.827808380126953
1785124212.815437,0.023161916062235832,-0.6883222460746765,1.387914776802063,-9.005914688110352,-0.19725622236728668,-0.95210200548172,1.3230384588241577,4.240661144256592,0.09496966749429703,1.0200138092041016,-1.254714012145996,-5.158346652984619,0.05486033856868744,0.6381829977035522,-1.4439058303833008,7.97001314163208
1785124212.867252,0.023770036175847054,-0.6883702874183655,1.38784658908844,-9.163961410522461,-0.20227231085300446,-0.9468551278114319,1.3246045112609863,4.334532737731934,0.09021901339292526,1.0249407291412354,-1.248863697052002,-5.242155075073242,0.062363434582948685,0.6355429887771606,-1.448421835899353,8.112439155578613
1785124212.9195952,0.02406512387096882,-0.6887048482894897,1.3877514600753784,-9.321401596069336,-0.20702621340751648,-0.9408151507377625,1.3263641595840454,4.4285101890563965,0.08555605262517929,1.0299979448318481,-1.2432787418365479,-5.324119567871094,0.07016503065824509,0.6340402364730835,-1.4528781175613403,8.253833770751953
1785124212.98107,0.02348150685429573,-0.6893361806869507,1.3882277011871338,-9.494219779968262,-0.20556162297725677,-0.9293882846832275,1.3280344009399414,4.534912586212158,0.07997839152812958,1.0360581874847412,-1.2375327348709106,-5.412529468536377,0.07836718112230301,0.6332111954689026,-1.4570882320404053,8.408607482910156
1785124213.0383196,0.01504158042371273,-0.6901170611381531,1.3925620317459106,-9.666175842285156,-0.16364848613739014,-0.8785614967346191,1.3314526081085205,4.6583051681518555,0.0692102462053299,1.0481981039047241,-1.2347418069839478,-5.498957633972168,0.08170533180236816,0.6363134384155273,-1.4587604999542236,8.562941551208496
1785124213.0902257,-0.015456712804734707,-0.6930245757102966,1.3983772993087769,-9.82136058807373,-0.04751639813184738,-0.709347128868103,1.3743938207626343,4.810891628265381,0.04034119099378586,1.0839557647705078,-1.2520127296447754,-5.5644426345825195,0.07088568806648254,0.6592420339584351,-1.4577586650848389,8.707634925842285
1785124213.1460478,-0.03131597861647606,-0.7078423500061035,1.405324935913086,-9.896862030029297,0.013750344514846802,-0.6062557697296143,1.4276596307754517,4.8848724365234375,0.0022418913431465626,1.117396593093872,-1.2907692193984985,-5.570260047912598,0.0502290241420269,0.6877710223197937,-1.4610861539840698,8.783713340759277
1785124213.1998365,-0.059997931122779846,-0.7221212983131409,1.428592562675476,-9.975977897644043,0.03528415784239769,-0.620449960231781,1.42165207862854,4.92595911026001,0.0021635417360812426,1.098815679550171,-1.2917972803115845,-5.581634044647217,0.06728401780128479,0.7010082006454468,-1.4714627265930176,8.830408096313477
1785124213.2502184,-0.07307085394859314,-0.7202494144439697,1.3906344175338745,-10.044986724853516,0.006384891923516989,-0.6944018006324768,1.4887487888336182,4.992290496826172,-0.002058191690593958,1.0465422868728638,-1.2807220220565796,-5.574501037597656,0.07633529603481293,0.6785971522331238,-1.4711474180221558,8.893501281738281
1785124213.3045585,-0.014167873188853264,-0.7193041443824768,1.3777140378952026,-10.190835952758789,-0.032174162566661835,-0.7556172013282776,1.4655498266220093,5.112382411956787,-0.027224471792578697,0.9884142875671387,-1.2850319147109985,-5.640881061553955,0.05803893133997917,0.6108940243721008,-1.4811345338821411,9.017332077026367
1785124213.359833,0.04454131796956062,-0.6970075964927673,1.3828462362289429,-10.388805389404297,-0.07278216630220413,-0.8104811310768127,1.4272116422653198,5.272964000701904,-0.045775361359119415,0.9456037878990173,-1.3004554510116577,-5.771615505218506,0.04254031926393509,0.5712906122207642,-1.4912569522857666,9.185914039611816
1785124213.4140341,0.05325635150074959,-0.6727614402770996,1.3908346891403198,-10.448868751525879,-0.10879741609096527,-0.8363053798675537,1.4287155866622925,5.297189235687256,-0.04145560413599014,0.9052067995071411,-1.331743836402893,-5.7850799560546875,0.05270741507411003,0.5814409852027893,-1.4883452653884888,9.218307495117188
1785124213.4672527,0.037613626569509506,-0.6642599701881409,1.3958942890167236,-10.38100814819336,-0.13995391130447388,-0.8351876735687256,1.439475655555725,5.187511920928955,-0.020845090970396996,0.8470425009727478,-1.368423581123352,-5.678216934204102,0.07463652640581131,0.6126206517219543,-1.4717679023742676,9.126348495483398
1785124213.5196135,0.028871778398752213,-0.6701037287712097,1.3967982530593872,-10.320552825927734,-0.154880091547966,-0.8282982707023621,1.4361454248428345,5.0914626121521,-0.004463901277631521,0.8013439774513245,-1.3876317739486694,-5.593305587768555,0.08121807873249054,0.6354861855506897,-1.4571865797042847,9.051849365234375
1785124213.5699933,0.030324937775731087,-0.6766343712806702,1.39679753780365,-10.372900009155273,-0.15825910866260529,-0.8378076553344727,1.424677848815918,5.088550090789795,0.004664581269025803,0.7769776582717896,-1.394514799118042,-5.614505767822266,0.07263248413801193,0.6474593281745911,-1.4551843404769897,9.08599853515625
1785124213.6247833,0.03623540699481964,-0.6766648888587952,1.3948755264282227,-10.647115707397461,-0.14801087975502014,-0.8813838362693787,1.4062150716781616,5.300628185272217,0.0073515321128070354,0.797534167766571,-1.3818895816802979,-5.854323863983154,0.049289148300886154,0.6397083401679993,-1.454725980758667,9.340903282165527
1785124213.6799986,0.035089027136564255,-0.677003800868988,1.392754077911377,-11.042424201965332,-0.12902356684207916,-0.9325278401374817,1.3816659450531006,5.629614353179932,0.013937783427536488,0.8442010283470154,-1.3576709032058716,-6.206478595733643,0.027590597048401833,0.633640706539154,-1.448163390159607,9.718114852905273
1785124213.7360482,0.02481374330818653,-0.6824211478233337,1.390629768371582,-11.40759563446045,-0.11107636988162994,-0.9668925404548645,1.3569295406341553,5.932848930358887,0.027299869805574417,0.8919987082481384,-1.3385014533996582,-6.523428440093994,0.01641158014535904,0.6410802006721497,-1.4334763288497925,10.070297241210938
1785124213.7891064,0.014694399200379848,-0.6895118355751038,1.3876080513000488,-11.736051559448242,-0.09230049699544907,-0.9842993021011353,1.3362990617752075,6.192882061004639,0.04817625507712364,0.9383703470230103,-1.329779863357544,-6.792235851287842,0.006569901946932077,0.6671503186225891,-1.4083068370819092,10.391484260559082
1785124213.8406086,0.012657673098146915,-0.6928602457046509,1.387313961982727,-11.973968505859375,-0.0778253823518753,-0.9852555394172668,1.3217642307281494,6.368844509124756,0.06880003958940506,0.9707897305488586,-1.325097918510437,-6.9706645011901855,-0.009629374369978905,0.6934844851493835,-1.3869941234588623,10.628571510314941
1785124213.8977664,0.015887510031461716,-0.6820370554924011,1.418581485748291,-12.17184066772461,-0.06363760679960251,-0.9723921418190002,1.3032028675079346,6.5064802169799805,0.09694305062294006,0.9910807013511658,-1.325938105583191,-7.107745170593262,-0.02524750865995884,0.7074530720710754,-1.3790926933288574,10.835477828979492
1785124213.950524,0.002514701336622238,-0.6795902252197266,1.4167205095291138,-12.26150894165039,-0.05426913872361183,-0.9362736940383911,1.3063727617263794,6.533759593963623,0.12513773143291473,0.9892264604568481,-1.3382654190063477,-7.1300883293151855,-0.030337804928421974,0.700761079788208,-1.379698634147644,10.922134399414062
1785124214.0017188,-0.019628193229436874,-0.6996977925300598,1.4111748933792114,-12.216046333312988,-0.04679042845964432,-0.8763375282287598,1.3375425338745117,6.4381422996521,0.1462486982345581,0.9661374688148499,-1.3508436679840088,-7.0222907066345215,-0.031431425362825394,0.6895191073417664,-1.3854297399520874,10.870434761047363
1785124214.0543342,-0.041389670222997665,-0.7168715000152588,1.4123034477233887,-12.185835838317871,-0.040639929473400116,-0.8177177309989929,1.3670570850372314,6.354165077209473,0.1622163951396942,0.9382242560386658,-1.3517670631408691,-6.921196460723877,-0.031898368149995804,0.6769707202911377,-1.3944270610809326,10.82736873626709
1785124214.1044846,-0.05266377329826355,-0.7130800485610962,1.417589783668518,-12.277059555053711,-0.036516960710287094,-0.79869145154953,1.380659818649292,6.3622517585754395,0.1616784930229187,0.9245938062667847,-1.351515293121338,-6.950647830963135,-0.030376538634300232,0.6687743663787842,-1.4001967906951904,10.869390487670898
1785124214.1545997,-0.05160204693675041,-0.691759467124939,1.4219893217086792,-12.499664306640625,-0.03396798297762871,-0.8206474184989929,1.3819763660430908,6.445971488952637,0.13952645659446716,0.9108603596687317,-1.3541374206542969,-7.119138240814209,-0.02456888183951378,0.6671682000160217,-1.402199149131775,10.989730834960938
1785124214.2047179,-0.04014415666460991,-0.6642682552337646,1.4247686862945557,-12.797628402709961,-0.028651254251599312,-0.8566325902938843,1.3716424703598022,6.576167106628418,0.11914446949958801,0.9180294871330261,-1.3631844520568848,-7.367572784423828,-0.021349268034100533,0.6726006865501404,-1.397169828414917,11.156476020812988
1785124214.2591782,-0.018356887623667717,-0.6435924768447876,1.428257942199707,-13.301843643188477,-0.02799387276172638,-0.9046142101287842,1.3443187475204468,6.770884990692139,0.11258893460035324,0.9658432602882385,-1.3659723997116089,-7.802436351776123,-0.02791956067085266,0.6850194931030273,-1.3867943286895752,11.410014152526855
1785124214.309345,-0.004282156005501747,-0.6456120014190674,1.422882080078125,-13.742682456970215,-0.03467017412185669,-0.9356793761253357,1.3239870071411133,6.892667293548584,0.10741214454174042,0.9959264993667603,-1.3514560461044312,-8.189623832702637,-0.030344799160957336,0.6931423544883728,-1.3820312023162842,11.587396621704102
1785124214.3651388,0.0025846632197499275,-0.666009783744812,1.4054244756698608,-14.17784309387207,-0.05152799189090729,-0.9542015790939331,1.3200045824050903,6.900690078735352,0.10131771862506866,1.00791335105896,-1.3310878276824951,-8.56123161315918,-0.026242287829518318,0.695611834526062,-1.3817027807235718,11.658149719238281
1785124214.419672,0.010316463187336922,-0.6923456788063049,1.387528896331787,-14.553153038024902,-0.07449410855770111,-0.9578886032104492,1.3280366659164429,6.791439056396484,0.09563415497541428,1.0042643547058105,-1.315666675567627,-8.867229461669922,-0.0201717521995306,0.69044029712677,-1.3863967657089233,11.611847877502441
1785124214.4748185,0.02333640865981579,-0.7061410546302795,1.3791062831878662,-14.852853775024414,-0.09907116740942001,-0.952677309513092,1.3360222578048706,6.6309428215026855,0.09177697449922562,0.9909036755561829,-1.312868356704712,-9.097823143005371,-0.015594322234392166,0.6849136352539062,-1.390638828277588,11.516098022460938
1785124214.5248501,0.030163690447807312,-0.70024174451828,1.3812613487243652,-15.062262535095215,-0.11880753189325333,-0.9480193853378296,1.339185118675232,6.500818729400635,0.09183181077241898,0.9730944633483887,-1.3198399543762207,-9.247504234313965,-0.008305083960294724,0.6841289401054382,-1.3940207958221436,11.444663047790527
1785124214.5802722,0.028710341081023216,-0.6846559643745422,1.3886734247207642,-15.28209400177002,-0.1329723596572876,-0.9396224617958069,1.3427543640136719,6.358859062194824,0.09420938789844513,0.953447163105011,-1.3278475999832153,-9.403367042541504,0.002232936443760991,0.6837489008903503,-1.397289514541626,11.364362716674805
1785124214.6303248,0.02224232442677021,-0.676358163356781,1.3947676420211792,-15.525288581848145,-0.12941047549247742,-0.9152451157569885,1.3456916809082031,6.225991725921631,0.09315802901983261,0.9430878758430481,-1.3323649168014526,-9.590170860290527,0.01122911088168621,0.6846067309379578,-1.4032831192016602,11.281696319580078
1785124214.6867943,0.011925275437533855,-0.6789819598197937,1.397851586341858,-15.865367889404297,-0.0984022319316864,-0.856699526309967,1.3567099571228027,6.0974884033203125,0.08085831999778748,0.9408403038978577,-1.3319220542907715,-9.868671417236328,0.014184582978487015,0.6891511082649231,-1.4148108959197998,11.195417404174805
1785124214.7390258,0.0008202429744414985,-0.6886784434318542,1.3970837593078613,-16.212541580200195,-0.0537068136036396,-0.7716142535209656,1.3800544738769531,5.992033004760742,0.06347479671239853,0.9507221579551697,-1.331044316291809,-10.157153129577637,0.010157301090657711,0.6998044848442078,-1.4263521432876587,11.114980697631836
1785124214.7897627,-0.0020670462399721146,-0.6993372440338135,1.3888864517211914,-16.551549911499023,-0.030819512903690338,-0.7150133848190308,1.4223438501358032,5.865682601928711,0.044349052011966705,0.9692196846008301,-1.338136076927185,-10.436787605285645,-0.00018481825827620924,0.7109230160713196,-1.434995412826538,11.018644332885742
1785124214.8452938,-0.008027683943510056,-0.7017800211906433,1.3939765691757202,-16.934345245361328,-0.05173524469137192,-0.7563823461532593,1.4800443649291992,5.731096267700195,0.03540254384279251,0.9677874445915222,-1.3373761177062988,-10.75545597076416,-0.0007731012301519513,0.6971449851989746,-1.4449265003204346,10.921989440917969
1785124214.9003675,0.006377635058015585,-0.6936454176902771,1.3845818042755127,-17.37444305419922,-0.06133507192134857,-0.8006511926651001,1.45307457447052,5.688628196716309,0.03360344469547272,0.9519830942153931,-1.3323495388031006,-11.128901481628418,0.003431746968999505,0.6392139792442322,-1.4552528858184814,10.901416778564453
1785124214.9549758,0.024723373353481293,-0.6879473924636841,1.3889329433441162,-17.84422492980957,-0.07595937699079514,-0.8375833630561829,1.4115077257156372,5.670550346374512,0.03154134377837181,0.9435644149780273,-1.3336989879608154,-11.537087440490723,0.010850098915398121,0.5970711708068848,-1.4532768726348877,10.906115531921387
1785124215.007206,0.024962928146123886,-0.6805707812309265,1.3917759656906128,-18.205307006835938,-0.09281736612319946,-0.8590657114982605,1.4010850191116333,5.585380554199219,0.03524545207619667,0.9350549578666687,-1.3415135145187378,-11.847411155700684,0.019720861688256264,0.6085479855537415,-1.4506690502166748,10.843493461608887
1785124215.059707,0.022601965814828873,-0.6778680682182312,1.3921226263046265,-18.53013038635254,-0.10890568792819977,-0.8697184324264526,1.4018909931182861,5.428123474121094,0.043803948909044266,0.9182577729225159,-1.348787546157837,-12.118850708007812,0.02159685455262661,0.6318203210830688,-1.4441993236541748,10.714349746704102
1785124215.1148047,0.02487722411751747,-0.6818764209747314,1.3911410570144653,-18.85129737854004,-0.11973919719457626,-0.8767697811126709,1.397262454032898,5.275902271270752,0.0534452386200428,0.9022030830383301,-1.3514642715454102,-12.386076927185059,0.0192737877368927,0.6439874768257141,-1.4341846704483032,10.596999168395996
1785124215.1653895,0.02752731181681156,-0.6856921315193176,1.3897292613983154,-19.19585418701172,-0.12530367076396942,-0.8825048208236694,1.3899635076522827,5.142565727233887,0.060962289571762085,0.8992124199867249,-1.3505375385284424,-12.680692672729492,0.014977251179516315,0.6516199111938477,-1.4281046390533447,10.500478744506836
1785124215.220094,0.028282474726438522,-0.6868763566017151,1.3891173601150513,-19.589418411254883,-0.1268707513809204,-0.8931242823600769,1.3815903663635254,5.040071487426758,0.06752701848745346,0.9074945449829102,-1.346630573272705,-13.022998809814453,0.010269937105476856,0.6532468199729919,-1.4257904291152954,10.437505722045898
1785124215.2703593,0.026466017588973045,-0.6859564185142517,1.3891006708145142,-20.008150100708008,-0.125504270195961,-0.9092705249786377,1.3720818758010864,4.979223251342773,0.07392153143882751,0.9223926663398743,-1.3401260375976562,-13.388829231262207,0.006076940335333347,0.6506306529045105,-1.424064040184021,10.419661521911621
1785124215.3214827,0.02321968413889408,-0.6848669648170471,1.389498233795166,-20.43170928955078,-0.12274790555238724,-0.926439642906189,1.3618584871292114,4.942107200622559,0.08061940968036652,0.9394276738166809,-1.3315365314483643,-13.756518363952637,0.0025597333442419767,0.6505277156829834,-1.4210411310195923,10.428247451782227
1785124215.3745363,0.02031117118895054,-0.6855178475379944,1.3890950679779053,-20.8972110748291,-0.11970701813697815,-0.9410479068756104,1.3497953414916992,4.899065971374512,0.08832747489213943,0.9587436318397522,-1.3215848207473755,-14.157188415527344,-0.001045753015205264,0.6571941375732422,-1.4158183336257935,10.439208030700684
1785124215.4294007,0.019608603790402412,-0.6879433393478394,1.3880497217178345,-21.332914352416992,-0.11709260940551758,-0.9512821435928345,1.336998462677002,4.851414680480957,0.09675465524196625,0.9751078486442566,-1.3156944513320923,-14.526098251342773,-0.005477874539792538,0.6679663062095642,-1.4071893692016602,10.4512357711792
1785124215.4796958,0.019936921074986458,-0.6891684532165527,1.3875856399536133,-21.70180320739746,-0.11511610448360443,-0.9570692777633667,1.328466773033142,4.795347213745117,0.10520672053098679,0.9864799976348877,-1.3122084140777588,-14.832371711730957,-0.011196042411029339,0.6779702305793762,-1.398118019104004,10.452847480773926
1785124215.5310588,0.020370207726955414,-0.6891671419143677,1.3872809410095215,-22.03286361694336,-0.11376097053289413,-0.9579032063484192,1.3257060050964355,4.712344646453857,0.11337494850158691,0.9955496191978455,-1.3086624145507812,-15.105020523071289,-0.01732785999774933,0.6854537129402161,-1.39104425907135,10.42269229888916
1785124215.5855565,0.021206412464380264,-0.6895948052406311,1.3866279125213623,-22.43952178955078,-0.11254358291625977,-0.9543450474739075,1.3243217468261719,4.574375152587891,0.12401065975427628,1.005724549293518,-1.3069607019424438,-15.439214706420898,-0.024426797404885292,0.6909716129302979,-1.3863250017166138,10.351053237915039
1785124215.640243,0.02063724398612976,-0.6898662447929382,1.3868298530578613,-22.796964645385742,-0.11257220804691315,-0.948220431804657,1.3237920999526978,4.427661895751953,0.1333622932434082,1.0121926069259644,-1.3077576160430908,-15.731025695800781,-0.027382120490074158,0.690040647983551,-1.385993480682373,10.264145851135254
1785124215.690313,0.018628912046551704,-0.688857913017273,1.3878173828125,-23.124034881591797,-0.11342528462409973,-0.9417029619216919,1.3247660398483276,4.286935329437256,0.14103923738002777,1.0136820077896118,-1.3095908164978027,-15.993340492248535,-0.027936134487390518,0.6861836910247803,-1.3872225284576416,10.182605743408203
1785124215.745386,0.016071906313300133,-0.6869754195213318,1.3895522356033325,-23.47825813293457,-0.11273319274187088,-0.9282670021057129,1.3279595375061035,4.135356426239014,0.1462218016386032,1.0127488374710083,-1.308363437652588,-16.274953842163086,-0.027830306440591812,0.6836209297180176,-1.388817310333252,10.092406272888184
1785124215.7993805,0.014641419984400272,-0.6869074702262878,1.390014410018921,-23.83487892150879,-0.10901948809623718,-0.9084528684616089,1.3351283073425293,3.990375280380249,0.14731088280677795,1.013024091720581,-1.3088488578796387,-16.557954788208008,-0.02759157307446003,0.6832671761512756,-1.3897403478622437,10.004627227783203
1785124215.855445,0.008664737455546856,-0.6869959831237793,1.398202657699585,-24.203319549560547,-0.10492187738418579,-0.8930000066757202,1.3447927236557007,3.8524582386016846,0.1465989351272583,1.015343427658081,-1.3110132217407227,-16.854368209838867,-0.025754448026418686,0.6834743618965149,-1.3905421495437622,9.92325210571289
1785124215.9096766,0.0034223957918584347,-0.678260326385498,1.3983436822891235,-24.61029624938965,-0.10524860769510269,-0.8981715440750122,1.3429259061813354,3.71661639213562,0.14938834309577942,1.0164554119110107,-1.3102957010269165,-17.188928604125977,-0.021223660558462143,0.6808872222900391,-1.3921654224395752,9.845149040222168
1785124215.963757,0.004564277362078428,-0.6758370399475098,1.3994938135147095,-24.886083602905273,-0.1063484251499176,-0.907470703125,1.3369582891464233,3.646371841430664,0.15006694197654724,1.0172557830810547,-1.309058427810669,-17.418874740600586,-0.021922482177615166,0.6795929670333862,-1.3921788930892944,9.81207275390625
1785124216.0147069,0.007563731633126736,-0.6756759881973267,1.4002890586853027,-25.37383270263672,-0.1063549742102623,-0.9253860712051392,1.3245866298675537,3.550656795501709,0.15038619935512543,1.0179864168167114,-1.3068079948425293,-17.828596115112305,-0.02515745721757412,0.681792676448822,-1.3905351161956787,9.782599449157715
1785124216.0658877,0.0052220639772713184,-0.6772946715354919,1.4005284309387207,-25.761045455932617,-0.09905035048723221,-0.9276559352874756,1.3206243515014648,3.4834229946136475,0.14968177676200867,1.0162322521209717,-1.3088388442993164,-18.151771545410156,-0.02716420777142048,0.6867907047271729,-1.3877772092819214,9.769054412841797
1785124216.1192763,1.5452651496161707e-05,-0.6798557639122009,1.3988522291183472,-26.170663833618164,-0.09592776745557785,-0.9350703358650208,1.321061372756958,3.385258913040161,0.14788773655891418,1.0103235244750977,-1.3137017488479614,-18.490995407104492,-0.02734551392495632,0.6890231966972351,-1.386567234992981,9.737327575683594
1785124216.1695254,-0.002209744183346629,-0.6839724183082581,1.397152066230774,-26.519298553466797,-0.09962587058544159,-0.9552052021026611,1.3119045495986938,3.3073952198028564,0.14713488519191742,0.9979652762413025,-1.3163862228393555,-18.77578353881836,-0.025399750098586082,0.6876879334449768,-1.3870922327041626,9.723278045654297
1785124216.2197456,-0.0077533726580441,-0.6891828179359436,1.3963509798049927,-26.83310890197754,-0.10328500717878342,-0.9794974327087402,1.3010751008987427,3.265416383743286,0.14642074704170227,0.9787566661834717,-1.316148281097412,-19.025012969970703,-0.024108629673719406,0.6876680850982666,-1.3874555826187134,9.74728775024414
1785124216.27491,-0.018787693232297897,-0.6998864412307739,1.3983505964279175,-27.129114151000977,-0.1043347418308258,-1.0087156295776367,1.2852296829223633,3.2667322158813477,0.14731115102767944,0.9507064819335938,-1.3157790899276733,-19.248310089111328,-0.021730704233050346,0.6898873448371887,-1.3874353170394897,9.825261116027832
1785124216.327295,-0.02806609310209751,-0.7105082273483276,1.4075608253479004,-27.396238327026367,-0.10242880135774612,-1.03229558467865,1.2699496746063232,3.2702250480651855,0.1424306035041809,0.9163593053817749,-1.3163063526153564,-19.45684242248535,-0.019677091389894485,0.6928636431694031,-1.3878251314163208,9.900113105773926
1785124216.3794916,-0.029528886079788208,-0.7308635115623474,1.4170916080474854,-27.67496109008789,-0.09027579426765442,-1.0634984970092773,1.2545921802520752,3.278224229812622,0.08316154032945633,0.7872306704521179,-1.343534231185913,-19.707433700561523,-0.0042374152690172195,0.6952739357948303,-1.3942575454711914,9.991776466369629
1785124216.4303577,-0.018188592046499252,-0.7594763040542603,1.4317036867141724,-27.842397689819336,-0.06687603145837784,-1.096923589706421,1.25957190990448,3.29266357421875,0.03190102055668831,0.6591681838035583,-1.3944227695465088,-19.854379653930664,0.01259890291839838,0.7024999260902405,-1.39016854763031,10.073294639587402
1785124216.4848332,-0.0001276730326935649,-0.7787950038909912,1.4491441249847412,-28.021060943603516,-0.03434468060731888,-1.1225636005401611,1.2794080972671509,3.2835195064544678,0.0025990710128098726,0.6037112474441528,-1.4268745183944702,-20.009620666503906,0.013096867129206657,0.7180294990539551,-1.3927291631698608,10.135321617126465
1785124216.5526521,-0.0052335066720843315,-0.7771866917610168,1.4527844190597534,-28.123170852661133,-0.030524494126439095,-1.1157277822494507,1.2820181846618652,3.255103826522827,-0.00911045353859663,0.6225992441177368,-1.4214046001434326,-20.09949493408203,0.02269216999411583,0.717046320438385,-1.392227053642273,10.144407272338867
1785124216.604734,-0.03542036563158035,-0.7430080771446228,1.4226704835891724,-28.38770294189453,-0.032004520297050476,-1.0391366481781006,1.2819472551345825,3.0382614135742188,0.013038506731390953,0.730205774307251,-1.4102765321731567,-20.333986282348633,0.03013456240296364,0.7270768880844116,-1.384183645248413,10.053387641906738
1785124216.654773,-0.03713107109069824,-0.7116705775260925,1.4222134351730347,-28.508373260498047,-0.021687045693397522,-0.9779199957847595,1.3061574697494507,2.846116542816162,0.047048963606357574,0.7841736674308777,-1.459810733795166,-20.42811393737793,0.021633995696902275,0.7350642085075378,-1.3687337636947632,9.921194076538086
1785124216.7051227,-0.02578415721654892,-0.6490363478660583,1.4398938417434692,-28.747568130493164,-0.004501475486904383,-0.9167483448982239,1.3341447114944458,2.70761775970459,0.07808787375688553,0.8362369537353516,-1.4298679828643799,-20.63401222229004,-0.02450423128902912,0.7152533531188965,-1.3753905296325684,9.839570999145508
1785124216.7608325,-0.018182389438152313,-0.6110126972198486,1.4534693956375122,-29.096393585205078,0.002913096221163869,-0.872061014175415,1.3543877601623535,2.642183780670166,0.10201137512922287,0.8940188884735107,-1.39420485496521,-20.945327758789062,-0.05131986364722252,0.677080512046814,-1.390458345413208,9.818164825439453
1785124216.8152978,-0.02619883231818676,-0.6179146766662598,1.450913906097412,-29.427017211914062,-0.007606761530041695,-0.8194073438644409,1.3789275884628296,2.480173349380493,0.12560363113880157,0.9423589110374451,-1.3841331005096436,-21.233028411865234,-0.04027849808335304,0.6526856422424316,-1.4007725715637207,9.687997817993164
1785124216.8693233,-0.032041940838098526,-0.6426990628242493,1.4382708072662354,-29.65651512145996,-0.02436337061226368,-0.7659838199615479,1.3968292474746704,2.260148763656616,0.1423942744731903,0.9654732942581177,-1.3815065622329712,-21.417320251464844,-0.023846400901675224,0.6576541662216187,-1.40120530128479,9.486961364746094
1785124216.9204178,-0.02575078047811985,-0.6651113629341125,1.4250553846359253,-29.91626739501953,-0.03765164688229561,-0.73183274269104,1.4081519842147827,2.0914344787597656,0.15010271966457367,0.9805660247802734,-1.3687022924423218,-21.62392234802246,-0.023307152092456818,0.6706447601318359,-1.3982288837432861,9.332901954650879
1785124216.975497,-0.009833850897848606,-0.6797110438346863,1.407057285308838,-30.27988624572754,-0.04529475048184395,-0.7351197004318237,1.40992271900177,2.0406441688537598,0.14777971804141998,0.9994518160820007,-1.349268913269043,-21.92388343811035,-0.0323592834174633,0.6757327318191528,-1.3957726955413818,9.29842472076416
1785124217.0263767,0.007960974238812923,-0.691593587398529,1.3922268152236938,-30.74254608154297,-0.05342533439397812,-0.7667633891105652,1.4048761129379272,2.061636209487915,0.1354859471321106,1.0241658687591553,-1.3284168243408203,-22.319555282592773,-0.03835436329245567,0.6743755340576172,-1.3945677280426025,9.34027099609375
1785124217.079811,0.02177300862967968,-0.7018985748291016,1.3822954893112183,-31.337833404541016,-0.07030904293060303,-0.8146066069602966,1.394030213356018,2.130601406097412,0.11204599589109421,1.0471436977386475,-1.2909798622131348,-22.835134506225586,-0.04970395937561989,0.6622502207756042,-1.4455866813659668,9.431053161621094
1785124217.129925,0.024287698790431023,-0.7030978202819824,1.3799092769622803,-31.844755172729492,-0.09126035869121552,-0.8458479046821594,1.3925902843475342,2.1555211544036865,0.0983906164765358,1.0466480255126953,-1.2501574754714966,-23.26587677001953,-0.04946950823068619,0.6369826793670654,-1.469882845878601,9.48263931274414
1785124217.1855633,0.020196255296468735,-0.7017302513122559,1.3802587985992432,-32.182437896728516,-0.11866948008537292,-0.847567617893219,1.3969849348068237,2.0233609676361084,0.09842532873153687,1.0280554294586182,-1.2606490850448608,-23.521055221557617,-0.022461863234639168,0.6350479125976562,-1.4724303483963013,9.381104469299316
1785124217.2369204,0.018156960606575012,-0.6941041946411133,1.3859492540359497,-32.345420837402344,-0.14229436218738556,-0.8169657588005066,1.3996665477752686,1.7491506338119507,0.10640615969896317,0.9989609122276306,-1.2906183004379272,-23.620708465576172,0.009991234168410301,0.6558957695960999,-1.45362389087677,9.133526802062988
1785124217.2899332,0.015918010845780373,-0.685204029083252,1.3973312377929688,-32.4572868347168,-0.12289168685674667,-0.7511146068572998,1.3828823566436768,1.4118682146072388,0.10977725684642792,0.9694378972053528,-1.3214998245239258,-23.676603317260742,0.030074603855609894,0.6864168047904968,-1.4322896003723145,8.810844421386719
1785124217.3459337,-0.0049066501669585705,-0.6814231872558594,1.404456377029419,-32.64886474609375,-0.045396383851766586,-0.6733370423316956,1.3943058252334595,1.1150877475738525,0.08636267483234406,0.9580633640289307,-1.3466157913208008,-23.806446075439453,0.016534514725208282,0.7122124433517456,-1.4218789339065552,8.518489837646484
1785124217.4016855,-0.01157918106764555,-0.6891282200813293,1.397506833076477,-32.862606048583984,0.006811624392867088,-0.653235912322998,1.4112088680267334,0.9302154779434204,0.05488022416830063,0.9552788734436035,-1.361038327217102,-23.97064781188965,-0.008861369453370571,0.7214092016220093,-1.4236801862716675,8.341060638427734
1785124217.454944,-0.03514374792575836,-0.7347505688667297,1.4302550554275513,-33.1949577331543,0.011840365827083588,-0.7138517498970032,1.4892311096191406,0.6715394258499146,0.03667975217103958,0.9171093702316284,-1.3634899854660034,-24.221385955810547,-0.01665744185447693,0.7197594046592712,-1.4384931325912476,8.106912612915039
1785124217.5094073,-0.04171464219689369,-0.7470005750656128,1.3772307634353638,-33.434654235839844,-0.006502040661871433,-0.7628647685050964,1.493769645690918,0.4745909571647644,0.03101041540503502,0.8522988557815552,-1.3653812408447266,-24.40483856201172,-0.016803087666630745,0.6804213523864746,-1.4578640460968018,7.9303059577941895
1785124217.5612702,-0.0017967566382139921,-0.726512610912323,1.3783074617385864,-33.76078414916992,-0.023110421374440193,-0.8028072118759155,1.4531431198120117,0.3495335280895233,0.018214156851172447,0.8145993947982788,-1.3719329833984375,-24.690797805786133,-0.025253072381019592,0.6194057464599609,-1.4626588821411133,7.8209757804870605
1785124217.6155386,0.029248828068375587,-0.6819957494735718,1.3929798603057861,-34.14136505126953,-0.045920293778181076,-0.839643120765686,1.4319484233856201,0.24602995812892914,0.008389763534069061,0.8101181983947754,-1.3947598934173584,-25.039064407348633,-0.019525406882166862,0.5976845622062683,-1.4511572122573853,7.737431526184082
1785124217.6753309,0.02024315483868122,-0.6794555187225342,1.3967385292053223,-34.498531341552734,-0.06261171400547028,-0.8628376722335815,1.4350661039352417,0.053395528346300125,0.014420234598219395,0.8031991124153137,-1.420264720916748,-25.35127830505371,-0.003196211066097021,0.6288208961486816,-1.435131549835205,7.572221755981445
1785124217.7259824,0.015098166652023792,-0.6847219467163086,1.3989447355270386,-34.83236312866211,-0.0638471320271492,-0.8711878657341003,1.4274587631225586,-0.15057970583438873,0.024509474635124207,0.7944000959396362,-1.42343008518219,-25.65447235107422,-0.0033504553139209747,0.6607269644737244,-1.4205327033996582,7.402896881103516
1785124217.7792609,0.0192921981215477,-0.67481929063797,1.4083744287490845,-35.19456481933594,-0.056816019117832184,-0.8828110098838806,1.402298927307129,-0.2536159157752991,0.031194891780614853,0.8016440868377686,-1.418553352355957,-25.99009895324707,-0.011126896366477013,0.676085352897644,-1.4060344696044922,7.342431545257568
1785124217.8302398,0.023134859278798103,-0.6562816500663757,1.422059178352356,-35.618621826171875,-0.047681134194135666,-0.9034650921821594,1.3723634481430054,-0.2769474685192108,0.03861240670084953,0.8240951895713806,-1.4143707752227783,-26.386981964111328,-0.01799704134464264,0.6846804618835449,-1.3965716361999512,7.367749214172363
1785124217.8825378,0.022147120907902718,-0.6420760154724121,1.434476375579834,-36.02708053588867,-0.04091694951057434,-0.9196486473083496,1.3545140027999878,-0.33938995003700256,0.049733925610780716,0.8458026647567749,-1.4154000282287598,-26.770015716552734,-0.02106981910765171,0.6928357481956482,-1.3857789039611816,7.356285095214844
1785124217.9349372,0.015967292711138725,-0.6359626650810242,1.441364049911499,-36.410728454589844,-0.0391044095158577,-0.9269317984580994,1.3466975688934326,-0.48720991611480713,0.06403926759958267,0.8548598885536194,-1.4202120304107666,-27.12653160095215,-0.02376805618405342,0.6970181465148926,-1.3828355073928833,7.2664618492126465
1785124217.9891644,0.004624254535883665,-0.6392937302589417,1.4407390356063843,-36.732791900634766,-0.04157157242298126,-0.9253555536270142,1.3476176261901855,-0.6971720457077026,0.07925156503915787,0.8469262719154358,-1.4204182624816895,-27.42106819152832,-0.025695662945508957,0.692931592464447,-1.3844683170318604,7.11385440826416
1785124218.0400069,-0.007148856297135353,-0.646781325340271,1.4390556812286377,-36.99732971191406,-0.04545910656452179,-0.9198997020721436,1.3517885208129883,-0.9166215658187866,0.09219583868980408,0.8326792120933533,-1.4170366525650024,-27.660402297973633,-0.026646487414836884,0.6870536208152771,-1.3878734111785889,6.9452691078186035
1785124218.0950935,-0.017862556502223015,-0.6535406708717346,1.4401942491531372,-37.29466247558594,-0.048778727650642395,-0.9145002961158752,1.3535114526748657,-1.1523582935333252,0.10422991216182709,0.8204720616340637,-1.4136635065078735,-27.92951774597168,-0.026432882994413376,0.6832902431488037,-1.3906841278076172,6.764892101287842
1785124218.1456296,-0.023127412423491478,-0.6578094363212585,1.4450228214263916,-37.56861114501953,-0.048895541578531265,-0.9103758931159973,1.3508714437484741,-1.3639689683914185,0.11247225105762482,0.8142402768135071,-1.4137731790542603,-28.177396774291992,-0.026004629209637642,0.6835483312606812,-1.3912328481674194,6.60299015045166
1785124218.200064,-0.02441602386534214,-0.6504272818565369,1.4529095888137817,-37.92191696166992,-0.04608869552612305,-0.9127888679504395,1.340461254119873,-1.544204831123352,0.11782851070165634,0.8202466368675232,-1.4136732816696167,-28.50226402282715,-0.026466380804777145,0.6864848136901855,-1.3898723125457764,6.480623245239258
1785124218.250128,-0.02550329454243183,-0.6364194750785828,1.459855556488037,-38.276241302490234,-0.043554723262786865,-0.9211189150810242,1.3305811882019043,-1.6733345985412598,0.12069012224674225,0.8327690958976746,-1.4128565788269043,-28.831850051879883,-0.02614101767539978,0.6896922588348389,-1.3879183530807495,6.405686855316162
1785124218.3048892,-0.028772711753845215,-0.6226328015327454,1.4642360210418701,-38.627811431884766,-0.04156133905053139,-0.9314987659454346,1.3234671354293823,-1.7954012155532837,0.12247040867805481,0.8436702489852905,-1.4117228984832764,-29.16053581237793,-0.02521110512316227,0.6908541917800903,-1.387075662612915,6.339020729064941
1785124218.3549278,-0.0336715392768383,-0.613861083984375,1.4676071405410767,-38.959861755371094,-0.037814486771821976,-0.9404755234718323,1.3168823719024658,-1.9033597707748413,0.12355893105268478,0.8488711714744568,-1.4095455408096313,-29.47104835510254,-0.024550842121243477,0.6895639300346375,-1.387384295463562,6.28776216506958
1785124218.4050841,-0.03969919681549072,-0.6078392267227173,1.4713985919952393,-39.30311965942383,-0.032260388135910034,-0.9438514709472656,1.3131301403045654,-2.0048882961273193,0.12414669245481491,0.8539964556694031,-1.406053066253662,-29.79352569580078,-0.024348963052034378,0.6879842877388,-1.387934684753418,6.242053508758545
1785124218.4602134,-0.044603995978832245,-0.6088223457336426,1.469408392906189,-39.6600456237793,-0.03491003066301346,-0.9577529430389404,1.3100624084472656,-2.179109573364258,0.12573187053203583,0.8519683480262756,-1.4037126302719116,-30.12693977355957,-0.023260019719600677,0.6858466863632202,-1.3892279863357544,6.13489294052124
1785124218.510536,-0.046060241758823395,-0.6145170331001282,1.4668464660644531,-39.95206069946289,-0.037087228149175644,-0.969298243522644,1.3049604892730713,-2.322751045227051,0.12681257724761963,0.8481147289276123,-1.4007995128631592,-30.399219512939453,-0.02364846132695675,0.6856511831283569,-1.3890928030014038,6.04585599899292
1785124218.5655558,-0.04808351397514343,-0.622051477432251,1.4623022079467773,-40.30331802368164,-0.039576999843120575,-0.9824655055999756,1.297905683517456,-2.4926083087921143,0.12776975333690643,0.8425940871238708,-1.3980878591537476,-30.72646713256836,-0.024350393563508987,0.6882394552230835,-1.387993574142456,5.9454240798950195
1785124218.617531,-0.05118631199002266,-0.6264200806617737,1.460031270980835,-40.57815933227539,-0.04026922583580017,-0.992702066898346,1.2924162149429321,-2.622992753982544,0.12860046327114105,0.8372198939323425,-1.396480917930603,-30.981441497802734,-0.024172691628336906,0.6911774277687073,-1.3867250680923462,5.873129367828369
1785124218.6700761,-0.05594494938850403,-0.6268641948699951,1.4611879587173462,-40.91615676879883,-0.03997981548309326,-1.0038106441497803,1.2862516641616821,-2.7817747592926025,0.1292455792427063,0.8333988785743713,-1.3953068256378174,-31.295879364013672,-0.023206017911434174,0.6932919025421143,-1.3860911130905151,5.787230014801025
1785124218.7246754,-0.05771287903189659,-0.6231352686882019,1.465041160583496,-41.25297927856445,-0.03896605595946312,-1.0142908096313477,1.2793688774108887,-2.9172213077545166,0.12611837685108185,0.832214891910553,-1.392299771308899,-31.6119384765625,-0.02183980867266655,0.6929304599761963,-1.3865529298782349,5.720057964324951
1785124218.7799668,-0.057059332728385925,-0.6169642806053162,1.4688739776611328,-41.66842269897461,-0.035489968955516815,-1.027660608291626,1.2702361345291138,-3.0445241928100586,0.1080288290977478,0.8208405375480652,-1.3864197731018066,-32.01137924194336,-0.016461338847875595,0.6917467713356018,-1.3893433809280396,5.669888496398926
1785124218.8312414,-0.05747849494218826,-0.6142158508300781,1.4698960781097412,-42.042850494384766,-0.02918092906475067,-1.0415570735931396,1.2674154043197632,-3.164283514022827,0.08329649269580841,0.7961855530738831,-1.3910377025604248,-32.378173828125,-0.006939747370779514,0.6925354599952698,-1.3903229236602783,5.62136173248291
1785124218.8845713,-0.05951837822794914,-0.61648029088974,1.4682143926620483,-42.40147399902344,-0.01900089532136917,-1.0538328886032104,1.278003454208374,-3.348541498184204,0.07705662399530411,0.7815401554107666,-1.4172115325927734,-32.72352600097656,-0.004841935820877552,0.6949857473373413,-1.3856710195541382,5.511951446533203
1785124218.934625,-0.0616193525493145,-0.619140625,1.4658203125,-42.66828536987305,-0.01019477378576994,-1.048953652381897,1.284757137298584,-3.5481672286987305,0.10080455243587494,0.7894600629806519,-1.4411094188690186,-32.97718811035156,-0.023655343800783157,0.6950840353965759,-1.3800685405731201,5.3785624504089355
1785124218.984878,-0.06053377315402031,-0.6146798729896545,1.4687187671661377,-42.95127487182617,-0.0033285149838775396,-1.0323659181594849,1.2843201160430908,-3.7466838359832764,0.12042472511529922,0.7948890328407288,-1.4357056617736816,-33.248382568359375,-0.04362930729985237,0.6932174563407898,-1.3798984289169312,5.246949195861816
1785124219.03496,-0.06425371021032333,-0.6081379055976868,1.4745630025863647,-43.252227783203125,-0.0038428669795393944,-1.0117815732955933,1.2825379371643066,-3.9343619346618652,0.13222308456897736,0.8023989796638489,-1.4199365377426147,-33.53800964355469,-0.047222983092069626,0.6905998587608337,-1.3833978176116943,5.125999927520752
1785124219.084993,-0.07762429863214493,-0.6059444546699524,1.4797052145004272,-43.502445220947266,-0.01028659287840128,-0.9914553165435791,1.2869375944137573,-4.137750625610352,0.1388474702835083,0.8048253059387207,-1.4110753536224365,-33.77934646606445,-0.03409615904092789,0.6883415579795837,-1.3876994848251343,4.986186981201172
1785124219.1361287,-0.08881021291017532,-0.6049996018409729,1.4842379093170166,-43.71183395385742,-0.015385042876005173,-0.9733813405036926,1.2945724725723267,-4.348391056060791,0.14284063875675201,0.806699812412262,-1.408549427986145,-33.97882080078125,-0.020137451589107513,0.6868827939033508,-1.390754222869873,4.829477310180664
1785124219.1898685,-0.09045502543449402,-0.5995178818702698,1.4898873567581177,-44.005767822265625,-0.016247350722551346,-0.9558817148208618,1.2958086729049683,-4.581396102905273,0.1461053192615509,0.8168122172355652,-1.407470941543579,-34.25851821899414,-0.014225146733224392,0.6850816011428833,-1.392975091934204,4.662959098815918
1785124219.2481303,-0.0822761282324791,-0.5903725624084473,1.4956634044647217,-44.33382034301758,-0.009574990719556808,-0.9414740204811096,1.2973936796188354,-4.72477388381958,0.14796678721904755,0.8360689282417297,-1.4060842990875244,-34.57109069824219,-0.01966593973338604,0.6849554181098938,-1.392250418663025,4.575839519500732
1785124219.2997832,-0.06777572631835938,-0.5799975991249084,1.4966685771942139,-44.81219482421875,0.00010978601494571194,-0.9175426363945007,1.3052144050598145,-4.7576704025268555,0.14748133718967438,0.8721184730529785,-1.4041502475738525,-35.02604293823242,-0.029074285179376602,0.684629499912262,-1.3903948068618774,4.600165367126465
1785124219.3501794,-0.05755903199315071,-0.5821970701217651,1.4889854192733765,-45.27324295043945,0.0033497402910143137,-0.89229816198349,1.3179596662521362,-4.761244297027588,0.14510101079940796,0.899837851524353,-1.4039338827133179,-35.46323013305664,-0.032465726137161255,0.6830649971961975,-1.3893823623657227,4.64723014831543
1785124219.4074056,-0.050948914140462875,-0.6023545265197754,1.474073886871338,-45.73233413696289,0.0008406657143495977,-0.8641627430915833,1.3337959051132202,-4.802282810211182,0.14061838388442993,0.9102634787559509,-1.4037816524505615,-35.89252471923828,-0.03076477348804474,0.6821467280387878,-1.389678716659546,4.653871536254883
1785124219.460406,-0.045997437089681625,-0.6293309330940247,1.4555726051330566,-46.16392517089844,-0.004716257564723492,-0.8563138842582703,1.3445841073989868,-4.844600200653076,0.13195498287677765,0.9049913883209229,-1.3984084129333496,-36.287628173828125,-0.029567549005150795,0.6823609471321106,-1.3902777433395386,4.6618194580078125
1785124219.5126843,-0.0407237708568573,-0.6489542722702026,1.4400533437728882,-46.57530975341797,-0.015703337267041206,-0.8843941688537598,1.3444827795028687,-4.878172874450684,0.11963563412427902,0.8968278765678406,-1.3882917165756226,-36.661319732666016,-0.02939276397228241,0.6832364797592163,-1.3904752731323242,4.683608055114746
1785124219.5664377,-0.0319766066968441,-0.6631540060043335,1.4255197048187256,-47.0530891418457,-0.03375581279397011,-0.9420015215873718,1.3328651189804077,-4.88265323638916,0.10479376465082169,0.889095664024353,-1.3750637769699097,-37.09400177001953,-0.025736140087246895,0.685943603515625,-1.3893495798110962,4.7430315017700195
1785124219.6193838,-0.02381761744618416,-0.6726518869400024,1.4158577919006348,-47.532562255859375,-0.05138426646590233,-0.9976818561553955,1.3126457929611206,-4.866798400878906,0.09059187024831772,0.8836106061935425,-1.3653066158294678,-37.52561569213867,-0.020295463502407074,0.6907868385314941,-1.386823058128357,4.828634262084961
1785124219.6741447,-0.016916144639253616,-0.6770738363265991,1.4097837209701538,-47.958343505859375,-0.06508772820234299,-1.0385750532150269,1.2929481267929077,-4.870225429534912,0.0807063952088356,0.8794777393341064,-1.3598384857177734,-37.90729522705078,-0.015471361577510834,0.6961141228675842,-1.3844614028930664,4.894049644470215
1785124219.7244656,-0.01450755912810564,-0.6800926327705383,1.4067339897155762,-48.394168853759766,-0.07588719576597214,-1.075071930885315,1.2786225080490112,-4.910606861114502,0.06172676011919975,0.8463555574417114,-1.3561921119689941,-38.30715560913086,-0.009777789004147053,0.6996116638183594,-1.3850849866867065,4.93241548538208
1785124219.777221,-0.019274108111858368,-0.683616578578949,1.408576488494873,-48.68477249145508,-0.08003773540258408,-1.0989545583724976,1.2824957370758057,-4.9857306480407715,0.040269892662763596,0.7867464423179626,-1.3630542755126953,-38.58748245239258,0.0012783418642356992,0.6944206357002258,-1.4008264541625977,4.90576696395874
1785124219.8377247,-0.029953330755233765,-0.6862802505493164,1.4167652130126953,-48.95808792114258,-0.0813993364572525,-1.117169737815857,1.298826813697815,-5.105581760406494,0.023692166432738304,0.7207034826278687,-1.3827563524246216,-38.85324478149414,0.019483966752886772,0.684949517250061,-1.4092729091644287,4.83408784866333
1785124219.8945172,-0.036280758678913116,-0.6879048347473145,1.4276763200759888,-49.156864166259766,-0.08044683188199997,-1.122613549232483,1.3082820177078247,-5.210381984710693,0.018119854852557182,0.6874575018882751,-1.4031144380569458,-39.042091369628906,0.03316352516412735,0.6816911697387695,-1.4127082824707031,4.762711524963379
1785124219.9461453,-0.035505928099155426,-0.6620425581932068,1.4489604234695435,-49.556461334228516,-0.06963568925857544,-1.106504201889038,1.2984349727630615,-5.363353729248047,0.03243565931916237,0.7272273302078247,-1.4356385469436646,-39.41854476928711,0.03351105377078056,0.6800521016120911,-1.400783658027649,4.676494598388672
1785124219.999747,-0.020037665963172913,-0.5980146527290344,1.4658176898956299,-50.06460189819336,-0.044603362679481506,-1.07269287109375,1.2611660957336426,-5.408480644226074,0.06125066801905632,0.7932432293891907,-1.4192758798599243,-39.91857147216797,-0.0090603893622756,0.6950409412384033,-1.3838785886764526,4.720643520355225
1785124220.0510104,-0.02181021124124527,-0.5773118138313293,1.479238510131836,-50.4439697265625,-0.026959914714097977,-1.0442569255828857,1.2582240104675293,-5.478607177734375,0.09265591204166412,0.833849310874939,-1.4052433967590332,-40.28736114501953,-0.03432771563529968,0.7046478986740112,-1.3785234689712524,4.722254276275635
1785124220.1050122,-0.04251539707183838,-0.5837810635566711,1.4864951372146606,-50.70024108886719,-0.021891551092267036,-0.9994907975196838,1.28009831905365,-5.711094856262207,0.12787951529026031,0.8480554223060608,-1.4101977348327637,-40.5351676940918,-0.036453746259212494,0.6977018713951111,-1.3807685375213623,4.559974670410156
1785124220.1609354,-0.06503192335367203,-0.5923293232917786,1.4829516410827637,-50.86358642578125,-0.02707921899855137,-0.9510676264762878,1.303269386291504,-6.020005702972412,0.15484784543514252,0.8423910140991211,-1.413177251815796,-40.68616485595703,-0.030240600928664207,0.6842871904373169,-1.3884479999542236,4.3080830574035645
1785124220.2146893,-0.08032168447971344,-0.5997931361198425,1.4834266901016235,-51.07017517089844,-0.03072115033864975,-0.9008654356002808,1.3220094442367554,-6.32683801651001,0.17709054052829742,0.8374158143997192,-1.407077670097351,-40.87456512451172,-0.026216112077236176,0.6748426556587219,-1.3955775499343872,4.055069923400879
1785124220.2673101,-0.08614391088485718,-0.5958822965621948,1.490960955619812,-51.32450866699219,-0.023367607966065407,-0.8452214002609253,1.3401992321014404,-6.5060529708862305,0.19006064534187317,0.8474929928779602,-1.4045850038528442,-41.1115837097168,-0.02762225642800331,0.6735969185829163,-1.3982096910476685,3.9106600284576416
1785124220.3200662,-0.08449301868677139,-0.5825607180595398,1.4990296363830566,-51.67903137207031,-0.008760303258895874,-0.7726025581359863,1.3636809587478638,-6.5397210121154785,0.1987549364566803,0.8733124136924744,-1.4144212007522583,-41.44527053833008,-0.030946379527449608,0.6732043027877808,-1.3981821537017822,3.898012399673462
1785124220.3747282,-0.07294084876775742,-0.5717481970787048,1.5007542371749878,-52.100643157958984,-0.0010726820910349488,-0.7218459248542786,1.384257435798645,-6.398194313049316,0.20137372612953186,0.9009395837783813,-1.429940938949585,-41.84291458129883,-0.03494273126125336,0.6679814457893372,-1.3977739810943604,4.054409503936768
1785124220.4250116,-0.06034712493419647,-0.5771036148071289,1.491051197052002,-52.54061508178711,0.00283993873745203,-0.7363483309745789,1.3868684768676758,-6.13923978805542,0.19302819669246674,0.9166725277900696,-1.4353235960006714,-42.25629425048828,-0.04120945557951927,0.6625534892082214,-1.3964124917984009,4.337664604187012
1785124220.4797199,-0.05287013202905655,-0.5981513857841492,1.4728219509124756,-53.0649528503418,0.00706210033968091,-0.8023009300231934,1.3651931285858154,-5.732740879058838,0.1698785424232483,0.9187990427017212,-1.4201747179031372,-42.74824142456055,-0.045054841786623,0.6679775714874268,-1.3925855159759521,4.779240131378174
1785124220.5298128,-0.05128929764032364,-0.6201146245002747,1.458479881286621,-53.535911560058594,0.006847217679023743,-0.864579975605011,1.3403555154800415,-5.3004326820373535,0.13919763267040253,0.9088323712348938,-1.3949629068374634,-43.189361572265625,-0.038744110614061356,0.6826086640357971,-1.3889700174331665,5.251401901245117
1785124220.5862224,-0.05096188932657242,-0.6371896862983704,1.4499540328979492,-54.02700424194336,0.00287725985981524,-0.9225000739097595,1.3194401264190674,-4.846306800842285,0.09966486692428589,0.8920460343360901,-1.3751105070114136,-43.646934509277344,-0.023181285709142685,0.6958350539207458,-1.3870532512664795,5.765316963195801
1785124220.6391096,-0.0541016161441803,-0.6525487899780273,1.4376722574234009,-54.48460006713867,-0.0009693319443613291,-0.9835708737373352,1.2965089082717896,-4.449073791503906,0.06437034904956818,0.8707776665687561,-1.3687390089035034,-44.06608200073242,-0.006339841056615114,0.6994885206222534,-1.387218952178955,6.235945701599121
1785124220.6904583,-0.05721467733383179,-0.6689645051956177,1.4270215034484863,-54.85243225097656,-0.006229019723832607,-1.057822585105896,1.2660605907440186,-4.1583452224731445,0.043816860765218735,0.8457302451133728,-1.3670827150344849,-44.39873504638672,0.002250797813758254,0.7001950144767761,-1.3857872486114502,6.6090569496154785
1785124220.745306,-0.07494989782571793,-0.6888378858566284,1.42724609375,-55.179141998291016,-0.014903626404702663,-1.137465476989746,1.243257761001587,-3.9221279621124268,0.03741781786084175,0.802649736404419,-1.3586370944976807,-44.695533752441406,0.014214014634490013,0.6781204342842102,-1.4268174171447754,6.913516521453857
1785124220.79969,-0.09874536097049713,-0.7345876693725586,1.4407621622085571,-55.357059478759766,-0.02158207632601261,-1.2083070278167725,1.263275146484375,-3.831538200378418,0.040455643087625504,0.7120509743690491,-1.3764407634735107,-44.853302001953125,0.036836788058280945,0.6422604918479919,-1.4363794326782227,7.055272579193115
1785124220.850095,-0.11390382796525955,-0.7706262469291687,1.444193959236145,-55.44281005859375,-0.021932018920779228,-1.2507243156433105,1.2854739427566528,-3.813791513442993,0.0411573126912117,0.6574324369430542,-1.3971257209777832,-44.917789459228516,0.04735618084669113,0.6334092020988464,-1.4410338401794434,7.104092597961426
1785124220.905373,-0.1142064556479454,-0.7731466889381409,1.4431183338165283,-55.58355712890625,-0.010580714792013168,-1.2662558555603027,1.276919960975647,-3.7418386936187744,0.0370405875146389,0.6646589636802673,-1.3953347206115723,-45.03977584838867,0.04242310672998428,0.6403675675392151,-1.4380722045898438,7.207790851593018
1785124220.9554055,-0.10691924393177032,-0.7495247721672058,1.4455174207687378,-55.77052307128906,0.0071801780723035336,-1.2632567882537842,1.2546745538711548,-3.6184942722320557,0.03326702117919922,0.7014064788818359,-1.383874535560608,-45.2142448425293,0.030805367976427078,0.6560277342796326,-1.4265875816345215,7.369020462036133
1785124221.005554,-0.10468874871730804,-0.7254681587219238,1.444515347480774,-55.933319091796875,0.024183178320527077,-1.2559839487075806,1.249241590499878,-3.5156002044677734,0.028156815096735954,0.7225913405418396,-1.3791368007659912,-45.36784362792969,0.0190461166203022,0.6780808568000793,-1.4099446535110474,7.517024040222168
1785124221.062918,-0.11057469248771667,-0.7138457298278809,1.434451699256897,-56.0355339050293,0.03846026957035065,-1.244807481765747,1.262853741645813,-3.469064235687256,0.02101648971438408,0.713081419467926,-1.385189414024353,-45.462608337402344,0.009297357872128487,0.6988577246665955,-1.394870638847351,7.610714435577393
1785124221.115153,-0.11845425516366959,-0.7121990919113159,1.4262657165527344,-56.107810974121094,0.05053810775279999,-1.2255867719650269,1.2768689393997192,-3.467268466949463,0.017683202400803566,0.6929726004600525,-1.3938047885894775,-45.52961349487305,0.0029329063836485147,0.7083457708358765,-1.3881826400756836,7.658358097076416
1785124221.1664374,-0.12523452937602997,-0.7102739214897156,1.4272034168243408,-56.197021484375,0.05977429822087288,-1.1960755586624146,1.2783061265945435,-3.4887783527374268,0.017190363258123398,0.6858194470405579,-1.3966517448425293,-45.61561584472656,0.0006729327142238617,0.7091004252433777,-1.3871651887893677,7.682101249694824
1785124221.2194896,-0.13445913791656494,-0.7043942809104919,1.4361653327941895,-56.3260498046875,0.06686237454414368,-1.1501214504241943,1.2650097608566284,-3.510139226913452,0.01856449618935585,0.6920561790466309,-1.39374840259552,-45.74161911010742,0.008113939315080643,0.7103462219238281,-1.3884872198104858,7.724687099456787
1785124221.2803962,-0.14442260563373566,-0.6983158588409424,1.443339228630066,-56.419517517089844,0.06767338514328003,-1.114412784576416,1.255850911140442,-3.534475564956665,0.01787153072655201,0.6991096138954163,-1.3900306224822998,-45.833194732666016,0.020494353026151657,0.7165157794952393,-1.3885762691497803,7.758176326751709
1785124221.335095,-0.14960461854934692,-0.6713733673095703,1.459830641746521,-56.53847122192383,0.07640378177165985,-1.0396655797958374,1.2514417171478271,-3.5760884284973145,0.04191220924258232,0.7784646153450012,-1.4801428318023682,-45.91900634765625,0.05307364463806152,0.7403416037559509,-1.376174807548523,7.834778785705566
1785124221.3899114,-0.12457525730133057,-0.6001038551330566,1.4816302061080933,-56.685001373291016,0.09193477034568787,-0.9628992080688477,1.2853509187698364,-3.471893310546875,0.07117322087287903,0.8476616740226746,-1.451500654220581,-46.04014587402344,0.002216953318566084,0.7284007668495178,-1.370057225227356,8.008037567138672
1785124221.4399242,-0.09535723179578781,-0.5696561336517334,1.4841340780258179,-56.914974212646484,0.08923369646072388,-0.8949835300445557,1.317670226097107,-3.2649362087249756,0.09586246311664581,0.8937975764274597,-1.3982408046722412,-46.23764419555664,-0.044072505086660385,0.6873860359191895,-1.387934923171997,8.263504028320312
1785124221.4908025,-0.08537514507770538,-0.5993826985359192,1.4724880456924438,-57.001708984375,0.06944720447063446,-0.8309841156005859,1.3483319282531738,-3.1937150955200195,0.12189824879169464,0.9144933819770813,-1.3903144598007202,-46.29669189453125,-0.04725642874836922,0.6543432474136353,-1.4008610248565674,8.373601913452148
1785124221.5414166,-0.08608708530664444,-0.6385884284973145,1.453375220298767,-56.9442024230957,0.04576783627271652,-0.7750534415245056,1.3728604316711426,-3.2590489387512207,0.14335694909095764,0.9131133556365967,-1.4023479223251343,-46.20864486694336,-0.033380329608917236,0.6551408767700195,-1.4008885622024536,8.334193229675293
1785124221.5949585,-0.08634446561336517,-0.6559182405471802,1.4460848569869995,-56.87717056274414,0.027073422446846962,-0.7400210499763489,1.3976173400878906,-3.3250348567962646,0.15409144759178162,0.90496426820755,-1.4062578678131104,-46.10477066040039,-0.02883879840373993,0.6739106774330139,-1.395904779434204,8.283722877502441
1785124221.64605,-0.07364443689584732,-0.6551697254180908,1.4390813112258911,-56.93156433105469,0.015145490877330303,-0.7400667667388916,1.4103546142578125,-3.272993564605713,0.15242426097393036,0.9079157114028931,-1.4027982950210571,-46.11423110961914,-0.03363287076354027,0.6818394064903259,-1.393156886100769,8.352503776550293
1785124221.6993382,-0.048808056861162186,-0.651466965675354,1.4311720132827759,-57.151580810546875,0.005286291241645813,-0.7786896824836731,1.403693437576294,-3.068430185317993,0.13584737479686737,0.9266774654388428,-1.3940283060073853,-46.27812957763672,-0.039971377700567245,0.6759734153747559,-1.3933756351470947,8.585579872131348
1785124221.7497044,-0.02569018304347992,-0.6575818657875061,1.4195775985717773,-57.48202133178711,-0.007096618879586458,-0.837019681930542,1.3820347785949707,-2.7683699131011963,0.1115109771490097,0.9518051743507385,-1.3732709884643555,-46.55388641357422,-0.038143835961818695,0.6723504662513733,-1.3933385610580444,8.924090385437012
1785124221.8044715,-0.005752146244049072,-0.6746795177459717,1.4042019844055176,-57.837013244628906,-0.025725115090608597,-0.8976097106933594,1.3583990335464478,-2.457484483718872,0.08328989893198013,0.971412718296051,-1.3472943305969238,-46.851375579833984,-0.02796853706240654,0.6786208152770996,-1.3908923864364624,9.283293724060059
1785124221.8551676,0.007584404665976763,-0.6910944581031799,1.3912543058395386,-58.14686965942383,-0.049471043050289154,-0.9454600811004639,1.3422144651412964,-2.2011728286743164,0.05749009549617767,0.9775184392929077,-1.320837140083313,-47.10203170776367,-0.02150142192840576,0.6801209449768066,-1.416549563407898,9.583256721496582
1785124221.9052196,0.017795003950595856,-0.6989580988883972,1.38270103931427,-58.31553649902344,-0.07308239489793777,-0.9689102172851562,1.346673607826233,-2.083197593688965,0.04350470006465912,0.9652965664863586,-1.3060542345046997,-47.216976165771484,-0.018015172332525253,0.6649083495140076,-1.4282922744750977,9.743963241577148
1785124221.9606106,0.027306659147143364,-0.6991963982582092,1.380031943321228,-58.36412048339844,-0.1033867672085762,-0.9680527448654175,1.3640846014022827,-2.093533754348755,0.0395263135433197,0.9341009855270386,-1.3165876865386963,-47.20455551147461,-0.005894964560866356,0.6649755239486694,-1.42453932762146,9.789958953857422
1785124222.0151312,0.032563332468271255,-0.6913580298423767,1.3836697340011597,-58.28655242919922,-0.12833935022354126,-0.9403808116912842,1.3733566999435425,-2.2221081256866455,0.04468154162168503,0.8945393562316895,-1.3464372158050537,-47.08012390136719,0.012589740566909313,0.6831229329109192,-1.410766363143921,9.713504791259766
1785124222.0695598,0.035727065056562424,-0.6790743470191956,1.3922069072723389,-58.186500549316406,-0.14672741293907166,-0.9025408029556274,1.371122121810913,-2.379018545150757,0.05261742323637009,0.8524782657623291,-1.3747563362121582,-46.935691833496094,0.02923562377691269,0.7027097344398499,-1.4032487869262695,9.615645408630371
1785124222.1254044,0.03455764055252075,-0.6704815626144409,1.3983763456344604,-58.197757720947266,-0.153978630900383,-0.8865411281585693,1.368308424949646,-2.4273922443389893,0.055013589560985565,0.832530677318573,-1.3819721937179565,-46.90489959716797,0.03562521934509277,0.7056893110275269,-1.4098109006881714,9.628732681274414
1785124222.179465,0.030889028683304787,-0.6713103652000427,1.3975905179977417,-58.36483383178711,-0.1523451805114746,-0.9019553661346436,1.369433045387268,-2.3230090141296387,0.050246596336364746,0.8420597910881042,-1.3676625490188599,-47.027381896972656,0.03304915875196457,0.6850367784500122,-1.4262207746505737,9.791869163513184
1785124222.2298596,0.02697025053203106,-0.6794660091400146,1.3927040100097656,-58.61244583129883,-0.14671584963798523,-0.930706799030304,1.3692435026168823,-2.135385513305664,0.0448673851788044,0.8683748841285706,-1.3453329801559448,-47.229034423828125,0.029288753867149353,0.651175320148468,-1.440008521080017,10.027064323425293
1785124222.2960808,0.02245691791176796,-0.6889302134513855,1.387458324432373,-58.90982437133789,-0.14009219408035278,-0.958907425403595,1.3659653663635254,-1.9054697751998901,0.042544227093458176,0.9045254588127136,-1.3228191137313843,-47.469417572021484,0.026671353727579117,0.6229957938194275,-1.4464060068130493,10.307847023010254
1785124222.3471918,0.020012004300951958,-0.6927274465560913,1.3850531578063965,-59.168399810791016,-0.13522560894489288,-0.9693170785903931,1.359329104423523,-1.7136799097061157,0.04511791840195656,0.9378107190132141,-1.3082969188690186,-47.66512680053711,0.02632082626223564,0.6261674761772156,-1.4438179731369019,10.549867630004883
1785124222.399296,0.021413616836071014,-0.6912702918052673,1.3853838443756104,-59.345550537109375,-0.13165849447250366,-0.9574551582336426,1.352112054824829,-1.604372501373291,0.05143105611205101,0.9625383019447327,-1.3047118186950684,-47.776920318603516,0.028872687369585037,0.646721601486206,-1.4314230680465698,10.70918083190918
1785124222.4504888,0.02391931787133217,-0.688403308391571,1.3866757154464722,-59.41204071044922,-0.12891383469104767,-0.9259544610977173,1.3530889749526978,-1.6293305158615112,0.05830773711204529,0.9766456484794617,-1.3129278421401978,-47.78472137451172,0.033120010048151016,0.6683429479598999,-1.4146511554718018,10.730162620544434
1785124222.5052052,0.027601419016718864,-0.6860606074333191,1.388332724571228,-59.372467041015625,-0.12203855812549591,-0.8772261738777161,1.3624897003173828,-1.7631776332855225,0.06640343368053436,0.9801446199417114,-1.3286707401275635,-47.683780670166016,0.031954966485500336,0.6980266571044922,-1.4002162218093872,10.65022087097168
1785124222.5607953,0.025740502402186394,-0.6868622899055481,1.3919326066970825,-59.27679443359375,-0.09230001270771027,-0.8080634474754333,1.3681395053863525,-1.9348782300949097,0.06901296228170395,0.9761792421340942,-1.3415114879608154,-47.52755355834961,0.0280194953083992,0.7282842397689819,-1.3869842290878296,10.523859977722168
1785124222.614903,0.008401173166930676,-0.6913063526153564,1.3949661254882812,-59.15608596801758,-0.03166107460856438,-0.7103179097175598,1.3842586278915405,-2.104846477508545,0.056955862790346146,0.9741003513336182,-1.354870319366455,-47.34689712524414,0.015868578106164932,0.7660010457038879,-1.3809398412704468,10.385191917419434
1785124222.6653373,0.0006308140000328422,-0.7218586206436157,1.4285893440246582,-59.035396575927734,0.004185231868177652,-0.662471354007721,1.4149104356765747,-2.2768893241882324,0.03865494206547737,0.9579952955245972,-1.3638479709625244,-47.16269302368164,-0.0015382716665044427,0.8010352253913879,-1.3922017812728882,10.24831771850586
1785124222.7195408,-0.0015536209102720022,-0.7585203051567078,1.4147121906280518,-58.90391159057617,0.0037302174605429173,-0.6713758707046509,1.4396891593933105,-2.4662065505981445,0.02241714484989643,0.8935125470161438,-1.3604732751846313,-46.9598503112793,-0.014882056973874569,0.8142685890197754,-1.4182888269424438,10.093591690063477
1785124222.7744327,-0.00686171930283308,-0.7937543988227844,1.3715635538101196,-58.75465774536133,-0.0001302777964156121,-0.6743006706237793,1.4372614622116089,-2.6833078861236572,0.007405291311442852,0.8060117959976196,-1.3570717573165894,-46.7442741394043,-0.02797584980726242,0.8117889165878296,-1.4322564601898193,9.907126426696777
1785124222.8258352,-0.011650626547634602,-0.8284205794334412,1.3631165027618408,-58.612892150878906,-0.002049162518233061,-0.6798692345619202,1.4467055797576904,-2.899193525314331,0.00917022954672575,0.7022532820701599,-1.3825128078460693,-46.5650520324707,-0.038567353039979935,0.809148907661438,-1.4387630224227905,9.720693588256836
1785124222.8796751,-0.009217431768774986,-0.878803551197052,1.3734875917434692,-58.49542999267578,0.005567978136241436,-0.6827972531318665,1.4515259265899658,-3.114312171936035,0.024798834696412086,0.6339613795280457,-1.4076210260391235,-46.397396087646484,-0.05196935310959816,0.7997915744781494,-1.4352660179138184,9.538016319274902
1785124222.9300556,0.00031476057483814657,-0.906937301158905,1.3868950605392456,-58.45560073852539,0.020927784964442253,-0.6848134994506836,1.4396135807037354,-3.2434215545654297,0.03394944965839386,0.6413573026657104,-1.4059821367263794,-46.3134651184082,-0.06413815170526505,0.780623197555542,-1.4303940534591675,9.435273170471191
1785124222.9802973,0.009382333606481552,-0.9201253056526184,1.3844374418258667,-58.44052505493164,0.03442758694291115,-0.6836873292922974,1.4200040102005005,-3.3478691577911377,0.03277488797903061,0.6762604117393494,-1.399202823638916,-46.25366973876953,-0.07073580473661423,0.7649006247520447,-1.4318881034851074,9.353649139404297
1785124223.030765,0.013466893695294857,-0.9315436482429504,1.368701457977295,-58.38573455810547,0.0375174954533577,-0.676581621170044,1.4182584285736084,-3.4845826625823975,0.026292255148291588,0.6960557699203491,-1.3896615505218506,-46.15169906616211,-0.06921619176864624,0.7670902013778687,-1.431516170501709,9.236790657043457
1785124223.0846553,0.01155939418822527,-0.9553563594818115,1.3374894857406616,-58.21659851074219,0.030730757862329483,-0.6520742774009705,1.4335836172103882,-3.7523159980773926,0.020711999386548996,0.7037728428840637,-1.3824727535247803,-45.91584396362305,-0.06298515200614929,0.7956489324569702,-1.423290491104126,8.992438316345215
1785124223.134751,0.008711906149983406,-0.9819261431694031,1.3103876113891602,-58.01641082763672,0.02709190361201763,-0.6216146349906921,1.451473355293274,-4.0392045974731445,0.016922637820243835,0.7004725337028503,-1.3836274147033691,-45.65076446533203,-0.05951061099767685,0.83038330078125,-1.4111911058425903,8.725882530212402
1785124223.189242,0.008822435513138771,-1.0068516731262207,1.293333888053894,-57.83559036254883,0.0307876318693161,-0.6024377346038818,1.463769555091858,-4.312901020050049,0.013205522671341896,0.6922861337661743,-1.386508822441101,-45.39737319946289,-0.0628860592842102,0.8569198846817017,-1.4008156061172485,8.473877906799316
1785124223.2395167,0.011627289466559887,-1.0196536779403687,1.2919776439666748,-57.75442886352539,0.04104582220315933,-0.6023054718971252,1.4623935222625732,-4.476451873779297,0.012772292830049992,0.687105655670166,-1.3880852460861206,-45.251678466796875,-0.07270865142345428,0.8611078262329102,-1.3971740007400513,8.329082489013672
1785124223.289573,0.015347760170698166,-1.0187877416610718,1.3002924919128418,-57.77008819580078,0.050990305840969086,-0.6168326139450073,1.452991008758545,-4.543249607086182,0.016955308616161346,0.6855683326721191,-1.3882625102996826,-45.20609664916992,-0.08608394116163254,0.8452429175376892,-1.398864984512329,8.281275749206543
1785124223.3402126,0.019415702670812607,-1.0101385116577148,1.30311918258667,-57.79745101928711,0.05467158928513527,-0.6367433071136475,1.4451662302017212,-4.603853225708008,0.02380467765033245,0.6869864463806152,-1.3876630067825317,-45.17080307006836,-0.09938786178827286,0.8268242478370667,-1.40003502368927,8.243368148803711
1785124223.3983517,0.023076890036463737,-0.9974167346954346,1.3059395551681519,-57.82674789428711,0.06023889780044556,-0.6509220600128174,1.441975712776184,-4.673664093017578,0.028062013909220695,0.6911337971687317,-1.386473536491394,-45.13191223144531,-0.11255497485399246,0.8121702671051025,-1.4009263515472412,8.198282241821289
1785124223.4499474,0.02337401546537876,-0.9878993630409241,1.303786277770996,-57.80834197998047,0.06615094840526581,-0.6488538980484009,1.4463173151016235,-4.791505336761475,0.027396732941269875,0.6934003233909607,-1.3862744569778442,-45.04385757446289,-0.12299003452062607,0.8131956458091736,-1.4005025625228882,8.106654167175293
1785124223.500922,0.021956991404294968,-0.9858704209327698,1.298018455505371,-57.75382614135742,0.06945629417896271,-0.6368939876556396,1.456843376159668,-4.925909519195557,0.025092704221606255,0.6923019886016846,-1.3870911598205566,-44.93174743652344,-0.12951898574829102,0.8249691128730774,-1.3985087871551514,7.993614196777344
1785124223.5546393,0.019291484728455544,-0.9885594248771667,1.2850817441940308,-57.64384841918945,0.07110386341810226,-0.6139546632766724,1.4713224172592163,-5.129039764404297,0.023088281974196434,0.6891161203384399,-1.3885418176651,-44.748844146728516,-0.13550645112991333,0.8470391631126404,-1.3931498527526855,7.815492630004883
1785124223.60986,0.01774546504020691,-0.9951135516166687,1.2761181592941284,-57.52150344848633,0.07442914694547653,-0.5920778512954712,1.4805099964141846,-5.339791297912598,0.021927673369646072,0.6870481371879578,-1.3890628814697266,-44.553367614746094,-0.14127302169799805,0.8684585094451904,-1.3877102136611938,7.628266334533691
1785124223.6601472,0.01701498217880726,-0.9998047351837158,1.2720122337341309,-57.42961883544922,0.07926372438669205,-0.5866571664810181,1.4827649593353271,-5.511738300323486,0.02172115445137024,0.6862262487411499,-1.3891981840133667,-44.39451599121094,-0.1472385823726654,0.8796065449714661,-1.384089708328247,7.4790472984313965
1785124223.7222507,0.017372440546751022,-1.0030635595321655,1.2696431875228882,-57.365699768066406,0.0832953155040741,-0.5934615731239319,1.4784201383590698,-5.649623870849609,0.022829122841358185,0.686363160610199,-1.3889600038528442,-44.26959228515625,-0.1526307761669159,0.8819350600242615,-1.3805065155029297,7.363407135009766
1785124223.7814784,0.019486041739583015,-1.0078785419464111,1.2672978639602661,-57.302616119384766,0.08747957646846771,-0.6074665784835815,1.4715169668197632,-5.805997848510742,0.025427626445889473,0.68776935338974,-1.3883109092712402,-44.1303596496582,-0.15756946802139282,0.8787726759910583,-1.3749504089355469,7.235366344451904
1785124223.8339984,0.021870829164981842,-1.0135948657989502,1.2657227516174316,-57.25791931152344,0.08798165619373322,-0.6156579852104187,1.4666829109191895,-5.920297622680664,0.025963669642806053,0.6891448497772217,-1.3877030611038208,-44.03023147583008,-0.16023468971252441,0.875632107257843,-1.3717195987701416,7.143163204193115
1785124223.8850636,0.02497198060154915,-1.0186372995376587,1.265493631362915,-57.215824127197266,0.08955539762973785,-0.6199051141738892,1.4658063650131226,-6.032107353210449,0.025725996121764183,0.6903558373451233,-1.3869991302490234,-43.93256378173828,-0.16145195066928864,0.8731759786605835,-1.371169090270996,7.05295467376709
1785124223.9355118,0.02891913801431656,-1.0232746601104736,1.2679526805877686,-57.19084930419922,0.0925469920039177,-0.6254577040672302,1.4611306190490723,-6.147738456726074,0.023787859827280045,0.6906724572181702,-1.3868111371994019,-43.839569091796875,-0.1629648357629776,0.8664012551307678,-1.373483419418335,6.966792583465576
1785124223.9865808,0.03153437748551369,-1.02578604221344,1.2663085460662842,-57.16688919067383,0.09271017462015152,-0.6298214793205261,1.4599770307540894,-6.254566192626953,0.023598019033670425,0.6900672912597656,-1.3871538639068604,-43.75313186645508,-0.16310517489910126,0.8608735203742981,-1.3739391565322876,6.886937141418457
1785124224.0398057,0.032279662787914276,-1.0295617580413818,1.2605019807815552,-57.113433837890625,0.09209621697664261,-0.6272662878036499,1.4612020254135132,-6.410229682922363,0.02339373342692852,0.6903080344200134,-1.3874768018722534,-43.62147521972656,-0.1630084365606308,0.859875500202179,-1.3713629245758057,6.763436794281006
1785124224.0903304,0.03163406625390053,-1.0340321063995361,1.2558317184448242,-57.05626678466797,0.09330494701862335,-0.6206958293914795,1.464286208152771,-6.550429821014404,0.02236783690750599,0.6911194324493408,-1.3873529434204102,-43.499237060546875,-0.1632443368434906,0.8633694052696228,-1.3695800304412842,6.648582458496094
1785124224.1468313,0.030002327635884285,-1.0400608777999878,1.251023292541504,-56.98331832885742,0.09668173640966415,-0.611889123916626,1.4691683053970337,-6.723349571228027,0.020914899185299873,0.691445529460907,-1.386989951133728,-43.34608459472656,-0.16456598043441772,0.8696080446243286,-1.369157075881958,6.505410194396973
1785124224.2014482,0.028748059645295143,-1.0424927473068237,1.2489808797836304,-56.95211410522461,0.09811125695705414,-0.6087498068809509,1.4703779220581055,-6.800138473510742,0.020290391519665718,0.6912311315536499,-1.3870102167129517,-43.27824401855469,-0.16595762968063354,0.871954619884491,-1.3691909313201904,6.442390441894531
1785124224.2565525,0.026477636769413948,-1.0460171699523926,1.245036244392395,-56.89529800415039,0.10135114192962646,-0.6062242984771729,1.4734008312225342,-6.947681903839111,0.02062147483229637,0.6905005574226379,-1.3870123624801636,-43.14752197265625,-0.16917353868484497,0.8748302459716797,-1.3689061403274536,6.321787357330322
1785124224.309989,0.024753013625741005,-1.0475715398788452,1.24269700050354,-56.85338592529297,0.1048395112156868,-0.6067689657211304,1.4748353958129883,-7.071242809295654,0.021853599697351456,0.6902130246162415,-1.3869696855545044,-43.03874588012695,-0.17251113057136536,0.8748114109039307,-1.368219256401062,6.221982002258301
1785124224.3835423,0.023170601576566696,-1.0480763912200928,1.2410218715667725,-56.82296371459961,0.10728480666875839,-0.6079556941986084,1.4739657640457153,-7.161795139312744,0.022403910756111145,0.6903014183044434,-1.3872079849243164,-42.95570755004883,-0.1743331104516983,0.8730934262275696,-1.368160605430603,6.150371074676514
1785124224.4436982,0.018268708139657974,-1.0540258884429932,1.2353650331497192,-56.73305892944336,0.11085353791713715,-0.6124346852302551,1.473075032234192,-7.317235946655273,0.01790114864706993,0.6914737224578857,-1.3901973962783813,-42.773311614990234,-0.1517791450023651,0.8469103574752808,-1.3607782125473022,6.016618728637695
1785124224.4988518,0.0023891490418463945,-1.0764431953430176,1.247390866279602,-56.67702102661133,0.10966257005929947,-0.6307412385940552,1.4681824445724487,-7.4407854080200195,-0.006027191877365112,0.6932323575019836,-1.3977233171463013,-42.62823486328125,-0.0644582062959671,0.7380505204200745,-1.3693958520889282,5.881348609924316
1785124224.5503664,-0.021713491529226303,-1.1007362604141235,1.2737594842910767,-56.68363952636719,0.09823556244373322,-0.6553112268447876,1.4630120992660522,-7.488010406494141,-0.02064218372106552,0.6966332793235779,-1.3941909074783325,-42.57551193237305,-0.007876992225646973,0.6550300717353821,-1.4053152799606323,5.827777862548828
1785124224.6027608,-0.028795812278985977,-1.1018515825271606,1.2897815704345703,-56.690616607666016,0.106235072016716,-0.674574613571167,1.4711471796035767,-7.542603492736816,-0.051072899252176285,0.7219499945640564,-1.4442471265792847,-42.510948181152344,0.026783613488078117,0.6322970390319824,-1.421730399131775,5.771431922912598
1785124224.654705,-0.03406546637415886,-1.0547120571136475,1.2852764129638672,-56.69198226928711,0.11282885819673538,-0.6544010043144226,1.4804887771606445,-7.608876705169678,-0.06661490350961685,0.7152761220932007,-1.3953968286514282,-42.43336868286133,-0.0013830318348482251,0.6937795281410217,-1.4830992221832275,5.705999851226807
1785124224.7098968,-0.05849280208349228,-1.0007123947143555,1.2783883810043335,-56.62089157104492,0.09054543823003769,-0.5967200994491577,1.4878960847854614,-7.733634948730469,-0.007466960698366165,0.7104387283325195,-1.3813554048538208,-42.28437423706055,-0.03552091121673584,0.74530428647995,-1.4530137777328491,5.580006122589111
1785124224.7664917,-0.07457347959280014,-0.9589986801147461,1.2912157773971558,-56.50251007080078,0.07198591530323029,-0.5703868865966797,1.4971603155136108,-7.910559177398682,0.044934146106243134,0.6941016316413879,-1.3840988874435425,-42.097808837890625,-0.07442669570446014,0.7995087504386902,-1.4280152320861816,5.406924247741699
1785124224.8170469,-0.06929513067007065,-0.9173393845558167,1.323504090309143,-56.5330696105957,0.07948236912488937,-0.5825017094612122,1.4929481744766235,-7.977102279663086,0.05213794484734535,0.677905797958374,-1.3880780935287476,-42.078269958496094,-0.1082029864192009,0.8286064863204956,-1.4336307048797607,5.346823692321777
1785124224.8703406,-0.05252169445157051,-0.865720272064209,1.3573875427246094,-56.67928695678711,0.09339860826730728,-0.6055161952972412,1.4767976999282837,-7.959782123565674,0.04088209196925163,0.6717352867126465,-1.3917714357376099,-42.191402435302734,-0.13217248022556305,0.8334811329841614,-1.4412552118301392,5.379176616668701
1785124224.9248917,-0.030631598085165024,-0.7996603846549988,1.3831489086151123,-56.87385940551758,0.09475088864564896,-0.6336332559585571,1.4606883525848389,-7.992825984954834,0.030058788135647774,0.6737458109855652,-1.3950239419937134,-42.35494613647461,-0.148405522108078,0.8386934399604797,-1.43336021900177,5.376558303833008
1785124224.9749236,-0.01930335722863674,-0.7653238773345947,1.3932595252990723,-56.97065353393555,0.08486678451299667,-0.6445472240447998,1.4557230472564697,-8.088883399963379,0.028540002182126045,0.6761167049407959,-1.3966143131256104,-42.43427276611328,-0.1511414498090744,0.8512467741966248,-1.4212101697921753,5.30909538269043
1785124225.025094,-0.010253959335386753,-0.7574963569641113,1.3948243856430054,-56.956298828125,0.06229418143630028,-0.6446422934532166,1.4522002935409546,-8.38807201385498,0.03146809712052345,0.6745044589042664,-1.3973939418792725,-42.39754104614258,-0.14435222744941711,0.8912748098373413,-1.4019421339035034,5.052165985107422
1785124225.0799398,0.0007547021377831697,-0.7820045351982117,1.388724446296692,-56.84498596191406,0.03594307228922844,-0.643465518951416,1.4405041933059692,-8.848739624023438,0.03256739675998688,0.6715055108070374,-1.3965997695922852,-42.25944137573242,-0.1276768147945404,0.943518877029419,-1.3787314891815186,4.644631385803223
1785124225.1350372,0.017878925427794456,-0.8233152627944946,1.3802531957626343,-56.71467208862305,0.012003503739833832,-0.6584374904632568,1.417646050453186,-9.360801696777344,0.02794346772134304,0.6737744212150574,-1.3946685791015625,-42.093196868896484,-0.10548264533281326,0.9859643578529358,-1.3529198169708252,4.1939921379089355
1785124225.1866617,0.0396261028945446,-0.8643157482147217,1.3753808736801147,-56.62226867675781,-0.008378452621400356,-0.6847177147865295,1.3919951915740967,-9.815045356750488,0.026433613151311874,0.681441605091095,-1.412831425666809,-41.96491622924805,-0.08175212144851685,1.009304165840149,-1.3289602994918823,3.802222967147827
1785124225.2399771,0.07232113182544708,-0.889300525188446,1.379107117652893,-56.58290100097656,-0.0251858439296484,-0.7079809308052063,1.3783856630325317,-10.261033058166504,0.03755589947104454,0.673940122127533,-1.45539128780365,-41.88181686401367,-0.05905653163790703,1.0051548480987549,-1.2812318801879883,3.4310848712921143
1785124225.2900782,0.10007398575544357,-0.885380208492279,1.3882347345352173,-56.66009521484375,-0.03084997832775116,-0.7138639092445374,1.3744479417800903,-10.485424041748047,0.02447674423456192,0.6764644384384155,-1.4557993412017822,-41.91815948486328,-0.04974323883652687,0.9758875966072083,-1.277485966682434,3.261715888977051
1785124225.3487659,0.1269417554140091,-0.8473687171936035,1.3998855352401733,-56.92795944213867,-0.03150846064090729,-0.7057580351829529,1.3795315027236938,-10.5834379196167,-0.006433813367038965,0.7081291079521179,-1.4409663677215576,-42.13963317871094,-0.0467345304787159,0.917847216129303,-1.3116122484207153,3.216702461242676
1785124225.4020784,0.13930948078632355,-0.78675377368927,1.3992927074432373,-57.309776306152344,-0.028885064646601677,-0.6871343851089478,1.3933578729629517,-10.688819885253906,-0.04083193093538284,0.7506831288337708,-1.4278382062911987,-42.470340728759766,-0.04020186513662338,0.8402491211891174,-1.3542591333389282,3.160069704055786
1785124225.454681,0.08449641615152359,-0.7137284278869629,1.3910341262817383,-57.54400634765625,-0.013643883168697357,-0.6733832955360413,1.4087039232254028,-10.915849685668945,-0.04735521972179413,0.7719432711601257,-1.4251019954681396,-42.6772346496582,-0.03215504065155983,0.8308534622192383,-1.3787636756896973,2.9879181385040283
1785124225.5047581,0.01326640136539936,-0.6669755578041077,1.4022603034973145,-57.62022399902344,0.007304211147129536,-0.6751775741577148,1.407595157623291,-11.282296180725098,-0.029315637424588203,0.7691107392311096,-1.423937439918518,-42.73536682128906,-0.012147821485996246,0.8711400032043457,-1.3839300870895386,2.668043375015259
1785124225.5548186,-0.007249768357723951,-0.7007414698600769,1.4645122289657593,-57.650245666503906,0.019016098231077194,-0.695207417011261,1.444572925567627,-11.703781127929688,-0.012616150081157684,0.7465198636054993,-1.4250504970550537,-42.73247146606445,0.006901824381202459,0.9085296392440796,-1.3792916536331177,2.2909810543060303
1785124225.6050036,-0.004409936722368002,-0.7659273147583008,1.47300124168396,-57.669944763183594,0.0224800705909729,-0.67729651927948,1.4347864389419556,-12.140823364257812,-0.01882554404437542,0.6917184591293335,-1.4433244466781616,-42.72637176513672,0.003155915066599846,0.9101433157920837,-1.3773139715194702,1.8986101150512695
1785124225.6595323,0.0029096512589603662,-0.8149389624595642,1.4261856079101562,-57.68730163574219,0.008454432711005211,-0.6671479940414429,1.4015207290649414,-12.64655590057373,-0.018117930740118027,0.6177798509597778,-1.446997046470642,-42.722450256347656,0.0038890535943210125,0.9035761952400208,-1.3751003742218018,1.445514440536499
1785124225.7098222,0.017797471955418587,-0.8498020768165588,1.409027099609375,-57.733821868896484,-0.00847963709384203,-0.6807255744934082,1.398579478263855,-13.0722074508667,-0.007284362334758043,0.6089940071105957,-1.4422813653945923,-42.7423210144043,0.0027957989368587732,0.8997730612754822,-1.3723636865615845,1.0644707679748535
1785124225.7679687,0.03167423978447914,-0.8709167242050171,1.4121263027191162,-57.862213134765625,-0.004044541157782078,-0.6883724927902222,1.3940062522888184,-13.418729782104492,-0.004194715525954962,0.6413077712059021,-1.4289271831512451,-42.83915328979492,-0.011292751878499985,0.8836376070976257,-1.3772374391555786,0.7639540433883667
1785124225.819905,0.04077855870127678,-0.8770884275436401,1.4058191776275635,-58.03031921386719,-0.0028129168786108494,-0.6951702833175659,1.3913192749023438,-13.701945304870605,0.00030118582071736455,0.6717414259910583,-1.411224365234375,-42.96806716918945,-0.027714652940630913,0.8611667156219482,-1.3886572122573853,0.5285501480102539
1785124225.8704765,0.04244929179549217,-0.8837992548942566,1.3926680088043213,-58.1386604309082,-0.0038339539896696806,-0.6976279616355896,1.3919317722320557,-13.95211124420166,0.009154320694506168,0.6871829628944397,-1.3982226848602295,-43.035919189453125,-0.040963273495435715,0.8493032455444336,-1.3958340883255005,0.31801608204841614
1785124225.9242952,0.0382528081536293,-0.9018775224685669,1.3736605644226074,-58.20417022705078,-0.0038871229626238346,-0.6961687207221985,1.4004429578781128,-14.301021575927734,0.020323116332292557,0.6933299899101257,-1.3904787302017212,-43.04729080200195,-0.056319981813430786,0.8468202352523804,-1.3984061479568481,0.016216367483139038
1785124225.974422,0.03377551957964897,-0.9198002219200134,1.356393575668335,-58.24124526977539,-0.004169211257249117,-0.6849972009658813,1.4151577949523926,-14.67096996307373,0.027859995141625404,0.692794680595398,-1.385817050933838,-43.03147888183594,-0.06869465112686157,0.8567214012145996,-1.3968214988708496,-0.3121466338634491
1785124226.0244777,0.03294796869158745,-0.9319664835929871,1.3440189361572266,-58.30891799926758,0.0003898376307915896,-0.6680248379707336,1.4261468648910522,-15.063045501708984,0.029377926141023636,0.6914868354797363,-1.3852647542953491,-43.04557418823242,-0.08023931831121445,0.8710662722587585,-1.3952633142471313,-0.6644105315208435
1785124226.0750775,0.03589089959859848,-0.9385324716567993,1.3368098735809326,-58.411128997802734,0.010115773417055607,-0.6554247140884399,1.4316961765289307,-15.425268173217773,0.025998571887612343,0.6892690062522888,-1.3863345384597778,-43.092830657958984,-0.09153452515602112,0.8792181611061096,-1.3946117162704468,-0.9889652729034424
1785124226.1299305,0.039837587624788284,-0.9420473575592041,1.3312233686447144,-58.544654846191406,0.021875375881791115,-0.6472528576850891,1.4366551637649536,-15.785346984863281,0.022744063287973404,0.6871201992034912,-1.3879817724227905,-43.16522216796875,-0.10359763354063034,0.8794738054275513,-1.3905407190322876,-1.3099243640899658
1785124226.1803975,0.04238857701420784,-0.9425767064094543,1.3278108835220337,-58.691097259521484,0.03143033757805824,-0.6448028087615967,1.4409902095794678,-16.086698532104492,0.021708672866225243,0.6861431002616882,-1.3892908096313477,-43.256649017333984,-0.11433853954076767,0.8748218417167664,-1.3869541883468628,-1.5765188932418823
1785124226.2347872,0.04134664312005043,-0.946498453617096,1.3188869953155518,-58.81468200683594,0.03933575004339218,-0.6424758434295654,1.4467369318008423,-16.42438316345215,0.022980011999607086,0.6856614947319031,-1.3900668621063232,-43.31649398803711,-0.12536072731018066,0.8712893128395081,-1.3841509819030762,-1.87686026096344
1785124226.2848492,0.031192712485790253,-0.9368335008621216,1.3141939640045166,-58.89099884033203,0.046761780977249146,-0.6387987732887268,1.455762505531311,-16.749114990234375,0.02492224983870983,0.6875225305557251,-1.3892905712127686,-43.34075164794922,-0.1341845840215683,0.8733897805213928,-1.383892297744751,-2.1678810119628906
1785124226.334985,0.024086060002446175,-0.9302724003791809,1.3157964944839478,-58.99321746826172,0.05554870143532753,-0.6321538686752319,1.461264729499817,-17.09488296508789,0.027269747108221054,0.6875815391540527,-1.3891255855560303,-43.3850212097168,-0.14039771258831024,0.8790585994720459,-1.387110710144043,-2.480682134628296
1785124226.385077,0.021717160940170288,-0.9376997947692871,1.308963656425476,-59.092533111572266,0.05946391448378563,-0.622512936592102,1.4631754159927368,-17.47395896911621,0.027809327468276024,0.6855972409248352,-1.3893193006515503,-43.42560958862305,-0.14574363827705383,0.8860458135604858,-1.3862944841384888,-2.82712459564209
1785124226.4398577,0.021652402356266975,-0.9514567255973816,1.3006657361984253,-59.187129974365234,0.06089293956756592,-0.617579996585846,1.4657466411590576,-17.912612915039062,0.02855796553194523,0.68489009141922,-1.3892121315002441,-43.45391845703125,-0.14809255301952362,0.8931365609169006,-1.3817980289459229,-3.229735851287842
1785124226.4948251,0.024263452738523483,-0.9646775722503662,1.2954834699630737,-59.313270568847656,0.0635569840669632,-0.6208202242851257,1.4631617069244385,-18.322246551513672,0.027415145188570023,0.6862471699714661,-1.3887228965759277,-43.51253890991211,-0.14803007245063782,0.8918365240097046,-1.3785496950149536,-3.603846549987793
1785124226.5461342,0.02634217031300068,-0.976753294467926,1.2925482988357544,-59.43340301513672,0.0652935579419136,-0.6284809112548828,1.4596607685089111,-18.688581466674805,0.0258051585406065,0.6879989504814148,-1.3880527019500732,-43.57136535644531,-0.1463557928800583,0.8867616653442383,-1.3754905462265015,-3.9365243911743164
1785124226.6075466,0.025493009015917778,-0.9782425165176392,1.2922390699386597,-59.45800018310547,0.0659811720252037,-0.6308590173721313,1.458464503288269,-18.800907135009766,0.02545834891498089,0.6885115504264832,-1.3880738019943237,-43.577247619628906,-0.1454826444387436,0.8854682445526123,-1.3748831748962402,-4.038321495056152
1785124226.6594677,0.018434762954711914,-0.9776623845100403,1.2964625358581543,-59.65010070800781,0.07381460815668106,-0.6468125581741333,1.4475115537643433,-19.51412582397461,0.02375497668981552,0.6892721056938171,-1.3880032300949097,-43.645225524902344,-0.13736675679683685,0.8721643686294556,-1.3780936002731323,-4.6807708740234375
1785124226.7109985,0.015096565708518028,-0.9839606285095215,1.2940373420715332,-59.7402229309082,0.07460634410381317,-0.6514389514923096,1.4461746215820312,-19.879657745361328,0.023695988580584526,0.6897218227386475,-1.387696385383606,-43.67213439941406,-0.13296161592006683,0.8674041628837585,-1.3775906562805176,-5.010073661804199
1785124226.7649992,0.013352417387068272,-0.9982078075408936,1.2875827550888062,-59.8323860168457,0.07585861533880234,-0.6505153179168701,1.446041226387024,-20.293472290039062,0.022757405415177345,0.6908974647521973,-1.387291431427002,-43.690242767333984,-0.12715484201908112,0.8642427325248718,-1.3769015073776245,-5.385034561157227
1785124226.8153932,0.01255439966917038,-1.0158195495605469,1.278629183769226,-59.910667419433594,0.07836398482322693,-0.6489062905311584,1.4473974704742432,-20.662046432495117,0.020028527826070786,0.6923624277114868,-1.3876553773880005,-43.69869613647461,-0.11651920527219772,0.852299690246582,-1.3738044500350952,-5.723936080932617
1785124226.8665292,0.010249651968479156,-1.0380395650863647,1.2695472240447998,-59.991031646728516,0.08136369287967682,-0.6500838398933411,1.4477779865264893,-21.006166458129883,0.012717289850115776,0.6944035291671753,-1.388751745223999,-43.70760726928711,-0.09630289673805237,0.8207871317863464,-1.3758498430252075,-6.045539379119873
1785124226.9193273,0.0032448885031044483,-1.0678578615188599,1.2700738906860352,-60.107093811035156,0.08321497589349747,-0.6565117835998535,1.4509638547897339,-21.37747573852539,0.002213388215750456,0.6967899799346924,-1.3908382654190063,-43.74588394165039,-0.05648836866021156,0.7518826723098755,-1.3831132650375366,-6.409932613372803
1785124226.9752915,-0.009212014265358448,-1.0887826681137085,1.2747619152069092,-60.24045944213867,0.08090724796056747,-0.6695743203163147,1.4558537006378174,-21.67652702331543,-0.01457931101322174,0.698682963848114,-1.4088960886001587,-43.81324768066406,-0.03744108974933624,0.7101725935935974,-1.418492317199707,-6.692910194396973
1785124227.0295978,-0.012125124223530293,-1.082353949546814,1.2644516229629517,-60.347625732421875,0.08745131641626358,-0.6717801094055176,1.4735268354415894,-21.944995880126953,-0.020113008096814156,0.6821070313453674,-1.398512601852417,-43.84421920776367,-0.052512504160404205,0.7303579449653625,-1.4489014148712158,-6.942123889923096
1785124227.080604,-0.023268476128578186,-1.0693727731704712,1.2500104904174805,-60.364383697509766,0.08298126608133316,-0.6437604427337646,1.4820868968963623,-22.207975387573242,0.009978311136364937,0.6889784932136536,-1.3879660367965698,-43.78364944458008,-0.07255418598651886,0.7483821511268616,-1.4267470836639404,-7.19687557220459
1785124227.1351838,-0.031123096123337746,-1.056715488433838,1.2490347623825073,-60.37870407104492,0.0860329121351242,-0.61216801404953,1.4849939346313477,-22.477794647216797,0.035866253077983856,0.7016060948371887,-1.3828843832015991,-43.71560287475586,-0.09574024379253387,0.7701229453086853,-1.4090526103973389,-7.461638450622559
1785124227.190082,-0.03005736507475376,-1.0404878854751587,1.2677592039108276,-60.48706817626953,0.1001654714345932,-0.5992458462715149,1.4834164381027222,-22.689613342285156,0.03658662363886833,0.6996491551399231,-1.3821812868118286,-43.750038146972656,-0.11680365353822708,0.7880352735519409,-1.415878176689148,-7.667569637298584
1785124227.2451134,-0.024192065000534058,-1.0174667835235596,1.277888298034668,-60.61220932006836,0.1091885194182396,-0.6049714088439941,1.4804587364196777,-22.84465217590332,0.028613857924938202,0.6887056231498718,-1.3864185810089111,-43.803062438964844,-0.13257671892642975,0.7940834760665894,-1.4234657287597656,-7.812139511108398
1785124227.3003614,-0.017124757170677185,-0.9914966225624084,1.283637285232544,-60.729305267333984,0.1079128310084343,-0.6051219701766968,1.485621452331543,-23.057157516479492,0.025547314435243607,0.6838729977607727,-1.3899946212768555,-43.84980773925781,-0.14139477908611298,0.8073347210884094,-1.4150214195251465,-8.010552406311035
1785124227.3504617,-0.010234476067125797,-0.9705265164375305,1.2872178554534912,-60.82137680053711,0.1015695184469223,-0.5972701907157898,1.4888277053833008,-23.303003311157227,0.024719875305891037,0.6846296191215515,-1.391409993171692,-43.8795280456543,-0.14543426036834717,0.8276437520980835,-1.4039149284362793,-8.242159843444824
1785124227.4044435,-0.005756625439971685,-0.9487407803535461,1.296238899230957,-60.87173843383789,0.09663448482751846,-0.5968955755233765,1.485741138458252,-23.501924514770508,0.023131612688302994,0.6860087513923645,-1.3915431499481201,-43.87421417236328,-0.14838328957557678,0.8395570516586304,-1.4012782573699951,-8.425018310546875
1785124227.4595447,-0.003909154795110226,-0.9236969947814941,1.310357689857483,-60.880958557128906,0.08924218267202377,-0.6035846471786499,1.4814643859863281,-23.70307731628418,0.0242940541356802,0.6859193444252014,-1.3909199237823486,-43.8240966796875,-0.14964590966701508,0.8485695719718933,-1.404670000076294,-8.604375839233398
1785124227.510117,-0.0035091449972242117,-0.9047271013259888,1.3212685585021973,-60.85139846801758,0.0783417746424675,-0.6073383092880249,1.4762402772903442,-23.920705795288086,0.0282477717846632,0.6847032308578491,-1.390458106994629,-43.74324035644531,-0.14749294519424438,0.8597956895828247,-1.4063640832901,-8.799033164978027
1785124227.5648365,-0.0017280858010053635,-0.8952742218971252,1.3283740282058716,-60.78406524658203,0.06526361405849457,-0.6098129153251648,1.470165729522705,-24.194801330566406,0.031550806015729904,0.6832334399223328,-1.3901288509368896,-43.620235443115234,-0.1408129185438156,0.8730241060256958,-1.4050894975662231,-9.045304298400879
1785124227.6195877,0.003931073471903801,-0.9055968523025513,1.327520728111267,-60.68226623535156,0.0529622882604599,-0.6131598949432373,1.4634819030761719,-24.508508682250977,0.031063558533787727,0.6830481290817261,-1.3898800611495972,-43.45856857299805,-0.1299026906490326,0.8856459259986877,-1.399040937423706,-9.327625274658203
1785124227.669859,0.013957880437374115,-0.9290679097175598,1.3198996782302856,-60.57232666015625,0.043272100389003754,-0.6184011697769165,1.4566961526870728,-24.816110610961914,0.027402745559811592,0.6849406361579895,-1.3890876770019531,-43.29085159301758,-0.1176382377743721,0.8944035768508911,-1.3895862102508545,-9.60531997680664
1785124227.7254128,0.02997155487537384,-0.9671893119812012,1.3117763996124268,-60.481651306152344,0.03611898049712181,-0.6312738656997681,1.4433823823928833,-25.110986709594727,0.020740263164043427,0.6886935234069824,-1.3877464532852173,-43.13227081298828,-0.10552778840065002,0.8915225267410278,-1.3807207345962524,-9.864317893981934
1785124227.7824855,0.046070557087659836,-1.0000191926956177,1.3096874952316284,-60.44757080078125,0.02997329831123352,-0.6493801474571228,1.4305601119995117,-25.370817184448242,0.017399296164512634,0.6917358040809631,-1.3862823247909546,-43.03026580810547,-0.09544675797224045,0.8799833059310913,-1.374341607093811,-10.084331512451172
1785124227.8351455,0.06036097928881645,-1.0244539976119995,1.3013566732406616,-60.42820739746094,0.020336726680397987,-0.6667459011077881,1.4166955947875977,-25.606307983398438,0.01791488565504551,0.6924235820770264,-1.3860665559768677,-42.938236236572266,-0.08802042156457901,0.8651643991470337,-1.3709161281585693,-10.277956008911133
1785124227.8854702,0.07091623544692993,-1.0418806076049805,1.2969321012496948,-60.41716766357422,0.014618253335356712,-0.6772626042366028,1.4103792905807495,-25.80194854736328,0.019062209874391556,0.6938808560371399,-1.38515305519104,-42.85984420776367,-0.08461545407772064,0.8531184792518616,-1.3690067529678345,-10.43485164642334
1785124227.939275,0.07969748973846436,-1.0547856092453003,1.2941783666610718,-60.412567138671875,0.010254365392029285,-0.6768077611923218,1.4091218709945679,-26.058990478515625,0.019697405397892,0.6948975920677185,-1.3846510648727417,-42.780677795410156,-0.08394380658864975,0.8520140051841736,-1.3658127784729004,-10.647442817687988
1785124227.9896743,0.08531490713357925,-1.0589559078216553,1.2922837734222412,-60.426612854003906,0.007873596623539925,-0.6705310344696045,1.4101293087005615,-26.307003021240234,0.01891924813389778,0.6937199831008911,-1.3848623037338257,-42.72745895385742,-0.08634086698293686,0.8582896590232849,-1.3650399446487427,-10.855257987976074
1785124228.045872,0.08929374068975449,-1.0553420782089233,1.2906062602996826,-60.45845031738281,0.006232636049389839,-0.6639398336410522,1.4130158424377441,-26.567066192626953,0.018409917131066322,0.6916831731796265,-1.3853709697723389,-42.685298919677734,-0.09208711236715317,0.8667859435081482,-1.3650866746902466,-11.071362495422363
1785124228.0994744,0.0915728211402893,-1.043617844581604,1.2943665981292725,-60.526824951171875,0.006416417192667723,-0.6577180027961731,1.416651964187622,-26.796051025390625,0.01912686787545681,0.6906315684318542,-1.3857874870300293,-42.68882369995117,-0.09956414997577667,0.8753247261047363,-1.3639211654663086,-11.261301040649414
1785124228.150052,0.09225890040397644,-1.0226647853851318,1.3024406433105469,-60.65041732788086,0.008997436612844467,-0.6568940877914429,1.4169756174087524,-26.961915969848633,0.020231302827596664,0.689247190952301,-1.3871370553970337,-42.74907302856445,-0.10897671431303024,0.8758260607719421,-1.3672559261322021,-11.38778018951416
1785124228.2058635,0.09029633551836014,-1.0075209140777588,1.2967398166656494,-60.67857360839844,0.010924668051302433,-0.6557998657226562,1.42166006565094,-27.122312545776367,0.02155889943242073,0.6883718371391296,-1.3879382610321045,-42.71670913696289,-0.11855421215295792,0.8790783882141113,-1.3659584522247314,-11.513162612915039
1785124228.2612946,0.08499491959810257,-0.9939507246017456,1.2934569120407104,-60.6690788269043,0.019598502665758133,-0.6550868153572083,1.4350274801254272,-27.276382446289062,0.021245077252388,0.6899412870407104,-1.3878254890441895,-42.62886047363281,-0.1337597370147705,0.878804087638855,-1.3669085502624512,-11.621264457702637
1785124228.3148496,0.07943859696388245,-0.9769375324249268,1.2993412017822266,-60.717254638671875,0.02733117714524269,-0.6739540100097656,1.444351315498352,-27.294574737548828,0.022318461909890175,0.6902438998222351,-1.3875401020050049,-42.610809326171875,-0.147999569773674,0.8605653047561646,-1.3753761053085327,-11.594167709350586
1785124228.3649259,0.07427367568016052,-0.9513552188873291,1.3101764917373657,-60.8463249206543,0.031998779624700546,-0.6995007395744324,1.4439873695373535,-27.227161407470703,0.02729140594601631,0.6896512508392334,-1.3885561227798462,-42.683345794677734,-0.15707378089427948,0.8306430578231812,-1.384202003479004,-11.484867095947266
1785124228.4198627,0.06679431349039078,-0.9185441136360168,1.322975754737854,-61.02812576293945,0.03208174929022789,-0.7263115048408508,1.4414303302764893,-27.11546516418457,0.03228144720196724,0.6898154616355896,-1.3899725675582886,-42.80720901489258,-0.15506511926651,0.7945126891136169,-1.3919426202774048,-11.328958511352539
1785124228.4699478,0.05460153892636299,-0.8913324475288391,1.3373475074768066,-61.2105827331543,0.024453159421682358,-0.748283326625824,1.4387234449386597,-26.997482299804688,0.02761889062821865,0.6914439797401428,-1.3927375078201294,-42.9413948059082,-0.12506882846355438,0.7574924826622009,-1.3972667455673218,-11.174385070800781
1785124228.5200834,0.0360599048435688,-0.8675082921981812,1.356113076210022,-61.415767669677734,0.009205094538629055,-0.7700240015983582,1.4324181079864502,-26.857887268066406,0.014793538488447666,0.6937763690948486,-1.3939168453216553,-43.103965759277344,-0.0746895894408226,0.7229368090629578,-1.4067792892456055,-11.001073837280273
1785124228.5753784,0.013168977573513985,-0.8331219553947449,1.382587194442749,-61.693321228027344,-0.011450257152318954,-0.7927660346031189,1.4218714237213135,-26.652891159057617,0.012185844592750072,0.6971331834793091,-1.38727605342865,-43.34193801879883,-0.05060328543186188,0.7114960551261902,-1.450466513633728,-10.756321907043457
1785124228.6297612,0.008373098447918892,-0.7781937718391418,1.400719404220581,-61.93990707397461,-0.01446229126304388,-0.796148419380188,1.4245108366012573,-26.46298599243164,0.02674063853919506,0.7685210108757019,-1.4257639646530151,-43.528804779052734,-0.03445866331458092,0.7050986289978027,-1.457796573638916,-10.531271934509277
1785124228.679919,0.0032970537431538105,-0.7109384536743164,1.4087342023849487,-62.14854049682617,-0.017576683312654495,-0.7842714190483093,1.4272980690002441,-26.289833068847656,0.03654288128018379,0.8209181427955627,-1.4105756282806396,-43.69558334350586,-0.020446984097361565,0.6902315616607666,-1.4211057424545288,-10.329920768737793
1785124228.7300403,0.00150077894795686,-0.6561830639839172,1.412022352218628,-62.36128234863281,-0.020019149407744408,-0.7843588590621948,1.4269614219665527,-26.098976135253906,0.040540773421525955,0.8709262609481812,-1.4014840126037598,-43.867000579833984,-0.012344246730208397,0.6768389940261841,-1.4084187746047974,-10.115021705627441
1785124228.7803018,0.0055844346061348915,-0.643504798412323,1.4165045022964478,-62.60636901855469,-0.022639276459813118,-0.7996722459793091,1.4231079816818237,-25.877546310424805,0.041898686438798904,0.9186046123504639,-1.3953659534454346,-44.06517028808594,-0.007466210052371025,0.660034716129303,-1.4150062799453735,-9.870489120483398
1785124228.830335,0.008362718857824802,-0.6580118536949158,1.4091811180114746,-62.856910705566406,-0.027822965756058693,-0.8175413608551025,1.415701150894165,-25.654380798339844,0.04245080053806305,0.9516335129737854,-1.3767565488815308,-44.26563262939453,-0.0037183540407568216,0.6465427875518799,-1.4209887981414795,-9.622986793518066
1785124228.8851142,0.009996523149311543,-0.6841917634010315,1.3937309980392456,-63.10612106323242,-0.038937702775001526,-0.8315367102622986,1.408218264579773,-25.440752029418945,0.04117625951766968,0.9704106450080872,-1.3482781648635864,-44.4542350769043,-0.0010739483404904604,0.646550714969635,-1.4233146905899048,-9.380528450012207
1785124228.9355357,0.013472811318933964,-0.701758086681366,1.3835911750793457,-63.301727294921875,-0.052355024963617325,-0.8391437530517578,1.4033209085464478,-25.281532287597656,0.03977547585964203,0.9781639575958252,-1.3275376558303833,-44.58987045288086,0.00322583201341331,0.6526848077774048,-1.4259907007217407,-9.194784164428711
1785124228.9892287,0.020402817055583,-0.7060149312019348,1.38058602809906,-63.47882843017578,-0.07000903785228729,-0.8425888419151306,1.4002224206924438,-25.146997451782227,0.0374530628323555,0.9817786812782288,-1.3165212869644165,-44.698692321777344,0.009755894541740417,0.6524001955986023,-1.4309732913970947,-9.031423568725586
1785124229.0392606,0.02445460483431816,-0.697144627571106,1.3835840225219727,-63.61888885498047,-0.08662232756614685,-0.8440060019493103,1.3996014595031738,-25.046689987182617,0.0364263541996479,0.9825809001922607,-1.313605785369873,-44.776832580566406,0.01899048313498497,0.6474578380584717,-1.4375196695327759,-8.903520584106445
1785124229.0893788,0.025153210386633873,-0.6864098906517029,1.3878294229507446,-63.73860549926758,-0.10302174091339111,-0.842981219291687,1.3996460437774658,-24.96673583984375,0.03679358586668968,0.9796830415725708,-1.3137495517730713,-44.83597183227539,0.03037039376795292,0.644916296005249,-1.4439095258712769,-8.795088768005371
1785124229.1454961,0.02452504262328148,-0.6817971467971802,1.390472173690796,-63.86268997192383,-0.11957266181707382,-0.8412232398986816,1.3978352546691895,-24.887069702148438,0.0377933531999588,0.9727451205253601,-1.3127038478851318,-44.89430236816406,0.043214812874794006,0.6417034268379211,-1.4498019218444824,-8.684758186340332
1785124229.1997588,0.023972420021891594,-0.684185266494751,1.3903650045394897,-63.983943939208984,-0.13291022181510925,-0.8422951698303223,1.3953768014907837,-24.80754852294922,0.03772442787885666,0.9657561779022217,-1.308555245399475,-44.955726623535156,0.052943579852581024,0.6364315152168274,-1.4556114673614502,-8.57813835144043
1785124229.254843,0.0240109171718359,-0.6885370016098022,1.3890641927719116,-64.14482879638672,-0.14565598964691162,-0.8495352864265442,1.3932137489318848,-24.695789337158203,0.03598065674304962,0.961667001247406,-1.2999640703201294,-45.04877471923828,0.060566823929548264,0.6265379190444946,-1.4640759229660034,-8.437503814697266
1785124229.3055482,0.024798057973384857,-0.6900497078895569,1.3883966207504272,-64.31578826904297,-0.15552102029323578,-0.8601457476615906,1.390686273574829,-24.571969985961914,0.034487035125494,0.9657204747200012,-1.2895036935806274,-45.15578842163086,0.06494312733411789,0.6143772006034851,-1.4728219509124756,-8.28824234008789
1785124229.356308,0.02554669976234436,-0.6894165873527527,1.3881852626800537,-64.47123718261719,-0.16225937008857727,-0.8702774047851562,1.3874858617782593,-24.456157684326172,0.03340146318078041,0.9727458953857422,-1.279892921447754,-45.25840377807617,0.0674385279417038,0.6053313612937927,-1.4793590307235718,-8.152067184448242
1785124229.4078407,0.02564334124326706,-0.6880431175231934,1.3882395029067993,-64.68939208984375,-0.17045141756534576,-0.8815506100654602,1.382188081741333,-24.294095993041992,0.03367834538221359,0.9853959083557129,-1.2686641216278076,-45.40167236328125,0.07190316915512085,0.5983562469482422,-1.4845088720321655,-7.9615864753723145
1785124229.4590127,0.024579638615250587,-0.6878039240837097,1.3880224227905273,-64.88999938964844,-0.17789019644260406,-0.8857408761978149,1.3774299621582031,-24.15019416809082,0.034871943295001984,0.9956997036933899,-1.2631425857543945,-45.52687072753906,0.07925780117511749,0.5994635820388794,-1.483627200126648,-7.788466930389404
1785124229.509081,0.02383226901292801,-0.6882796287536621,1.3879681825637817,-65.05123901367188,-0.18310658633708954,-0.8831189274787903,1.3749628067016602,-24.040300369262695,0.037162575870752335,1.0032380819320679,-1.2611668109893799,-45.618289947509766,0.08704160153865814,0.606670618057251,-1.4784560203552246,-7.65062952041626
1785124229.559801,0.02259821631014347,-0.6890108585357666,1.3895761966705322,-65.20637512207031,-0.172820046544075,-0.8665847778320312,1.3687388896942139,-23.931257247924805,0.03829464688897133,1.0118955373764038,-1.2589592933654785,-45.7025146484375,0.09142447263002396,0.6171672344207764,-1.4721871614456177,-7.516897678375244
1785124229.6148663,0.008103310130536556,-0.690277636051178,1.397038459777832,-65.37911987304688,-0.10234194993972778,-0.7877147197723389,1.3592627048492432,-23.779706954956055,0.03159468248486519,1.0331683158874512,-1.260028600692749,-45.79638671875,0.08856233954429626,0.6325429677963257,-1.4625167846679688,-7.3648481369018555
1785124229.6658235,-0.016980057582259178,-0.6941418051719666,1.3963873386383057,-65.50843811035156,-0.021760739386081696,-0.6809815764427185,1.3929294347763062,-23.65036964416504,0.011138792149722576,1.067847490310669,-1.2783286571502686,-45.857025146484375,0.07908430695533752,0.648971676826477,-1.45487380027771,-7.246976852416992
1785124229.7196517,-0.039655737578868866,-0.7152073383331299,1.4379010200500488,-65.6128921508789,0.02560417726635933,-0.62802654504776,1.4205859899520874,-23.547636032104492,-0.007803669665008783,1.090511679649353,-1.2991232872009277,-45.888057708740234,0.07495692372322083,0.6686350107192993,-1.4582324028015137,-7.148989200592041
1785124229.7697392,-0.06487001478672028,-0.7134830355644226,1.4193590879440308,-65.69759368896484,0.009930226020514965,-0.6798905730247498,1.4838669300079346,-23.473285675048828,-0.009001584723591805,1.0634173154830933,-1.2983812093734741,-45.902198791503906,0.08636607229709625,0.6629392504692078,-1.4739141464233398,-7.070884704589844
1785124229.8246655,-0.030355583876371384,-0.7058665156364441,1.3839484453201294,-65.85990142822266,-0.019404225051403046,-0.737351655960083,1.4704241752624512,-23.332050323486328,-0.02733432874083519,1.0140228271484375,-1.2856754064559937,-45.98465347290039,0.0720413327217102,0.6096750497817993,-1.4860122203826904,-6.9309844970703125
1785124229.880503,0.0307256281375885,-0.6991294622421265,1.3836605548858643,-66.0947494506836,-0.05635455995798111,-0.7922598123550415,1.4307094812393188,-23.131057739257812,-0.04806995019316673,0.9766180515289307,-1.2833285331726074,-46.145301818847656,0.04990186542272568,0.567608654499054,-1.4951937198638916,-6.726627349853516
1785124229.9350839,0.04973430186510086,-0.6842218637466431,1.3872158527374268,-66.20610809326172,-0.0960155799984932,-0.822062611579895,1.4292552471160889,-23.055767059326172,-0.04742774739861488,0.9409339427947998,-1.3098852634429932,-46.195960998535156,0.055694445967674255,0.5762187838554382,-1.494204044342041,-6.648090839385986
1785124229.9851797,0.040397316217422485,-0.6752647757530212,1.3906726837158203,-66.15521240234375,-0.12671279907226562,-0.8181432485580444,1.4417227506637573,-23.138282775878906,-0.030886173248291016,0.8958082795143127,-1.3455232381820679,-46.10247039794922,0.07590548694133759,0.6048392653465271,-1.4758738279342651,-6.721555709838867
1785124230.0352683,0.03144531697034836,-0.6748462915420532,1.393837809562683,-66.11028289794922,-0.14608772099018097,-0.8046159148216248,1.4410849809646606,-23.24885368347168,-0.011964840814471245,0.8505271673202515,-1.3679696321487427,-46.019100189208984,0.08680320531129837,0.6345196962356567,-1.459754228591919,-6.8141374588012695
1785124230.0855181,0.03080584853887558,-0.6779420375823975,1.394995927810669,-66.18462371826172,-0.152373269200325,-0.8107259273529053,1.4285824298858643,-23.255870819091797,-3.10474461002741e-05,0.8267618417739868,-1.3747237920761108,-46.055904388427734,0.08132666349411011,0.6469484567642212,-1.4569671154022217,-6.796018123626709
1785124230.1396265,0.033247802406549454,-0.6791286468505859,1.3941751718521118,-66.45378112792969,-0.14705601334571838,-0.8446994423866272,1.4133096933364868,-23.118989944458008,0.005510041955858469,0.8367177248001099,-1.364331603050232,-46.27870178222656,0.06410310417413712,0.6370823383331299,-1.4599692821502686,-6.6268134117126465
1785124230.190729,0.032009076327085495,-0.6802914142608643,1.3922278881072998,-66.78050231933594,-0.13579297065734863,-0.8930773138999939,1.3952550888061523,-22.859420776367188,0.01041482575237751,0.8644633889198303,-1.3464784622192383,-46.56134796142578,0.044328976422548294,0.6220812797546387,-1.461609959602356,-6.329196929931641
1785124230.245385,0.025026872754096985,-0.6834573745727539,1.3905285596847534,-67.15225219726562,-0.12122084200382233,-0.937457799911499,1.3733243942260742,-22.552656173706055,0.022591818124055862,0.9011199474334717,-1.3258627653121948,-46.87760543823242,0.028362149372696877,0.6195186972618103,-1.4560350179672241,-5.979188442230225
1785124230.3001554,0.016681941226124763,-0.68790203332901,1.3883271217346191,-67.45849609375,-0.10888947546482086,-0.9594547152519226,1.3552818298339844,-22.311811447143555,0.04076762869954109,0.9374394416809082,-1.3191584348678589,-47.12324523925781,0.019052287563681602,0.6372467279434204,-1.436064600944519,-5.688525676727295
1785124230.3510337,0.014986038208007812,-0.6901972889900208,1.386918067932129,-67.66976165771484,-0.09957754611968994,-0.9619316458702087,1.3432196378707886,-22.160093307495117,0.06023002043366432,0.9634633660316467,-1.3203909397125244,-47.2761116027832,0.00833646859973669,0.6660086512565613,-1.4099591970443726,-5.483742713928223
1785124230.4069939,0.019516751170158386,-0.6903713345527649,1.3863539695739746,-67.85469818115234,-0.09040911495685577,-0.9539457559585571,1.3321442604064941,-22.040281295776367,0.0830005407333374,0.9839411973953247,-1.3225853443145752,-47.393978118896484,-0.011200853623449802,0.6959026455879211,-1.3865983486175537,-5.300022602081299
1785124230.4595587,0.02145974338054657,-0.689537763595581,1.3967951536178589,-68.00992584228516,-0.0802881196141243,-0.9425250291824341,1.3278918266296387,-21.945688247680664,0.10699708014726639,0.996934175491333,-1.3249527215957642,-47.48273849487305,-0.030590347945690155,0.7069600224494934,-1.3786944150924683,-5.14175271987915
1785124230.512175,0.012693746946752071,-0.6867645978927612,1.408515214920044,-68.11746215820312,-0.06282443553209305,-0.905170738697052,1.3283660411834717,-21.884033203125,0.12791448831558228,0.9995787739753723,-1.3308374881744385,-47.52779769897461,-0.034784432500600815,0.6980313658714294,-1.381747841835022,-5.0343780517578125
1785124230.5649302,-0.010511768981814384,-0.6939058899879456,1.4176969528198242,-68.18915557861328,-0.03545447811484337,-0.8124049305915833,1.3533052206039429,-21.842836380004883,0.14432086050510406,0.9947056770324707,-1.3415580987930298,-47.529422760009766,-0.0316818431019783,0.6848850846290588,-1.3892542123794556,-4.964818477630615
1785124230.6196342,-0.036102816462516785,-0.7056437134742737,1.4225369691848755,-68.25381469726562,-0.017841961234807968,-0.7261685132980347,1.3904162645339966,-21.80464744567871,0.15543287992477417,0.9841375946998596,-1.3548051118850708,-47.52275466918945,-0.02668818272650242,0.6727078557014465,-1.3972702026367188,-4.903720378875732
1785124230.6746733,-0.049988146871328354,-0.7047858834266663,1.4095909595489502,-68.37034606933594,-0.022837800905108452,-0.7503623962402344,1.414385199546814,-21.724342346191406,0.15815991163253784,0.9673388600349426,-1.3614071607589722,-47.56891632080078,-0.03014484792947769,0.6603088974952698,-1.4014923572540283,-4.789065361022949
1785124230.7247834,-0.04028482735157013,-0.6932365894317627,1.3994330167770386,-68.6060562133789,-0.02798781916499138,-0.8123466372489929,1.4060686826705933,-21.522872924804688,0.14835484325885773,0.9617151618003845,-1.3543753623962402,-47.73639678955078,-0.039827246218919754,0.6596709489822388,-1.3994336128234863,-4.554426193237305
1785124230.779703,-0.013248602859675884,-0.6843023896217346,1.3999110460281372,-68.98902130126953,-0.039290521293878555,-0.8870015740394592,1.3594167232513428,-21.191553115844727,0.12513186037540436,0.9714022874832153,-1.3413060903549194,-48.0483283996582,-0.0418446846306324,0.6740358471870422,-1.3918436765670776,-4.171012878417969
1785124230.8357291,-0.002382321748882532,-0.67889004945755,1.4032634496688843,-69.38458251953125,-0.044750113040208817,-0.9334504008293152,1.3212093114852905,-20.847915649414062,0.10097081959247589,0.9838360548019409,-1.3294525146484375,-48.376625061035156,-0.026092302054166794,0.6972275972366333,-1.3833112716674805,-3.7727737426757812
1785124230.8881836,-0.01044515147805214,-0.679297924041748,1.401883602142334,-69.67188262939453,-0.03846191614866257,-0.9409003257751465,1.3218523263931274,-20.612876892089844,0.08029850572347641,0.9873679876327515,-1.3302578926086426,-48.6046257019043,-0.012215731665492058,0.7081344723701477,-1.3805080652236938,-3.4831418991088867
1785124230.939057,-0.014386765658855438,-0.6870511174201965,1.395648717880249,-69.92916107177734,-0.035482969135046005,-0.9568899869918823,1.3279060125350952,-20.425172805786133,0.06365887820720673,0.9766516089439392,-1.3345216512680054,-48.79612731933594,-0.007107475772500038,0.6993081569671631,-1.3842601776123047,-3.225433111190796
1785124230.9897525,-0.005368913523852825,-0.6935060024261475,1.3910729885101318,-70.1274642944336,-0.052209414541721344,-0.9942206740379333,1.3225898742675781,-20.29613494873047,0.05445437878370285,0.9539685845375061,-1.3321313858032227,-48.936302185058594,-0.006516609340906143,0.6754422187805176,-1.4014538526535034,-3.0350711345672607
1785124231.0450482,0.006864212919026613,-0.6923116445541382,1.3882219791412354,-70.27369689941406,-0.07709924131631851,-1.0255893468856812,1.3240026235580444,-20.22068214416504,0.05059557035565376,0.9195594787597656,-1.3345457315444946,-49.02396011352539,-0.007815047167241573,0.6619793176651001,-1.4025439023971558,-2.8939566612243652
1785124231.1003451,0.0003056407440453768,-0.7238779664039612,1.377172589302063,-70.3310775756836,-0.09476370364427567,-1.0389779806137085,1.3295952081680298,-20.22284507751465,0.0487440750002861,0.8633471727371216,-1.3438630104064941,-49.048580169677734,-0.008106568828225136,0.6738085746765137,-1.4004716873168945,-2.830655097961426
1785124231.1513245,-0.004678111057728529,-0.7576667070388794,1.3725063800811768,-70.39545440673828,-0.09865045547485352,-1.0462857484817505,1.327300786972046,-20.212696075439453,0.033282700926065445,0.7594592571258545,-1.3623301982879639,-49.116355895996094,-0.002749401144683361,0.6844041347503662,-1.4052075147628784,-2.7611947059631348
1785124231.2067654,-0.00590509781613946,-0.7863892912864685,1.4005354642868042,-70.50421905517578,-0.08992448449134827,-1.0513972043991089,1.323131799697876,-20.132524490356445,0.022952061146497726,0.6620195508003235,-1.3980907201766968,-49.2728157043457,0.00673586456105113,0.6854286789894104,-1.408275842666626,-2.6145036220550537
1785124231.2599063,-0.002847641706466675,-0.7589283585548401,1.4072681665420532,-70.74297332763672,-0.07509101182222366,-1.0497736930847168,1.315848708152771,-19.930919647216797,0.016809696331620216,0.6563511490821838,-1.404976725578308,-49.5534553527832,0.001909400220029056,0.6878108978271484,-1.4020812511444092,-2.3423984050750732
1785124231.314485,0.011187618598341942,-0.7270190119743347,1.4607813358306885,-71.04692840576172,-0.05238589271903038,-1.0395352840423584,1.3021442890167236,-19.64101791381836,0.027042793110013008,0.742051362991333,-1.4197877645492554,-49.890777587890625,-0.002121167490258813,0.6941131353378296,-1.394135594367981,-1.9813612699508667
1785124231.369931,0.013157831504940987,-0.6660224795341492,1.4711098670959473,-71.3304443359375,-0.03135448694229126,-1.004066824913025,1.2870149612426758,-19.375961303710938,0.05138324946165085,0.8528392910957336,-1.410954236984253,-50.18868637084961,-0.011992544867098331,0.6999629139900208,-1.3814446926116943,-1.6427695751190186
1785124231.419961,-0.007284742314368486,-0.6205707788467407,1.4472696781158447,-71.51502227783203,-0.020651226863265038,-0.953961968421936,1.306718111038208,-19.229354858398438,0.0750979334115982,0.911109447479248,-1.3829402923583984,-50.3425407409668,-0.023297570645809174,0.7022344470024109,-1.3809820413589478,-1.440285325050354
1785124231.4700465,-0.021134410053491592,-0.6264526844024658,1.4353272914886475,-71.59366607666016,-0.0247309859842062,-0.9060170650482178,1.3375897407531738,-19.18739128112793,0.0989299938082695,0.9433217644691467,-1.3707948923110962,-50.378807067871094,-0.023899385705590248,0.6905312538146973,-1.3869194984436035,-1.3477073907852173
1785124231.520457,-0.02034463733434677,-0.6504729390144348,1.4277782440185547,-71.5816421508789,-0.03692501410841942,-0.8524971008300781,1.3667501211166382,-19.221710205078125,0.11859745532274246,0.9560706615447998,-1.3683409690856934,-50.324493408203125,-0.022822855040431023,0.6755322217941284,-1.393107295036316,-1.3462865352630615
1785124231.5705514,-0.013163089752197266,-0.6666030883789062,1.4166185855865479,-71.57074737548828,-0.05095566436648369,-0.8027196526527405,1.3878278732299805,-19.254932403564453,0.13289985060691833,0.9609677195549011,-1.3634315729141235,-50.261077880859375,-0.02530646324157715,0.6682644486427307,-1.397973656654358,-1.3477141857147217
1785124231.6245916,0.0010579315712675452,-0.6755926609039307,1.4062741994857788,-71.64596557617188,-0.06588418036699295,-0.7746050357818604,1.401240587234497,-19.19902229309082,0.13981975615024567,0.9738756418228149,-1.3540940284729004,-50.27461242675781,-0.030499452725052834,0.6682099103927612,-1.3982993364334106,-1.2651913166046143
1785124231.6787353,0.015335563570261002,-0.6810235977172852,1.395918607711792,-71.78179168701172,-0.07697740197181702,-0.7737627029418945,1.406995177268982,-19.084394454956055,0.13823449611663818,0.9910849332809448,-1.3473747968673706,-50.34865951538086,-0.03358421474695206,0.6710779666900635,-1.39651620388031,-1.1258876323699951
1785124231.7305942,0.027031078934669495,-0.6894353032112122,1.386769413948059,-71.9439697265625,-0.08467254042625427,-0.7891319990158081,1.4059169292449951,-18.945749282836914,0.1308239847421646,1.007495403289795,-1.3387714624404907,-50.45762634277344,-0.03484421595931053,0.6733430027961731,-1.3946714401245117,-0.9637945294380188
1785124231.7830422,0.03269808739423752,-0.697050929069519,1.3824390172958374,-72.16055297851562,-0.09219955652952194,-0.8161504864692688,1.3979068994522095,-18.758106231689453,0.11919042468070984,1.0235249996185303,-1.3202381134033203,-50.619876861572266,-0.03721699118614197,0.675091564655304,-1.419766902923584,-0.7547457218170166
1785124231.8441818,0.02837282419204712,-0.6986833214759827,1.3820695877075195,-72.45854187011719,-0.10305751860141754,-0.8495734333992004,1.3871030807495117,-18.501806259155273,0.10570970177650452,1.0302658081054688,-1.278570294380188,-50.84675979614258,-0.03999371826648712,0.6494477391242981,-1.4532310962677002,-0.4710037410259247
1785124231.8943713,0.021607015281915665,-0.6983624696731567,1.3832941055297852,-72.6835708618164,-0.11274131387472153,-0.8698011040687561,1.3864402770996094,-18.3197021484375,0.08238224685192108,0.9893932342529297,-1.280310869216919,-51.01731872558594,-0.022716257721185684,0.6316676139831543,-1.4696643352508545,-0.2577177584171295
1785124231.9456842,0.01646205224096775,-0.6949588656425476,1.3867124319076538,-72.76062774658203,-0.12285792827606201,-0.8670576810836792,1.3991848230361938,-18.27800750732422,0.05621909722685814,0.9085681438446045,-1.3149902820587158,-51.05757141113281,0.005595277529209852,0.6390233635902405,-1.4692336320877075,-0.18675674498081207
1785124231.9963603,0.015591072849929333,-0.6903749704360962,1.3909196853637695,-72.80197143554688,-0.1320863962173462,-0.8596264123916626,1.4090805053710938,-18.266666412353516,0.035429514944553375,0.8259366154670715,-1.349137544631958,-51.07844924926758,0.027089785784482956,0.6490433216094971,-1.4650981426239014,-0.15264324843883514
1785124232.0477135,0.023173147812485695,-0.6733882427215576,1.3994754552841187,-72.9128646850586,-0.1496657133102417,-0.8364128470420837,1.430222988128662,-18.26664924621582,0.006134453695267439,0.7013932466506958,-1.402623176574707,-51.163272857666016,0.05091220512986183,0.6767929196357727,-1.4601397514343262,-0.10376568138599396
1785124232.0992534,0.041627075523138046,-0.6583424210548401,1.400833249092102,-73.19192504882812,-0.14670106768608093,-0.8284561038017273,1.4408800601959229,-18.154722213745117,-0.0007648082100786269,0.7572628855705261,-1.4173558950424194,-51.39606857299805,0.05076343193650246,0.676322340965271,-1.4503765106201172,0.048964906483888626
1785124232.1516993,0.05279802158474922,-0.663516104221344,1.393853783607483,-73.62462615966797,-0.1278674453496933,-0.8437578678131104,1.432465672492981,-17.889076232910156,-0.002916505094617605,0.8543869853019714,-1.393386721611023,-51.78672409057617,0.04175855964422226,0.6444836854934692,-1.4362454414367676,0.34706124663352966
1785124232.2057333,0.04364427924156189,-0.6858092546463013,1.3843101263046265,-74.18472290039062,-0.09691791236400604,-0.8708765506744385,1.4072518348693848,-17.50009536743164,0.0059565287083387375,0.949379026889801,-1.3333542346954346,-52.283267974853516,0.02342463843524456,0.6300881505012512,-1.4368889331817627,0.7755855321884155
1785124232.256814,0.01896074414253235,-0.706134557723999,1.379317045211792,-74.63811492919922,-0.07178261131048203,-0.8917734622955322,1.3783363103866577,-17.137775421142578,0.020165948197245598,1.0118677616119385,-1.285435676574707,-52.670082092285156,0.020259708166122437,0.631909191608429,-1.4400380849838257,1.1714437007904053
1785124232.3099687,-0.004466549959033728,-0.7128439545631409,1.3796288967132568,-75.001220703125,-0.05518264323472977,-0.8940626382827759,1.3595722913742065,-16.86035919189453,0.036030665040016174,1.058028221130371,-1.2612284421920776,-52.9516716003418,0.02942694164812565,0.6380970478057861,-1.4379663467407227,1.4838529825210571
1785124232.3656225,-0.010766266845166683,-0.7035682797431946,1.386605143547058,-75.23210144042969,-0.05485391244292259,-0.8799318075180054,1.3538345098495483,-16.680721282958984,0.04939805343747139,1.0970371961593628,-1.2580490112304688,-53.10148620605469,0.03471694141626358,0.6503942012786865,-1.4289151430130005,1.7036244869232178
1785124232.4196138,-0.014787356369197369,-0.6842057704925537,1.3976303339004517,-75.3653793334961,-0.0625685378909111,-0.8504356741905212,1.3593217134475708,-16.61707305908203,0.06199124827980995,1.1240605115890503,-1.27089524269104,-53.16256332397461,0.045369528234004974,0.6735550165176392,-1.4175810813903809,1.808790922164917
1785124232.470037,-0.011443424969911575,-0.677329957485199,1.4006766080856323,-75.4621810913086,-0.06744322180747986,-0.8130269050598145,1.3616750240325928,-16.61136817932129,0.06914351880550385,1.1376043558120728,-1.2783068418502808,-53.203189849853516,0.054162800312042236,0.6926868557929993,-1.4094079732894897,1.842849850654602
1785124232.5249057,-0.014800315722823143,-0.6769096851348877,1.411232829093933,-75.60460662841797,-0.05131019651889801,-0.7245838642120361,1.373793363571167,-16.59588623046875,0.06747032701969147,1.1533516645431519,-1.2821546792984009,-53.28327941894531,0.06312751024961472,0.7140898108482361,-1.4071621894836426,1.8717780113220215
1785124232.5755746,-0.029349228367209435,-0.6740462779998779,1.4164884090423584,-75.7650375366211,-0.0314045175909996,-0.6638783812522888,1.3982129096984863,-16.547550201416016,0.05473005771636963,1.1648685932159424,-1.2855654954910278,-53.39278793334961,0.061927810311317444,0.7263591289520264,-1.428748607635498,1.9308527708053589
1785124232.6309903,-0.036764439195394516,-0.674750804901123,1.4156569242477417,-75.9881591796875,-0.01678507961332798,-0.6586898565292358,1.4041959047317505,-16.448772430419922,0.036547690629959106,1.159242033958435,-1.2745115756988525,-53.55677795410156,0.056419502943754196,0.7169877290725708,-1.4584639072418213,2.0377442836761475
1785124232.685048,-0.038252200931310654,-0.6833456158638,1.4133232831954956,-76.22490692138672,-0.014589279890060425,-0.6903600692749023,1.3953028917312622,-16.34048843383789,0.023766454309225082,1.1323899030685425,-1.2567417621612549,-53.72478485107422,0.06003940477967262,0.6885369420051575,-1.472220540046692,2.149632692337036
1785124232.7405653,-0.028420770540833473,-0.6981611847877502,1.3885945081710815,-76.39909362792969,-0.048449620604515076,-0.7578751444816589,1.4503462314605713,-16.319355010986328,0.01092677004635334,1.0825296640396118,-1.2587674856185913,-53.821624755859375,0.06546223908662796,0.649807870388031,-1.4731531143188477,2.186180353164673
1785124232.7964938,0.01941068284213543,-0.7102200984954834,1.3776997327804565,-76.6111831665039,-0.08555783331394196,-0.7958137392997742,1.4314435720443726,-16.33002281188965,-0.006391935050487518,1.028549313545227,-1.266406774520874,-53.953189849853516,0.06114763021469116,0.6007564663887024,-1.4731582403182983,2.185105085372925
1785124232.8543618,0.04687102884054184,-0.6992692351341248,1.3819998502731323,-76.8594741821289,-0.11919595301151276,-0.8207820057868958,1.4119348526000977,-16.379989624023438,-0.014839962124824524,0.9872602224349976,-1.280640959739685,-54.12795639038086,0.06345898658037186,0.5877360701560974,-1.4788590669631958,2.1479549407958984
1785124232.9048064,0.04103318974375725,-0.6806978583335876,1.389758586883545,-77.0688247680664,-0.14631158113479614,-0.8299033045768738,1.412787675857544,-16.533292770385742,-0.008817718364298344,0.9503549337387085,-1.3035473823547363,-54.27363204956055,0.08153102546930313,0.5992170572280884,-1.4813082218170166,2.0060782432556152
1785124232.9587193,0.02777836285531521,-0.6731716394424438,1.3950507640838623,-77.24942779541016,-0.16367125511169434,-0.8303221464157104,1.4143296480178833,-16.715734481811523,0.0008818486239761114,0.9193974733352661,-1.3217333555221558,-54.402095794677734,0.09956420212984085,0.6058547496795654,-1.4780915975570679,1.8392486572265625
1785124233.0098243,0.022268952801823616,-0.6750810742378235,1.3965586423873901,-77.52630615234375,-0.1741677224636078,-0.8410624265670776,1.4072844982147217,-16.84520149230957,0.006372254341840744,0.8980879187583923,-1.3253180980682373,-54.622779846191406,0.10467466711997986,0.6065928936004639,-1.4791383743286133,1.7341128587722778
1785124233.059958,0.024496734142303467,-0.6790333390235901,1.394635796546936,-77.79185485839844,-0.177052840590477,-0.8586118817329407,1.3993316888809204,-16.874799728393555,0.006617229897528887,0.8953521251678467,-1.3208272457122803,-54.848052978515625,0.09911136329174042,0.6043265461921692,-1.481703519821167,1.724413514137268
1785124233.1102536,0.028715409338474274,-0.6829422116279602,1.3923652172088623,-78.13623809814453,-0.17676793038845062,-0.8916501402854919,1.3881914615631104,-16.80681800842285,0.004969683941453695,0.8883655071258545,-1.3204869031906128,-55.153018951416016,0.0869467481970787,0.6013429760932922,-1.4829140901565552,1.8228107690811157
1785124233.1602619,0.03138592094182968,-0.6826626658439636,1.391113519668579,-78.54451751708984,-0.17223890125751495,-0.9273217916488647,1.3788868188858032,-16.693925857543945,0.005851474590599537,0.8742336630821228,-1.327010154724121,-55.51918411254883,0.07407886534929276,0.6056786775588989,-1.4768224954605103,1.9714806079864502
1785124233.210325,0.031149517744779587,-0.6800537109375,1.3914971351623535,-78.94774627685547,-0.16378973424434662,-0.9567142128944397,1.36884343624115,-16.55724334716797,0.009508856572210789,0.8578597903251648,-1.3361189365386963,-55.88126754760742,0.05960869416594505,0.6228209733963013,-1.4575070142745972,2.1533877849578857
1785124233.2720637,0.030095549300312996,-0.6789231300354004,1.3919928073883057,-79.39998626708984,-0.14876483380794525,-0.9795659184455872,1.3540005683898926,-16.398784637451172,0.015896407887339592,0.8468796610832214,-1.3454464673995972,-56.28692626953125,0.043643973767757416,0.6503123044967651,-1.4337149858474731,2.3686184883117676
1785124233.3255475,0.02860928513109684,-0.6803438067436218,1.3913402557373047,-79.8606185913086,-0.12772183120250702,-0.9939426183700562,1.3357897996902466,-16.233400344848633,0.027062762528657913,0.8729960322380066,-1.3421008586883545,-56.688838958740234,0.02761673741042614,0.6747508645057678,-1.4117103815078735,2.5979034900665283
1785124233.376211,0.025203511118888855,-0.6843618154525757,1.389078974723816,-80.2247085571289,-0.10796239972114563,-1.0011245012283325,1.3196048736572266,-16.091915130615234,0.04300278425216675,0.9217806458473206,-1.3329486846923828,-57.00186538696289,0.010234239511191845,0.6888449788093567,-1.3972282409667969,2.79663348197937
1785124233.4343834,0.022001367062330246,-0.6907033324241638,1.4043676853179932,-80.62337493896484,-0.08327727019786835,-1.0033860206604004,1.3056660890579224,-15.938277244567871,0.06915263086557388,0.9727458357810974,-1.3217980861663818,-57.33942794799805,-0.01085298415273428,0.6967973113059998,-1.3852720260620117,3.022061586380005
1785124233.4865744,0.02243576943874359,-0.6784766316413879,1.4273451566696167,-80.86880493164062,-0.06604475528001785,-0.9812960624694824,1.2951428890228271,-15.912433624267578,0.1015913188457489,0.9952903985977173,-1.331552267074585,-57.52251052856445,-0.025493530556559563,0.695427656173706,-1.3820921182632446,3.1164567470550537
1785124233.5377944,0.008357230573892593,-0.6920645236968994,1.4163057804107666,-80.88384246826172,-0.06277730315923691,-0.9356520175933838,1.3126987218856812,-16.081018447875977,0.13140864670276642,0.9783974885940552,-1.3518189191818237,-57.47648239135742,-0.0322280190885067,0.6914967894554138,-1.3817317485809326,3.002589464187622
1785124233.5895061,-0.010588235221803188,-0.7200736999511719,1.4007421731948853,-80.78385162353516,-0.06804800778627396,-0.87923264503479,1.3443410396575928,-16.328672409057617,0.15549033880233765,0.9360184669494629,-1.3589040040969849,-57.31315612792969,-0.03651435300707817,0.6878888010978699,-1.3857394456863403,2.8002567291259766
1785124233.6396875,-0.024563854560256004,-0.748921811580658,1.3949719667434692,-80.67295837402344,-0.07445290684700012,-0.8273835182189941,1.3730698823928833,-16.571895599365234,0.1661035716533661,0.8888021111488342,-1.3576616048812866,-57.13814163208008,-0.03718149662017822,0.6822046637535095,-1.3929921388626099,2.592564344406128
1785124233.6933825,-0.02499457448720932,-0.7617506980895996,1.4018875360488892,-80.67920684814453,-0.07111291587352753,-0.8067783117294312,1.384041666984558,-16.68184471130371,0.13390158116817474,0.8344560265541077,-1.3542338609695435,-57.10041427612305,-0.028781376779079437,0.6756185293197632,-1.4030396938323975,2.5135819911956787
1785124233.747387,-0.0033768198918551207,-0.7711090445518494,1.417038917541504,-80.81707000732422,-0.04562673345208168,-0.823172926902771,1.3894591331481934,-16.705469131469727,0.03198065236210823,0.7099869847297668,-1.3829272985458374,-57.209598541259766,0.0031715277582406998,0.6747927665710449,-1.4099369049072266,2.5326852798461914
1785124233.8006496,0.02134074829518795,-0.7695931792259216,1.429000973701477,-80.99618530273438,-0.017547395080327988,-0.8508743643760681,1.3936092853546143,-16.6713924407959,-0.027135131880640984,0.638412356376648,-1.422550916671753,-57.36616134643555,0.0190588291734457,0.6934846043586731,-1.413379192352295,2.6081206798553467
1785124233.8517723,0.019289232790470123,-0.7401746511459351,1.4526537656784058,-81.17120361328125,-0.016237076371908188,-0.840563952922821,1.3973603248596191,-16.638463973999023,-0.022700821980834007,0.7108199596405029,-1.4980626106262207,-57.49385452270508,0.029176615178585052,0.7255005836486816,-1.4601577520370483,2.685832977294922
1785124233.9049695,0.01576770469546318,-0.681074857711792,1.4584819078445435,-81.31300354003906,-0.017020205035805702,-0.8031578063964844,1.3996158838272095,-16.612159729003906,-0.013980566523969173,0.7513934373855591,-1.4674172401428223,-57.616554260253906,0.0361529104411602,0.7201570272445679,-1.4027868509292603,2.7531015872955322
1785124233.956354,0.015465314500033855,-0.6275091767311096,1.4517303705215454,-81.4419937133789,-0.015400080010294914,-0.7799505591392517,1.4050166606903076,-16.574926376342773,-0.006362981628626585,0.7851288914680481,-1.4426352977752686,-57.73303985595703,0.022859474644064903,0.7160661220550537,-1.3909415006637573,2.8235535621643066
1785124234.010102,0.012692240066826344,-0.6141314506530762,1.4465482234954834,-81.59625244140625,-0.01817704737186432,-0.7767616510391235,1.4164140224456787,-16.51751708984375,-0.002534921281039715,0.8216739892959595,-1.4412388801574707,-57.86703872680664,0.023234207183122635,0.7174110412597656,-1.3982925415039062,2.9212067127227783
1785124234.062033,0.012068081647157669,-0.6298619508743286,1.4416579008102417,-81.73695373535156,-0.021507063880562782,-0.7815437912940979,1.4210212230682373,-16.465612411499023,-0.0027306019328534603,0.8420988321304321,-1.4350051879882812,-57.98622131347656,0.02428937330842018,0.7131388187408447,-1.408029556274414,3.0070383548736572
1785124234.1157131,0.012843932956457138,-0.6489582061767578,1.4292166233062744,-81.9002685546875,-0.02425472065806389,-0.7920304536819458,1.4193072319030762,-16.397512435913086,-0.004830026067793369,0.853114664554596,-1.4168733358383179,-58.12245178222656,0.023131171241402626,0.6976324319839478,-1.4145162105560303,3.107332468032837
1785124234.166443,0.01325987558811903,-0.6659532189369202,1.4151114225387573,-82.07683563232422,-0.027796216309070587,-0.8070383071899414,1.4180713891983032,-16.323667526245117,-0.006921439431607723,0.861920177936554,-1.399466633796692,-58.266334533691406,0.021886933594942093,0.6781451106071472,-1.4204938411712646,3.211179494857788
1785124234.2167037,0.013209487311542034,-0.675121009349823,1.406664252281189,-82.21633911132812,-0.031234493479132652,-0.8193683624267578,1.4191168546676636,-16.2707576751709,-0.007785819936543703,0.8693837523460388,-1.3903616666793823,-58.37664031982422,0.02190816029906273,0.663864254951477,-1.4252548217773438,3.286466360092163
1785124234.2673445,0.01289841253310442,-0.6804443597793579,1.4012501239776611,-82.37661743164062,-0.03595902398228645,-0.8312116861343384,1.4218875169754028,-16.22207260131836,-0.007963216863572598,0.878591001033783,-1.3842215538024902,-58.49814224243164,0.022989826276898384,0.6502060294151306,-1.4295858144760132,3.3613898754119873
1785124234.3183117,0.013313459232449532,-0.6801354289054871,1.3984230756759644,-82.5283432006836,-0.04003453999757767,-0.8378502726554871,1.4228392839431763,-16.18555450439453,-0.006725954357534647,0.8878166675567627,-1.3804019689559937,-58.60750198364258,0.02353738620877266,0.6442362070083618,-1.4311447143554688,3.4248604774475098
1785124234.3698618,0.014738967642188072,-0.6788434386253357,1.3974311351776123,-82.6726303100586,-0.04307335242629051,-0.8395359516143799,1.4206292629241943,-16.15741539001465,-0.0037825307808816433,0.8962596654891968,-1.3768304586410522,-58.70752716064453,0.022788124158978462,0.6470117568969727,-1.4300428628921509,3.480379343032837
1785124234.4265072,0.016668513417243958,-0.6792189478874207,1.3967124223709106,-82.81605529785156,-0.045258525758981705,-0.839611828327179,1.415052890777588,-16.123300552368164,0.0007704633171670139,0.903302013874054,-1.3743900060653687,-58.80128479003906,0.021066293120384216,0.6536338329315186,-1.4266091585159302,3.5463201999664307
1785124234.4766452,0.01753273420035839,-0.6801109910011292,1.397033929824829,-82.92161560058594,-0.046104881912469864,-0.8412628173828125,1.4107095003128052,-16.086851119995117,0.0051119402050971985,0.9070175886154175,-1.3729686737060547,-58.865455627441406,0.01910652033984661,0.6585010290145874,-1.4227570295333862,3.609894275665283
1785124234.530627,0.018766917288303375,-0.679506778717041,1.39750337600708,-83.10917663574219,-0.04632687196135521,-0.8489694595336914,1.4042201042175293,-16.01190185546875,0.009772094897925854,0.9182407855987549,-1.3642865419387817,-59.0012092590332,0.014762423001229763,0.662326455116272,-1.4200561046600342,3.719228506088257
1785124234.5852993,0.018095912411808968,-0.6803559064865112,1.3952691555023193,-83.31636810302734,-0.048717886209487915,-0.8500953912734985,1.4016356468200684,-15.991316795349121,0.014952183701097965,0.9307182431221008,-1.3605115413665771,-59.154911041259766,0.016069915145635605,0.664180338382721,-1.4166154861450195,3.772611618041992
1785124234.6377482,0.017098430544137955,-0.6838374733924866,1.392747163772583,-83.4676513671875,-0.05253958702087402,-0.8389994502067566,1.4060786962509155,-16.068729400634766,0.01819474995136261,0.9362757802009583,-1.3629670143127441,-59.25566101074219,0.021091170608997345,0.6699000000953674,-1.4126516580581665,3.726806163787842
1785124234.6919215,0.01880349963903427,-0.6868782043457031,1.3909918069839478,-83.65151977539062,-0.05601911619305611,-0.826681911945343,1.4086012840270996,-16.169649124145508,0.01798308454453945,0.9420183897018433,-1.3588314056396484,-59.38554000854492,0.023395873606204987,0.6759954690933228,-1.4124113321304321,3.6584999561309814
1785124234.7443585,0.02082553133368492,-0.6882299184799194,1.3898998498916626,-83.80518341064453,-0.057472147047519684,-0.8238674998283386,1.4078748226165771,-16.212486267089844,0.016402922570705414,0.948016881942749,-1.350911259651184,-59.50276565551758,0.02282540313899517,0.6765119433403015,-1.4161092042922974,3.6355109214782715
1785124234.795648,0.021563898772001266,-0.6887030601501465,1.3892149925231934,-83.87039947509766,-0.0579010471701622,-0.8244103193283081,1.4071745872497559,-16.220069885253906,0.015736836940050125,0.9512345790863037,-1.3467622995376587,-59.55553436279297,0.02238801307976246,0.675102710723877,-1.417289137840271,3.634185552597046
1785124234.8467002,0.02288958430290222,-0.6909737586975098,1.3870797157287598,-84.08048248291016,-0.05972406268119812,-0.8309400081634521,1.4036976099014282,-16.218093872070312,0.013403153046965599,0.9619510173797607,-1.3342726230621338,-59.7286376953125,0.021058889105916023,0.6673888564109802,-1.424740195274353,3.6554150581359863
1785124234.8979332,0.022791113704442978,-0.6947383284568787,1.3848483562469482,-84.35266876220703,-0.0631975308060646,-0.8500939607620239,1.3987529277801514,-16.168834686279297,0.01210721954703331,0.9728251695632935,-1.3242679834365845,-59.94758224487305,0.021915322169661522,0.6475583910942078,-1.435934066772461,3.732187032699585
1785124234.950598,0.0204424150288105,-0.694126307964325,1.3850222826004028,-84.58138275146484,-0.06825271248817444,-0.8716697692871094,1.3950351476669312,-16.091203689575195,0.014110727235674858,0.9786648750305176,-1.3184150457382202,-60.12238693237305,0.023214973509311676,0.6323113441467285,-1.4415901899337769,3.8390750885009766
1785124235.008677,0.017738891765475273,-0.6895998120307922,1.3864154815673828,-84.7396240234375,-0.07734262198209763,-0.8673223853111267,1.401459813117981,-16.16913414001465,0.018773047253489494,0.9720945954322815,-1.3259457349777222,-60.21931838989258,0.03171289712190628,0.6364716291427612,-1.435708999633789,3.791520357131958
1785124235.0614524,0.020684245973825455,-0.6861333847045898,1.3886545896530151,-84.85456085205078,-0.08741839975118637,-0.8427270650863647,1.4041988849639893,-16.348247528076172,0.021679317578673363,0.9581157565116882,-1.335939645767212,-60.27285385131836,0.03920760378241539,0.6546449065208435,-1.428688645362854,3.6450045108795166
1785124235.1148207,0.02617117390036583,-0.6861454844474792,1.3896626234054565,-85.00252532958984,-0.09474565088748932,-0.8247007131576538,1.4024924039840698,-16.508466720581055,0.021889586001634598,0.9463358521461487,-1.3398590087890625,-60.35982894897461,0.042382679879665375,0.6652088761329651,-1.4272290468215942,3.5174362659454346
1785124235.1658716,0.027799727395176888,-0.6877374053001404,1.3892929553985596,-85.18182373046875,-0.09865257889032364,-0.8226748704910278,1.4035863876342773,-16.609622955322266,0.020006336271762848,0.9421231150627136,-1.3376482725143433,-60.48324966430664,0.04248899221420288,0.6649633049964905,-1.4336813688278198,3.4463140964508057
1785124235.221803,0.02646133303642273,-0.6892647743225098,1.3881738185882568,-85.42509460449219,-0.1001119315624237,-0.832708477973938,1.4059290885925293,-16.676681518554688,0.01686636172235012,0.9436911940574646,-1.329512119293213,-60.66419219970703,0.04044901579618454,0.6544961333274841,-1.4433919191360474,3.411985397338867
1785124235.274817,0.02442660927772522,-0.6899359226226807,1.3878048658370972,-85.74638366699219,-0.09954876452684402,-0.8505970239639282,1.4037177562713623,-16.69435691833496,0.01455708034336567,0.9536854028701782,-1.3147157430648804,-60.91813278198242,0.03810060769319534,0.6353676319122314,-1.4525781869888306,3.426011800765991
1785124235.3285556,0.02180163934826851,-0.6906757950782776,1.387028694152832,-86.07249450683594,-0.09964343905448914,-0.8662060499191284,1.3980755805969238,-16.69642448425293,0.015423865988850594,0.9683590531349182,-1.3039904832839966,-61.182315826416016,0.03905308619141579,0.6189220547676086,-1.4593617916107178,3.450575590133667
1785124235.3803878,0.019250568002462387,-0.6903769969940186,1.3870701789855957,-86.37567138671875,-0.10191578418016434,-0.87331223487854,1.393310785293579,-16.727951049804688,0.01983780786395073,0.9805723428726196,-1.3020811080932617,-61.41806411743164,0.0423552468419075,0.6161275506019592,-1.4596823453903198,3.4498274326324463
1785124235.4366505,0.019327720627188683,-0.6886959671974182,1.3877264261245728,-86.58124542236328,-0.10485678911209106,-0.8704527616500854,1.3907902240753174,-16.78166389465332,0.02489182911813259,0.9856113195419312,-1.3035207986831665,-61.56854248046875,0.04430151730775833,0.6253464221954346,-1.452912449836731,3.4224741458892822
1785124235.4917436,0.021799711510539055,-0.6876603960990906,1.387978434562683,-86.80450439453125,-0.10880595445632935,-0.8606438636779785,1.3884754180908203,-16.873939514160156,0.031456127762794495,0.9864031672477722,-1.3074357509613037,-61.724674224853516,0.045161012560129166,0.6429451107978821,-1.4417033195495605,3.364497184753418
1785124235.5470827,0.024376913905143738,-0.6886838674545288,1.387681484222412,-87.00023651123047,-0.11168010532855988,-0.852351725101471,1.386430263519287,-16.963634490966797,0.03720204159617424,0.9853737354278564,-1.3111144304275513,-61.859561920166016,0.044443171471357346,0.6560351848602295,-1.4328498840332031,3.3075737953186035
1785124235.5998049,0.025221357122063637,-0.6902143955230713,1.387405276298523,-87.20109558105469,-0.11248686164617538,-0.8455460667610168,1.3869256973266602,-17.075185775756836,0.041554927825927734,0.982850193977356,-1.316546082496643,-61.99452209472656,0.04428244009613991,0.66288161277771,-1.427821159362793,3.232508420944214
1785124235.6531854,0.024389175698161125,-0.6902886629104614,1.3875452280044556,-87.3922119140625,-0.11000578105449677,-0.8459900617599487,1.386490821838379,-17.140586853027344,0.04246348887681961,0.9823698401451111,-1.3156670331954956,-62.13081359863281,0.041376158595085144,0.6615709662437439,-1.4284807443618774,3.1977412700653076
1785124235.7046373,0.022314254194498062,-0.6899357438087463,1.387984275817871,-87.67573547363281,-0.1058707982301712,-0.856858491897583,1.383193016052246,-17.167617797851562,0.04141612723469734,0.9852408170700073,-1.3081480264663696,-62.34452438354492,0.03557144105434418,0.6526080965995789,-1.4353126287460327,3.210550546646118
1785124235.7547286,0.02030346542596817,-0.6901606321334839,1.3871197700500488,-87.98960876464844,-0.10469754040241241,-0.8822006583213806,1.3760524988174438,-17.106550216674805,0.04175104573369026,0.9917038083076477,-1.2961764335632324,-62.593929290771484,0.02919878624379635,0.6387981176376343,-1.4436944723129272,3.307122230529785
1785124235.805095,0.01804415136575699,-0.6907503604888916,1.3862793445587158,-88.19605255126953,-0.10824712365865707,-0.8932415246963501,1.3796899318695068,-17.14995002746582,0.04434804245829582,0.9902186989784241,-1.3024613857269287,-62.7397346496582,0.03197629749774933,0.6324731707572937,-1.4435323476791382,3.2975289821624756
1785124235.8552418,0.019548187032341957,-0.6891487836837769,1.3867502212524414,-88.34666442871094,-0.11253547668457031,-0.8927798271179199,1.3809351921081543,-17.225812911987305,0.046802252531051636,0.9833993911743164,-1.3083877563476562,-62.83592987060547,0.03156270831823349,0.6383153200149536,-1.4378502368927002,3.255720853805542
1785124235.9093423,0.024458466097712517,-0.6872921586036682,1.3877472877502441,-88.52054595947266,-0.11678297817707062,-0.887076199054718,1.3773276805877686,-17.328414916992188,0.05072410777211189,0.9718788266181946,-1.3137693405151367,-62.94419479370117,0.028004031628370285,0.651980996131897,-1.430625081062317,3.1959340572357178
1785124235.9600341,0.02677604742348194,-0.6873193979263306,1.3882226943969727,-88.6778335571289,-0.11917293071746826,-0.8856694102287292,1.3726013898849487,-17.400318145751953,0.05483792722225189,0.961903989315033,-1.3195487260818481,-63.04314041137695,0.02528173103928566,0.6604800820350647,-1.4277312755584717,3.165534496307373
1785124236.0151567,0.0254521444439888,-0.6874154806137085,1.388855218887329,-88.84715270996094,-0.11766193807125092,-0.8952533602714539,1.3672188520431519,-17.405336380004883,0.05984485521912575,0.9519639611244202,-1.3245391845703125,-63.15013885498047,0.01987481862306595,0.660508930683136,-1.4251853227615356,3.2079789638519287
1785124236.0704548,0.022245896980166435,-0.6867570877075195,1.3893804550170898,-88.99954986572266,-0.11644668877124786,-0.9081493616104126,1.3646360635757446,-17.38839340209961,0.06470877677202225,0.9447702765464783,-1.3274989128112793,-63.24656295776367,0.015429997816681862,0.658307671546936,-1.4239877462387085,3.2700579166412354
1785124236.124484,0.020267926156520844,-0.6860640645027161,1.3892972469329834,-89.19075775146484,-0.11712280660867691,-0.9259446263313293,1.3619738817214966,-17.3487606048584,0.06918200105428696,0.9413343071937561,-1.3281731605529785,-63.3754997253418,0.009515284560620785,0.6566017866134644,-1.420517921447754,3.3627266883850098
1785124236.175214,0.021438773721456528,-0.6863262057304382,1.3884642124176025,-89.35493469238281,-0.11744911223649979,-0.9338881373405457,1.3609923124313354,-17.35169792175293,0.07286790758371353,0.9382891654968262,-1.3312050104141235,-63.4853401184082,0.005616474896669388,0.6601459980010986,-1.4153482913970947,3.4060182571411133
1785124236.2259989,0.024137919768691063,-0.6867629289627075,1.3883466720581055,-89.52228546142578,-0.11763489991426468,-0.9386523365974426,1.3544222116470337,-17.34789276123047,0.07691279798746109,0.9372310042381287,-1.3341107368469238,-63.59628677368164,-0.00026077829534187913,0.6673612594604492,-1.4093385934829712,3.463815450668335
1785124236.2774658,0.025901760905981064,-0.6862948536872864,1.3886549472808838,-89.68795013427734,-0.11622509360313416,-0.9462999105453491,1.346092700958252,-17.308534622192383,0.08285278081893921,0.9400853514671326,-1.3341045379638672,-63.7114143371582,-0.005713625345379114,0.673236072063446,-1.4056401252746582,3.5514020919799805
1785124236.3303592,0.02436709590256214,-0.6861729025840759,1.3882333040237427,-89.81678771972656,-0.11411283165216446,-0.9503750205039978,1.344520926475525,-17.303865432739258,0.09121132642030716,0.938127338886261,-1.3417631387710571,-63.782814025878906,-0.01099993847310543,0.6800867319107056,-1.3966654539108276,3.616161823272705
1785124236.3851144,0.02380434051156044,-0.6854481101036072,1.3887676000595093,-89.90715789794922,-0.11076091974973679,-0.9471849203109741,1.3477073907852173,-17.34845542907715,0.09821659326553345,0.9332529306411743,-1.347651720046997,-63.818973541259766,-0.018215522170066833,0.6871167421340942,-1.3892725706100464,3.6276485919952393
1785124236.4364738,0.024808291345834732,-0.6851832270622253,1.3889838457107544,-90.04737091064453,-0.10574793070554733,-0.9418269991874695,1.3477104902267456,-17.404172897338867,0.10375654697418213,0.9342122077941895,-1.3473697900772095,-63.90285873413086,-0.026575250551104546,0.6906078457832336,-1.3867522478103638,3.628383159637451
1785124236.4899054,0.023737957701086998,-0.6864156723022461,1.3889036178588867,-90.25955200195312,-0.10042974352836609,-0.936439573764801,1.3462443351745605,-17.469154357910156,0.10766620934009552,0.9438393115997314,-1.3440849781036377,-64.05125427246094,-0.029623717069625854,0.6887139678001404,-1.387094259262085,3.6247787475585938
1785124236.545314,0.02058720588684082,-0.6877757906913757,1.3885974884033203,-90.4902572631836,-0.096631720662117,-0.9338591694831848,1.344796895980835,-17.524608612060547,0.1089271828532219,0.9568694829940796,-1.3403027057647705,-64.21754455566406,-0.02710810862481594,0.6851961016654968,-1.3882572650909424,3.630403757095337
1785124236.5994427,0.01907363161444664,-0.6881335377693176,1.3877778053283691,-90.66468048095703,-0.09416031092405319,-0.9196573495864868,1.3557965755462646,-17.690105438232422,0.10748865455389023,0.9635240435600281,-1.341638207435608,-64.3287582397461,-0.024377774447202682,0.6844054460525513,-1.388519048690796,3.518270969390869
1785124236.6976373,0.021444495767354965,-0.6884783506393433,1.3964884281158447,-90.7769546508789,-0.090019591152668,-0.8937209844589233,1.3675978183746338,-17.938663482666016,0.1053399071097374,0.9615738391876221,-1.3466825485229492,-64.38455200195312,-0.02268211357295513,0.6838966012001038,-1.389918565750122,3.313399314880371
1785124236.7495103,0.02854948863387108,-0.6863321661949158,1.3960620164871216,-90.99957275390625,-0.07587651908397675,-0.8277117609977722,1.3864771127700806,-18.588542938232422,0.0974431112408638,0.9494940042495728,-1.3593344688415527,-64.49398040771484,-0.024599941447377205,0.682110607624054,-1.3923331499099731,2.738340139389038
1785124236.7995377,0.028025461360812187,-0.6840664744377136,1.3923710584640503,-91.16974639892578,-0.06683782488107681,-0.8115910887718201,1.4007368087768555,-18.89276885986328,0.08957850188016891,0.9511175751686096,-1.3652070760726929,-64.60945129394531,-0.025865498930215836,0.6807042956352234,-1.3925894498825073,2.4656975269317627
1785124236.850437,0.022681230679154396,-0.6858166456222534,1.3891682624816895,-91.30169677734375,-0.05846254900097847,-0.7950920462608337,1.4183605909347534,-19.23227882385254,0.07634346932172775,0.9434599876403809,-1.3675299882888794,-64.68893432617188,-0.03634591028094292,0.7060898542404175,-1.418111801147461,2.165572166442871
1785124236.905541,0.02027604728937149,-0.6916342973709106,1.3871408700942993,-91.4610595703125,-0.049636755138635635,-0.7758641242980957,1.4284062385559082,-19.58749771118164,0.06125037372112274,0.919994056224823,-1.3471243381500244,-64.788818359375,-0.05104435980319977,0.7292505502700806,-1.4303617477416992,1.8493655920028687
1785124236.9594018,0.022688111290335655,-0.7090388536453247,1.387797236442566,-91.57927703857422,-0.04179908707737923,-0.7532698512077332,1.4322141408920288,-19.979782104492188,0.05105438083410263,0.8867189884185791,-1.3466542959213257,-64.84886169433594,-0.057461462914943695,0.7454628348350525,-1.4313715696334839,1.4960532188415527
1785124237.015427,0.025011613965034485,-0.7508970499038696,1.386055588722229,-91.59912109375,-0.03497670218348503,-0.7165327668190002,1.43427574634552,-20.47576332092285,0.046339914202690125,0.8322400450706482,-1.3650307655334473,-64.80782318115234,-0.05581238865852356,0.7719345688819885,-1.426795482635498,1.0364474058151245
1785124237.0676682,0.02841312065720558,-0.8022727966308594,1.3845990896224976,-91.5947265625,-0.028743574395775795,-0.6831196546554565,1.4343955516815186,-20.95406150817871,0.03987007588148117,0.7694416642189026,-1.380704402923584,-64.74893188476562,-0.05390995368361473,0.7957648634910583,-1.4225279092788696,0.5875399112701416
1785124237.1195946,0.03314368054270744,-0.8547792434692383,1.3881102800369263,-91.64879608154297,-0.02032843977212906,-0.6618402600288391,1.431984305381775,-21.426069259643555,0.025432586669921875,0.6947713494300842,-1.3905783891677856,-64.75457000732422,-0.053976964205503464,0.8132376074790955,-1.4294897317886353,0.14470568299293518
1785124237.17437,0.038403693586587906,-0.88974529504776,1.3965662717819214,-91.80481719970703,-0.01125190407037735,-0.6563979387283325,1.427079200744629,-21.800800323486328,0.01875990629196167,0.6534186005592346,-1.4003398418426514,-64.86279296875,-0.0529525987803936,0.8147103786468506,-1.437097191810608,-0.20352064073085785
1785124237.2247725,0.04111143946647644,-0.9158003926277161,1.392167329788208,-91.91351318359375,-0.006225146818906069,-0.6487589478492737,1.422083854675293,-22.17938995361328,0.021049946546554565,0.6545543074607849,-1.404732584953308,-64.92208862304688,-0.05027098208665848,0.8193313479423523,-1.4275041818618774,-0.555165708065033
1785124237.275199,0.04329662397503853,-0.939083456993103,1.372308611869812,-91.9665298461914,-0.006111509632319212,-0.6481271982192993,1.4187678098678589,-22.616451263427734,0.020165393128991127,0.6703616976737976,-1.3998771905899048,-64.92457580566406,-0.047844745218753815,0.833022952079773,-1.4105556011199951,-0.963146984577179
1785124237.3307295,0.0457284152507782,-0.9557095170021057,1.3497912883758545,-92.05300903320312,-0.006681058555841446,-0.6548086404800415,1.4186363220214844,-23.068782806396484,0.016707755625247955,0.6928719282150269,-1.3864810466766357,-64.94979095458984,-0.0488809235394001,0.8465132117271423,-1.3995686769485474,-1.3848806619644165
1785124237.3849623,0.04720170795917511,-0.9658448696136475,1.3362640142440796,-92.1890640258789,-0.005734889768064022,-0.658625066280365,1.4176167249679565,-23.474973678588867,0.016302211210131645,0.7055229544639587,-1.3811131715774536,-65.02118682861328,-0.05418621376156807,0.8550714254379272,-1.3967448472976685,-1.7577489614486694
1785124237.439545,0.048176925629377365,-0.9723751544952393,1.3319448232650757,-92.35431671142578,-0.002667014952749014,-0.6565211415290833,1.4193530082702637,-23.85274887084961,0.019121523946523666,0.7011153697967529,-1.3821688890457153,-65.12065887451172,-0.06263735890388489,0.8599503636360168,-1.3949702978134155,-2.101076364517212
1785124237.4911768,0.049288880079984665,-0.9790798425674438,1.3266310691833496,-92.47322082519531,0.0010418059537187219,-0.6510758996009827,1.4231699705123901,-24.229167938232422,0.021828679367899895,0.6905882954597473,-1.386021375656128,-65.1773910522461,-0.07255695015192032,0.8684985041618347,-1.389327049255371,-2.4427621364593506
1785124237.5460393,0.051636017858982086,-0.9756619334220886,1.3320035934448242,-92.68279266357422,0.010777556337416172,-0.6497704386711121,1.425729513168335,-24.55668830871582,0.022632723674178123,0.6835243701934814,-1.3889111280441284,-65.32464599609375,-0.08544469624757767,0.8662332892417908,-1.3896840810775757,-2.7357466220855713
1785124237.599361,0.052555151283741,-0.9737093448638916,1.3225144147872925,-92.82235717773438,0.018265577033162117,-0.6503997445106506,1.4304211139678955,-24.87308120727539,0.023327291011810303,0.6830126047134399,-1.3896324634552002,-65.39680480957031,-0.09890284389257431,0.8620167970657349,-1.3882323503494263,-3.015842914581299
1785124237.6494024,0.05210445448756218,-0.9704713821411133,1.316079020500183,-92.95166778564453,0.02593214251101017,-0.6551138162612915,1.4373748302459717,-25.119632720947266,0.023357057943940163,0.6880162358283997,-1.3882101774215698,-65.4661865234375,-0.1114555299282074,0.8537063598632812,-1.3881337642669678,-3.229069232940674
1785124237.7044475,0.04935946688055992,-0.96702641248703,1.3083925247192383,-93.0785903930664,0.032759640365839005,-0.6583743095397949,1.4475315809249878,-25.39771270751953,0.02410084940493107,0.6923061013221741,-1.3873480558395386,-65.52587127685547,-0.12403444200754166,0.8478913307189941,-1.387982964515686,-3.4697234630584717
1785124237.7545717,0.035288918763399124,-0.9438043832778931,1.3081183433532715,-93.138671875,0.040087491273880005,-0.6566740870475769,1.458949089050293,-25.670957565307617,0.025579553097486496,0.6932549476623535,-1.3869860172271729,-65.53523254394531,-0.13306163251399994,0.8493784666061401,-1.389190673828125,-3.70857834815979
1785124237.8047445,0.021657731384038925,-0.9115542769432068,1.3215327262878418,-93.2303466796875,0.050051264464855194,-0.6551815271377563,1.4645098447799683,-25.937376022338867,0.027694519609212875,0.6898112297058105,-1.389084815979004,-65.57454681396484,-0.1384442299604416,0.851686954498291,-1.397105097770691,-3.9404609203338623
1785124237.8594985,0.01017339713871479,-0.8886013627052307,1.331593632698059,-93.28739929199219,0.05739878490567207,-0.6473526954650879,1.4643497467041016,-26.249591827392578,0.0295681394636631,0.6838083267211914,-1.3910033702850342,-65.57561492919922,-0.14132346212863922,0.8552632927894592,-1.4025752544403076,-4.216067314147949
1785124237.909864,0.003603261662647128,-0.8846436142921448,1.335078477859497,-93.2945556640625,0.06103062629699707,-0.6272878646850586,1.4652953147888184,-26.581266403198242,0.03107159398496151,0.681338369846344,-1.3916552066802979,-65.53775787353516,-0.13971684873104095,0.8696944713592529,-1.4012962579727173,-4.520236015319824
1785124237.9654129,0.0023140425328165293,-0.9058552980422974,1.3264321088790894,-93.26714324951172,0.059057895094156265,-0.6112227439880371,1.4650481939315796,-27.014389038085938,0.029726076871156693,0.6804119348526001,-1.3913730382919312,-65.44999694824219,-0.13433003425598145,0.8869208097457886,-1.3988282680511475,-4.919891357421875
1785124238.0193856,0.00600076699629426,-0.9381284713745117,1.311439871788025,-93.20640563964844,0.05557776987552643,-0.6125385165214539,1.4647353887557983,-27.425575256347656,0.02655099891126156,0.684228777885437,-1.3890433311462402,-65.32559967041016,-0.12683555483818054,0.8926849365234375,-1.3925141096115112,-5.297967433929443
1785124238.074616,0.012796936556696892,-0.9690797924995422,1.2976256608963013,-93.16622161865234,0.055246416479349136,-0.6206891536712646,1.4593344926834106,-27.773229598999023,0.023470444604754448,0.6897932887077332,-1.3875030279159546,-65.22174835205078,-0.11959671974182129,0.8876217603683472,-1.3842494487762451,-5.615634918212891
1785124238.125699,0.02123885788023472,-1.0005733966827393,1.2877236604690552,-93.16548156738281,0.05835520103573799,-0.6350200772285461,1.4498881101608276,-28.067724227905273,0.019824540242552757,0.6937651038169861,-1.3859349489212036,-65.15460968017578,-0.11419888585805893,0.8715739250183105,-1.3787264823913574,-5.879336833953857
1785124238.17838,0.030154850333929062,-1.030785083770752,1.2807167768478394,-93.20359802246094,0.06064368784427643,-0.6495032906532288,1.4429737329483032,-28.360780715942383,0.017778541892766953,0.6953482627868652,-1.385343313217163,-65.12386322021484,-0.11105012148618698,0.8554959893226624,-1.3749756813049316,-6.13930606842041
1785124238.230335,0.0380878672003746,-1.0573947429656982,1.2725204229354858,-93.26951599121094,0.06086588278412819,-0.658230185508728,1.4365313053131104,-28.706096649169922,0.017706604674458504,0.6944754719734192,-1.386549711227417,-65.1129379272461,-0.10220473259687424,0.8342978358268738,-1.370509147644043,-6.45405387878418
1785124238.2817068,0.039056211709976196,-1.0815942287445068,1.2647109031677246,-93.32261657714844,0.06331323087215424,-0.6678104996681213,1.431390643119812,-28.986225128173828,0.010054565034806728,0.6940765976905823,-1.3908072710037231,-65.09326171875,-0.0720617026090622,0.7760111689567566,-1.370450735092163,-6.723158359527588
1785124238.334756,0.02716434933245182,-1.1160728931427002,1.27043616771698,-93.3677978515625,0.06349106878042221,-0.6925655007362366,1.436295747756958,-29.220937728881836,-0.013210618868470192,0.6968130469322205,-1.409468650817871,-65.06672668457031,-0.030145253986120224,0.6862524151802063,-1.391959547996521,-6.953018665313721
1785124238.384945,0.02099696733057499,-1.1273844242095947,1.2831058502197266,-93.43994903564453,0.0715707391500473,-0.7243633270263672,1.4577088356018066,-29.355823516845703,-0.04299279674887657,0.6907825469970703,-1.4277552366256714,-65.07771301269531,-0.008891552686691284,0.6523073315620422,-1.4114131927490234,-7.072421550750732
1785124238.4350216,0.014762366190552711,-1.099931240081787,1.277204155921936,-93.52603149414062,0.07711450755596161,-0.7277807593345642,1.469690203666687,-29.47083854675293,-0.04889674112200737,0.685028612613678,-1.401610255241394,-65.0992202758789,-0.03015906736254692,0.6771767139434814,-1.452661156654358,-7.175029754638672
1785124238.485158,-0.0023364080116152763,-1.0568007230758667,1.2581337690353394,-93.54653930664062,0.0664362907409668,-0.6857596635818481,1.4728889465332031,-29.647933959960938,-0.00853600911796093,0.701812744140625,-1.3853777647018433,-65.04246520996094,-0.05475460737943649,0.7103554010391235,-1.4381535053253174,-7.343301296234131
1785124238.5393262,-0.020649125799536705,-1.0210603475570679,1.2629849910736084,-93.52093505859375,0.0563831701874733,-0.6259250044822693,1.4784764051437378,-29.871002197265625,0.03851620480418205,0.7133635878562927,-1.3783973455429077,-64.93598175048828,-0.08293721079826355,0.7577494978904724,-1.415958285331726,-7.560925006866455
1785124238.5966837,-0.02463819459080696,-0.9887272715568542,1.2869446277618408,-93.55577850341797,0.06447624415159225,-0.592408299446106,1.482826590538025,-30.014724731445312,0.04709571227431297,0.7011258006095886,-1.3807307481765747,-64.9000473022461,-0.10900609195232391,0.7975469827651978,-1.4234000444412231,-7.699031829833984
1785124238.6475315,-0.01848750188946724,-0.9552492499351501,1.315375804901123,-93.65412902832031,0.07959815859794617,-0.5849840044975281,1.4835165739059448,-30.067798614501953,0.03526807948946953,0.6826777458190918,-1.3873473405838013,-64.94412231445312,-0.12811090052127838,0.8169174790382385,-1.4358986616134644,-7.743585109710693
1785124238.698006,-0.009175430983304977,-0.9172950387001038,1.3294672966003418,-93.74520874023438,0.0825650542974472,-0.5840251445770264,1.4865792989730835,-30.170751571655273,0.02631043829023838,0.6722394824028015,-1.3935030698776245,-64.98511505126953,-0.13979721069335938,0.8348487615585327,-1.4311234951019287,-7.833042621612549
1785124238.7485945,0.00014302927593234926,-0.8830578327178955,1.3345553874969482,-93.81892395019531,0.07703696191310883,-0.5850176215171814,1.4852039813995361,-30.334680557250977,0.023207232356071472,0.6731204986572266,-1.396030306816101,-65.01254272460938,-0.1461980938911438,0.8539959788322449,-1.4153109788894653,-7.977725028991699
1785124238.7994134,0.007622601464390755,-0.8565913438796997,1.3406462669372559,-93.87525177001953,0.0697811171412468,-0.5932629108428955,1.4810868501663208,-30.604812622070312,0.022779522463679314,0.6792005300521851,-1.395000696182251,-65.02464294433594,-0.150340735912323,0.8826727271080017,-1.3982597589492798,-8.220107078552246
1785124238.8509614,0.010810837149620056,-0.837494969367981,1.3487999439239502,-93.90520477294922,0.06140230968594551,-0.6087374091148376,1.4676021337509155,-30.909536361694336,0.024200204759836197,0.6818742156028748,-1.3935307264328003,-65.01786804199219,-0.1520972102880478,0.911470353603363,-1.3877671957015991,-8.491116523742676
1785124238.9048033,0.01301337406039238,-0.8329285979270935,1.3548420667648315,-93.90270233154297,0.05110764130949974,-0.6274256706237793,1.4527177810668945,-31.25334930419922,0.02819712832570076,0.6802265048027039,-1.392749309539795,-64.9765396118164,-0.14986896514892578,0.93839031457901,-1.3781992197036743,-8.794482231140137
1785124238.9549124,0.019138069823384285,-0.8510419130325317,1.3526049852371216,-93.86894989013672,0.037708066403865814,-0.6458703875541687,1.4362775087356567,-31.63048553466797,0.03269737586379051,0.6780326962471008,-1.392045259475708,-64.8987808227539,-0.14183101058006287,0.9608708620071411,-1.3647642135620117,-9.124804496765137
1785124239.010112,0.03111010417342186,-0.8873423933982849,1.3486831188201904,-93.80179595947266,0.022685496136546135,-0.6615985631942749,1.4204548597335815,-32.018306732177734,0.03320930153131485,0.6792688965797424,-1.390505075454712,-64.78357696533203,-0.12847913801670074,0.9761929512023926,-1.3482149839401245,-9.459728240966797
1785124239.0651963,0.048765264451503754,-0.9224641919136047,1.341923475265503,-93.7457504272461,0.005214367993175983,-0.6764669418334961,1.4024486541748047,-32.40428924560547,0.029326947405934334,0.6834536194801331,-1.3885412216186523,-64.67530059814453,-0.110276959836483,0.9851943850517273,-1.3340671062469482,-9.786931991577148
1785124239.1165557,0.06560537219047546,-0.9458961486816406,1.335371732711792,-93.72319793701172,-0.00897170603275299,-0.6866726875305176,1.3915187120437622,-32.69682312011719,0.02351110614836216,0.687689483165741,-1.3872482776641846,-64.60714721679688,-0.0951974093914032,0.9871558547019958,-1.3256586790084839,-10.030450820922852
1785124239.1675828,0.08869011700153351,-0.9675179123878479,1.3317289352416992,-93.73701477050781,-0.025696048513054848,-0.6967487931251526,1.383200764656067,-33.0334587097168,0.021365132182836533,0.6913670301437378,-1.4038903713226318,-64.56655883789062,-0.07786088436841965,0.9827173352241516,-1.316657304763794,-10.304396629333496
1785124239.2193885,0.10454975068569183,-0.973615825176239,1.3362765312194824,-93.79093170166016,-0.03131772577762604,-0.6973007321357727,1.381953239440918,-33.246700286865234,0.02013431303203106,0.6854290962219238,-1.4137136936187744,-64.58023071289062,-0.07058616727590561,0.9723970890045166,-1.3065168857574463,-10.474167823791504
1785124239.2732012,0.11759937554597855,-0.971235990524292,1.342928409576416,-93.87876892089844,-0.03192080184817314,-0.6954891085624695,1.3818893432617188,-33.38666534423828,0.013624646700918674,0.6853756904602051,-1.4142545461654663,-64.6319351196289,-0.06841100007295609,0.9586899280548096,-1.3057055473327637,-10.578652381896973
1785124239.3243155,0.12944309413433075,-0.9622224569320679,1.3483223915100098,-93.99915313720703,-0.03061770461499691,-0.6930094957351685,1.383087396621704,-33.493526458740234,0.0035734418779611588,0.6900172233581543,-1.411792516708374,-64.71633911132812,-0.06944810599088669,0.9421365857124329,-1.3129488229751587,-10.651650428771973
1785124239.3847818,0.1312641203403473,-0.9601664543151855,1.3489484786987305,-94.02169799804688,-0.03032340109348297,-0.6925531625747681,1.383404016494751,-33.5087890625,0.0017004633555188775,0.6911007761955261,-1.411219596862793,-64.73286437988281,-0.06986034661531448,0.9392024278640747,-1.3147486448287964,-10.661510467529297
1785124239.4443336,0.14634355902671814,-0.9360427856445312,1.3494901657104492,-94.25408172607422,-0.027646658942103386,-0.6871448159217834,1.388232946395874,-33.65547180175781,-0.017083298414945602,0.7017353177070618,-1.4056785106658936,-64.90480041503906,-0.07568638026714325,0.9107409715652466,-1.3347076177597046,-10.756385803222656
1785124239.4956179,0.15515044331550598,-0.91575026512146,1.347270131111145,-94.45185089111328,-0.025961173698306084,-0.6811795830726624,1.3935626745224,-33.82045364379883,-0.02964118868112564,0.7087313532829285,-1.4048932790756226,-65.04764556884766,-0.079647496342659,0.8927187919616699,-1.3464829921722412,-10.876805305480957
1785124239.5488145,0.15933524072170258,-0.9064375758171082,1.3467843532562256,-94.57717895507812,-0.025335634127259254,-0.677336573600769,1.3960219621658325,-34.011653900146484,-0.0343933068215847,0.7094859480857849,-1.408898115158081,-65.13047790527344,-0.07932022213935852,0.8893287777900696,-1.3460201025009155,-11.033122062683105
1785124239.6056502,0.16221049427986145,-0.9081671833992004,1.3483620882034302,-94.70082092285156,-0.025782134383916855,-0.6774572730064392,1.3953596353530884,-34.43124008178711,-0.03525087237358093,0.6992502808570862,-1.4226393699645996,-65.18914794921875,-0.0734637901186943,0.9025387763977051,-1.3304600715637207,-11.393997192382812
1785124239.6586826,0.162577286362648,-0.9242298007011414,1.3486994504928589,-94.73675537109375,-0.0264559555798769,-0.6843746304512024,1.3908509016036987,-34.88495635986328,-0.034145619720220566,0.6765887141227722,-1.4376152753829956,-65.17007446289062,-0.06658080220222473,0.9255121350288391,-1.3108364343643188,-11.789969444274902
1785124239.7093394,0.16133826971054077,-0.9493460059165955,1.3488324880599976,-94.72456359863281,-0.02614118717610836,-0.6917893290519714,1.3869476318359375,-35.38261413574219,-0.03741488233208656,0.6419729590415955,-1.4468398094177246,-65.10325622558594,-0.05804777890443802,0.9407764077186584,-1.299682855606079,-12.226037979125977
1785124239.7647617,0.1594972461462021,-0.9636521339416504,1.3529596328735352,-94.75275421142578,-0.024785680696368217,-0.6906983852386475,1.3857738971710205,-35.87798309326172,-0.04397093877196312,0.6238968968391418,-1.448428988456726,-65.08049774169922,-0.05084815248847008,0.9508753418922424,-1.2963660955429077,-12.65406322479248
1785124239.8151195,0.15822528302669525,-0.9646555781364441,1.3506805896759033,-94.79779052734375,-0.023828813806176186,-0.6866631507873535,1.3869341611862183,-36.29917526245117,-0.04769652709364891,0.6275264620780945,-1.4443954229354858,-65.07820892333984,-0.04920195788145065,0.9661922454833984,-1.2893339395523071,-13.010660171508789
1785124239.8665729,0.15678808093070984,-0.9543113708496094,1.3431549072265625,-94.87339782714844,-0.023548096418380737,-0.6858654022216797,1.3878529071807861,-36.703895568847656,-0.0522053986787796,0.6403380632400513,-1.4397767782211304,-65.10769653320312,-0.05217479169368744,0.9869357347488403,-1.2798748016357422,-13.34652328491211
1785124239.9192333,0.15473411977291107,-0.9336559176445007,1.3368754386901855,-95.00043487548828,-0.022610168904066086,-0.6887288689613342,1.3877147436141968,-37.13084030151367,-0.05750805139541626,0.6520214080810547,-1.4347676038742065,-65.18307495117188,-0.058490343391895294,1.01082444190979,-1.2734994888305664,-13.69763469696045
1785124239.969248,0.15264008939266205,-0.91004878282547,1.3390493392944336,-95.15412902832031,-0.02062651515007019,-0.6909470558166504,1.3871324062347412,-37.45695877075195,-0.06351719796657562,0.6640191674232483,-1.4288570880889893,-65.28810119628906,-0.06503936648368835,1.0281929969787598,-1.274915337562561,-13.956547737121582
1785124240.0196295,0.13918860256671906,-0.8744140267372131,1.3427140712738037,-95.31912994384766,-0.01954795978963375,-0.6905509233474731,1.3892148733139038,-37.74317932128906,-0.06325887143611908,0.6784685254096985,-1.4214969873428345,-65.40929412841797,-0.069549061357975,1.040997862815857,-1.274327039718628,-14.174111366271973
1785124240.0742452,0.0720398873090744,-0.7663612961769104,1.355940580368042,-95.43758392333984,-0.005673217587172985,-0.6911971569061279,1.3959847688674927,-38.080745697021484,-0.058129411190748215,0.6931081414222717,-1.4175482988357544,-65.51639556884766,-0.06396560370922089,1.0644707679748535,-1.2725903987884521,-14.433774948120117
1785124240.1246202,0.014900023117661476,-0.6598898768424988,1.4008815288543701,-95.54428100585938,0.012094078585505486,-0.698079526424408,1.3914566040039062,-38.401039123535156,-0.043798431754112244,0.7076277136802673,-1.42572820186615,-65.6153793334961,-0.042180366814136505,1.096676230430603,-1.2864333391189575,-14.685952186584473
1785124240.1807015,-0.015934651717543602,-0.6280536651611328,1.4174206256866455,-95.66835021972656,0.032510124146938324,-0.7077338099479675,1.4302623271942139,-38.76121139526367,-0.0402759425342083,0.7154656052589417,-1.453438401222229,-65.73014831542969,-0.028861792758107185,1.108263373374939,-1.292952299118042,-14.978704452514648
1785124240.2310786,-0.002694884780794382,-0.6743024587631226,1.4508668184280396,-95.82453155517578,0.049650512635707855,-0.7047433853149414,1.4094475507736206,-39.051719665527344,-0.04930467531085014,0.7042900323867798,-1.4673161506652832,-65.87841796875,-0.026466064155101776,1.074082851409912,-1.2856035232543945,-15.198514938354492
1785124240.2859073,0.025484081357717514,-0.7296775579452515,1.4632465839385986,-95.99958801269531,0.023933421820402145,-0.7104701995849609,1.381166934967041,-39.34682846069336,-0.03964025527238846,0.655661940574646,-1.4708836078643799,-66.04683685302734,-0.008557935245335102,1.014500617980957,-1.2864985466003418,-15.416406631469727
1785124240.3393981,0.05374667048454285,-0.7757511734962463,1.4390153884887695,-96.12589263916016,-0.02649317868053913,-0.7083852291107178,1.3800691366195679,-39.65181350708008,-0.026057353243231773,0.6007972955703735,-1.474862813949585,-66.1680679321289,0.010436131618916988,0.9687677025794983,-1.3013375997543335,-15.65686321258545
1785124240.3959732,0.0875098928809166,-0.816691517829895,1.4354264736175537,-96.34300231933594,-0.049297086894512177,-0.686693549156189,1.3864151239395142,-39.96105194091797,-0.026636546477675438,0.5877307653427124,-1.4772225618362427,-66.37342071533203,0.016542771831154823,0.9193871021270752,-1.3326365947723389,-15.903738975524902
1785124240.4469235,0.10995291918516159,-0.8360632658004761,1.439651370048523,-96.57051849365234,-0.04055911302566528,-0.6716506481170654,1.3921723365783691,-40.21441650390625,-0.03757099807262421,0.6055653095245361,-1.4708417654037476,-66.5846176147461,0.00731069827452302,0.8806275129318237,-1.3541477918624878,-16.112558364868164
1785124240.4993367,0.12417888641357422,-0.8452423214912415,1.4304757118225098,-96.83589172363281,-0.028008120134472847,-0.6711359024047852,1.3953256607055664,-40.48309326171875,-0.04795325919985771,0.6255007386207581,-1.4588240385055542,-66.82585906982422,-0.008985011838376522,0.8413105607032776,-1.3742713928222656,-16.341371536254883
1785124240.5530252,0.12767651677131653,-0.84939044713974,1.4175879955291748,-97.07573699951172,-0.023854216560721397,-0.676703929901123,1.3961352109909058,-40.7318115234375,-0.047991156578063965,0.6399137377738953,-1.4479655027389526,-67.03732299804688,-0.02099360153079033,0.8150227665901184,-1.3870599269866943,-16.558576583862305
1785124240.604522,0.12168748676776886,-0.8719624280929565,1.402895212173462,-97.2178955078125,-0.02687504142522812,-0.6786826252937317,1.3954284191131592,-41.13315200805664,-0.03367840498685837,0.6502547860145569,-1.4392353296279907,-67.1336441040039,-0.027247441932559013,0.8169447779655457,-1.3870488405227661,-16.92030906677246
1785124240.657705,0.10995171964168549,-0.9111034274101257,1.384541392326355,-97.20055389404297,-0.02972467429935932,-0.6784839034080505,1.3931679725646973,-41.61985778808594,-0.015540087595582008,0.6541608572006226,-1.4292691946029663,-67.07154846191406,-0.03060147352516651,0.8450441956520081,-1.3741252422332764,-17.36778450012207
1785124240.7097814,0.0949019268155098,-0.9403954744338989,1.3714401721954346,-97.23808288574219,-0.027015138417482376,-0.6822100877761841,1.3899327516555786,-42.131805419921875,-0.003199988277629018,0.6628375053405762,-1.415697693824768,-67.05763244628906,-0.037874698638916016,0.8782292604446411,-1.3645542860031128,-17.832042694091797
1785124240.7650092,0.07849978655576706,-0.9587634205818176,1.3556758165359497,-97.2967758178711,-0.02311486378312111,-0.6870947480201721,1.3877838850021362,-42.626529693603516,0.009052826091647148,0.6791971921920776,-1.3972331285476685,-67.05484008789062,-0.0485907606780529,0.9101244211196899,-1.3573803901672363,-18.270931243896484
1785124240.819498,0.061684880405664444,-0.9648202061653137,1.3271487951278687,-97.36688995361328,-0.027986740693449974,-0.6764047145843506,1.419445276260376,-43.09953689575195,0.019056500867009163,0.6954717040061951,-1.3849812746047974,-67.05947875976562,-0.06545371562242508,0.9356563687324524,-1.3544481992721558,-18.695192337036133
1785124240.8695314,0.05472100153565407,-0.9560507535934448,1.309999942779541,-97.509765625,-0.024994652718305588,-0.66752690076828,1.4254099130630493,-43.4583740234375,0.024135613813996315,0.7017470598220825,-1.3803061246871948,-67.1426773071289,-0.08410634845495224,0.9428348541259766,-1.3634763956069946,-19.003801345825195
1785124240.9251611,0.055776964873075485,-0.9354145526885986,1.3212627172470093,-97.78459167480469,-0.009966612793505192,-0.6782023906707764,1.4223532676696777,-43.73453140258789,0.026616310700774193,0.6990700364112854,-1.3808910846710205,-67.35568237304688,-0.10657931119203568,0.926979660987854,-1.3738795518875122,-19.22499656677246
1785124240.9808726,0.061877619475126266,-0.9103624820709229,1.3415132761001587,-98.10295867919922,0.00830787792801857,-0.6943726539611816,1.4160560369491577,-43.96365737915039,0.029433542862534523,0.6890222430229187,-1.3870474100112915,-67.61705017089844,-0.1261250078678131,0.8973274827003479,-1.3735125064849854,-19.398218154907227
1785124241.030875,0.0664471685886383,-0.8931986093521118,1.353104591369629,-98.36062622070312,0.020862126722931862,-0.7031366229057312,1.415216088294983,-44.201786041259766,0.02985095977783203,0.6801255941390991,-1.392943263053894,-67.82656860351562,-0.13773557543754578,0.8761833310127258,-1.3716562986373901,-19.584936141967773
1785124241.0851185,0.06379211694002151,-0.8895820379257202,1.3527817726135254,-98.5706558227539,0.024336019530892372,-0.7023346424102783,1.422221302986145,-44.535804748535156,0.023915711790323257,0.6768508553504944,-1.3984441757202148,-67.98365783691406,-0.12044435739517212,0.8446170687675476,-1.3685328960418701,-19.87327003479004
1785124241.13959,0.05085711553692818,-0.9032467007637024,1.3494280576705933,-98.73573303222656,0.01669464446604252,-0.6995164155960083,1.4314590692520142,-44.9174690246582,0.009106000885367393,0.6825267672538757,-1.3985528945922852,-68.09429931640625,-0.07399237900972366,0.7952291369438171,-1.379087209701538,-20.221675872802734
1785124241.1896756,0.03362669050693512,-0.9197340607643127,1.350982904434204,-98.8821792602539,0.0045716725289821625,-0.6943210363388062,1.4373271465301514,-45.271217346191406,0.0043609789572656155,0.6927524209022522,-1.3891700506210327,-68.18853759765625,-0.05757804587483406,0.7871852517127991,-1.417325496673584,-20.5336856842041
1785124241.2471113,0.02044697292149067,-0.927943229675293,1.3503674268722534,-99.03224182128906,-0.0036389061715453863,-0.6706278324127197,1.4388556480407715,-45.666282653808594,0.020351490005850792,0.6998264789581299,-1.3866455554962158,-68.28070831298828,-0.07621810585260391,0.825872004032135,-1.4546314477920532,-20.88983917236328
1785124241.2996304,0.02366238832473755,-0.9302752614021301,1.3457378149032593,-99.12417602539062,0.003970629535615444,-0.6280063390731812,1.4437755346298218,-46.10319900512695,0.023452764376997948,0.6871896386146545,-1.38604736328125,-68.31275939941406,-0.07716796547174454,0.8552570939064026,-1.4349935054779053,-21.29790687561035
1785124241.3498752,0.028849733993411064,-0.9305918216705322,1.346691608428955,-99.22472381591797,0.010751737281680107,-0.6140804886817932,1.4468501806259155,-46.448116302490234,0.024221347644925117,0.6814505457878113,-1.3898066282272339,-68.36177825927734,-0.08045252412557602,0.8636940717697144,-1.4091956615447998,-21.61625099182129
1785124241.4047055,0.03720838949084282,-0.9198924899101257,1.3530572652816772,-99.44017028808594,0.017790287733078003,-0.6296974420547485,1.4421836137771606,-46.75651550292969,0.019508585333824158,0.6804772615432739,-1.3923814296722412,-68.52465057373047,-0.0876714363694191,0.8606116771697998,-1.4002052545547485,-21.894737243652344
1785124241.4568424,0.04233481362462044,-0.9093393683433533,1.3536760807037354,-99.64752960205078,0.01958729512989521,-0.6480085849761963,1.4359099864959717,-47.030399322509766,0.018635446205735207,0.682860255241394,-1.3922189474105835,-68.68168640136719,-0.09518588334321976,0.8566957116127014,-1.399334192276001,-22.137359619140625
1785124241.5091932,0.045162588357925415,-0.9100075364112854,1.348263144493103,-99.79886627197266,0.017298636958003044,-0.6538062691688538,1.4319639205932617,-47.40898132324219,0.02281852997839451,0.6872055530548096,-1.3892287015914917,-68.77754974365234,-0.10248171538114548,0.8660637140274048,-1.3942348957061768,-22.480920791625977
1785124241.5593767,0.046684496104717255,-0.9104580283164978,1.3529330492019653,-99.98429870605469,0.018713952973484993,-0.6529618501663208,1.4285122156143188,-47.705711364746094,0.02618877962231636,0.6897867918014526,-1.387536883354187,-68.91414642333984,-0.10828746110200882,0.8692096471786499,-1.3957937955856323,-22.744319915771484
1785124241.6095243,0.04648180305957794,-0.9135430455207825,1.353069543838501,-100.16217041015625,0.01680837757885456,-0.6526461839675903,1.4282585382461548,-48.013031005859375,0.02904568612575531,0.6874824166297913,-1.388012170791626,-69.04083251953125,-0.11109688878059387,0.8731310963630676,-1.3964015245437622,-23.014284133911133
1785124241.6654463,0.0470525398850441,-0.922943115234375,1.3447333574295044,-100.30744934082031,0.013639615848660469,-0.6482857465744019,1.4313666820526123,-48.400508880615234,0.029539771378040314,0.6843568682670593,-1.3885549306869507,-69.1285400390625,-0.11039838194847107,0.8836527466773987,-1.3911672830581665,-23.362335205078125
1785124241.7177358,0.049661628901958466,-0.9312389492988586,1.3398760557174683,-100.45201873779297,0.01388611365109682,-0.6452212929725647,1.431357741355896,-48.74167251586914,0.026223082095384598,0.6849045157432556,-1.3886550664901733,-69.21973419189453,-0.10856101661920547,0.8897362947463989,-1.386861801147461,-23.666698455810547
1785124241.7696917,0.053591735661029816,-0.9407520294189453,1.3345733880996704,-100.6136245727539,0.015347041189670563,-0.6468197703361511,1.429927110671997,-49.097293853759766,0.022032978013157845,0.68702232837677,-1.3884930610656738,-69.32042694091797,-0.10648233443498611,0.8911558985710144,-1.383185863494873,-23.98157501220703
1785124241.8245406,0.056964535266160965,-0.953231930732727,1.3262118101119995,-100.74805450439453,0.014579396694898605,-0.6503353714942932,1.430017352104187,-49.48226547241211,0.020463930442929268,0.6889150142669678,-1.388081669807434,-69.3905258178711,-0.10526376217603683,0.8936898708343506,-1.3756040334701538,-24.321924209594727
1785124241.8795638,0.061066851019859314,-0.9666965007781982,1.3178496360778809,-100.87354278564453,0.014176865108311176,-0.6510995030403137,1.428483486175537,-49.89851760864258,0.020149651914834976,0.689980685710907,-1.3876209259033203,-69.45032501220703,-0.10583530366420746,0.900151252746582,-1.3682613372802734,-24.694074630737305
1785124241.9297986,0.06480954587459564,-0.9766181707382202,1.3146361112594604,-101.0133056640625,0.015259661711752415,-0.6537594199180603,1.4263981580734253,-50.25345230102539,0.020230719819664955,0.6899325847625732,-1.387168049812317,-69.52967834472656,-0.10876492410898209,0.9024342894554138,-1.3661704063415527,-25.007709503173828
1785124241.9849396,0.06818491220474243,-0.9840005040168762,1.3116484880447388,-101.18535614013672,0.015811821445822716,-0.6579669117927551,1.4240102767944336,-50.62820816040039,0.022210491821169853,0.6889848113059998,-1.3871065378189087,-69.63396453857422,-0.11327742040157318,0.901846706867218,-1.364513874053955,-25.33519744873047
1785124242.0399013,0.07091911137104034,-0.9906303882598877,1.3048944473266602,-101.33769989013672,0.015319843776524067,-0.6594436764717102,1.4238320589065552,-51.02520751953125,0.02406501956284046,0.6885769367218018,-1.3872421979904175,-69.71600341796875,-0.11705364286899567,0.9033737182617188,-1.3607836961746216,-25.683473587036133
1785124242.0952935,0.07294391095638275,-0.9968148469924927,1.3007725477218628,-101.49327850341797,0.017166687175631523,-0.6583712100982666,1.425280213356018,-51.41862106323242,0.0219130739569664,0.6895737051963806,-1.3882590532302856,-69.80121612548828,-0.11107531934976578,0.8927980065345764,-1.3565407991409302,-26.03420639038086
1785124242.1453753,0.07112665474414825,-1.0042160749435425,1.3028143644332886,-101.65618896484375,0.01944573037326336,-0.6589319705963135,1.4255952835083008,-51.75465774536133,0.013506302610039711,0.6904489994049072,-1.390549898147583,-69.9006118774414,-0.08763301372528076,0.854129433631897,-1.3601568937301636,-26.342073440551758
1785124242.195609,0.06291192770004272,-1.0107262134552002,1.314842939376831,-101.87162780761719,0.019893623888492584,-0.6668369174003601,1.4260294437408447,-52.04000473022461,0.004352262243628502,0.6915616393089294,-1.3915756940841675,-70.0550308227539,-0.05839317664504051,0.7959915995597839,-1.3799357414245605,-26.60338020324707
1785124242.246339,0.04744561389088631,-1.0103946924209595,1.3251838684082031,-102.09931182861328,0.01306985691189766,-0.6737943291664124,1.429735779762268,-52.3154411315918,0.006434566807001829,0.6931540369987488,-1.386931300163269,-70.22161865234375,-0.05189080536365509,0.7700492143630981,-1.4156877994537354,-26.84788703918457
1785124242.3014932,0.03643696382641792,-0.9950032234191895,1.3197323083877563,-102.2906723022461,0.00986231118440628,-0.6569618582725525,1.44268000125885,-52.67317199707031,0.011924455873668194,0.6950236558914185,-1.3853152990341187,-70.34309387207031,-0.07289993762969971,0.8042809367179871,-1.446333885192871,-27.175201416015625
1785124242.3591444,0.030804218724370003,-0.9718688130378723,1.3123480081558228,-102.43546295166016,0.011624357663094997,-0.6209494471549988,1.4595203399658203,-53.066368103027344,0.024095823988318443,0.6946022510528564,-1.3825563192367554,-70.4192123413086,-0.08827410638332367,0.8343650698661804,-1.4277888536453247,-27.545618057250977
1785124242.409603,0.03219185024499893,-0.9499204754829407,1.3162860870361328,-102.59918212890625,0.022765357047319412,-0.5966238975524902,1.4676522016525269,-53.428199768066406,0.028198784217238426,0.6907531023025513,-1.3866329193115234,-70.51972961425781,-0.10568689554929733,0.8524565100669861,-1.4074187278747559,-27.888092041015625
1785124242.4606302,0.037660062313079834,-0.9281585812568665,1.3274389505386353,-102.81685638427734,0.03641669824719429,-0.5991680026054382,1.469638466835022,-53.68238830566406,0.02309229038655758,0.6835041642189026,-1.3908239603042603,-70.68621826171875,-0.12293218076229095,0.8548890352249146,-1.405104637145996,-28.124570846557617
1785124242.5150423,0.04160397872328758,-0.9025334119796753,1.3370429277420044,-103.10301208496094,0.04531765356659889,-0.6133131980895996,1.4677481651306152,-53.914634704589844,0.021604742854833603,0.6779489517211914,-1.394142508506775,-70.91850280761719,-0.14002247154712677,0.8469998240470886,-1.4082484245300293,-28.33417320251465
1785124242.5699506,0.04064705967903137,-0.8904815316200256,1.3374669551849365,-103.32105255126953,0.045942749828100204,-0.6181092858314514,1.467892050743103,-54.19524002075195,0.027981355786323547,0.6782400608062744,-1.3939496278762817,-71.08220672607422,-0.15153487026691437,0.8465162515640259,-1.407745122909546,-28.591018676757812
1785124242.6244605,0.03625762462615967,-0.8892699480056763,1.3356138467788696,-103.4809799194336,0.045494213700294495,-0.6109105348587036,1.4708964824676514,-54.528987884521484,0.03377754986286163,0.6826420426368713,-1.3908753395080566,-71.18960571289062,-0.1569100022315979,0.8557467460632324,-1.4071173667907715,-28.9010066986084
1785124242.6746871,0.03467874228954315,-0.8982245326042175,1.331417441368103,-103.61406707763672,0.045424096286296844,-0.6042128205299377,1.4728487730026245,-54.84168243408203,0.03408472239971161,0.6850534677505493,-1.3891621828079224,-71.2726058959961,-0.1570190191268921,0.8638415336608887,-1.4090722799301147,-29.19270133972168
1785124242.729784,0.03485221788287163,-0.9165477752685547,1.3228076696395874,-103.73497009277344,0.043183837085962296,-0.602302610874176,1.473326325416565,-55.196617126464844,0.031659893691539764,0.6851045489311218,-1.388702630996704,-71.33480834960938,-0.15180301666259766,0.8683719038963318,-1.4071006774902344,-29.52212142944336
1785124242.7859457,0.036447037011384964,-0.9367238879203796,1.312422752380371,-103.8447265625,0.038866136223077774,-0.6028268337249756,1.4716302156448364,-55.596397399902344,0.02864767052233219,0.6852052807807922,-1.3891289234161377,-71.38358306884766,-0.14144690334796906,0.8734786510467529,-1.3977925777435303,-29.894868850708008
1785124242.8373196,0.0342174768447876,-0.9455872178077698,1.311143159866333,-103.94763946533203,0.03850226104259491,-0.6072227358818054,1.4686594009399414,-55.96804428100586,0.024482138454914093,0.686562716960907,-1.389041781425476,-71.43183135986328,-0.13011451065540314,0.8765102624893188,-1.391528606414795,-30.24221420288086
1785124242.8893266,0.027561893686652184,-0.9429438710212708,1.3140746355056763,-104.03517150878906,0.03921015188097954,-0.6168524622917175,1.461029052734375,-56.407283782958984,0.021320832893252373,0.6875556707382202,-1.3892173767089844,-71.45743560791016,-0.11712299287319183,0.8814314603805542,-1.3890438079833984,-30.649715423583984
1785124242.9399443,0.027596309781074524,-0.9518647789955139,1.317629098892212,-104.167724609375,0.04169726371765137,-0.632916271686554,1.4470770359039307,-56.72822952270508,0.018952542915940285,0.6876730918884277,-1.3887866735458374,-71.52985382080078,-0.10808201879262924,0.8704782128334045,-1.3926197290420532,-30.942899703979492
1785124242.9948614,0.034066926687955856,-0.9784436225891113,1.3125405311584473,-104.31748962402344,0.03637067228555679,-0.6494290828704834,1.4371789693832397,-57.11876678466797,0.020403878763318062,0.6892961859703064,-1.3874539136886597,-71.60920715332031,-0.10023590177297592,0.8602935075759888,-1.3880451917648315,-31.29695701599121
1785124243.0494225,0.04220069944858551,-1.0070267915725708,1.3071666955947876,-104.46400451660156,0.03144242987036705,-0.6578348278999329,1.4287739992141724,-57.5207633972168,0.022445175796747208,0.691950261592865,-1.3860735893249512,-71.6851577758789,-0.09373269230127335,0.8536755442619324,-1.3819763660430908,-31.66207504272461
1785124243.0998325,0.04864944517612457,-1.0272371768951416,1.2999955415725708,-104.60232543945312,0.027936149388551712,-0.6619535088539124,1.4235931634902954,-57.88530349731445,0.021987000480294228,0.6933651566505432,-1.3852392435073853,-71.7573471069336,-0.08961959928274155,0.8507892489433289,-1.3790642023086548,-31.99142074584961
1785124243.1583328,0.054777540266513824,-1.0441181659698486,1.290018081665039,-104.74302673339844,0.02575897052884102,-0.6624073386192322,1.4227392673492432,-58.29243087768555,0.020008355379104614,0.694216787815094,-1.3845441341400146,-71.822998046875,-0.08718375861644745,0.8522166609764099,-1.376006841659546,-32.36049270629883
1785124243.20927,0.05834928900003433,-1.052250862121582,1.2902073860168457,-104.93082427978516,0.030228011310100555,-0.6629481315612793,1.4217321872711182,-58.62811279296875,0.017510345205664635,0.6946786046028137,-1.3842602968215942,-71.93756866455078,-0.08912315964698792,0.8465158939361572,-1.3766871690750122,-32.658660888671875
1785124243.2622852,0.058755602687597275,-1.0489742755889893,1.293871521949768,-105.15221405029297,0.03319298475980759,-0.6636703014373779,1.42231285572052,-58.910186767578125,0.018320094794034958,0.6931017637252808,-1.3856121301651,-72.09352111816406,-0.09055805951356888,0.8380753993988037,-1.3779072761535645,-32.90817642211914
1785124243.3142607,0.055208515375852585,-1.0406781435012817,1.292593240737915,-105.38703155517578,0.0340283140540123,-0.6634929776191711,1.425595760345459,-59.2144889831543,0.01788800023496151,0.6910477876663208,-1.3882819414138794,-72.25524139404297,-0.08415204286575317,0.8179712891578674,-1.3785459995269775,-33.18354797363281
1785124243.365287,0.048174597322940826,-1.0339688062667847,1.2935264110565186,-105.56768035888672,0.03315967321395874,-0.6631017327308655,1.434235692024231,-59.46238708496094,0.01440193597227335,0.691817581653595,-1.3885776996612549,-72.37622833251953,-0.0769176185131073,0.7999127507209778,-1.386965274810791,-33.409671783447266
1785124243.420204,0.03715910390019417,-1.0203754901885986,1.2968969345092773,-105.79047393798828,0.030336128547787666,-0.6541757583618164,1.4475229978561401,-59.79045486450195,0.015156949870288372,0.6945172548294067,-1.3850562572479248,-72.52757263183594,-0.08329731225967407,0.8059242963790894,-1.4058548212051392,-33.70602035522461
1785124243.475397,0.028421932831406593,-0.9947993159294128,1.301218032836914,-106.03738403320312,0.02996101602911949,-0.6415618658065796,1.4566773176193237,-60.08927536010742,0.025854021310806274,0.6953125,-1.3823710680007935,-72.7057876586914,-0.10219991207122803,0.8249859809875488,-1.4186038970947266,-33.977325439453125
1785124243.5310135,0.024230752140283585,-0.9607588648796082,1.3117648363113403,-106.32854461669922,0.033702004700899124,-0.6331779956817627,1.4618563652038574,-60.33649826049805,0.03400149941444397,0.6923792958259583,-1.3841012716293335,-72.93263244628906,-0.11830279976129532,0.8299083113670349,-1.4172660112380981,-34.19902420043945
1785124243.5876055,0.024656785652041435,-0.9304049611091614,1.3188183307647705,-106.59417724609375,0.040437303483486176,-0.6266063451766968,1.4664185047149658,-60.570980072021484,0.03350883349776268,0.6867716908454895,-1.3886324167251587,-73.13597869873047,-0.1292659193277359,0.8309459090232849,-1.4120254516601562,-34.409488677978516
1785124243.6404285,0.026829885318875313,-0.9057567119598389,1.3307856321334839,-106.86864471435547,0.04759468510746956,-0.620628833770752,1.4718736410140991,-60.8104362487793,0.027544748038053513,0.6831141710281372,-1.3916300535202026,-73.35572814941406,-0.13585849106311798,0.8345191478729248,-1.4105783700942993,-34.625701904296875
1785124243.6923525,0.027201084420084953,-0.8914923071861267,1.3367273807525635,-107.09518432617188,0.05029550939798355,-0.6117587685585022,1.4741164445877075,-61.05379104614258,0.024117369204759598,0.6811920404434204,-1.3930847644805908,-73.5337905883789,-0.13843107223510742,0.8420502543449402,-1.4120244979858398,-34.84885787963867
1785124243.7466426,0.02523966319859028,-0.8859710097312927,1.3405581712722778,-107.3250503540039,0.04854647070169449,-0.6018034219741821,1.4746049642562866,-61.33637619018555,0.02505294233560562,0.6809448003768921,-1.3925907611846924,-73.71206665039062,-0.1378708928823471,0.8508134484291077,-1.4145138263702393,-35.1106071472168
1785124243.7992864,0.022943316027522087,-0.894299328327179,1.3372007608413696,-107.49938201904297,0.04017426818609238,-0.5954205393791199,1.4730993509292603,-61.67613983154297,0.028862006962299347,0.6815657019615173,-1.3912608623504639,-73.8315200805664,-0.13306370377540588,0.863267719745636,-1.4138357639312744,-35.42643737792969
1785124243.8497713,0.023284437134861946,-0.914720356464386,1.3271048069000244,-107.58345794677734,0.035945210605859756,-0.5979363322257996,1.468964695930481,-62.06391143798828,0.02944415993988514,0.6835668683052063,-1.389389991760254,-73.86174774169922,-0.12665611505508423,0.8795812129974365,-1.4056745767593384,-35.78961944580078
1785124243.9054892,0.028263526037335396,-0.9403555393218994,1.321376919746399,-107.70050811767578,0.03339577838778496,-0.6117238998413086,1.459357738494873,-62.4708251953125,0.026277370750904083,0.6869383454322815,-1.3876838684082031,-73.91803741455078,-0.11864252388477325,0.8865175247192383,-1.3950529098510742,-36.16857147216797
1785124243.965528,0.036956269294023514,-0.9592609405517578,1.3195374011993408,-107.8766860961914,0.028321556746959686,-0.6281976103782654,1.446732759475708,-62.825191497802734,0.02360302209854126,0.6888401508331299,-1.3871651887893677,-74.03144836425781,-0.1085723340511322,0.880196213722229,-1.389132022857666,-36.491825103759766
1785124244.0205703,0.046168576925992966,-0.9741828441619873,1.31886625289917,-108.0789566040039,0.0236448235809803,-0.6447135210037231,1.4347918033599854,-63.161643981933594,0.021351953968405724,0.6897240877151489,-1.3872056007385254,-74.1683349609375,-0.0990782305598259,0.8690196871757507,-1.3854331970214844,-36.79341506958008
1785124244.0716953,0.05345077067613602,-0.9865216612815857,1.3171650171279907,-108.25743865966797,0.018010202795267105,-0.6566017866134644,1.4257277250289917,-63.47910690307617,0.020556403324007988,0.6904566287994385,-1.3872352838516235,-74.28485870361328,-0.09156603366136551,0.8614711165428162,-1.3818539381027222,-37.07585144042969
1785124244.124495,0.059675250202417374,-0.9990799427032471,1.3162134885787964,-108.44605255126953,0.014604680240154266,-0.6634430289268494,1.419362187385559,-63.81559753417969,0.01977700926363468,0.6915556788444519,-1.3866496086120605,-74.40496826171875,-0.08566919714212418,0.8555691242218018,-1.3808186054229736,-37.374935150146484
1785124244.1749053,0.06264849752187729,-1.004739761352539,1.3213387727737427,-108.65467071533203,0.013775316067039967,-0.6670960783958435,1.4152854681015015,-64.08942413330078,0.019601715728640556,0.6922236680984497,-1.3858932256698608,-74.5531005859375,-0.08281940221786499,0.8490644693374634,-1.3828891515731812,-37.61348342895508
1785124244.226162,0.06285399198532104,-1.0061182975769043,1.319051742553711,-108.84988403320312,0.008996267803013325,-0.6666379570960999,1.4151684045791626,-64.39563751220703,0.021342093124985695,0.6910436749458313,-1.3865782022476196,-74.68457794189453,-0.08068080246448517,0.8502605557441711,-1.382790207862854,-37.88216018676758
1785124244.2796261,0.062224455177783966,-1.0075784921646118,1.3117903470993042,-109.00298309326172,0.004201449919492006,-0.6584886908531189,1.4197044372558594,-64.74213409423828,0.022052815183997154,0.69062340259552,-1.3862550258636475,-74.7734603881836,-0.08001931756734848,0.8613244295120239,-1.3799017667770386,-38.19334411621094
1785124244.330299,0.061920009553432465,-1.0041385889053345,1.3136767148971558,-109.19189453125,0.006253205239772797,-0.6498876214027405,1.4238157272338867,-65.04910278320312,0.02024884521961212,0.6914786696434021,-1.3857271671295166,-74.90071105957031,-0.08238005638122559,0.8689651489257812,-1.3812214136123657,-38.467079162597656
1785124244.384684,0.06081664189696312,-0.9927078485488892,1.318578839302063,-109.43850708007812,0.00946731586009264,-0.6463568210601807,1.4261586666107178,-65.34589385986328,0.01942799612879753,0.6906166076660156,-1.3862380981445312,-75.080810546875,-0.08768770843744278,0.8706625699996948,-1.384576439857483,-38.726627349853516
1785124244.439002,0.05891529098153114,-0.9778701066970825,1.3219032287597656,-109.6738052368164,0.011358240619301796,-0.6458927989006042,1.4287976026535034,-65.6021957397461,0.021097300574183464,0.6889159083366394,-1.3872250318527222,-75.2568359375,-0.09373299032449722,0.869526743888855,-1.3859091997146606,-38.949893951416016
1785124244.4898875,0.05583411082625389,-0.9615908265113831,1.3246521949768066,-109.92240142822266,0.015101632103323936,-0.6460940837860107,1.4330158233642578,-65.86554718017578,0.022821027785539627,0.6876664161682129,-1.3882614374160767,-75.44123840332031,-0.10159875452518463,0.8662072420120239,-1.388060450553894,-39.177913665771484
1785124244.5402637,0.052445340901613235,-0.9479714632034302,1.327235221862793,-110.14104461669922,0.01843041554093361,-0.6477940082550049,1.438836693763733,-66.09553527832031,0.02378500998020172,0.6874500513076782,-1.3885390758514404,-75.60362243652344,-0.1091335341334343,0.8624036908149719,-1.3910058736801147,-39.375267028808594
1785124244.5906885,0.04954240471124649,-0.936716616153717,1.3286937475204468,-110.3442153930664,0.021948760375380516,-0.641577959060669,1.444239616394043,-66.37206268310547,0.02472710609436035,0.6878229379653931,-1.3885493278503418,-75.75130462646484,-0.11584869772195816,0.8661601543426514,-1.3917713165283203,-39.6198616027832
1785124244.640754,0.04702470824122429,-0.9251962304115295,1.3329070806503296,-110.5709228515625,0.02570403181016445,-0.6387238502502441,1.4476549625396729,-66.62865447998047,0.024804500862956047,0.6872755885124207,-1.3886852264404297,-75.9260025024414,-0.12212558835744858,0.8667726516723633,-1.3960216045379639,-39.845123291015625
1785124244.69145,0.04418028146028519,-0.916257917881012,1.3352365493774414,-110.79236602783203,0.02835051156580448,-0.6355628371238708,1.450157880783081,-66.88786315917969,0.025954505428671837,0.685918390750885,-1.3891398906707764,-76.09550476074219,-0.12665200233459473,0.8664479851722717,-1.3990252017974854,-40.0741081237793
1785124244.7451766,0.04109356179833412,-0.9124338030815125,1.3355706930160522,-111.01373291015625,0.030391329899430275,-0.629366934299469,1.4532177448272705,-67.19269561767578,0.027383357286453247,0.6848413348197937,-1.3895176649093628,-76.25981140136719,-0.12909939885139465,0.8676764369010925,-1.3999930620193481,-40.34714889526367
1785124244.7995696,0.039397843182086945,-0.9164510369300842,1.3342788219451904,-111.21212005615234,0.032392628490924835,-0.6212196946144104,1.4557515382766724,-67.5186538696289,0.027466585859656334,0.6845120191574097,-1.3895819187164307,-76.40050506591797,-0.1290271282196045,0.8705192804336548,-1.4001203775405884,-40.643192291259766
1785124244.854798,0.03857862949371338,-0.9264090657234192,1.329571008682251,-111.39295959472656,0.03362899646162987,-0.616171658039093,1.4569517374038696,-67.85480499267578,0.026462901383638382,0.6845694780349731,-1.3895611763000488,-76.52198028564453,-0.12679071724414825,0.8720951080322266,-1.3995698690414429,-40.95062255859375
1785124244.9095445,0.0372912622988224,-0.940879225730896,1.3210405111312866,-111.54682922363281,0.03479830175638199,-0.6161640286445618,1.4572913646697998,-68.18479919433594,0.024829525500535965,0.6857576966285706,-1.3888146877288818,-76.6137466430664,-0.12341263890266418,0.8696459531784058,-1.3981751203536987,-41.25249481201172
1785124244.961187,0.03671785071492195,-0.9549663066864014,1.31516695022583,-111.69281768798828,0.03708050027489662,-0.616492509841919,1.4584749937057495,-68.49055480957031,0.023463629186153412,0.687977135181427,-1.387913465499878,-76.70169830322266,-0.11999649554491043,0.8663775324821472,-1.3958474397659302,-41.53376007080078
1785124245.0152574,0.036624908447265625,-0.9685589075088501,1.3104867935180664,-111.8784408569336,0.03981518745422363,-0.6166954636573792,1.4562556743621826,-68.83563995361328,0.022170912474393845,0.6893198490142822,-1.3876312971115112,-76.8216781616211,-0.11669985204935074,0.862500011920929,-1.3943960666656494,-41.85219192504883
1785124245.0653174,0.03661024942994118,-0.9797165989875793,1.3061710596084595,-112.05736541748047,0.04177389666438103,-0.6194029450416565,1.4554245471954346,-69.141845703125,0.021648576483130455,0.6892794966697693,-1.3874802589416504,-76.93923950195312,-0.11456294357776642,0.856899619102478,-1.394667148590088,-42.1348876953125
1785124245.119371,0.036277271807193756,-0.9889857769012451,1.304743766784668,-112.2799072265625,0.04476822167634964,-0.6253122687339783,1.4528294801712036,-69.4560775756836,0.021807406097650528,0.6894589066505432,-1.3871874809265137,-77.09416961669922,-0.11350816488265991,0.8468115329742432,-1.3962522745132446,-42.42344665527344
1785124245.1711395,0.034970369189977646,-0.9946339130401611,1.3022716045379639,-112.49002838134766,0.046940553933382034,-0.6303555965423584,1.451689600944519,-69.73590850830078,0.022899799048900604,0.6897485256195068,-1.3873209953308105,-77.24087524414062,-0.11291123181581497,0.8370598554611206,-1.3973225355148315,-42.67994689941406
1785124245.2248328,0.03269030898809433,-1.000265121459961,1.2976809740066528,-112.70680236816406,0.04903798550367355,-0.6346974968910217,1.4523004293441772,-70.03874969482422,0.023300224915146828,0.6906102895736694,-1.3868852853775024,-77.38729858398438,-0.11281951516866684,0.8282306790351868,-1.39912748336792,-42.95773696899414
1785124245.2759607,0.030122164636850357,-1.004237174987793,1.2922526597976685,-112.86795806884766,0.050082311034202576,-0.6350833773612976,1.4570404291152954,-70.3045425415039,0.023290013894438744,0.6918832063674927,-1.3865151405334473,-77.48878479003906,-0.11294762045145035,0.825705349445343,-1.398926019668579,-43.20286178588867
1785124245.3300757,0.02749132364988327,-1.0072511434555054,1.2881362438201904,-113.0663833618164,0.05272843316197395,-0.6286205649375916,1.4618303775787354,-70.64909362792969,0.02220197021961212,0.6930037140846252,-1.3859667778015137,-77.61529541015625,-0.11410649865865707,0.8288222551345825,-1.3990854024887085,-43.523380279541016
1785124245.3819518,0.025554561987519264,-1.0058460235595703,1.2880375385284424,-113.27195739746094,0.05639633536338806,-0.6268349885940552,1.4643511772155762,-70.93639373779297,0.021219007670879364,0.6924469470977783,-1.3862241506576538,-77.75577545166016,-0.11652962118387222,0.8280617594718933,-1.4012324810028076,-43.78929901123047
1785124245.4346566,0.023995215073227882,-1.0017277002334595,1.2896521091461182,-113.51274871826172,0.060293830931186676,-0.6258953809738159,1.4650859832763672,-71.23694610595703,0.022022483870387077,0.691014289855957,-1.3870117664337158,-77.9251708984375,-0.11994001269340515,0.8248984813690186,-1.4026015996932983,-44.06728744506836
1785124245.4851937,0.02238534763455391,-0.9986110329627991,1.288610577583313,-113.71658325195312,0.06268631666898727,-0.6262565851211548,1.465615153312683,-71.4944839477539,0.023631030693650246,0.6898977756500244,-1.3877766132354736,-78.06343841552734,-0.12302086502313614,0.8202824592590332,-1.4028983116149902,-44.305233001708984
1785124245.5394435,0.02067854255437851,-0.9944759011268616,1.2920633554458618,-113.95655822753906,0.06503545492887497,-0.6297181248664856,1.467211365699768,-71.75170135498047,0.024989720433950424,0.6901174187660217,-1.387723684310913,-78.23348999023438,-0.12558789551258087,0.8133835196495056,-1.4047349691390991,-44.54140853881836
1785124245.5897298,0.01883220486342907,-0.9907045364379883,1.293398380279541,-114.16938018798828,0.06574513018131256,-0.6295949816703796,1.4682728052139282,-71.98991394042969,0.025781970471143723,0.6904247403144836,-1.387675166130066,-78.38249206542969,-0.12628203630447388,0.8103304505348206,-1.4068831205368042,-44.76105499267578
1785124245.645234,0.016675619408488274,-0.9896963238716125,1.2915561199188232,-114.3703384399414,0.06458038091659546,-0.6153871417045593,1.471218466758728,-72.31951904296875,0.025986917316913605,0.6907380819320679,-1.387339472770691,-78.51215362548828,-0.1249951720237732,0.8211210370063782,-1.4061295986175537,-45.07164001464844
1785124245.6954992,0.01577291078865528,-0.9917289614677429,1.2900511026382446,-114.53772735595703,0.06397946178913116,-0.6002347469329834,1.4731043577194214,-72.63621520996094,0.024522867053747177,0.6901254653930664,-1.3873835802078247,-78.61479949951172,-0.12333085387945175,0.8344269394874573,-1.4052491188049316,-45.37223434448242
1785124245.7466397,0.01578027382493019,-0.9965599179267883,1.2863333225250244,-114.6832275390625,0.06380639225244522,-0.5936927795410156,1.474740743637085,-72.97311401367188,0.022514453157782555,0.6887969970703125,-1.3876457214355469,-78.69459533691406,-0.12232547253370285,0.8481424450874329,-1.402043104171753,-45.69117736816406
1785124245.7994533,0.017143983393907547,-1.0003466606140137,1.2872018814086914,-114.872314453125,0.06548188626766205,-0.598167896270752,1.4716395139694214,-73.2735824584961,0.021365851163864136,0.6880738139152527,-1.3879830837249756,-78.81288146972656,-0.12242347002029419,0.8481505513191223,-1.3999733924865723,-45.974124908447266
1785124245.8501985,0.018889576196670532,-1.0018504858016968,1.2884225845336914,-115.05862426757812,0.06586368381977081,-0.6057227849960327,1.4685403108596802,-73.53099822998047,0.022426871582865715,0.6882086992263794,-1.3881731033325195,-78.93451690673828,-0.12251799553632736,0.8428377509117126,-1.3980286121368408,-46.21409225463867
1785124245.9047918,0.020924678072333336,-1.0042805671691895,1.2865816354751587,-115.24453735351562,0.0639597699046135,-0.6113743782043457,1.4654046297073364,-73.84346771240234,0.023682743310928345,0.6893022060394287,-1.3875213861465454,-79.0483627319336,-0.12268945574760437,0.8412464261054993,-1.395367980003357,-46.5054931640625
1785124245.9612088,0.023563202470541,-1.004319429397583,1.2888767719268799,-115.45406341552734,0.06269295513629913,-0.6130872368812561,1.4637415409088135,-74.16761779785156,0.023878127336502075,0.6904841065406799,-1.3869307041168213,-79.18701934814453,-0.12284081429243088,0.8428037762641907,-1.3952150344848633,-46.80847930908203
1785124246.0113351,0.02502659149467945,-1.0015760660171509,1.2907294034957886,-115.65096282958984,0.062001489102840424,-0.6149731874465942,1.4618207216262817,-74.45767974853516,0.023046212270855904,0.690411388874054,-1.3866603374481201,-79.31980895996094,-0.12373735755681992,0.8437999486923218,-1.396948218345642,-47.07790756225586
1785124246.0653644,0.02603539265692234,-0.9973279237747192,1.291921854019165,-115.86592864990234,0.06229529529809952,-0.6174537539482117,1.4600396156311035,-74.76396942138672,0.022708812728524208,0.6898886561393738,-1.3870927095413208,-79.46405029296875,-0.12541387975215912,0.8427427411079407,-1.3980865478515625,-47.36115264892578
1785124246.119285,0.0261079054325819,-0.9951345920562744,1.2924623489379883,-116.06450653076172,0.06450142711400986,-0.6183610558509827,1.4609198570251465,-75.05766296386719,0.022975444793701172,0.6897075772285461,-1.387503743171692,-79.5918197631836,-0.12772805988788605,0.8399746417999268,-1.397017478942871,-47.63222885131836
1785124246.1696198,0.025403082370758057,-0.9955099821090698,1.290831446647644,-116.23002624511719,0.06541519612073898,-0.6155694127082825,1.4635190963745117,-75.35885620117188,0.023610923439264297,0.6893451809883118,-1.3879947662353516,-79.69249725341797,-0.1295076310634613,0.8432934284210205,-1.3938487768173218,-47.91064453125
1785124246.2247975,0.02456689067184925,-0.9966102838516235,1.288586139678955,-116.41207885742188,0.06618087738752365,-0.609924852848053,1.4661636352539062,-75.7107162475586,0.023620648309588432,0.6886988878250122,-1.3880208730697632,-79.80390930175781,-0.13129208981990814,0.8515210151672363,-1.3916432857513428,-48.23994827270508
1785124246.276499,0.02402339316904545,-0.9968841075897217,1.2877141237258911,-116.59280395507812,0.06720583885908127,-0.6078109741210938,1.4665212631225586,-76.01585388183594,0.023252438753843307,0.6881465911865234,-1.3880418539047241,-79.92015075683594,-0.13315606117248535,0.855710506439209,-1.3920120000839233,-48.52312469482422
1785124246.3327527,0.02330184355378151,-0.9994322061538696,1.2812813520431519,-116.76144409179688,0.06802425533533096,-0.6090078949928284,1.4677104949951172,-76.3564224243164,0.02349611558020115,0.6881637573242188,-1.388047695159912,-80.01497650146484,-0.13533838093280792,0.8589382171630859,-1.3903580904006958,-48.838653564453125
1785124246.3862262,0.02359040081501007,-1.0031630992889404,1.2807899713516235,-116.93888854980469,0.07108917087316513,-0.6104838848114014,1.4680708646774292,-76.67008209228516,0.02382468618452549,0.6899503469467163,-1.3872568607330322,-80.11994171142578,-0.13759367167949677,0.8571919202804565,-1.3883862495422363,-49.129310607910156
1785124246.436265,0.023871049284934998,-1.005588412284851,1.2814610004425049,-117.11630249023438,0.07479093223810196,-0.6108217835426331,1.4669127464294434,-76.93965148925781,0.023763004690408707,0.6901441216468811,-1.3874284029006958,-80.2314682006836,-0.13947512209415436,0.852392315864563,-1.3886877298355103,-49.377227783203125
1785124246.489366,0.02264047972857952,-1.0125977993011475,1.269643783569336,-117.23662567138672,0.07587691396474838,-0.6113356947898865,1.468504548072815,-77.28042602539062,0.02343638986349106,0.6895135045051575,-1.3876832723617554,-80.2740249633789,-0.14154240489006042,0.8536511659622192,-1.3863284587860107,-49.691837310791016
1785124246.545873,0.021411428228020668,-1.0222294330596924,1.2624849081039429,-117.3373794555664,0.08171138167381287,-0.6170124411582947,1.4726237058639526,-77.55648040771484,0.02190198004245758,0.691383957862854,-1.3869551420211792,-80.29662322998047,-0.14528055489063263,0.8462960720062256,-1.3868982791900635,-49.94460678100586
1785124246.6003866,0.02044263295829296,-1.0300266742706299,1.2595912218093872,-117.45425415039062,0.08871468901634216,-0.6242883801460266,1.4747365713119507,-77.80876922607422,0.02202255092561245,0.6931222677230835,-1.3866122961044312,-80.33511352539062,-0.1493695229291916,0.8347251415252686,-1.3873498439788818,-50.17188262939453
1785124246.6553762,0.018348071724176407,-1.0369893312454224,1.253015398979187,-117.54800415039062,0.09452943503856659,-0.6229000687599182,1.476434350013733,-78.0928726196289,0.022933829575777054,0.6934731602668762,-1.3863952159881592,-80.34843444824219,-0.15346463024616241,0.8302361965179443,-1.385932445526123,-50.43199920654297
