t,x,y
1785124206.513599,3.784572739515783e-05,1.177723523127398e-06
1785124206.5146582,3.784559704959534e-05,1.177714209485588e-06
1785124206.5156183,3.784546562385527e-05,1.1777048893829476e-06
1785124206.5193174,3.784533129372875e-05,1.1776954311517752e-06
1785124206.5260348,3.784519878936467e-05,1.1776860160833168e-06
1785124206.530984,3.7845072550287095e-05,1.1776769519854512e-06
1785124206.5344958,3.784493597038348e-05,1.1776672883948473e-06
1785124206.5407562,3.7844801973158006e-05,1.1776578554922715e-06
1785124206.545977,3.78446649455142e-05,1.1776482529377458e-06
1785124206.550643,3.78445285594976e-05,1.1776386534237129e-06
1785124206.5553567,3.7844393938859044e-05,1.1776291572175684e-06
1785124206.5609865,3.78442554906605e-05,1.177619238828729e-06
1785124206.5649407,3.784411698436686e-05,1.1776092209475975e-06
1785124206.5703578,3.784398301246565e-05,1.177599520297918e-06
1785124206.5758352,3.7843853348423517e-05,1.1775901123644718e-06
1785124206.5804884,3.784371774689186e-05,1.1775802375819213e-06
1785124206.5850286,3.7843587026859126e-05,1.1775706695256966e-06
1785124206.5899372,3.7843453704526345e-05,1.177561006315514e-06
1785124206.5961926,3.78433171465286e-05,1.1775511101479403e-06
1785124206.5998912,3.7843180813746656e-05,1.1775412367573644e-06
1785124206.6056976,3.784304656374425e-05,1.1775315134983046e-06
1785124206.611013,3.7842913337089804e-05,1.1775217838985068e-06
1785124206.6155896,3.7842778523724974e-05,1.1775118244581587e-06
1785124206.6202042,3.78426486689541e-05,1.1775022011009172e-06
1785124206.6256733,3.784251804581397e-05,1.1774925111820706e-06
1785124206.630854,3.7842384700133485e-05,1.177482472279549e-06
1785124206.6353228,3.784224801626747e-05,1.1774722718194913e-06
1785124206.6402352,3.784212231220558e-05,1.177462816364867e-06
1785124206.6464567,3.7841988021317205e-05,1.177452635751756e-06
1785124206.6514037,3.784185133782774e-05,1.1774422781096e-06
1785124206.6558223,3.784171886370831e-05,1.1774322353862105e-06
1785124206.661414,3.7841591493007134e-05,1.1774225910008884e-06
1785124206.6648967,3.784146039969115e-05,1.1774127442583184e-06
1785124206.6703424,3.784132452688342e-05,1.1774026286657998e-06
1785124206.6751528,3.7841194013952364e-05,1.1773927551029929e-06
1785124206.6800194,3.784106007000201e-05,1.1773825877731996e-06
1785124206.6857526,3.784092801019384e-05,1.1773724546750488e-06
1785124206.690132,3.7840790547262795e-05,1.1773619614023116e-06
1785124206.697476,3.784065683046188e-05,1.1773518132632868e-06
1785124206.699711,3.7840516838755716e-05,1.177341074999816e-06
1785124206.7049658,3.784038240881007e-05,1.1773307808431211e-06
1785124206.7116225,3.784024320261159e-05,1.1773201410163423e-06
1785124206.7159026,3.784010795898133e-05,1.177309818444866e-06
1785124206.7210815,3.783997356065619e-05,1.1772995332805473e-06
1785124206.726366,3.7839838750929e-05,1.1772892302183702e-06
1785124206.7336266,3.7839702748751005e-05,1.177278757850318e-06
1785124206.7364755,3.7839570238069026e-05,1.177268704391479e-06
1785124206.742343,3.7839435371791686e-05,1.17725852591581e-06
1785124206.7477047,3.7839305213508094e-05,1.1772487407047807e-06
1785124206.7515342,3.783917106547423e-05,1.1772386354976194e-06
1785124206.754435,3.78390393177739e-05,1.1772286853455582e-06
1785124206.7614708,3.783891000232627e-05,1.1772189267092552e-06
1785124206.7653363,3.7838777520476055e-05,1.17720892275763e-06
1785124206.7703412,3.7838647870349246e-05,1.1771990989182092e-06
1785124206.7752788,3.7838514400230994e-05,1.177188943314438e-06
1785124206.7803888,3.783838242564748e-05,1.177178866317584e-06
1785124206.7856476,3.7838250670535455e-05,1.1771688158491584e-06
1785124206.7907305,3.783811395826629e-05,1.177158290901375e-06
1785124206.7973678,3.783798018439336e-05,1.1771479260088036e-06
1785124206.8005612,3.78378453107751e-05,1.177137348770656e-06
1785124206.8059056,3.783770752788876e-05,1.1771265247750381e-06
1785124206.8112993,3.783757141266336e-05,1.177115743124833e-06
1785124206.8154597,3.7837438858643616e-05,1.1771051752964738e-06
1785124206.8208082,3.783730354364217e-05,1.177094361501688e-06
1785124206.8264928,3.783716945673083e-05,1.1770835432948548e-06
1785124206.8306491,3.7837029301394465e-05,1.1770722161365995e-06
1785124206.8352032,3.783689656208204e-05,1.1770615378607793e-06
1785124206.8399892,3.7836760102877105e-05,1.1770506119042945e-06
1785124206.8465,3.7836627047769145e-05,1.1770399602977728e-06
1785124206.850477,3.7836497290363905e-05,1.1770294584597454e-06
1785124206.8549142,3.783636426429674e-05,1.1770186676888665e-06
1785124206.8611856,3.783623581012806e-05,1.1770082486690224e-06
1785124206.8652341,3.783610776738694e-05,1.1769978200368993e-06
1785124206.870652,3.783597706892932e-05,1.1769870551105794e-06
1785124206.8748686,3.783584265795536e-05,1.176975893253781e-06
1785124206.8807518,3.783571077266543e-05,1.1769648758240196e-06
1785124206.8855398,3.783557815642642e-05,1.1769538363179888e-06
1785124206.8896296,3.783544313740239e-05,1.176942520907225e-06
1785124206.8978431,3.783530589262829e-05,1.1769310798057628e-06
1785124206.8998258,3.783516908087652e-05,1.1769197557160631e-06
1785124206.90474,3.7835039974525344e-05,1.1769090645040508e-06
1785124206.9108157,3.783490369667371e-05,1.1768977540132089e-06
1785124206.9150949,3.783476717100797e-05,1.176886223750907e-06
1785124206.9195702,3.783463050965725e-05,1.1768746974743665e-06
1785124206.924699,3.7834494061047144e-05,1.1768631269854307e-06
1785124206.9307337,3.783435409007399e-05,1.176851310304913e-06
1785124206.9358466,3.783421559692844e-05,1.176839677647804e-06
1785124206.939781,3.7834083388194825e-05,1.1768286181883494e-06
1785124206.946191,3.7833950565868506e-05,1.1768175062783544e-06
1785124206.9503174,3.7833817243915094e-05,1.1768063527245794e-06
1785124206.9552925,3.783368412509235e-05,1.1767951871870875e-06
1785124206.9612184,3.783354923940335e-05,1.1767839894302908e-06
1785124206.9657753,3.783341881439685e-05,1.1767730314301591e-06
1785124206.9702902,3.7833282512771364e-05,1.1767614708002953e-06
1785124206.975302,3.783314631136125e-05,1.1767499830165149e-06
1785124206.9810276,3.7833009576385104e-05,1.1767384417103639e-06
1785124206.985349,3.7832880570658585e-05,1.1767274508950152e-06
1785124206.9900076,3.7832748620994066e-05,1.176716238232543e-06
1785124206.9984803,3.783261168970068e-05,1.1767046464810656e-06
1785124207.000139,3.7832475895441035e-05,1.1766930947125021e-06
1785124207.0049076,3.783233804284414e-05,1.1766815551827438e-06
1785124207.0122733,3.783220639299138e-05,1.1766705918151858e-06
1785124207.015548,3.783207591836582e-05,1.1766597202985373e-06
1785124207.0201406,3.7831947233391595e-05,1.1766490762458168e-06
1785124207.026141,3.783181341847375e-05,1.1766381166822675e-06
1785124207.0333836,3.783167769963982e-05,1.1766270240268377e-06
1785124207.0354912,3.783154720849584e-05,1.176616418173085e-06
1785124207.0403242,3.7831413814583346e-05,1.1766054974212384e-06
1785124207.0473495,3.783128028315471e-05,1.1765944797901334e-06
1785124207.0506015,3.783114615842123e-05,1.176583447301911e-06
1785124207.0557013,3.783101539434726e-05,1.176572578219204e-06
1785124207.0620544,3.78308825412747e-05,1.1765614889514748e-06
1785124207.0659769,3.783075067596523e-05,1.176550503632631e-06
1785124207.0703533,3.7830616965201186e-05,1.1765393466328728e-06
1785124207.0750692,3.783048663036915e-05,1.1765284888165678e-06
1785124207.0803447,3.78303550855804e-05,1.1765174931320805e-06
1785124207.0863497,3.783021983696199e-05,1.1765062752908668e-06
1785124207.0899262,3.78300825601622e-05,1.1764948154735967e-06
1785124207.0972629,3.782994172167257e-05,1.1764829993932284e-06
1785124207.099711,3.7829807699621785e-05,1.1764717044172937e-06
1785124207.1050127,3.7829671462602316e-05,1.1764602168226051e-06
1785124207.110813,3.782953901824992e-05,1.176449016024261e-06
1785124207.1150863,3.782940396978716e-05,1.1764376125663846e-06
1785124207.1202087,3.782926812330806e-05,1.1764262100880144e-06
1785124207.1250916,3.782913371550682e-05,1.1764149888398529e-06
1785124207.132184,3.782900304079113e-05,1.176403999474968e-06
1785124207.1359594,3.782886515969047e-05,1.176392405268339e-06
1785124207.1401083,3.782873172122638e-05,1.1763810234642708e-06
1785124207.1485023,3.782859256995503e-05,1.1763692427015263e-06
1785124207.1513445,3.782845519105306e-05,1.17635765240297e-06
1785124207.1546516,3.7828321988415624e-05,1.1763464212681001e-06
1785124207.1605663,3.782818675427839e-05,1.1763349768510734e-06
1785124207.1651754,3.782805491167704e-05,1.1763238010372312e-06
1785124207.1704345,3.782791818731746e-05,1.176312239255823e-06
1785124207.1749845,3.78277836813474e-05,1.1763009991144532e-06
1785124207.1806078,3.7827653145444585e-05,1.1762900571465548e-06
1785124207.1852844,3.782751920469777e-05,1.1762788596878286e-06
1785124207.1902337,3.782738644370281e-05,1.1762676835503394e-06
1785124207.1992245,3.782725536481054e-05,1.1762566425517241e-06
1785124207.2020757,3.782711751950036e-05,1.1762449854597526e-06
1785124207.2046654,3.782698289127842e-05,1.176233669915302e-06
1785124207.2094245,3.782684862315889e-05,1.176222421856286e-06
1785124207.2155855,3.78267193510785e-05,1.1762115848636665e-06
1785124207.2194285,3.782658478466089e-05,1.176200378285394e-06
1785124207.2247524,3.782645145140039e-05,1.176189201109205e-06
1785124207.2321677,3.7826317298500395e-05,1.1761779217271847e-06
1785124207.2360115,3.7826179925500775e-05,1.1761663796492946e-06
1785124207.2408082,3.782604745914486e-05,1.1761552855302845e-06
1785124207.2463248,3.7825913937918575e-05,1.1761441283070639e-06
1785124207.2500014,3.782578188461198e-05,1.176133078539241e-06
1785124207.2550938,3.782564954909367e-05,1.1761220759101756e-06
1785124207.2616434,3.7825514658900395e-05,1.1761107802442961e-06
1785124207.2660546,3.7825380498059314e-05,1.1760995419355002e-06
1785124207.2705848,3.78252489751353e-05,1.1760884877810367e-06
1785124207.2753618,3.782511658933765e-05,1.176077317822324e-06
1785124207.2808425,3.782498559677949e-05,1.1760662389113132e-06
1785124207.2851465,3.782485304892416e-05,1.176054925962389e-06
1785124207.2905066,3.782472314883534e-05,1.1760438226159276e-06
1785124207.2996914,3.782458867434774e-05,1.1760324294137598e-06
1785124207.3013284,3.782445538985929e-05,1.176021271201561e-06
1785124207.3049088,3.782432301842234e-05,1.1760100506377263e-06
1785124207.309951,3.78241884628187e-05,1.1759987358255664e-06
1785124207.315572,3.782405508394209e-05,1.1759876574284814e-06
1785124207.321582,3.7823924668363864e-05,1.1759768292730863e-06
1785124207.3262124,3.782379071820523e-05,1.1759656617348029e-06
1785124207.331401,3.782365693931009e-05,1.1759544576694444e-06
1785124207.335329,3.782352482740359e-05,1.1759434203371466e-06
1785124207.340028,3.7823392449332045e-05,1.1759323171354368e-06
1785124207.347002,3.782325660481852e-05,1.1759209578073502e-06
1785124207.352064,3.78231248131338e-05,1.1759097859331718e-06
1785124207.3559499,3.782298996473576e-05,1.1758983769055478e-06
1785124207.361219,3.782285556326759e-05,1.1758869856133124e-06
1785124207.3663735,3.782272421262343e-05,1.1758757653769459e-06
1785124207.37067,3.7822593088366116e-05,1.1758645300433674e-06
1785124207.3750873,3.782245897637728e-05,1.1758529294884723e-06
1785124207.3807635,3.782232125532358e-05,1.1758409945629888e-06
1785124207.3865016,3.78221853790322e-05,1.1758292852858e-06
1785124207.3907137,3.782205177300673e-05,1.1758178445851545e-06
1785124207.39911,3.782191678813889e-05,1.1758062337537141e-06
1785124207.4008882,3.7821781807463985e-05,1.175794465585989e-06
1785124207.4056628,3.782164556373275e-05,1.175782775766029e-06
1785124207.410308,3.7821507352906014e-05,1.1757708795974087e-06
1785124207.4159858,3.7821374992118137e-05,1.1757594650898182e-06
1785124207.4202714,3.78212404271201e-05,1.1757479377872557e-06
1785124207.425906,3.7821108969775006e-05,1.1757366028941951e-06
1785124207.432487,3.7820974592253004e-05,1.175724980456537e-06
1785124207.435496,3.782083831677006e-05,1.1757131451822918e-06
1785124207.4397442,3.782070235986448e-05,1.1757013515601562e-06
1785124207.4462624,3.782056708640021e-05,1.1756895002904078e-06
1785124207.4515984,3.782043028722905e-05,1.1756775524152133e-06
1785124207.4550147,3.7820294306436786e-05,1.1756656408606203e-06
1785124207.4598386,3.782016078546116e-05,1.175653908207922e-06
1785124207.465237,3.7820030588666054e-05,1.1756424610590867e-06
1785124207.470932,3.781989388932148e-05,1.1756304966388487e-06
1785124207.474409,3.781975780980546e-05,1.1756186086367252e-06
1785124207.4808192,3.781962722343303e-05,1.1756072670273482e-06
1785124207.4856303,3.781949134514933e-05,1.1755954335394728e-06
1785124207.4897628,3.78193608205284e-05,1.1755841221108618e-06
1785124207.4983847,3.781922874623039e-05,1.1755727226791198e-06
1785124207.5003684,3.781909646013493e-05,1.1755613913691156e-06
1785124207.5055554,3.7818962976079204e-05,1.1755499818575929e-06
1785124207.5107138,3.781882718538791e-05,1.1755384433686393e-06
1785124207.5167072,3.781869588445116e-05,1.1755273474561865e-06
1785124207.5205307,3.781856041979662e-05,1.1755159034382468e-06
1785124207.5255377,3.781842337058006e-05,1.1755043361204613e-06
1785124207.5315876,3.7818289527352704e-05,1.1754930650574542e-06
1785124207.5350296,3.781816199847225e-05,1.1754823376703133e-06
1785124207.539983,3.7818025467530445e-05,1.1754709068935936e-06
1785124207.5471764,3.7817889430212194e-05,1.1754595404399366e-06
1785124207.5516112,3.781775016909456e-05,1.1754479225096767e-06
1785124207.5549731,3.7817614923558004e-05,1.1754365151711777e-06
1785124207.5604603,3.78174812477968e-05,1.1754250960410248e-06
1785124207.5658383,3.781734521846358e-05,1.1754134284591071e-06
1785124207.5699456,3.781720691464059e-05,1.1754015000030385e-06
1785124207.574491,3.781707654162872e-05,1.1753902600025244e-06
1785124207.5806692,3.781694731401854e-05,1.1753791272835834e-06
1785124207.5850024,3.78168156803324e-05,1.1753679474827381e-06
1785124207.5899408,3.781668322224158e-05,1.1753566909250557e-06
1785124207.6008723,3.781654952001327e-05,1.1753453179314878e-06
1785124207.603308,3.78164199709449e-05,1.1753343139102373e-06
1785124207.6073408,3.781628601170407e-05,1.17532296638898e-06
1785124207.611676,3.7816149682945954e-05,1.1753113824739386e-06
1785124207.6160836,3.781601367923225e-05,1.1752997296470753e-06
1785124207.6204176,3.781587654261013e-05,1.1752880684171389e-06
1785124207.624596,3.781573668080014e-05,1.1752762007363574e-06
1785124207.6318028,3.7815604859921674e-05,1.1752649829552192e-06
1785124207.6359048,3.781546843062708e-05,1.1752533542717582e-06
1785124207.6408591,3.781533522670579e-05,1.175242018874797e-06
1785124207.64708,3.7815203769399144e-05,1.1752308140806189e-06
1785124207.649742,3.781506991636233e-05,1.1752194165458404e-06
1785124207.6545649,3.781494138605802e-05,1.1752084097348772e-06
1785124207.6603103,3.781480725458565e-05,1.175196912066343e-06
1785124207.6662123,3.781467520167394e-05,1.1751856125009815e-06
1785124207.6706388,3.781453923745811e-05,1.1751739471046848e-06
1785124207.6752214,3.781440335459602e-05,1.1751624233875135e-06
1785124207.6818395,3.7814272110006396e-05,1.175151250491854e-06
1785124207.6852458,3.781413957806712e-05,1.1751399693284718e-06
1785124207.6905816,3.781400966390543e-05,1.17512892372265e-06
1785124207.6983387,3.781387581748721e-05,1.1751176173342265e-06
1785124207.7004797,3.781374432916937e-05,1.1751065191549151e-06
1785124207.7055676,3.7813608253917975e-05,1.1750948938555007e-06
1785124207.7105925,3.781347078406402e-05,1.175083102084254e-06
1785124207.7157624,3.781333192946166e-05,1.1750711343146275e-06
1785124207.7200084,3.781320019048716e-05,1.1750596297832702e-06
1785124207.7251475,3.7813069420754144e-05,1.175048086413307e-06
1785124207.7317,3.7812932031608585e-05,1.1750359359596955e-06
1785124207.7353892,3.7812799603518465e-05,1.1750242859415219e-06
1785124207.7399027,3.781266148391497e-05,1.1750119968121355e-06
1785124207.7470949,3.781252901716335e-05,1.1750000805217734e-06
1785124207.7507136,3.7812396287540126e-05,1.174988021260459e-06
1785124207.7552829,3.7812262962347016e-05,1.174975914762402e-06
1785124207.7604992,3.7812127774397226e-05,1.1749636662983105e-06
1785124207.7663517,3.7811991192031265e-05,1.1749513001268675e-06
1785124207.7705045,3.781185798527694e-05,1.1749391247990322e-06
1785124207.775533,3.781172953241888e-05,1.1749274449472755e-06
1785124207.7825894,3.7811601345396975e-05,1.174915756547463e-06
1785124207.7871711,3.7811470027397437e-05,1.174903828664123e-06
1785124207.7901728,3.7811337474166485e-05,1.1748916888684225e-06
1785124207.7992873,3.7811199382764775e-05,1.1748790758786323e-06
1785124207.8021336,3.7811064803539136e-05,1.1748667288956052e-06
1785124207.8050802,3.7810934457264e-05,1.1748546757236975e-06
1785124207.8102808,3.7810796588982276e-05,1.1748419570855946e-06
1785124207.815825,3.7810657430793336e-05,1.1748290772598357e-06
1785124207.8201957,3.781052805907762e-05,1.1748169508219712e-06
1785124207.8253198,3.781039206559694e-05,1.1748041426293393e-06
1785124207.8328693,3.781026053589128e-05,1.1747917819789589e-06
1785124207.8363228,3.781012675346995e-05,1.1747792730972456e-06
1785124207.8400981,3.7809991545193117e-05,1.1747665732476925e-06
1785124207.8458517,3.7809862368369196e-05,1.1747544187000376e-06
1785124207.8511004,3.7809731131375274e-05,1.1747421420958171e-06
1785124207.8554778,3.780960030018562e-05,1.1747298732760163e-06
1785124207.8609788,3.7809463130364866e-05,1.1747168792604208e-06
1785124207.8659508,3.7809330194810476e-05,1.1747044019982058e-06
1785124207.8710005,3.780919935926568e-05,1.1746921481088033e-06
1785124207.8794718,3.780906647398863e-05,1.1746796822184686e-06
1785124207.8807814,3.7808931007654076e-05,1.1746669809864724e-06
1785124207.885949,3.780879880378993e-05,1.174654546309833e-06
1785124207.89028,3.7808663903004696e-05,1.174641767062536e-06
1785124207.8986819,3.780853731837484e-05,1.1746297931337396e-06
1785124207.9027383,3.78084002782688e-05,1.174616826296737e-06
1785124207.9064438,3.780826500330174e-05,1.1746041291334342e-06
1785124207.9128823,3.780813564547551e-05,1.1745919868179317e-06
1785124207.915919,3.780799755829595e-05,1.174579121796385e-06
1785124207.9203844,3.780786346764209e-05,1.1745665763134386e-06
1785124207.9247499,3.7807730091745055e-05,1.1745540426425993e-06
1785124207.9312396,3.780759855420921e-05,1.174541691687852e-06
1785124207.9361882,3.78074645261457e-05,1.174529168621943e-06
1785124207.9400473,3.7807331206391305e-05,1.1745166826380255e-06
1785124207.9466898,3.78071981423531e-05,1.1745041640704175e-06
1785124207.9505572,3.780706314000086e-05,1.1744914625373447e-06
1785124207.9547386,3.7806930142856356e-05,1.1744789053230617e-06
1785124207.9628122,3.780679730499117e-05,1.1744664105434208e-06
1785124207.9665194,3.78066641583679e-05,1.1744538484578067e-06
1785124207.9703424,3.78065275366981e-05,1.174440998815793e-06
1785124207.975926,3.780639257896795e-05,1.1744282607163486e-06
1785124207.9830315,3.780626194899321e-05,1.1744157973501799e-06
1785124207.985469,3.7806127303241736e-05,1.1744029669701582e-06
1785124207.9904356,3.7805987953258646e-05,1.1743896671126052e-06
1785124208.0007207,3.780585667969671e-05,1.1743769861571673e-06
1785124208.0025563,3.780572881509021e-05,1.1743646324838097e-06
1785124208.0063736,3.780559210257038e-05,1.174351412339279e-06
1785124208.0109503,3.780545820830989e-05,1.174338450269364e-06
1785124208.0161142,3.780532715190935e-05,1.1743257813200899e-06
1785124208.0211225,3.7805191138250716e-05,1.1743126703357695e-06
1785124208.0254648,3.7805055915152894e-05,1.1742996096622306e-06
1785124208.0323157,3.78049246302878e-05,1.1742869244878932e-06
1785124208.0361493,3.780479242759212e-05,1.1742741236943628e-06
1785124208.041445,3.780466201278413e-05,1.1742614752785987e-06
1785124208.048207,3.780452830686196e-05,1.1742484402263516e-06
1785124208.0510936,3.780439282513135e-05,1.1742351916880628e-06
1785124208.0558388,3.780425881083114e-05,1.1742219743527634e-06
1785124208.0623224,3.7804120650349546e-05,1.1742082999492815e-06
1785124208.0672514,3.780398663615919e-05,1.174194990342552e-06
1785124208.0718791,3.780385620882186e-05,1.1741820984085515e-06
1785124208.0749779,3.78037236985294e-05,1.1741690335337562e-06
1785124208.0813727,3.780358733170031e-05,1.174155561769386e-06
1785124208.0857365,3.7803457237155504e-05,1.1741427218687549e-06
1785124208.0902855,3.7803327106515055e-05,1.1741298458369413e-06
1785124208.0978265,3.780319640688441e-05,1.1741169616479848e-06
1785124208.1007545,3.780305930134949e-05,1.1741034664187915e-06
1785124208.1054764,3.780292636513547e-05,1.1740904602905793e-06
1785124208.1098917,3.7802789986440984e-05,1.1740771567609145e-06
1785124208.1159039,3.780265604391891e-05,1.1740642463148201e-06
1785124208.1200707,3.780252446248097e-05,1.1740515087049408e-06
1785124208.1250782,3.780239287034994e-05,1.1740386542796947e-06
1785124208.1307666,3.780226104666444e-05,1.1740257429446957e-06
1785124208.1347158,3.780212539076888e-05,1.1740124792303518e-06
1785124208.139594,3.780199710792797e-05,1.17399986012627e-06
1785124208.146316,3.78018653097079e-05,1.1739869217322022e-06
1785124208.1495707,3.78017298763515e-05,1.1739736829900614e-06
1785124208.1550057,3.780159993785118e-05,1.1739609355757482e-06
1785124208.1600761,3.7801468289748565e-05,1.1739480211489238e-06
1785124208.1654718,3.7801332699552e-05,1.1739347302373597e-06
1785124208.1708183,3.7801192775172974e-05,1.1739210727337583e-06
1785124208.1759553,3.780105920095342e-05,1.1739079674386213e-06
1785124208.1807902,3.780092328729028e-05,1.1738947194395816e-06
1785124208.1857753,3.780079128151946e-05,1.1738818160912972e-06
1785124208.1906667,3.7800653241638e-05,1.1738683511706748e-06
1785124208.2004802,3.7800522808494526e-05,1.1738555707232044e-06
1785124208.2029223,3.780039292755633e-05,1.1738428191056723e-06
1785124208.2055323,3.7800256240644294e-05,1.1738294870638017e-06
1785124208.211491,3.780012030028001e-05,1.1738162753795704e-06
1785124208.216009,3.779999042921551e-05,1.1738035396844692e-06
1785124208.220421,3.7799854613991915e-05,1.1737902261216528e-06
1785124208.2257543,3.7799727657680965e-05,1.1737777949371158e-06
1785124208.234676,3.779958739030867e-05,1.173764068964018e-06
1785124208.2393126,3.7799450931272345e-05,1.1737507700758927e-06
1785124208.2413177,3.7799319507209056e-05,1.1737379419333858e-06
1785124208.2465134,3.7799191306486144e-05,1.1737253765586562e-06
1785124208.2499802,3.779905463879902e-05,1.1737119289453419e-06
1785124208.2555592,3.779891809696877e-05,1.1736985629299295e-06
1785124208.2598329,3.77987780175576e-05,1.1736847813226902e-06
1785124208.265515,3.779864226250662e-05,1.173671406854138e-06
1785124208.270296,3.779850671335559e-05,1.1736580778123937e-06
1785124208.2753189,3.779837675914791e-05,1.1736453061834831e-06
1785124208.2807727,3.779824363986597e-05,1.1736322634650534e-06
1785124208.2857485,3.779810390779378e-05,1.1736184709340833e-06
1785124208.2929313,3.7797968460126714e-05,1.173605085412629e-06
1785124208.298985,3.7797835823257974e-05,1.1735919240785915e-06
1785124208.3032699,3.7797702891751914e-05,1.1735788234781423e-06
1785124208.3056557,3.7797573001106366e-05,1.17356602262741e-06
1785124208.3111115,3.7797443284826026e-05,1.1735532008538877e-06
1785124208.315785,3.7797308890524755e-05,1.1735399346398827e-06
1785124208.3202255,3.779717536514114e-05,1.1735267061870003e-06
1785124208.3252048,3.779704312051576e-05,1.1735136060081934e-06
1785124208.3323019,3.7796907911051565e-05,1.1735002219728715e-06
1785124208.3350706,3.7796778830417796e-05,1.1734874715644924e-06
1785124208.3399007,3.779664760311018e-05,1.1734746123406477e-06
1785124208.3479903,3.779651359477651e-05,1.1734616918565345e-06
1785124208.3517046,3.7796379941049293e-05,1.1734488366286147e-06
1785124208.356147,3.7796252605898494e-05,1.1734365634858105e-06
1785124208.362078,3.779612315280194e-05,1.1734240500825945e-06
1785124208.365789,3.7795990196434504e-05,1.173411217897472e-06
1785124208.3705494,3.7795854879602776e-05,1.1733981500672133e-06
1785124208.3757966,3.779572037891828e-05,1.173385201242693e-06
1785124208.3827374,3.779558678160902e-05,1.173372296789394e-06
1785124208.3863282,3.779545692753249e-05,1.1733597824936543e-06
1785124208.3900156,3.7795321066220675e-05,1.1733466861847277e-06
1785124208.3993595,3.779518318521046e-05,1.173333449096809e-06
1785124208.4029045,3.7795048710569534e-05,1.1733205337645473e-06
1785124208.4057784,3.779491842823941e-05,1.1733078911016566e-06
1785124208.4105544,3.779478277745298e-05,1.173294780348517e-06
1785124208.4179318,3.7794648577120596e-05,1.1732817820188063e-06
1785124208.421124,3.779451663390968e-05,1.1732690755589988e-06
1785124208.4261317,3.7794381561601384e-05,1.1732560434353438e-06
1785124208.4310808,3.779424556917162e-05,1.1732427947852187e-06
1785124208.4527645,3.779411001484145e-05,1.1732296467451883e-06
1785124208.456814,3.779397953697998e-05,1.1732169593388816e-06
1785124208.458037,3.779384703328913e-05,1.1732040253518352e-06
1785124208.468892,3.779371582707053e-05,1.1731912918594046e-06
1785124208.473462,3.7793587321093414e-05,1.173178851778311e-06
1785124208.4761782,3.779344840368877e-05,1.1731654736679645e-06
1785124208.4818096,3.779331698494397e-05,1.1731527938390465e-06
1785124208.4862492,3.779318189043567e-05,1.1731397885415956e-06
1785124208.4906247,3.779304906401125e-05,1.1731269929373895e-06
1785124208.4964578,3.7792915861605346e-05,1.173114205168363e-06
1785124208.500739,3.779278110060499e-05,1.1731013290401312e-06
1785124208.5049658,3.7792642990661894e-05,1.1730882363336742e-06
1785124208.5134919,3.779251311638075e-05,1.17307594964668e-06
1785124208.515133,3.779237567680963e-05,1.1730631314483295e-06
1785124208.5205176,3.7792243673869175e-05,1.1730508442637455e-06
1785124208.5248492,3.779211164849711e-05,1.1730385568154767e-06
1785124208.5311108,3.7791981545059055e-05,1.1730265837963387e-06
1785124208.5354123,3.779184856918829e-05,1.1730142685898974e-06
1785124208.5394661,3.779171390538589e-05,1.17300176331834e-06
1785124208.545856,3.7791576641374344e-05,1.1729890524564378e-06
1785124208.5525212,3.779144288370945e-05,1.1729766942606994e-06
1785124208.5547636,3.7791312503573994e-05,1.1729646395626736e-06
1785124208.5599532,3.77911819302167e-05,1.1729526061706524e-06
1785124208.5663552,3.779104568010092e-05,1.1729400309589478e-06
1785124208.5706756,3.779090747991382e-05,1.1729272520324178e-06
1785124208.57472,3.779077490258951e-05,1.1729150024726628e-06
1785124208.5809224,3.779063808550421e-05,1.172902408096485e-06
1785124208.586369,3.779050391877458e-05,1.1728900207643206e-06
1785124208.590402,3.7790374241753e-05,1.1728780654992547e-06
1785124208.5961328,3.779023905448379e-05,1.1728656159664736e-06
1785124208.600325,3.779010517366368e-05,1.172853341969092e-06
1785124208.605032,3.778996903513054e-05,1.1728407552530271e-06
1785124208.6117835,3.778983710476864e-05,1.1728285883570788e-06
1785124208.6157062,3.778970235018183e-05,1.1728160714621176e-06
1785124208.6207116,3.778957201247869e-05,1.1728040727611855e-06
1785124208.6251633,3.7789437045897865e-05,1.1727916098152355e-06
1785124208.6308455,3.778930330733093e-05,1.1727791983637557e-06
1785124208.635822,3.7789171036727716e-05,1.1727669161931907e-06
1785124208.6398566,3.778903268824084e-05,1.172754199264823e-06
1785124208.6456578,3.778890367775228e-05,1.1727422771111222e-06
1785124208.6503372,3.77887702169421e-05,1.1727299783208848e-06
1785124208.6548738,3.778864109291159e-05,1.172718095310822e-06
1785124208.6629114,3.778850632993439e-05,1.1727056930929337e-06
1785124208.6657422,3.7788373672593374e-05,1.1726934820352877e-06
1785124208.6701515,3.778823838595361e-05,1.172681071397555e-06
1785124208.6751058,3.7788104394883524e-05,1.1726688051784385e-06
1785124208.6806219,3.7787966660345475e-05,1.1726561433261188e-06
1785124208.6848693,3.778783797040732e-05,1.172644291041099e-06
1785124208.6896172,3.778770167203721e-05,1.172631698191056e-06
1785124208.6950612,3.778756971563018e-05,1.1726195237311106e-06
1785124208.7007918,3.778743566875562e-05,1.172607136713037e-06
1785124208.7050533,3.778730371159072e-05,1.1725949638447706e-06
1785124208.7133377,3.778717171885726e-05,1.1725827830407284e-06
1785124208.7163968,3.778704075637533e-05,1.1725707130647427e-06
1785124208.7198915,3.7786907332065926e-05,1.1725583687210505e-06
1785124208.7254102,3.778677000344534e-05,1.1725456016771524e-06
1785124208.7324808,3.778663478926892e-05,1.172533041170185e-06
1785124208.7358823,3.778650368511244e-05,1.1725209732105704e-06
1785124208.7407026,3.778636941019269e-05,1.1725086409060017e-06
1785124208.746733,3.7786238387804966e-05,1.17249653275966e-06
1785124208.7515895,3.7786107352511355e-05,1.172484355355635e-06
1785124208.7556674,3.778597837089153e-05,1.1724723771975735e-06
1785124208.761321,3.778584350194024e-05,1.1724598263734407e-06
1785124208.7656271,3.778570923816188e-05,1.1724474126732582e-06
1785124208.7710376,3.778557546096145e-05,1.1724351193665143e-06
1785124208.7756176,3.778543656423174e-05,1.1724223074707677e-06
1785124208.7813523,3.7785309119574486e-05,1.1724105290095037e-06
1785124208.7858202,3.7785176998374296e-05,1.1723983983411066e-06
1785124208.7899418,3.7785042840961144e-05,1.1723861381636443e-06
1785124208.7953708,3.778490685959913e-05,1.172373672461529e-06
1785124208.8013694,3.778477120648972e-05,1.1723612671340853e-06
1785124208.80633,3.778463313652899e-05,1.1723485928141044e-06
1785124208.811961,3.778450520083803e-05,1.1723369140485835e-06
1785124208.8166158,3.778437611379888e-05,1.1723251132571015e-06
1785124208.820562,3.778424043910368e-05,1.172312762659481e-06
1785124208.8251545,3.77841060794789e-05,1.1723005505114369e-06
1785124208.8300095,3.778397351179973e-05,1.1722885954889466e-06
1785124208.8358471,3.7783833272602815e-05,1.172276076146057e-06
1785124208.8420758,3.778370148267638e-05,1.1722641927158406e-06
1785124208.8525484,3.7783568260763024e-05,1.1722522614619533e-06
1785124208.8540068,3.77834374704017e-05,1.1722404895044486e-06
1785124208.856811,3.7783302383599036e-05,1.1722283585449576e-06
1785124208.8602064,3.778316995030173e-05,1.1722166041838153e-06
1785124208.8658576,3.7783037062738994e-05,1.172204903873233e-06
1785124208.878059,3.778290343145935e-05,1.1721931366650044e-06
1785124208.8787105,3.778277209481503e-05,1.17218150506133e-06
1785124208.8799543,3.778263844742771e-05,1.172169649538653e-06
1785124208.8856456,3.7782501246768686e-05,1.1721574242728406e-06
1785124208.8903859,3.778236630193465e-05,1.1721453309010822e-06
1785124208.8961673,3.7782231814515255e-05,1.1721332982517582e-06
1785124208.9007971,3.778210138543597e-05,1.172121557225328e-06
1785124208.9104383,3.778196529100443e-05,1.1721092847682334e-06
1785124208.916759,3.778183132250708e-05,1.1720971397405955e-06
1785124208.922597,3.778170103133323e-05,1.1720852874409745e-06
1785124208.9257584,3.7781564329025116e-05,1.1720728101743812e-06
1785124208.9307933,3.778142960638947e-05,1.1720604321940538e-06
1785124208.936466,3.778129520859593e-05,1.172048155332977e-06
1785124208.939907,3.7781164642216815e-05,1.1720362917623244e-06
1785124208.946761,0.00011447215821317811,8.180967850283126e-06
1785124208.9516318,0.00023290243980101863,1.908436290546483e-05
1785124208.9556887,0.00037492821896580833,3.227728080357441e-05
1785124208.9603543,0.0005309010077857279,4.675738715580815e-05
1785124208.9657598,0.0006895437155594992,6.149729157895056e-05
1785124208.9701226,0.0008591692881505666,7.729516846665784e-05
1785124208.9746952,0.0010273059099821617,9.308872867416791e-05
1785124208.9804585,0.0011962377059458566,0.00010895808638025818
1785124208.9861157,0.0013589841757374484,0.00012430566542049595
1785124208.989962,0.00152105554654919,0.00013980318757950648
1785124208.997082,0.0016928084005037771,0.0001562524344325431
1785124209.0008914,0.0018671725967631485,0.0001729003484229543
1785124209.0050967,0.0020372208427835927,0.00018915967579536777
1785124209.0098615,0.002206498198761679,0.0002052875733534316
1785124209.0175338,0.002372477931372979,0.00022116090966518395
1785124209.0196996,0.0025430048323403375,0.00023750428389774706
1785124209.0251694,0.0027036360786140043,0.00025295227474074516
1785124209.0320368,0.002865103019645291,0.00026855219326616764
1785124209.0382912,0.0030241425341439444,0.0002838499866766328
1785124209.040898,0.0031900366206180906,0.00029970540257528
1785124209.0475667,0.003354903005798212,0.0003154240539238146
1785124209.0521698,0.0035180707533500216,0.0003308844161560531
1785124209.0558171,0.003674373894008828,0.00034561384051437786
1785124209.0611928,0.003840363975308355,0.0003611853654622113
1785124209.0660982,0.004000849075126573,0.0003763452273607312
1785124209.0706108,0.004160148490477454,0.00039128713916055784
1785124209.0747578,0.004324430027973682,0.00040670935642209404
1785124209.0799074,0.004493783661618258,0.00042264324578266955
1785124209.0858092,0.004661451341901322,0.00043834069548711257
1785124209.0908368,0.004829185775544037,0.00045397210487625733
1785124209.0969932,0.004993484654777036,0.00046920014852354873
1785124209.1016593,0.005161662638096932,0.0004845684352914087
1785124209.106258,0.0053251083003381956,0.000499614468326649
1785124209.1098585,0.005491718609808096,0.0005149081703028716
1785124209.1173446,0.005654325761890691,0.0005297478169611094
1785124209.119808,0.0058259503030353476,0.0005453223530904014
1785124209.1249397,0.005995620259823798,0.0005606351709804679
1785124209.1301022,0.006170492693541676,0.0005764606741080796
1785124209.1387498,0.00634236003496863,0.0005920339132182861
1785124209.1401303,0.006516714099402637,0.0006078903173056388
1785124209.1472049,0.006680562917000519,0.0006227295687049756
1785124209.152146,0.006862496219927664,0.0006389251238712169
1785124209.155515,0.0070370854907897675,0.0006545199723779335
1785124209.16255,0.007213662602266688,0.0006701177401575108
1785124209.1668673,0.007387063689707982,0.0006852978971815021
1785124209.1701212,0.00754528595558898,0.0006990455700833778
1785124209.1755803,0.007730583754002814,0.0007150990636924906
1785124209.1805816,0.007895195152775909,0.0007292222720526237
1785124209.1864583,0.008064389697898867,0.0007435781271457649
1785124209.189758,0.008228525265389034,0.0007575134855785201
1785124209.196646,0.008423514540103446,0.0007740944576348581
1785124209.200863,0.0085998171417988,0.0007889833372121109
1785124209.2059078,0.00877900023763619,0.0008040105438675347
1785124209.2103343,0.00895240853445067,0.0008184790714462561
1785124209.2208247,0.009131029556036152,0.0008331206318562792
1785124209.2227147,0.009311643865705519,0.0008477178161345454
1785124209.2255938,0.009492590102110121,0.0008622414531904816
1785124209.231085,0.009673024895260592,0.0008766233970873105
1785124209.2368956,0.009852526885864852,0.0008907473662586016
1785124209.2402563,0.010032152762794675,0.0009047017923959378
1785124209.2468038,0.010206898930777395,0.0009182773121334491
1785124209.2514567,0.010376173321129228,0.0009313585754425676
1785124209.2550414,0.01054737688496679,0.0009444686083858788
1785124209.2600274,0.010743147983093171,0.0009592825280721576
1785124209.2670949,0.010920404081842718,0.0009725842649431529
1785124209.271888,0.011097505767655745,0.0009856963634704147
1785124209.2754858,0.011264601377511315,0.0009979019564338627
1785124209.2805223,0.011456552060746722,0.001011643382819814
1785124209.2877471,0.011631281200691979,0.0010240547774365077
1785124209.2899384,0.011805546441399743,0.0010363473622789642
1785124209.296249,0.01198586971777998,0.001048958644079751
1785124209.3004656,0.012165671983022238,0.0010613108469468115
1785124209.3054452,0.012350099437888144,0.0010739934129258743
1785124209.3121405,0.012531843210973014,0.0010866368518344719
1785124209.3184276,0.012717671958404475,0.0010995170168005925
1785124209.3216956,0.012913795277248665,0.0011131085213135442
1785124209.3258593,0.013091232820915823,0.001125260875750629
1785124209.3326752,0.013273957260268447,0.0011377511419224445
1785124209.3357348,0.013456760185797246,0.0011502043215066786
1785124209.3400753,0.013636007097292829,0.001162239394722439
1785124209.3469422,0.013817658627933372,0.0011744962134644123
1785124209.3503208,0.014006713993891152,0.0011871415500135667
1785124209.356438,0.014188949094729798,0.001199279328392176
1785124209.3614511,0.014372124838935858,0.0012112948907041041
1785124209.3655243,0.014553527708984923,0.001223142995622882
1785124209.3716238,0.014738288257098758,0.0012350966809105681
1785124209.37558,0.014920400360080379,0.0012468680410350546
1785124209.379689,0.015097005084838007,0.0012580586851436957
1785124209.3859193,0.01529492149435538,0.0012706329821846262
1785124209.3902664,0.015471544859361957,0.001281725618477444
1785124209.3964033,0.015653188211945775,0.0012929268368117232
1785124209.4004512,0.015839499192030607,0.0013043692916921692
1785124209.4071472,0.016020212149938883,0.0013154690861989045
1785124209.4108815,0.016204738404753876,0.0013268377131956327
1785124209.420271,0.01638897419113934,0.0013379404521541968
1785124209.4226565,0.01657033154591971,0.001348921340938175
1785124209.4249842,0.016756757856176946,0.0013600532949652312
1785124209.4305673,0.01695005904093757,0.0013715201572684782
1785124209.435689,0.017132504183317496,0.0013823305367613383
1785124209.4397395,0.01731475127901053,0.0013930446196705273
1785124209.4454684,0.017500394439016277,0.0014038701578016914
1785124209.452432,0.01767983703912034,0.0014143324739663407
1785124209.45538,0.017866819959837642,0.0014251353903217147
1785124209.4601831,0.018053695998767397,0.0014358709442104105
1785124209.4655278,0.01823252976768526,0.0014459933800459743
1785124209.4699273,0.018411591678013053,0.001456099839119226
1785124209.4754343,0.01859528933618742,0.0014666121393947914
1785124209.480523,0.018784948928715607,0.0014774192903809944
1785124209.4874961,0.018963613832698095,0.001487601239761451
1785124209.490664,0.01914591795226815,0.0014977869783939454
1785124209.496509,0.01934003152845595,0.001508721159235022
1785124209.4998093,0.019523339781020735,0.0015190833606657597
1785124209.5058973,0.01970795515633568,0.0015294893718264715
1785124209.510845,0.019887871756514894,0.0015396049053365258
1785124209.5207605,0.020072321786005404,0.0015499769749429447
1785124209.5224028,0.020253428914490897,0.0015600759526032883
1785124209.525358,0.020435413299320027,0.001570054100067572
1785124209.5309618,0.020621444000233566,0.0015802484760924452
1785124209.5368772,0.02079149130777515,0.0015896002016024641
1785124209.5402336,0.020978004445723925,0.0015998806912721972
1785124209.5466673,0.021156765582651463,0.0016097524017885617
1785124209.5526419,0.021333941234514316,0.0016194563566755628
1785124209.55558,0.021525808220335178,0.0016298641926480268
1785124209.5607774,0.02170492162429769,0.0016395537459667111
1785124209.5657527,0.02188348852615804,0.0016493071181218062
1785124209.5711057,0.022073219573429604,0.0016596542116188249
1785124209.575226,0.02224958679173984,0.0016692009980822174
1785124209.5813594,0.022433692797393583,0.0016790263815220528
1785124209.5869968,0.022620857450502595,0.0016888910379718213
1785124209.5897875,0.022801183196703288,0.0016984105885109785
1785124209.5953226,0.022972794285022368,0.0017073782618951074
1785124209.600779,0.02316278798211874,0.0017171888477017783
1785124209.6055744,0.023338422508720653,0.0017262708381989924
1785124209.6110048,0.02351389740584114,0.0017354328677208603
1785124209.618301,0.023692067673354373,0.0017446103400618538
1785124209.6213908,0.023867331695557395,0.0017537075407817804
1785124209.6254406,0.02404678928630926,0.0017627998162172993
1785124209.6313941,0.024222495121952077,0.001771708840346204
1785124209.637765,0.024399522725063818,0.0017805715225810048
1785124209.6400461,0.02456891773418291,0.0017889098384999006
1785124209.6458578,0.024753905213184258,0.001797779782095375
1785124209.649791,0.024932237392680336,0.0018062229444667595
1785124209.6560059,0.025117883344114477,0.001815043952073875
1785124209.660168,0.025299786442835714,0.0018236649734049714
1785124209.6653554,0.025476600062013906,0.0018321131769549403
1785124209.6716752,0.0256425502630003,0.0018399035246982028
1785124209.6760185,0.02582042495895906,0.0018482637065472764
1785124209.6804512,0.02600793484592429,0.0018571711489552781
1785124209.6867914,0.02618645487561857,0.0018657632217236669
1785124209.6913905,0.02636025025853608,0.0018740217457724469
1785124209.6967037,0.0265426887570792,0.0018825492374889474
1785124209.7009842,0.0267242192336865,0.0018910180321700843
1785124209.706233,0.02690296415315147,0.0018994694172880233
1785124209.7101552,0.02706592523546808,0.0019070942329487519
1785124209.718993,0.027243685097412346,0.0019152872077125495
1785124209.7216415,0.02743721534719224,0.0019240494901034907
1785124209.724929,0.027620023280392175,0.0019321968529685959
1785124209.7308273,0.02779710269751222,0.0019399962352731515
1785124209.7369099,0.027987386628414428,0.0019483490762361594
1785124209.7394753,0.02816075909594217,0.001955761394936624
1785124209.746804,0.028337521297487477,0.001963270515444882
1785124209.7514777,0.02852100314569194,0.0019710686217699817
1785124209.7554991,0.02869698589879599,0.0019783160328142205
1785124209.7601833,0.02887416580885012,0.0019854267816853937
1785124209.7669218,0.029062271808268477,0.001992912855279555
1785124209.7709303,0.029250409861060388,0.0020002293706731606
1785124209.775643,0.029424741678990715,0.002006844119382504
1785124209.7811222,0.029608578972088698,0.0020137567602524498
1785124209.7862308,0.029781922524862503,0.0020202406529382278
1785124209.7898037,0.02995226368098631,0.0020265422606722846
1785124209.7953808,0.030142953440693353,0.0020334953374974295
1785124209.799967,0.030313630178203266,0.0020396846356432086
1785124209.8055289,0.030489558777565724,0.002045967342821347
1785124209.8109431,0.030668280587863687,0.002052430850471382
1785124209.8184438,0.03084753147559716,0.0020588930455470167
1785124209.8222442,0.03103492004048587,0.002065582633103969
1785124209.8257835,0.03122106945710314,0.0020721690827554943
1785124209.8323493,0.03140412350373359,0.0020785944275473383
1785124209.8364055,0.031587487621822584,0.0020851024140222277
1785124209.8415372,0.031779585986749743,0.002092040952473509
1785124209.846279,0.03188300886129687,0.0020957197551535575
1785124209.8512516,0.031931645832393565,0.0020974809617286118
1785124209.8562555,0.031964866712551006,0.002098702190187495
1785124209.8615158,0.03198247652517021,0.0020993504980796295
1785124209.8658319,0.03200252447315419,0.0021000906495425194
1785124209.8716943,0.03200849805156736,0.002100315495860224
1785124209.8748157,0.032018684305139884,0.0021007008118676617
1785124209.8807049,0.03202491749054992,0.0021009376529419685
1785124209.8880234,0.03204318126176428,0.002101623084806066
1785124209.8902974,0.03204764499470021,0.002101789818166303
1785124209.896166,0.03204143759326902,0.002101557002829125
1785124209.9006932,0.03203989422160472,0.0021014996625438286
1785124209.905583,0.03205602356632079,0.0021021097215595964
1785124209.9102972,0.03205843031464292,0.0021021995306063947
1785124209.9173257,0.03206964656926877,0.002102617930513293
1785124209.9204946,0.03209604055258701,0.0021035944677717184
1785124209.925604,0.032105011433589896,0.0021039246080059603
1785124209.9305918,0.032109673599932415,0.0021040912692029154
1785124209.9359431,0.0321338667391831,0.0021049412483693094
1785124209.9403534,0.032143392357592095,0.0021052817525287104
1785124209.9573631,0.03215460009108448,0.002105682265573226
1785124209.9585905,0.032159215143877914,0.0021058471303246618
1785124209.9610367,0.032171719953324324,0.00210628926579199
1785124209.96381,0.03218657125171561,0.002106797805259278
1785124209.968326,0.032189559082722086,0.002106897619086701
1785124209.9706178,0.03220197810154672,0.0021073047026708568
1785124209.9761646,0.0322169956495084,0.0021078006264582338
1785124209.9830234,0.03221976598160944,0.0021078899086050314
1785124209.989808,0.03223210138870302,0.0021082854934627044
1785124209.9927201,0.03225648602705469,0.002109045376899656
1785124209.998026,0.032257088330083276,0.0021090637717711444
1785124210.00001,0.03226853612274858,0.0021094071562508246
1785124210.006913,0.03227757853884431,0.0021096790591077345
1785124210.0130315,0.03228494566358591,0.0021098969138083888
1785124210.0202177,0.03230370029061159,0.0021104401033976367
1785124210.0242443,0.03230999764704386,0.0021106195218311193
1785124210.0290668,0.03232505216726533,0.0021110466616578207
1785124210.0325792,0.0323404280452534,0.0021114769456371087
1785124210.04064,0.03234694745574032,0.0021116517861855914
1785124210.0414805,0.032360010667188174,0.002111992145234967
1785124210.0470262,0.0323744135625698,0.002112356781283143
1785124210.0577238,0.032377176714164235,0.0021124247850294103
1785124210.0586052,0.03238813907798038,0.0021126931278966383
1785124210.0625486,0.03239996636109037,0.002112969835601862
1785124210.0664773,0.03240813361276926,0.002113156705389073
1785124210.0717776,0.03242172902610457,0.002113468218821389
1785124210.0757248,0.03243077991787025,0.002113671891691856
1785124210.0808363,0.03243757592538611,0.002113821813899217
1785124210.0871093,0.03244970925432786,0.002114080649660208
1785124210.0897887,0.032457863832992005,0.0021142410822578054
1785124210.0960422,0.032464135015955964,0.0021143616322557668
1785124210.100507,0.032475510747992896,0.0021145730594420925
1785124210.1061292,0.03248383268175646,0.0021147275536084155
1785124210.1128273,0.03248507876985696,0.0021147494943034514
1785124210.119322,0.03249444460211697,0.0021149063515424264
1785124210.1212482,0.032497132839671226,0.00211495075267109
1785124210.1266422,0.032510653216135166,0.0021151725468105203
1785124210.1316857,0.03251358003910858,0.002115219597988476
1785124210.1373253,0.03251721363187739,0.0021152753706653233
1785124210.142021,0.03252740139381872,0.002115426328822054
1785124210.1477337,0.032543311602889764,0.002115655727182772
1785124210.1523738,0.0325501267145194,0.002115753940302976
1785124210.156399,0.03255044067969376,0.002115758475637254
1785124210.1606386,0.03255858882485904,0.002115878465113376
1785124210.1677706,0.03256007431995125,0.002115899031583759
1785124210.1715927,0.03257163819887451,0.0021160556442120716
1785124210.1753304,0.032573227935657784,0.0021160766640185686
1785124210.1827466,0.03258055909597684,0.002116172968656967
1785124210.1858716,0.03258089579849913,0.002116177068750223
1785124210.1907306,0.03259557322906234,0.0021163476229177397
1785124210.1965427,0.032597826212035316,0.002116373319606104
1785124210.2007363,0.03260475753804599,0.0021164514589168976
1785124210.207221,0.032604459012859625,0.002116448129093604
1785124210.2103088,0.03261913711639237,0.002116599943227774
1785124210.2217178,0.032629277918089075,0.002116701751555463
1785124210.224308,0.03263271516446463,0.0021167356494237897
1785124210.2264476,0.032639016698966336,0.002116796054187829
1785124210.2330885,0.03264672016448379,0.002116869700370992
1785124210.240984,0.03265449342645,0.00211694795188441
1785124210.2502444,0.03265352454421473,0.002116938742650982
1785124210.2727232,0.032667804867836096,0.002117075053449253
1785124210.2752192,0.032676601712920895,0.002117148145989625
1785124210.281218,0.03267915364148918,0.0021171669290509874
1785124210.293292,0.03268933345118011,0.0021172375360926665
1785124210.2952096,0.032688303566905295,0.002117230596005168
1785124210.2981756,0.03269237343441551,0.002117259922765406
1785124210.3015857,0.03270302856291438,0.002117342524868557
1785124210.3063447,0.03270567084333044,0.0021173623354206867
1785124210.3099756,0.03271949309967218,0.0021174569915588114
1785124210.3159304,0.032719514216510995,0.00211745713835187
1785124210.320536,0.03272344984960911,0.0021174790536526277
1785124210.3254764,0.032725184140114986,0.0021174880273858387
1785124210.3299444,0.032730307908553725,0.002117508887326402
1785124210.3349853,0.03274023941918109,0.002117548890925332
1785124210.3426378,0.03274236802313589,0.0021175571690358343
1785124210.3490472,0.03283706911926094,0.0021178226541877358
1785124210.3521826,0.032962419907356204,0.002118141708031406
1785124210.3554611,0.03311828906354172,0.0021183264362083978
1785124210.3610952,0.033291167176127824,0.002118372510162298
1785124210.3663545,0.03346246293614406,0.002118315510274171
1785124210.370686,0.033636831761412765,0.0021182985355946565
1785124210.3754513,0.03381060590600208,0.002118260868962926
1785124210.3808584,0.03399624136893026,0.002118065284399167
1785124210.3852704,0.034180071687496386,0.0021178009501511192
1785124210.3906817,0.03436418499630767,0.002117234413532302
1785124210.396086,0.0344677165569663,0.0021168469140981903
1785124210.4005113,0.034517543237343594,0.0021166161886986257
1785124210.4063349,0.03454254068691914,0.0021165193449393144
1785124210.4100983,0.03455911847574781,0.0021164497558244294
1785124210.4162054,0.034574784228721504,0.0021163823539399377
1785124210.4204655,0.03457510280730988,0.0021163809798333557
1785124210.4253194,0.03458279088506437,0.002116349141461643
1785124210.430748,0.034588692296563986,0.0021163251791258223
1785124210.4350557,0.034592391228903986,0.002116305577086658
1785124210.4414408,0.03460432359029405,0.0021162323102045166
1785124210.448174,0.03460120896387848,0.002116253457507059
1785124210.450028,0.03461062849050571,0.002116196732653512
1785124210.4558408,0.034619624333722544,0.0021161447604337046
1785124210.4613516,0.03461403477698417,0.0021161771592807057
1785124210.4654436,0.034612364426209824,0.002116186812928856
1785124210.4702559,0.03462125155647465,0.0021161275986453657
1785124210.4754179,0.034630297674254365,0.002116063647926827
1785124210.4806554,0.03462858897854945,0.0021160758031285713
1785124210.4850965,0.03462901006491369,0.002116072190197856
1785124210.49115,0.034645053807619994,0.0021159261439931483
1785124210.4973502,0.034645700040202856,0.0021159207743108527
1785124210.500485,0.03464624056632198,0.0021159162207304654
1785124210.5063348,0.03465622974129965,0.0021158265521711885
1785124210.5101902,0.034656510596102655,0.0021158241562414717
1785124210.5162075,0.03466283709946992,0.002115765760178559
1785124210.5199585,0.034665757974735374,0.0021157396758479945
1785124210.526348,0.03466872768974019,0.002115710877462307
1785124210.530933,0.03468009906904145,0.002115594676186197
1785124210.5361495,0.03468402382426349,0.0021155537047754572
1785124210.543933,0.03469081181803924,0.002115481679410578
1785124210.5484664,0.034693781105154094,0.0021154490115414103
1785124210.5499508,0.03469263947884709,0.002115460418385964
1785124210.5558531,0.034693642341945226,0.0021154505317364973
1785124210.5608246,0.034700088270437815,0.0021153856283544813
1785124210.5649276,0.03470459527270979,0.0021153390696243626
1785124210.5717678,0.03470637836792284,0.0021153196562837206
1785124210.5753703,0.03471687886406772,0.002115210421240591
1785124210.5803869,0.03472135878055191,0.0021151607552915706
1785124210.5860634,0.03472299625351528,0.0021151409370120866
1785124210.590485,0.0347235208716576,0.002115134349535904
1785124210.596668,0.03472441502132054,0.002115122491921963
1785124210.6008568,0.034729801045820435,0.002115045758137234
1785124210.6067204,0.034730798647180414,0.0021150314440355413
1785124210.6106677,0.03473570691100477,0.002114954650055219
1785124210.616072,0.034742902548589104,0.0021148411175065706
1785124210.6203067,0.03473676738443406,0.0021149364641346647
1785124210.6250672,0.034734890205922755,0.00211496798349411
1785124210.631892,0.03473929261405727,0.0021148900863440607
1785124210.636822,0.03474559420020166,0.00211477574667275
1785124210.642009,0.03474771448995869,0.002114736553909981
1785124210.64625,0.034835253628377784,0.0021130823105912242
1785124210.650692,0.03495843772232906,0.0021106931747438603
1785124210.6558218,0.0351118520988005,0.00210764042793021
1785124210.6601665,0.035286774744676404,0.002103946422972317
1785124210.6660676,0.0354480251742968,0.0021005386781747064
1785124210.671203,0.03562442132247326,0.002096712181355492
1785124210.675192,0.03580078468571614,0.0020929209397956682
1785124210.6807399,0.03598230271559767,0.0020888618693284938
1785124210.686774,0.03614376054756997,0.002085148882297941
1785124210.6904287,0.036312440522582444,0.0020811529398870477
1785124210.6966538,0.036407406494244746,0.0020789168100804624
1785124210.7006092,0.03645731212201534,0.0020777435536959835
1785124210.7056725,0.03647398796127483,0.002077342238075093
1785124210.7102,0.03649217980470268,0.002076899331031457
1785124210.7160313,0.03650566800143642,0.0020765678149703504
1785124210.7206974,0.036511407116473764,0.002076423955849029
1785124210.7259035,0.03651869990546097,0.0020762380561470894
1785124210.7311292,0.03651501242380197,0.0020763308947070996
1785124210.7354145,0.03651690551158663,0.0020762801523532244
1785124210.742582,0.036526408841951304,0.002076022397844909
1785124210.7458282,0.03651820239239776,0.0020762457529818136
1785124210.7499034,0.036513326809483805,0.0020763808509778963
1785124210.7564106,0.03652476349612046,0.0020760555487510496
1785124210.7601364,0.03652172685736329,0.0020761423103670593
1785124210.7652574,0.03651764462132683,0.0020762636216018395
1785124210.7703564,0.036518706820112816,0.0020762308975129534
1785124210.775286,0.03651867929438515,0.002076231789298896
1785124210.781396,0.036524003348465124,0.0020760572939536397
1785124210.7855887,0.03651520174393964,0.002076351570531601
1785124210.7900743,0.036520463519917334,0.0020761661635902186
1785124210.7958152,0.03652042325362751,0.0020761676328481223
1785124210.800252,0.03650006748180466,0.002076923035826488
1785124210.8059018,0.03650234024433856,0.002076836326582035
1785124210.810877,0.03650088371387952,0.0020768932084215693
1785124210.8167005,0.036499531158675436,0.0020769473056572326
1785124210.820107,0.03649715839933031,0.002077046242622241
1785124210.827145,0.036495247381725375,0.002077127171417504
1785124210.8310916,0.036502595958528214,0.002076808899280867
1785124210.8353221,0.03649341439240625,0.002077215828897285
1785124210.842524,0.03648775013660072,0.002077479922854278
1785124210.8464155,0.03648392775495667,0.002077666292046914
1785124210.8507354,0.03649243475804325,0.002077237822189475
1785124210.855674,0.03648305404020349,0.0020777176209575937
1785124210.8603919,0.03647729584053504,0.0020780223543138718
1785124210.8658907,0.036494685525841154,0.00207706878174692
1785124210.8698292,0.036515093445467016,0.002075928140896115
1785124210.8749497,0.03649156831895788,0.0020772915406899487
1785124210.8808007,0.036477905729748315,0.0020780971600361385
1785124210.8851435,0.036490545417392814,0.002077331310122076
1785124210.8904037,0.036495990141246056,0.0020769964768704457
1785124210.896755,0.03649636731848015,0.002076972819480768
1785124210.9001184,0.03649492631887372,0.0020770660251833713
1785124210.9074998,0.03649314283989023,0.002077185498220279
1785124210.9110937,0.03649105736089247,0.0020773294085528696
1785124210.9167445,0.03650610059866846,0.0020762700427910236
1785124210.9202278,0.03648566263919423,0.002077763226872228
1785124210.9266045,0.03648504304790899,0.0020778096752269047
1785124210.9310777,0.03648347763251055,0.0020779315745457346
1785124210.935667,0.0364975909437714,0.0020768060968479078
1785124210.946328,0.03649703675345847,0.002076851110411062
1785124210.9483595,0.03648732762297037,0.002077660735925094
1785124210.9500031,0.03648113483765311,0.0020781847786220057
1785124210.9557428,0.03647638254823317,0.002078594858975979
1785124210.960616,0.036491912958457426,0.002077232198986174
1785124210.965229,0.036480337400020324,0.0020782890594198515
1785124210.9698253,0.03647287045863488,0.0020789861193559224
1785124210.976833,0.036467566789036204,0.002079493538609959
1785124210.9881985,0.03647139742320328,0.002079119543294386
1785124210.9897542,0.03647208727592844,0.00207905019171254
1785124210.991253,0.03646770415570879,0.00207950187145349
1785124210.9962835,0.03645864933748032,0.0020804472136782917
1785124210.9998202,0.036452370108011764,0.0020811180373904023
1785124211.006088,0.03645384296052917,0.0020809583782617383
1785124211.0128562,0.03645316130754268,0.002081033884553811
1785124211.0170527,0.03645718392065011,0.0020805795023524196
1785124211.0217075,0.03645804990211067,0.0020804797571318174
1785124211.02702,0.03644388001011402,0.002082151472171473
1785124211.0307658,0.036442829441043566,0.0020822768428177957
1785124211.0350268,0.03644064239513873,0.0020825426536698957
1785124211.044453,0.03643792121086519,0.0020828815496407257
1785124211.0475004,0.03644248700958476,0.0020823039430287616
1785124211.0495012,0.0364434637807356,0.0020821789664098264
1785124211.0554953,0.036442587157283574,0.0020822932871927785
1785124211.0607111,0.03644067097866627,0.0020825454969921674
1785124211.065328,0.03643778781945517,0.0020829298511529574
1785124211.0708475,0.03643486309683471,0.0020833256343440604
1785124211.0759463,0.036431718240391375,0.0020837583263046897
1785124211.080212,0.0364285171011926,0.0020842064725471454
1785124211.0856917,0.036423184731068335,0.002084958707528134
1785124211.0903296,0.03641882016403997,0.002085584322265247
1785124211.0956957,0.03641496554570258,0.002086146654262496
1785124211.100069,0.03641128720432562,0.0020866940622510156
1785124211.1063218,0.03641335167487808,0.0020863835434505487
1785124211.1120265,0.036412937477112564,0.002086446909241504
1785124211.1160715,0.03641116046082079,0.0020867233352586238
1785124211.1206205,0.03640872164407236,0.00208710763504152
1785124211.1260924,0.036405784985120294,0.002087574335612186
1785124211.1306567,0.03639679051859044,0.002089019652687555
1785124211.1356502,0.03639596844816944,0.0020891531994905363
1785124211.1457713,0.03639384415951187,0.00208950065025716
1785124211.1493125,0.03639110509541785,0.002089953533449552
1785124211.152902,0.036388123728558194,0.0020904515454679574
1785124211.1549313,0.03638494734763518,0.0020909913758148722
1785124211.1608143,0.03638758192101671,0.002090538432860222
1785124211.1654346,0.03638749051830194,0.0020905543565479475
1785124211.170028,0.03638598061399592,0.0020908214815908727
1785124211.1763954,0.03638378824450485,0.002091212688339541
1785124211.1815462,0.0363811634202102,0.0020916819838899653
1785124211.1862104,0.036378356511206134,0.0020921906168811623
1785124211.1917312,0.0363754790738608,0.0020927179443359957
1785124211.197059,0.036377785135243645,0.002092290539032649
1785124211.1998088,0.03637754051565724,0.002092336367309527
1785124211.205712,0.03637603739769312,0.002092620069122421
1785124211.2105649,0.03637389568589403,0.0020930253291224126
1785124211.215541,0.036371300370663724,0.0020935202508246854
1785124211.2198787,0.036368453689802245,0.0020940680366529534
1785124211.2279267,0.03636544677102748,0.002094650825319916
1785124211.2317736,0.03636244515102059,0.002095238804882858
1785124211.2365959,0.03635943372032548,0.00209583529783117
1785124211.2465866,0.03635643567892416,0.002096432406385803
1785124211.249716,0.03635340255700773,0.0020970430509407315
1785124211.255545,0.036350401438458455,0.0020976511289039447
1785124211.2610219,0.03634752437549957,0.0020982391628869843
1785124211.2661905,0.036353426645592164,0.0020970193783419553
1785124211.2701092,0.03635509720291982,0.0020966722225069876
1785124211.2774363,0.03635474160165298,0.0020967465475955935
1785124211.2808263,0.03635337460488336,0.002097034029067623
1785124211.2853777,0.03635141901442346,0.002097449229572667
1785124211.291969,0.03634923938595195,0.002097916597131221
1785124211.2962694,0.03634691222415268,0.00209842112488608
1785124211.3000193,0.0363445221511358,0.0020989424010682124
1785124211.306047,0.03634208601053096,0.0020994758638549636
1785124211.3109465,0.03633952131452758,0.002100042246219483
1785124211.3158867,0.03633698983750346,0.002100603676572182
1785124211.3198504,0.036334626017606605,0.002101130613010191
1785124211.32618,0.03633222161118693,0.0021016712446402927
1785124211.3297155,0.03632988365454425,0.002102200795084917
1785124211.3369493,0.03632767358572396,0.002102705610507279
1785124211.341726,0.0363254852463216,0.0021032087334194455
1785124211.349449,0.03632344117461951,0.002103681495916241
1785124211.352561,0.036321437877216145,0.002104147490523722
1785124211.3564909,0.03631960404256788,0.0021045767540671723
1785124211.3607452,0.036317803677581396,0.002105002173768405
1785124211.365927,0.03631610165877395,0.0021054070899603917
1785124211.3705647,0.03631451652007551,0.0021057870681126857
1785124211.3758295,0.03631300686709502,0.002106151472516332
1785124211.3814905,0.03631842281691349,0.002104839375625557
1785124211.3851311,0.03632075855086983,0.0021042705302992378
1785124211.3909693,0.03632158730503728,0.0021040680658671557
1785124211.3954344,0.03632163676396655,0.002104055928148649
1785124211.3997195,0.03632128392199871,0.002104142869288117
1785124211.4049172,0.03632072745626539,0.002104280676834364
1785124211.411038,0.036320060946074754,0.0021044467135714865
1785124211.4152915,0.03631936996685584,0.0021046199196611973
1785124211.4198494,0.0363186703916054,0.0021047961166719893
1785124211.4259748,0.03631797421130164,0.002104972060699463
1785124211.4300299,0.03631732651990397,0.0021051365591430076
1785124211.436548,0.03631670944119438,0.0021052939307163367
1785124211.4411106,0.03631614837191623,0.0021054383262855744
1785124211.4477296,0.03631561260896377,0.0021055766929888517
1785124211.4508722,0.036315123565078676,0.00210570398659719
1785124211.4551303,0.036322574789929535,0.00210375172124625
1785124211.460933,0.036326349186458155,0.0021027559757268582
1785124211.4648685,0.036328390554768185,0.0021022131420251697
1785124211.4695003,0.03632942774566129,0.0021019352088534424
1785124211.4757073,0.03632998007556812,0.0021017867327731833
1785124211.4810932,0.03633024367136628,0.0021017153819391943
1785124211.4861343,0.03633034915708201,0.0021016866227926132
1785124211.4913185,0.03633035577889365,0.0021016848073997577
1785124211.4959118,0.03633016891220712,0.00210173621976062
1785124211.5002093,0.03632996183874172,0.0021017937075227637
1785124211.5051775,0.03632979003353213,0.002101841759738696
1785124211.5118546,0.03632967155957559,0.002101875202835924
1785124211.5166452,0.03632960544198653,0.0021018939680540836
1785124211.5195625,0.03632959312660548,0.0021018974754537646
1785124211.5270264,0.03633368175609842,0.0021007242218501363
1785124211.5304601,0.03633587700659414,0.0021000887332202223
1785124211.5350683,0.03633725071448082,0.002099688683640886
1785124211.540536,0.03633812661128735,0.0020994318184407905
1785124211.5492034,0.0363387543578233,0.0020992464979913143
1785124211.5513763,0.036339186627895745,0.0020991180764239987
1785124211.5551276,0.036339553990079355,0.002099008175126506
1785124211.5615058,0.03633988615798159,0.002098908376976538
1785124211.5648005,0.03634019033093527,0.002098816366801717
1785124211.5706432,0.036340491055057995,0.0020987249698859603
1785124211.5758631,0.03634080655225544,0.0020986286473622475
1785124211.5797262,0.03634113843804002,0.0020985265635809548
1785124211.5852938,0.03634149635646606,0.002098415271932732
1785124211.5907965,0.03634188612570419,0.0020982931602097445
1785124211.5966141,0.036342304630084886,0.0020981612067322557
1785124211.5998414,0.036342770949193595,0.0020980133034295078
1785124211.6055257,0.0363432996462362,0.0020978442050207575
1785124211.610505,0.03634385483459959,0.0020976665973458253
1785124211.6155488,0.03634447122287014,0.00209746834415779
1785124211.6201978,0.03634515200933363,0.002097248318490207
1785124211.626416,0.03634588236645337,0.0020970112565803305
1785124211.631246,0.036346695594023065,0.002096746126231258
1785124211.6358306,0.03634756175199787,0.002096462754563932
1785124211.6409264,0.03634850175365999,0.0020961541456322326
1785124211.6482377,0.036349476000369516,0.0020958310780333873
1785124211.6510296,0.03635056719710309,0.0020954676176202147
1785124211.6554148,0.03635172301121626,0.0020950804143859856
1785124211.661108,0.036352910966327055,0.0020946797106066706
1785124211.6655834,0.0363542024650986,0.0020942430274299476
1785124211.6699429,0.03635555215698312,0.00209378441372362
1785124211.6759882,0.036357036979323985,0.00209327600135996
1785124211.6807737,0.03635853529945297,0.002092758547808257
1785124211.6847456,0.03636013732536642,0.0020922029576660776
1785124211.690488,0.03636179973588995,0.002091622838708358
1785124211.695412,0.03636356821754274,0.0020910028180510893
1785124211.6999454,0.03636549210395545,0.0020903254806334936
1785124211.7054486,0.03636750162910869,0.0020896147069724416
1785124211.7106812,0.036369525107641014,0.0020888951941868544
1785124211.7158983,0.03637168462311516,0.002088123490521309
1785124211.7203887,0.036373896928020205,0.0020873273070993368
1785124211.726386,0.036376178852425826,0.0020865011736679695
1785124211.7321968,0.03637855079980493,0.0020856392629117156
1785124211.7357829,0.03638456972315643,0.002083440120667077
1785124211.7400684,0.036389026561211776,0.00208180482969797
1785124211.751572,0.036392673968297824,0.0020804582916708046
1785124211.7561255,0.036396139443278235,0.002079172637658826
1785124211.7626455,0.03639946346010274,0.002077933789636473
1785124211.765256,0.03640265869552466,0.002076732202105851
1785124211.770995,0.036405726769267434,0.002075575695304923
1785124211.777912,0.03641483787442818,0.0020721219162954745
1785124211.7808368,0.03642076806691291,0.002069865758092979
1785124211.7861304,0.03642550875993804,0.0020680568732121297
1785124211.7925675,0.036429463021427244,0.0020665451622070927
1785124211.8008425,0.03643314830235925,0.002065128698738654
1785124211.808045,0.03643641932500249,0.002063867630999336
1785124211.815098,0.03643965634189951,0.0020626148033788907
1785124211.8177102,0.03644271198078591,0.002061427744489526
1785124211.818756,0.03644579095873835,0.002060227394096558
1785124211.8209991,0.03645735348449238,0.0020556952907166484
1785124211.8345513,0.03646547692240973,0.0020524950036988
1785124211.8367865,0.036471094147705684,0.0020502788002299288
1785124211.8374727,0.03647565690235721,0.0020484686516521956
1785124211.8525357,0.03647972230169719,0.0020468484461648247
1785124211.8544858,0.03648335893420468,0.0020453949400447004
1785124211.8679416,0.036492961337463214,0.0020415406096288037
1785124211.8695724,0.03649951243796071,0.002038897802815133
1785124211.8710203,0.03650458953445379,0.0020368355641043577
1785124211.8727517,0.03650876810666392,0.0020351292350802145
1785124211.8761559,0.03651846323464049,0.0020311423138327763
1785124211.8828125,0.036525332452688686,0.0020283062108205204
1785124211.8852367,0.036530574885377594,0.002026128894637651
1785124211.890981,0.03653488684301974,0.002024328985962995
1785124211.898032,0.03653862741145627,0.0020227630507346417
1785124211.900098,0.03655340112761263,0.0020165461731223426
1785124211.9058466,0.0365629211388221,0.002012512332926635
1785124211.9135349,0.03656950414831153,0.0020097081199852407
1785124211.916261,0.036574429541108816,0.0020075934471161113
1785124211.9198017,0.036578320176001315,0.0020059157608443264
1785124211.9264107,0.03658175582331123,0.002004425002283925
1785124211.9308987,0.03658475143844726,0.0020031190387236105
1785124211.9354882,0.036587459111470835,0.002001929388284476
1785124211.9411201,0.03660208343326623,0.0019954625519136584
1785124211.9484828,0.03661084338203231,0.0019915609918715296
1785124211.950799,0.03661669890022442,0.0019889386489815217
1785124211.957788,0.03662106822074318,0.0019869694884729694
1785124211.9631484,0.03662459144005624,0.0019853735294092486
1785124211.9680636,0.03662759132155415,0.0019840091462145267
1785124211.9702117,0.036630229844777124,0.0019828024319930994
1785124211.9754531,0.03664020782336838,0.001978224833775033
1785124211.9811566,0.036650831725020296,0.0019733309776696593
1785124211.9857786,0.03665745124047031,0.0019702644600089847
1785124211.9898686,0.03666209646378044,0.001968099225442617
1785124211.9978497,0.03674628947197609,0.0019287342521896688
1785124212.0003636,0.03687136047821209,0.0018698400206911328
1785124212.005253,0.03701338311184435,0.001802527832410915
1785124212.0106997,0.037170382300457584,0.0017277461297137678
1785124212.0155277,0.03733111302071449,0.0016507169267651486
1785124212.0195649,0.037491123061394765,0.0015736035385600605
1785124212.0258076,0.03765694338286178,0.0014930963014512914
1785124212.0316849,0.03781883296293554,0.0014141171946706077
1785124212.035037,0.037992104264468377,0.001329020283038638
1785124212.0398238,0.03815670930497197,0.0012477389141316334
1785124212.047466,0.03832368199129533,0.0011647052883257856
1785124212.050302,0.03848969445863498,0.0010817558680468842
1785124212.0575278,0.03865892630623801,0.000996595434850222
1785124212.066695,0.038824568260589214,0.0009126344248105614
1785124212.0672588,0.03898323746154668,0.0008317181694957749
1785124212.0707388,0.039148341819376105,0.0007469661652379689
1785124212.0766535,0.03931048086866156,0.000663301607416015
1785124212.080495,0.039476169923302024,0.0005772887448562584
1785124212.0854979,0.03963902121806041,0.0004922858754181157
1785124212.0899034,0.03979979406432695,0.00040783116990387346
1785124212.096201,0.039968490366385,0.00031868598122318834
1785124212.0998907,0.040130478503499,0.00023243680308350406
1785124212.10467,0.04029450087556474,0.00014454047999802196
1785124212.11093,0.040454927301112976,5.8058536799713965e-05
1785124212.1165555,0.040614990328533024,-2.874364013856338e-05
1785124212.119892,0.04077872405894066,-0.00011808943971810215
1785124212.1255255,0.04093591939946101,-0.00020426218956034385
1785124212.1306996,0.04109223165439511,-0.00029046654117322827
1785124212.1349187,0.04125200695599738,-0.00037900862792321057
1785124212.1396904,0.04140857624991249,-0.00046624275993834295
1785124212.1464238,0.04149035829476064,-0.0005121132058922976
1785124212.150081,0.04153609742677524,-0.0005378988239122479
1785124212.1659157,0.04156340302213126,-0.0005533928813225002
1785124212.1683502,0.041578583612608334,-0.0005620545337935082
1785124212.1702633,0.04158737191186929,-0.0005671054040880817
1785124212.1749096,0.04159737644886437,-0.000572894498544428
1785124212.1812024,0.041603662677639076,-0.0005765512328898716
1785124212.1867208,0.041607538218890315,-0.0005788147845973399
1785124212.1906502,0.041612211920932236,-0.0005815597994771225
1785124212.1969287,0.04161762502774608,-0.0005847515311794948
1785124212.2004194,0.041621297962706784,-0.0005869300951993653
1785124212.2047899,0.04162620178996328,-0.0005898534789938258
1785124212.2110167,0.04163255061857705,-0.0005936501582820364
1785124212.2154663,0.04163842954667273,-0.0005971809453167298
1785124212.2199266,0.04164199659484807,-0.0005993381197440424
1785124212.226163,0.04164734870049368,-0.0006025879348941325
1785124212.2322028,0.04165351797397256,-0.0006063582348086004
1785124212.2365184,0.041657035069342624,-0.000608516902702275
1785124212.2398975,0.041664187819958655,-0.000612935093450205
1785124212.246776,0.04166836636666424,-0.0006155253912057117
1785124212.2509727,0.0416751353240894,-0.0006197316814169991
1785124212.256686,0.041683154683800926,-0.0006247393872609225
1785124212.2663412,0.04168748099987616,-0.0006274512172703783
1785124212.2708206,0.04169668289310634,-0.0006332387653804065
1785124212.2753644,0.04170169034668568,-0.0006364061403964458
1785124212.2816932,0.04170884938403528,-0.0006409506803790734
1785124212.2862785,0.04171936171992667,-0.000647672066239948
1785124212.2903435,0.04172485270914916,-0.0006511996545394569
1785124212.2968638,0.04173341276622425,-0.0006567234419172245
1785124212.3000379,0.04174139074608515,-0.0006618950874505996
1785124212.3061929,0.04175081232165228,-0.0006680285335948024
1785124212.3105621,0.041759085188100696,-0.0006734388374671752
1785124212.3152604,0.04176898243488701,-0.0006799356067343723
1785124212.3198738,0.04177770553748178,-0.0006856767422577332
1785124212.3251677,0.04178746312466282,-0.0006921268140083565
1785124212.330849,0.04180048355361627,-0.000700772471501436
1785124212.3355627,0.04180712694526933,-0.0007052072879320924
1785124212.3396022,0.04181648477896178,-0.0007114717849730144
1785124212.3476882,0.041829761003922994,-0.0007203982323255576
1785124212.3501127,0.04183964533262283,-0.0007270698368435968
1785124212.3546567,0.04184489028476896,-0.0007306154063885808
1785124212.3636322,0.04185702132222374,-0.0007388573561556917
1785124212.3710186,0.0418666270748376,-0.0007454048158550194
1785124212.3791835,0.04187723096692074,-0.0007526461475046311
1785124212.3811438,0.04188647304746868,-0.0007589917875707213
1785124212.3856473,0.041896932723431445,-0.000766199173271504
1785124212.3926518,0.04191104397167707,-0.0007759652489383117
1785124212.3964393,0.041918044578632685,-0.0007808335423089642
1785124212.399803,0.041925624805861136,-0.0007861280003865641
1785124212.4055748,0.04193942656422578,-0.0007958116288086491
1785124212.4103434,0.04194588172722954,-0.0008003604121138875
1785124212.4165587,0.04195929028155544,-0.0008098431826896031
1785124212.41954,0.04196967700802672,-0.0008172263362647883
1785124212.42565,0.04197450444742777,-0.0008206714100750126
1785124212.4318907,0.041988148127592724,-0.0008304582583007051
1785124212.4360917,0.04200307710177943,-0.0008412073221688822
1785124212.440156,0.04201045077281576,-0.0008465357327698999
1785124212.4469,0.04202062970868895,-0.0008539129837648813
1785124212.4514596,0.04203580045723522,-0.0008649368385971022
1785124212.454727,0.0420428371879636,-0.0008700750518781191
1785124212.4614265,0.042056780388013325,-0.0008802963167515095
1785124212.4670298,0.04206731734449002,-0.0008880597666790826
1785124212.473905,0.042078796550143904,-0.0008965559583703035
1785124212.4765673,0.04208835738207404,-0.000903659736545422
1785124212.4815562,0.042099770033675925,-0.0009121613323921971
1785124212.485392,0.04211554539390451,-0.0009239341718016442
1785124212.4903073,0.042126392733830044,-0.000932064454834201
1785124212.4959905,0.042131218181882577,-0.000935699627014135
1785124212.5001411,0.042144515044869435,-0.0009457630796544629
1785124212.5056562,0.0421603495547351,-0.0009577907031780077
1785124212.510803,0.042173507662918594,-0.0009678263134229694
1785124212.516875,0.04218628449647279,-0.0009776143082312545
1785124212.5205123,0.0421960268623355,-0.0009850984379665656
1785124212.5270374,0.042204665868002644,-0.0009917556413390454
1785124212.5326169,0.04221833604903394,-0.0010023239639628074
1785124212.5359814,0.04222861137717108,-0.0010103000673818252
1785124212.5415525,0.04223740522656367,-0.0010171598139051656
1785124212.5484576,0.04225147078267098,-0.0010281744632213282
1785124212.5506806,0.042261382065531664,-0.0010359685488631914
1785124212.5558734,0.04227565043754667,-0.0010472328210234339
1785124212.560334,0.042287736858808184,-0.001056822774908359
1785124212.5665677,0.042302099513489795,-0.0010682576171925882
1785124212.574766,0.04231472689796388,-0.0010783543882309909
1785124212.5768003,0.04233051312472309,-0.0010910272863436789
1785124212.5849266,0.042343615150181764,-0.0011015782353353699
1785124212.5863438,0.04235385989465709,-0.001109863616515956
1785124212.5902135,0.04236839167543326,-0.0011216525725935504
1785124212.5972703,0.042383940851300414,-0.0011342923928561678
1785124212.6013818,0.042397656959979726,-0.001145496197852733
1785124212.6060145,0.04240720258621889,-0.0011533174677303003
1785124212.6102371,0.04242068786673551,-0.0011644092041324808
1785124212.6164587,0.04243528731770746,-0.0011764785473078875
1785124212.6200223,0.042444539620008596,-0.001184147845223798
1785124212.626751,0.042457325970856934,-0.0011947877929441833
1785124212.6330755,0.042470936321451075,-0.0012061545185472829
1785124212.6351295,0.042481868380426044,-0.0012153110824830503
1785124212.639737,0.04249514862354223,-0.0012264954666538917
1785124212.6472566,0.04250889267391459,-0.001238125721956283
1785124212.6503317,0.0425171851154949,-0.0012451749614723626
1785124212.6558464,0.042529256061641395,-0.0012554752112359144
1785124212.664868,0.04254270023079474,-0.0012669779116095106
1785124212.666777,0.04255621016712562,-0.001278592667723563
1785124212.6737502,0.042566766596183275,-0.0012876951727078443
1785124212.6762676,0.04257948747807072,-0.0012987073352706453
1785124212.680766,0.04259254392206509,-0.0013100410495335915
1785124212.6852376,0.04260584132023765,-0.0013216304620458739
1785124212.6898339,0.04261858013889948,-0.001332796075379086
1785124212.6978981,0.04262845990303221,-0.0013414911630222391
1785124212.7007804,0.04264037415974286,-0.001352019485207021
1785124212.7052004,0.042653306997198936,-0.0013634886555056174
1785124212.709892,0.042666077571796676,-0.0013748399530497167
1785124212.716132,0.042678515778089336,-0.001385930660381044
1785124212.720094,0.04269159445366167,-0.0013976555126764161
1785124212.7252052,0.042704263638625096,-0.001409059484689935
1785124212.7369084,0.042716302167259954,-0.0014199337780206622
1785124212.7380188,0.042728631069857234,-0.0014311177155045712
1785124212.741547,0.04274091210500781,-0.0014422965056072473
1785124212.749167,0.04274977509721259,-0.0014504073406974008
1785124212.7520506,0.04276105665857924,-0.0014607674168784107
1785124212.7557042,0.042773073296089974,-0.0014718500297089894
1785124212.76191,0.042784999181258825,-0.0014828787733308481
1785124212.7661848,0.04279734910409557,-0.0014943238287361516
1785124212.7720745,0.04280935088726328,-0.0015054752253763526
1785124212.7749352,0.04282106509938356,-0.0015163792629463895
1785124212.7821138,0.042832760611125745,-0.0015273134847875265
1785124212.7859569,0.042843996986532316,-0.0015378739906337648
1785124212.7901683,0.042855241825495424,-0.0015484994063597623
1785124212.798456,0.042866427232086585,-0.0015590941598697338
1785124212.8003817,0.042877298864927124,-0.0015694343474422757
1785124212.8048184,0.04288786536564563,-0.0015795278728802052
1785124212.8125663,0.04289786823945724,-0.0015891224971870271
1785124212.81617,0.04290791247003488,-0.0015988038398482675
1785124212.8200617,0.04291803883783076,-0.0016085924653989798
1785124212.825495,0.04292745676684901,-0.0016177267383688078
1785124212.8331783,0.04293680232624693,-0.0016268210860613194
1785124212.8356955,0.04294594881256514,-0.001635757219990376
1785124212.8407688,0.042954703503708024,-0.0016443366386859166
1785124212.84711,0.042963636912276594,-0.001653121184292055
1785124212.8503554,0.0429720684132077,-0.001661433094727957
1785124212.8555374,0.042980478108596766,-0.0016697473135561457
1785124212.862869,0.0429886967232492,-0.0016779111381583472
1785124212.8681877,0.04299652201285835,-0.0016857252800022504
1785124212.8754237,0.04300401128652424,-0.0016932244833279023
1785124212.8803523,0.04301111867094917,-0.0017003607951280785
1785124212.885154,0.04301802651531862,-0.0017073249709127604
1785124212.8906653,0.043024782513154926,-0.0017141560567610333
1785124212.898411,0.043031388329172124,-0.0017208588167503046
1785124212.9022863,0.04303740367126433,-0.0017269817886717402
1785124212.9058845,0.04304313310269675,-0.00173284308425002
1785124212.911815,0.04304868672536528,-0.0017385458958003338
1785124212.9161339,0.04305404516079967,-0.0017440685298804564
1785124212.9204075,0.043059230544388684,-0.0017494402494869724
1785124212.9331803,0.04306430332552183,-0.001754712440832253
1785124212.939132,0.04306893366283811,-0.0017595403379632227
1785124212.942005,0.043073071651904715,-0.0017638712104273062
1785124212.9458456,0.043076924319826335,-0.0017679268209513837
1785124212.9501677,0.04308052086411906,-0.001771729493849173
1785124212.951515,0.04308384963671671,-0.0017752598451480969
1785124212.9553347,0.04308699980332065,-0.0017786153996184376
1785124212.9604373,0.043061911821161876,-0.001751799181079612
1785124212.9661183,0.04306073538766086,-0.0017505373902057945
1785124212.9702363,0.04306666308399373,-0.0017569172452406275
1785124212.9823852,0.04305975064309011,-0.0017494450038236411
1785124212.9853048,0.04306607775130673,-0.0017563003194456157
1785124212.9890168,0.04302296890489916,-0.001709393091960314
1785124212.9911926,0.043025309595994744,-0.001711948734277014
1785124212.9974487,0.043004668558751874,-0.0016893077692338202
1785124213.000072,0.042993979100416156,-0.0016775273142243077
1785124213.0054944,0.04296997751903689,-0.0016509994786551318
1785124213.0127392,0.04291145259823864,-0.001586122297539204
1785124213.016546,0.04287247624845095,-0.0015427817778402915
1785124213.0198824,0.04286395711028809,-0.001533256443743639
1785124213.0249555,0.04281355456512514,-0.0014765341756168575
1785124213.0388558,0.04274237945851372,-0.0013961285439079275
1785124213.040512,0.0426631733665666,-0.0013062407151286006
1785124213.0415998,0.04257621714684978,-0.0012069218550720068
1785124213.0477865,0.042482876580609265,-0.0010999399103210517
1785124213.0504246,0.04239045335604378,-0.0009934910346595502
1785124213.0556421,0.04229400135287898,-0.0008818480590988231
1785124213.0628765,0.04219797069216493,-0.00077007380666464
1785124213.0670784,0.042103009806772784,-0.000658914633389055
1785124213.0702076,0.04200652713615452,-0.0005450507934245736
1785124213.0816624,0.041911933514403046,-0.00043264461202643446
1785124213.0846334,0.041818921798576505,-0.00032137963904070436
1785124213.0876966,0.04171915716700609,-0.00020132715519097832
1785124213.091026,0.04162280641844651,-8.47327898820131e-05
1785124213.0969582,0.04152399032203279,3.543639682094735e-05
1785124213.1002307,0.041422064104038675,0.0001602846896703666
1785124213.1047144,0.04132563959250897,0.00027895592192140917
1785124213.1117315,0.0412270458720704,0.00040109405832121424
1785124213.117034,0.041133193793944506,0.0005182666084772324
1785124213.1199737,0.041039700251565996,0.000635904944116033
1785124213.1263134,0.0409453516181982,0.0007555087404108971
1785124213.131388,0.04085608633702049,0.0008696725460282508
1785124213.1364288,0.04077418930687063,0.0009752811184121094
1785124213.1404276,0.040700852570298235,0.001070306168170809
1785124213.1471136,0.04067578892200944,0.001103072132271608
1785124213.15025,0.04067492396664984,0.001104211109386529
1785124213.1552615,0.04068539211407452,0.0010903262194998395
1785124213.1611528,0.040701830191596594,0.0010683675700374061
1785124213.1679156,0.0407197288513901,0.001044284630022763
1785124213.1708455,0.040738405224076506,0.0010189334606467665
1785124213.1843255,0.04075792170992932,0.0009922189724327287
1785124213.186348,0.04077653312263769,0.0009666112043777799
1785124213.1911538,0.04079405866898643,0.0009423320333013131
1785124213.1960964,0.04076396040119714,0.0009843149396675252
1785124213.2005703,0.04070685679690034,0.0010647041114177035
1785124213.205331,0.040635757669125326,0.0011656245662226598
1785124213.2105806,0.040534858750033945,0.0013097762770731334
1785124213.2167857,0.040427555941835586,0.0014643903632103501
1785124213.2204854,0.04032602879966316,0.0016117185519974398
1785124213.225651,0.040232112408674914,0.001748948075626848
1785124213.2327843,0.040142973860647135,0.0018800818122540314
1785124213.236455,0.040055521108816126,0.002009278744759934
1785124213.2400584,0.03997164877059876,0.0021338147623655708
1785124213.24864,0.03990152614497998,0.0022383141669799433
1785124213.251126,0.03984014692813941,0.002330398183983569
1785124213.2562394,0.039780981256228996,0.0024194723524245884
1785124213.2609098,0.03972198224862912,0.002508662811449978
1785124213.2676244,0.039680082366503173,0.002572284078840231
1785124213.2709305,0.039635888066531864,0.002639530320548686
1785124213.27579,0.03959370780569396,0.0027039595199529354
1785124213.2832484,0.03955593208590909,0.002761882094578402
1785124213.2863026,0.03952246342759774,0.002813348870298621
1785124213.289998,0.03949453177701695,0.0028563886351950806
1785124213.295253,0.039478750839852444,0.0028807723901972974
1785124213.3010223,0.039468432896726455,0.0028967906899264183
1785124213.3053162,0.039452663528127076,0.0029212820203893194
1785124213.3106298,0.03944064688883847,0.0029400081370058086
1785124213.3170943,0.03943731743096095,0.0029452114798774395
1785124213.3203804,0.03942755213513031,0.002960514868390236
1785124213.3256683,0.039417897470683895,0.0029757169808491486
1785124213.333046,0.03942210634482518,0.0029690540105081842
1785124213.3363962,0.03942633944260164,0.00296231543662867
1785124213.3403363,0.03942726768905094,0.0029608288125730184
1785124213.3453867,0.039428524740273085,0.002958803915232471
1785124213.3521519,0.03943956519929263,0.002940918663214224
1785124213.3548348,0.03944476764396147,0.0029324354257602363
1785124213.3609798,0.03945468870189001,0.0029161315057917247
1785124213.3679168,0.0394749747493873,0.0028825268274342824
1785124213.3715549,0.03949444010966093,0.002850000016559686
1785124213.376204,0.039514453362732245,0.0028162907794494034
1785124213.3850112,0.039531444099743296,0.002787376298479065
1785124213.3878143,0.03955329210677752,0.0027498266644817057
1785124213.3897645,0.039584517267838876,0.0026956205263085524
1785124213.4011185,0.03959538426172521,0.002676527369722664
1785124213.4037862,0.039616215457883006,0.002639541131860512
1785124213.4074662,0.03964082865853756,0.002595335971235275
1785124213.4194272,0.03965356093365227,0.0025722086913087245
1785124213.4210744,0.0396794565809983,0.00252453405770967
1785124213.4219265,0.0397091574679411,0.0024691664337197724
1785124213.4273746,0.03973218799592583,0.0024257539156837776
1785124213.4367054,0.0397467285682846,0.0023980075485788904
1785124213.4399352,0.039774360421780175,0.002344608815726923
1785124213.4489894,0.03980506531764837,0.002284502073057668
1785124213.450036,0.03982908069322047,0.0022368967199122465
1785124213.4518583,0.03984593913455153,0.0022031245710634776
1785124213.4586046,0.03987293982396086,0.0021484388143377035
1785124213.4620702,0.039901646029230645,0.002089563201762101
1785124213.4682653,0.03992566178319817,0.002039733906891343
1785124213.4864573,0.03994390534816148,0.00200150840743352
1785124213.4887722,0.03997139010871647,0.0019434240838276232
1785124213.494086,0.0400012586222139,0.0018796092504362132
1785124213.4996588,0.040024661453426466,0.001829175473120557
1785124213.5029716,0.04005310273491163,0.001767477533736755
1785124213.50543,0.040081783691278496,0.0017045998135516364
1785124213.510498,0.040110704312234575,0.0016406457900672124
1785124213.5160356,0.04013724803482783,0.0015814825422786913
1785124213.5204089,0.04016560090167097,0.0015178018488740967
1785124213.5257545,0.04019786101587862,0.0014450418645242358
1785124213.5311747,0.04022838121862271,0.0013756595512960414
1785124213.5357678,0.04025836937515749,0.001307185125886743
1785124213.5394788,0.04028631411942807,0.0012431303199940925
1785124213.546315,0.04033539748974097,0.0011300924323431394
1785124213.5514212,0.0403861446625672,0.001012686446320275
1785124213.555073,0.04042874084736242,0.0009138893793037755
1785124213.5602725,0.040462157107996596,0.0008362265677438678
1785124213.5661674,0.04050399217054348,0.0007387206434978506
1785124213.570764,0.04054196099896704,0.0006501919527679727
1785124213.575511,0.040573101763761124,0.0005777484155183656
1785124213.5818923,0.040612168420266416,0.000486868819832704
1785124213.5854275,0.04064479139118896,0.00041096318549722357
1785124213.5918796,0.0406845043594283,0.0003185213923619621
1785124213.5988405,0.040722423329256734,0.0002306353719150372
1785124213.6015468,0.04077038819293833,0.00011963597989937275
1785124213.606016,0.04080753614482487,3.3779010862783996e-05
1785124213.6105206,0.040838255823435754,-3.7223382522543364e-05
1785124213.6168947,0.04088338664833324,-0.0001411933938129323
1785124213.6202211,0.04092419461097537,-0.00023492007058116077
1785124213.6255796,0.04095612925481179,-0.00030802188617679206
1785124213.630646,0.04098276144217465,-0.00036885900715183536
1785124213.635585,0.04102806751311144,-0.0004721327936478307
1785124213.6399608,0.041066714944183014,-0.0005599202126636492
1785124213.6484783,0.04109703806898212,-0.0006285342557322493
1785124213.6514115,0.041134977652606465,-0.0007143494604458297
1785124213.6552858,0.04116457812881403,-0.000781092237514909
1785124213.6627405,0.041198412004214015,-0.000857196116770231
1785124213.6674056,0.041236576471698864,-0.0009427630711691337
1785124213.6705582,0.041265771328545045,-0.00100817253491997
1785124213.6751595,0.041301389737167925,-0.0010878829805829261
1785124213.682713,0.04134012852148367,-0.001174205944116378
1785124213.688865,0.04136895378925323,-0.0012383790684463841
1785124213.7022383,0.041391212688830344,-0.0012879827718346199
1785124213.7049398,0.04141853914979269,-0.001348812255135027
1785124213.7063909,0.041451955887395114,-0.00142284799465647
1785124213.7151875,0.041475964510897474,-0.0014759435020300113
1785124213.7178001,0.04149325059045071,-0.0015141500571762027
1785124213.720583,0.04152601750365058,-0.001586567745684088
1785124213.7251077,0.04154861931197863,-0.0016366311045585794
1785124213.7304852,0.04156529819206012,-0.00167360125254336
1785124213.7368376,0.0415790916154941,-0.0017042123061102041
1785124213.7400522,0.041592048723117066,-0.0017329677735618753
1785124213.751369,0.04162000076048052,-0.0017952066630568548
1785124213.7520683,0.04163859928725154,-0.001836729683760196
1785124213.755587,0.04165261502657035,-0.001868041576485306
1785124213.76051,0.04166368831905032,-0.001892807186883256
1785124213.7675328,0.04167277010882082,-0.001913200013865404
1785124213.7709146,0.04168964978020403,-0.0019513522570933806
1785124213.7747748,0.041701463426460854,-0.0019781359276509337
1785124213.7811491,0.04171011511813137,-0.00199779098274448
1785124213.786096,0.04171683273502825,-0.002013096505483601
1785124213.789666,0.04172955913130336,-0.002042262667487376
1785124213.7959182,0.0417381347048251,-0.00206197229308275
1785124213.8001735,0.04174418855754463,-0.0020759232224550938
1785124213.8052597,0.04174883659072856,-0.0020866753097627064
1785124213.810928,0.041752335322922336,-0.002094795186979973
1785124213.816084,0.0417550888250161,-0.002101206825238259
1785124213.821351,0.04175707577110846,-0.0021058566951788625
1785124213.8273597,0.04175853025658106,-0.0021092760136759885
1785124213.8351793,0.041759480723009744,-0.0021115207337897937
1785124213.841435,0.04176000497680261,-0.0021127645679747654
1785124213.8421757,0.0417518763090069,-0.0020933894433509733
1785124213.8508518,0.041738213803987026,-0.002060685367825848
1785124213.85286,0.04172534627072845,-0.0020297235076611325
1785124213.8562624,0.041715311196998665,-0.0020054611457250367
1785124213.862567,0.041707057909605216,-0.0019853595110167176
1785124213.8662689,0.041700458208777595,-0.0019691876897038043
1785124213.871168,0.04169491091328327,-0.001955506473862662
1785124213.8751926,0.04168984825879452,-0.0019429589888612135
1785124213.881252,0.04168506464967611,-0.0019310383786533987
1785124213.886953,0.04168040896676881,-0.0019193390944250825
1785124213.89039,0.04167579973037238,-0.0019076509992511865
1785124213.8986661,0.0416712835795594,-0.0018960839938086638
1785124213.9016678,0.041674796684307035,-0.001905180714335708
1785124213.9058795,0.04167935575745696,-0.0019170621347500778
1785124213.9113467,0.041682497339746674,-0.0019253670669248464
1785124213.9167478,0.041683923642383804,-0.0019291787234834207
1785124213.9199429,0.04168377841639199,-0.0019287859118988625
1785124213.9254308,0.0416823775822464,-0.001924948977498861
1785124213.9310899,0.041659758709095746,-0.0018623315456447723
1785124213.9359612,0.04165488209919912,-0.0018486609946497163
1785124213.9395988,0.041654946757154004,-0.001848844623500173
1785124213.9462621,0.04164898094032285,-0.001831708729516583
1785124213.951139,0.04165781864656466,-0.0018574813067874188
1785124213.9551046,0.04166253373905536,-0.001871458919177705
1785124213.960013,0.04165793770859256,-0.0018576048491439076
1785124213.9676678,0.04165574801643051,-0.0018509058479051343
1785124213.969797,0.041661137432438634,-0.0018676103848969164
1785124213.9753277,0.04164582903152193,-0.0018193641215348757
1785124213.9814875,0.04164694016315808,-0.0018229280962097096
1785124213.9857862,0.04163882989027427,-0.0017965178191178754
1785124213.9897375,0.0416330491936224,-0.0017774132967394586
1785124213.999686,0.041628915443866835,-0.0017635077131827744
1785124214.0022926,0.0416195823873671,-0.001731663695393554
1785124214.0048573,0.04160840965299963,-0.0016929240194400003
1785124214.0097058,0.04160171368480819,-0.001669296070919482
1785124214.017703,0.04160241739892933,-0.0016718235819089171
1785124214.0199583,0.04158769587067217,-0.0016182313964173394
1785124214.0256073,0.041574359395944574,-0.0015690270820493126
1785124214.030907,0.04157234488216226,-0.0015614794513866405
1785124214.0353074,0.04155727653562033,-0.0015043331447805609
1785124214.0399218,0.04155391881168168,-0.0014914381886838362
1785124214.0458088,0.04155698696442453,-0.0015033488117796464
1785124214.0521164,0.041571865524119164,-0.0015618037216664
1785124214.054865,0.04159013448800982,-0.0016345107208797466
1785124214.0647173,0.04161291608376699,-0.0017263380258371187
1785124214.066549,0.04164403676592552,-0.0018528405835554313
1785124214.0698264,0.041667810460908415,-0.001950726931031118
1785124214.076854,0.04170282184797039,-0.0020965355693924677
1785124214.080869,0.04173933671599418,-0.002250730336887301
1785124214.0863094,0.04176532532531153,-0.0023616020617786447
1785124214.0908396,0.04180621186939831,-0.0025376094288834736
1785124214.0987217,0.041841960944485224,-0.002692226711380206
1785124214.1017923,0.041894010576849404,-0.002919708125052888
1785124214.105206,0.04196443157444228,-0.003230782049366114
1785124214.1101658,0.04203722433528925,-0.0035543510825202036
1785124214.117281,0.04211560165892708,-0.0039042378132453067
1785124214.119899,0.04219338286215525,-0.004252363748805227
1785124214.12613,0.04227796186162791,-0.004631744808180344
1785124214.1312222,0.04236790573416038,-0.005037465038540791
1785124214.1356964,0.0424461867573989,-0.005392749341088017
1785124214.1398373,0.0425269580691765,-0.00576109648283403
1785124214.1472259,0.042633663692323645,-0.00624817625110392
1785124214.1529038,0.042746094853591786,-0.006765627474359988
1785124214.1551964,0.04288363778544056,-0.007399016024810405
1785124214.1639829,0.04300279867453333,-0.0079487007363223
1785124214.1699471,0.043126628351213475,-0.008522858249451556
1785124214.1724792,0.04326448005073884,-0.009161882542265323
1785124214.1754777,0.043391086989406545,-0.009748748820134141
1785124214.1821046,0.043514245111522104,-0.010317483017332919
1785124214.187703,0.043646390267587584,-0.010927446187159478
1785124214.1912766,0.043781389198914916,-0.011550612235602813
1785124214.1989503,0.04391434683927422,-0.01216460691281974
1785124214.205371,0.044065191432906395,-0.012859401831397345
1785124214.208988,0.04424232487649778,-0.013674173608127274
1785124214.2141826,0.044417419664516816,-0.014479772901979295
1785124214.2165737,0.04459317963983141,-0.015289130775709456
1785124214.2206726,0.044771654625441464,-0.016112611428095596
1785124214.225726,0.04495586308456006,-0.016962998782426218
1785124214.2329047,0.04514993692722996,-0.01785658851548386
1785124214.2355921,0.04533782970548489,-0.018721729790072056
1785124214.2402506,0.04551826832002219,-0.019552706739783647
1785124214.246418,0.04573065132784374,-0.020531000634272052
1785124214.2518868,0.045962720098335144,-0.02159985642263808
1785124214.2553542,0.04619943099772318,-0.022690338242668504
1785124214.2597544,0.04643242816589432,-0.02376597151749081
1785124214.2668636,0.046667333685638,-0.02485020091186913
1785124214.2711458,0.046907434436025804,-0.025957920226905885
1785124214.2755697,0.04714146922257002,-0.027039857485203336
1785124214.280405,0.04738234517624033,-0.028154798127557046
1785124214.2858193,0.04763219607381932,-0.029319513849978638
1785124214.2899997,0.0478730433358085,-0.030443260802538286
1785124214.2976246,0.04811043298495212,-0.03155311281852842
1785124214.300997,0.04837955127055197,-0.03281635540324339
1785124214.305886,0.04864966750983086,-0.034092107145150465
1785124214.3105688,0.04894147627048554,-0.035475317036995815
1785124214.3166535,0.04922093082558739,-0.03680374103201956
1785124214.320786,0.04950152528745325,-0.038149786982466835
1785124214.3266728,0.04979145763674992,-0.03954665011331514
1785124214.330743,0.05007779444586036,-0.04094121694962197
1785124214.335907,0.05035302522453359,-0.042290743289621666
1785124214.3405406,0.05063545133631878,-0.04368314752533502
1785124214.347154,0.05094290092460777,-0.045214537762782066
1785124214.3519344,0.05124737014157735,-0.04674357537776988
1785124214.3548737,0.051566102421867904,-0.04836464306976545
1785124214.3598967,0.05188123948178936,-0.049985685808299166
1785124214.366012,0.052193178489045124,-0.051611971142518545
1785124214.3701212,0.052502221737174413,-0.053242790036856426
1785124214.3754058,0.05281445466746529,-0.05491120436373467
1785124214.3800488,0.053114447108231315,-0.05653686036122622
1785124214.3867762,0.05342012025075508,-0.05821493980472308
1785124214.3899057,0.0537256031395026,-0.0599079141989232
1785124214.3965826,0.05401612957524286,-0.061540963475128455
1785124214.400422,0.05431784707900991,-0.06326528234459182
1785124214.4053912,0.05461319181347164,-0.06498142041761877
1785124214.4093153,0.05490960134473336,-0.06673790687572487
1785124214.4153373,0.05521444451232986,-0.06857044899126594
1785124214.4202604,0.055505247908192896,-0.07035172602095717
1785124214.4255786,0.055793713909285274,-0.07214714799249411
1785124214.4312613,0.05606877855252374,-0.07389134595124437
1785124214.4359696,0.05634165123912085,-0.07564479971046043
1785124214.4398346,0.05662218585842738,-0.07748406357425891
1785124214.4455116,0.05686329738192774,-0.07910293315922977
1785124214.4517524,0.057086342454688015,-0.08063578211315629
1785124214.4557383,0.05729091290720254,-0.08208003101199142
1785124214.4607217,0.057485341177664726,-0.08349087967744945
1785124214.466695,0.05767806510337835,-0.08492345827584384
1785124214.4704404,0.05786631694731192,-0.08636712723058676
1785124214.475773,0.0580468568315058,-0.08778327761383993
1785124214.4809813,0.05821793143641876,-0.0891574768462258
1785124214.4869418,0.05839118793417185,-0.09058669812631019
1785124214.4904525,0.058562138157656055,-0.09204099578825327
1785124214.5005865,0.05872401666331403,-0.09345692819408581
1785124214.5044954,0.05886135443065965,-0.0946960755487995
1785124214.5056012,0.05898992174647375,-0.09589482312926581
1785124214.5097616,0.059108364939520285,-0.09703428890510653
1785124214.5151904,0.059216828509892655,-0.09811064329895804
1785124214.520544,0.05932218266905487,-0.0991899061356789
1785124214.5258512,0.05942455484742757,-0.10026994522930627
1785124214.5313427,0.05952072429853696,-0.10132385809198471
1785124214.5364466,0.05961561470518455,-0.1024049881988921
1785124214.5408313,0.05970945997714176,-0.10351188739014805
1785124214.5455017,0.059804150376771836,-0.10466302231680084
1785124214.5520034,0.05990083331892351,-0.10589368653685712
1785124214.5556223,0.05999260061012436,-0.10712326914502632
1785124214.5617497,0.06008781744688595,-0.10844459180161384
1785124214.5662374,0.06017569422759006,-0.10970884648365566
1785124214.5703547,0.06026570709619118,-0.11105342409597724
1785124214.5751903,0.06035019064503696,-0.1123581483174814
1785124214.581238,0.060431591167660496,-0.1136825431521013
1785124214.5864809,0.06050565633206532,-0.1149487040587942
1785124214.590317,0.060580438326987424,-0.11629289310615575
1785124214.6003785,0.060649736754680404,-0.11762654399069578
1785124214.6037664,0.06071868736014039,-0.119013120202072
1785124214.6070645,0.06078418038383685,-0.12045555086211848
1785124214.61035,0.06085097964414891,-0.12199867875221324
1785124214.6162117,0.06091466346046666,-0.12357109154622316
1785124214.6223967,0.06097133872563882,-0.12507459392551512
1785124214.6260905,0.06102492426856295,-0.1266022429486798
1785124214.6311052,0.06107235387526647,-0.12808557891679895
1785124214.6424868,0.061118196102383934,-0.12963965984048112
1785124214.6460762,0.061158728924644336,-0.1311625253198468
1785124214.6471257,0.06119908653351121,-0.13282980112219936
1785124214.6504743,0.061236575647334736,-0.13457778814644822
1785124214.6581755,0.06126953484552186,-0.13629099350992094
1785124214.6604517,0.06129958111842689,-0.1381174019463527
1785124214.6665184,0.06132557250693281,-0.13997154058514893
1785124214.6775405,0.061344743002598,-0.1417515954454101
1785124214.6782238,0.061360561416617054,-0.14351551194619694
1785124214.6798995,0.06137259497832902,-0.1453204770727261
1785124214.6878219,0.06137930739244798,-0.14708027698166876
1785124214.6916375,0.06138235951434597,-0.1488300238933581
1785124214.7016265,0.061381192807146726,-0.1506336916016511
1785124214.705115,0.06137565079668464,-0.1524311500883785
1785124214.7099922,0.061365539602383626,-0.15425722347143536
1785124214.7151864,0.06135060474530957,-0.15618990986849676
1785124214.7205725,0.061332623408775426,-0.15802736591996386
1785124214.7255924,0.06131217019229824,-0.15986651954915346
1785124214.7303808,0.061287357900464225,-0.16171543861945048
1785124214.7355068,0.06125865210169531,-0.1635979379236454
1785124214.739309,0.06122350126066258,-0.16554330108700857
1785124214.745642,0.061183157993878946,-0.16741669069087442
1785124214.7507896,0.061139519115815125,-0.16920958305749173
1785124214.7556129,0.06108667545744419,-0.1712090125664011
1785124214.7620301,0.06103492083328831,-0.17308368801689908
1785124214.7664468,0.06097945006085692,-0.17491521182087602
1785124214.770383,0.06091540772246781,-0.176870894350328
1785124214.775282,0.06084805797609685,-0.1788196397829098
1785124214.7824,0.06077529888156377,-0.1807275860761212
1785124214.786011,0.06069244392957291,-0.1827571621338806
1785124214.7904606,0.06061134734382886,-0.1846499555429133
1785124214.7956607,0.06052444142601246,-0.18656540660755694
1785124214.803311,0.06043249204217649,-0.18852210847346387
1785124214.8064644,0.060339665787090914,-0.19042427033650106
1785124214.8106008,0.06024213511599107,-0.19235103746583432
1785124214.8151236,0.06014104049303709,-0.19426571638112286
1785124214.8206744,0.06004223989650258,-0.19607860550473838
1785124214.825811,0.05993209158249826,-0.19802623267325928
1785124214.8316464,0.059823515697407285,-0.1998856009597413
1785124214.8357308,0.05971280744952485,-0.2017373170370719
1785124214.8406596,0.059595669844735646,-0.20364547141665482
1785124214.846216,0.05947956938663638,-0.2054771900918508
1785124214.8503516,0.05936215913066455,-0.2072840986238492
1785124214.855779,0.05924242182180091,-0.20906255433152898
1785124214.8598018,0.05912355567422124,-0.21080703296842102
1785124214.8651042,0.05900060008525235,-0.21260091359373215
1785124214.8709254,0.058873959022113294,-0.21439456317984662
1785124214.8754108,0.05874505354023924,-0.21619028814392416
1785124214.8802156,0.05862195044443873,-0.21788189276624292
1785124214.885913,0.05848955607055461,-0.21966135569750933
1785124214.8897853,0.05835637027334383,-0.22142602589924715
1785124214.8953393,0.05821831932939334,-0.22323004931881374
1785124214.9010925,0.05807197892281113,-0.22510281178608338
1785124214.9058049,0.057924239710827795,-0.22695256208579964
1785124214.910358,0.05777969639476165,-0.22873605380126918
1785124214.9149513,0.05762490952986777,-0.23061761065866646
1785124214.9208333,0.057472305242065376,-0.23243758465670983
1785124214.9264205,0.057318819853294886,-0.23425227256572587
1785124214.9302666,0.057167893085158496,-0.23599986332362116
1785124214.9391196,0.057008496014073914,-0.2378094672140511
1785124214.9414256,0.05684478135508482,-0.23962394280487295
1785124214.9462588,0.05667754056339765,-0.24143560508451326
1785124214.9511263,0.05650713814361986,-0.24324499682877707
1785124214.9562395,0.05633678254668247,-0.24501552151132505
1785124214.9613616,0.05615762191868799,-0.2468492933713691
1785124214.966829,0.05597316846940609,-0.24868669789440828
1785124214.9707341,0.05578879366833253,-0.2504716084047036
1785124214.97696,0.055590849577047075,-0.25233225204268195
1785124214.9810414,0.055390237972457186,-0.2541750811505892
1785124214.9885406,0.05518734637727817,-0.2560005396722325
1785124214.9905496,0.054983571660484634,-0.25779028536404414
1785124214.996417,0.054769588330618735,-0.25963560210842296
1785124215.0057774,0.05455161242486847,-0.26148696667027865
1785124215.0074797,0.05433167672397215,-0.2633175286972827
1785124215.0104709,0.05409943134182201,-0.2652008264481426
1785124215.0164273,0.053870244488985794,-0.2670156713572559
1785124215.0203512,0.05364346919005178,-0.26877243117492533
1785124215.0250413,0.0534017537982048,-0.2705985692902717
1785124215.031914,0.05315690388429129,-0.272405306573142
1785124215.0376863,0.05290129288583477,-0.2742531132928035
1785124215.0396135,0.052637648881182615,-0.2761188244996962
1785124215.0455804,0.052390060569814635,-0.27784459593182625
1785124215.0502956,0.05214366712957311,-0.2795171297910571
1785124215.0557833,0.051885791300564595,-0.2812386524657128
1785124215.0608761,0.05164404939214533,-0.2828210257722408
1785124215.0655918,0.05137759757748548,-0.2845298104984021
1785124215.0714774,0.051114959518017596,-0.2861867210847263
1785124215.075084,0.050841635951159724,-0.2878833447302503
1785124215.0809312,0.05057822594352026,-0.28949347224434047
1785124215.0864909,0.05030929960397325,-0.2911049664691558
1785124215.0947359,0.05003364004689754,-0.29273178456215954
1785124215.096036,0.049728610250557796,-0.29450798328489064
1785124215.103629,0.04941585319863216,-0.29629176447760236
1785124215.1053922,0.049094858923135455,-0.2980883408529459
1785124215.1098425,0.04875697747612815,-0.29994921651448364
1785124215.115695,0.04840823164270086,-0.30184628721654316
1785124215.1210093,0.048056825046027686,-0.3037342224974913
1785124215.125613,0.047701779442582554,-0.3056126681677899
1785124215.1312683,0.04734388942123697,-0.30748040114938385
1785124215.1367774,0.04698782878732866,-0.30931776274441136
1785124215.1400754,0.046614616379845035,-0.3112230007620015
1785124215.1462848,0.04622588503871707,-0.31319063193341345
1785124215.151492,0.045831227967704745,-0.3151664600290015
1785124215.1550152,0.04542065737048082,-0.31719918740888814
1785124215.161062,0.04501781747584603,-0.3191731863943545
1785124215.1659286,0.04460369389151015,-0.3211732279184775
1785124215.171028,0.04418844113611653,-0.3231627149571699
1785124215.175419,0.04377485681118882,-0.32511652494725385
1785124215.181684,0.043333827445079666,-0.3271838905894961
1785124215.1867528,0.04292272077574523,-0.3290933936939743
1785124215.190009,0.042479803514060256,-0.33113729374224893
1785124215.1963527,0.04204415812007309,-0.3331326911158046
1785124215.206638,0.04160730499076124,-0.33512233210789444
1785124215.2113335,0.041161497815098154,-0.33714421829679786
1785124215.2155738,0.040714038455420556,-0.33916312862333486
1785124215.221097,0.04028430526090286,-0.341080002780472
1785124215.2258232,0.03984302361879469,-0.3430259481637934
1785124215.231146,0.03938604510190683,-0.3450303694711674
1785124215.2374535,0.03893666569737829,-0.3469834133104494
1785124215.2414176,0.038485295548080244,-0.34893233106093463
1785124215.2457461,0.03803960630973092,-0.3508431605546333
1785124215.2500288,0.037601877643561765,-0.3527030894682645
1785124215.2566779,0.03716418585325474,-0.3545573297664926
1785124215.2616894,0.036736157476367916,-0.3563637214028128
1785124215.265493,0.03631671860728122,-0.35811598203120387
1785124215.2721071,0.03589040883021534,-0.35988947801591026
1785124215.2754867,0.035448470121542584,-0.3617112697021952
1785124215.28033,0.035005712500561684,-0.3635216218593567
1785124215.2868001,0.034550371769540844,-0.36537323792291676
1785124215.2916567,0.03410970536018122,-0.36715391463325875
1785124215.2953465,0.03364205325037692,-0.369029670924728
1785124215.3003478,0.03320258248897921,-0.3707841029346098
1785124215.3099356,0.032735949751626366,-0.3726344590600392
1785124215.3127935,0.0322762202556353,-0.37445165795830754
1785124215.315697,0.03183032018233328,-0.37620639387062055
1785124215.323945,0.031384720586458165,-0.3779470190292521
1785124215.3278868,0.030915096532204575,-0.3797687489685044
1785124215.3307385,0.030466145666187938,-0.3814971731901834
1785124215.335994,0.03000623076531934,-0.38325673335243743
1785124215.3398902,0.02954179223161657,-0.3850280937904202
1785124215.3466291,0.02908274775160343,-0.3867655540385058
1785124215.3507118,0.02861708896525477,-0.38852249103938613
1785124215.355753,0.028143481012621225,-0.39030012154821225
1785124215.3613098,0.027666070237588544,-0.3920792053922173
1785124215.3645766,0.02716874964400701,-0.3939248084841729
1785124215.3701284,0.02669472328641101,-0.39567774254669275
1785124215.3751469,0.026206267018945937,-0.3974710235157318
1785124215.3805702,0.025717309851515362,-0.3992458389194842
1785124215.3864944,0.025242838670941518,-0.40095231596992537
1785124215.3903284,0.02473821888484666,-0.40275778195705814
1785124215.3952143,0.024258788148967245,-0.4044620959261091
1785124215.399675,0.023790113469841022,-0.40612018815734613
1785124215.4101176,0.02333218905576489,-0.4077305404320949
1785124215.4117687,0.022874820743242805,-0.40933292423157186
1785124215.4145992,0.022419028255933608,-0.41091997688858395
1785124215.421098,0.021955344563551277,-0.4125215406729934
1785124215.4254043,0.02148660646289653,-0.41413110898605066
1785124215.4299734,0.021030444447094204,-0.4156850495612384
1785124215.4360008,0.020578998037747757,-0.4172150898089184
1785124215.439828,0.020115733553594722,-0.4187758703176297
1785124215.446846,0.01963727717927875,-0.4203766921020076
1785124215.4503932,0.019181068351933003,-0.4218967646729113
1785124215.4563446,0.018702305458174834,-0.4234766082836346
1785124215.4599078,0.01822524710933899,-0.4250438422695765
1785124215.4647346,0.017741380054507726,-0.426624631295807
1785124215.4711986,0.01726202400889202,-0.42818155451777423
1785124215.4765117,0.01678319102453543,-0.42972464073420674
1785124215.480913,0.016292749430562782,-0.43129273503421267
1785124215.4865985,0.01582324541598352,-0.43278222517563525
1785124215.4910538,0.015320194243061963,-0.4343691800975663
1785124215.4959166,0.014789074417469553,-0.43603377178128205
1785124215.5004587,0.014248275803221338,-0.4377221462381949
1785124215.5121934,0.013708170838346235,-0.4393963331108521
1785124215.516166,0.013134249676741707,-0.44116231147414187
1785124215.521221,0.01254269030922784,-0.44296483285526544
1785124215.527079,0.011957515119609895,-0.4447351775314069
1785124215.5335488,0.011362200287368323,-0.4465267838464264
1785124215.5387025,0.010753786696419652,-0.4483416533350631
1785124215.5425148,0.010155098856454764,-0.45011217848246615
1785124215.545996,0.009542756046319543,-0.451914067345466
1785124215.5505152,0.008927463195591047,-0.4537142106379389
1785124215.5564132,0.008267905525205253,-0.4556297329268752
1785124215.560981,0.007625421285415363,-0.4574876434213118
1785124215.5657303,0.006975200325419451,-0.459356111564273
1785124215.574496,0.006321191509889988,-0.4612187375163965
1785124215.5768294,0.005649527520684939,-0.4631185187408247
1785124215.5801656,0.004978902956391163,-0.4649987917298037
1785124215.5874214,0.004294630514497149,-0.4669006076892624
1785124215.5920312,0.003611709217344954,-0.4687817183918159
1785124215.595655,0.002917867971655306,-0.470676787468224
1785124215.6017368,0.002230155495778926,-0.4725448352790042
1785124215.605984,0.0015363236342807968,-0.4744183560745773
1785124215.6168077,0.0008478002670506434,-0.47627095579910045
1785124215.6219728,0.0001718599025052175,-0.4780801358781698
1785124215.62626,-0.0005221983924411919,-0.47992869319140224
1785124215.6308649,-0.00122317223656535,-0.48177805254832407
1785124215.636821,-0.0019415887873279686,-0.4836570695066209
1785124215.641388,-0.0026704575359661224,-0.4855511475933532
1785124215.6468627,-0.003390900460045707,-0.4874121765238611
1785124215.6498632,-0.004062328545996595,-0.4891345093865325
1785124215.656745,-0.004733042090452583,-0.4908417941337259
1785124215.6609235,-0.005407852220609556,-0.49254477130075464
1785124215.665226,-0.006076414932908314,-0.4942193699155472
1785124215.6710804,-0.00675993483589202,-0.49591519221912506
1785124215.675777,-0.0074642478157475965,-0.49764618223163526
1785124215.6810493,-0.008133550614451878,-0.4992836808761569
1785124215.685696,-0.008812967147211363,-0.5009332604597085
1785124215.6914337,-0.00950335890672837,-0.5025986086787455
1785124215.6958787,-0.0101910403908309,-0.5042475845238905
1785124215.7004356,-0.010915756212415752,-0.5059768119625252
1785124215.7065763,-0.01159824815936581,-0.5075950328171178
1785124215.7102675,-0.012299977902083656,-0.5092460194253184
1785124215.7174835,-0.013010168242810928,-0.5109048965489784
1785124215.7209795,-0.013729542304098875,-0.5125731698508369
1785124215.7254312,-0.014443605102164924,-0.5142205996935219
1785124215.7305353,-0.015124339619907974,-0.5157797568617358
1785124215.7359111,-0.015816935684803628,-0.5173546505250353
1785124215.7405465,-0.01654804314724107,-0.5190045417552115
1785124215.7464428,-0.01729319606012918,-0.520673741538432
1785124215.7501884,-0.01799769898328233,-0.5222416444641458
1785124215.7557864,-0.018739671095352593,-0.5238820299464703
1785124215.7606418,-0.019465980418990215,-0.5254775190327451
1785124215.7657523,-0.020212409276576644,-0.5271039478293433
1785124215.7712235,-0.020947813110240365,-0.5286947234124334
1785124215.775232,-0.021713073000616562,-0.530338416998807
1785124215.7806292,-0.022476130115960374,-0.5319684964327609
1785124215.7863643,-0.023241816395900828,-0.5335934619833677
1785124215.7909248,-0.02396957956882516,-0.5351285862333349
1785124215.7963812,-0.02476077356633666,-0.5367872371475232
1785124215.800113,-0.02551702464670813,-0.5383626539687312
1785124215.8055239,-0.02630621923777981,-0.5399920609712291
1785124215.8099434,-0.027110367236184506,-0.5416419099642598
1785124215.8183327,-0.027911802038452713,-0.5432771016791813
1785124215.8217528,-0.028702624190492954,-0.5448794660508454
1785124215.825952,-0.029530513875947097,-0.5465487019165134
1785124215.8314826,-0.03033316107567906,-0.548157217734461
1785124215.836217,-0.031125521270865337,-0.5497341489730326
1785124215.8403673,-0.0319263716128884,-0.5513193984846563
1785124215.8469493,-0.0327809764024285,-0.5530003589616648
1785124215.850491,-0.033657917556810454,-0.5547204858060273
1785124215.856073,-0.03456796171357093,-0.556495322182549
1785124215.860331,-0.03542991212089878,-0.5581705361234148
1785124215.8655019,-0.036378771386905394,-0.5600084030933621
1785124215.8698597,-0.03725322073827109,-0.5616913256697315
1785124215.87551,-0.03816513230231915,-0.5634374728145123
1785124215.880574,-0.03907981063208079,-0.5651829218769655
1785124215.8857121,-0.03997882457879435,-0.5668893253999364
1785124215.8899417,-0.040897242354931154,-0.5686241491680558
1785124215.8959532,-0.04176142972163409,-0.570249061809197
1785124215.8999314,-0.042680615844487596,-0.5719709287778657
1785124215.905789,-0.04361330702838852,-0.5737111215338764
1785124215.9104726,-0.04455250522122996,-0.5754532180111174
1785124215.9205391,-0.04545446154709697,-0.5771203840090967
1785124215.9258776,-0.046385165722020914,-0.5788349674895524
1785124215.934266,-0.04733810957400762,-0.5805852500379391
1785124215.9360802,-0.048257860940002166,-0.5822740473594978
1785124215.942831,-0.04921982180938266,-0.5840342538007852
1785124215.961858,-0.050139084361814794,-0.585710815590719
1785124215.9643724,-0.051081628226616785,-0.587422694107198
1785124215.9661303,-0.05201007428039684,-0.5891029418536285
1785124215.9694357,-0.05296874312908391,-0.5908346083754584
1785124215.9772549,-0.05391745811745514,-0.592541606629544
1785124215.9780774,-0.05486457321305342,-0.5942415032243807
1785124215.980342,-0.055823997636559694,-0.5959555705560501
1785124215.9919243,-0.05678141530549915,-0.5976588347286809
1785124215.993889,-0.057760239222945695,-0.5993968110519862
1785124215.9962199,-0.05869134500109068,-0.6010439197673337
1785124216.0011327,-0.05962275566172362,-0.6026870707229699
1785124216.0089,-0.06054621726341323,-0.6043101378511634
1785124216.0115,-0.061458758513482294,-0.6059067443420678
1785124216.0153432,-0.062388600609159434,-0.6075262169657935
1785124216.020071,-0.06324750667777218,-0.6090167783261747
1785124216.02824,-0.0641455272119743,-0.6105702633280109
1785124216.0320888,-0.0649981664930434,-0.6120438957198981
1785124216.0419986,-0.0658922592329791,-0.6135802344580769
1785124216.0447698,-0.06678828291324881,-0.6151140522537867
1785124216.0478446,-0.06768356195179952,-0.6166391325286883
1785124216.0627198,-0.06861436814158953,-0.6182177211105176
1785124216.0648487,-0.06949949138919276,-0.619713242185939
1785124216.0663142,-0.07036544815184151,-0.6211693523550103
1785124216.0671656,-0.07129131103611445,-0.6227188629623073
1785124216.0698142,-0.07221440095949642,-0.6242571192327839
1785124216.074662,-0.07313417021572513,-0.6257842357589849
1785124216.080673,-0.07406356770244146,-0.6273182666979462
1785124216.0855405,-0.0749886569812572,-0.6288403382785251
1785124216.0897908,-0.07591357447260412,-0.6303578531347647
1785124216.0954304,-0.07681158238557849,-0.6318247828904358
1785124216.1003556,-0.07776630718918673,-0.6333769333193849
1785124216.1055207,-0.07871804791733529,-0.6349171798717714
1785124216.1098325,-0.07969149337414697,-0.6364873424916379
1785124216.1149206,-0.08063149059414902,-0.6380002846798355
1785124216.1195285,-0.08158465983736804,-0.6395288407439809
1785124216.1259928,-0.08253008869811156,-0.6410406133822075
1785124216.129625,-0.08349523431460083,-0.64257702970233
1785124216.1347277,-0.0844299917172842,-0.644057538916476
1785124216.1402626,-0.08538913145057228,-0.6455716104098451
1785124216.146013,-0.08625862760624836,-0.6469375248310372
1785124216.1498954,-0.08707265384302249,-0.6482119526103635
1785124216.1556206,-0.08786812129532133,-0.6494536200659848
1785124216.1606438,-0.08864261243930042,-0.6506572671904262
1785124216.166176,-0.08944696868374129,-0.6519033139733091
1785124216.1707914,-0.09024198435343657,-0.6531312232725525
1785124216.1753888,-0.09103835463656548,-0.6543528669506592
1785124216.1808455,-0.09179591405486709,-0.6555108367398657
1785124216.185722,-0.09257473597569314,-0.6566956678991592
1785124216.1910627,-0.0933471566775377,-0.6578662685915976
1785124216.1968834,-0.09414731654862718,-0.6590751303953637
1785124216.2005622,-0.0948318379912478,-0.6601032336671488
1785124216.2062273,-0.09550712600923024,-0.661115077026472
1785124216.2105381,-0.09613205000526048,-0.6620468167721474
1785124216.2148714,-0.09674252072014551,-0.662952387135707
1785124216.22077,-0.0973589465791478,-0.6638634437470471
1785124216.2281852,-0.09796868831749257,-0.6647607052849456
1785124216.2301576,-0.09858758787086995,-0.665667521757297
1785124216.2358835,-0.09919717207525827,-0.666555503509883
1785124216.2405596,-0.0998142215646165,-0.6674500934967067
1785124216.246557,-0.10033206122835514,-0.6681989646944855
1785124216.2501717,-0.10080246224471562,-0.6688752288594352
1785124216.2566748,-0.10124770107893057,-0.6695133944648821
1785124216.26043,-0.10167677981886941,-0.6701257618818619
1785124216.2652748,-0.10209581348600964,-0.6707204633371234
1785124216.2697258,-0.10251354934776878,-0.671311582790161
1785124216.2757106,-0.10293090214745192,-0.6718997033280947
1785124216.2800944,-0.10336943503898448,-0.6725149030529127
1785124216.28564,-0.1037977683885003,-0.6731146900188081
1785124216.290717,-0.10422272678563582,-0.6737072588345983
1785124216.2959447,-0.10471715341456692,-0.6743944980154392
1785124216.29969,-0.10526268191402574,-0.6751489474176431
1785124216.3059785,-0.10581380169975972,-0.6759100628283873
1785124216.3109262,-0.1064173438087623,-0.67674124293919
1785124216.3152075,-0.10700412498094944,-0.677545329380779
1785124216.3199852,-0.10761910248617775,-0.6783861440237112
1785124216.32808,-0.10823435958585985,-0.6792233824283218
1785124216.330027,-0.10886198665490361,-0.6800730435851056
1785124216.335236,-0.10948564229778567,-0.6809135434265055
1785124216.3406723,-0.11012239808468612,-0.6817671559391898
1785124216.3455253,-0.11067686048481182,-0.6825090399434276
1785124216.3496473,-0.11116695444156706,-0.6831630235252442
1785124216.3568335,-0.1116703869911232,-0.6838321080468767
1785124216.3606064,-0.11215038917984302,-0.6844670461186262
1785124216.364759,-0.11263205231978494,-0.6851007318466129
1785124216.3699644,-0.11310071875737795,-0.6857142623906186
1785124216.375519,-0.11358149491286745,-0.686341052693123
1785124216.3800774,-0.11405962781766316,-0.6869625858653664
1785124216.3864837,-0.1145340902166611,-0.6875761954209083
1785124216.391978,-0.11501119791094108,-0.6881895992721557
1785124216.3961616,-0.11538706059812755,-0.6886699747261732
1785124216.400447,-0.11569049590536061,-0.6890559091612113
1785124216.407038,-0.1159734551611485,-0.6894137685475451
1785124216.4106007,-0.11625447404223073,-0.689767413252084
1785124216.4154813,-0.11651929708095414,-0.6900989126988837
1785124216.4210846,-0.11678183353435954,-0.6904254418087102
1785124216.4314392,-0.11703542355316819,-0.6907386805214658
1785124216.435626,-0.11729823617022742,-0.6910612557402025
1785124216.4411206,-0.11754753411461014,-0.6913652111915334
1785124216.4460435,-0.11788822510309996,-0.6917791899065878
1785124216.4513388,-0.11827109288521656,-0.6922413284149325
1785124216.4557161,-0.11866618579995726,-0.6927150917236277
1785124216.460466,-0.11907121434738861,-0.6931981305742767
1785124216.4651387,-0.11948380767433983,-0.693687822482963
1785124216.4705389,-0.11990242905700277,-0.6941812099012807
1785124216.4756918,-0.12030050075107782,-0.6946469719265987
1785124216.480648,-0.12071723290951848,-0.6951320822084448
1785124216.4858222,-0.12112898369807788,-0.6956080781753908
1785124216.4920971,-0.12155626427159825,-0.6960990738558027
1785124216.496658,-0.12206482439701911,-0.6966798753016753
1785124216.5007296,-0.12261489355701047,-0.6973042162431299
1785124216.507661,-0.12319912935103973,-0.6979626729955896
1785124216.5110629,-0.12378145716162192,-0.698614599644977
1785124216.5529969,-0.12435339733877344,-0.6992510567197509
1785124216.553962,-0.12493844983572222,-0.6998970101659694
1785124216.5555553,-0.12553394833829268,-0.7005499554893279
1785124216.5572085,-0.12610434693399553,-0.7011708762780006
1785124216.558448,-0.12672692051165096,-0.7018456666179789
1785124216.5598438,-0.1273981554784342,-0.7025675866485692
1785124216.5613112,-0.12809323449586432,-0.7033095897784063
1785124216.5623286,-0.128845499380129,-0.7041056517468574
1785124216.563566,-0.12959851676632972,-0.7048947086692207
1785124216.5653093,-0.13033563295212636,-0.7056614160052731
1785124216.570708,-0.1311026077793506,-0.7064524901220467
1785124216.5758314,-0.1318742736568241,-0.7072420277148244
1785124216.5808232,-0.1326515566305118,-0.7080306482154117
1785124216.5868583,-0.13345302492562072,-0.7088367801872704
1785124216.5910013,-0.13422039049047133,-0.7096025617600253
1785124216.5954015,-0.135120445567382,-0.7104921973157244
1785124216.6001077,-0.13605947472925495,-0.7114119376319944
1785124216.60561,-0.1369590526296253,-0.712285268830059
1785124216.6113858,-0.13790822413098922,-0.7131995378564504
1785124216.617433,-0.13887104094530914,-0.7141207357524292
1785124216.621904,-0.13983932396317436,-0.7150387922203918
1785124216.627888,-0.1408457535891886,-0.7159857298086317
1785124216.631515,-0.14181033776556298,-0.7168883713535703
1785124216.646285,-0.1427507953630875,-0.7177629442846617
1785124216.6484544,-0.14379372719363168,-0.7187261400029145
1785124216.6520023,-0.1448231498293328,-0.7196723853017226
1785124216.6557703,-0.14590726576337495,-0.720664839931109
1785124216.661977,-0.14697956638276252,-0.7216403857776174
1785124216.6657817,-0.1480685143060847,-0.7226269194892703
1785124216.6707304,-0.14917370978425765,-0.7236243396364508
1785124216.6770637,-0.15027363848017444,-0.7246122451948411
1785124216.6803422,-0.15139814256376657,-0.7256180319011579
1785124216.6862361,-0.1524660482732776,-0.726569752693963
1785124216.6911564,-0.15353442217603666,-0.7275199283064325
1785124216.6967168,-0.15469159471237998,-0.7285466233468841
1785124216.699982,-0.15588548017558568,-0.7296022806082396
1785124216.7065055,-0.1571431394081247,-0.730708897811522
1785124216.7121227,-0.15837275000442194,-0.7317845740646767
1785124216.716139,-0.15962126207981964,-0.7328715251401615
1785124216.7204835,-0.16087003212992906,-0.733954774464372
1785124216.7268167,-0.1621155561543237,-0.7350308844820416
1785124216.732241,-0.16333734698434538,-0.7360821249668887
1785124216.7369113,-0.16456290154948322,-0.7371309299381889
1785124216.7455533,-0.16580156766508394,-0.7381877767806869
1785124216.7507615,-0.16709618734317266,-0.7392885120313074
1785124216.7558944,-0.16849064975125955,-0.7404694687979804
1785124216.7620258,-0.16985176319096126,-0.7416151021511815
1785124216.766266,-0.17125669190291792,-0.742788655550518
1785124216.7709098,-0.17270119816034907,-0.7439877168267437
1785124216.7781239,-0.17412907725439744,-0.7451650050461625
1785124216.7815757,-0.17551496417405324,-0.7463009948869818
1785124216.78575,-0.17698725074565452,-0.7474985502422297
1785124216.791864,-0.17841439699966258,-0.7486513024316261
1785124216.7964847,-0.1798815395473777,-0.7498273249313461
1785124216.8008423,-0.18140446625687615,-0.751038640059568
1785124216.8077273,-0.18285306478064065,-0.7521813684270918
1785124216.8119426,-0.18435554472412444,-0.7533566981995511
1785124216.8160717,-0.1858436102420985,-0.7545122559492585
1785124216.8205566,-0.18730339506961569,-0.7556378744028502
1785124216.8289778,-0.18880450833607718,-0.7567866182782602
1785124216.832537,-0.19030366224660847,-0.7579241599234159
1785124216.8362315,-0.19175689841545837,-0.7590163460025595
1785124216.8411992,-0.19331302985347384,-0.7601781634068249
1785124216.8507884,-0.19481382241267456,-0.7612898689381908
1785124216.8560333,-0.1963260539349253,-0.7624019890212808
1785124216.8614902,-0.19781153291827702,-0.7634851271888036
1785124216.8653963,-0.19932388400236564,-0.7645805925327441
1785124216.8697567,-0.20084267502197026,-0.7656730225566462
1785124216.8759968,-0.202351782033125,-0.7667497702003233
1785124216.8803353,-0.20386005751044992,-0.7678189048655024
1785124216.8862255,-0.20534118523468,-0.7688638681316416
1785124216.892303,-0.2068683736193957,-0.7699356148006689
1785124216.8961637,-0.20829046636581508,-0.7709299830159236
1785124216.901042,-0.20976671622670925,-0.7719563155782432
1785124216.9063983,-0.21114520643706228,-0.7729095090343467
1785124216.9117153,-0.21254226778466334,-0.7738721079408903
1785124216.9172697,-0.21396135836043584,-0.7748458000077807
1785124216.921716,-0.21532077003448577,-0.7757742683667901
1785124216.9273396,-0.21670648666523865,-0.7767179241700934
1785124216.9329262,-0.2180872737522307,-0.7776549734465821
1785124216.9361641,-0.2195047362113782,-0.7786118803813933
1785124216.9423149,-0.22087975234191565,-0.7795383351195295
1785124216.9471743,-0.2222453011677208,-0.7804559637248896
1785124216.9564123,-0.22369013880869912,-0.7814252060383713
1785124216.9627802,-0.22506953129797308,-0.7823487371931569
1785124216.9654207,-0.22652840893994325,-0.7833242973423346
1785124216.969963,-0.22787200308835562,-0.784220608302052
1785124216.9773686,-0.22928218263808914,-0.7851625169287925
1785124216.9807365,-0.23066572818568945,-0.7860859050732661
1785124216.985095,-0.2320620427673433,-0.7870172140566574
1785124216.9920456,-0.23343199150452532,-0.7879300816037217
1785124216.9958901,-0.234827381110141,-0.7888607529430993
1785124216.9995706,-0.23633351878808626,-0.7898650389788887
1785124217.0050318,-0.23787065180449724,-0.7908892319183589
1785124217.0117505,-0.23945715668733747,-0.7919465762858923
1785124217.0153525,-0.2410403435908507,-0.7930021965287318
1785124217.0199869,-0.24264354963123563,-0.7940711339883731
1785124217.0278344,-0.24422833219792411,-0.7951296267040479
1785124217.030306,-0.24583433366422616,-0.7962027914931572
1785124217.0358377,-0.24746029370085454,-0.7972903081468965
1785124217.0411515,-0.24909871308764953,-0.7983879611270306
1785124217.045679,-0.25073165591281743,-0.7994834251985955
1785124217.0506015,-0.2523361976052589,-0.8005598412275209
1785124217.059523,-0.2539176353951245,-0.8016195716143786
1785124217.0614128,-0.255517255670718,-0.8026929298742113
1785124217.0651462,-0.25714185783215904,-0.8037830477165434
1785124217.0703268,-0.25877787733998797,-0.8048815963507193
1785124217.0779185,-0.2604439050036782,-0.8060011352275427
1785124217.0807066,-0.2620690865781025,-0.8070907528538709
1785124217.0861633,-0.2637004219169943,-0.8081839343471291
1785124217.0918853,-0.2653146994473873,-0.8092631375660562
1785124217.0964937,-0.26688765666628017,-0.8103115749719646
1785124217.1003742,-0.2685150860585576,-0.8113923864621659
1785124217.1077006,-0.2701038544416766,-0.8124428932486166
1785124217.1114616,-0.27173649547935097,-0.8135178637596725
1785124217.1154268,-0.2733586100602635,-0.814578353076069
1785124217.1208096,-0.2749630405910587,-0.8156213953227213
1785124217.1274903,-0.27659840906359656,-0.8166795110258539
1785124217.1309874,-0.27828078089379316,-0.8177614512042829
1785124217.1363156,-0.2799391105669041,-0.818821285803277
1785124217.1408756,-0.28159089756136363,-0.8198710714792933
1785124217.147184,-0.2830155764867891,-0.8207689039070684
1785124217.1574728,-0.2843962303686421,-0.8216331174580863
1785124217.1608205,-0.28573286600804326,-0.8224621965598202
1785124217.161949,-0.28704990970722216,-0.8232707839144083
1785124217.1652248,-0.288398317772302,-0.8240907280083043
1785124217.1698194,-0.2897495243288362,-0.8249045782404917
1785124217.1773386,-0.2910728163851992,-0.8256935638321018
1785124217.1801264,-0.29240223090376405,-0.8264773506474791
1785124217.1862366,-0.2937805947508294,-0.8272796892093005
1785124217.1925194,-0.2952175210006242,-0.8281079348322486
1785124217.1978302,-0.2967041019606286,-0.8289558038114743
1785124217.199855,-0.29820035511677256,-0.829798854280245
1785124217.2065566,-0.29979099256481107,-0.8306847071263271
1785124217.2105324,-0.30136444995593753,-0.831550689201817
1785124217.2157836,-0.3029182376177724,-0.832396860461404
1785124217.2205462,-0.3045401445504196,-0.8332697768769249
1785124217.2285366,-0.3061265602709212,-0.8341148408555322
1785124217.231469,-0.3077798157606277,-0.8349843820229698
1785124217.2380936,-0.3094538140786202,-0.8358538884030733
1785124217.2430937,-0.3110746781870179,-0.8366845780050168
1785124217.2473195,-0.3126640338337427,-0.8374909399056528
1785124217.2517679,-0.3143528840999969,-0.8383371694525298
1785124217.2622757,-0.3159634396140367,-0.8391356326028985
1785124217.2652705,-0.31770169122643577,-0.8399885367116559
1785124217.269747,-0.319422842246847,-0.8408263155647936
1785124217.2771437,-0.3211270829284796,-0.8416481285914051
1785124217.2815552,-0.32288750759761975,-0.8424884497074012
1785124217.2859805,-0.32456874712367884,-0.8432856155334847
1785124217.2917738,-0.3262878608105709,-0.8440938150558605
1785124217.2968931,-0.3280210898148828,-0.844902391437675
1785124217.3007047,-0.3297222786282761,-0.8456885606376586
1785124217.3061626,-0.3313752045279366,-0.8464470989380919
1785124217.3112853,-0.33299581534393335,-0.8471846055844182
1785124217.3165677,-0.33469138242025614,-0.8479509172453124
1785124217.3204896,-0.33639612508276723,-0.8487179579960672
1785124217.327088,-0.3380236674173528,-0.8494460055998015
1785124217.3305805,-0.3397650054231768,-0.8502204811179157
1785124217.3366091,-0.34151231030087414,-0.8509905779405323
1785124217.3399608,-0.34315354629836703,-0.8517124487795505
1785124217.346938,-0.34483571218877695,-0.852448157257404
1785124217.3508132,-0.34654610921394496,-0.853193807311891
1785124217.3554125,-0.34825116422056684,-0.8539336624068131
1785124217.3651698,-0.34994424502853466,-0.8546642721431563
1785124217.3671556,-0.35160403845768745,-0.8553784797638849
1785124217.3703897,-0.3532276968877764,-0.8560729417364853
1785124217.3781798,-0.3549348059744737,-0.8567985511145088
1785124217.3825836,-0.3566893140843362,-0.8575405428796248
1785124217.3862927,-0.3583789978296602,-0.8582509265266683
1785124217.3993769,-0.3601167756055683,-0.8589795680310627
1785124217.4006853,-0.3618344402550382,-0.8596960388325096
1785124217.4020164,-0.36351702774829914,-0.8603957531799064
1785124217.4057226,-0.3651730693698847,-0.861081266130801
1785124217.4110966,-0.3669301675965571,-0.8618049568838227
1785124217.4153268,-0.36866797121284817,-0.8625167062517716
1785124217.4194217,-0.37039277755255334,-0.8632194800160007
1785124217.4256804,-0.3721296006382368,-0.8639207827799432
1785124217.4308107,-0.37390067979533326,-0.8646328015264559
1785124217.435631,-0.37567214870297577,-0.8653409209308166
1785124217.4398668,-0.37744866274358696,-0.8660462570237074
1785124217.4464717,-0.3791418059756599,-0.8667140677731446
1785124217.450062,-0.38083634399735017,-0.8673771764814572
1785124217.4556842,-0.38249261623522757,-0.8680219848809624
1785124217.466762,-0.3842181948811093,-0.8686883296391642
1785124217.4709108,-0.38585166941135085,-0.8693149840544677
1785124217.4767215,-0.38751637093873126,-0.8699517124929456
1785124217.4797401,-0.3891590383018536,-0.8705772602484673
1785124217.485904,-0.39082627370230943,-0.8712089683173574
1785124217.4898589,-0.392475687320067,-0.8718322159251466
1785124217.495788,-0.3941525183874771,-0.8724621604884109
1785124217.4995985,-0.39590286265890373,-0.8731187744098446
1785124217.5051553,-0.39757605373270904,-0.8737459484229891
1785124217.51013,-0.39934942585449107,-0.8744111079408379
1785124217.5153263,-0.401105462948683,-0.8750694138962503
1785124217.5197072,-0.4028774365137258,-0.8757330036083352
1785124217.5261605,-0.4044977062077413,-0.8763390242868395
1785124217.5306673,-0.40621392069740475,-0.8769788348155207
1785124217.5350463,-0.4079423322054834,-0.8776226633823447
1785124217.5395608,-0.409611084934953,-0.8782439242753405
1785124217.5461934,-0.4113724034954503,-0.8788982451972249
1785124217.5495865,-0.41330128064425675,-0.8796114975950401
1785124217.5556054,-0.4152481780191845,-0.8803308307174326
1785124217.5630507,-0.4171918113598924,-0.881048122546423
1785124217.5764532,-0.4191167921706734,-0.8817566071199028
1785124217.5780087,-0.4210548664636854,-0.8824670732799996
1785124217.5806696,-0.42292426037133896,-0.8831500562243055
1785124217.5861495,-0.4248576883919891,-0.8838527894216041
1785124217.5905168,-0.42682293542713295,-0.8845644899059939
1785124217.596094,-0.4288040814702552,-0.8852769391396299
1785124217.6009214,-0.43082977931549993,-0.8860006834724752
1785124217.6065772,-0.43277981861713116,-0.8866924383576725
1785124217.6110728,-0.4347495697038801,-0.8873876820489497
1785124217.6171193,-0.43679604702725944,-0.8881052944034447
1785124217.6219218,-0.4388466304460608,-0.8888205734645079
1785124217.6267996,-0.4408396328293122,-0.8895091661110202
1785124217.631681,-0.4427532054760556,-0.8901639422962564
1785124217.6371436,-0.4447524270146096,-0.8908423017980442
1785124217.640571,-0.44671564223235993,-0.8915041183851583
1785124217.6480145,-0.4487154933035607,-0.8921706678696036
1785124217.6499825,-0.4507304251494074,-0.8928374837872857
1785124217.6564994,-0.452632193368666,-0.893461856479953
1785124217.6619675,-0.4546082926294182,-0.894106793753526
1785124217.6657412,-0.4565403447439734,-0.8947328467341226
1785124217.6781168,-0.4584651255315957,-0.8953531175966369
1785124217.6818025,-0.4604678027020947,-0.8959945567432639
1785124217.6854625,-0.4624508588448343,-0.896625891106421
1785124217.6880283,-0.46439486951370657,-0.8972419754697855
1785124217.6912687,-0.4663539954556458,-0.8978601871318926
1785124217.696941,-0.46826294061030055,-0.898458642668988
1785124217.7007256,-0.4702334203645206,-0.8990746691036411
1785124217.7063184,-0.47215459526964415,-0.8996722505925064
1785124217.7117271,-0.47413699705568646,-0.9002866728898355
1785124217.716394,-0.47611537968273976,-0.9008984792826786
1785124217.7205746,-0.47806093348661777,-0.9014967803491547
1785124217.7276378,-0.48007932995561575,-0.9021162227121882
1785124217.7318618,-0.48210783357943787,-0.9027376234021558
1785124217.736254,-0.48408753123934795,-0.9033431554293543
1785124217.7422504,-0.48614895230797245,-0.9039742118843183
1785124217.7481282,-0.48806353200781244,-0.9045596717884281
1785124217.750678,-0.4899332354409233,-0.9051319415716998
1785124217.7556424,-0.49171059784289867,-0.9056763771096501
1785124217.7624357,-0.493554408481,-0.9062403041452085
1785124217.7659874,-0.4953414458425435,-0.9067867302064061
1785124217.7767568,-0.4971169286903403,-0.9073286434849946
1785124217.779667,-0.4989712246078015,-0.9078957558767202
1785124217.7856965,-0.5007570671521905,-0.9084414025828962
1785124217.7898712,-0.5025475973601291,-0.9089877817918648
1785124217.795743,-0.5043360517036173,-0.9095343738317617
1785124217.8005726,-0.5061025045945722,-0.9100741246015864
1785124217.8059282,-0.5078564547609826,-0.9106111595943357
1785124217.8117585,-0.5096204260889402,-0.9111515900490863
1785124217.815921,-0.5113202954291006,-0.9116721131957733
1785124217.8208683,-0.5130651648722003,-0.9122051811407299
1785124217.82616,-0.514856389069559,-0.9127514535798079
1785124217.831755,-0.5165649219197964,-0.9132709883744816
1785124217.835287,-0.518256912326346,-0.9137857393247869
1785124217.8405762,-0.5199930048993908,-0.9143137277218343
1785124217.8468747,-0.5218842986495245,-0.9148871366265886
1785124217.8505177,-0.5237253101971797,-0.9154438367404509
1785124217.8550537,-0.5256825627436607,-0.9160338184458566
1785124217.8619435,-0.5275741069760441,-0.9166015588734707
1785124217.8654351,-0.5295033529218535,-0.917178089250878
1785124217.8705273,-0.5314533062911226,-0.9177573021455665
1785124217.8809931,-0.533412962000541,-0.9183374081312974
1785124217.8831985,-0.5353351294958384,-0.918905234273799
1785124217.886208,-0.5372662423064851,-0.9194704250083869
1785124217.8902392,-0.5391576170729574,-0.9200213195255684
1785124217.897344,-0.541049609347702,-0.9205706721697082
1785124217.900633,-0.5429519551983791,-0.9211198747867925
1785124217.9055328,-0.5448651171484006,-0.921668397902998
1785124217.911715,-0.5467433963989715,-0.9222034316919651
1785124217.916459,-0.5486702451863594,-0.9227482745484505
1785124217.920981,-0.5505650510562811,-0.9232803959648401
1785124217.9262471,-0.552501936362278,-0.9238214914699423
1785124217.931487,-0.5544121933341473,-0.9243521121017535
1785124217.9372969,-0.5563416376394352,-0.924885396666035
1785124217.940598,-0.5582318412649636,-0.9254060274818536
1785124217.9476511,-0.5600880583897364,-0.9259117712124145
1785124217.9503922,-0.5620628840879514,-0.9264435662511968
1785124217.9557505,-0.56396768503975,-0.9269536014497824
1785124217.9640434,-0.565939251293403,-0.9274769517755748
1785124217.9687552,-0.5678629007002541,-0.9279839345551497
1785124217.9714534,-0.5698039520013918,-0.9284904862825519
1785124217.980364,-0.5717532539797965,-0.9289951225181559
1785124217.9821434,-0.573652840285304,-0.9294842886523899
1785124217.9848635,-0.5755838147280742,-0.9299774269784832
1785124217.9897687,-0.577579969663165,-0.9304816979149224
1785124217.9959536,-0.5795465407695923,-0.9309712835811015
1785124217.9999025,-0.58146909572477,-0.9314448488154
1785124218.005549,-0.5834761123595914,-0.931935375782871
1785124218.0107446,-0.5853843595579125,-0.9323964561443695
1785124218.015501,-0.5873667550036018,-0.9328714943913068
1785124218.0205321,-0.5893022991132066,-0.9333313116786396
1785124218.02601,-0.5912999068645125,-0.9338020999473026
1785124218.0303915,-0.5932655568285385,-0.9342591546672857
1785124218.0364387,-0.5952443231507076,-0.934714441404113
1785124218.040838,-0.5971784356621198,-0.9351549151300546
1785124218.0466702,-0.5990955554088989,-0.9355869086296706
1785124218.0509667,-0.6010021296264573,-0.936013552892575
1785124218.0565639,-0.6030427201260538,-0.9364656369298953
1785124218.0637722,-0.6049491284194315,-0.9368843863623759
1785124218.0660427,-0.606975728357657,-0.9373256026139657
1785124218.071518,-0.6089237283244143,-0.9377464549303254
1785124218.081524,-0.6108099709083485,-0.9381502413208624
1785124218.0832262,-0.6128553306131118,-0.9385841316221903
1785124218.0862086,-0.6148093884017577,-0.9389962665620479
1785124218.0906215,-0.6167678703503753,-0.9394050025215239
1785124218.0958173,-0.6187639667118426,-0.9398199535792229
1785124218.10003,-0.6207445306709237,-0.9402296787875137
1785124218.1048443,-0.6226360435057595,-0.9406188043822374
1785124218.1114187,-0.6246727460548598,-0.9410347824126679
1785124218.115274,-0.6266759023497441,-0.9414407635293766
1785124218.120472,-0.6286395322352283,-0.9418360521963028
1785124218.1252239,-0.6305727523716457,-0.9422237356410889
1785124218.130898,-0.6326118410298598,-0.9426315957419993
1785124218.1347284,-0.6345224520475338,-0.9430112144246933
1785124218.139784,-0.6364993301080621,-0.943402364482091
1785124218.146669,-0.6384682159209214,-0.9437891303864026
1785124218.1503808,-0.6404577277181103,-0.9441772886087315
1785124218.1545987,-0.6424556358240265,-0.9445668467995324
1785124218.1614015,-0.6444617228500733,-0.944958277041698
1785124218.1665876,-0.6464086149895801,-0.9453356450661347
1785124218.1746612,-0.648447450297893,-0.9457286920550018
1785124218.1802351,-0.6504370792670856,-0.9461135881367064
1785124218.1826587,-0.6524220709226208,-0.9464967248567566
1785124218.184736,-0.6543609816181774,-0.9468689770862961
1785124218.1898232,-0.656380660524957,-0.9472541814935188
1785124218.1965096,-0.6583836355473232,-0.9476349910507827
1785124218.2008016,-0.660334690484366,-0.9480050022900973
1785124218.2050185,-0.6622353390202935,-0.9483641016015901
1785124218.2117102,-0.6641593646548244,-0.9487284542442662
1785124218.2160954,-0.6661494560234656,-0.94910189230146
1785124218.2202566,-0.6680873149453764,-0.9494644051745126
1785124218.2260513,-0.6700332234573053,-0.9498273576604745
1785124218.2325523,-0.6719862882734031,-0.9501920473636984
1785124218.235371,-0.6740039547033411,-0.9505682523371837
1785124218.2417998,-0.6759746455722321,-0.9509336913504802
1785124218.2478604,-0.6779282477114158,-0.9512935157221893
1785124218.2506485,-0.679873975273372,-0.9516508605071508
1785124218.2561426,-0.6817993783866503,-0.9520036916315563
1785124218.261303,-0.6837160018795784,-0.9523539417928991
1785124218.2671227,-0.6856418003450945,-0.9527048404822576
1785124218.27059,-0.6875655135106038,-0.953053144950652
1785124218.281818,-0.6895366370807697,-0.9534081423042854
1785124218.2858825,-0.691534290633293,-0.9537665216098382
1785124218.2913816,-0.6935201898180582,-0.9541224152130412
1785124218.2968743,-0.6953763168699922,-0.9544550702111414
1785124218.3001976,-0.6971911699979434,-0.9547787430199987
1785124218.306039,-0.6990049291358721,-0.955102327354924
1785124218.3113866,-0.7007965667406207,-0.9554203907715629
1785124218.3174412,-0.702551998174344,-0.9557338183233639
1785124218.3210235,-0.7043256956496233,-0.9560493701157493
1785124218.325867,-0.7061183500221397,-0.9563667812333694
1785124218.3316503,-0.7078790625483787,-0.9566771282357021
1785124218.33511,-0.7095975389802156,-0.9569794813744428
1785124218.3398075,-0.7113885221947801,-0.9572933207363875
1785124218.3479946,-0.7131791767801074,-0.957606742150188
1785124218.3502345,-0.7150206480418779,-0.9579280048436598
1785124218.3557775,-0.7167599396212664,-0.9582306826890302
1785124218.36242,-0.7185255656229893,-0.9585357520009457
1785124218.3662305,-0.7202345399547218,-0.9588315197221029
1785124218.3704598,-0.7219988037711156,-0.9591347395520814
1785124218.3761926,-0.7237877255752433,-0.9594400387354833
1785124218.385019,-0.7255296019646365,-0.9597358192652554
1785124218.3864806,-0.7272367298806823,-0.9600223476724709
1785124218.3902378,-0.7289574946812918,-0.9603105800799474
1785124218.3969162,-0.7308637780399839,-0.9606290451268811
1785124218.4000936,-0.732767422612878,-0.9609457538309771
1785124218.4059517,-0.7346941531686418,-0.9612641375748057
1785124218.4107628,-0.7366058691208563,-0.9615791674335172
1785124218.41651,-0.7385809280251657,-0.9619031865099341
1785124218.4206421,-0.7405040569094308,-0.9622180911385622
1785124218.4261324,-0.7424982211293716,-0.9625419845101233
1785124218.433113,-0.7444069259068496,-0.9628493208788917
1785124218.4361022,-0.7463793053872754,-0.9631651889554723
1785124218.4402738,-0.7483245044352621,-0.9634742202825457
1785124218.4476051,-0.7503083127379072,-0.9637882779915143
1785124218.4505231,-0.7522710100864346,-0.9640970327383827
1785124218.4555151,-0.7542277668668924,-0.9644036501511509
1785124218.4623313,-0.756181213328,-0.964706964106435
1785124218.4667218,-0.7581372663710255,-0.9650097557734945
1785124218.4711456,-0.7601059137693206,-0.9653129258122441
1785124218.476631,-0.7621052576565858,-0.9656185794269374
1785124218.4896953,-0.7640991828158918,-0.9659210956537766
1785124218.496665,-0.7660777132092076,-0.9662192301235681
1785124218.499488,-0.7679384383286811,-0.9664979370772611
1785124218.5026999,-0.7699502557988267,-0.966794885754285
1785124218.5073493,-0.7719224145220485,-0.9670831123343616
1785124218.5119069,-0.7739300299302879,-0.9673733534670395
1785124218.5157232,-0.7760164014311016,-0.967675361020361
1785124218.5203228,-0.7780208239350528,-0.9679631808428428
1785124218.52593,-0.7799973980037347,-0.9682460446027323
1785124218.5311265,-0.7819399083422094,-0.9685239434567869
1785124218.5359204,-0.7839794247204723,-0.9688142340629163
1785124218.540656,-0.7859051626664947,-0.9690861469165937
1785124218.546803,-0.7877198256472293,-0.9693419057624102
1785124218.5514176,-0.7895101252570857,-0.9695932116776589
1785124218.5553102,-0.7913896004921707,-0.9698556781153335
1785124218.5609436,-0.7932311885631357,-0.9701101213234521
1785124218.5665216,-0.7950444353915286,-0.9703605793578939
1785124218.5705144,-0.7968439959893306,-0.9706068656398945
1785124218.5754352,-0.7986802737926966,-0.9708575628464725
1785124218.580912,-0.8005502010668494,-0.9711112668195266
1785124218.5900142,-0.8023731385836324,-0.9713559515876881
1785124218.5976574,-0.8041577607361511,-0.9715939861109038
1785124218.601609,-0.8059486213332246,-0.9718309749219749
1785124218.6061294,-0.8077728815003047,-0.9720710595454609
1785124218.6132395,-0.8095707445203075,-0.9723059788264551
1785124218.6188784,-0.8114098213554566,-0.9725447631832917
1785124218.6211252,-0.813221086560549,-0.9727774215808739
1785124218.625401,-0.815015388011621,-0.9730078663743935
1785124218.6331403,-0.8168580887121106,-0.9732418571076034
1785124218.6352859,-0.8186521103250466,-0.9734679391047625
1785124218.6400292,-0.8205112352153279,-0.9737015681194937
1785124218.647708,-0.8223710913128895,-0.9739331440844489
1785124218.6512182,-0.8242260867348222,-0.9741618978589338
1785124218.6550717,-0.8260135137697575,-0.9743803807589365
1785124218.660424,-0.82781270324118,-0.9745997256598361
1785124218.665791,-0.8296596775911548,-0.9748217782527251
1785124218.6712444,-0.8315203757069366,-0.9750423688655951
1785124218.6760516,-0.8333786976858603,-0.9752588607103968
1785124218.68146,-0.8352201458188361,-0.9754705410279673
1785124218.6857207,-0.8370156331489333,-0.9756747556853007
1785124218.6945355,-0.8387908201149882,-0.9758751411818948
1785124218.7013085,-0.8407855363577478,-0.9760995003653666
1785124218.7050276,-0.8427038109950542,-0.9763138898188229
1785124218.7107518,-0.8446871235873397,-0.9765351444217534
1785124218.7156394,-0.8466141142108768,-0.9767486122801874
1785124218.72064,-0.8486303045750139,-0.9769688237794333
1785124218.7255495,-0.8506054369812309,-0.9771826535807119
1785124218.7315369,-0.8526481429713635,-0.9774012046604723
1785124218.7352605,-0.8546406312323025,-0.9776130515356954
1785124218.7395453,-0.8566986139450322,-0.9778295155519049
1785124218.7460678,-0.8586644096877152,-0.9780325928840957
1785124218.7504642,-0.8607119968894567,-0.9782422528537166
1785124218.7554703,-0.8626496353609074,-0.9784385019626712
1785124218.7602668,-0.8646646911815236,-0.9786405032163396
1785124218.7659526,-0.8666869546622107,-0.9788410209606809
1785124218.7706409,-0.8686495472386803,-0.9790337646664875
1785124218.7753742,-0.8706738550228798,-0.9792282540486882
1785124218.7816496,-0.8726542372015094,-0.9794151213499968
1785124218.784621,-0.8747038454532243,-0.9796054630672638
1785124218.7896237,-0.8767341527087336,-0.979790580967155
1785124218.7975059,-0.8787600335116734,-0.9799707791558846
1785124218.801051,-0.8806985520407251,-0.980141246610058
1785124218.8048801,-0.8827434918120892,-0.9803179200098849
1785124218.8104131,-0.8847759669884583,-0.9804896109698634
1785124218.816451,-0.8867800939753014,-0.9806551147274237
1785124218.8200686,-0.8887602952647589,-0.980814614277855
1785124218.8273597,-0.8908092533192536,-0.9809758770627037
1785124218.832482,-0.8927904578513879,-0.9811272261883159
1785124218.837049,-0.8948088465461543,-0.9812757770807358
1785124218.8403802,-0.8968106828115553,-0.981417935857805
1785124218.8470485,-0.89885698740049,-0.9815590480106783
1785124218.852604,-0.9009418379064092,-0.9816960423336093
1785124218.8555136,-0.9029766443145653,-0.981823395848769
1785124218.862312,-0.9050160353564461,-0.9819450449776362
1785124218.8675797,-0.9070343873913193,-0.9820582076437193
1785124218.8700135,-0.9090828392836919,-0.9821667056284467
1785124218.875256,-0.9111001455714178,-0.9822676580272361
1785124218.8810165,-0.9130844578648254,-0.9823644045665256
1785124218.885524,-0.9151368364152805,-0.9824580595275622
1785124218.8896046,-0.9172541195391325,-0.9825503429917337
1785124218.8972337,-0.9192569720969748,-0.982632200062524
1785124218.9002683,-0.9211695673181168,-0.9827072462341733
1785124218.9048066,-0.9230912490800163,-0.9827779022576871
1785124218.9099371,-0.9250388546367926,-0.9828448073319772
1785124218.916063,-0.9269259561618708,-0.9829060447921992
1785124218.9197743,-0.9287814722381742,-0.9829612749573035
1785124218.925739,-0.9307206034563803,-0.9830142506378338
1785124218.9310536,-0.932569515346024,-0.9830616058714473
1785124218.9354713,-0.9344748086095377,-0.9831059969997131
1785124218.9403582,-0.9363057724655165,-0.9831433395911892
1785124218.9458618,-0.9382933309969949,-0.9831790655639671
1785124218.9505014,-0.9402501420177465,-0.983210087997764
1785124218.956074,-0.9422305742447107,-0.9832389435766742
1785124218.959854,-0.9442333022458523,-0.9832656706557678
1785124218.9657054,-0.9462155092902005,-0.9832874956862504
1785124218.9705167,-0.9482237765016216,-0.983304548196357
1785124218.9754465,-0.9501719575084743,-0.9833160125193441
1785124218.980623,-0.9521660185895444,-0.9833247988566779
1785124218.985621,-0.9542411303526068,-0.9833302842414458
1785124218.9904497,-0.9563259904910589,-0.9833330809153965
1785124218.9990857,-0.9583409327332685,-0.9833322855485503
1785124219.0025826,-0.9603596214599198,-0.9833285142240166
1785124219.0061524,-0.962349139531239,-0.9833194171492423
1785124219.0105627,-0.9643561503786517,-0.9833076802996323
1785124219.016703,-0.9662970720088887,-0.9832946569911646
1785124219.0208025,-0.9683292718773784,-0.9832747275004393
1785124219.025939,-0.970435871315209,-0.9832488136236225
1785124219.030747,-0.9724148235330371,-0.9832206521213744
1785124219.0357292,-0.9744350774241699,-0.9831881967847692
1785124219.040164,-0.9764815862073192,-0.983149769772834
1785124219.047009,-0.97838926992763,-0.9831085119726216
1785124219.0509732,-0.9802823699257773,-0.9830635270933614
1785124219.05478,-0.9821138570843023,-0.9830170029175993
1785124219.061455,-0.9840046662085157,-0.9829650570854325
1785124219.0671594,-0.985856293622514,-0.982911149031885
1785124219.0708537,-0.9876050853489962,-0.9828562847702654
1785124219.0766058,-0.9894375616676976,-0.9827946288735872
1785124219.0810173,-0.9912375632594546,-0.9827307955146832
1785124219.0860074,-0.993083291474551,-0.9826613967327555
1785124219.0899792,-0.9949122742188643,-0.9825896782498681
1785124219.1009312,-0.9967788918768541,-0.9825137753176113
1785124219.1060567,-0.9986909566458133,-0.9824321614197945
1785124219.1111724,-1.0006262475322514,-0.9823450984178607
1785124219.1169188,-1.0026521471499021,-0.9822498803970887
1785124219.1206622,-1.0046277923325024,-0.9821525424514254
1785124219.1258674,-1.0066651165711695,-0.9820518662943463
1785124219.1319852,-1.0086530921042138,-0.9819487614884332
1785124219.1373858,-1.0106093151930469,-0.9818440506704169
1785124219.140652,-1.0126248901131965,-0.9817330997686836
1785124219.145181,-1.0146276700029437,-0.981619256641232
1785124219.1508875,-1.0166504572039616,-0.981499202305207
1785124219.1551852,-1.01863718346823,-0.9813817903135926
1785124219.159616,-1.0206584422513103,-0.9812581719962944
1785124219.16691,-1.0226645825337242,-0.9811327461790463
1785124219.171251,-1.024623525822675,-0.9810074226495478
1785124219.1756709,-1.0266243399845238,-0.9808786022591425
1785124219.1804895,-1.0285798748037194,-0.9807510257292498
1785124219.1864624,-1.0305948909558058,-0.9806173118972086
1785124219.1909447,-1.0325694398572045,-0.9804842966129222
1785124219.197398,-1.0345915904198595,-0.9803466186271086
1785124219.215466,-1.0365590760295365,-0.9802112588832952
1785124219.2174168,-1.03847425580232,-0.9800788478927933
1785124219.2182987,-1.0403638894705476,-0.9799459773973402
1785124219.2192812,-1.0422186024908948,-0.9798127526575052
1785124219.225635,-1.0441651503765115,-0.9796723692137596
1785124219.23107,-1.046041697743291,-0.9795372707765734
1785124219.2363431,-1.0479848698063623,-0.9793952538118599
1785124219.2407346,-1.0498985381375936,-0.9792550333144836
1785124219.249333,-1.0517345732632903,-0.9791180217579155
1785124219.2535987,-1.0537567202428517,-0.9789667543890647
1785124219.2563503,-1.0556669464474273,-0.9788248070697648
1785124219.2619638,-1.0575778980954034,-0.9786825059645352
1785124219.2664366,-1.0595980139556973,-0.9785307331058744
1785124219.270159,-1.0615082222459675,-0.9783857793238446
1785124219.275191,-1.0633994596980185,-0.978242315374157
1785124219.281571,-1.0653830021757267,-0.9780910434892174
1785124219.2855916,-1.0673895202054966,-0.9779358299972736
1785124219.2898984,-1.0692490904833818,-0.9777910448949684
1785124219.2959535,-1.0712026317554115,-0.9776368151243394
1785124219.3004985,-1.0731454824271829,-0.9774826374979699
1785124219.30627,-1.0750964934761993,-0.9773276111929624
1785124219.3097966,-1.0770347929605748,-0.9771700182885736
1785124219.3163767,-1.0789866988547376,-0.9770095317776688
1785124219.31976,-1.0807956590500996,-0.9768595107957865
1785124219.3249836,-1.0826982893213775,-0.976698467441643
1785124219.3304596,-1.0846480565444094,-0.9765317455448128
1785124219.3362036,-1.086550219957842,-0.9763673058338382
1785124219.3393085,-1.0884302594975106,-0.9762026134994283
1785124219.3466873,-1.0903559467835495,-0.976030856534093
1785124219.3507392,-1.0923490473523825,-0.9758513415394142
1785124219.3552048,-1.0941945956613164,-0.9756821458537638
1785124219.3610995,-1.0960824258933852,-0.9755060931801655
1785124219.3659601,-1.0979589263762037,-0.9753292763946506
1785124219.3699641,-1.099837482776535,-0.9751491458616652
1785124219.3752167,-1.101757835610341,-0.9749616922258209
1785124219.3810704,-1.1035503896495598,-0.9747828220419786
1785124219.3861475,-1.1055677043087566,-0.9745780926626169
1785124219.3902135,-1.1074439411894959,-0.9743841892012485
1785124219.3955388,-1.1091976697355264,-0.9742000517273023
1785124219.4005744,-1.1110483529574537,-0.9740034232436804
1785124219.4079082,-1.112802977301347,-0.9738138889120367
1785124219.410547,-1.1145878252552202,-0.9736193981506618
1785124219.417691,-1.1163118787088369,-0.9734299139556629
1785124219.4200418,-1.1179836815339137,-0.9732446849749602
1785124219.4258397,-1.1197958140942723,-0.9730412021821486
1785124219.4312217,-1.1214980660600904,-0.9728469458081351
1785124219.4368796,-1.1233049843053224,-0.9726382958183926
1785124219.440449,-1.1250148069700396,-0.972438420105959
1785124219.4461524,-1.1267112704687712,-0.9722392754167528
1785124219.451346,-1.1284926439473317,-0.9720277523306652
1785124219.4551778,-1.130225280948627,-0.971821380693901
1785124219.4619453,-1.131958026272873,-0.9716124495553695
1785124219.4670546,-1.1338176853667734,-0.9713863603182122
1785124219.4702876,-1.1355837373897266,-0.9711679467148551
1785124219.4745288,-1.1373158719794827,-0.9709525025278817
1785124219.4814107,-1.1390659639055112,-0.9707329325202226
1785124219.4863532,-1.1407496749325519,-0.9705205160702981
1785124219.4898353,-1.1425198458514487,-0.9702955857610991
1785124219.4963336,-1.144286935042359,-0.9700693063694571
1785124219.5011964,-1.146064723914712,-0.9698401050189893
1785124219.5103385,-1.1478686076569042,-0.9696075750389892
1785124219.514001,-1.1496836510499584,-0.9693723420333292
1785124219.5195582,-1.1514298254002975,-0.9691428559070324
1785124219.522385,-1.153204187898439,-0.9689076205838673
1785124219.5247095,-1.154995424899604,-0.9686681396636161
1785124219.5322402,-1.1567631634814421,-0.9684301185014614
1785124219.535511,-1.1585521514950432,-0.9681883985001363
1785124219.5394497,-1.160354732690027,-0.967942855019417
1785124219.549152,-1.162084026804504,-0.96770713770988
1785124219.5511672,-1.1637824705848718,-0.9674739397603509
1785124219.5547318,-1.1653987309567244,-0.9672515603679552
1785124219.5603776,-1.1670867434071561,-0.9670199527349431
1785124219.5678618,-1.1687232165638466,-0.9667932490647932
1785124219.570385,-1.1703203516970726,-0.9665701519472817
1785124219.5756967,-1.1719680408103288,-0.9663371669063221
1785124219.5806854,-1.1735789187770056,-0.9661082709279268
1785124219.5850391,-1.175237100382779,-0.9658705709988461
1785124219.5898995,-1.1768994416758647,-0.9656310650144176
1785124219.5956578,-1.178556327354759,-0.9653908890204418
1785124219.60121,-1.180194568664596,-0.9651530778935076
1785124219.607095,-1.1818338891303437,-0.9649141284571624
1785124219.6103241,-1.183491552433411,-0.9646710753428177
1785124219.6168828,-1.185148653024237,-0.9644256443785247
1785124219.6209102,-1.1868102959299822,-0.9641784032631658
1785124219.62581,-1.1884928143590274,-0.9639267413667179
1785124219.6330261,-1.190122543430971,-0.9636825810775888
1785124219.63527,-1.1917625705317625,-0.9634357312425601
1785124219.640963,-1.1934424978588691,-0.9631806066245511
1785124219.6555402,-1.1950680238433289,-0.9629317800132138
1785124219.6577868,-1.196736420679351,-0.9626736191040866
1785124219.6592662,-1.1983869720442013,-0.9624157256846236
1785124219.670543,-1.2000537932114421,-0.9621553187078166
1785124219.6720173,-1.2017187560010747,-0.9618944792574623
1785124219.6744459,-1.2033856873178148,-0.9616320739525834
1785124219.6762452,-1.2050647933614753,-0.961362527113251
1785124219.681227,-1.2067398667398308,-0.9610887437607499
1785124219.6850421,-1.208465779497784,-0.9608039503538538
1785124219.6896176,-1.2101248170603651,-0.9605286677355782
1785124219.6960204,-1.2118259413694121,-0.9602445522937678
1785124219.701232,-1.2135222107737245,-0.9599581013474112
1785124219.7074609,-1.2152159006517065,-0.9596676986014125
1785124219.7129705,-1.2168538744959763,-0.9593839451388395
1785124219.7171397,-1.2186030238369954,-0.9590770131632662
1785124219.7199972,-1.2204069217296456,-0.9587561655587431
1785124219.725146,-1.222059321046279,-0.9584596167774047
1785124219.7312934,-1.2237572373458265,-0.9581509372773566
1785124219.7367582,-1.2254916417729667,-0.9578322107072745
1785124219.739631,-1.2272234214186346,-0.9575104017768828
1785124219.7465682,-1.229013644578403,-0.9571721901458753
1785124219.7522528,-1.2309201168540842,-0.9568056281471667
1785124219.756816,-1.2328778437628927,-0.9564243023158431
1785124219.773637,-1.2348587806601805,-0.9560337460644198
1785124219.777924,-1.2368449696627317,-0.9556360302755058
1785124219.7899256,-1.2387546521340052,-0.9552462442880296
1785124219.791384,-1.2407398603597988,-0.9548361116488675
1785124219.8042948,-1.242740894527773,-0.9544179279016467
1785124219.8061764,-1.2446515732017238,-0.9540145647448849
1785124219.8080556,-1.2466407336410037,-0.9535858945387408
1785124219.820058,-1.248735719056365,-0.9531279021542076
1785124219.8218887,-1.2508276220950645,-0.9526626498632258
1785124219.8388283,-1.2528961637898106,-0.9521978586278668
1785124219.866245,-1.2549992828461014,-0.9517184623814393
1785124219.8679566,-1.2571290421134422,-0.9512271466916802
1785124219.8720267,-1.259126202274749,-0.9507607263627984
1785124219.8859396,-1.2611730396930274,-0.9502778784689737
1785124219.8879912,-1.2632451292335711,-0.949784487287305
1785124219.8953383,-1.2652830511213569,-0.9492951770107382
1785124219.8992667,-1.2673117643321277,-0.9488026270952212
1785124219.9040818,-1.2693270704976565,-0.9483082390648315
1785124219.9063814,-1.2713659649066966,-0.9478060143929287
1785124219.9076447,-1.2733769752555086,-0.947308301024809
1785124219.9085214,-1.2753769482875221,-0.9468107341083187
1785124219.9095025,-1.2773349869989452,-0.9463209835033514
1785124219.9118533,-1.2793709623416456,-0.9458077297753972
1785124219.918028,-1.2814200966012945,-0.9452890511519763
1785124219.923667,-1.2834379403209508,-0.9447751439894397
1785124219.9399965,-1.2854942487239807,-0.9442511379312456
1785124219.9465528,-1.2875116969011413,-0.9437346478653718
1785124219.947375,-1.2894653795522983,-0.9432331690792167
1785124219.9522326,-1.291359494668153,-0.9427470917660601
1785124219.95701,-1.2931826350160973,-0.9422765671833371
1785124219.9593773,-1.294989207336999,-0.9418101450579278
1785124219.9655666,-1.2968399847988763,-0.9413313228891904
1785124219.9703717,-1.2985943919677492,-0.9408760010233249
1785124219.975529,-1.3004439862296626,-0.9403930691772462
1785124219.9803715,-1.3022564940406454,-0.9399177524339002
1785124219.9888463,-1.3040196884555144,-0.9394533468351548
1785124219.9902277,-1.3058517250294694,-0.9389694663049282
1785124219.9972725,-1.3076187478654089,-0.9384982073774902
1785124220.0008712,-1.3094452123074927,-0.9380071523561552
1785124220.00521,-1.311260834576879,-0.937514906610008
1785124220.0096571,-1.313101687305322,-0.9370122278116663
1785124220.016451,-1.314925368146808,-0.9365093868547911
1785124220.0199516,-1.3167135071370624,-0.9360124991746466
1785124220.0250661,-1.3184709370190593,-0.9355193153526976
1785124220.029988,-1.3202674912158372,-0.9350107792046681
1785124220.0360527,-1.3220077758791167,-0.9345125587813267
1785124220.0399597,-1.323755416107394,-0.9340063344630909
1785124220.046741,-1.3255620863081063,-0.9334773801564202
1785124220.052069,-1.3272822556807695,-0.9329675738014969
1785124220.0580554,-1.3289881012395774,-0.9324558758206355
1785124220.0605683,-1.3306952438994206,-0.9319394234799141
1785124220.0675857,-1.3324498103542497,-0.931402159247019
1785124220.072169,-1.3341942047482667,-0.9308596590232774
1785124220.074552,-1.3358812890563365,-0.9303281409976536
1785124220.079961,-1.3376020458934157,-0.9297784723282821
1785124220.0878263,-1.3393173089474666,-0.9292235783995354
1785124220.0907254,-1.3409721714764202,-0.9286798775370333
1785124220.0964458,-1.3427130773228664,-0.9280985298529109
1785124220.1008496,-1.344521513679764,-0.9274852689560975
1785124220.1058483,-1.3463252039460274,-0.9268634378126644
1785124220.110576,-1.348188843151771,-0.9262129252767529
1785124220.1159506,-1.3500833886394263,-0.9255435400954554
1785124220.120646,-1.3519322531880216,-0.9248802716291372
1785124220.1260014,-1.353802124472939,-0.9242016200083507
1785124220.1310196,-1.3556168917669638,-0.9235327112658134
1785124220.136605,-1.357500417473038,-0.922829647221859
1785124220.1406991,-1.3592853851340314,-0.9221534338685556
1785124220.147239,-1.3611911673406822,-0.9214228847913547
1785124220.1518106,-1.3629839221044326,-0.9207262810424695
1785124220.161773,-1.3648259791854347,-0.9200022445547212
1785124220.1656125,-1.366667379261117,-0.9192700930011618
1785124220.1713693,-1.3685100397029422,-0.9185287492199726
1785124220.175163,-1.3704072053140293,-0.917758631547557
1785124220.1809962,-1.372225123452661,-0.9170119163538103
1785124220.191068,-1.3740224216958583,-0.9162651159812152
1785124220.1930673,-1.3758731690497175,-0.915485730628257
1785124220.1959877,-1.3776637229413722,-0.9147255904961887
1785124220.2012286,-1.379456734148073,-0.9139585014692202
1785124220.206528,-1.3812907773816878,-0.9131678118833612
1785124220.210078,-1.3830509031426172,-0.9124015030954005
1785124220.2151825,-1.3847873538079118,-0.911639599377491
1785124220.2201767,-1.3865756114890975,-0.9108491039619444
1785124220.2263896,-1.3883488929420846,-0.9100584718016465
1785124220.2487261,-1.3900234227613084,-0.909306559343429
1785124220.2507622,-1.3918023926491867,-0.908502716769495
1785124220.2523937,-1.393568471882599,-0.9076992075527679
1785124220.2533865,-1.3952104005445876,-0.9069478186174647
1785124220.2543497,-1.3968784281452846,-0.9061817205020298
1785124220.255727,-1.3984018662817124,-0.9054771724976283
1785124220.2629654,-1.3998621629989363,-0.9047984113703166
1785124220.2652452,-1.4014128747330454,-0.9040753938878636
1785124220.2703474,-1.4028901529267088,-0.9033833305686396
1785124220.2747376,-1.4044848061919237,-0.9026339646227948
1785124220.2801538,-1.4060363087372785,-0.901903207740857
1785124220.285919,-1.4075681734307748,-0.9011793505542476
1785124220.2896528,-1.4090781009819566,-0.900464430055279
1785124220.2953959,-1.410426672686104,-0.899824750372329
1785124220.299587,-1.411613496634046,-0.8992612601764931
1785124220.3058443,-1.412801008098329,-0.8986963160185371
1785124220.310154,-1.4139840568965398,-0.8981316320802122
1785124220.3150632,-1.4151347658300517,-0.8975817425765554
1785124220.3208423,-1.4162248483231747,-0.8970593985824683
1785124220.3261337,-1.4173479603441248,-0.8965208224301753
1785124220.331318,-1.418579270916812,-0.8959297728092264
1785124220.3368556,-1.4197540522553749,-0.8953645798367728
1785124220.34016,-1.420918831063796,-0.8948039463757163
1785124220.3461065,-1.4218195743283353,-0.8943715308064338
1785124220.3498397,-1.4226574884227823,-0.893969750527359
1785124220.3556395,-1.423454172709281,-0.8935881209899047
1785124220.362985,-1.4243435725728,-0.8931616151771717
1785124220.3660815,-1.4251875212113778,-0.8927585717881148
1785124220.3712246,-1.4259759010017763,-0.8923832745022525
1785124220.3757284,-1.4267739613428974,-0.892003628625202
1785124220.380234,-1.4275526461683006,-0.8916342411471592
1785124220.3899581,-1.4283855438934272,-0.8912413475891181
1785124220.3919833,-1.4291819898962852,-0.8908665723344938
1785124220.395771,-1.4298004204811414,-0.890576456579512
1785124220.4006104,-1.4304127882543758,-0.8902903845819727
1785124220.406032,-1.4309003656712482,-0.8900636157562428
1785124220.4110126,-1.431384898028562,-0.889839247091338
1785124220.4157257,-1.4319133440598266,-0.8895955179790898
1785124220.4233859,-1.4324597319354953,-0.8893441363799913
1785124220.4259925,-1.432986833649407,-0.8891027145526152
1785124220.4305816,-1.4334515591101493,-0.8888907525635161
1785124220.4386213,-1.4340032152126454,-0.8886401105826464
1785124220.440498,-1.4345266912705557,-0.888403191225458
1785124220.4459577,-1.4348473431946023,-0.8882588233765382
1785124220.4530277,-1.4351631200260673,-0.8881168988009925
1785124220.4560368,-1.4354019461896277,-0.8880099487669753
1785124220.4643958,-1.4355795581518698,-0.8879309413375044
1785124220.467029,-1.4357586121166224,-0.8878517231156349
1785124220.4718227,-1.4359366228913701,-0.8877734743518867
1785124220.475807,-1.4361394773098655,-0.8876844737898145
1785124220.4805646,-1.436331218131433,-0.8876009835302675
1785124220.4889057,-1.4365186378049473,-0.8875198694510962
1785124220.4903524,-1.436747597282742,-0.8874215229357358
1785124220.4961584,-1.4368078919370193,-0.8873957566356683
1785124220.4996178,-1.436790384350623,-0.887403200857222
1785124220.505475,-1.436802944249273,-0.8873978842394471
1785124220.5100613,-1.4367092565975879,-0.887437469233655
1785124220.5161104,-1.4366786237032467,-0.8874503785346028
1785124220.5211809,-1.436655922091835,-0.8874598872046842
1785124220.5264962,-1.4365471115081256,-0.887505286371246
1785124220.5305634,-1.436437244601402,-0.8875509250935592
1785124220.5366738,-1.4364364089380106,-0.8875512710463624
1785124220.5403721,-1.436366815236977,-0.8875799542334354
1785124220.5464358,-1.436369548210695,-0.8875788333317083
1785124220.5526047,-1.4362807808130909,-0.8876150459029851
1785124220.5557883,-1.4362322939497465,-0.887634737631136
1785124220.5628862,-1.4362011309417733,-0.8876473630283116
1785124220.5644457,-1.4361196590414278,-0.8876802342197463
1785124220.5710611,-1.4361482393452645,-0.887668747122888
1785124220.575181,-1.4360921068812758,-0.8876912360180822
1785124220.5807946,-1.4359949877305527,-0.8877299865604628
1785124220.587571,-1.4360472338654362,-0.8877091838467939
1785124220.5903788,-1.4360575297115452,-0.8877050957169188
1785124220.595787,-1.4360012323930662,-0.8877273037645842
1785124220.6008844,-1.4360194259849224,-0.8877201480260969
1785124220.6065948,-1.4360286923337908,-0.8877165086409592
1785124220.610879,-1.4360718464374984,-0.8876996467361413
1785124220.6157596,-1.4360839081527552,-0.8876949495946547
1785124220.6208835,-1.4361222336443968,-0.887680075672851
1785124220.6253543,-1.4361389841254575,-0.8876735975526641
1785124220.630411,-1.436182781772987,-0.8876567263166354
1785124220.6371217,-1.4362032959046478,-0.8876488442461046
1785124220.6400528,-1.4362451893118702,-0.8876327636970998
1785124220.645205,-1.4363419780950792,-0.8875956569116574
1785124220.6501465,-1.4364208517970538,-0.8875654650149293
1785124220.6550205,-1.4364949983082933,-0.887537121491685
1785124220.6605778,-1.4365952416665293,-0.8874987262594348
1785124220.6651437,-1.4366433771202185,-0.887480263212166
1785124220.670831,-1.4367319263854632,-0.8874462714005813
1785124220.675192,-1.4368013509591995,-0.8874196230246195
1785124220.6802108,-1.436895992071917,-0.8873832358943221
1785124220.688527,-1.4369962303460193,-0.8873447040095352
1785124220.6906805,-1.4370654287296416,-0.8873180694532014
1785124220.6962469,-1.437213378744584,-0.8872609628871261
1785124220.7008157,-1.437397114532912,-0.8871900619252299
1785124220.7064037,-1.4375433340206103,-0.8871333808404157
1785124220.7106173,-1.437685168743758,-0.8870782571620298
1785124220.7158635,-1.437813790355625,-0.8870280479321999
1785124220.7209888,-1.437962025770377,-0.8869700539019212
1785124220.725681,-1.438121940739359,-0.8869072188662981
1785124220.7303596,-1.43827183127778,-0.8868480572321008
1785124220.7362354,-1.4384317443060812,-0.8867847828963347
1785124220.7405806,-1.438613507066033,-0.8867125817459022
1785124220.7466908,-1.4388239987245601,-0.8866283915190396
1785124220.7497764,-1.4390343448260723,-0.8865440110337024
1785124220.7558043,-1.4392387720137028,-0.8864613233148539
1785124220.7649562,-1.439444461875373,-0.8863773969791533
1785124220.7663155,-1.4396487456552325,-0.8862932451468086
1785124220.7708893,-1.4398443651090729,-0.8862118956648222
1785124220.7755973,-1.4400323462847213,-0.8861331344915384
1785124220.7799652,-1.4402342800026973,-0.8860477685574224
1785124220.7869616,-1.4404102948291675,-0.8859727735918788
1785124220.7912903,-1.4406037657823627,-0.8858896963293676
1785124220.795712,-1.440791888910243,-0.8858081323324861
1785124220.8004427,-1.4409786768150912,-0.8857263998424668
1785124220.8060565,-1.4411587886106159,-0.8856468528978972
1785124220.8095682,-1.4413432883719994,-0.8855646628662273
1785124220.8158886,-1.4415086365875611,-0.8854904699710087
1785124220.8216977,-1.441688597480355,-0.8854091896014866
1785124220.8257127,-1.4418555618985922,-0.8853331889795489
1785124220.8301535,-1.442027942489608,-0.8852541741081905
1785124220.8390594,-1.442199503775512,-0.8851749715942114
1785124220.8408194,-1.4423586950095593,-0.8851009303086033
1785124220.8450387,-1.442522322703758,-0.8850243237427929
1785124220.8515408,-1.4426910177726295,-0.8849447122846636
1785124220.8552408,-1.4428481144111582,-0.8848701957263351
1785124220.8625028,-1.4430176195011466,-0.884789330895827
1785124220.8655293,-1.4431795116985693,-0.8847116719356856
1785124220.870911,-1.443346227506429,-0.8846312127298283
1785124220.8747847,-1.443511424403324,-0.8845511134000208
1785124220.8809216,-1.4436615563512736,-0.8844779769410637
1785124220.8862498,-1.4438276853598873,-0.8843965959753631
1785124220.8901458,-1.4439743216141077,-0.8843244763204792
1785124220.8960364,-1.444137073826144,-0.8842441746470603
1785124220.9000978,-1.4442983132248006,-0.8841642422880579
1785124220.9066343,-1.4444461291596424,-0.8840907784703046
1785124220.9116797,-1.4445848804733106,-0.8840214738741401
1785124220.916094,-1.4447615352809002,-0.8839329308204812
1785124220.9219003,-1.444916405206612,-0.8838551038743064
1785124220.9266317,-1.4450593336096114,-0.8837829967363494
1785124220.9303253,-1.4452324156262353,-0.8836952950140937
1785124220.935742,-1.445383623784282,-0.883618296527459
1785124220.9411216,-1.4455263939079377,-0.8835451575603434
1785124220.9464333,-1.4456586759233996,-0.8834769997057457
1785124220.9503255,-1.4458226491086368,-0.8833921286751293
1785124220.95666,-1.4459646498740137,-0.8833182279712667
1785124220.9659545,-1.4461019269464628,-0.8832462827988192
1785124220.967484,-1.4462312689852372,-0.8831780411305188
1785124220.9714246,-1.4463746604211265,-0.883102001491377
1785124220.9757242,-1.4465057394682008,-0.8830321139641073
1785124220.98004,-1.446641060643891,-0.8829595279982217
1785124220.985674,-1.4467672036122738,-0.8828914265588537
1785124220.9898386,-1.4468880860883846,-0.8828258223406324
1785124220.995502,-1.4470115550736067,-0.882758362584395
1785124221.000574,-1.4471298999817248,-0.8826933404801172
1785124221.0066483,-1.4472462918576237,-0.8826287961402648
1785124221.0109274,-1.4473608243965506,-0.8825647948954558
1785124221.0159037,-1.4474707278088124,-0.8825029276980558
1785124221.0229504,-1.4475719309811488,-0.8824456304651179
1785124221.025422,-1.447673753912186,-0.8823875243486795
1785124221.0312994,-1.4477751926664804,-0.8823291386004141
1785124221.038504,-1.4478734831991784,-0.88227219257371
1785124221.0406895,-1.447969997036014,-0.8822158531175934
1785124221.0458815,-1.4480676785421744,-0.8821583966759077
1785124221.0507712,-1.448163570736083,-0.8821015883700168
1785124221.055819,-1.4482547925584128,-0.8820471176948109
1785124221.063966,-1.4483484999938814,-0.8819906111794485
1785124221.065564,-1.448432872788478,-0.881939352104653
1785124221.0713925,-1.4485167333322189,-0.8818879736967846
1785124221.0753524,-1.4486020369313881,-0.8818353195556314
1785124221.0808723,-1.448689220246664,-0.8817811086967796
1785124221.086504,-1.4487681902681857,-0.8817315228341376
1785124221.0899644,-1.448854578892565,-0.8816769354756692
1785124221.0953293,-1.4490406180095727,-0.881558277873525
1785124221.1010616,-1.449280306642559,-0.8814045199623789
1785124221.1062682,-1.4495487801236246,-0.8812311669637777
1785124221.111451,-1.449811597368265,-0.8810601980730363
1785124221.116041,-1.4500760593190867,-0.8808868727559035
1785124221.1221714,-1.450368114506273,-0.880693631393329
1785124221.125726,-1.4506470699588803,-0.8805079325333715
1785124221.1318376,-1.4509288609065523,-0.8803192778264921
1785124221.1377378,-1.4512171196121684,-0.8801248196200312
1785124221.1408536,-1.4515035883819876,-0.8799303566622435
1785124221.1478398,-1.4518260929908267,-0.879709497338966
1785124221.1519334,-1.4521886913137787,-0.8794594257685617
1785124221.1555972,-1.4525514223592224,-0.8792072870779263
1785124221.1648343,-1.4529305522079037,-0.8789422513260822
1785124221.167053,-1.453321125588012,-0.8786671744241563
1785124221.171936,-1.4536867730196676,-0.8784077825326043
1785124221.175455,-1.4540767892493531,-0.8781294825933047
1785124221.179973,-1.45445683061781,-0.8778564385305676
1785124221.1857152,-1.4548524473215496,-0.877569828213563
1785124221.1916697,-1.4552638678526368,-0.8772692643789662
1785124221.1964188,-1.455640384577318,-0.8769926188181509
1785124221.2001126,-1.4560296217836364,-0.8767046506502515
1785124221.2066727,-1.4564238114212873,-0.8764107677352165
1785124221.2111073,-1.4568049343368603,-0.8761249491581441
1785124221.2147489,-1.4571874747085245,-0.8758356193999531
1785124221.220432,-1.4575760766103212,-0.8755400688340789
1785124221.2264822,-1.4579631551194814,-0.8752438596412315
1785124221.2308362,-1.458341713691357,-0.8749521053334546
1785124221.2356458,-1.4587349519892625,-0.8746471117582776
1785124221.2402015,-1.4591341053108942,-0.8743354636889943
1785124221.2459872,-1.4595206052206422,-0.8740316579583388
1785124221.249912,-1.4598936459058005,-0.8737363636212774
1785124221.2567978,-1.460309164486952,-0.8734043613643092
1785124221.2807682,-1.4606988998279717,-0.8730903553196631
1785124221.281799,-1.4610709969733018,-0.8727884348978072
1785124221.282743,-1.4614280922806215,-0.8724967364110257
1785124221.284102,-1.4618151828551424,-0.8721784166768175
1785124221.2866309,-1.4621939174546912,-0.8718646656862854
1785124221.2885735,-1.462573010720252,-0.8715485570143845
1785124221.290523,-1.4629015109875403,-0.8712728583165643
1785124221.2956007,-1.4630769363956402,-0.8711248468565025
1785124221.3003132,-1.4631769973452111,-0.8710399794891855
1785124221.306548,-1.4632518517286313,-0.8709760497039741
1785124221.310578,-1.4633137610210936,-0.8709229838749366
1785124221.3236203,-1.4633653453982696,-0.8708785774145464
1785124221.3287294,-1.46341320362261,-0.8708372127695643
1785124221.330507,-1.463467287912532,-0.8707903407809277
1785124221.3357975,-1.4635173212686234,-0.870746829269328
1785124221.3448303,-1.4635621750984373,-0.8707077226600943
1785124221.3474827,-1.4636003622375955,-0.8706743380236651
1785124221.3507614,-1.4635515218069732,-0.8707171285291037
1785124221.3584712,-1.4635438016210136,-0.8707238999982941
1785124221.3617423,-1.4635435149069886,-0.8707241518186891
1785124221.3676424,-1.4635056189686526,-0.8707574853689333
1785124221.3701108,-1.463428309231524,-0.8708255926609554
1785124221.3754575,-1.4634127379771351,-0.8708393157685003
1785124221.3804908,-1.4634080350018621,-0.8708434679088741
1785124221.3856728,-1.4633778626187781,-0.8708701501441044
1785124221.3908849,-1.4632945100030375,-0.8709441541179777
1785124221.3954532,-1.4632672347243794,-0.8709683948408004
1785124221.399588,-1.4631857054691702,-0.8710411913195484
1785124221.407316,-1.4631604241569631,-0.8710638191130053
1785124221.409679,-1.4631113580418789,-0.8711077841643083
1785124221.4155965,-1.463014376497959,-0.8711947905919131
1785124221.420481,-1.4629610445119332,-0.871242891549744
1785124221.4265556,-1.462937409068961,-0.8712642658915659
1785124221.430888,-1.4628769100608339,-0.8713191334679902
1785124221.4366364,-1.462798552807676,-0.8713903921771193
1785124221.4407043,-1.4626893735082416,-0.871490313378281
1785124221.446232,-1.4626566694650007,-0.8715204619187017
1785124221.4511383,-1.4626246617750964,-0.8715501323272251
1785124221.4565945,-1.46256541230473,-0.8716054282896191
1785124221.461217,-1.4625304618097494,-0.871638249770086
1785124221.4696302,-1.462452286199924,-0.8717122392456773
1785124221.474178,-1.4623897680473892,-0.8717718094683092
1785124221.4776828,-1.4623327829480706,-0.8718265359146523
1785124221.4810245,-1.4622330502238536,-0.8719231138843788
1785124221.4855757,-1.4621626640621628,-0.8719918739964418
1785124221.4915705,-1.4620966134222142,-0.8720568807566286
1785124221.4955976,-1.462038155300006,-0.8721149057659422
1785124221.4995346,-1.461980657038968,-0.8721725251153136
1785124221.506398,-1.461926518506129,-0.8722272261596011
1785124221.510612,-1.4618530729503558,-0.8723019362296757
1785124221.515318,-1.461779848569425,-0.8723768289945751
1785124221.5207794,-1.4617245218567414,-0.8724339482025023
1785124221.5270412,-1.4616524086807046,-0.872508954903625
1785124221.5312119,-1.461583358158866,-0.8725813436201114
1785124221.5365682,-1.4615212107104962,-0.8726470083207597
1785124221.5427265,-1.4614404739396123,-0.8727330362680098
1785124221.5470972,-1.4613558232710784,-0.8728237779821454
1785124221.5505483,-1.4612834411281728,-0.8729020449841687
1785124221.5566516,-1.4612055422419994,-0.8729867179304335
1785124221.5616138,-1.4611180384058626,-0.873082399743429
1785124221.5740814,-1.4610358012902143,-0.873172860299272
1785124221.5774446,-1.4609531216201779,-0.8732643134839869
1785124221.5798361,-1.460869830846487,-0.8733569760588403
1785124221.5853775,-1.460792590269097,-0.8734433113090379
1785124221.5908961,-1.4607101621677447,-0.8735359715346898
1785124221.5960271,-1.460618575523362,-0.873639466840872
1785124221.6002283,-1.4605377552952927,-0.8737311976651141
1785124221.6065052,-1.460450951214306,-0.8738302310991177
1785124221.6112049,-1.4603605994822346,-0.8739336530601253
1785124221.6170106,-1.4602811961744984,-0.8740246830481305
1785124221.6210725,-1.460190855013231,-0.8741284999328145
1785124221.6274624,-1.4601122784039469,-0.8742189973339762
1785124221.6326587,-1.4600220179766217,-0.87432316219825
1785124221.6373029,-1.4599397393950095,-0.874418180327184
1785124221.6418872,-1.4598647811491676,-0.8745048206830449
1785124221.6472516,-1.459770159410934,-0.8746143705342485
1785124221.6511512,-1.459696029600936,-0.8747003182177171
1785124221.6571047,-1.4596178615172584,-0.8747908787729916
1785124221.6614246,-1.4595392390859856,-0.8748819044298746
1785124221.665071,-1.4594634331453302,-0.8749696528030537
1785124221.67498,-1.4593936150075648,-0.8750504093645975
1785124221.6780462,-1.4593187830178624,-0.8751369520431986
1785124221.6806066,-1.459248942735852,-0.8752176615502258
1785124221.686318,-1.4591872577891902,-0.8752889167469651
1785124221.6905067,-1.4591205023649974,-0.8753659935148165
1785124221.696002,-1.4590507143740663,-0.8754464285542686
1785124221.6997619,-1.4589923843028203,-0.8755136539279208
1785124221.7053668,-1.4589415676899424,-0.8755720932427524
1785124221.7108357,-1.458879045276546,-0.8756438030188446
1785124221.7159047,-1.4588189145934765,-0.8757127015158332
1785124221.7209377,-1.4587695735226538,-0.8757691518701491
1785124221.7276042,-1.458725175343571,-0.8758198040825859
1785124221.7318277,-1.4586867882293897,-0.8758635453182089
1785124221.7355797,-1.458634925719833,-0.8759224603732096
1785124221.741551,-1.4585854617113498,-0.8759786550211206
1785124221.7474756,-1.458547692145166,-0.8760215448326679
1785124221.7505112,-1.4585129268630155,-0.8760609516699828
1785124221.757846,-1.4584837289253434,-0.8760940019753803
1785124221.7605731,-1.45845741706864,-0.87612370775926
1785124221.7662323,-1.4584337701584404,-0.8761503885245213
1785124221.778262,-1.458400609195311,-0.8761877600663079
1785124221.7807255,-1.458373069889888,-0.8762187336706353
1785124221.7860954,-1.4583495957315327,-0.876245097979948
1785124221.791772,-1.458329080076684,-0.8762681275104696
1785124221.7952602,-1.45830036763864,-0.8763003576293013
1785124221.799845,-1.4582790807107382,-0.8763242018933238
1785124221.8059607,-1.4582613100015438,-0.8763441078745698
1785124221.8124485,-1.4582467214929822,-0.8763604455989121
1785124221.8153431,-1.4582343541764584,-0.8763742974749245
1785124221.8212264,-1.4582599246646502,-0.8763456376418269
1785124221.8266704,-1.4582812694765777,-0.8763217248540226
1785124221.8318207,-1.4582778945765689,-0.8763255099414923
1785124221.835495,-1.4582738011624385,-0.8763301061920646
1785124221.8421578,-1.4582693520686498,-0.8763351120817967
1785124221.846545,-1.4582877448708012,-0.8763143569974258
1785124221.851405,-1.458310168628044,-0.876288968217516
1785124221.8561385,-1.4583206079690514,-0.8762771041460441
1785124221.8611066,-1.4583331513184485,-0.8762628147841156
1785124221.866,-1.4583499904111719,-0.8762435602700577
1785124221.8704064,-1.458364593736143,-0.8762267887454676
1785124221.8823671,-1.4583760433087194,-0.8762136081504915
1785124221.8872235,-1.4583891914501468,-0.8761984165493787
1785124221.8923287,-1.4584058062840854,-0.876179146740335
1785124221.8969798,-1.4584044175823083,-0.8761807676956724
1785124221.900853,-1.4583991711873996,-0.8761869232464266
1785124221.906389,-1.4583953721570362,-0.8761914051953562
1785124221.9110444,-1.458394375157494,-0.8761925862835068
1785124221.9159207,-1.458396186106407,-0.8761904289646677
1785124221.920149,-1.4584004669950446,-0.8761853022762373
1785124221.9275017,-1.4584065455844728,-0.876177963878075
1785124221.930809,-1.4584145745697468,-0.8761681929199677
1785124221.9354987,-1.4584236235863943,-0.8761570804188498
1785124221.94232,-1.45843351666847,-0.8761448645887201
1785124221.9471374,-1.4584252222823613,-0.8761551941647415
1785124221.9509404,-1.4584150933646345,-0.8761678989696068
1785124221.955854,-1.4584083245080568,-0.8761764593075554
1785124221.9615,-1.458405661568963,-0.876179855992519
1785124221.9655368,-1.458406813754814,-0.8761783759769144
1785124221.9699569,-1.4584109114797967,-0.8761730626680354
1785124221.9771152,-1.45841712624133,-0.8761649231311907
1785124221.985167,-1.4584247057802517,-0.8761549216334206
1785124221.9907656,-1.458433607744429,-0.8761430610746541
1785124221.996148,-1.4584352690638296,-0.8761408295304696
1785124222.0004907,-1.4584363881360174,-0.8761393144343217
1785124222.0077744,-1.4584390509042018,-0.8761356763004879
1785124222.011355,-1.45844341298134,-0.8761296579256789
1785124222.0162225,-1.4584494200572353,-0.8761212908199856
1785124222.0218036,-1.4584567152387884,-0.8761110495383191
1785124222.026488,-1.458465133302872,-0.8760991350104621
1785124222.0320456,-1.4584744061633994,-0.8760859109769877
1785124222.038863,-1.4584841480974877,-0.8760719243206803
1785124222.041962,-1.4584947884307629,-0.8760565617178784
1785124222.0474594,-1.458511509978597,-0.8760323000138637
1785124222.0508025,-1.4585281352973163,-0.876008014139497
1785124222.0578065,-1.4585441822097334,-0.8759844562822504
1785124222.0609581,-1.4585579884976432,-0.8759640619631861
1785124222.0668106,-1.4585707259663363,-0.8759451530076804
1785124222.0702515,-1.458582467319746,-0.8759276031742727
1785124222.0759096,-1.4585930948758783,-0.875911641062386
1785124222.0798693,-1.4586032686476993,-0.8758962713963517
1785124222.0886383,-1.4586131563699425,-0.8758812500263758
1785124222.0912793,-1.4586222199467287,-0.875867412910985
1785124222.0952625,-1.4586444316160239,-0.8758333427908634
1785124222.0996687,-1.458670845305211,-0.8757927402510602
1785124222.1081913,-1.4586957872815265,-0.8757543009278517
1785124222.1104891,-1.4587183909746007,-0.8757193271269559
1785124222.1160574,-1.4587388643511279,-0.8756875785173154
1785124222.1199017,-1.4587569604890158,-0.8756594379649559
1785124222.1260111,-1.458773663400347,-0.8756333852530039
1785124222.1307056,-1.4587896074358548,-0.8756085023118853
1785124222.135728,-1.4588048940207379,-0.8755846180500002
1785124222.1425197,-1.458819429655454,-0.8755618471992734
1785124222.1469526,-1.4588462470075347,-0.8755197027341247
1785124222.1513069,-1.4588775641599625,-0.8754704439929518
1785124222.1574726,-1.4589077654447995,-0.8754229064919813
1785124222.1610682,-1.4589376723952487,-0.8753758566341836
1785124222.1657917,-1.4589651202986245,-0.8753326954012384
1785124222.1697142,-1.4589910358415326,-0.8752919839663355
1785124222.1761217,-1.459015856184783,-0.8752531535581779
1785124222.1801305,-1.4590405986743904,-0.8752145346779063
1785124222.187624,-1.4590657328879233,-0.8751752884207783
1785124222.1909144,-1.4590902604881044,-0.8751370531532437
1785124222.1961434,-1.4591230647554474,-0.875085897246223
1785124222.1999648,-1.4591578766361377,-0.8750316304594921
1785124222.2055385,-1.4591925742951612,-0.8749775540798429
1785124222.210982,-1.4592269942353906,-0.8749240313639643
1785124222.2147076,-1.4592622726743607,-0.8748692149797856
1785124222.220323,-1.4592961713899357,-0.8748166427067698
1785124222.2257578,-1.4593304004838783,-0.874763603651106
1785124222.2313244,-1.4593639062036825,-0.8747117442456803
1785124222.2353833,-1.4593979953895433,-0.8746590265584983
1785124222.2411048,-1.4594320884986798,-0.874606307475309
1785124222.2465606,-1.459464452181928,-0.8745563950424746
1785124222.2498643,-1.4594954100911919,-0.8745086550302167
1785124222.2558491,-1.4595280449358035,-0.8744583751725968
1785124222.2612839,-1.459555435803484,-0.8744161990952862
1785124222.2655659,-1.459587656869231,-0.8743665328435783
1785124222.2708867,-1.459616647594361,-0.8743219583938311
1785124222.277689,-1.45964176110197,-0.8742833250095869
1785124222.2801814,-1.4596726016109045,-0.8742358807000422
1785124222.2965252,-1.4596932433719003,-0.8742040368262667
1785124222.297778,-1.4597211719656675,-0.8741609507443288
1785124222.2997386,-1.4597529822104716,-0.874111929444355
1785124222.30651,-1.4597726293417144,-0.8740816152111996
1785124222.3104966,-1.4597958538526954,-0.8740457168199843
1785124222.3161905,-1.4598240223645784,-0.8740022019177105
1785124222.321707,-1.4598468886683165,-0.8739667853398196
1785124222.3263621,-1.459861779325579,-0.8739437040304355
1785124222.3347847,-1.4598863354327505,-0.8739056008742393
1785124222.335804,-1.4599014140188757,-0.8738821920100059
1785124222.3409312,-1.4599260499039364,-0.873843917906526
1785124222.3482366,-1.4599398535404255,-0.8738224749097421
1785124222.3514695,-1.459957377922754,-0.8737952039517339
1785124222.3574646,-1.459979208618505,-0.8737610953295795
1785124222.3610055,-1.459991798490204,-0.8737413905638325
1785124222.3671317,-1.4600070086693149,-0.8737175559503335
1785124222.37074,-1.460026648786171,-0.8736867134572991
1785124222.3766825,-1.460037400587801,-0.873669774125601
1785124222.3802736,-1.4600505110376754,-0.8736490640482871
1785124222.3855324,-1.460062083270119,-0.8736307572181914
1785124222.3936012,-1.4600674899236088,-0.8736221809076947
1785124222.3978536,-1.4601230639968523,-0.8735338845796541
1785124222.3998199,-1.460198364739511,-0.8734138092183424
1785124222.406428,-1.460286083667245,-0.8732736151477596
1785124222.4114952,-1.4603800746647895,-0.8731226727089652
1785124222.4159284,-1.4604770307072892,-0.8729666833653249
1785124222.4210348,-1.4605710289073899,-0.8728145382340561
1785124222.4282203,-1.460667721416199,-0.8726576160211158
1785124222.4304752,-1.4607595757684435,-0.8725080536126116
1785124222.436214,-1.4608550908594877,-0.872351701810334
1785124222.4402106,-1.4609482568472456,-0.8721985611570431
1785124222.4464924,-1.4610347249103193,-0.8720561076376049
1785124222.4515474,-1.4611154169899259,-0.8719224560900158
1785124222.4556775,-1.4611977554370241,-0.8717856551446476
1785124222.4623356,-1.4612788790140399,-0.8716502747611452
1785124222.4674566,-1.4613582550987247,-0.8715175137016721
1785124222.4712415,-1.461438320571633,-0.8713833749031928
1785124222.4774008,-1.461518533122973,-0.871249031843343
1785124222.480243,-1.4615944915855337,-0.8711216138623544
1785124222.4858325,-1.4616728938528367,-0.8709899093993002
1785124222.4941716,-1.4617504031721955,-0.8708593827304372
1785124222.4971313,-1.4618180650667363,-0.8707453947641575
1785124222.500083,-1.4618895271113665,-0.8706248955610226
1785124222.506244,-1.4619525741727812,-0.8705183912168521
1785124222.5111604,-1.4620198803117368,-0.8704048371932043
1785124222.5160458,-1.4620829368048802,-0.8702984819467737
1785124222.5203397,-1.4621337101763778,-0.8702126611923707
1785124222.526507,-1.4621923108104913,-0.8701135713840397
1785124222.5313957,-1.4622510724075957,-0.8700143221633836
1785124222.5351899,-1.4623003129248053,-0.8699310796639854
1785124222.5407555,-1.4623422512882016,-0.8698602996363859
1785124222.5463693,-1.4623706985882212,-0.8698123270433238
1785124222.5506513,-1.4624217648322317,-0.8697263734168541
1785124222.5552027,-1.462450931028692,-0.8696773249473644
1785124222.5619943,-1.4624729205790665,-0.8696403503695699
1785124222.566314,-1.462485941692244,-0.8696185440508116
1785124222.5702617,-1.4625134798579635,-0.8695724827973996
1785124222.5766404,-1.4625289907921457,-0.8695465764423442
1785124222.5804152,-1.462538653008638,-0.8695304167895467
1785124222.5855546,-1.4625452487411614,-0.8695194103327691
1785124222.5941927,-1.4625495158338302,-0.8695122940829432
1785124222.5978663,-1.462551204321615,-0.8695094875455562
1785124222.6007233,-1.462551197735624,-0.8695094984947669
1785124222.6054997,-1.4625497085486392,-0.8695119725385619
1785124222.6105993,-1.4625469094203798,-0.8695166141002368
1785124222.6153872,-1.462542808804327,-0.8695233907906422
1785124222.619872,-1.4625375495089763,-0.8695320525111515
1785124222.6275601,-1.4625310167520076,-0.8695427655716541
1785124222.6310296,-1.462522927766947,-0.869555973502747
1785124222.6353257,-1.4625141096136245,-0.8695703207038399
1785124222.6395113,-1.4625200496207529,-0.8695606890206999
1785124222.646953,-1.4625295200418509,-0.8695453665761711
1785124222.6506412,-1.4625378066545411,-0.8695319851615195
1785124222.6557918,-1.4625548169537972,-0.8695045538003031
1785124222.6622467,-1.4625781052184328,-0.8694671370682917
1785124222.6665208,-1.4625974383950588,-0.8694361262945418
1785124222.6705503,-1.4626112270619398,-0.8694140544044323
1785124222.676449,-1.462619862723838,-0.8694002853387177
1785124222.6814842,-1.4626261725496208,-0.8693902287567585
1785124222.6853547,-1.4626315945545305,-0.8693816126131767
1785124222.6923156,-1.462637297060473,-0.8693725626969385
1785124222.6965435,-1.4626446986864992,-0.8693608133400563
1785124222.6996098,-1.4626535093945983,-0.8693468526081087
1785124222.705108,-1.4626642077420189,-0.8693299578584275
1785124222.710669,-1.4626780821433472,-0.8693081238076837
1785124222.7154129,-1.4626953090870052,-0.8692810790084833
1785124222.7200232,-1.4627154925659456,-0.8692495035457007
1785124222.7255104,-1.462739692199038,-0.8692117102012081
1785124222.7309701,-1.462767086348255,-0.8691690261570408
1785124222.7365572,-1.4627981033455053,-0.8691207908947856
1785124222.7409081,-1.4628317790389067,-0.8690684789232759
1785124222.7455215,-1.462867086617482,-0.8690137506992478
1785124222.7504034,-1.4629072895005468,-0.8689515680288695
1785124222.7560804,-1.4629520329434877,-0.8688823058207495
1785124222.7617393,-1.463001674591691,-0.8688053977799938
1785124222.7667563,-1.4630532763903974,-0.8687255761440558
1785124222.770786,-1.4631302073955017,-0.8686066187503237
1785124222.775172,-1.463201472038396,-0.8684965176104101
1785124222.7807424,-1.4632650635521514,-0.8683985483327118
1785124222.785498,-1.463358648730957,-0.8682547657795318
1785124222.7958314,-1.463449235387389,-0.8681158655740506
1785124222.7984693,-1.4635459340885426,-0.8679678845837289
1785124222.8011105,-1.463656071270598,-0.867799430443481
1785124222.8058078,-1.4637436662315622,-0.8676659201185827
1785124222.8111508,-1.4638564927562476,-0.8674941822555586
1785124222.8175044,-1.4639776949278174,-0.8673097471044371
1785124222.8212,-1.4641024513920373,-0.8671205394211559
1785124222.827161,-1.4642227670032315,-0.8669386354340102
1785124222.8338726,-1.4643448740903546,-0.8667541786657522
1785124222.8376174,-1.4644661051906238,-0.866571770490035
1785124222.840135,-1.4645946973579957,-0.8663785057421922
1785124222.8471496,-1.4647246399846678,-0.8661840481375465
1785124222.8502617,-1.4648516657406676,-0.8659947114535002
1785124222.8555698,-1.4649807758391955,-0.8658029082783001
1785124222.860874,-1.4651120473182424,-0.8656087526528538
1785124222.8661058,-1.4652456354240722,-0.8654120261549149
1785124222.8701425,-1.4653773659376632,-0.8652189512553791
1785124222.8751156,-1.465510198862871,-0.8650254033369741
1785124222.880243,-1.4656422472275485,-0.8648333328591497
1785124222.8860629,-1.4657756973361493,-0.8646401548280093
1785124222.8936322,-1.4659065219243028,-0.8644516191233712
1785124222.8976762,-1.466047596165817,-0.8642492877878661
1785124222.899691,-1.4661905580443702,-0.8640451099782928
1785124222.9061177,-1.4663411334523389,-0.8638310296098073
1785124222.9113238,-1.4664886725876722,-0.8636229629834897
1785124222.9153907,-1.466636549204256,-0.8634154976619672
1785124222.9203866,-1.4667752320445586,-0.863221924874294
1785124222.9255862,-1.4669172579048793,-0.8630243893043832
1785124222.9311955,-1.4670584339638246,-0.8628292189657725
1785124222.9364126,-1.4671993036212039,-0.8626353955768811
1785124222.9434247,-1.467340768077797,-0.8624418904972189
1785124222.9577298,-1.4674844225934163,-0.862246757652403
1785124222.9624715,-1.4676290035774802,-0.862050734651282
1785124222.9638534,-1.467770007924511,-0.861860023142304
1785124222.9684641,-1.4679264628097135,-0.8616488456902254
1785124222.9708824,-1.468089118160768,-0.861430008118183
1785124222.9716558,-1.4682413865354518,-0.861225644665863
1785124222.9753559,-1.4683943701764113,-0.8610209507728093
1785124222.9810739,-1.4685446235142008,-0.8608203363535002
1785124222.990604,-1.468693187399752,-0.8606225805626778
1785124222.998057,-1.4688428161146643,-0.8604240127154901
1785124223.0043054,-1.4689801430720226,-0.8602422712016667
1785124223.0081363,-1.469122521424534,-0.8600545000279456
1785124223.011917,-1.469267768166571,-0.8598630874018521
1785124223.0166945,-1.4694124742350247,-0.8596724508812925
1785124223.0212324,-1.4695589200386845,-0.8594794070441818
1785124223.0266025,-1.4697117930382821,-0.8592780106813739
1785124223.0320563,-1.4698552438243286,-0.8590892019476802
1785124223.035034,-1.4700035846906383,-0.8588942092267566
1785124223.0398674,-1.4701460885571314,-0.8587069244214031
1785124223.0514002,-1.4702839863626298,-0.8585254917647152
1785124223.052075,-1.4704194500308088,-0.8583470346961207
1785124223.0557907,-1.4705471716901966,-0.8581784948038939
1785124223.0617485,-1.4706800913710103,-0.8580031137569007
1785124223.0667784,-1.4708088688541503,-0.8578331006835451
1785124223.0703623,-1.4709355769617543,-0.8576654412269176
1785124223.0754938,-1.4710620338179385,-0.8574983155386928
1785124223.0810237,-1.471191119594939,-0.8573277023713599
1785124223.0857518,-1.4713165646957307,-0.8571616298857644
1785124223.0895052,-1.4714418399556168,-0.8569954429286673
1785124223.0977812,-1.471563232233458,-0.8568342893983409
1785124223.1002486,-1.4716824026566484,-0.856676196231183
1785124223.105173,-1.4717971925044537,-0.8565238180672237
1785124223.110598,-1.4719231895806641,-0.8563566601206695
1785124223.1160498,-1.472037401636908,-0.8562052025601805
1785124223.1199524,-1.4721557726460461,-0.856048228402684
1785124223.125613,-1.4722707910634565,-0.8558955027581183
1785124223.1308293,-1.4723860185051199,-0.8557424731777419
1785124223.1361895,-1.4725113181696436,-0.8555760850545544
1785124223.1408198,-1.472621536539665,-0.8554297945852024
1785124223.1494722,-1.4727469990065862,-0.8552636553581048
1785124223.1554089,-1.4728648545004244,-0.8551075554045555
1785124223.1622021,-1.4729766553529873,-0.8549596265706754
1785124223.1653512,-1.4730856697329406,-0.854815718265966
1785124223.1673734,-1.473204167598755,-0.8546594123233596
1785124223.1703284,-1.4733146300192435,-0.8545141956390514
1785124223.1752913,-1.4734227183205386,-0.8543724781006853
1785124223.1806953,-1.4735343839238217,-0.8542263835688667
1785124223.184631,-1.4736407997669325,-0.8540874786235229
1785124223.1897836,-1.4737520834768156,-0.8539424240284177
1785124223.200659,-1.4738688552188255,-0.8537908627303396
1785124223.2010944,-1.4739863864595284,-0.8536389047856489
1785124223.2052608,-1.474094966486017,-0.8534990773224882
1785124223.2110178,-1.4742029628503002,-0.8533603605252119
1785124223.215861,-1.4743131731253412,-0.8532192151870688
1785124223.2202504,-1.4744283475442301,-0.8530720655878342
1785124223.2254813,-1.4745382708924406,-0.8529322818558778
1785124223.233131,-1.474648413936108,-0.8527927927378172
1785124223.2363229,-1.4747618698870375,-0.8526495720823689
1785124223.24017,-1.4748820980384152,-0.8524988375131203
1785124223.2470617,-1.474999300853288,-0.8523526496861397
1785124223.2529514,-1.475118593879964,-0.8522043444408308
1785124223.2557285,-1.4752392728320132,-0.852055104851045
1785124223.2616842,-1.4753562797194162,-0.8519109762054924
1785124223.266524,-1.4754733017015822,-0.8517675633068978
1785124223.2697308,-1.4755947597598655,-0.851619410643998
1785124223.2757924,-1.4757127655025366,-0.8514764221102209
1785124223.282757,-1.4758344092863451,-0.8513297009823881
1785124223.2857125,-1.4759542367271556,-0.8511858704632048
1785124223.2906199,-1.4760829188264568,-0.8510321664172482
1785124223.2985864,-1.4762025910402203,-0.8508899038330677
1785124223.3005455,-1.4763333654078779,-0.8507350706786034
1785124223.305196,-1.4764615257426972,-0.8505840294630929
1785124223.3124504,-1.476590384646304,-0.8504330414723266
1785124223.317543,-1.4767193427163472,-0.8502825521607477
1785124223.3313322,-1.4768536798804597,-0.8501264097626362
1785124223.3347807,-1.4769871997324713,-0.8499717090648629
1785124223.3377888,-1.4771213552274132,-0.849817102823302
1785124223.3388643,-1.4772658583197171,-0.8496513904955494
1785124223.340657,-1.4774043461453301,-0.8494935777203902
1785124223.3459728,-1.477538046859083,-0.8493420088101611
1785124223.3502135,-1.4776792471233346,-0.8491828192601213
1785124223.35604,-1.4778284035934932,-0.8490155031692679
1785124223.3611386,-1.4779673338440762,-0.8488605914196742
1785124223.3664846,-1.4781092663514785,-0.848703121177211
1785124223.3705802,-1.478258664061051,-0.8485381052137932
1785124223.3747766,-1.478409620308945,-0.8483720751536762
1785124223.3805177,-1.478560995140767,-0.8482068844045778
1785124223.3848398,-1.4787055870931465,-0.848049902094025
1785124223.3898547,-1.478856856524586,-0.8478861445109555
1785124223.3994384,-1.479007335528144,-0.84772403259714
1785124223.4019065,-1.4791444954738602,-0.8475768055961366
1785124223.4053006,-1.4792907918919913,-0.8474203429896401
1785124223.410169,-1.4794332030196289,-0.8472684668118537
1785124223.4154994,-1.4795754579383156,-0.8471171937644463
1785124223.4202695,-1.4797163514901166,-0.8469683293247462
1785124223.4261134,-1.479860925966603,-0.8468159616218794
1785124223.430253,-1.4800052126346923,-0.8466643423183859
1785124223.4353468,-1.4801483620656444,-0.8465146341488888
1785124223.4398782,-1.4802996242232083,-0.8463568451242629
1785124223.4473329,-1.480434603570063,-0.8462166095895041
1785124223.4513736,-1.4805732851336895,-0.846072994138071
1785124223.4553869,-1.480712433247167,-0.8459293941609374
1785124223.4627907,-1.4808550486060634,-0.8457825974946425
1785124223.4672713,-1.4809950172457542,-0.8456389324980433
1785124223.4698243,-1.48114025401396,-0.8454901671421216
1785124223.4750395,-1.481284257427205,-0.8453431034164592
1785124223.4809875,-1.481427153154928,-0.8451975663377496
1785124223.4863875,-1.4815683343764412,-0.8450541488955484
1785124223.4901984,-1.4817106126158242,-0.8449098874341817
1785124223.501809,-1.481844332476887,-0.8447746545922852
1785124223.5061717,-1.4819754904688531,-0.8446423770487038
1785124223.5107985,-1.4821057703947147,-0.8445111542737521
1785124223.5167825,-1.482236528225889,-0.8443799225995746
1785124223.5201774,-1.4823672588687458,-0.8442490636944932
1785124223.527315,-1.4824934552220421,-0.8441230491294252
1785124223.5325723,-1.482623430753098,-0.8439934807244696
1785124223.5364544,-1.4827542606180995,-0.8438634517429637
1785124223.5401897,-1.4828841844528853,-0.8437346243148092
1785124223.5480952,-1.4830091763969477,-0.8436111074305871
1785124223.5507965,-1.4831346295397565,-0.843487572523156
1785124223.555409,-1.483256134099626,-0.8433679035242257
1785124223.561964,-1.4833754603729636,-0.8432507079108168
1785124223.5660858,-1.4834955504219152,-0.8431330529278663
1785124223.570582,-1.483615495931057,-0.8430158542598319
1785124223.5753546,-1.4837286473628932,-0.8429056243704797
1785124223.5843995,-1.4838458137094388,-0.8427918296546604
1785124223.5860517,-1.4839621306693827,-0.8426792416513643
1785124223.5902646,-1.4840767466166696,-0.8425685394742546
1785124223.5961978,-1.4841970862851144,-0.8424525916529942
1785124223.6033354,-1.4843127655345256,-0.8423415225927153
1785124223.604981,-1.484426421839333,-0.8422325455048432
1785124223.6113884,-1.4845388085096294,-0.8421252162441145
1785124223.616053,-1.4846510219754772,-0.8420183370122857
1785124223.6206217,-1.4847649966665277,-0.8419101309256605
1785124223.6264362,-1.4848864439137908,-0.8417951801058512
1785124223.6315894,-1.4850014671052014,-0.8416866758640786
1785124223.636162,-1.4851109344002824,-0.8415837786837435
1785124223.6409817,-1.4852261071474309,-0.8414759099356024
1785124223.6474006,-1.4853367947444522,-0.841372543973802
1785124223.649703,-1.4854669881791216,-0.8412513875392741
1785124223.6561167,-1.485583575104714,-0.8411433252824709
1785124223.6614342,-1.4856991853631598,-0.8410366287469471
1785124223.6667206,-1.48581807633468,-0.8409274059825188
1785124223.6708915,-1.4859311957377823,-0.8408239315243085
1785124223.675874,-1.4860489260760752,-0.8407166173059097
1785124223.6812146,-1.4861641155725305,-0.8406117439736269
1785124223.6858938,-1.4862864843781358,-0.8405005793758782
1785124223.6909075,-1.486398991593331,-0.8403987017930878
1785124223.7016068,-1.4865161476058049,-0.8402930021220195
1785124223.7105355,-1.4866463293411152,-0.8401758749890913
1785124223.723635,-1.4867634801228775,-0.8400708938954751
1785124223.7259233,-1.486891205629755,-0.8399569130562036
1785124223.7396765,-1.4870045116116528,-0.8398561920786612
1785124223.741546,-1.4871319218858032,-0.8397432916532812
1785124223.744006,-1.4872473989915966,-0.8396412738853967
1785124223.7545297,-1.4873697519321099,-0.839533616557901
1785124223.7618048,-1.487500144821047,-0.8394194317192432
1785124223.7652686,-1.4876273702372198,-0.8393084644774184
1785124223.767217,-1.4877626893858595,-0.8391908147904591
1785124223.7688468,-1.4878923489673412,-0.8390787495715194
1785124223.7730553,-1.4880191712179085,-0.8389693974440933
1785124223.778691,-1.4881450272898626,-0.838861467111691
1785124223.7928936,-1.4882925207693825,-0.838735482067688
1785124223.7944207,-1.4884197409907984,-0.8386270518160894
1785124223.796086,-1.4885399005822044,-0.8385251796625613
1785124223.8064396,-1.4886769584251835,-0.83840941972594
1785124223.80794,-1.4888133799060814,-0.8382948777925625
1785124223.8106015,-1.4889430277889493,-0.8381862409860462
1785124223.8221607,-1.4890677293761365,-0.8380821699868618
1785124223.835441,-1.489215648260769,-0.8379592496060903
1785124223.852173,-1.4893442730720547,-0.8378527172453089
1785124223.8603013,-1.4894694176225833,-0.8377493949891269
1785124223.864038,-1.4895970852012195,-0.8376445794384443
1785124223.8663907,-1.4897444505084307,-0.8375240368630454
1785124223.8704596,-1.4898771841721525,-0.837415718267124
1785124223.8764615,-1.4900167192833524,-0.8373025451102453
1785124223.881917,-1.4901495958321336,-0.8371952987135027
1785124223.8858745,-1.4902893514239872,-0.8370830566198536
1785124223.8900735,-1.4904373556832184,-0.8369648315086594
1785124223.8962066,-1.490586679604793,-0.8368460352800435
1785124223.9013314,-1.4907299436509747,-0.8367324567156074
1785124223.905857,-1.4908755342842692,-0.836617654374265
1785124223.9100194,-1.4910313371178925,-0.8364949782359946
1785124223.915724,-1.4911807851410182,-0.8363776995235856
1785124223.9205127,-1.4913436145685954,-0.8362503726757138
1785124223.927485,-1.4914916526132567,-0.8361350338097644
1785124223.9331143,-1.4916395640132445,-0.8360202302558685
1785124223.9357734,-1.4917958668575755,-0.8358994286597631
1785124223.9401972,-1.4919450105986125,-0.8357844727436744
1785124223.9547906,-1.492100656093959,-0.835664908587583
1785124223.9578092,-1.4922482883568233,-0.8355520852038808
1785124223.9611075,-1.492395568444598,-0.8354398975117111
1785124223.9685977,-1.4925510910661979,-0.8353220325920606
1785124223.9710033,-1.4927048454347356,-0.8352058854285209
1785124223.9763536,-1.4928573397759872,-0.8350912292771531
1785124223.9818232,-1.4930079182401723,-0.834978529772546
1785124223.9888403,-1.4931584080478104,-0.8348661906596979
1785124223.991648,-1.4933220474266022,-0.8347443407635161
1785124224.0013728,-1.4934762393408336,-0.8346296697335053
1785124224.0057025,-1.4936422095751274,-0.8345065832564118
1785124224.0070817,-1.4937959761890767,-0.8343929126921716
1785124224.010161,-1.4939482280907517,-0.8342806800577184
1785124224.016435,-1.4941118991619209,-0.8341604352046864
1785124224.0203438,-1.4942617128287614,-0.8340507265418907
1785124224.0255704,-1.4944164017631147,-0.8339378378776633
1785124224.0315938,-1.4945685063026848,-0.8338271259030685
1785124224.0354679,-1.4947294996902478,-0.8337104215402227
1785124224.040792,-1.4948832031597865,-0.8335991767587467
1785124224.046008,-1.495032676410456,-0.8334912734281763
1785124224.0545654,-1.495179943393962,-0.833385077511178
1785124224.0589786,-1.4953389750315553,-0.83327084841807
1785124224.0638418,-1.4954980255530985,-0.8331569676630315
1785124224.0660946,-1.4956471904146007,-0.8330505402709829
1785124224.0719092,-1.4958006439301776,-0.8329413379108498
1785124224.0829675,-1.4959626807177187,-0.8328265043530585
1785124224.0858293,-1.4961242648036577,-0.8327124357565604
1785124224.0912864,-1.496278978591091,-0.8326034632379951
1785124224.0993688,-1.4964417089429267,-0.8324891284978725
1785124224.1016738,-1.4965921622797143,-0.8323836934372238
1785124224.1055214,-1.4967408736655592,-0.832279772534822
1785124224.1105049,-1.4968912164311754,-0.8321750605450315
1785124224.115826,-1.4970412072150336,-0.8320709714170934
1785124224.120399,-1.4971968445878077,-0.8319632376674854
1785124224.1252701,-1.4973514054517607,-0.8318565934430711
1785124224.1312497,-1.4975002788124607,-0.8317540800023006
1785124224.1366918,-1.4976457335053546,-0.8316541169642542
1785124224.140177,-1.4977925877631053,-0.8315534872464627
1785124224.1494882,-1.4979433295891207,-0.8314504469158132
1785124224.1627257,-1.4980921172219996,-0.8313492245613656
1785124224.1841881,-1.4982435908344691,-0.8312464355761124
1785124224.1856763,-1.4983942412181117,-0.8311446267875263
1785124224.1932385,-1.4985528336302028,-0.8310377768348819
1785124224.202673,-1.498707350594943,-0.8309342012620118
1785124224.2050185,-1.498862460365503,-0.8308305558002107
1785124224.2071106,-1.499014860837055,-0.8307291929727174
1785124224.2122734,-1.4991662338449978,-0.83062861965837
1785124224.2161806,-1.4993120081731912,-0.8305319099207926
1785124224.2203572,-1.4994599073666264,-0.8304340874823332
1785124224.2260256,-1.4996174327085363,-0.8303302785603166
1785124224.237559,-1.4997643752322254,-0.8302337027793936
1785124224.2389495,-1.4999124222122895,-0.8301367796589542
1785124224.245473,-1.5000622314332248,-0.8300388834427519
1785124224.2587113,-1.5002226511962846,-0.8299344465167662
1785124224.2604983,-1.5003769625195826,-0.8298342288411992
1785124224.2719486,-1.5005334823182164,-0.8297328179420543
1785124224.2739546,-1.500682832708371,-0.8296364104406503
1785124224.2755938,-1.5008337897415538,-0.8295392282262132
1785124224.2895317,-1.5009929854271644,-0.8294371330464387
1785124224.2910223,-1.501152768884613,-0.8293349244871813
1785124224.3032682,-1.5012991109671057,-0.8292416528836398
1785124224.306547,-1.5014471047926432,-0.8291476934885297
1785124224.310931,-1.5016053926528161,-0.8290474575982838
1785124224.3190567,-1.5017687786506189,-0.8289445812842968
1785124224.322023,-1.5019252974646167,-0.8288462941788899
1785124224.3268683,-1.5020801780271327,-0.8287494156033336
1785124224.332601,-1.5022326998421556,-0.8286545751043582
1785124224.3522263,-1.5023864568339518,-0.8285592889932466
1785124224.3538897,-1.5024636874541104,-0.8285116146605935
1785124224.384269,-1.50251343495522,-0.8284810479625351
1785124224.3863587,-1.5025650878353232,-0.8284493990594707
1785124224.3895524,-1.5025815518549397,-0.8284393285029285
1785124224.391786,-1.5025863967868647,-0.8284363777988117
1785124224.393492,-1.502629897813321,-0.8284099609008597
1785124224.3955326,-1.502655432949334,-0.8283945627004115
1785124224.3976612,-1.5026534189527623,-0.8283957736322658
1785124224.4042394,-1.502679514074614,-0.8283801375860214
1785124224.406428,-1.502698897212779,-0.8283685707753702
1785124224.4104357,-1.502730958588486,-0.8283495513681595
1785124224.4222484,-1.5028092736418475,-0.8283032917758086
1785124224.4280899,-1.502810378908704,-0.8283026424090981
1785124224.438483,-1.5028605788199099,-0.8282733337078437
1785124224.444511,-1.5029376605578408,-0.82822854026064
1785124224.4465168,-1.5029585680107729,-0.8282164563494082
1785124224.4486206,-1.5030224904613882,-0.8281797378774893
1785124224.460729,-1.5031127416983503,-0.8281282084529406
1785124224.468093,-1.503212091421153,-0.8280717742243743
1785124224.4693384,-1.5033166819489394,-0.8280125606303611
1785124224.4795704,-1.5034198453644094,-0.8279546292648432
1785124224.4843538,-1.5035269310658963,-0.8278948372405811
1785124224.4881413,-1.5036412076936918,-0.8278315250454027
1785124224.49049,-1.503754078076903,-0.827769397443777
1785124224.492002,-1.5038677386227757,-0.8277074550456118
1785124224.4992707,-1.5039839962557269,-0.8276442970173533
1785124224.5057504,-1.504105870194303,-0.8275786172667169
1785124224.5130777,-1.5042254059471787,-0.8275145938221606
1785124224.5183833,-1.5043449069090085,-0.8274510688250711
1785124224.5205178,-1.5044633647849965,-0.8273886440094246
1785124224.5310097,-1.5045847045015177,-0.8273251200255661
1785124224.533844,-1.5047051127992905,-0.8272624483744265
1785124224.5414972,-1.5048248520808691,-0.8272005352887759
1785124224.5471866,-1.5049440399431142,-0.8271392919870523
1785124224.5518255,-1.5050614607045807,-0.8270793968366202
1785124224.5564966,-1.5051631500577418,-0.8270279590487405
1785124224.5609353,-1.5052601462796589,-0.8269792008252671
1785124224.5673199,-1.5053631573709887,-0.8269277561316548
1785124224.5720456,-1.5054642470369868,-0.8268776335999352
1785124224.575629,-1.505574706135223,-0.826823305554582
1785124224.581825,-1.5056873899723442,-0.82676825710059
1785124224.5862987,-1.5058040967391486,-0.8267117216359137
1785124224.5908332,-1.5059219531256278,-0.8266551786145748
1785124224.5990849,-1.50603840379391,-0.8265996322922133
1785124224.6035037,-1.5061367733125712,-0.8265531831910287
1785124224.606562,-1.5062354263451587,-0.8265070285439041
1785124224.6187272,-1.5063371736034579,-0.8264597877375116
1785124224.6200984,-1.5064448060709665,-0.8264099765366199
1785124224.622368,-1.5065563066809327,-0.8263587027310699
1785124224.6259243,-1.5066715177303378,-0.826306132704944
1785124224.6338665,-1.5067835284620015,-0.8262552399133746
1785124224.6354463,-1.5068916003021238,-0.8262063813344911
1785124224.646367,-1.50700057551659,-0.8261574580223511
1785124224.6486895,-1.5070935638113787,-0.8261159308787304
1785124224.651204,-1.5071812070921482,-0.8260770984869428
1785124224.6554475,-1.5072658378321946,-0.8260397861069398
1785124224.666015,-1.5073505488596082,-0.8260024877865447
1785124224.6678743,-1.5074291973118845,-0.8259679478901117
1785124224.6696799,-1.507501779146162,-0.825936140204556
1785124224.6756818,-1.5075745272480925,-0.8259043540843647
1785124224.6812153,-1.5076423200228755,-0.8258748338085917
1785124224.6857994,-1.5077014783233367,-0.825849177025652
1785124224.6896422,-1.5077531485475544,-0.8258268154148416
1785124224.7012649,-1.5077862872867713,-0.8258125031942228
1785124224.7020268,-1.5078116481818704,-0.8258015996621841
1785124224.7049105,-1.507859623170382,-0.8257810379785635
1785124224.710699,-1.507882425799655,-0.8257712874103665
1785124224.7159045,-1.5078957430105062,-0.825765628041895
1785124224.7195394,-1.5079195999487207,-0.825755531635981
1785124224.7258017,-1.507938209113607,-0.8257477017717451
1785124224.730991,-1.5079386997603699,-0.8257474962700151
1785124224.7354152,-1.5079414427670272,-0.8257463548883548
1785124224.7425163,-1.5079042497799306,-0.8257617371979703
1785124224.7488754,-1.5080211203440648,-0.825713808173988
1785124224.7531629,-1.5081880028714967,-0.8256459292297659
1785124224.7556283,-1.5083844042826255,-0.8255665752467538
1785124224.761981,-1.5086027348888928,-0.8254788258929977
1785124224.7673173,-1.5088198482882573,-0.8253923081185163
1785124224.770575,-1.5090177407390009,-0.8253143831384137
1785124224.775215,-1.5092370226591654,-0.825228981644577
1785124224.7819543,-1.5094742829653687,-0.8251374119526897
1785124224.7868273,-1.5096665605252106,-0.8250640012181033
1785124224.790063,-1.5098509095677761,-0.8249945801409531
1785124224.796022,-1.5101690615646057,-0.8248764451360772
1785124224.8005798,-1.5105377619445406,-0.8247416770779769
1785124224.8058755,-1.510940789306983,-0.8245966898394592
1785124224.8105145,-1.5113692097747584,-0.8244447193816153
1785124224.8177967,-1.511787676329674,-0.8242985973574946
1785124224.8220816,-1.5122309435698549,-0.8241464478826774
1785124224.8259518,-1.5126626518514712,-0.8240004612220629
1785124224.8315482,-1.5130817923248683,-0.8238606503890306
1785124224.8432155,-1.513500702344803,-0.8237227459217034
1785124224.8548992,-1.513923787954785,-0.8235855619402118
1785124224.858374,-1.5144669162035385,-0.8234124275131193
1785124224.8613718,-1.5150586038237899,-0.8232268078013681
1785124224.8654,-1.5157093378506437,-0.8230261121920347
1785124224.8713295,-1.5163509563325914,-0.822831361881088
1785124224.875328,-1.516988627646967,-0.8226406130672764
1785124224.8824866,-1.5176343444927838,-0.8224508407818236
1785124224.8862727,-1.5183038660822386,-0.8222570915933153
1785124224.8915713,-1.5189476170977223,-0.8220730254549845
1785124224.8963537,-1.5197336804333355,-0.8218510738099273
1785124224.9008632,-1.5205581495304918,-0.8216219549258316
1785124224.9049048,-1.5214250737062267,-0.8213836882454246
1785124224.9115493,-1.5222952966668761,-0.8211471713311702
1785124224.9167757,-1.5231427056975442,-0.8209195121543137
1785124224.9205554,-1.5240669720016369,-0.8206739196575354
1785124224.9255652,-1.5249314083760757,-0.8204468580083224
1785124224.9366338,-1.5257962812321202,-0.8202223896844063
1785124224.941702,-1.5266993300928426,-0.8199902563578483
1785124224.9449613,-1.5275542363277028,-0.8197714796601442
1785124224.9480097,-1.5284220403205702,-0.8195510874226793
1785124224.9656096,-1.5293034609641305,-0.819328117059625
1785124224.967547,-1.530286831917486,-0.8190817582657938
1785124224.9703748,-1.53131846457494,-0.8188238683096528
1785124224.9767578,-1.532430201370731,-0.8185481337838152
1785124224.9806993,-1.5335114697460106,-0.8182807733150871
1785124224.9862857,-1.5346305435142114,-0.8180050354798165
1785124224.990276,-1.535712817942032,-0.8177391144450732
1785124224.9970677,-1.5368784552076347,-0.8174546058412736
1785124225.0027711,-1.538000935614982,-0.817181272697936
1785124225.0050557,-1.5391357827378471,-0.8169048376867836
1785124225.011238,-1.5402848591676084,-0.8166260062545249
1785124225.0158174,-1.5414496401563353,-0.8163435634488609
1785124225.0201998,-1.5425943499121277,-0.8160661362186856
1785124225.0258334,-1.5437494741666165,-0.8157856697681759
1785124225.0300627,-1.5448302226672204,-0.8155233571114933
1785124225.036525,-1.5459764591527227,-0.8152447795594728
1785124225.039809,-1.5471024557819817,-0.8149710938688697
1785124225.047085,-1.548262151369905,-0.8146898991047963
1785124225.0522962,-1.549506768740386,-0.8143875024849698
1785124225.0552576,-1.550836581085289,-0.8140649455797455
1785124225.063079,-1.5521288225476721,-0.8137518001466717
1785124225.067141,-1.5533861871060128,-0.8134458204552443
1785124225.0699425,-1.5546331277993188,-0.8131411040793779
1785124225.0758042,-1.5559151225296504,-0.8128276819416951
1785124225.0809147,-1.557220366388157,-0.8125084752388781
1785124225.0865195,-1.5585167013450172,-0.8121921212014993
1785124225.0898588,-1.5598036535607331,-0.8118772361176053
1785124225.096709,-1.5611358391041148,-0.8115503112794099
1785124225.100725,-1.5625081788996462,-0.8112131262100037
1785124225.105283,-1.5637967744762684,-0.8108945567339602
1785124225.1101863,-1.5651110572694937,-0.8105686710313691
1785124225.116196,-1.5664654285749051,-0.8102322712871919
1785124225.1201782,-1.5677646306357929,-0.8099085749677448
1785124225.1247761,-1.5690695992061154,-0.8095831828994884
1785124225.1309316,-1.5704592339195809,-0.8092375771494451
1785124225.135814,-1.571797470794187,-0.8089050563378197
1785124225.139567,-1.5731485449449025,-0.8085705409236783
1785124225.1466699,-1.5745209101131246,-0.8082303246813245
1785124225.1511645,-1.5758671918875242,-0.8078970611132973
1785124225.1551673,-1.5772137740504075,-0.8075638770740431
1785124225.1647766,-1.5785579576744764,-0.8072309015223625
1785124225.1763763,-1.5799218849896615,-0.8068936217319592
1785124225.1780422,-1.581273174396343,-0.806560644525845
1785124225.1786923,-1.5826255816839174,-0.8062273789422136
1785124225.1835968,-1.5840470018011226,-0.8058767991675526
1785124225.1879983,-1.5854138014561743,-0.8055408885318767
1785124225.1914086,-1.5867918972954127,-0.8052037597722779
1785124225.196492,-1.5881880229455114,-0.8048630212528038
1785124225.2068818,-1.5895435551698545,-0.8045337242441041
1785124225.2085993,-1.590927176642092,-0.8041989766489882
1785124225.2109578,-1.5922853235954686,-0.8038729701714084
1785124225.2170653,-1.5936333632249942,-0.8035512083387648
1785124225.2225554,-1.5950249398056904,-0.8032211831784054
1785124225.2254574,-1.5963913643927166,-0.802899597639097
1785124225.231197,-1.597750084762637,-0.8025827652916548
1785124225.2368855,-1.5991056818279743,-0.8022706355032206
1785124225.241987,-1.600448197942235,-0.8019651673250461
1785124225.2473557,-1.6018283640631967,-0.8016552610660587
1785124225.256994,-1.6031428988285934,-0.8013646755286872
1785124225.2587311,-1.6043271678980595,-0.8011084041773366
1785124225.2691963,-1.6055899864209258,-0.8008393612069237
1785124225.2730713,-1.6068074860495167,-0.8005854325804231
1785124225.2760746,-1.6080053477415273,-0.8003406081442352
1785124225.280865,-1.6092055028425363,-0.8001010787469658
1785124225.2860854,-1.610436823697313,-0.7998616699532015
1785124225.29128,-1.61161034670073,-0.7996395724489193
1785124225.29674,-1.612878271694832,-0.7994064397349352
1785124225.3037555,-1.614281046317093,-0.7991549290070635
1785124225.3076997,-1.6156920504868721,-0.7989108548139826
1785124225.3128922,-1.6170838178344265,-0.7986763484308906
1785124225.316368,-1.6185814569485246,-0.7984317337373654
1785124225.3203359,-1.6200648620231095,-0.7981972696743012
1785124225.3254852,-1.6215341565039174,-0.7979731631211667
1785124225.335796,-1.6229281967221427,-0.7977677596935121
1785124225.3369234,-1.624373163313594,-0.797561687544394
1785124225.3502705,-1.6258473295599254,-0.7973587248581148
1785124225.3522627,-1.627307057529901,-0.7971650236646226
1785124225.3534176,-1.6288180850743896,-0.7969718606635985
1785124225.3546958,-1.6304143607912511,-0.7967755369630207
1785124225.3611186,-1.6320835134662994,-0.7965769405063092
1785124225.370833,-1.6337373850956718,-0.7963876357662811
1785124225.372635,-1.635385371376838,-0.7962082601760596
1785124225.3760352,-1.6371169255246685,-0.7960268396222092
1785124225.3814914,-1.6388761539289278,-0.7958501435337286
1785124225.3857825,-1.640571309498425,-0.7956867770797684
1785124225.3922203,-1.6422402951209807,-0.7955320536488629
1785124225.397386,-1.6438111968655402,-0.7953936234101566
1785124225.4030557,-1.645556625748625,-0.7952467349597364
1785124225.4050274,-1.6472873285797032,-0.7951066970342796
1785124225.410534,-1.648970582434205,-0.7949739449216864
1785124225.4160707,-1.6507213146330493,-0.7948402041551732
1785124225.421207,-1.652390350598772,-0.7947166377693392
1785124225.4250906,-1.6540771376884418,-0.7945976349533489
1785124225.430888,-1.6557574076284114,-0.7944837060649531
1785124225.4374876,-1.6574646719651878,-0.7943718353732285
1785124225.4411635,-1.6591905128416595,-0.7942624807109878
1785124225.4473722,-1.6609343051914078,-0.7941560443214897
1785124225.4504988,-1.6627438295255799,-0.7940500122019796
1785124225.455416,-1.6645732729709006,-0.7939484347288204
1785124225.4598646,-1.6662920614159822,-0.793855478551532
1785124225.4704716,-1.6681217043882997,-0.7937599420931087
1785124225.4719293,-1.6699976009319208,-0.7936641280720831
1785124225.475204,-1.6719442139077394,-0.7935655165567277
1785124225.4805212,-1.6738353936433148,-0.7934713643292066
1785124225.4862914,-1.6756160049541304,-0.7933837639138995
1785124225.490243,-1.677456598509069,-0.7932954945481779
1785124225.4964721,-1.6792971494669438,-0.7932092764583145
1785124225.5012496,-1.681102862327764,-0.793127299726092
1785124225.5054193,-1.682954509025949,-0.7930451893754388
1785124225.5105975,-1.6847890416307183,-0.7929664045987941
1785124225.515529,-1.6866470575738957,-0.7928882457648346
1785124225.521042,-1.6885664682628727,-0.7928101896354128
1785124225.525696,-1.6903880664983315,-0.7927398098777833
1785124225.5307996,-1.6922332859442104,-0.7926718716694351
1785124225.5373538,-1.694052521256271,-0.7926052569812407
1785124225.5403223,-1.6959476656261059,-0.7925376700366664
1785124225.5476294,-1.6978343624841146,-0.7924717552024008
1785124225.550537,-1.6996935115890546,-0.7924087461097433
1785124225.5556195,-1.7015230846082363,-0.7923498246745012
1785124225.55994,-1.7034492412490359,-0.7922886965858161
1785124225.5695877,-1.7052921783567092,-0.7922314425947702
1785124225.572805,-1.707102134502985,-0.792176742923071
1785124225.5752037,-1.7089962597619708,-0.7921213393021281
1785124225.5808108,-1.7108708776312147,-0.7920680229948073
1785124225.5862362,-1.7127251507627632,-0.7920173471066722
1785124225.5898325,-1.7146284650869226,-0.7919701370359021
1785124225.5964081,-1.7164945849463982,-0.791925122372965
1785124225.6016195,-1.7185004589375363,-0.7918782695068324
1785124225.6058996,-1.7205244806701494,-0.7918316290971044
1785124225.6100554,-1.7224503405112845,-0.791788620706125
1785124225.6156242,-1.724424028522235,-0.7917455513806287
1785124225.621436,-1.726477644231354,-0.7917018058069317
1785124225.6258714,-1.7285000356725277,-0.7916604508002163
1785124225.6307104,-1.730538664810615,-0.7916187932149149
1785124225.635842,-1.7325221349728983,-0.7915808419877984
1785124225.64023,-1.734482163688004,-0.7915448048947138
1785124225.647121,-1.7364691659069604,-0.7915101953468263
1785124225.6524239,-1.7384153652643812,-0.7914779226760541
1785124225.6555426,-1.7403886544828429,-0.7914492221870331
1785124225.660747,-1.7423953153639196,-0.7914228510519851
1785124225.6687386,-1.744375783063269,-0.7913992166322552
1785124225.67194,-1.7463784440386423,-0.7913774226105467
1785124225.6744068,-1.7484063564003087,-0.7913584482940625
1785124225.6807885,-1.750365430890422,-0.7913428976684659
1785124225.6858838,-1.7523812961539171,-0.7913316127945015
1785124225.6903057,-1.7544291104768184,-0.7913234721482796
1785124225.6966095,-1.756351034241458,-0.7913181017187872
1785124225.699934,-1.7582262444675116,-0.7913155309112571
1785124225.7056165,-1.7601812217166375,-0.7913171646303014
1785124225.7111628,-1.76202669957327,-0.7913227947813252
1785124225.7158911,-1.7638659177800122,-0.791333137258239
1785124225.721075,-1.7657194638209637,-0.7913471264606258
1785124225.7245748,-1.7675810747588985,-0.7913666751490894
1785124225.7307446,-1.7694117843377963,-0.7913913956169037
1785124225.7364872,-1.7712485045341617,-0.7914198625260934
1785124225.7398086,-1.7731395666271879,-0.7914545992044497
1785124225.7457883,-1.7749256563822233,-0.791492761749218
1785124225.7513933,-1.7766187370953412,-0.7915345641648629
1785124225.7559032,-1.7782963532261538,-0.7915807349964086
1785124225.7617834,-1.7799820113074507,-0.7916316275222711
1785124225.7690933,-1.781628591891057,-0.7916866680265517
1785124225.7723653,-1.7833645345222002,-0.7917492511584528
1785124225.7758386,-1.785044442940232,-0.7918142519305678
1785124225.782738,-1.7866463041942544,-0.7918820099918422
1785124225.7852137,-1.788314714994619,-0.7919573734472448
1785124225.7914996,-1.7900075058141052,-0.7920383308153282
1785124225.7974765,-1.7916773550363898,-0.7921221595660073
1785124225.8011985,-1.7932888907628324,-0.7922072082999403
1785124225.806344,-1.7949351607664736,-0.7922983448129944
1785124225.8099732,-1.7965791998826568,-0.792392825867839
1785124225.8160748,-1.7982857897077988,-0.79249631726208
1785124225.820629,-1.7999718424084834,-0.7926020779240966
1785124225.8251264,-1.8015907552138386,-0.7927083455020021
1785124225.8309636,-1.8032981174977118,-0.7928234208991045
1785124225.8358452,-1.8049594374952371,-0.7929401257991522
1785124225.840118,-1.8066221768863884,-0.7930596743325462
1785124225.8488452,-1.8081873814203422,-0.7931763016489183
1785124225.8508618,-1.8097243648612396,-0.7932933471213368
1785124225.8552277,-1.8112182155215149,-0.7934094866278556
1785124225.8657877,-1.8126865873561497,-0.7935260615553488
1785124225.8715641,-1.8141820256517864,-0.7936468893653394
1785124225.8759093,-1.8156598855713368,-0.7937686270829075
1785124225.8805835,-1.8171207268803489,-0.7938913557248247
1785124225.891416,-1.8186016852579385,-0.7940190630216255
1785124225.8933387,-1.8200841137533241,-0.7941488273207169
1785124225.8958697,-1.821589700113448,-0.7942812653248129
1785124225.8996956,-1.8230736065223583,-0.7944140804102436
1785124225.9058197,-1.8245301523045916,-0.7945475407699606
1785124225.9099975,-1.8260331941319237,-0.7946869375181381
1785124225.9156032,-1.8274726153781833,-0.7948226680315365
1785124225.9214513,-1.8289296305726241,-0.7949618639830018
1785124225.9248953,-1.8303914295694719,-0.7951045940376483
1785124225.9306688,-1.8318752941649505,-0.7952528927126509
1785124225.9372401,-1.833381208620875,-0.7954044683515509
1785124225.9406393,-1.8348719961632152,-0.7955561033880798
1785124225.9478807,-1.836416229782504,-0.7957142178751448
1785124225.9528115,-1.8381192633605086,-0.795889030955524
1785124225.955103,-1.839767900300969,-0.796061472812521
1785124225.9600832,-1.8414706213453196,-0.7962409567243842
1785124225.9652228,-1.843140258237772,-0.7964196975438262
1785124225.972261,-1.8448688826518786,-0.7966075065939956
1785124225.974963,-1.846599679454154,-0.7967989487610144
1785124225.9813585,-1.8483559324374317,-0.7969963152367071
1785124225.9859893,-1.8501529639859424,-0.7972033680615889
1785124225.9903975,-1.8518228622832065,-0.797398786516233
1785124225.996773,-1.8536315851584664,-0.7976136233100242
1785124225.9995809,-1.8554900510286094,-0.7978368625113247
1785124226.0056539,-1.8572691586763876,-0.7980518549301151
1785124226.0091891,-1.8592258136907505,-0.7982905971702643
1785124226.015619,-1.8612291220457013,-0.79853838387292
1785124226.0211256,-1.863168790636018,-0.7987800299878538
1785124226.0252497,-1.8651331627525765,-0.7990289177429262
1785124226.0317948,-1.8670573822568954,-0.7992765720385977
1785124226.035931,-1.8689900467702494,-0.7995295367844291
1785124226.040059,-1.8709911457835804,-0.7997953160427835
1785124226.0472965,-1.8729110762707872,-0.8000531798418783
1785124226.0518098,-1.8746925618120232,-0.8002948815651603
1785124226.055626,-1.8765324203519915,-0.8005494142313833
1785124226.0599356,-1.8782893566902925,-0.8007976309252043
1785124226.0654764,-1.8800824180537048,-0.8010540614716442
1785124226.0735428,-1.881898274001024,-0.8013184465752679
1785124226.0754282,-1.8837579969781857,-0.8015922155603707
1785124226.080755,-1.8855405304810697,-0.8018572594982962
1785124226.0861871,-1.8873818636456006,-0.8021355549388554
1785124226.0905826,-1.8892124884743107,-0.8024151252565891
1785124226.0962188,-1.8909734797609272,-0.8026871442711855
1785124226.1003556,-1.8927763809725278,-0.8029690391063884
1785124226.106194,-1.8945816966637774,-0.8032561603538659
1785124226.1106381,-1.8963397189181546,-0.8035400796678658
1785124226.115704,-1.8980672773224216,-0.8038216431845099
1785124226.1211257,-1.8998496766335793,-0.8041156509835301
1785124226.125222,-1.9016615158744197,-0.8044190950148913
1785124226.1312933,-1.9034080423858089,-0.8047158070862155
1785124226.1368806,-1.9051899435326733,-0.8050229459679937
1785124226.1411784,-1.9069112285004526,-0.8053238542150525
1785124226.1467764,-1.9086385653092799,-0.8056310502549796
1785124226.1495364,-1.9104493020479987,-0.8059568422860451
1785124226.1555476,-1.9121649002413132,-0.8062692370826502
1785124226.1597917,-1.9139408417827193,-0.8065966420754628
1785124226.1657834,-1.91572429200397,-0.806930046760587
1785124226.1733756,-1.9175804954288538,-0.8072808997514352
1785124226.174515,-1.9193604329425036,-0.8076200005745521
1785124226.1816022,-1.921136023241475,-0.8079623663355342
1785124226.1877692,-1.9229279849417817,-0.8083106123548018
1785124226.189952,-1.9247331517020545,-0.8086638081476287
1785124226.1955035,-1.9264517023719088,-0.8090031780135283
1785124226.2009828,-1.9280862820135594,-0.8093282711295615
1785124226.2055826,-1.9297387226400906,-0.8096602868316032
1785124226.209528,-1.9313536425970637,-0.8099887676167576
1785124226.2158136,-1.9329908230054293,-0.8103242225289248
1785124226.2208474,-1.934576451257288,-0.8106536255565228
1785124226.2254193,-1.9361748311836722,-0.8109882922353677
1785124226.231063,-1.9377757227462948,-0.8113259636147496
1785124226.2373476,-1.9393387069185175,-0.8116577463605018
1785124226.2406082,-1.9409098863867864,-0.8119935635032246
1785124226.2470644,-1.9424884994089564,-0.8123334608611005
1785124226.2519474,-1.9440619636758303,-0.8126733798947432
1785124226.25551,-1.945704399703635,-0.8130314863817822
1785124226.2602634,-1.9473766910553691,-0.8133988147273328
1785124226.2658532,-1.9488934915696257,-0.813734352816801
1785124226.2736037,-1.9504660614020881,-0.8140849896019018
1785124226.275594,-1.9520129644066413,-0.814432619375047
1785124226.2812045,-1.953497110068989,-0.8147667549394692
1785124226.2859964,-1.9551094169325764,-0.8151323212919483
1785124226.2900333,-1.9566275054597322,-0.8154799141661281
1785124226.2966902,-1.9583285740767677,-0.8158721925296684
1785124226.300458,-1.9600708727960026,-0.8162763111809023
1785124226.3063538,-1.9618330766199958,-0.8166890301686958
1785124226.3103192,-1.9636200994800033,-0.817110406924149
1785124226.3158352,-1.9654734634646505,-0.8175521678649778
1785124226.3219087,-1.9672972826800823,-0.8179900586035886
1785124226.3253477,-1.9691099626708999,-0.8184258927218871
1785124226.3313627,-1.9709320114725386,-0.8188683736088692
1785124226.335761,-1.9727427315713868,-0.8193104692467645
1785124226.3400826,-1.9746378843200285,-0.8197746446893251
1785124226.3460553,-1.9764259845534005,-0.820213314865708
1785124226.350347,-1.9782775476296353,-0.8206699366653247
1785124226.3583171,-1.980166479496776,-0.8211387774024813
1785124226.3598876,-1.9820812361818587,-0.8216160534754462
1785124226.3663104,-1.984071829837358,-0.8221140806366903
1785124226.3741202,-1.9860063184163503,-0.8226000135492582
1785124226.3755834,-1.987937264706896,-0.8230880887959865
1785124226.3813736,-1.9899111643124847,-0.8235892155487551
1785124226.3862195,-1.9918200382430498,-0.8240774515964094
1785124226.3905509,-1.9938065801679077,-0.8245882379599209
1785124226.3962567,-1.9956901982683213,-0.825074478679789
1785124226.4005835,-1.9975689755376842,-0.8255629050798606
1785124226.4107356,-1.999427878988157,-0.8260493014098725
1785124226.4114451,-2.0013744334923054,-0.8265625452041483
1785124226.4165664,-2.003268097158789,-0.8270640907656194
1785124226.4208632,-2.0051686892884004,-0.8275678683225692
1785124226.4252949,-2.007025812628775,-0.8280610950182468
1785124226.4314148,-2.0088970892880322,-0.8285608316985837
1785124226.435291,-2.0107908464536615,-0.8290683694888711
1785124226.4405382,-2.0126459253773215,-0.8295671341728077
1785124226.446522,-2.0145259417363057,-0.830075609955908
1785124226.4497085,-2.0163480699208525,-0.8305702656030758
1785124226.4555478,-2.0182619131756363,-0.8310914017879595
1785124226.4600387,-2.0201073264738905,-0.8315953853286393
1785124226.465626,-2.0220766766503893,-0.8321359066817456
1785124226.4740403,-2.0239705841939455,-0.8326588874329072
1785124226.4756284,-2.0258525554880937,-0.8331824194012873
1785124226.4811776,-2.0277624048851077,-0.8337153224164798
1785124226.4877386,-2.0297163954941575,-0.834264023912551
1785124226.490245,-2.031677283648893,-0.8348166888839418
1785124226.49539,-2.0336215049936666,-0.8353669214172496
1785124226.500721,-2.0355929577785288,-0.8359274054498185
1785124226.5064263,-2.0374850094089743,-0.8364686847168231
1785124226.5102167,-2.039352518736036,-0.8370066103360088
1785124226.5164452,-2.0412244091748457,-0.8375488697954236
1785124226.5209706,-2.0431163702609525,-0.838099430951638
1785124226.5258,-2.0450235597154665,-0.8386572281846533
1785124226.5309603,-2.0469688637493006,-0.8392296318824427
1785124226.5363083,-2.048860015153806,-0.8397893279842813
1785124226.5409675,-2.050748885513435,-0.840351889997522
1785124226.5472124,-2.052518865279214,-0.8408816979133436
1785124226.5516982,-2.0542921048883014,-0.8414150747945235
1785124226.607868,-2.057842517860191,-0.8424916747899575
1785124226.6088207,-2.059518102808861,-0.8430048348640853
1785124226.6104484,-2.0613161042685166,-0.8435609848144843
1785124226.6119714,-2.063055892699383,-0.8441022511630829
1785124226.6129823,-2.0647841452559152,-0.844642579201412
1785124226.6146357,-2.0665126076174563,-0.8451845786730064
1785124226.6161525,-2.068196367424274,-0.8457164636211167
1785124226.6171162,-2.0698905409179953,-0.8462545604149585
1785124226.6180153,-2.071612186606302,-0.8468035506255652
1785124226.6189158,-2.07334459795037,-0.8473588816929426
1785124226.6203618,-2.07499608080587,-0.8478888735984071
1785124226.6217322,-2.076755050317153,-0.8484554852652701
1785124226.6225574,-2.078511022753896,-0.849025840349117
1785124226.6248958,-2.0802704672825594,-0.8495991787723502
1785124226.6305795,-2.081986993253848,-0.8501609630985836
1785124226.637192,-2.0836586724402215,-0.8507102523396547
1785124226.6402452,-2.0853959182609088,-0.8512835509033537
1785124226.6466274,-2.087096543809891,-0.851847854884986
1785124226.6509056,-2.0888205026628417,-0.8524215180997168
1785124226.6566699,-2.0905070676908553,-0.8529851828559258
1785124226.6603992,-2.092241198249736,-0.8535671341622687
1785124226.6664336,-2.0939493860003404,-0.854141627970892
1785124226.6735055,-2.095688945167529,-0.8547291139171607
1785124226.6751268,-2.0973940581066604,-0.8553054824039288
1785124226.681195,-2.099117087708323,-0.8558900426171477
1785124226.6859088,-2.1009292418896908,-0.8565072812104294
1785124226.689828,-2.102573527287306,-0.8570708913107482
1785124226.696751,-2.104291751007546,-0.8576628451556935
1785124226.70052,-2.1060086139086978,-0.8582574986409294
1785124226.7057629,-2.107772943101524,-0.8588705667891261
1785124226.7121751,-2.109485675336034,-0.8594682063141266
1785124226.716351,-2.111185903293903,-0.860063602240934
1785124226.7207417,-2.1129310006812205,-0.8606761048128575
1785124226.7289028,-2.114665287276468,-0.8612880050438362
1785124226.7323272,-2.116402564916294,-0.861902335026371
1785124226.7352395,-2.1181204507890468,-0.8625112624961834
1785124226.7416842,-2.1198154034672125,-0.8631140276547907
1785124226.7474642,-2.121557349037693,-0.8637361972731119
1785124226.7517233,-2.1232671628737356,-0.8643498177482424
1785124226.7565746,-2.1250258888294455,-0.8649824122943812
1785124226.7609758,-2.1267234300970412,-0.865594202965812
1785124226.766197,-2.1284791534847827,-0.8662295981777554
1785124226.7752697,-2.1302647135924757,-0.8668779008871639
1785124226.777878,-2.1319785150236514,-0.8675031442589026
1785124226.7807052,-2.1337290757576066,-0.8681442030408619
1785124226.7881427,-2.1355183985016017,-0.8688022755775661
1785124226.7905579,-2.1372212123549796,-0.8694300707882306
1785124226.7956529,-2.1388544774053777,-0.8700347619295858
1785124226.8006215,-2.140441779748868,-0.8706242725304884
1785124226.8061264,-2.1420694933082562,-0.8712315660649084
1785124226.8108568,-2.1436514353332363,-0.8718238743486576
1785124226.8162699,-2.1452689692289817,-0.8724318120936712
1785124226.8202348,-2.14682777307595,-0.8730180313381942
1785124226.825835,-2.148409591361045,-0.8736143469936982
1785124226.832813,-2.150025912074417,-0.8742254537753277
1785124226.8363106,-2.151640441416878,-0.8748381127470172
1785124226.8417249,-2.1532167651090734,-0.8754393669900958
1785124226.8460104,-2.1548039878966927,-0.8760484464972608
1785124226.851208,-2.1564144638524394,-0.8766707725921438
1785124226.8578186,-2.1579941679437984,-0.8772842599622697
1785124226.861148,-2.1595761090244863,-0.8778998961495017
1785124226.867345,-2.161187156172798,-0.8785300152715513
1785124226.8755434,-2.162870930629168,-0.8791937177831892
1785124226.8785703,-2.1645057682161255,-0.8798417528021948
1785124226.8837533,-2.1660963404902893,-0.8804756037890453
1785124226.887612,-2.1676692680717493,-0.8811077531919687
1785124226.8903947,-2.1693353408834186,-0.8817799822747551
1785124226.8969424,-2.1710041072696096,-0.8824562255688544
1785124226.8997922,-2.172760924588643,-0.8831723156942349
1785124226.9059205,-2.17446477939284,-0.8838708972524003
1785124226.911466,-2.176272868213878,-0.8846158755801895
1785124226.9155734,-2.178113871871098,-0.8853787183644609
1785124226.920198,-2.1798717699193295,-0.8861112549095465
1785124226.9250512,-2.1816844239498145,-0.8868701580342224
1785124226.932043,-2.18350496668985,-0.887637133495584
1785124226.9360356,-2.185267075779139,-0.8883844472594399
1785124226.9408984,-2.1870068390203055,-0.8891254124219883
1785124226.9464955,-2.188569548630572,-0.8897946638258624
1785124226.9510133,-2.190124467001571,-0.8904663732031506
1785124226.9563663,-2.1916129362907935,-0.8911138320239088
1785124226.960538,-2.1930862293025077,-0.8917593262600898
1785124226.9671082,-2.194550959733325,-0.8924048430007288
1785124226.9761732,-2.196036216102506,-0.8930646331621064
1785124226.9803345,-2.1974080180800115,-0.8936780423560063
1785124226.986554,-2.1988160346419447,-0.894312715221217
1785124226.9911568,-2.2002585619971318,-0.8949664021665503
1785124226.996318,-2.201553771747501,-0.8955559724557377
1785124227.0013914,-2.20272417586848,-0.8960911221877027
1785124227.0057635,-2.2038861868773094,-0.896623853295821
1785124227.0109873,-2.205022707076542,-0.8971472302011081
1785124227.0159647,-2.206080068623072,-0.8976372541551901
1785124227.0201492,-2.2072082951773426,-0.8981632942115032
1785124227.0257614,-2.2083129681155147,-0.8986807905577272
1785124227.0306246,-2.209408539847158,-0.8991953436566238
1785124227.0354414,-2.2104885700981596,-0.8997039477125929
1785124227.0417707,-2.211556832730133,-0.9002091206559846
1785124227.0464594,-2.2125437262480525,-0.9006763301482579
1785124227.050526,-2.2135059942680693,-0.9011339796523131
1785124227.0561643,-2.2144389714023567,-0.9015785198014521
1785124227.061294,-2.2153683338973074,-0.9020229932953024
1785124227.0660014,-2.2162387760408455,-0.9024408935563839
1785124227.0717778,-2.217151736457013,-0.9028807437330589
1785124227.0778172,-2.2180597677376057,-0.9033191683292879
1785124227.0819817,-2.2189734166621777,-0.9037624081489357
1785124227.0860784,-2.219862926121369,-0.9041957114341825
1785124227.0905247,-2.22079682358284,-0.904652273357764
1785124227.0964754,-2.2216758530200393,-0.9050840096865995
1785124227.1006327,-2.22258574377138,-0.9055323971377955
1785124227.1053913,-2.223481174187064,-0.9059755705316693
1785124227.1116672,-2.2243790886249095,-0.9064216807658737
1785124227.11604,-2.225270555065701,-0.9068660835231316
1785124227.1205544,-2.2261477437425206,-0.9073076720383559
1785124227.125451,-2.2270284685223123,-0.9077536299923911
1785124227.1312997,-2.2278770882605055,-0.9081867747595109
1785124227.1361787,-2.228729416943084,-0.9086260528413552
1785124227.1407552,-2.2295630078709947,-0.909058367252311
1785124227.1464944,-2.230513603923085,-0.9095556132860809
1785124227.1512773,-2.2314963154358836,-0.9100734693807225
1785124227.155661,-2.2325111041446126,-0.9106115873551902
1785124227.1608543,-2.2335279976133027,-0.911154429169201
1785124227.1661506,-2.234591971037948,-0.9117261359254937
1785124227.170403,-2.2356422646345284,-0.912295037931628
1785124227.1786096,-2.236691715120396,-0.9128681946161045
1785124227.180977,-2.23773806912859,-0.9134432196209116
1785124227.1855476,-2.238762105965222,-0.9140113260390289
1785124227.1911445,-2.2397844450636084,-0.9145828378075399
1785124227.196948,-2.24072516684385,-0.9151130566375153
1785124227.2008069,-2.2415616477916473,-0.9155879070323908
1785124227.2053783,-2.242426203938397,-0.9160816673839988
1785124227.2115397,-2.243249940022659,-0.9165551429128288
1785124227.2161238,-2.244050148494801,-0.9170191131764316
1785124227.2208037,-2.2448513823303844,-0.9174864760430309
1785124227.2256594,-2.2456651459481334,-0.9179631044112047
1785124227.2305372,-2.246471453884303,-0.9184381102661054
1785124227.2367654,-2.247279308458241,-0.9189175142451466
1785124227.2406933,-2.2480672659340923,-0.9193881713249151
1785124227.2461777,-2.248956479084779,-0.9199232034093967
1785124227.2519832,-2.249900043060527,-0.9204941366354119
1785124227.2555869,-2.2508816609813933,-0.9210916569083102
1785124227.2617872,-2.2518759182181993,-0.921700834645845
1785124227.265738,-2.2528654060641764,-0.9223112398402262
1785124227.2703235,-2.253868069500509,-0.9229326029723279
1785124227.2804275,-2.254869545987223,-0.9235565696550819
1785124227.2825196,-2.2558412596142774,-0.9241636151891918
1785124227.2851653,-2.2568424004062666,-0.9247926604566461
1785124227.2914562,-2.257810893000388,-0.9254048100487576
1785124227.2961292,-2.2588636200549015,-0.9260739395329186
1785124227.3013523,-2.2599976198364873,-0.9267963566228619
1785124227.3056176,-2.2611323904423744,-0.927522831245848
1785124227.3102937,-2.2622780961972726,-0.9282586246355752
1785124227.3153994,-2.2634935714443913,-0.9290418571876449
1785124227.3207083,-2.2646868858776545,-0.9298140310070854
1785124227.3255038,-2.2658223391911236,-0.9305516999365732
1785124227.3308792,-2.267000141440438,-0.9313192488699809
1785124227.3364904,-2.2681337457507422,-0.9320631093929053
1785124227.3412137,-2.2692890701655695,-0.9328237603749998
1785124227.34773,-2.270305358263999,-0.9334960532188207
1785124227.3513925,-2.2712283252116277,-0.9341088059912469
1785124227.3555796,-2.272139388846421,-0.9347158685707344
1785124227.3611748,-2.272999978723463,-0.9352909132262655
1785124227.367703,-2.2738210378912305,-0.9358415024297343
1785124227.3711305,-2.274608834640167,-0.9363703625785558
1785124227.3810174,-2.2754573430011327,-0.9369423967867436
1785124227.3858542,-2.2762729609811387,-0.9374945364233364
1785124227.3913784,-2.277127232858202,-0.9380751675769481
1785124227.39618,-2.277847775748853,-0.9385666920561846
1785124227.4011285,-2.278470247594476,-0.9389924911617648
1785124227.405652,-2.279084616612858,-0.939413799599264
1785124227.410575,-2.279707528562203,-0.939843186843038
1785124227.4159818,-2.2803004605467008,-0.9402537365434923
1785124227.4205632,-2.2808633340269076,-0.9406449975693845
1785124227.4256136,-2.281463809846278,-0.9410635807148104
1785124227.4305763,-2.2820152268581086,-0.9414495925159407
1785124227.4361994,-2.2825805177930785,-0.9418457990560635
1785124227.4402723,-2.2831647705799094,-0.9422570631452609
1785124227.4458265,-2.283692361338478,-0.9426288228449279
1785124227.4509094,-2.2842811433978434,-0.943044649849997
1785124227.4548337,-2.2848345483618853,-0.9434364872942599
1785124227.4606564,-2.285388458827528,-0.9438303325886896
1785124227.4657176,-2.285969909088619,-0.9442450328536355
1785124227.4698,-2.2864665209471196,-0.9446001465980598
1785124227.47568,-2.2870471899089866,-0.9450164692853591
1785124227.4827573,-2.2875628381464224,-0.9453872588410485
1785124227.4856076,-2.288132355582225,-0.945797513812058
1785124227.4911366,-2.2886848669154616,-0.9461960135313113
1785124227.4960632,-2.2891977961837435,-0.9465666215306521
1785124227.500959,-2.289733188747041,-0.9469536123921635
1785124227.5046313,-2.2902869190567388,-0.9473547601421135
1785124227.5110898,-2.2908102007713396,-0.9477346906099823
1785124227.5154164,-2.291358891453336,-0.9481343175864114
1785124227.5199015,-2.2919048422938304,-0.9485325704191374
1785124227.5257127,-2.2924607178641665,-0.9489389011934173
1785124227.531211,-2.293019937999723,-0.9493482785116366
1785124227.5359259,-2.2935313335068597,-0.9497235764690861
1785124227.5403562,-2.294078542930906,-0.9501259108597171
1785124227.5471694,-2.294623018431419,-0.9505259611313117
1785124227.5509403,-2.295116041503709,-0.9508884947218033
1785124227.5552723,-2.295682045983439,-0.9513054192499095
1785124227.5610976,-2.296223800396984,-0.9517054685529805
1785124227.5661507,-2.29674170792264,-0.9520878145244308
1785124227.570005,-2.2973092851470986,-0.9525070730719176
1785124227.5756702,-2.297828504880679,-0.9528912941991865
1785124227.5848062,-2.2983912222605785,-0.9533085771270838
1785124227.5882232,-2.298974227837469,-0.953741648188801
1785124227.5910265,-2.299525693085886,-0.9541521209930247
1785124227.5968459,-2.3000481308456378,-0.9545413047321348
1785124227.6005259,-2.3005813020386845,-0.9549394272972878
1785124227.6047847,-2.3011121258208083,-0.9553364095407579
1785124227.6110604,-2.3016603088076373,-0.9557468282162503
1785124227.614901,-2.3022336490827855,-0.9561763305730568
1785124227.6204815,-2.3027459725749355,-0.9565604364391951
1785124227.6261303,-2.303291124616213,-0.9569698546710845
1785124227.6303537,-2.3038032781391458,-0.9573550918287596
1785124227.6363866,-2.3043641923332068,-0.9577790044783853
1785124227.6403472,-2.3049039717861155,-0.9581878234517677
1785124227.6466293,-2.3054642058102894,-0.9586124036537287
1785124227.6508293,-2.3060267399365606,-0.9590387899355063
1785124227.6555736,-2.3065713066509725,-0.9594529453891382
1785124227.6606047,-2.3071036453029827,-0.9598585972154554
1785124227.665789,-2.3076655822335814,-0.9602881432694546
1785124227.670988,-2.308234683934497,-0.960724570138906
1785124227.6762564,-2.308812349745579,-0.9611678078053628
1785124227.6847465,-2.3093768313527194,-0.9616019644516892
1785124227.6870935,-2.3099335497664577,-0.962030579223634
1785124227.6925964,-2.310499452226379,-0.9624668724068308
1785124227.695834,-2.3109804505793012,-0.9628386300074697
1785124227.7008083,-2.311462121821827,-0.9632120725152875
1785124227.7053924,-2.3119112944427385,-0.963561230821675
1785124227.7112343,-2.3123286833933023,-0.9638863715161964
1785124227.715421,-2.312773578034701,-0.964233544197076
1785124227.7202554,-2.3132195356061445,-0.9645825400052597
1785124227.7262185,-2.313640266989215,-0.9649129343642879
1785124227.7310317,-2.314068392780112,-0.9652496103388115
1785124227.7366943,-2.314497012487222,-0.9655876502864137
1785124227.7399478,-2.3149326284310208,-0.9659322454896703
1785124227.746808,-2.3154677385499634,-0.9663571256915162
1785124227.7515838,-2.3160306261626826,-0.9668052521001976
1785124227.755667,-2.3166152164865417,-0.96727156841427
1785124227.7609243,-2.3172505260907417,-0.9677792806495419
1785124227.7652426,-2.317856146328824,-0.9682645471875857
1785124227.770236,-2.31847455150664,-0.9687616576490963
1785124227.775802,-2.3190751600629707,-0.9692451635763734
1785124227.7835443,-2.319686040051308,-0.9697390001322755
1785124227.7857199,-2.3203146765143354,-0.9702487102048747
1785124227.7909906,-2.3209325476719864,-0.9707509843021939
1785124227.7962189,-2.3214765420142918,-0.9711951799957889
1785124227.801043,-2.3219794195374277,-0.9716069043894247
1785124227.80485,-2.322439186229763,-0.9719845190683587
1785124227.8104792,-2.322903948136965,-0.9723665884590569
1785124227.8155446,-2.32335910541523,-0.9727416213056034
1785124227.8198032,-2.3238121755299828,-0.9731162390992627
1785124227.8267744,-2.3242470837746394,-0.973477569241676
1785124227.8308308,-2.3247153639740388,-0.9738686249686661
1785124227.8363361,-2.325169821587632,-0.9742498110561075
1785124227.839922,-2.325606005538868,-0.974617326487425
1785124227.8467314,-2.3260619436855383,-0.975003027788824
1785124227.8505826,-2.326505376916525,-0.9753795027619615
1785124227.8555934,-2.3269643513742326,-0.9757703970120815
1785124227.8617241,-2.3274157951628065,-0.9761558987679535
1785124227.865223,-2.3278544004489574,-0.9765313273430766
1785124227.8707068,-2.328310036913698,-0.9769229145646181
1785124227.8755612,-2.328767071806817,-0.9773167216727234
1785124227.8822887,-2.3292066148750363,-0.9776969937332799
1785124227.886185,-2.329649527823022,-0.978081641394579
1785124227.8897943,-2.3301090405462963,-0.9784813870576046
1785124227.8959334,-2.3306371599376963,-0.9789421813174609
1785124227.9008133,-2.3312366453795335,-0.979466747769429
1785124227.9050088,-2.3318687809016416,-0.9800210958076243
1785124227.9111345,-2.3324931296508256,-0.9805709198617052
1785124227.9151642,-2.333107095717309,-0.9811140845619334
1785124227.9205666,-2.3337164775688324,-0.9816557517272356
1785124227.9256191,-2.3343206384797415,-0.9821956682796444
1785124227.9309464,-2.334953457027991,-0.982763410302169
1785124227.9357092,-2.3355696551574257,-0.9833175498562788
1785124227.9400475,-2.336200802112454,-0.983888311281481
1785124227.946988,-2.336884690026828,-0.9845096162318655
1785124227.950972,-2.3375480022843527,-0.9851145156703953
1785124227.9556265,-2.338242487811505,-0.9857500917936944
1785124227.960902,-2.3389563876719563,-0.9864051419904301
1785124227.96627,-2.3396332806816686,-0.9870293246493681
1785124227.9707608,-2.3403344816337635,-0.9876781920892482
1785124227.9764163,-2.3410413211386176,-0.988333734786081
1785124227.9876823,-2.341727925758427,-0.9889740516931755
1785124227.98893,-2.3424277950574592,-0.989629673373575
1785124227.990343,-2.3431269899115663,-0.990287868650066
1785124227.9966319,-2.343807853685292,-0.9909319107945374
1785124228.0005753,-2.3444917630811086,-0.9915826653901088
1785124228.0062037,-2.3451702239105727,-0.9922306668117088
1785124228.01164,-2.3458570355161106,-0.9928892485691873
1785124228.0167437,-2.3465260899764533,-0.9935334642827058
1785124228.0202615,-2.3472231043688696,-0.9942090574433591
1785124228.0257416,-2.3478883208871975,-0.9948574996915481
1785124228.0305567,-2.3485550620258637,-0.995510474738744
1785124228.035714,-2.349219288870437,-0.9961643175550996
1785124228.0397558,-2.3498643309552802,-0.9968017139925357
1785124228.046145,-2.3505713984944316,-0.9975046426642097
1785124228.0509973,-2.3513302691265183,-0.9982623736559146
1785124228.055012,-2.352085037039,-0.9990207660520586
1785124228.060836,-2.352854860937607,-0.9997978451590093
1785124228.0657027,-2.353613002192435,-1.0005646231378125
1785124228.0701463,-2.3543972939711275,-1.0013613587489636
1785124228.0756502,-2.355151738298045,-1.002130421566436
1785124228.087792,-2.355938927083558,-1.0029375339475228
1785124228.0898547,-2.3566890887837197,-1.00370925022717
1785124228.0960681,-2.3574738344530437,-1.0045216227680993
1785124228.100102,-2.3582467040964183,-1.00532550038535
1785124228.1052694,-2.3590120398455534,-1.0061256251553243
1785124228.1113694,-2.3598013957536823,-1.0069540716554655
1785124228.1155038,-2.3605476689216114,-1.0077417002115563
1785124228.1207623,-2.361300300000503,-1.008539642173496
1785124228.1260488,-2.3620768525160143,-1.0093656130710835
1785124228.1308823,-2.3628309582323537,-1.010170948062795
1785124228.1382322,-2.36359147388787,-1.010987753272178
1785124228.1401742,-2.3643433346931033,-1.0117975930212233
1785124228.147183,-2.3649727177334188,-1.0124782611967948
1785124228.151787,-2.3655299369203813,-1.013083579452847
1785124228.1561801,-2.3660652996045624,-1.013666918100142
1785124228.1627119,-2.36659549869038,-1.0142472928187352
1785124228.1665406,-2.3670817408319653,-1.0147825526457142
1785124228.171136,-2.3675660017460864,-1.0153175529207705
1785124228.17639,-2.3680605156914485,-1.015866159258149
1785124228.1805,-2.3685439249965623,-1.0164036273323769
1785124228.1923964,-2.3690082155847487,-1.0169230784887164
1785124228.206222,-2.369393839293095,-1.0173565449496698
1785124228.2071006,-2.3697167287023984,-1.0177209818252944
1785124228.208041,-2.369998591580888,-1.0180406483294357
1785124228.2112386,-2.370267531118441,-1.0183465454951501
1785124228.2151399,-2.3705163217912526,-1.018630304046303
1785124228.221289,-2.3707731497106868,-1.018924855953976
1785124228.2249694,-2.3710214724662535,-1.0192107853151688
1785124228.2302427,-2.3712718030364073,-1.0195006342746802
1785124228.2366512,-2.371516867514516,-1.019785694792855
1785124228.2396934,-2.371752559685433,-1.0200609159375882
1785124228.246983,-2.371897739163186,-1.0202311792905285
1785124228.2516642,-2.371983792318428,-1.0203325433213561
1785124228.255202,-2.3720413414375945,-1.0204006866330126
1785124228.2622933,-2.372081548109534,-1.020448519411719
1785124228.2654943,-2.3721113715452367,-1.020484149039365
1785124228.270403,-2.372135226674731,-1.0205127338177626
1785124228.2766063,-2.372155487045091,-1.0205370928973412
1785124228.2810094,-2.3721733287053497,-1.0205586212195525
1785124228.2860668,-2.372190322853141,-1.0205792593230052
1785124228.29486,-2.3722070009947904,-1.0205995815431887
1785124228.2983027,-2.3722441666793945,-1.020645158279901
1785124228.3001277,-2.3722818405277986,-1.0206915973047757
1785124228.305363,-2.372317736632279,-1.0207360593676287
1785124228.3103364,-2.3723521896333564,-1.0207789415928086
1785124228.3158998,-2.3723826891544935,-1.0208170766864202
1785124228.3209105,-2.372411713126757,-1.0208534030344059
1785124228.3258786,-2.3724417617599967,-1.0208911734012296
1785124228.3325257,-2.372470947596741,-1.0209279915765812
1785124228.3360417,-2.372500837403805,-1.0209658575017937
1785124228.3399987,-2.372531869593921,-1.0210052948137065
1785124228.346886,-2.372570235235167,-1.0210542320029
1785124228.350646,-2.3726114100629783,-1.021106805485038
1785124228.3550057,-2.372653052197905,-1.0211601291749226
1785124228.3615427,-2.3726930968435664,-1.021211550159774
1785124228.3659399,-2.3727330301688836,-1.0212629948039498
1785124228.370243,-2.3727721122607837,-1.0213134460484063
1785124228.375494,-2.3728120759931213,-1.0213652312349033
1785124228.380481,-2.3728540628893335,-1.0214197418363382
1785124228.3865616,-2.3728958021420263,-1.0214739923536198
1785124228.39594,-2.372938181784558,-1.0215291563021547
1785124228.3983023,-2.3729857260000142,-1.0215911017570338
1785124228.4001033,-2.3730341468264955,-1.0216542510401894
1785124228.406222,-2.373095658164349,-1.021734479608489
1785124228.4102447,-2.3731458345568326,-1.0217999104892797
1785124228.416024,-2.373194058685531,-1.021862855336372
1785124228.4204602,-2.373265009958377,-1.0219554512960565
1785124228.4254766,-2.373315753076736,-1.0220217358640273
1785124228.4322317,-2.3733608519567517,-1.022080730879311
1785124228.4369106,-2.373427348999096,-1.0221676848428787
1785124228.4400394,-2.3734764020955383,-1.022231829346709
1785124228.4468513,-2.373546260967444,-1.022323097121101
1785124228.4503021,-2.3735983863871066,-1.0223911938622783
1785124228.4553676,-2.3736697019251793,-1.022484417685328
1785124228.4622264,-2.373738742623105,-1.022574597672213
1785124228.4649372,-2.3737990602262364,-1.0226532090539358
1785124228.4707332,-2.3738553790666015,-1.0227265790756126
1785124228.4745836,-2.373929705765249,-1.0228233147330912
1785124228.4801824,-2.3739921297443223,-1.0229045507550167
1785124228.4874418,-2.374070541492582,-1.023006398042402
1785124228.4959083,-2.3741433110509336,-1.0231007380080968
1785124228.4988523,-2.374225404276459,-1.0232071569641779
1785124228.5017824,-2.3743057444703206,-1.0233111090428768
1785124228.5048335,-2.3743765400288885,-1.0234026006531367
1785124228.5108247,-2.3744595244405517,-1.0235095554163767
1785124228.515924,-2.3745324550534814,-1.0236033828817057
1785124228.5210738,-2.3746173487279596,-1.0237121924443968
1785124228.5255575,-2.374696300357977,-1.023813280724432
1785124228.5319574,-2.374778091749013,-1.0239178955090302
1785124228.5360155,-2.3748554068930283,-1.0240164439439896
1785124228.5401647,-2.374938731911842,-1.0241225551564666
1785124228.546216,-2.3750234975606155,-1.0242303875926235
1785124228.5502436,-2.3751085180082394,-1.0243383360462288
1785124228.5554829,-2.375199239609333,-1.0244533709662773
1785124228.562461,-2.3752884523161137,-1.024566232025277
1785124228.5656717,-2.3753761695998703,-1.0246769185673805
1785124228.5706818,-2.375463186463038,-1.024786447668959
1785124228.5767057,-2.3755484459878082,-1.0248937481058187
1785124228.581076,-2.3755695862637456,-1.024920232752904
1785124228.586438,-2.375578836199474,-1.0249317666698705
1785124228.5958092,-2.375593977796698,-1.024950602097631
1785124228.6007605,-2.3756176579524544,-1.0249800070809891
1785124228.60571,-2.375646914476445,-1.0250161648358531
1785124228.6106348,-2.3756798315934886,-1.0250567288767913
1785124228.6160884,-2.3757134732431835,-1.0250981570307987
1785124228.6215873,-2.375744670718248,-1.025136483189339
1785124228.6248407,-2.3757746085952656,-1.025173159011613
1785124228.6309443,-2.3757999891082484,-1.0252041304959467
1785124228.6359751,-2.3758216310173097,-1.0252304820172138
1785124228.6395102,-2.3758391933130474,-1.0252517677618915
1785124228.6468945,-2.3758518209552286,-1.0252670129579307
1785124228.650626,-2.375859321391613,-1.0252760347491712
1785124228.6552875,-2.375861812105657,-1.0252790195041515
1785124228.6613195,-2.3758593744681566,-1.0252761030244835
1785124228.6660666,-2.3758521265145314,-1.0252674532400143
1785124228.6710417,-2.375840157057748,-1.0252532200717754
1785124228.6752672,-2.375823378834101,-1.0252333239485591
1785124228.6808121,-2.3758022385756847,-1.0252083320460945
1785124228.6861145,-2.375777429322784,-1.0251790677120538
1785124228.690113,-2.3757472246400284,-1.0251434979763467
1785124228.6988575,-2.3757141594932825,-1.0251046702935551
1785124228.7024786,-2.3756848592220994,-1.0250703740814093
1785124228.7049654,-2.375654685801454,-1.0250350838743265
1785124228.7121415,-2.37562316252632,-1.0249982646802327
1785124228.7158008,-2.3755924000195403,-1.0249623989810832
1785124228.7207518,-2.3755565022674063,-1.0249205581730805
1785124228.7244463,-2.3755204473493694,-1.0248786386908235
1785124228.731424,-2.375487617966545,-1.0248405981792517
1785124228.7357337,-2.3754550220814687,-1.024802875852823
1785124228.7397382,-2.3754187174293007,-1.024760970798403
1785124228.746566,-2.375380862013064,-1.024717294523604
1785124228.7512777,-2.375349661144017,-1.0246813602521068
1785124228.7559938,-2.3753214476496627,-1.0246489108791719
1785124228.763188,-2.3752910483883927,-1.0246139747185354
1785124228.766501,-2.3752508263390957,-1.0245678413385604
1785124228.7710032,-2.3752192421350484,-1.024531616103698
1785124228.7748828,-2.3751781641751717,-1.0244846213383425
1785124228.7814307,-2.375145726717173,-1.024447581590437
1785124228.7864382,-2.375114704919458,-1.024412245189717
1785124228.7898724,-2.3750875080422458,-1.0243813114558216
1785124228.7981563,-2.3750488583549414,-1.0243374151203284
1785124228.8013961,-2.3750205183932915,-1.0243052617831414
1785124228.8049653,-2.3749881870444547,-1.0242686197815567
1785124228.8099976,-2.3749648210968086,-1.0242421713172194
1785124228.8155863,-2.374931127241052,-1.0242040936328132
1785124228.820655,-2.374903913399476,-1.0241734546358892
1785124228.8251328,-2.3748797088584457,-1.024146275427073
1785124228.8312821,-2.3748553975369964,-1.0241190355321352
1785124228.8355136,-2.3748273077280304,-1.024087679120632
1785124228.840236,-2.374798142967278,-1.0240552140047328
1785124228.8462422,-2.3747711139044667,-1.0240251788188774
1785124228.8501976,-2.374739536406117,-1.023990194644708
1785124228.8567572,-2.3747189298959865,-1.0239674037307602
1785124228.860541,-2.3746980135873947,-1.0239443330105658
1785124228.8656938,-2.3746722881441165,-1.0239160558578464
1785124228.8710659,-2.374655678512284,-1.0238978559758254
1785124228.8747606,-2.37463084871449,-1.0238707500808117
1785124228.881094,-2.3746144785417003,-1.0238529499696358
1785124228.886269,-2.374581844966286,-1.0238175421038587
1785124228.8896165,-2.3745571950987143,-1.0237908809624485
1785124228.898119,-2.3745337641582607,-1.0237656369657784
1785124228.9018416,-2.3745125984930615,-1.0237429113390195
1785124228.905593,-2.3744901053110543,-1.0237188401683348
1785124228.9127142,-2.374467427754769,-1.0236946969463319
1785124228.9166021,-2.3744448744112443,-1.0236707721804295
1785124228.9208317,-2.3744289189198877,-1.0236539338074853
1785124228.9253836,-2.3744046578123332,-1.023628414201855
1785124228.932713,-2.3743887195975932,-1.023611702279639
1785124228.937247,-2.3743689392176277,-1.0235910352956175
1785124228.9400494,-2.374350411063519,-1.0235717676496456
1785124228.94758,-2.3743349670353244,-1.0235557835542477
1785124228.9500237,-2.374317166573827,-1.0235374033668474
1785124228.9550633,-2.374295633930216,-1.0235152944847503
1785124228.9596922,-2.374279128344775,-1.0234984057760825
1785124228.965447,-2.374264356279032,-1.0234833513388955
1785124228.9704466,-2.374244309860026,-1.0234630286216257
1785124228.9745688,-2.374228435532712,-1.023447004639074
1785124228.9813457,-2.3742137622789357,-1.0234322314106106
1785124228.9859571,-2.3741999851443034,-1.0234184065653948
1785124228.9895551,-2.3741835002879697,-1.0234019527175333
1785124228.9982333,-2.3741691190141854,-1.0233876524299512
1785124229.0019414,-2.3741526229935324,-1.0233713356627705
1785124229.0050387,-2.3741357294291086,-1.0233547219561483
1785124229.0101779,-2.374118329134445,-1.0233377079347399
1785124229.0157368,-2.3741016403761375,-1.0233214657867842
1785124229.0203543,-2.374084233902887,-1.0233046115471442
1785124229.0247965,-2.3740681113853612,-1.023289068799576
1785124229.0311203,-2.3740524136870467,-1.023274018269316
1785124229.0358155,-2.374036725626218,-1.0232590377165578
1785124229.0402725,-2.374021926566569,-1.0232449678111664
1785124229.0480337,-2.374003264897566,-1.0232273187475192
1785124229.0499752,-2.3739852363815777,-1.023210334679775
1785124229.0555491,-2.373967596914158,-1.0231938063520192
1785124229.0619504,-2.3739512678974597,-1.0231785950158412
1785124229.0663683,-2.3739351786552683,-1.0231636813151639
1785124229.0706842,-2.3739203386616925,-1.023149985786042
1785124229.0751052,-2.373905923362896,-1.0231367390152517
1785124229.0822592,-2.37389180014308,-1.023123832602083
1785124229.0854478,-2.37387818154751,-1.0231114471075653
1785124229.0901256,-2.3738650897789064,-1.0230996147553406
1785124229.0995922,-2.373852417918503,-1.0230882329607627
1785124229.102961,-2.373839231130251,-1.0230764402907988
1785124229.1051254,-2.373825849744063,-1.0230645279620731
1785124229.111793,-2.3738126248676488,-1.0230528131295447
1785124229.115484,-2.373800506663761,-1.0230421446062514
1785124229.1208138,-2.3737889552592044,-1.0230320149434724
1785124229.125806,-2.3737777122741766,-1.0230221998697957
1785124229.13165,-2.3737668323078522,-1.023012758622782
1785124229.1358795,-2.373756507457178,-1.023003841178467
1785124229.1398854,-2.373746465842788,-1.022995218237279
1785124229.1465895,-2.3737389246098615,-1.0229887767989925
1785124229.151254,-2.3737321625533827,-1.0229830292377937
1785124229.1555047,-2.3737254738289035,-1.0229773729285707
1785124229.1610916,-2.3737188458869602,-1.0229717987467175
1785124229.1665804,-2.3737124143814343,-1.022966406980602
1785124229.1706264,-2.3737060962555554,-1.022961136658725
1785124229.1745665,-2.373700128183009,-1.0229561727428655
1785124229.1812196,-2.373694681052758,-1.0229516632508302
1785124229.1861253,-2.3736893552101925,-1.0229472662790065
1785124229.190073,-2.3736844358239395,-1.0229432250553352
1785124229.2006874,-2.3736800192452927,-1.0229396095395389
1785124229.2056444,-2.3736804953188493,-1.0229399968215747
1785124229.20988,-2.373682214937418,-1.0229413905695894
1785124229.2155905,-2.37368405334023,-1.022942874998305
1785124229.220764,-2.373685726666155,-1.0229442209971527
1785124229.2246172,-2.373687295465277,-1.0229454759482342
1785124229.2316272,-2.373688876667596,-1.0229467368527616
1785124229.2384553,-2.3736906486245757,-1.0229481450452733
1785124229.2406237,-2.373692767502765,-1.0229498212619532
1785124229.2464356,-2.3736991582407376,-1.02295485916616
1785124229.2496803,-2.3737041228617617,-1.0229587620482117
1785124229.2554483,-2.373709005926273,-1.0229625912802867
1785124229.2617867,-2.373714382022642,-1.0229667937599582
1785124229.2658,-2.3737205774424925,-1.0229716177650767
1785124229.2704175,-2.3737270758110385,-1.0229766621275838
1785124229.2749624,-2.3737338570323914,-1.0229818961785233
1785124229.2816455,-2.3737413495230872,-1.0229876554952597
1785124229.286292,-2.373749439574869,-1.022993844917927
1785124229.2901387,-2.3737582708246068,-1.0230005778264588
1785124229.2965584,-2.3737706511531225,-1.023009977757917
1785124229.3042545,-2.3737842031043677,-1.0230202284060437
1785124229.306216,-2.3737981105447497,-1.023030695777051
1785124229.3100138,-2.373812457018687,-1.023041453503208
1785124229.3158634,-2.373826384081529,-1.0230518761891343
1785124229.3208008,-2.3738296734326956,-1.0230543286215477
1785124229.326153,-2.3738413529725304,-1.0230630230858793
1785124229.338808,-2.3738560542406666,-1.0230739532511242
1785124229.3435898,-2.3738720282156573,-1.0230857881104218
1785124229.3532062,-2.3738889101757685,-1.0230982404314983
1785124229.3569505,-2.3739053437014617,-1.023110329111604
1785124229.3582041,-2.3739106491007496,-1.0231142189886377
1785124229.3673027,-2.3739250302127557,-1.0231247331477389
1785124229.3739443,-2.3739424228978,-1.0231374322570674
1785124229.3754718,-2.3739601569528204,-1.023150351064175
1785124229.3765426,-2.3739663345242668,-1.0231548282697862
1785124229.382373,-2.3739816223136225,-1.0231658601557794
1785124229.387324,-2.3739998314026614,-1.0231789663717232
1785124229.3904922,-2.374018560845318,-1.023192395111691
1785124229.3960047,-2.374029769085443,-1.023200412459959
1785124229.400972,-2.374046363619653,-1.023212243365206
1785124229.4088185,-2.3740644492568923,-1.0232250954245787
1785124229.4122987,-2.374069851299745,-1.0232289266528751
1785124229.4161935,-2.3740847481391736,-1.0232394604187884
1785124229.4208627,-2.374106523061061,-1.0232547883562477
1785124229.4264624,-2.374115905957202,-1.0232613756334987
1785124229.4323692,-2.3741338858597607,-1.0232739273331906
1785124229.4355302,-2.374153986154018,-1.023287913051354
1785124229.439864,-2.3741615670750487,-1.0232931713494335
1785124229.448977,-2.3741751328721357,-1.023302546199349
1785124229.4508164,-2.3741913439679205,-1.0233137190590407
1785124229.4556956,-2.374195305478693,-1.0233164395284133
1785124229.4595187,-2.374208446293309,-1.023325452409268
1785124229.4657576,-2.3742243564744334,-1.023336317900998
1785124229.4703662,-2.374228010303832,-1.0233388013499896
1785124229.474729,-2.3742402317500595,-1.0233470833673828
1785124229.481521,-2.374254816744522,-1.0233569444364252
1785124229.4856594,-2.374263168094003,-1.0233625550856034
1785124229.4898384,-2.374275791586581,-1.023370982807893
1785124229.497231,-2.3742763477178843,-1.0233713524442754
1785124229.499876,-2.374284371165919,-1.0233766628395344
1785124229.506891,-2.3742943350474786,-1.023383235402861
1785124229.5094824,-2.374297821986352,-1.0233855240608467
1785124229.5153937,-2.374305546802867,-1.0233905627055067
1785124229.5212643,-2.3743021177164443,-1.0233883294099644
1785124229.5255136,-2.3743066170174294,-1.0233912479136809
1785124229.5316048,-2.3743014060681955,-1.0233878824860494
1785124229.5357955,-2.3742918081834263,-1.0233817068084574
1785124229.540035,-2.374298046323412,-1.0233857000455586
1785124229.5468357,-2.374287011389133,-1.0233786701711072
1785124229.5512192,-2.37424863901435,-1.0233543720235423
1785124229.5567582,-2.3742149046757572,-1.0233330947376547
1785124229.560746,-2.374221995169347,-1.0233375472934794
1785124229.5658422,-2.374172677987257,-1.0233067378059548
1785124229.5708387,-2.3741562478398746,-1.0232965108313992
1785124229.5750284,-2.374126580181479,-1.0232781115250058
1785124229.5816104,-2.374064328322781,-1.0232396706262676
1785124229.5859668,-2.373981656515153,-1.0231888962691007
1785124229.5901825,-2.373938299358403,-1.023162391199013
1785124229.597021,-2.373867140120117,-1.0231190479437708
1785124229.5999749,-2.3737774875648054,-1.023064933371791
1785124229.608068,-2.373685192449272,-1.0230095565583401
1785124229.6110518,-2.3735917990117246,-1.022953834193066
1785124229.6159143,-2.3734893590453594,-1.022893038708413
1785124229.621069,-2.3733863436455005,-1.0228321077726306
1785124229.6248589,-2.3732850208245213,-1.0227726321712494
1785124229.6309829,-2.3731818587980986,-1.0227125502448415
1785124229.6356945,-2.3730710282133294,-1.022648486949722
1785124229.6402366,-2.372959055769137,-1.022584062370125
1785124229.6473863,-2.3728448284885086,-1.0225186671490003
1785124229.6513975,-2.3727280465527905,-1.0224522473292317
1785124229.656402,-2.3726097317378616,-1.022385305483719
1785124229.6600761,-2.372485549115719,-1.0223154116130573
1785124229.6670682,-2.372361300448065,-1.0222459842246585
1785124229.671096,-2.3722388098892964,-1.0221779593484168
1785124229.6751614,-2.372118273689439,-1.0221114570170915
1785124229.6814218,-2.372001189334025,-1.022047317591895
1785124229.6856132,-2.371880472508981,-1.0219816730520044
1785124229.6897545,-2.371761402912183,-1.0219173362134297
1785124229.6988893,-2.3716485156797713,-1.0218568147498002
1785124229.7015586,-2.3715373189400926,-1.021797668806586
1785124229.708835,-2.3714257328142785,-1.0217387716735058
1785124229.7120895,-2.3713083448668058,-1.0216772942420558
1785124229.7158659,-2.371190726931096,-1.0216162439450964
1785124229.7205615,-2.3710742512589205,-1.021556346335836
1785124229.7254846,-2.37095644108805,-1.0214961986975901
1785124229.731926,-2.3708551398257165,-1.0214447365592894
1785124229.735372,-2.3707659244669603,-1.0213997500235519
1785124229.7405038,-2.370668365134221,-1.0213509975044313
1785124229.7466893,-2.3705635649939354,-1.021299114167242
1785124229.7504396,-2.3704495248953963,-1.0212430179766716
1785124229.7553425,-2.370338472917079,-1.0211887901186925
1785124229.7607527,-2.37022234635787,-1.0211324400797799
1785124229.7654994,-2.370112408816135,-1.0210794024094767
1785124229.7710752,-2.370005170515994,-1.02102781998059
1785124229.7762563,-2.3698984237990928,-1.0209766765300963
1785124229.7816045,-2.3697909918458206,-1.0209254802281749
1785124229.7891726,-2.3696931125552605,-1.0208790577657771
1785124229.791292,-2.3695991675826966,-1.0208346669386374
1785124229.7956684,-2.3695308674571027,-1.0208025619872219
1785124229.800725,-2.3694816657134723,-1.0207795016464147
1785124229.808375,-2.3694378759857986,-1.020759044238653
1785124229.810039,-2.369399030490969,-1.0207409408945685
1785124229.8161337,-2.36935439436254,-1.0207201735505926
1785124229.8199804,-2.369318340049171,-1.0207034387091174
1785124229.8254175,-2.3692843954286307,-1.020687706176192
1785124229.8311625,-2.3692466981967923,-1.0206702686113165
1785124229.836223,-2.3692191210101896,-1.0206575786392689
1785124229.840032,-2.3691898057502723,-1.0206441478481434
1785124229.8473728,-2.369172890461191,-1.020636426183151
1785124229.8503122,-2.369154734432001,-1.0206281892788491
1785124229.8558874,-2.3691390571380073,-1.0206211164250802
1785124229.86005,-2.369138920046614,-1.0206210549061323
1785124229.866601,-2.369110892702226,-1.0206085477688978
1785124229.8714406,-2.3691162886957415,-1.0206109481552743
1785124229.8749483,-2.3691120522724165,-1.0206090755833286
1785124229.8820279,-2.369116742290239,-1.0206111319836357
1785124229.8862717,-2.3691415327942003,-1.0206219051691152
1785124229.8904982,-2.3691353183121238,-1.0206192257642095
1785124229.8974395,-2.3691419350270753,-1.0206220578337621
1785124229.9003963,-2.3691372670416047,-1.0206200789210023
1785124229.907815,-2.369153369846237,-1.0206268264853227
1785124229.9096355,-2.3691688370605184,-1.0206332374379135
1785124229.917294,-2.3691994568465393,-1.020645784019274
1785124229.9202075,-2.3692026989505424,-1.020647095980513
1785124229.925567,-2.3692359218966503,-1.0206603515222634
1785124229.9307587,-2.369278492141213,-1.0206770962755733
1785124229.9358273,-2.369291185593032,-1.020682029798562
1785124229.9406538,-2.3693295312776255,-1.0206967555317854
1785124229.9463503,-2.3693504770176337,-1.0207046695293065
1785124229.9501827,-2.3693761078046496,-1.0207142136585914
1785124229.9556854,-2.369397128754318,-1.0207219332256003
1785124229.960091,-2.3694268855772442,-1.020732648050724
1785124229.9666648,-2.36943608183525,-1.0207359111364118
1785124229.969803,-2.369464874198088,-1.020745975080685
1785124229.9750662,-2.3694996135130615,-1.020757935319003
1785124229.9806335,-2.36952398017239,-1.0207662195238547
1785124229.9860747,-2.3695500138064087,-1.0207749575745977
1785124229.990451,-2.3695839116594812,-1.0207861610654192
1785124229.99623,-2.3696828925899434,-1.020818406599154
1785124230.00051,-2.3698465924404006,-1.020870971847887
1785124230.0088627,-2.3700198466878084,-1.0209258356781987
1785124230.0121233,-2.3701951487397013,-1.0209806358246434
1785124230.017522,-2.370390204629371,-1.0210409117483152
1785124230.0203996,-2.370577927404116,-1.0210980106627026
1785124230.0282154,-2.370784165172955,-1.0211597651718998
1785124230.032062,-2.3709873326918207,-1.0212199889082907
1785124230.03861,-2.3711772587669837,-1.0212757250582722
1785124230.0431137,-2.371380170180418,-1.0213346667224301
1785124230.0484834,-2.3715907710150437,-1.0213952867732412
1785124230.0539606,-2.371805868583188,-1.0214565838555199
1785124230.05787,-2.3720305942008455,-1.0215200791821213
1785124230.061568,-2.3722478754021568,-1.0215811939677701
1785124230.0670261,-2.372466800107008,-1.021642472987883
1785124230.07343,-2.372691617577193,-1.0217049849772024
1785124230.0768726,-2.37290294724114,-1.0217633890336597
1785124230.0803068,-2.373124288556583,-1.021824196057244
1785124230.0877876,-2.37335076227215,-1.0218861198662619
1785124230.0902975,-2.373570946789354,-1.0219457104915604
1785124230.0961552,-2.373875472350321,-1.0220277758897562
1785124230.1003122,-2.3742430608313194,-1.0221267634129305
1785124230.1073906,-2.3746106096363966,-1.0222254235254333
1785124230.109721,-2.3750140569811315,-1.0223337079660113
1785124230.1165318,-2.375430778562832,-1.0224451430972308
1785124230.1202393,-2.3758335225497746,-1.0225523325024057
1785124230.1254668,-2.376247326876919,-1.0226624015777481
1785124230.132968,-2.3766647091761794,-1.0227736366665872
1785124230.1361933,-2.3770527108768205,-1.022876673680696
1785124230.1404014,-2.3774570671573683,-1.0229844401736852
1785124230.1464677,-2.377710665818759,-1.0230519304925536
1785124230.150782,-2.3778593906981116,-1.0230917143752525
1785124230.1552517,-2.3779946528165357,-1.0231280622048466
1785124230.159416,-2.378080532121148,-1.023151144385899
1785124230.1665788,-2.3781646228659024,-1.0231738058757822
1785124230.1704528,-2.3782384509620123,-1.0231936728906985
1785124230.1750832,-2.3783160790629356,-1.0232145937523311
1785124230.1808221,-2.3783862052098614,-1.0232334933213594
1785124230.1857588,-2.378436622336752,-1.023247091684271
1785124230.1918128,-2.3784950522055714,-1.0232628748229755
1785124230.1963944,-2.37855646825717,-1.0232794638343536
1785124230.2006106,-2.3786264181565593,-1.023298396665936
1785124230.2076957,-2.3786943191393535,-1.0233167796917066
1785124230.2105825,-2.3787426570635866,-1.0233298428819455
1785124230.2157118,-2.378810824703762,-1.0233482259350328
1785124230.2202246,-2.378877855900699,-1.023366326655659
1785124230.225787,-2.3789243767711064,-1.0233788824044665
1785124230.2298348,-2.3789786544148477,-1.0233935045828306
1785124230.2364933,-2.3790490627249494,-1.0234125081569032
1785124230.2407148,-2.379112274868205,-1.023429529650891
1785124230.2460177,-2.3791538642447607,-1.023440670038548
1785124230.2517836,-2.379182307212164,-1.0234482635202113
1785124230.2556171,-2.3792471088734204,-1.0234655358002347
1785124230.259541,-2.379287144486791,-1.023476173099048
1785124230.266054,-2.3793137832407787,-1.0234831822927404
1785124230.2712317,-2.3793767447145786,-1.0234996682859834
1785124230.2753239,-2.3794163493338787,-1.0235099891184252
1785124230.2813704,-2.379445683209047,-1.0235176238508263
1785124230.2871404,-2.3794678851425575,-1.0235233673987507
1785124230.2899077,-2.3795296503811105,-1.0235392186648435
1785124230.2958302,-2.3795653712697193,-1.0235483215104524
1785124230.3013275,-2.379586948578047,-1.0235537873762224
1785124230.3083985,-2.3796020680644836,-1.0235576031919948
1785124230.3098218,-2.3796284862677184,-1.0235642212513307
1785124230.3167768,-2.3796450256215924,-1.023568336815824
1785124230.3203435,-2.379670923535319,-1.0235747628097658
1785124230.3254342,-2.3796861993752496,-1.0235785281832857
1785124230.3304543,-2.379695367834216,-1.0235807663687377
1785124230.3362694,-2.379719920116068,-1.0235867243251084
1785124230.3400605,-2.379733368093827,-1.0235899645029978
1785124230.346446,-2.379740581765967,-1.023591688875251
1785124230.351886,-2.3797438313153694,-1.0235924602121247
1785124230.3557048,-2.379744798665556,-1.0235926875432395
1785124230.360657,-2.3797533261269694,-1.023594671110011
1785124230.3658307,-2.379756841450233,-1.0235954823660949
1785124230.3710127,-2.379757204258213,-1.0235955657228775
1785124230.3752427,-2.379755456807168,-1.0235951661109612
1785124230.3813164,-2.3797524035301145,-1.0235944758690325
1785124230.3859503,-2.3797478832831636,-1.0235934640974031
1785124230.3905864,-2.37974258477396,-1.0235922879252994
1785124230.396831,-2.3797361376920696,-1.0235908716890363
1785124230.400932,-2.3797290541644154,-1.0235893345416378
1785124230.4077003,-2.379721372085656,-1.023587686414698
1785124230.4097285,-2.3797128573017154,-1.0235858729564755
1785124230.4177582,-2.3797034461127446,-1.0235838832622193
1785124230.4204707,-2.3796934509835013,-1.0235817935242115
1785124230.4256818,-2.379682323719905,-1.0235794867957375
1785124230.4302835,-2.3796704104932793,-1.0235770453471997
1785124230.4366555,-2.3796574362607075,-1.0235744230344985
1785124230.4406888,-2.379627485460865,-1.0235684246255352
1785124230.4471579,-2.3795968078832233,-1.0235623763559352
1785124230.4529152,-2.3795684036374416,-1.023556847270229
1785124230.4566486,-2.3795438143401775,-1.0235521276916688
1785124230.4602387,-2.3795216372267265,-1.0235479367406313
1785124230.466874,-2.3794997963674502,-1.0235438789094262
1785124230.4711401,-2.379460840711884,-1.0235367734521474
1785124230.4758067,-2.379440037205343,-1.023533042030571
1785124230.4807746,-2.3794049357089846,-1.0235268617882423
1785124230.486885,-2.3793468805491407,-1.0235168257871612
1785124230.4903028,-2.3793038061563103,-1.023509508260762
1785124230.4957874,-2.379305907052346,-1.0235098583030646
1785124230.5011055,-2.3792510093132533,-1.0235009018567303
1785124230.510283,-2.3792236408880525,-1.023496539887518
1785124230.5125113,-2.3791831345287466,-1.0234901842820534
1785124230.5168288,-2.3790966480149107,-1.0234769888074997
1785124230.5202565,-2.379035914373347,-1.0234679667680617
1785124230.5253966,-2.3790089147057047,-1.0234640594767215
1785124230.5304954,-2.378926357278276,-1.0234524617922722
1785124230.5356379,-2.3788162342685526,-1.0234373824163838
1785124230.5407064,-2.378753017428635,-1.023428926178283
1785124230.5470214,-2.378658175877204,-1.0234166427708926
1785124230.551527,-2.378631191287898,-1.0234132359504888
1785124230.5552716,-2.3785504634417456,-1.0234032898729917
1785124230.5609438,-2.3784457651772355,-1.0233908412333506
1785124230.566002,-2.3783256279216594,-1.0233769649410245
1785124230.5707011,-2.3782043498181817,-1.0233634078691105
1785124230.5754478,-2.3781393556282353,-1.023356364450468
1785124230.579962,-2.3780414464726873,-1.0233460384692976
1785124230.5873435,-2.377923262177713,-1.0233341171863115
1785124230.589933,-2.377890681599996,-1.0233309460360847
1785124230.5952463,-2.3778059047036635,-1.0233229615197414
1785124230.6009302,-2.3777007576982667,-1.0233133374994496
1785124230.6082692,-2.377661031782515,-1.0233098066318003
1785124230.6100755,-2.3775747496159156,-1.0233024075155595
1785124230.6152725,-2.377533450971395,-1.0232989789733489
1785124230.6205418,-2.3774442322900717,-1.0232918753033151
1785124230.6254995,-2.377419529553119,-1.023289981193647
1785124230.630554,-2.377337971935001,-1.023283975939285
1785124230.636006,-2.377277964376104,-1.0232796426320157
1785124230.6400082,-2.3772404395836895,-1.0232770168394252
1785124230.6460302,-2.3771818639939157,-1.0232730219126405
1785124230.651401,-2.3771131980459974,-1.0232684779603483
1785124230.6551979,-2.377035675660625,-1.0232634112851664
1785124230.6614141,-2.376959918865536,-1.0232585969725267
1785124230.6655476,-2.3768835878137997,-1.0232538870323609
1785124230.6700425,-2.3768034701978396,-1.0232490709471727
1785124230.6752496,-2.3767277969493987,-1.0232445219001194
1785124230.6817794,-2.376650906162407,-1.0232399393851166
1785124230.6865335,-2.376575818320145,-1.0232355657308692
1785124230.6904576,-2.376501872673518,-1.0232312524834388
1785124230.6959176,-2.376406410878113,-1.0232257121509822
1785124230.700947,-2.3763244786006514,-1.023220984768798
1785124230.7084703,-2.376250302698501,-1.0232166921154513
1785124230.711358,-2.376181747533404,-1.0232127183078101
1785124230.7157602,-2.376116361728449,-1.023208893494689
1785124230.7199023,-2.3760557202451706,-1.0232053304906146
1785124230.725539,-2.3759970593734963,-1.0232018005547918
1785124230.7307034,-2.3759443636426685,-1.0231985815852256
1785124230.7366447,-2.3758942660983764,-1.023195486046439
1785124230.740427,-2.3758453510908386,-1.023192403392584
1785124230.745885,-2.375801500778419,-1.0231896251541308
1785124230.751872,-2.3757611569748542,-1.0231870373466345
1785124230.755043,-2.375718826594809,-1.023184295410345
1785124230.7603674,-2.375681715723184,-1.023181878597584
1785124230.7653534,-2.375647639327462,-1.0231796311035353
1785124230.771058,-2.375613619915631,-1.023177337793805
1785124230.7750843,-2.3755841005643594,-1.0231753135027615
1785124230.7805004,-2.375557265057159,-1.0231734603356863
1785124230.787341,-2.3755324211626405,-1.0231717441420507
1785124230.7902381,-2.3755070091887354,-1.0231699992641732
1785124230.7963092,-2.3754828076664087,-1.0231683580097435
1785124230.8018103,-2.375426599877126,-1.0231645625270909
1785124230.8090038,-2.375383448548169,-1.023161645736532
1785124230.8109598,-2.3753692517222262,-1.023160691370845
1785124230.815083,-2.3752910228561865,-1.0231554278842752
1785124230.8206594,-2.375279519945293,-1.0231546526681121
1785124230.8272612,-2.3752383280070792,-1.0231519072411206
1785124230.8301618,-2.3751461291812643,-1.0231458583327282
1785124230.8364751,-2.375145990179571,-1.0231458492467318
1785124230.840954,-2.3750724161699086,-1.0231411047730496
1785124230.845743,-2.375086869779311,-1.0231420350765932
1785124230.8508542,-2.3750274242123375,-1.0231382533612658
1785124230.855709,-2.375017091179444,-1.0231376072905318
1785124230.8605406,-2.3749915279760376,-1.0231360344388878
1785124230.8648856,-2.374990586625923,-1.023135977163871
1785124230.8706703,-2.374969856137245,-1.0231347381539766
1785124230.8755085,-2.374890221399756,-1.0231300095489222
1785124230.8810122,-2.3749198075094107,-1.0231317150761223
1785124230.8892975,-2.3749105687302734,-1.023131193251368
1785124230.89167,-2.3748360677948375,-1.023127051138929
1785124230.8958197,-2.3748704172908215,-1.0231288960783989
1785124230.9020064,-2.374866814854885,-1.0231287105530469
1785124230.9103336,-2.374875599562958,-1.023129155392495
1785124230.9121943,-2.3748617568333272,-1.0231284724943979
1785124230.9152966,-2.374867555388135,-1.0231287523360226
1785124230.9201946,-2.374916825850887,-1.0231310796790072
1785124230.925465,-2.3749127436970947,-1.0231308881907655
1785124230.9302182,-2.3749167748124846,-1.023131071177709
1785124230.9370904,-2.3749592447660977,-1.023132934451825
1785124230.939445,-2.375002690691674,-1.0231347783352491
1785124230.946431,-2.3750135442041875,-1.0231352205524173
1785124230.951376,-2.3750719169031353,-1.0231374877811197
1785124230.955179,-2.375143633396243,-1.023140112491312
1785124230.9619753,-2.3751952753842795,-1.023141901817695
1785124230.9655635,-2.3752367566075043,-1.0231432720096638
1785124230.9709556,-2.3752706168696016,-1.0231443093624288
1785124230.975556,-2.375299606774958,-1.0231451831719733
1785124230.9807785,-2.3753515933294405,-1.0231466596843057
1785124230.9872432,-2.37538992174807,-1.0231476212242008
1785124230.9901953,-2.3754208579343477,-1.0231483313485863
1785124230.99566,-2.3754594905457744,-1.023149126647554
1785124231.000121,-2.3754959418876767,-1.0231498054682922
1785124231.0081828,-2.3755255895503824,-1.0231502611908039
1785124231.0117006,-2.3755608374772805,-1.0231507099122101
1785124231.015705,-2.375597891331077,-1.0231510845072287
1785124231.020511,-2.375628688647918,-1.023151304764015
1785124231.0264015,-2.375658699926315,-1.02315141791391
1785124231.0306685,-2.375700429251614,-1.0231514527732553
1785124231.0364408,-2.375738261761613,-1.0231513332833966
1785124231.04034,-2.3757748167731374,-1.0231511036568655
1785124231.046037,-2.375809610713055,-1.0231507858274782
1785124231.0512753,-2.3758560828514943,-1.0231502049628396
1785124231.055411,-2.3758979411448613,-1.0231495240957442
1785124231.0611417,-2.3759624318378822,-1.0231482211737581
1785124231.064803,-2.375978080369517,-1.0231478506839482
1785124231.070879,-2.376006919497774,-1.0231470741626865
1785124231.0763807,-2.3760063878516013,-1.0231470902998905
1785124231.0799701,-2.3760215024992264,-1.0231465872719188
1785124231.088418,-2.3760636824777,-1.0231450254406056
1785124231.089927,-2.3761248848655674,-1.0231425882906233
1785124231.0956848,-2.3761819755777323,-1.0231401498450774
1785124231.1014872,-2.3762862963455658,-1.0231353902906213
1785124231.1092722,-2.376421163002818,-1.0231287508889597
1785124231.111233,-2.3765192285976053,-1.023123625682761
1785124231.1151273,-2.37663318277905,-1.0231174254439037
1785124231.1201742,-2.376732020309617,-1.0231117790059738
1785124231.1251268,-2.3768581391216785,-1.0231042808394244
1785124231.1325817,-2.3769911105527206,-1.0230960642116071
1785124231.1373084,-2.377107585389987,-1.0230884815699655
1785124231.1410115,-2.377217953050567,-1.0230809891433097
1785124231.1468625,-2.377355460821706,-1.0230713299648462
1785124231.1529057,-2.3774773707841717,-1.023062633194938
1785124231.1555777,-2.377570676629716,-1.0230557357566747
1785124231.1612024,-2.3776448124604856,-1.023050097672971
1785124231.1657877,-2.377726902606232,-1.023043722993697
1785124231.1714778,-2.377796898754942,-1.0230381473500683
1785124231.1751704,-2.3778540497687537,-1.023033512339456
1785124231.1809986,-2.3779356935226197,-1.0230268259002309
1785124231.187286,-2.377999343912489,-1.0230215560264844
1785124231.1911058,-2.3780892162379352,-1.023014000034518
1785124231.1964421,-2.378169827384238,-1.0230071673029015
1785124231.2017426,-2.3782001222363056,-1.0230045322181502
1785124231.2076042,-2.3783100676163245,-1.0229948590745404
1785124231.2100363,-2.3784578807146657,-1.022981786387672
1785124231.215071,-2.378505252402225,-1.022977564553934
1785124231.2212834,-2.3785681128974283,-1.0229719811396665
1785124231.226094,-2.378684680851277,-1.0229615238438892
1785124231.2305639,-2.3788308504504103,-1.0229482233424725
1785124231.2365909,-2.3789908930796337,-1.0229335682401066
1785124231.2408087,-2.3790195251854915,-1.0229309418720935
1785124231.246671,-2.3789970384788126,-1.0229330038021114
1785124231.2500086,-2.3790840082443285,-1.0229251052572197
1785124231.2561512,-2.3792104059256487,-1.022913645799432
1785124231.2614565,-2.3793672201372407,-1.0228994589918823
1785124231.2659314,-2.3795254978943463,-1.0228852490644864
1785124231.2710798,-2.3796624299732816,-1.0228728947457972
1785124231.2770388,-2.379795660038985,-1.0228608383648177
1785124231.279705,-2.379780941393793,-1.0228621668299338
1785124231.286879,-2.379711962730257,-1.0228683609125786
1785124231.305026,-2.379537550537057,-1.0228839184147318
1785124231.3061717,-2.379331464630215,-1.0229021776505527
1785124231.3070738,-2.3792058027923195,-1.0229132995581858
1785124231.308043,-2.3791738382368677,-1.0229161096415287
1785124231.3105853,-2.3791602130687277,-1.0229173050330562
1785124231.3154225,-2.3791415626110215,-1.0229189418339417
1785124231.3214712,-2.3791326226044687,-1.0229197179917555
1785124231.3265722,-2.3791343857366902,-1.0229195657060401
1785124231.331052,-2.379142727517698,-1.0229188399541584
1785124231.3383944,-2.3790348093710945,-1.0229281802204535
1785124231.3436205,-2.3788945744107175,-1.0229403708768743
1785124231.3466792,-2.3787745061796315,-1.0229508864723582
1785124231.3501627,-2.3787139800806743,-1.0229562474809388
1785124231.3553162,-2.3787085656657347,-1.0229567282174992
1785124231.360504,-2.378728897596391,-1.022954897298149
1785124231.3648217,-2.378698674654912,-1.0229576606665054
1785124231.370824,-2.3786554533053144,-1.0229617089867418
1785124231.375427,-2.378643772330394,-1.0229628193581322
1785124231.3800125,-2.378619361879989,-1.0229651858729996
1785124231.387326,-2.378560114605645,-1.022971044308829
1785124231.389956,-2.378548179073763,-1.0229722512209152
1785124231.3957682,-2.3785253655078695,-1.022974613302663
1785124231.4003909,-2.378502232263694,-1.022977077202408
1785124231.4079325,-2.378498541354258,-1.0229774770708013
1785124231.4097574,-2.3784413133979654,-1.0229838166004035
1785124231.415122,-2.3784245897802467,-1.0229857232989106
1785124231.4206252,-2.37840173610054,-1.0229884046464346
1785124231.4259973,-2.3783621847355443,-1.0229931698407346
1785124231.4306383,-2.378335818826303,-1.0229964418156294
1785124231.4374595,-2.3782839145839145,-1.0230030659651825
1785124231.4395916,-2.378248976586362,-1.0230076319236097
1785124231.4461565,-2.378221011902303,-1.0230113893090267
1785124231.450924,-2.378145840880657,-1.0230218583194175
1785124231.455748,-2.3780981607964367,-1.0230286689540868
1785124231.4614656,-2.3780589027894647,-1.0230344429227938
1785124231.4656296,-2.37802363847582,-1.0230397652323933
1785124231.4710286,-2.3779341045077675,-1.0230536293337942
1785124231.4762268,-2.377867561599694,-1.0230641968257173
1785124231.4800642,-2.3778120869172437,-1.0230732130760147
1785124231.4886127,-2.3777620908969905,-1.0230815819171837
1785124231.4901593,-2.377658676064561,-1.0230992207625353
1785124231.4963138,-2.3775806970497126,-1.0231128294180563
1785124231.5002072,-2.3775166094942324,-1.0231243023589254
1785124231.507251,-2.37742944318934,-1.023140270838012
1785124231.5111458,-2.377356360606171,-1.0231539094539512
1785124231.514834,-2.3772903455203305,-1.0231665097312197
1785124231.5214906,-2.3771965072418335,-1.0231848262793721
1785124231.5256166,-2.3771187672617056,-1.0232003220727457
1785124231.5306528,-2.3770317979855125,-1.0232180837469391
1785124231.5368838,-2.376943217576663,-1.0232364902695148
1785124231.54116,-2.3768626667702337,-1.0232535933128102
1785124231.5464382,-2.3767884784195514,-1.023269631506904
1785124231.5501573,-2.3766781235567938,-1.0232938570053352
1785124231.5552428,-2.376584218505157,-1.0233147869190544
1785124231.5613246,-2.3765021093631318,-1.0233333645459106
1785124231.5654786,-2.3764237096393552,-1.0233514138463384
1785124231.5715172,-2.3763264462790126,-1.0233741122838376
1785124231.576126,-2.3762206088093554,-1.0233991402417513
1785124231.5802379,-2.376125331257459,-1.0234219344838638
1785124231.5856225,-2.3760342220385504,-1.0234440329670031
1785124231.5900326,-2.375936635236134,-1.0234679558685262
1785124231.596439,-2.3758413605173128,-1.023491488109888
1785124231.6003587,-2.3757370856888844,-1.0235175522743367
1785124231.6108875,-2.375637091485066,-1.02354277470005
1785124231.6128917,-2.3755435094733257,-1.023566622129829
1785124231.6155784,-2.375441552167747,-1.0235927984787447
1785124231.6207802,-2.375343463044449,-1.0236182907641562
1785124231.6251655,-2.375251663324979,-1.0236423681383504
1785124231.6303945,-2.375145017258654,-1.0236706994498361
1785124231.6356246,-2.3750465267130063,-1.0236970584329501
1785124231.6397538,-2.3749497922070804,-1.0237231741780601
1785124231.6462827,-2.3748472856865717,-1.023751072504771
1785124231.6516929,-2.374746945415731,-1.0237785661697012
1785124231.6557825,-2.3746522405303336,-1.023804674039268
1785124231.6670187,-2.374559977079285,-1.0238302835277158
1785124231.674902,-2.374472843572693,-1.0238545698664323
1785124231.6774166,-2.37438490742568,-1.0238792142558508
1785124231.6791327,-2.3742987146107186,-1.0239033993267463
1785124231.6815255,-2.374213970360322,-1.0239272430553508
1785124231.690315,-2.3741301798486867,-1.0239509022022795
1785124231.6969953,-2.3740450135108304,-1.0239750078988985
1785124231.6990435,-2.373962901522311,-1.0239983177619845
1785124231.7053177,-2.373883808263204,-1.0240208160724982
1785124231.7237332,-2.3738067082287424,-1.024042844109537
1785124231.7271106,-2.373730579188621,-1.0240646245434715
1785124231.7337084,-2.3736568836036414,-1.0240856892864492
1785124231.7437236,-2.3735847992401853,-1.0241063000742825
1785124231.746399,-2.373512221400238,-1.0241271490577575
1785124231.7485752,-2.373444325051546,-1.0241466728273767
1785124231.758694,-2.3733918020952154,-1.0241618583344743
1785124231.7639709,-2.3733621456439478,-1.0241704276247168
1785124231.7703266,-2.373337228885949,-1.0241776224453998
1785124231.7772682,-2.373313164562431,-1.0241845705053476
1785124231.7875714,-2.3732881167352375,-1.0241918161553327
1785124231.7964444,-2.373252656007021,-1.0242020712731268
1785124231.7999132,-2.3732231629283707,-1.0242106114556588
1785124231.8027184,-2.373192273940901,-1.0242195669745073
1785124231.8116143,-2.3731590719254645,-1.0242291898177385
1785124231.815723,-2.3731233053922365,-1.0242395979058385
1785124231.8213117,-2.3730866634495165,-1.0242502706070644
1785124231.826349,-2.373050464089247,-1.0242608483200235
1785124231.8293257,-2.3730162364274565,-1.0242708876054403
1785124231.8316994,-2.372984584663172,-1.0242802313250265
1785124231.8460197,-2.3729576860974175,-1.0242882028636322
1785124231.8495603,-2.372971582966681,-1.0242840604742824
1785124231.8546813,-2.3729267243320895,-1.0242975116607211
1785124231.859802,-2.3729189997891704,-1.0242998399157637
1785124231.8645823,-2.3729014602237988,-1.0243051685120885
1785124231.866954,-2.3729084071618702,-1.0243030391839003
1785124231.8734252,-2.3728974921852224,-1.0243064116496117
1785124231.8767955,-2.37290898710313,-1.0243028252514064
1785124231.8835967,-2.37297639545129,-1.0242816296491426
1785124231.8935618,-2.372944394258154,-1.024291783490698
1785124231.894681,-2.3729959916224685,-1.0242752907164654
1785124231.9014142,-2.373028385571965,-1.0242648209854757
1785124231.9092612,-2.3729404463414876,-1.0242935135901938
1785124231.9174087,-2.3729395188783253,-1.0242938186821775
1785124231.921001,-2.3729867309557227,-1.024278081857528
1785124231.9269094,-2.3729227351188205,-1.0242997061965065
1785124231.932533,-2.3729477073398195,-1.024291160664953
1785124231.9366362,-2.37301418173875,-1.024268163837544
1785124231.9414525,-2.3731011636305657,-1.0242376906056552
1785124231.9486752,-2.373131776982136,-1.0242268291019623
1785124231.9561,-2.3732025452997814,-1.0242014046512984
1785124231.9654233,-2.373187023558937,-1.0242070441423716
1785124231.974097,-2.3732345801395582,-1.0241895505210847
1785124231.9834073,-2.3733138027224427,-1.0241599411795894
1785124231.9899476,-2.3734081549699506,-1.0241242360670528
1785124231.994316,-2.3734301519293983,-1.0241158210459005
1785124231.998118,-2.3734970687765897,-1.0240899102653573
1785124231.9998636,-2.373584635241968,-1.024055655722526
1785124232.0010803,-2.3735761099492017,-1.0240590233634204
1785124232.001961,-2.373626302917215,-1.024038979652762
1785124232.002885,-2.373813115669671,-1.0239637949591531
1785124232.0054328,-2.3740587320107482,-1.0238640739395442
1785124232.0070279,-2.3743362496461216,-1.0237504464726979
1785124232.011589,-2.374646194069858,-1.0236223453502478
1785124232.0153062,-2.374898540783538,-1.0235173022985076
1785124232.0212584,-2.3751916107043636,-1.0233947311467606
1785124232.0254245,-2.3754966123204335,-1.0232665094930362
1785124232.0308127,-2.3757943150450074,-1.023140460597831
1785124232.0358646,-2.376027424106156,-1.0230411699652042
1785124232.039924,-2.3763059066983274,-1.0229222140256877
1785124232.0486042,-2.376551552648618,-1.0228169232293183
1785124232.0518205,-2.3769789989389962,-1.0226329424097986
1785124232.0558572,-2.377384035611865,-1.0224581957432244
1785124232.0624118,-2.3778730890211297,-1.0222468854879128
1785124232.0653782,-2.378330568387974,-1.0220484095587754
1785124232.0711703,-2.3787771341215613,-1.0218542329707054
1785124232.076196,-2.3792208712943985,-1.021661307616765
1785124232.0818436,-2.379694750817959,-1.0214556712930807
1785124232.0858362,-2.380170816587738,-1.0212498616798185
1785124232.0898893,-2.380659466418686,-1.0210388298102007
1785124232.0963655,-2.381179442197331,-1.0208147168905468
1785124232.099874,-2.3817269786371127,-1.0205791214694275
1785124232.1056046,-2.3822944012464022,-1.0203353055241613
1785124232.1112747,-2.3828396296804892,-1.0201022441900778
1785124232.1155677,-2.383394021230761,-1.0198661954702508
1785124232.1211667,-2.3839431205477855,-1.0196333223089027
1785124232.1252973,-2.384478385189444,-1.0194074267241895
1785124232.1312194,-2.3850054183069602,-1.0191856420873173
1785124232.1351173,-2.3855381760150656,-1.0189625266929094
1785124232.1407783,-2.3860509563761054,-1.0187483110792896
1785124232.149007,-2.3865683533408206,-1.018533337971804
1785124232.1523254,-2.387106905724197,-1.0183111312060735
1785124232.1569607,-2.3876239922443867,-1.0180985338365687
1785124232.162976,-2.38811154039552,-1.0178991755681606
1785124232.1651511,-2.3886362139714867,-1.0176859069510829
1785124232.172647,-2.3891593844699157,-1.0174742839779276
1785124232.1774645,-2.3896740555048246,-1.017267336755811
1785124232.1802595,-2.3901935791865827,-1.0170595751204359
1785124232.186284,-2.390705048730856,-1.0168558720777037
1785124232.192215,-2.3912198821059185,-1.01665167030311
1785124232.1974988,-2.391555609161841,-1.0165189354277537
1785124232.2001479,-2.3918095828154162,-1.0164188438280577
1785124232.206933,-2.3920389324540294,-1.0163287845867124
1785124232.2103975,-2.3922267234072745,-1.0162552764065667
1785124232.2159986,-2.392420117803276,-1.0161795096064299
1785124232.2226145,-2.392599544268875,-1.0161093423846077
1785124232.2254798,-2.3927584585799666,-1.0160472551379465
1785124232.2313867,-2.3929307757233267,-1.0159800043193643
1785124232.2364292,-2.393099904644708,-1.0159142370778922
1785124232.2410166,-2.3932508910509287,-1.0158555709379629
1785124232.2489803,-2.3934230992001075,-1.0157888103881023
1785124232.253648,-2.393613132536363,-1.0157149784939334
1785124232.257777,-2.3937767098799854,-1.0156513567677958
1785124232.2630272,-2.39393573562089,-1.015589438072111
1785124232.2652497,-2.3940744246784944,-1.0155353182440654
1785124232.2706985,-2.394236848566038,-1.015471803134288
1785124232.276267,-2.3943813269258065,-1.0154150455495128
1785124232.281683,-2.394525323442069,-1.015358435306221
1785124232.2859333,-2.3946879364260054,-1.015294397756412
1785124232.2908368,-2.394840031665126,-1.0152342728774015
1785124232.2971542,-2.394888666717674,-1.0152149880529042
1785124232.2999694,-2.3948984100420105,-1.0152111087458267
1785124232.3065894,-2.3948967327513757,-1.0152117800635305
1785124232.3112364,-2.394869204794759,-1.015222877904779
1785124232.3156478,-2.3948432586638626,-1.0152333914379466
1785124232.3219311,-2.3948248376267207,-1.0152408790162568
1785124232.3261187,-2.394790535420659,-1.0152548850475926
1785124232.3298995,-2.394756883196491,-1.0152686991003763
1785124232.3368454,-2.394723374245222,-1.0152825601961282
1785124232.3414812,-2.3946894686012743,-1.0152966248171846
1785124232.3491971,-2.394659772615758,-1.0153090120127495
1785124232.352728,-2.394618713848383,-1.0153262665379452
1785124232.3565867,-2.394572844383322,-1.0153456523888522
1785124232.361848,-2.3945195826721855,-1.0153683556604367
1785124232.3662605,-2.3944639661217297,-1.015392175751024
1785124232.371722,-2.394414631279998,-1.015413447512175
1785124232.3750777,-2.394364363490984,-1.0154353282868103
1785124232.3809726,-2.394320802853791,-1.0154544637582332
1785124232.3856664,-2.3942801121219315,-1.0154724579332561
1785124232.3912418,-2.3942355410279714,-1.0154922855731126
1785124232.3968015,-2.394295394212786,-1.015465446704425
1785124232.4011087,-2.394404323408814,-1.0154161788056038
1785124232.4057934,-2.3945521988080904,-1.0153486100871914
1785124232.4115732,-2.3947026862147784,-1.0152791629177336
1785124232.4157457,-2.3948696544681063,-1.0152011837746937
1785124232.420494,-2.3950296693924287,-1.0151257564412017
1785124232.426544,-2.3952014111069473,-1.0150442836495908
1785124232.4314122,-2.395365216407747,-1.014965995594323
1785124232.4351974,-2.395537131701634,-1.0148833854584116
1785124232.4415603,-2.395695319724226,-1.0148067842601436
1785124232.4517522,-2.395836726742804,-1.0147377005313745
1785124232.456164,-2.3960738379905813,-1.014620908640879
1785124232.4605188,-2.396356355695174,-1.0144806587924837
1785124232.4657927,-2.396687980696581,-1.0143146210829066
1785124232.4717784,-2.3969931551249974,-1.0141607350120398
1785124232.475276,-2.3973047374849195,-1.014002593026334
1785124232.4810467,-2.3976327006298113,-1.0138346647492829
1785124232.4863572,-2.397959465748143,-1.0136664595871165
1785124232.4918242,-2.3982641390907573,-1.013508574209084
1785124232.497102,-2.398590264301138,-1.013338594118672
1785124232.500706,-2.398926610082345,-1.0131620154927106
1785124232.5060732,-2.3992625832896035,-1.0129837970563758
1785124232.510554,-2.3995876807060927,-1.0128106015016884
1785124232.5160542,-2.3999236549030933,-1.0126304343982722
1785124232.5212123,-2.400258834241607,-1.0124495193861578
1785124232.5258367,-2.4005846954827224,-1.0122724496750661
1785124232.5310543,-2.40090265986706,-1.0120986800568703
1785124232.5354645,-2.4012411534573537,-1.0119128831788053
1785124232.543608,-2.401547763218168,-1.0117437712464423
1785124232.5471094,-2.4018618725975927,-1.011569437553352
1785124232.5556464,-2.4021594798750763,-1.011403538782064
1785124232.5608294,-2.4024890123434974,-1.011219320046132
1785124232.5660825,-2.4028022093299355,-1.0110429600586908
1785124232.5684009,-2.4031215099978307,-1.010862286837974
1785124232.5703905,-2.4034422088803318,-1.010680038292075
1785124232.5768373,-2.403751615816398,-1.0105034443495184
1785124232.5819974,-2.4040744402628302,-1.010318493231889
1785124232.5860405,-2.4043956974818803,-1.0101332450862934
1785124232.5911229,-2.4047118992153784,-1.009949748715458
1785124232.5988503,-2.4050315357306356,-1.0097633736243463
1785124232.6017702,-2.405343350829261,-1.009580858931875
1785124232.606103,-2.4056608793527774,-1.0093941965465951
1785124232.6114595,-2.4059889437964253,-1.009201079834765
1785124232.6149347,-2.406315789323662,-1.0090077782087485
1785124232.6204295,-2.4066261640706337,-1.0088235078281855
1785124232.6261613,-2.4069477548567306,-1.008631244770083
1785124232.6324003,-2.40727018272989,-1.0084374445489015
1785124232.6363719,-2.4075945061364363,-1.0082416396347051
1785124232.6434247,-2.407918061293078,-1.0080453064197537
1785124232.647213,-2.408239570655583,-1.0078488283233258
1785124232.6573763,-2.4085635856133205,-1.0076499825025216
1785124232.661925,-2.408887022434456,-1.007450317069621
1785124232.6630118,-2.4091945895247995,-1.0072591635627897
1785124232.6664479,-2.4095159785047513,-1.0070583837829812
1785124232.6709533,-2.40984894122892,-1.0068492320376476
1785124232.6769128,-2.410180425203583,-1.006639414498574
1785124232.6810563,-2.4104972811521987,-1.0064374885247152
1785124232.6859698,-2.410827938336072,-1.006225283021734
1785124232.6912198,-2.411193953581242,-1.0059889310112053
1785124232.696729,-2.4115377443653196,-1.0057658208589928
1785124232.7002318,-2.411894326466638,-1.0055327249509627
1785124232.7062984,-2.412244371765665,-1.005302725378675
1785124232.7117965,-2.4126059055312687,-1.0050634389240085
1785124232.7153,-2.412980158941784,-1.0048144959380811
1785124232.721099,-2.4133422192806764,-1.004572338569769
1785124232.7263608,-2.4137087686976653,-1.0043252243844338
1785124232.7307904,-2.414080704096966,-1.0040728842417999
1785124232.7351787,-2.414451810359591,-1.0038194364888886
1785124232.7413704,-2.414822844090987,-1.003564595682223
1785124232.7471702,-2.415312811169384,-1.0032265456781448
1785124232.755033,-2.415838301386838,-1.0028623466190674
1785124232.7575827,-2.4164050538465287,-1.0024671503246496
1785124232.7626734,-2.416987484663601,-1.0020593505327298
1785124232.7660818,-2.4175922418339146,-1.0016330731737018
1785124232.777089,-2.4181910583019617,-1.0012087145395203
1785124232.779141,-2.4188112597116085,-1.0007659148910097
1785124232.7806985,-2.4194345364492236,-1.0003189175409581
1785124232.7864015,-2.4200721845793494,-0.9998591478917822
1785124232.792084,-2.4207036407380054,-0.9994010119189062
1785124232.7975054,-2.4214252962163427,-0.9988750355611082
1785124232.8003714,-2.4221911462721395,-0.9983132435179605
1785124232.805721,-2.4229655725019374,-0.9977416910196005
1785124232.8101912,-2.423791175433046,-0.9971287942552418
1785124232.8156228,-2.424589548700818,-0.9965319178095495
1785124232.8213382,-2.4253884927262517,-0.9959302349050222
1785124232.8260214,-2.4261680780680397,-0.9953389856750728
1785124232.8308454,-2.426975856048356,-0.9947215058437628
1785124232.8358846,-2.4278088862693976,-0.994080115236886
1785124232.8411436,-2.42864906584152,-0.9934288141202535
1785124232.8486145,-2.429569614979667,-0.9927112509249135
1785124232.8555179,-2.430553342062153,-0.991939251078697
1785124232.8579247,-2.431547471901145,-0.9911533330774299
1785124232.8606322,-2.4325752435827432,-0.9903339612024186
1785124232.8660314,-2.433575921842201,-0.9895318782758689
1785124232.8710887,-2.4346042920915605,-0.9887013953016769
1785124232.8754416,-2.435659478942079,-0.9878422834933129
1785124232.8809812,-2.436654184518137,-0.9870262090762392
1785124232.8856,-2.437655776605663,-0.9861974923763771
1785124232.8905473,-2.438660981595826,-0.9853590722970392
1785124232.8969538,-2.4397598675489593,-0.9844347792594779
1785124232.89989,-2.4408827361409955,-0.9834824816866673
1785124232.9058106,-2.4419919869111224,-0.9825343783135855
1785124232.9111485,-2.4431045775147817,-0.9815754861378153
1785124232.9154341,-2.44422255181869,-0.9806024879594718
1785124232.9200568,-2.445326723013595,-0.9796316042754447
1785124232.9261851,-2.446451741977283,-0.9786350623763691
1785124232.9308565,-2.4475573369120673,-0.977649692679461
1785124232.9358134,-2.4486411547777434,-0.9766782997084997
1785124232.9409823,-2.449739982637784,-0.9756886783861084
1785124232.9461832,-2.450814794004474,-0.9747147020735311
1785124232.9547162,-2.4519136840562274,-0.9737125896656373
1785124232.959678,-2.453003170241985,-0.9727133538340027
1785124232.9641037,-2.4541129400257673,-0.9716902839087437
1785124232.9663944,-2.455235537202078,-0.9706523872322956
1785124232.9705284,-2.4563318101727734,-0.969633961437537
1785124232.9758909,-2.457439567041544,-0.9686004749869783
1785124232.9826343,-2.458515123207388,-0.967592560702998
1785124232.9865155,-2.4595992005855547,-0.9665718032909956
1785124232.991919,-2.460689111757777,-0.9655424519672636
1785124232.9970453,-2.4617379668709045,-0.9645480325430875
1785124233.0006707,-2.462811104674223,-0.9635292449486376
1785124233.0059767,-2.4639329370267076,-0.9624599688990719
1785124233.0109026,-2.4650195974443463,-0.9614229984745176
1785124233.0155616,-2.4660893017857304,-0.9603989260337108
1785124233.0204914,-2.4671468179029743,-0.9593848748294348
1785124233.026231,-2.4682444085772,-0.9583309157843635
1785124233.031776,-2.469312062112483,-0.957304591993192
1785124233.0360384,-2.4703650359477747,-0.9562921036593979
1785124233.042188,-2.4714934524204786,-0.955204451924076
1785124233.0518966,-2.4725916963453245,-0.9541460564843414
1785124233.0620253,-2.4735648500653347,-0.9532070783569351
1785124233.0668597,-2.4744814008769844,-0.9523223373221642
1785124233.0711634,-2.47535873593945,-0.9514749068223252
1785124233.0765731,-2.4762073975326575,-0.9506541339762468
1785124233.0877373,-2.477103269612153,-0.9497867582176382
1785124233.094171,-2.4779200820233656,-0.9489955276310867
1785124233.0981426,-2.4787552089568106,-0.9481866351141754
1785124233.1024642,-2.479606054217422,-0.9473601840276329
1785124233.1050925,-2.480466420221774,-0.9465246447290687
1785124233.1116705,-2.4813430428255985,-0.9456732482009916
1785124233.1156845,-2.48217485912023,-0.9448657582826064
1785124233.119874,-2.4829801424053586,-0.9440839869000128
1785124233.1259928,-2.4838281408738903,-0.9432611898796438
1785124233.1321182,-2.484684563849615,-0.9424298115879188
1785124233.1353433,-2.485519979989764,-0.9416189888946286
1785124233.1421163,-2.486424513749743,-0.9407412861892734
1785124233.1489034,-2.487219565735148,-0.9399696614761538
1785124233.151168,-2.4880171359918912,-0.9391953256851606
1785124233.1548228,-2.4888065704597873,-0.9384277846791891
1785124233.161243,-2.489540799925429,-0.9377135200926566
1785124233.1702342,-2.490251593669466,-0.9370222492869864
1785124233.1729856,-2.4910001612839827,-0.9362946320339312
1785124233.1763134,-2.4917473432591226,-0.9355685337851452
1785124233.1809242,-2.4924797130260856,-0.9348565312335334
1785124233.185354,-2.493220220078051,-0.9341368666421863
1785124233.1913495,-2.493866423569927,-0.9335094720495218
1785124233.1981933,-2.494613798457799,-0.9327835733666159
1785124233.200519,-2.4953603146162013,-0.9320575357727212
1785124233.2055962,-2.4960483468741064,-0.9313885856047833
1785124233.2117612,-2.4967909555450087,-0.9306665832850433
1785124233.2154107,-2.4975615178574984,-0.9299167106615784
1785124233.2204733,-2.4982393603127986,-0.929256963866546
1785124233.2274334,-2.4989557969195366,-0.9285598196360837
1785124233.2315946,-2.49970064013528,-0.9278343422479982
1785124233.2367203,-2.5003751072684532,-0.9271773356582991
1785124233.2410495,-2.501117171195879,-0.9264553131134338
1785124233.2468772,-2.5018178598549987,-0.9257732410264154
1785124233.2504177,-2.502502477152576,-0.9251071057366863
1785124233.2557614,-2.5032209268567676,-0.924407784152029
1785124233.2616112,-2.5039565635519363,-0.9236917696054792
1785124233.2732184,-2.50461106445875,-0.9230555500104265
1785124233.2813303,-2.505318365539242,-0.9223682407846485
1785124233.2848322,-2.506053070655235,-0.9216542341474163
1785124233.2876673,-2.506692472166486,-0.9210327985907565
1785124233.290503,-2.5073663329660385,-0.9203784345227091
1785124233.297235,-2.5080894212592466,-0.919675789103545
1785124233.3011887,-2.5087754513967346,-0.9190083624694133
1785124233.3058844,-2.5094019703428856,-0.9183985548588861
1785124233.3118124,-2.51011162149724,-0.9177079031154921
1785124233.3160877,-2.5108125001601884,-0.9170259743557819
1785124233.321044,-2.5114644779398803,-0.9163904033185314
1785124233.3283832,-2.512132370324541,-0.9157395620520261
1785124233.332226,-2.5128123448445785,-0.9150774598616002
1785124233.335374,-2.5134884107603233,-0.914419141101192
1785124233.3405757,-2.5141584627047258,-0.9137671376961578
1785124233.348646,-2.514759793113545,-0.9131820189953913
1785124233.3546512,-2.5153341936128006,-0.9126231361025143
1785124233.356002,-2.515886320747604,-0.9120845987989995
1785124233.363864,-2.516422135268048,-0.9115615111410545
1785124233.3661146,-2.5169695245189367,-0.9110264753374983
1785124233.377458,-2.517519615806401,-0.9104874481710667
1785124233.381741,-2.5180630923169502,-0.9099556313415204
1785124233.3884208,-2.5185980452964154,-0.9094313237219924
1785124233.3915231,-2.5191302859730516,-0.9089084939589268
1785124233.4053116,-2.5196591841896447,-0.9083877023296681
1785124233.4073539,-2.5201722281421484,-0.9078814963727622
1785124233.4085057,-2.5207100098441075,-0.9073500391133874
1785124233.4167774,-2.5212344790307646,-0.906830416720934
1785124233.4185176,-2.521765837639101,-0.9063025217689068
1785124233.4218562,-2.5222403699250835,-0.9058297516137342
1785124233.426225,-2.5227310045405487,-0.9053398033769878
1785124233.4380414,-2.5232090399014107,-0.9048617865224367
1785124233.4439094,-2.52370692854688,-0.9043623726896436
1785124233.446725,-2.5242066695660235,-0.9038590435054052
1785124233.4524043,-2.5247163424567507,-0.9033436287430152
1785124233.4537659,-2.52521210580958,-0.9028401285922873
1785124233.4554095,-2.525677408796228,-0.902364647140297
1785124233.4647691,-2.526126279796231,-0.9019035750951192
1785124233.466804,-2.526554084418722,-0.9014619247120818
1785124233.4714391,-2.5269555220806263,-0.9010446493580454
1785124233.4818497,-2.527342136875098,-0.900640608633841
1785124233.4855332,-2.5277435930035486,-0.9002181644923088
1785124233.4873734,-2.528127758814619,-0.8998107802761788
1785124233.491434,-2.528502944447206,-0.8994100669838537
1785124233.4961178,-2.5288906067034027,-0.8989927070130997
1785124233.5009732,-2.5292865911270663,-0.8985638988261909
1785124233.5059848,-2.5296775282305344,-0.8981369602665746
1785124233.5107234,-2.530066849733346,-0.8977086119246429
1785124233.5174747,-2.5304394285774605,-0.8972951787605877
1785124233.520697,-2.5308166475571277,-0.8968727489646112
1785124233.5259097,-2.531176820206448,-0.8964655084525236
1785124233.5325036,-2.531549676099118,-0.8960404737129078
1785124233.5383098,-2.5319059721955335,-0.8956308953790599
1785124233.543679,-2.532263414439425,-0.8952166213475695
1785124233.5475776,-2.532572075247038,-0.8948558355976776
1785124233.5511856,-2.532856243221426,-0.8945208045433177
1785124233.5556204,-2.533122259385987,-0.8942047757923045
1785124233.565667,-2.5333725187588723,-0.8939046509433787
1785124233.5677125,-2.533619648315958,-0.8936054190293725
1785124233.5714538,-2.5338541859466677,-0.8933195276258197
1785124233.5828173,-2.5340954118138534,-0.8930225990529881
1785124233.5877256,-2.534326253588281,-0.8927361281043634
1785124233.590946,-2.534558174302543,-0.8924458815812304
1785124233.6016245,-2.534792715974389,-0.8921498988764821
1785124233.6038046,-2.5350166815498474,-0.8918655317371839
1785124233.6063805,-2.535245299645875,-0.891573100060782
1785124233.6140628,-2.5354724679752123,-0.8912808924239213
1785124233.6188695,-2.535702902747685,-0.8909819195238985
1785124233.620597,-2.5359259050010468,-0.8906908623650198
1785124233.6305637,-2.5361445408868235,-0.8904038258286938
1785124233.6327069,-2.5363672760400053,-0.8901091087464739
1785124233.6351717,-2.5365862111725286,-0.8898176440060325
1785124233.6401439,-2.5368389572622316,-0.8894798681710482
1785124233.645658,-2.5370432298445658,-0.8892060728652098
1785124233.6514983,-2.5372451797172606,-0.8889344336366342
1785124233.6561515,-2.5374693911635844,-0.8886318831183183
1785124233.664138,-2.5376951901690448,-0.8883260436011304
1785124233.66718,-2.5379272863364997,-0.8880110532396807
1785124233.6718643,-2.53817356776545,-0.887675686960007
1785124233.676824,-2.538411047002527,-0.8873519209443539
1785124233.6878731,-2.5386821662779813,-0.8869814695431794
1785124233.6940649,-2.5389532416004283,-0.8866109798077992
1785124233.69791,-2.5391931646341614,-0.8862827680146712
1785124233.6999464,-2.5394487572965097,-0.885932591053495
1785124233.7032688,-2.539724401865993,-0.8855542374191496
1785124233.7076874,-2.5399944253870546,-0.8851835116788126
1785124233.7119186,-2.540273447027071,-0.8848005283132996
1785124233.7215588,-2.5405495863892775,-0.8844213498580265
1785124233.7222042,-2.540834100183958,-0.8840301573255229
1785124233.7310574,-2.541115397277059,-0.8836432277898105
1785124233.733045,-2.5414039795969146,-0.8832455278060574
1785124233.7354102,-2.541692987319668,-0.8828469622434598
1785124233.7414577,-2.5419835536346636,-0.8824453724529603
1785124233.7484112,-2.5422775851159276,-0.8820383368141698
1785124233.7523234,-2.5425698537674917,-0.8816333265628825
1785124233.755821,-2.5428677620207796,-0.8812201764242734
1785124233.7677946,-2.5431575047758326,-0.8808177829128202
1785124233.7688315,-2.5434571019909358,-0.880401309495623
1785124233.7700264,-2.5437579037760107,-0.8799823960792859
1785124233.7768495,-2.5440523080524033,-0.8795717558229971
1785124233.7856836,-2.544356113759925,-0.8791481527640892
1785124233.7912524,-2.544661410623417,-0.8787218883457022
1785124233.7980976,-2.5449644155109583,-0.8782991596802714
1785124233.8012495,-2.545223294213638,-0.8779377653087953
1785124233.8070002,-2.5454460043141767,-0.8776257352421682
1785124233.8121052,-2.5456710751296647,-0.8773091281692794
1785124233.8160973,-2.5459198351488133,-0.8769586263933663
1785124233.821041,-2.5461728896770643,-0.8766014569420666
1785124233.8290322,-2.546423860394378,-0.8762470088331953
1785124233.8314235,-2.546689864621862,-0.8758705060883465
1785124233.8383114,-2.5469625864109284,-0.8754832353931571
1785124233.8424718,-2.5472270359911917,-0.8751069717752552
1785124233.850383,-2.547490545466453,-0.8747310918147315
1785124233.8537683,-2.5477435764406655,-0.8743692995130018
1785124233.855577,-2.5479865681627674,-0.8740215127505306
1785124233.8673239,-2.548220162361616,-0.8736870815019734
1785124233.876071,-2.5484429768301906,-0.8733673795414646
1785124233.8780346,-2.5486702954539373,-0.8730409821534402
1785124233.8794801,-2.5488938415127675,-0.8727191994359181
1785124233.8821194,-2.5491079886285335,-0.8724103319772176
1785124233.893187,-2.5493139980336066,-0.8721125190195976
1785124233.8982031,-2.5495145982670246,-0.8718224118555571
1785124233.9025958,-2.5497123658035488,-0.8715358849232814
1785124233.9079733,-2.549899182863545,-0.8712645860901721
1785124233.9130254,-2.5500859731737613,-0.8709930449444448
1785124233.9174712,-2.5502771760919423,-0.8707144185519969
1785124233.9204037,-2.550460331694532,-0.8704471178651344
1785124233.927074,-2.550636238836807,-0.8701901737604587
1785124233.931961,-2.5508246826875576,-0.8699148373639385
1785124233.9369566,-2.5509886574513416,-0.869674970669931
1785124233.940866,-2.551149031441272,-0.8694403155003319
1785124233.949354,-2.551317125774224,-0.8691942217113781
1785124233.9518247,-2.551472799163345,-0.8689660011196761
1785124233.9552877,-2.5516293885757677,-0.8687361814404414
1785124233.9622004,-2.5517944206729952,-0.8684936899378061
1785124233.9674098,-2.5519406847724424,-0.8682782354793219
1785124233.9715724,-2.5521035912819836,-0.8680380614435623
1785124233.9783835,-2.55225239077678,-0.8678183579173468
1785124233.9822078,-2.552400116682056,-0.8675996059831559
1785124233.9857252,-2.552565401603071,-0.8673538533121682
1785124233.9968936,-2.5527070999586146,-0.8671427366365025
1785124234.0007029,-2.552853407338784,-0.8669243602659095
1785124234.0023205,-2.553010513866068,-0.8666898037825962
1785124234.0061276,-2.553151797219238,-0.8664786311894995
1785124234.014434,-2.5533067882359703,-0.8662470607637868
1785124234.017826,-2.5534613006867932,-0.8660160429102106
1785124234.0220222,-2.553613286100368,-0.865788368597656
1785124234.0257392,-2.553763006172532,-0.8655639125645169
1785124234.0319238,-2.5539110606039563,-0.8653416802512616
1785124234.0382824,-2.554070089902812,-0.8651029534476288
1785124234.0420177,-2.5542269661872687,-0.8648673426471016
1785124234.04841,-2.554382703400902,-0.8646332636842992
1785124234.0535493,-2.554535028141133,-0.8644042609573599
1785124234.055711,-2.5546971514537407,-0.8641603308410339
1785124234.0640473,-2.5548437045761023,-0.8639400182580017
1785124234.0664327,-2.5550058691478834,-0.8636959822041189
1785124234.070932,-2.555179062886938,-0.8634354411639419
1785124234.0767179,-2.5553465129593596,-0.8631833080821009
1785124234.0842526,-2.5555006145300068,-0.8629510591261822
1785124234.0861814,-2.555661796984458,-0.8627078315918034
1785124234.098426,-2.5558182382730736,-0.8624718542776103
1785124234.101787,-2.555989388380296,-0.8622137429071949
1785124234.105594,-2.556168040117978,-0.8619444205286846
1785124234.1107829,-2.5563322161602384,-0.8616970626026684
1785124234.1167357,-2.556499180687317,-0.8614455769721447
1785124234.121875,-2.556667970995994,-0.8611913261638307
1785124234.126532,-2.5568498418667125,-0.8609176531997005
1785124234.1346974,-2.5570111282835555,-0.8606746663241014
1785124234.1362453,-2.557191156044343,-0.860402768520235
1785124234.1414468,-2.55737123104264,-0.8601304358953105
1785124234.1508265,-2.5575470619048226,-0.8598642012981006
1785124234.1530597,-2.557731728481391,-0.8595845343398355
1785124234.1571696,-2.5579126775420638,-0.8593105377959414
1785124234.1646662,-2.558097422747372,-0.8590300421384404
1785124234.1669781,-2.5582748470286054,-0.8587600097785963
1785124234.1719413,-2.5584461259847404,-0.8584991869302874
1785124234.176825,-2.558629627861028,-0.8582197650982266
1785124234.1935368,-2.5588214810521817,-0.8579270931046744
1785124234.194961,-2.5590165149056983,-0.8576292624114511
1785124234.1999981,-2.559198349724208,-0.8573514313423966
1785124234.209273,-2.559392256135346,-0.8570551652799915
1785124234.211008,-2.5595870134892262,-0.8567574657644041
1785124234.219706,-2.559777500762638,-0.8564653263455058
1785124234.2227573,-2.5599612085807295,-0.856182910696449
1785124234.239144,-2.5601484265509304,-0.8558950161729496
1785124234.245194,-2.5603402682246568,-0.8555999037826582
1785124234.248623,-2.5605421464631184,-0.8552892491398139
1785124234.2514799,-2.5607288482157333,-0.8550016362533374
1785124234.2535908,-2.560922230401186,-0.8547036291053747
1785124234.256084,-2.561113448374263,-0.8544087423823197
1785124234.2647176,-2.561309174286805,-0.8541064134676258
1785124234.2666726,-2.561505769752414,-0.8538026174188119
1785124234.2683609,-2.5616987083284797,-0.8535040332859539
1785124234.2701364,-2.561899865498649,-0.8531921230485963
1785124234.2738159,-2.562095278179247,-0.8528889994735374
1785124234.283936,-2.5622921529259868,-0.8525836059454331
1785124234.2860167,-2.5624898461410734,-0.8522761868053144
1785124234.2882247,-2.5626844695740107,-0.8519732785086989
1785124234.2991312,-2.5628817898106564,-0.8516657337725817
1785124234.300978,-2.5630806131679575,-0.8513560099595525
1785124234.3059092,-2.563268649873398,-0.8510624994380125
1785124234.3161206,-2.563461101078259,-0.8507617605810639
1785124234.3191478,-2.563659118572272,-0.8504512440990313
1785124234.3304822,-2.5638580092935386,-0.850138834681358
1785124234.3358285,-2.564053256282323,-0.8498314771593818
1785124234.3382483,-2.564242168601336,-0.849533571293496
1785124234.3395066,-2.5644332461990684,-0.8492314464243395
1785124234.3401608,-2.5646246578637197,-0.8489282542011705
1785124234.3528724,-2.5648165881133624,-0.8486231194086711
1785124234.3559082,-2.5650074242828746,-0.8483190596454022
1785124234.3574288,-2.5652002580398747,-0.8480110633204956
1785124234.3664584,-2.565396663607359,-0.8476967168837469
1785124234.371235,-2.5655843567324563,-0.8473954132989722
1785124234.3753495,-2.565778817077661,-0.8470828791577281
1785124234.3820806,-2.5659698247091955,-0.8467756035814045
1785124234.3850887,-2.566152350471885,-0.846481582819472
1785124234.3882377,-2.5663449903661664,-0.8461709015757389
1785124234.3913305,-2.566529692691713,-0.8458725938217392
1785124234.3985968,-2.566674203890127,-0.8456383657570216
1785124234.4007015,-2.566792265235825,-0.8454467193972676
1785124234.4121268,-2.5669006620773502,-0.8452704821060665
1785124234.4160128,-2.566999505319153,-0.8451091719004893
1785124234.420405,-2.567099576925729,-0.8449455587006724
1785124234.429067,-2.5671913724886393,-0.8447954310611054
1785124234.4321935,-2.5672834295164937,-0.8446445355751128
1785124234.4366057,-2.567378055529007,-0.8444890191750057
1785124234.4416373,-2.567467980632119,-0.8443410340895496
1785124234.4514725,-2.5675621630008765,-0.8441856109433986
1785124234.4565156,-2.567649469937028,-0.844041593104772
1785124234.4578705,-2.5677433219376726,-0.8438863912977663
1785124234.4687064,-2.567837550821458,-0.8437303651549882
1785124234.4726934,-2.5679276605523054,-0.8435809042949475
1785124234.4796002,-2.568010940137954,-0.8434424540606755
1785124234.484223,-2.5680958586339044,-0.8433010119875709
1785124234.4866576,-2.568186851363759,-0.8431492638503751
1785124234.4911797,-2.5682739353713067,-0.8430036495515161
1785124234.4973352,-2.5684227998456,-0.8427546410913257
1785124234.5011017,-2.568607494019371,-0.8424456491269378
1785124234.5063622,-2.568806086922684,-0.8421131098297612
1785124234.5131998,-2.5690129160716983,-0.8417662155109673
1785124234.5208254,-2.5692217870984186,-0.8414152358398077
1785124234.5261953,-2.569429742148792,-0.8410654967159427
1785124234.53233,-2.569644975402049,-0.8407027694104905
1785124234.5369356,-2.5698446794699024,-0.840366247725243
1785124234.5409017,-2.5700559810577404,-0.8400095271655377
1785124234.5489392,-2.5703159869588252,-0.8395688173715726
1785124234.5513623,-2.5706162190530564,-0.8390586755380669
1785124234.556031,-2.5709271341384436,-0.8385297682352176
1785124234.5611548,-2.5712392612567454,-0.8379974063821148
1785124234.567749,-2.571570253134215,-0.8374310991761243
1785124234.570947,-2.571910030002163,-0.8368483626173489
1785124234.5758314,-2.5722360212119995,-0.8362885463054228
1785124234.5808756,-2.5725572125503047,-0.8357358599642922
1785124234.5863447,-2.572887354727222,-0.8351655045167973
1785124234.5911748,-2.573221186229881,-0.8345863210176151
1785124234.597567,-2.5736075986977567,-0.8339140583018401
1785124234.6020408,-2.574020404788796,-0.8331946842895139
1785124234.6073194,-2.5744456658029997,-0.8324523049642952
1785124234.61056,-2.574886970551338,-0.8316799637246156
1785124234.6169257,-2.5753404873565096,-0.8308832338825118
1785124234.6256497,-2.5757818415211453,-0.8301064682778149
1785124234.6292424,-2.576221858088223,-0.8293321081597876
1785124234.6345017,-2.5766558628613923,-0.8285689954489178
1785124234.6380572,-2.57710090088431,-0.827785806111861
1785124234.6400325,-2.577542885291359,-0.8270089298389393
1785124234.6481187,-2.5780427029280375,-0.8261272357342584
1785124234.6526692,-2.5785543432245057,-0.825221822620767
1785124234.6557555,-2.5791179272614024,-0.8242245526904569
1785124234.660775,-2.5796721713424517,-0.8232419768781104
1785124234.667726,-2.5802541396873284,-0.822210261286676
1785124234.66992,-2.5808017398998286,-0.8212384739226212
1785124234.6754084,-2.5813516876373526,-0.8202607968704574
1785124234.6809468,-2.5818958791756517,-0.8192922177244596
1785124234.6929708,-2.5824573094180443,-0.8182935285546161
1785124234.694153,-2.5830332340947,-0.8172685581403528
1785124234.7133236,-2.5835926735899952,-0.816269111896111
1785124234.7167833,-2.5841938635877937,-0.8151951461790686
1785124234.7295196,-2.584848138557311,-0.8140250074058443
1785124234.7450702,-2.585513262529829,-0.8128338136660391
1785124234.746344,-2.5861835774750555,-0.8116331823596168
1785124234.7698078,-2.5868475296700204,-0.8104422723945609
1785124234.7939284,-2.5875743806993516,-0.8091393386010167
1785124234.8221967,-2.588326701832469,-0.80778983869925
1785124234.8251312,-2.5890089314043454,-0.8065664121714221
1785124234.8355613,-2.589659918179418,-0.805398368671452
1785124234.843029,-2.5902882526981035,-0.8042707767746733
1785124234.8448586,-2.5909083035573186,-0.8031590235189005
1785124234.8470428,-2.591519834321963,-0.8020610681269899
1785124234.8492303,-2.592033327383124,-0.8011393921099983
1785124234.851892,-2.592499215284012,-0.8003032234735545
1785124234.8593214,-2.5929441724220816,-0.7995046115679341
1785124234.8631601,-2.593378537881096,-0.79872456835834
1785124234.8688965,-2.5938085118821297,-0.7979491136445982
1785124234.8747804,-2.594240987895303,-0.7971677920761107
1785124234.8770514,-2.5946737307723944,-0.7963847701392921
1785124234.9073434,-2.5950921590546985,-0.7956248653422427
1785124234.9093046,-2.5954220885650443,-0.795023680172677
1785124234.9107308,-2.5957099547280276,-0.7944978775451798
1785124234.9118476,-2.5959790302930195,-0.7940049678409499
1785124234.9126916,-2.596236931828146,-0.793530968618283
1785124234.9227333,-2.5964864984672547,-0.79307120808755
1785124234.9264476,-2.596730536402446,-0.7926201427377223
1785124234.933657,-2.596972031469493,-0.7921720891556335
1785124234.9381015,-2.5972113879176346,-0.7917269424932963
1785124234.9417226,-2.5974585871833886,-0.7912660966779266
1785124234.951777,-2.597753661863817,-0.7907141194013514
1785124234.955874,-2.5980934356903806,-0.7900762654875488
1785124234.9642353,-2.5984281140061722,-0.7894454327986979
1785124234.9679003,-2.598785796360026,-0.7887696843015044
1785124234.9699333,-2.5991335472527646,-0.7881095087182125
1785124234.9779096,-2.5994769225642522,-0.7874547800146391
1785124234.982734,-2.5998202065126335,-0.7867975725771269
1785124234.9883966,-2.6001643083972343,-0.7861361919491171
1785124234.991364,-2.6005061524835202,-0.7854763596139815
1785124234.9972918,-2.60090357096961,-0.7847040355696268
1785124235.001174,-2.601305661019547,-0.7839193876323993
1785124235.0109348,-2.6017534285615214,-0.7830426701964442
1785124235.011824,-2.602194372835367,-0.7821741989445942
1785124235.0188255,-2.602645316588869,-0.781281935482116
1785124235.0213509,-2.6031086737326934,-0.7803606624953682
1785124235.0307949,-2.6035372537861843,-0.7795045675489999
1785124235.035812,-2.60396601981468,-0.7786414435255139
1785124235.0392292,-2.604398733717218,-0.7777671074203218
1785124235.0413935,-2.6048489933760104,-0.7768552164766938
1785124235.0482118,-2.6052987721125747,-0.7759428519006022
1785124235.051662,-2.6057586030383293,-0.7750045923018152
1785124235.0570984,-2.6062108434684297,-0.7740762456613973
1785124235.0640128,-2.6066731938522767,-0.7731229436300243
1785124235.0673509,-2.6071294092247768,-0.7721801960129216
1785124235.070236,-2.607589928770246,-0.7712234882529191
1785124235.0769246,-2.6080613342028505,-0.7702421529024808
1785124235.0817971,-2.6085217755315036,-0.7692817582815596
1785124235.0865958,-2.608976682734873,-0.7683290228530756
1785124235.0910397,-2.6094504225398603,-0.7673338250993604
1785124235.0965066,-2.6099172409649096,-0.7663483003554009
1785124235.1018705,-2.6103602260540204,-0.7654106607864923
1785124235.1060917,-2.6108086013773555,-0.7644569187184591
1785124235.1117992,-2.6112579877213054,-0.7634970883653591
1785124235.1160192,-2.6117229608256856,-0.7625032076911512
1785124235.121331,-2.6121599382850302,-0.761566900128176
1785124235.1289375,-2.612618336411636,-0.7605811180823685
1785124235.135189,-2.6130731014559054,-0.7596048556184856
1785124235.1407156,-2.6135160443251553,-0.7586539176237631
1785124235.1424394,-2.613966706365822,-0.7576867476019749
1785124235.1510446,-2.614436712675863,-0.7566774092383871
1785124235.1528373,-2.61487488379374,-0.7557360120781282
1785124235.1564717,-2.615314046033525,-0.7547916974503271
1785124235.1634963,-2.6157763294159477,-0.7537951180825614
1785124235.1676302,-2.6162372247626164,-0.752802904368723
1785124235.1726584,-2.616695241870162,-0.751814957373217
1785124235.191954,-2.617143820604249,-0.7508490738233491
1785124235.194182,-2.617603631670174,-0.7498580972972227
1785124235.2004213,-2.618044147328427,-0.7489074494359257
1785124235.2025394,-2.618478449906312,-0.747970173258655
1785124235.203895,-2.6189066440625877,-0.7470442652107803
1785124235.2048957,-2.619357441436806,-0.7460687416931036
1785124235.2058551,-2.619805335394548,-0.7450983056827001
1785124235.2099962,-2.620254706855962,-0.7441253052589502
1785124235.216225,-2.6206912686253134,-0.7431792074218166
1785124235.2229207,-2.621161073327809,-0.7421611367267901
1785124235.2295308,-2.621608629191489,-0.7411917141501317
1785124235.2338138,-2.622060823398157,-0.740210506101463
1785124235.2378864,-2.6225172474002476,-0.7392195960362516
1785124235.240015,-2.6229853077015686,-0.7382021071261061
1785124235.246561,-2.623485629983827,-0.7371147105089472
1785124235.2557907,-2.6239890140371864,-0.7360183965907412
1785124235.2568526,-2.6245119453725247,-0.7348797994937781
1785124235.2618506,-2.625030372218166,-0.7337534380801465
1785124235.2674754,-2.625558091736047,-0.732607000645936
1785124235.270117,-2.6260879580283576,-0.7314558863608315
1785124235.2756047,-2.6266148262892,-0.7303092744029047
1785124235.2812865,-2.6271563687381305,-0.7291281968727003
1785124235.2862213,-2.6276919492771813,-0.7279579329460115
1785124235.2904005,-2.6282298264304473,-0.7267818293085968
1785124235.2965927,-2.6287544124854056,-0.7256338127257072
1785124235.3019817,-2.6292597227847265,-0.7245230271751928
1785124235.3061454,-2.6297644868189747,-0.7234120109638206
1785124235.3119028,-2.6302890236908074,-0.7222552683210965
1785124235.3158803,-2.6308184366392275,-0.7210848981760529
1785124235.32086,-2.6313426608891257,-0.7199254103926878
1785124235.3312984,-2.6318376365431253,-0.7188286233809383
1785124235.3333497,-2.6323643675472836,-0.7176589111800408
1785124235.3370378,-2.632899894539706,-0.7164670455765513
1785124235.3405774,-2.633418989523026,-0.7153098625874574
1785124235.3468375,-2.6339024167083167,-0.7142278440077631
1785124235.353313,-2.6343560875751835,-0.7132090461450115
1785124235.3575118,-2.6348185359455374,-0.7121663295239872
1785124235.362443,-2.635262929197771,-0.7111626022242765
1785124235.366036,-2.6357258603599556,-0.7101149169641789
1785124235.3707633,-2.636171160790702,-0.7091028334139748
1785124235.3758423,-2.636607469327272,-0.7081076771407516
1785124235.3827379,-2.6370470405211317,-0.7071003114986416
1785124235.3883867,-2.637469636202352,-0.7061276879687766
1785124235.3918612,-2.6379146010443644,-0.7051003827860239
1785124235.396551,-2.638354013505578,-0.7040840757451982
1785124235.4019756,-2.638772352213421,-0.7031122468932245
1785124235.4138765,-2.639205941904092,-0.702101603660195
1785124235.4213738,-2.639638240634678,-0.7010911952187283
1785124235.4228954,-2.640056776024905,-0.7001069486778977
1785124235.4255824,-2.6404883572162,-0.6990868666872678
1785124235.437993,-2.6409102444456543,-0.6980864002662023
1785124235.443359,-2.6413153991912477,-0.6971215463192295
1785124235.4543211,-2.6417495903998,-0.6960842512892319
1785124235.456072,-2.642167215605946,-0.6950823222281803
1785124235.4576285,-2.642576866638676,-0.6940965431681081
1785124235.4636183,-2.6429791947342416,-0.6931246804126582
1785124235.4665747,-2.643396751503144,-0.6921108733737238
1785124235.47246,-2.6438130983775086,-0.6910980758781776
1785124235.47651,-2.644234143566582,-0.6900693465837167
1785124235.4812114,-2.6446412735385243,-0.6890712321159218
1785124235.4881501,-2.6450426890735312,-0.688084121414855
1785124235.4904668,-2.6454452468329084,-0.6870891648382573
1785124235.4971762,-2.6458576605644146,-0.6860648485299606
1785124235.5019696,-2.6462602851812562,-0.6850587363051442
1785124235.5063722,-2.646652731227968,-0.6840743670457832
1785124235.5120707,-2.64706073816166,-0.6830442904230393
1785124235.5175004,-2.6474550529705976,-0.6820440109909163
1785124235.5219944,-2.6478499683133925,-0.6810382635818147
1785124235.5257838,-2.6482372601183486,-0.6800450470687999
1785124235.5319457,-2.6486314460624616,-0.6790300152831563
1785124235.54046,-2.649015977517503,-0.6780359273225238
1785124235.548911,-2.649396577368347,-0.677047556738193
1785124235.5528297,-2.6497807843048227,-0.6760463071837157
1785124235.557051,-2.6501594597091986,-0.6750558096530397
1785124235.5617733,-2.6505399545789294,-0.6740571385469813
1785124235.5690856,-2.6509163071674946,-0.6730647635578126
1785124235.5713367,-2.651286660710751,-0.6720852252368024
1785124235.5789194,-2.651655098721241,-0.6711051405465174
1785124235.581289,-2.652030533611049,-0.6701030535717354
1785124235.5864573,-2.652408952397593,-0.6690895657104169
1785124235.5904603,-2.6527807644916077,-0.6680901849840363
1785124235.596623,-2.653156815768676,-0.6670749473081699
1785124235.6010613,-2.653522940782492,-0.666080182287808
1785124235.6062355,-2.653891593732067,-0.6650750570455272
1785124235.6116922,-2.654259273258627,-0.6640719113381003
1785124235.6160913,-2.6546338028732275,-0.6630516689080388
1785124235.6204085,-2.655005804921222,-0.662034745437212
1785124235.6255004,-2.6553647149030626,-0.6610510328432568
1785124235.6310334,-2.655740766038564,-0.6600198329328707
1785124235.6356444,-2.656116528156494,-0.6589893948868537
1785124235.6494226,-2.6564783882434417,-0.6579963131756524
1785124235.6542327,-2.6568377779583607,-0.6570071595763142
1785124235.6553686,-2.6572067666620742,-0.6559891507631525
1785124235.661824,-2.6575719196381553,-0.6549800100640069
1785124235.6663737,-2.6579354659441567,-0.6539740998805373
1785124235.6728127,-2.658288065054453,-0.6529970385174605
1785124235.6772923,-2.6586596165106275,-0.651965583584826
1785124235.680978,-2.6590284835056446,-0.6509388699376752
1785124235.6869366,-2.65937281014868,-0.6499795589643501
1785124235.690502,-2.6597466980088775,-0.6489363930141804
1785124235.6971235,-2.6600806760664204,-0.6480022898491263
1785124235.7012074,-2.6604085146961456,-0.6470855356483977
1785124235.7052858,-2.6607208590616778,-0.6462111183144529
1785124235.7099955,-2.6610371071859125,-0.6453251602538138
1785124235.7161148,-2.6613436958363725,-0.6444647235859474
1785124235.721092,-2.661662404789791,-0.6435687983354509
1785124235.7257166,-2.6619652183829974,-0.6427149153447371
1785124235.7310622,-2.6622647896838876,-0.6418676021112245
1785124235.7368746,-2.662566668598964,-0.6410130112832032
1785124235.7404537,-2.6628775355468997,-0.6401299560346815
1785124235.74895,-2.6631813869397574,-0.6392630242908305
1785124235.7520459,-2.6634866141258082,-0.6383926869124906
1785124235.7554271,-2.663769867208021,-0.6375818199280867
1785124235.7629442,-2.6640719695744286,-0.636713972763476
1785124235.7659256,-2.664365961512024,-0.6358668143931104
1785124235.772495,-2.6646567766397644,-0.635026847593804
1785124235.7777145,-2.6649515595211866,-0.6341730177688946
1785124235.7803328,-2.6652537583952407,-0.6332923446434717
1785124235.7879708,-2.6655459936975165,-0.6324363584864738
1785124235.7910154,-2.665844761189159,-0.6315592696635522
1785124235.7969422,-2.666137745822431,-0.6306971813958298
1785124235.8002658,-2.6664299413586017,-0.6298331849929594
1785124235.8060844,-2.6667270796257543,-0.6289498326386611
1785124235.812106,-2.666999442328363,-0.6281367730304985
1785124235.8155112,-2.667279062632579,-0.6272988670751485
1785124235.8208663,-2.667564735666933,-0.6264417487423353
1785124235.8256586,-2.6678539566382353,-0.6255707037416739
1785124235.8311036,-2.6681341131321177,-0.6247207678246983
1785124235.8365588,-2.6684168422893966,-0.6238590998361409
1785124235.840378,-2.6686958045034266,-0.6230058290685354
1785124235.8530588,-2.668969575972507,-0.6221654487428814
1785124235.8555431,-2.6692412175964644,-0.6213272570748383
1785124235.8617425,-2.669522271238114,-0.6204548374311692
1785124235.865882,-2.6697979861803867,-0.6195949951696037
1785124235.8702347,-2.670074144366573,-0.6187314895467766
1785124235.8761601,-2.6703542428480667,-0.617848232120427
1785124235.8819146,-2.670629468449719,-0.616976775337201
1785124235.8885944,-2.670907016616643,-0.616093939855864
1785124235.891188,-2.671178571529501,-0.6152243616258625
1785124235.8975503,-2.671445689766962,-0.6143633451556519
1785124235.9010427,-2.6717113602782145,-0.613503678572241
1785124235.9058628,-2.6719825304456384,-0.6126228975695429
1785124235.9113307,-2.672243848443911,-0.6117695745439702
1785124235.9161544,-2.672508556431394,-0.6109011939595088
1785124235.9212077,-2.6727753346121452,-0.6100212066090227
1785124235.9252892,-2.673039619147126,-0.6091442862784104
1785124235.9303346,-2.6733065506221503,-0.6082523525533184
1785124235.936438,-2.673561433561789,-0.6073958739499785
1785124235.9403822,-2.67382736588112,-0.6064997032535009
1785124235.947443,-2.6740285326840567,-0.6058185237183177
1785124235.9556603,-2.6742002692160423,-0.605234579602141
1785124235.9588573,-2.6743695848785216,-0.6046579933981067
1785124235.963561,-2.6745309217087723,-0.6041085952681182
1785124235.965925,-2.674685922249424,-0.6035780188667577
1785124235.9720623,-2.674841425517508,-0.6030422542524164
1785124235.9756424,-2.6749958114954207,-0.6025083262662303
1785124235.9809387,-2.675151521822322,-0.6019672445222515
1785124235.9868295,-2.6752974788221127,-0.6014579072582757
1785124235.9907312,-2.675442623619261,-0.6009499710705561
1785124235.9968255,-2.6755707481625763,-0.6004989284856164
1785124236.0006106,-2.6756841844891754,-0.6000975913324704
1785124236.0059402,-2.6757953051748853,-0.5997024812108475
1785124236.0107176,-2.6758964876122002,-0.599341124612945
1785124236.016211,-2.6759983938568497,-0.59897489853073
1785124236.021565,-2.6761017596462215,-0.5986019107426042
1785124236.0247838,-2.676205256619554,-0.5982279306340793
1785124236.0315025,-2.6763022464374164,-0.5978763271346001
1785124236.0366712,-2.676401910989097,-0.5975141299050368
1785124236.040238,-2.6765040423281046,-0.5971404790361733
1785124236.048188,-2.6766039180807657,-0.5967748353738308
1785124236.0569923,-2.676702360740134,-0.596414144043949
1785124236.0623796,-2.6768064801132736,-0.5960301921770808
1785124236.0657809,-2.6769130107580743,-0.5956361264995556
1785124236.071728,-2.6770087806039613,-0.5952792928506802
1785124236.0754368,-2.677108244582908,-0.5949068534121928
1785124236.0809872,-2.677207961787424,-0.5945322047411344
1785124236.0893083,-2.6773058665337155,-0.5941634190240398
1785124236.0906,-2.677399974946253,-0.5938070664277342
1785124236.09718,-2.6775025482382446,-0.5934177662806159
1785124236.1002748,-2.677598912149016,-0.5930487393023616
1785124236.106049,-2.6776935463114953,-0.5926835304919756
1785124236.111694,-2.6777956697902074,-0.5922877121458296
1785124236.1161206,-2.6778935887127755,-0.5919061636028331
1785124236.1214726,-2.677985690399826,-0.5915463679268215
1785124236.1253355,-2.6780797061776616,-0.5911779777459737
1785124236.1318643,-2.678180045406634,-0.5907822369187605
1785124236.1365886,-2.67827303854035,-0.5904136940721251
1785124236.1402094,-2.6783693341677117,-0.5900306928726964
1785124236.1478195,-2.6784908053313625,-0.5895443316634016
1785124236.1529887,-2.678624669045992,-0.5890060285387918
1785124236.1595614,-2.678767134463749,-0.5884309376149395
1785124236.1618388,-2.6789167781764354,-0.5878249420075232
1785124236.1659365,-2.6790654018804636,-0.5872173218327622
1785124236.1719792,-2.679211688319059,-0.5866159190690539
1785124236.1765773,-2.6793630443955347,-0.5859911702052162
1785124236.180936,-2.679510266768671,-0.5853811592961146
1785124236.186375,-2.6796579596745422,-0.5847652590072091
1785124236.1915195,-2.679798107802489,-0.5841767676011126
1785124236.1972816,-2.6799088582618658,-0.5837090216827233
1785124236.2001753,-2.6800087144082396,-0.5832856683650054
1785124236.20669,-2.680105160289461,-0.5828741523244874
1785124236.212807,-2.6801991342091744,-0.5824727298581474
1785124236.2174654,-2.68028844552027,-0.5820885768866967
1785124236.2214406,-2.680373418166294,-0.5817200877342
1785124236.2278104,-2.680456982492816,-0.5813553389099818
1785124236.233187,-2.6805425911524705,-0.5809804763151829
1785124236.238216,-2.680629375560988,-0.5805965889471267
1785124236.241509,-2.680709726142801,-0.5802398422287572
1785124236.2544258,-2.6807948306348135,-0.5798607034025701
1785124236.2553027,-2.680880248897138,-0.5794783822559888
1785124236.2620614,-2.6809618654679266,-0.5791107951114387
1785124236.2685616,-2.6810457382586113,-0.5787306449166849
1785124236.2724926,-2.6811269826840967,-0.5783608636259199
1785124236.2798727,-2.6812104094433384,-0.5779797190593173
1785124236.2818081,-2.6812904876415646,-0.5776108063668011
1785124236.288133,-2.6813678252018383,-0.5772523346358467
1785124236.2918818,-2.681449139315109,-0.5768739565333669
1785124236.2982337,-2.6815111559080287,-0.5765847704751164
1785124236.3008568,-2.681560590770207,-0.5763531196646153
1785124236.3067589,-2.6816072581174146,-0.576133015670343
1785124236.3178558,-2.6816495104882017,-0.5759326874803399
1785124236.3188856,-2.6816909492550276,-0.5757350725852047
1785124236.320316,-2.681732768789032,-0.5755337859235575
1785124236.3255534,-2.6817728406382,-0.575339841226147
1785124236.331403,-2.6818119418548205,-0.5751493034092081
1785124236.3364093,-2.6818517113737887,-0.5749547708961418
1785124236.342412,-2.681889949843714,-0.5747674781732167
1785124236.3465164,-2.6819517106887347,-0.5744635962480491
1785124236.3510587,-2.682026700960187,-0.5740915722913841
1785124236.3573,-2.682107580285141,-0.5736903295519349
1785124236.3669734,-2.682191843876681,-0.5732709927338663
1785124236.371975,-2.6822785514211023,-0.572837303710329
1785124236.3752804,-2.6823619697067156,-0.5724177091538085
1785124236.3810503,-2.682445785759963,-0.5719920205323503
1785124236.3861916,-2.682529503134485,-0.5715647087524347
1785124236.3903315,-2.6826129694873693,-0.5711363688165527
1785124236.3969696,-2.6827172442201164,-0.5705990930191444
1785124236.4003675,-2.6828367596175533,-0.569981118790186
1785124236.4075813,-2.6829634489848417,-0.5693235864105503
1785124236.4108818,-2.6830912559158255,-0.5686580150902758
1785124236.4158838,-2.6832122125279243,-0.5680252100071159
1785124236.421759,-2.68333367433772,-0.5673878822839066
1785124236.425487,-2.683459139000868,-0.5667281182567773
1785124236.4316695,-2.6835839093982745,-0.5660662493234145
1785124236.4382017,-2.6837085960841263,-0.5654041635775576
1785124236.4454167,-2.683834200595744,-0.5647355397153867
1785124236.4470267,-2.6839882250284037,-0.563911382218123
1785124236.4503782,-2.6841501177538976,-0.563044373460005
1785124236.4559722,-2.684310332213833,-0.5621819257317746
1785124236.4626112,-2.684475761490585,-0.5612880065077899
1785124236.4712396,-2.684638905022849,-0.5604047325705955
1785124236.4736462,-2.6848086933841278,-0.5594805423794299
1785124236.4761848,-2.6849734754207764,-0.5585785621143592
1785124236.480598,-2.6851384377831824,-0.5576703411545011
1785124236.4882023,-2.6853046764122035,-0.556755111792985
1785124236.4904819,-2.685473043131565,-0.5558258266265073
1785124236.496496,-2.68563873747033,-0.5549043534656696
1785124236.4999518,-2.6857961561578136,-0.554025858028342
1785124236.5065298,-2.685955260386814,-0.5531422865106725
1785124236.5105255,-2.6861110971640323,-0.5522781540196402
1785124236.515646,-2.6862670474387627,-0.5514103053827286
1785124236.5234644,-2.6864254910870176,-0.5505240273762947
1785124236.5265303,-2.6865782611284956,-0.5496664506431245
1785124236.532157,-2.6867399982621203,-0.5487644068578628
1785124236.5366116,-2.6868994112904288,-0.5478753974963715
1785124236.5398736,-2.6870598679865614,-0.5469793652889361
1785124236.5464644,-2.687231459090494,-0.5460153502183999
1785124236.5519097,-2.687418083486969,-0.5449603452575043
1785124236.5560603,-2.687615789779159,-0.5438430324383366
1785124236.5619705,-2.6878123066736888,-0.5427356641773673
1785124236.5678072,-2.688011934714212,-0.541608689727014
1785124236.5702586,-2.688214001643398,-0.5404680702885684
1785124236.5749302,-2.688420007757506,-0.5393035816683436
1785124236.581739,-2.6886168316751244,-0.5381910167892738
1785124236.5854914,-2.6888067391237676,-0.537115203877416
1785124236.590031,-2.689008914744628,-0.5359723698704023
1785124236.5971525,-2.689224387196119,-0.5347502801010112
1785124236.60075,-2.6894487799386635,-0.5334751477807548
1785124236.6053407,-2.689681769104097,-0.5321515656224791
1785124236.6980755,-2.69188409632154,-0.5196898089731895
1785124236.6994145,-2.69216511935162,-0.5181247454636589
1785124236.7017894,-2.692448039167687,-0.5165544944922836
1785124236.7031949,-2.692734744810914,-0.5149676581924945
1785124236.7047799,-2.6930283497713434,-0.5133462985766125
1785124236.7064486,-2.6933068524398585,-0.5118143003222496
1785124236.7073257,-2.6936075161509723,-0.5101700028135224
1785124236.7080595,-2.6938941421163025,-0.5086006287960535
1785124236.708774,-2.694184231728724,-0.5070224070305346
1785124236.7121978,-2.694500581394265,-0.5053036878105025
1785124236.7143648,-2.6948372169624055,-0.5034837142336716
1785124236.71531,-2.6951514277419677,-0.5017892686559472
1785124236.7161968,-2.6954921157938636,-0.4999688738732015
1785124236.7173917,-2.6958294291140326,-0.4981722455332946
1785124236.720481,-2.696175348225833,-0.4963463824719346
1785124236.7252612,-2.696533537236866,-0.49446478366664753
1785124236.73115,-2.696901433478742,-0.4925479129566587
1785124236.7349296,-2.697247611842694,-0.49075752311314624
1785124236.7401044,-2.697608731775708,-0.48889232656945786
1785124236.7472785,-2.6979659633490516,-0.4870561112158685
1785124236.7502306,-2.6983256271891554,-0.4852159867771815
1785124236.7564037,-2.6986973254650097,-0.4833338051473137
1785124236.7610548,-2.6990708436429878,-0.48146017436905114
1785124236.7703543,-2.6994445217018317,-0.4795885107296053
1785124236.7723532,-2.6998134368621285,-0.4777505214142223
1785124236.7746418,-2.700201124846182,-0.4758215331846556
1785124236.7824774,-2.700591747810677,-0.473896523435541
1785124236.7856405,-2.7009751179530728,-0.4720275657912669
1785124236.7907543,-2.7013635086279204,-0.47014587557804727
1785124236.798035,-2.701755976892398,-0.46825761568326596
1785124236.8004303,-2.702163125458083,-0.4663192617737511
1785124236.806242,-2.702576845084518,-0.46435650340733303
1785124236.8107924,-2.702991887111006,-0.4623992032549513
1785124236.816006,-2.7033860578230726,-0.4605532481876475
1785124236.8210292,-2.7037763658101834,-0.45874229049938114
1785124236.8252437,-2.7041821943413935,-0.45687315336960616
1785124236.8320293,-2.7045737599061845,-0.4550862090230467
1785124236.8353012,-2.704978331499586,-0.45325640180129384
1785124236.8407593,-2.705390842741788,-0.4514061885665706
1785124236.8487852,-2.70579891214613,-0.44958998804438854
1785124236.8514943,-2.706233473947338,-0.44767687292038005
1785124236.8558695,-2.7066527482202463,-0.44585151477542817
1785124236.8606186,-2.70709237478624,-0.4439462027163005
1785124236.870025,-2.7075325198770384,-0.44205709670260623
1785124236.8721573,-2.7079781930462445,-0.44016138749858974
1785124236.874757,-2.7084013502941144,-0.4383819142610473
1785124236.881127,-2.7088505923545028,-0.43650772664257803
1785124236.886117,-2.709309511743521,-0.43461105353973034
1785124236.890251,-2.7097579445982016,-0.432773267326526
1785124236.8964653,-2.710207911790915,-0.4309401053677962
1785124236.9007056,-2.7106584050600357,-0.4291192505534181
1785124236.9062858,-2.7111041007839667,-0.4273201033237626
1785124236.9098995,-2.7115492811663198,-0.4255365684266497
1785124236.9160075,-2.71200827390412,-0.42370722141728784
1785124236.9215832,-2.712489823574915,-0.42179958370090087
1785124236.9255135,-2.7129446939544652,-0.420010350902842
1785124236.9310985,-2.7134043055803883,-0.41821270680099143
1785124236.9359603,-2.713875121883424,-0.4163820175261464
1785124236.9402206,-2.7143486729310915,-0.41455048950050016
1785124236.9473808,-2.7148315596095536,-0.41269559077253926
1785124236.950736,-2.715315431867334,-0.41085030796290906
1785124236.9560504,-2.7157955948989283,-0.4090344743759876
1785124236.9602566,-2.716278850755558,-0.4072139116646852
1785124236.9698691,-2.7167749322953694,-0.40534821289225403
1785124236.9735563,-2.7172537295677635,-0.4035519335699496
1785124236.9760394,-2.717746884413084,-0.40170140073086097
1785124236.980453,-2.7182374682673283,-0.39986176924916916
1785124236.988453,-2.718724958308999,-0.398035842273235
1785124236.9899437,-2.7192148418595115,-0.39620025695046107
1785124236.9976177,-2.7197107389400403,-0.3943409954573673
1785124237.0000787,-2.720209233496051,-0.39247714882182094
1785124237.0057847,-2.7207052573347386,-0.3906182648694306
1785124237.0112123,-2.7212239416271276,-0.3886708308203797
1785124237.0162334,-2.721730299679704,-0.38677074378681275
1785124237.0209246,-2.722229508062165,-0.38489820549231357
1785124237.0250392,-2.7227274017447285,-0.38303763867838164
1785124237.0312932,-2.7232359073458263,-0.38113659564927094
1785124237.035247,-2.723740460841396,-0.37925229585352455
1785124237.0398076,-2.7242269614141734,-0.3774387734374267
1785124237.0476136,-2.724733845225517,-0.37555473956129626
1785124237.0516262,-2.725224766905877,-0.37373429657660406
1785124237.0559788,-2.7257452990831452,-0.3718164216099439
1785124237.0597706,-2.726276056167872,-0.36987083393748377
1785124237.0687835,-2.726811122166522,-0.3679158960096189
1785124237.0718837,-2.7273307123265393,-0.3660226930664216
1785124237.0750458,-2.7278469660545124,-0.36415192966536936
1785124237.081195,-2.7283887918837655,-0.36219310826483153
1785124237.085842,-2.72893558345183,-0.3602162908286625
1785124237.0898154,-2.7294716866573476,-0.3582824014984179
1785124237.096763,-2.7299971700312278,-0.35639844662475617
1785124237.100339,-2.7305396779036837,-0.35445463269877125
1785124237.1060767,-2.7310967346740633,-0.35246102216386277
1785124237.11217,-2.7316370805980057,-0.35053432947152413
1785124237.115374,-2.732158647305839,-0.3486805386056587
1785124237.1208458,-2.7327087050076,-0.3467357126317685
1785124237.1255605,-2.7332582216267123,-0.3448047149113576
1785124237.1324685,-2.733821615658155,-0.34283020484969373
1785124237.1352005,-2.7343907020927514,-0.3408451615944832
1785124237.1398535,-2.7349450907374964,-0.33891889699551475
1785124237.1485767,-2.7355155711470007,-0.33694662800562747
1785124237.1502955,-2.736090229361287,-0.33496176781384845
1785124237.156134,-2.7366721755927492,-0.33296035284736103
1785124237.1600215,-2.7372435564486644,-0.33100232506304283
1785124237.1682353,-2.7378176596900095,-0.3290399444164044
1785124237.1705651,-2.7383866830443244,-0.32709217093610415
1785124237.1750336,-2.738971810872546,-0.3250935170372571
1785124237.181001,-2.7395462801731645,-0.32313263683808396
1785124237.185814,-2.7401267400814984,-0.32115602487520534
1785124237.1934116,-2.740692725666431,-0.3192367957753944
1785124237.1951346,-2.74125990334972,-0.3173175016841823
1785124237.1996663,-2.7418478114928844,-0.31532796619540737
1785124237.2061274,-2.742424010942643,-0.3133757322844912
1785124237.2099686,-2.742980878994166,-0.3114923917378891
1785124237.2159965,-2.743555644638935,-0.3095509443284153
1785124237.2204473,-2.744142632392764,-0.30756618454003193
1785124237.2260787,-2.7447120414162396,-0.3056455285849405
1785124237.2312424,-2.745295649435911,-0.30367943611459297
1785124237.2351663,-2.745851322107383,-0.30181209315075913
1785124237.240523,-2.7464280414530093,-0.2998782218549989
1785124237.2461255,-2.7470223562088028,-0.2978852516728517
1785124237.2508774,-2.747600733134291,-0.2959488934072866
1785124237.2560716,-2.74818190820217,-0.2940040817314316
1785124237.2602184,-2.7487527541453387,-0.29209472278386295
1785124237.267162,-2.7493525763806357,-0.2900852882014763
1785124237.270658,-2.7499256541603745,-0.2881636096680296
1785124237.27602,-2.7505164069045174,-0.28618993177426955
1785124237.281448,-2.7510964026690736,-0.2842553912751896
1785124237.2855992,-2.751675504075926,-0.28232940892317426
1785124237.2905855,-2.752251037863921,-0.2804189813220207
1785124237.2968414,-2.752849863869846,-0.27843664078921926
1785124237.2997656,-2.753434887850834,-0.27650962479264596
1785124237.3064384,-2.754029261956136,-0.2745609796293224
1785124237.3104873,-2.7546194140828923,-0.2726273052433022
1785124237.3156638,-2.755209120182377,-0.27070070631373483
1785124237.3218796,-2.7557866981837074,-0.26882336383362754
1785124237.3250282,-2.756383228208617,-0.26688564308072316
1785124237.331909,-2.756994492858008,-0.26490715014730265
1785124237.335719,-2.7576055707565152,-0.2629333800809621
1785124237.3397715,-2.7582098552699352,-0.26098977531621853
1785124237.347703,-2.758796126705998,-0.25910861058773005
1785124237.3500142,-2.759401818862478,-0.25717414028525715
1785124237.3560438,-2.760011961841133,-0.25523146095813726
1785124237.3599422,-2.7606238623586283,-0.25329375980984187
1785124237.3690844,-2.7612179620316333,-0.25141472443718915
1785124237.3719769,-2.761822692068803,-0.24950690148507323
1785124237.3751616,-2.7624606736867663,-0.247505450726208
1785124237.3811443,-2.7630870865794357,-0.24554656209421508
1785124237.3875403,-2.7636960351995117,-0.24365163531416045
1785124237.3907542,-2.764322309793322,-0.24171209251137185
1785124237.397034,-2.7649227520539266,-0.23986118157044647
1785124237.4001899,-2.7655329730894063,-0.23798299355264713
1785124237.4059792,-2.7661853289409564,-0.23598668883311558
1785124237.4101624,-2.7668157152796233,-0.2340703197765227
1785124237.4156241,-2.7674605524019795,-0.2321160512285825
1785124237.4203422,-2.768077799974851,-0.23025407989811061
1785124237.4255455,-2.768698332781486,-0.2283901839980977
1785124237.4310143,-2.7693154092622843,-0.22655200335708656
1785124237.4361067,-2.769973788520948,-0.22459751754350815
1785124237.4404914,-2.7706129003043296,-0.2227096376781527
1785124237.4472,-2.7712741442990354,-0.2207646949697542
1785124237.4500785,-2.7719293866859784,-0.21884835373317663
1785124237.4557312,-2.7726161120853505,-0.2168491981882938
1785124237.4608965,-2.77326512802123,-0.2149696923920865
1785124237.469161,-2.773935945058323,-0.21304033335505845
1785124237.4714236,-2.774598859907527,-0.21113991553936876
1785124237.476254,-2.7752814958165697,-0.20919510277241632
1785124237.4809754,-2.775955333512215,-0.2072808395393235
1785124237.4860423,-2.7766155475926744,-0.20541769703161566
1785124237.4921107,-2.7773114971416795,-0.2034606957708755
1785124237.496544,-2.7779969869013135,-0.20154524218499242
1785124237.4997065,-2.7786788909809528,-0.19965101906704347
1785124237.50548,-2.7793861893510914,-0.19769973767961527
1785124237.5100515,-2.7800903800207193,-0.19576676318036304
1785124237.5155056,-2.7807953518630426,-0.19384286841697043
1785124237.51956,-2.7815076354993047,-0.1919158635633767
1785124237.5260043,-2.7821747807001844,-0.19011964202550338
1785124237.5309489,-2.7828823310118453,-0.18822773515291674
1785124237.5357442,-2.783576548188989,-0.1863848358450427
1785124237.5405922,-2.7842841423378886,-0.18451583307241864
1785124237.547029,-2.7849040799624163,-0.18288877139217882
1785124237.550174,-2.785548512650606,-0.18120460464419905
1785124237.5557706,-2.786165817462348,-0.17960141130873628
1785124237.5616803,-2.7867639131485453,-0.17805730702766315
1785124237.5676906,-2.787383301141568,-0.17646934576627601
1785124237.5700889,-2.7879948356604247,-0.1749137461540621
1785124237.5758853,-2.7886049988015547,-0.1733695276155145
1785124237.5807056,-2.7892380506598613,-0.17177593023077264
1785124237.5849602,-2.789837556775143,-0.17027618616609516
1785124237.59058,-2.79045749031756,-0.16873553751214526
1785124237.5961142,-2.791056140463523,-0.16725487791575
1785124237.6001546,-2.7916209508664815,-0.1658639350071493
1785124237.60591,-2.7921967592927657,-0.1644542864445478
1785124237.6099594,-2.7927520875041134,-0.16310046843319687
1785124237.6157362,-2.7933103914118096,-0.16174663772211698
1785124237.6195197,-2.793860870551387,-0.1604173915150143
1785124237.6258354,-2.7944292792522774,-0.15905354499563068
1785124237.6312487,-2.795004039138918,-0.1576818622474182
1785124237.637557,-2.795594261249746,-0.15628405401485973
1785124237.6406634,-2.7961582160355265,-0.15495532371440482
1785124237.6455877,-2.796749304134812,-0.15356973041192715
1785124237.6500967,-2.7973513051281236,-0.1521628107979424
1785124237.6561687,-2.7979308912520584,-0.15081666563909316
1785124237.6602514,-2.7985159706020055,-0.14946556656126236
1785124237.668088,-2.7991214812988745,-0.14807482275076653
1785124237.6701221,-2.7997150457296343,-0.14671714082647175
1785124237.6756656,-2.8003320751302905,-0.14531592547970099
1785124237.680942,-2.8009166668255085,-0.143993379050159
1785124237.6854315,-2.80151046124184,-0.14265914210225977
1785124237.689902,-2.8021075517271203,-0.14132432770931666
1785124237.696821,-2.802682847653456,-0.1400434410163979
1785124237.6999066,-2.803226456271543,-0.13883870560038525
1785124237.7049482,-2.803774215982903,-0.13762991985098477
1785124237.710752,-2.804311961378846,-0.1364496409830382
1785124237.7159655,-2.8048387973038156,-0.1352966947823746
1785124237.7197978,-2.8053751444893797,-0.134130804774054
1785124237.725643,-2.8059368261839994,-0.13291625064210985
1785124237.73119,-2.806492013856083,-0.1317214985956251
1785124237.7357655,-2.8070211772632017,-0.13058888074465536
1785124237.7416024,-2.8075416859581916,-0.1294807861776594
1785124237.7465775,-2.8081479753161736,-0.12819668854473734
1785124237.7502007,-2.8087161934744618,-0.12699886954384804
1785124237.755449,-2.8093273098052984,-0.12571895670237845
1785124237.760155,-2.8099567450951297,-0.12440515536361223
1785124237.7686536,-2.810601575971658,-0.12306445749771472
1785124237.771156,-2.8112044273427546,-0.1218178702840287
1785124237.7755628,-2.811845401534811,-0.1204996816482296
1785124237.7809658,-2.8125290756821175,-0.11909675473658222
1785124237.78577,-2.813162790181772,-0.11780475831120285
1785124237.7910755,-2.813810085774533,-0.1164900600619649
1785124237.796543,-2.8144278803939367,-0.11523883640507049
1785124237.8001502,-2.814998712421585,-0.11408677941174987
1785124237.8058758,-2.8155386190580245,-0.1129987657908161
1785124237.8100212,-2.816111691419681,-0.11184799356224435
1785124237.815373,-2.8166948583902163,-0.11068103100742366
1785124237.8197222,-2.8172562322626686,-0.10956279269548022
1785124237.826284,-2.817838111934718,-0.10840821614536955
1785124237.831243,-2.81839066773396,-0.10731445466068323
1785124237.8349903,-2.8189289354901925,-0.10625280383464172
1785124237.841234,-2.819489932843871,-0.10514894660456506
1785124237.846684,-2.8200878787600394,-0.1039749604528766
1785124237.8500144,-2.820734352061442,-0.1027095887717987
1785124237.8554652,-2.8213981029648236,-0.10141101145002343
1785124237.8604798,-2.822070105308278,-0.10009859045931249
1785124237.870871,-2.822738323267593,-0.09879717773792332
1785124237.8752897,-2.82342628602014,-0.09746322285695651
1785124237.8810408,-2.824116187401237,-0.09612650557099636
1785124237.885686,-2.8248223316827668,-0.09476016956478953
1785124237.8919632,-2.8254723709062906,-0.09350416653328548
1785124237.8971677,-2.826199929016974,-0.09209876357204516
1785124237.9001117,-2.8269352437335584,-0.09068098693956847
1785124237.9059198,-2.827626801879613,-0.08934943963452927
1785124237.911115,-2.8283330006261,-0.08799212797719469
1785124237.916487,-2.829072564299971,-0.08657476251438827
1785124237.9210434,-2.8298056371245703,-0.08517033374599246
1785124237.9258025,-2.8305631447489703,-0.08371633568009482
1785124237.930893,-2.831288910753411,-0.08232672539653653
1785124237.9359007,-2.832034111916914,-0.08090051276572487
1785124237.941417,-2.8327642777673647,-0.07950534678993475
1785124237.9463701,-2.8334220654719076,-0.07824933604998727
1785124237.950385,-2.8340431928405176,-0.07706369627997374
1785124237.956362,-2.8346214591219807,-0.07596027154550107
1785124237.9610295,-2.835179582069239,-0.0748956962706063
1785124237.9662836,-2.835767898674362,-0.07377432398174232
1785124237.97248,-2.836349598026976,-0.07266417717460091
1785124237.975487,-2.8369130149912354,-0.07158927980636956
1785124237.9811726,-2.837474777959751,-0.07051673364703281
1785124237.9857414,-2.838032928668473,-0.06945409174313441
1785124237.9904084,-2.838596733772406,-0.0683819224161227
1785124237.9967053,-2.8391808920234496,-0.06727423491661988
1785124238.001287,-2.8397532097247913,-0.0661898220794292
1785124238.0052207,-2.8403408592342045,-0.06507913117817107
1785124238.0101116,-2.840929159725219,-0.0639672484775399
1785124238.0154793,-2.841485690611464,-0.06291812759109351
1785124238.019969,-2.8420773013814062,-0.06180415757443057
1785124238.0253947,-2.8426685613528546,-0.06069390884143015
1785124238.0317755,-2.843271440974409,-0.05956391195044906
1785124238.0351443,-2.8438480446502608,-0.058484707211330825
1785124238.041346,-2.8444425042780734,-0.05737340011048618
1785124238.048449,-2.8450111530438473,-0.056312708371942584
1785124238.0505035,-2.845559849627026,-0.055293495235853966
1785124238.0549574,-2.846061143419976,-0.054364982671949294
1785124238.0622013,-2.8465748820698327,-0.05341567124343496
1785124238.0674272,-2.8470933569187684,-0.052459995128218306
1785124238.075645,-2.847621373134089,-0.051489759800965394
1785124238.081998,-2.8481169139734868,-0.05058308418251825
1785124238.0849109,-2.8486295045728998,-0.049650203285714956
1785124238.0907564,-2.849175196166453,-0.04865904895616428
1785124238.0962675,-2.849707597010686,-0.04769501894432152
1785124238.1003468,-2.8502579846187026,-0.046702173195533575
1785124238.1054463,-2.8507875465940287,-0.04575117515035621
1785124238.111093,-2.8513210975791727,-0.04479613147348664
1785124238.1158926,-2.851878133718961,-0.04380117707788757
1785124238.119545,-2.852397470759838,-0.04287607072718129
1785124238.1272564,-2.852929746110596,-0.041931188119726945
1785124238.1310136,-2.8534922958230573,-0.04093707491242625
1785124238.1351912,-2.85405585483443,-0.039944532014426104
1785124238.1407106,-2.8546073819576647,-0.03897680347881737
1785124238.1466622,-2.8552011925411946,-0.03793709973483144
1785124238.1496012,-2.855870543056045,-0.0367698807322903
1785124238.1556375,-2.8565350781438505,-0.035612635427921584
1785124238.1612768,-2.8572076046885453,-0.034445426825545196
1785124238.1656187,-2.8578938444463713,-0.03325854721709469
1785124238.1696558,-2.8585683180491657,-0.032096218308530926
1785124238.1794436,-2.8592740767943976,-0.03088395712385226
1785124238.184669,-2.859973579218614,-0.02968728523618022
1785124238.1862638,-2.8606584414679217,-0.028521301432649672
1785124238.191204,-2.8613458044303193,-0.027354513875516878
1785124238.1963701,-2.862078014030442,-0.026115036838175495
1785124238.1999793,-2.862807379473426,-0.02488594919845083
1785124238.2058082,-2.8635922810714782,-0.02356638982397229
1785124238.2110114,-2.864348911540083,-0.02229891838565937
1785124238.2164102,-2.865153990964193,-0.02095359472623847
1785124238.2207367,-2.865940491327737,-0.01964632334190828
1785124238.2258058,-2.8667431371846104,-0.018317792316082732
1785124238.231033,-2.867540441373647,-0.017001176634357785
1785124238.2364588,-2.8683157730104467,-0.015725577833538392
1785124238.2402086,-2.869115416459176,-0.014414390262646976
1785124238.2471097,-2.8698600215947283,-0.013197661267856101
1785124238.2503288,-2.870511647811766,-0.012135338223275892
1785124238.2550578,-2.871162672545897,-0.01107731435143857
1785124238.263693,-2.8718150987674,-0.010021344638627945
1785124238.2657452,-2.872449041883798,-0.008999863337492676
1785124238.2701716,-2.8730919274479496,-0.007969931835039095
1785124238.2807806,-2.8737507861722635,-0.006920148260458057
1785124238.282688,-2.8743863097300544,-0.005912906435251263
1785124238.285125,-2.8750327716081734,-0.004892272002468618
1785124238.2909951,-2.875694813589254,-0.0038524908496188246
1785124238.298013,-2.8762603818220764,-0.002969350288853559
1785124238.3000133,-2.8767788535662024,-0.0021635118865546915
1785124238.3051188,-2.8772813640220716,-0.001387338442672403
1785124238.3101437,-2.8777673868960965,-0.0006399205135837054
1785124238.3155458,-2.8782670510766155,0.00012360972015648187
1785124238.321375,-2.878770742983256,0.0008894342762803433
1785124238.325946,-2.8792805325037683,0.0016594361803741369
1785124238.331151,-2.879792815389676,0.002429231441215448
1785124238.3354163,-2.880290222718316,0.0031736495620488226
1785124238.3411686,-2.880800315548641,0.003933397018900491
1785124238.347735,-2.881254390781247,0.004605499396130011
1785124238.3512015,-2.8816878426468526,0.005243483579541037
1785124238.3551962,-2.8821173187802307,0.005872251620725644
1785124238.3621454,-2.882543811000518,0.006494460804165392
1785124238.3659425,-2.882954157368533,0.007089676933451471
1785124238.3699,-2.883364341523308,0.007680988267094254
1785124238.3783758,-2.883778673689563,0.008275204921729408
1785124238.3812582,-2.88416586356922,0.008826870399469885
1785124238.3856857,-2.8845747743015995,0.009405997487560585
1785124238.3900702,-2.8850013643251997,0.010005999525358803
1785124238.397339,-2.8854296838843445,0.010605826189102793
1785124238.400468,-2.8858592491380923,0.011204282338178651
1785124238.4056747,-2.886296608972148,0.011811271016365801
1785124238.411634,-2.886731807575889,0.012412528599308725
1785124238.4165516,-2.8871629952074733,0.013005360821129255
1785124238.420223,-2.8876036408369172,0.013608877520258916
1785124238.426345,-2.888034726771147,0.01419666322087477
1785124238.4324806,-2.888473255432035,0.014791787164138724
1785124238.435937,-2.888919500359535,0.015394438718900786
1785124238.4405067,-2.889352458261814,0.01597707820376694
1785124238.446226,-2.8897614821054876,0.016525584890222485
1785124238.450738,-2.8901776195616926,0.017082273087621183
1785124238.4551342,-2.890588142925502,0.017630110034319198
1785124238.4605753,-2.8910006739253267,0.01817934998951057
1785124238.465808,-2.8914234046058773,0.018741457307727513
1785124238.4698217,-2.8918408897053562,0.019295641433691012
1785124238.480149,-2.892254105666549,0.019843022357269553
1785124238.4825404,-2.8926550604888064,0.02037218847425648
1785124238.48543,-2.8930565405365867,0.020901515744782245
1785124238.4896717,-2.893462303385777,0.021434746829914742
1785124238.5005586,-2.8938746212397586,0.02197537817320617
1785124238.5010986,-2.8942713825277204,0.02249459839510582
1785124238.5052598,-2.8946419845044926,0.022978018114948335
1785124238.512804,-2.8950362833860446,0.023491187884742307
1785124238.515009,-2.8954328740913655,0.024005834047821552
1785124238.52075,-2.895808717576077,0.02449180389083307
1785124238.5252414,-2.89617401746802,0.02496227746478685
1785124238.532177,-2.8965425524631567,0.02543488891333435
1785124238.535572,-2.896910605970559,0.025904768411046587
1785124238.5399096,-2.897283292695742,0.02637891322180659
1785124238.5473146,-2.8976610637655056,0.02685766472561741
1785124238.5504787,-2.8980302846679136,0.027322950380728586
1785124238.5552988,-2.898399822160292,0.027785483718462466
1785124238.5612462,-2.8987767712199646,0.02825527926167495
1785124238.5662792,-2.8991459225312863,0.028712172349068074
1785124238.5702295,-2.8995052793620215,0.029153609636511386
1785124238.5780606,-2.8998633449570264,0.029590924890982636
1785124238.580808,-2.9002121328881083,0.030014328598101325
1785124238.5859103,-2.900564997727537,0.03044027610563282
1785124238.589872,-2.900912919937788,0.030856892876491588
1785124238.5975122,-2.901282322547287,0.03129618037194652
1785124238.599597,-2.901646335746999,0.031725685819352416
1785124238.6055706,-2.9020132082031886,0.03215594300362328
1785124238.6110356,-2.902382736584522,0.03258620258936024
1785124238.6153467,-2.9027399534453027,0.032999272902216416
1785124238.6206672,-2.9030849600701574,0.0333958248054038
1785124238.6268096,-2.9034090382832103,0.03376553238808259
1785124238.6318483,-2.9037591461709384,0.034162375658764815
1785124238.6346476,-2.9041257263971882,0.03457502850896258
1785124238.6398256,-2.904466612833289,0.03495591188396777
1785124238.6479223,-2.904881564739899,0.035417615897645895
1785124238.6498885,-2.9053622522688323,0.03594923846172539
1785124238.6549788,-2.9058557046395057,0.036491485866462725
1785124238.6614053,-2.906332909996129,0.03701259142819441
1785124238.666439,-2.906824908233423,0.037547338569549074
1785124238.6706834,-2.9073420512208643,0.03810670181033885
1785124238.6787713,-2.9078459855769494,0.03864780140148287
1785124238.6835725,-2.9083543393742954,0.0391891809468107
1785124238.6889634,-2.9088543209811366,0.03971914831055807
1785124238.6914074,-2.9093569346449937,0.04024848383406571
1785124238.6988704,-2.9098536476633696,0.04076914191003007
1785124238.7039406,-2.910359008857842,0.04129652551737757
1785124238.7071822,-2.9109639657569577,0.04192528043390302
1785124238.7173078,-2.911591542859759,0.042575500076855975
1785124238.720243,-2.912239949845985,0.04324448700763999
1785124238.7234983,-2.912892803368167,0.043915390874020084
1785124238.7259884,-2.9135563583013444,0.04459448738357093
1785124238.7350478,-2.9142212987403617,0.045272486046750035
1785124238.7402496,-2.9148995137170512,0.0459619582485979
1785124238.7433972,-2.915613877774086,0.04668642486055535
1785124238.750183,-2.9163032046156614,0.04738197365110642
1785124238.7518985,-2.9170824887177753,0.048165584103888784
1785124238.759452,-2.917900063322258,0.04898375155829117
1785124238.767915,-2.9187688523711928,0.049852812862431914
1785124238.7684596,-2.9196058206482953,0.05068686588470041
1785124238.7706423,-2.920437201670396,0.05151274266609985
1785124238.7791378,-2.9212883490641666,0.05235480219907433
1785124238.7817426,-2.9220928770029673,0.05314777594543347
1785124238.7858844,-2.922936813384717,0.05397707210506381
1785124238.7902539,-2.923793998207321,0.05481566438390891
1785124238.796305,-2.924682815300064,0.05568202617124368
1785124238.800108,-2.9256342195719744,0.05660801681583642
1785124238.8053648,-2.9266390969052254,0.057582933774521006
1785124238.812189,-2.927625808381573,0.05853649271992366
1785124238.8159616,-2.9286015010944095,0.05947695866143191
1785124238.8199792,-2.9295578948030667,0.06039635513822288
1785124238.829536,-2.9305353630345836,0.061333023881946086
1785124238.8330972,-2.9314782606809073,0.062233981736623464
1785124238.835114,-2.932437789463394,0.06314935887363031
1785124238.8407605,-2.933428229233571,0.06409215831397326
1785124238.846179,-2.934395563885407,0.06501024872842427
1785124238.8540075,-2.9354041711352457,0.06596405871126507
1785124238.8553014,-2.9363985746055388,0.06690245815096273
1785124238.8603215,-2.9373652926968927,0.06781206736525335
1785124238.8674276,-2.9383889877809817,0.06877237511554225
1785124238.8713186,-2.9393921692230367,0.06971264239946846
1785124238.882622,-2.9403698825200895,0.07062684789564597
1785124238.8862653,-2.941337437686841,0.07152899807962199
1785124238.8898816,-2.9423087653281774,0.07243301944347556
1785124238.8962638,-2.94328219675239,0.0733373389931699
1785124238.9001348,-2.944286146885756,0.07426917986175083
1785124238.9055283,-2.945306955502442,0.07521437572568469
1785124238.911301,-2.946294924213956,0.0761263869218292
1785124238.915872,-2.947309948909678,0.07706235144227415
1785124238.9202254,-2.948286556055635,0.07796344107604192
1785124238.9273577,-2.9492934544453773,0.07889321258453277
1785124238.9309003,-2.9502677858644555,0.07979008511002893
1785124238.93594,-2.951278410000867,0.08072017554024401
1785124238.9397979,-2.952339638679116,0.08169582786805661
1785124238.9488711,-2.9532811324449804,0.08256031635774459
1785124238.9504206,-2.9541451378695096,0.08335267908056504
1785124238.9556615,-2.955040162581658,0.08417423052079925
1785124238.962012,-2.955958897401961,0.08501799749111759
1785124238.9662578,-2.956849583972726,0.08583493545296929
1785124238.9703717,-2.9577210081291443,0.08663324033587629
1785124238.9762726,-2.9585994154679525,0.08743751281803917
1785124238.988962,-2.959509987353789,0.08827035370097118
1785124238.9945905,-2.9604266280709144,0.0891081256619496
1785124238.997642,-2.9613185563213777,0.08992452540199679
1785124238.999975,-2.962201727009424,0.0907313868628098
1785124239.0057092,-2.96307834541802,0.09153281240194773
1785124239.011132,-2.9639798272566846,0.0923554764151617
1785124239.0158706,-2.964851952434091,0.09315036504649174
1785124239.020627,-2.9657977221331584,0.0940116516146846
1785124239.026504,-2.966690616153876,0.09482583605335876
1785124239.0319765,-2.967593828041167,0.09564831995748009
1785124239.0360534,-2.9684814537847757,0.09645497878961122
1785124239.040932,-2.9693711291914204,0.0972629093052048
1785124239.0470457,-2.9702860397899373,0.09809308432262244
1785124239.0513372,-2.9712142999734525,0.09893243642465804
1785124239.055353,-2.9721037686682266,0.09973385268900199
1785124239.06668,-2.9730501218368763,0.10058361417202276
1785124239.0677295,-2.9739240195513306,0.10136641208204622
1785124239.0702193,-2.974861654107215,0.10220367169883522
1785124239.0854082,-2.975785763168193,0.10302638284457466
1785124239.0874,-2.976744555670794,0.10387747007203196
1785124239.0956194,-2.977673291690226,0.10469959022369017
1785124239.1080525,-2.9786315634184484,0.10554664931666959
1785124239.1100698,-2.979583351638147,0.1063863559470356
1785124239.1153507,-2.9805379452739027,0.10722608608687463
1785124239.1171484,-2.9814841679960336,0.10805491539744462
1785124239.1186597,-2.9824195210445823,0.10887185552723531
1785124239.1285381,-2.983345699389255,0.10967738771929621
1785124239.1310704,-2.9843204776400127,0.11052326141537111
1785124239.1328177,-2.985319785587775,0.1113877812436941
1785124239.1479006,-2.986333042782771,0.11226247025481559
1785124239.1496105,-2.9873160209606375,0.11310729282807155
1785124239.1524363,-2.9883722446134136,0.1140126205513285
1785124239.157472,-2.9894547516862717,0.11493665343335255
1785124239.168424,-2.9905407734222407,0.1158618771063886
1785124239.172663,-2.9916165126956886,0.11677597343392623
1785124239.180935,-2.9927272914481904,0.11771619078354972
1785124239.1848924,-2.993819023589327,0.11863607504717563
1785124239.1989763,-2.994956243531391,0.1195879037597358
1785124239.1998556,-2.9960366905065037,0.12048781046686972
1785124239.2030313,-2.997147163145954,0.12140695657401027
1785124239.2200549,-2.99824239007465,0.12230664410920859
1785124239.2222857,-2.9993479315980425,0.12320849162965311
1785124239.236501,-3.0004732295942538,0.1241196466038628
1785124239.2406263,-3.0016370293492263,0.12505481200202478
1785124239.2525158,-3.002769559849388,0.12595917838147325
1785124239.2638743,-3.003900476508273,0.1268562617187347
1785124239.2747781,-3.0050360949795314,0.12775045047883998
1785124239.2761452,-3.0061894907464066,0.12865193975354233
1785124239.289003,-3.007331704757623,0.129538202999619
1785124239.2899344,-3.0084560345720583,0.13040457473056447
1785124239.3055022,-3.0095988500081448,0.13127751357275386
1785124239.3224714,-3.0107427523341364,0.13214532529559314
1785124239.3248591,-3.0118919784344627,0.13301083426280533
1785124239.3873303,-3.013021693237486,0.13385541812457777
1785124239.3889508,-3.0141833189847187,0.13471675710110165
1785124239.3907495,-3.0153394091411103,0.1355662769162824
1785124239.392243,-3.016554890103764,0.1364519263450651
1785124239.3997333,-3.0177432538844107,0.13730995397393586
1785124239.4042199,-3.018931492896275,0.13816062326303394
1785124239.406301,-3.0201145256832027,0.13900094058865314
1785124239.4170268,-3.0212929621273323,0.1398327014603563
1785124239.4225905,-3.0224726692719064,0.14066080217268798
1785124239.4260693,-3.02364914417293,0.1414811253973229
1785124239.4452372,-3.0248157865657013,0.14228711707455063
1785124239.447089,-3.0259984456081117,0.14309658631990482
1785124239.4489594,-3.0272000141138498,0.14391392847187479
1785124239.4544072,-3.028403836008216,0.14472873482252574
1785124239.4663925,-3.02964222468542,0.14556269862289084
1785124239.4717045,-3.0309655210776425,0.14644799108028522
1785124239.4759746,-3.0323334668152637,0.14735827588988884
1785124239.4912903,-3.033665132458179,0.14823853470115028
1785124239.4921336,-3.0350590504469883,0.14915437317059446
1785124239.4965358,-3.036484113157608,0.15008495083862364
1785124239.5100162,-3.0379168512837444,0.15101595814883204
1785124239.5137322,-3.039409882681516,0.15198017952974854
1785124239.5193236,-3.0408738449719945,0.15292143334405994
1785124239.5324547,-3.0423905589455127,0.15389373244505292
1785124239.5338833,-3.0439384830852942,0.15488242467067329
1785124239.5420232,-3.0454833132130124,0.15586565671657024
1785124239.5455225,-3.0470335036572314,0.15685046808944564
1785124239.5627534,-3.048609879962771,0.15784772779254053
1785124239.564467,-3.0502416279713196,0.1588773028992695
1785124239.5656345,-3.0519318838877423,0.15994143801129632
1785124239.5704324,-3.0535729013879935,0.1609717198641958
1785124239.571884,-3.0552450511359925,0.1620197608644982
1785124239.5759232,-3.056916830562526,0.16306608731769473
1785124239.5832067,-3.058577934885278,0.16410612837419725
1785124239.5890107,-3.0602179771478064,0.1651335446201905
1785124239.5941803,-3.0618902074053844,0.16617939198302917
1785124239.5983467,-3.0635796374136106,0.16723358254068468
1785124239.6073027,-3.0653084968124618,0.16831000465149668
1785124239.6204538,-3.067046549647401,0.16939011297963869
1785124239.6221068,-3.068733638555342,0.17043841343568875
1785124239.6231437,-3.0704433618946982,0.17149979496832118
1785124239.6259367,-3.072150716589565,0.1725581023659501
1785124239.6420436,-3.0738840713246995,0.17363199237481935
1785124239.6427958,-3.0756058495620566,0.174698793362168
1785124239.643894,-3.0773005112106007,0.17574990334943605
1785124239.6499906,-3.078827569242283,0.17669883749038712
1785124239.6527138,-3.0802998371633086,0.1776125895308435
1785124239.6611295,-3.081768808189784,0.17852320082380352
1785124239.665729,-3.083211646997115,0.1794175263191271
1785124239.6676328,-3.0846465953188993,0.18030497783683
1785124239.6704168,-3.086035686550157,0.18116322635278378
1785124239.6807308,-3.0874930985603024,0.18206338232919952
1785124239.683301,-3.088916688155468,0.18294282750941473
1785124239.6861002,-3.090376385363704,0.18384300035887094
1785124239.6907997,-3.09178684604319,0.18471099737644975
1785124239.6998868,-3.09330819226604,0.18564590082464427
1785124239.7018206,-3.094886066627977,0.18661400711375115
1785124239.70456,-3.0965124473239314,0.18760920690725089
1785124239.7101717,-3.0981654971312778,0.18861815338396148
1785124239.7155735,-3.09986680024392,0.18965536301842095
1785124239.7199528,-3.101531292957542,0.1906684115005546
1785124239.7246294,-3.10322198149803,0.19169453001114228
1785124239.7312357,-3.104845233599167,0.19267844732295905
1785124239.7353776,-3.106552673230255,0.19371076893598693
1785124239.7395394,-3.108182951794449,0.19469561207973685
1785124239.7470067,-3.10978486927879,0.1956616385300767
1785124239.7501657,-3.111400401274368,0.19663384050685723
1785124239.756532,-3.1129644202958464,0.19757214037567822
1785124239.761606,-3.1145916177044266,0.198547223931323
1785124239.7655227,-3.116146280334187,0.19947616696962855
1785124239.7699,-3.1177325912322478,0.2004210698273574
1785124239.7748792,-3.1193677497608774,0.20139318321301006
1785124239.7809286,-3.1209721363568392,0.20234406887023038
1785124239.785895,-3.12251886021518,0.20325932913028286
1785124239.7897766,-3.124128719963364,0.2042101466146916
1785124239.7969582,-3.1257732726657013,0.20517984711111611
1785124239.7996576,-3.1274049844290395,0.20613784080110784
1785124239.8057399,-3.12897094485628,0.20705692311098017
1785124239.8098345,-3.130594595146564,0.20800774386490078
1785124239.8162148,-3.132239396338147,0.20896943771273568
1785124239.8200533,-3.133827458855565,0.20989309794261016
1785124239.8255925,-3.135463062503372,0.21084125853700264
1785124239.8311157,-3.1370869920411044,0.21177851119720087
1785124239.8366838,-3.1387359292758297,0.21272645169260165
1785124239.8398783,-3.1403389277921674,0.21364549035339928
1785124239.8472438,-3.142031142859527,0.21461071662557124
1785124239.8506432,-3.143734677395781,0.2155767619159184
1785124239.8570604,-3.145475977071013,0.21655898173482852
1785124239.8658893,-3.1472820773365693,0.21757473084491466
1785124239.867144,-3.1490182152299284,0.21854572373055894
1785124239.8717368,-3.150767625662234,0.2195213359930355
1785124239.8772478,-3.1525444584546563,0.220508580436895
1785124239.880696,-3.154304030769378,0.2214811575291342
1785124239.88542,-3.15603323569157,0.22243317633968143
1785124239.8896434,-3.1578220784299385,0.2234136746003572
1785124239.896731,-3.1595912108942104,0.22437879655606882
1785124239.9003472,-3.1613343455056135,0.22532353214915896
1785124239.9054394,-3.163105899083548,0.22628019342728836
1785124239.9101796,-3.1648906328569275,0.22723929405455134
1785124239.9157512,-3.1666137031138253,0.22815937493385016
1785124239.9201574,-3.168400258437263,0.2291063216429366
1785124239.9249628,-3.1701352534283336,0.23002063593101976
1785124239.9316692,-3.171894140310896,0.23094210593596598
1785124239.9353037,-3.1736723176305532,0.23186892235599263
1785124239.9399908,-3.1754453350044876,0.23278924202430068
1785124239.9474912,-3.1771509911547158,0.23366978278826842
1785124239.9504323,-3.178762772015102,0.23449797626038923
1785124239.9586475,-3.1803650817409195,0.23531773695904917
1785124239.9639506,-3.1819834777165696,0.2361422789284645
1785124239.9659946,-3.1835763976212803,0.23695022801456267
1785124239.9696336,-3.1851945410645626,0.23776637983652568
1785124239.9745047,-3.1867668013625834,0.23855676769463857
1785124239.9809422,-3.188386546483614,0.23936781475147936
1785124239.9853384,-3.1899873777626344,0.2401661283248059
1785124239.9901493,-3.191602630007686,0.2409672204215474
1785124239.9965954,-3.193176689492164,0.24174543829352257
1785124240.0002089,-3.1947486839441073,0.24251897955469506
1785124240.0061722,-3.1963681696412793,0.243313146730425
1785124240.0107038,-3.197997713469107,0.24410781601135897
1785124240.0151684,-3.1996413362867626,0.24490515149424733
1785124240.0205746,-3.2012276219215345,0.24567250585370695
1785124240.0250924,-3.2027335210350003,0.24639758306191023
1785124240.0313568,-3.2042698880514866,0.2471343224489914
1785124240.0356977,-3.20581431122655,0.24787360774669143
1785124240.0401654,-3.207303486097097,0.24858418736826182
1785124240.046733,-3.2087828277018637,0.24928698057029322
1785124240.0505044,-3.210343915017166,0.2500264638339405
1785124240.0579162,-3.2118575311193722,0.2507411184887484
1785124240.0628178,-3.213319550235851,0.25142719734431934
1785124240.0656867,-3.214835941205686,0.25213509834494685
1785124240.0700488,-3.2163262084361617,0.2528274826778674
1785124240.07492,-3.2177940568136933,0.2535075280822469
1785124240.0816696,-3.219300604909292,0.25420135393832993
1785124240.0867367,-3.2207623164993135,0.25486997125454336
1785124240.0897336,-3.2222467481074863,0.2555458582644124
1785124240.0983057,-3.22380242183965,0.25625097191196916
1785124240.1004941,-3.2254280145238647,0.25698443326150205
1785124240.1048324,-3.227049477621761,0.25771273549557155
1785124240.1096702,-3.2287412675743874,0.2584689008746091
1785124240.1161325,-3.230375663319613,0.25919615449762484
1785124240.1198606,-3.23201545377102,0.2599233770148213
1785124240.125787,-3.233684344485886,0.26066086963348667
1785124240.1306977,-3.2353805877588595,0.261405697059669
1785124240.136941,-3.2370708299280486,0.2621448906353187
1785124240.13955,-3.2387246928917057,0.26286618491903196
1785124240.1486514,-3.2404146828885825,0.26359970084786555
1785124240.1510997,-3.242021338387547,0.26429409893421363
1785124240.1567116,-3.243686531873062,0.26501248083424855
1785124240.1596334,-3.2454123218532964,0.2657538264294519
1785124240.1659408,-3.2471149340978527,0.26648084059628335
1785124240.1699302,-3.248761956709522,0.2671799768931757
1785124240.1750097,-3.250470900012664,0.2679029138224232
1785124240.1814032,-3.2521962548908765,0.26862813653119594
1785124240.185273,-3.2539104894222413,0.2693462213364329
1785124240.189786,-3.255602937669795,0.2700522741843949
1785124240.196818,-3.257318337680018,0.27076544630850324
1785124240.200214,-3.2590435727866343,0.2714795308720139
1785124240.2061641,-3.2606850876663422,0.2721558590888333
1785124240.2100124,-3.262350215847442,0.2728384552733919
1785124240.2160327,-3.2640559961622744,0.2735315857111763
1785124240.2203982,-3.265722126963467,0.2742042227969203
1785124240.2259297,-3.267420380410721,0.27488649225411965
1785124240.232904,-3.269132690904842,0.27557099852331846
1785124240.2357132,-3.2708375217404875,0.27625066356955785
1785124240.2406127,-3.2725357727600812,0.27692477060646525
1785124240.2492263,-3.2741879744202484,0.2775787622865919
1785124240.2519467,-3.275819018140777,0.2782220250170317
1785124240.257832,-3.277397107285365,0.2788422689997113
1785124240.2640646,-3.2790056574803925,0.27947165447308137
1785124240.2663093,-3.2806445093398096,0.2801104733056294
1785124240.2718284,-3.28221808899704,0.28072255178325156
1785124240.2783828,-3.283837920312509,0.2813506959048774
1785124240.281601,-3.285450881652675,0.28197537413270485
1785124240.2866747,-3.2870658688187198,0.2825984189106437
1785124240.2899582,-3.28872339132316,0.28323550951069026
1785124240.2970119,-3.2903325197780036,0.2838526503159097
1785124240.3011982,-3.2919987387131293,0.2844913760825143
1785124240.3059115,-3.293640082974358,0.28512032658168573
1785124240.310596,-3.295296081382693,0.28575257981173896
1785124240.3162706,-3.2969706792395588,0.28639055996175644
1785124240.3210714,-3.2986842627856627,0.28704149277386115
1785124240.3255956,-3.3003472769014865,0.2876694991395006
1785124240.3339663,-3.3020713389958165,0.2883175387439724
1785124240.3398707,-3.303741427828234,0.2889428213140353
1785124240.3411422,-3.305426568555202,0.2895706259272439
1785124240.3480835,-3.3071446988936715,0.2902077220107949
1785124240.3499517,-3.308852038849945,0.29083782282872656
1785124240.3573475,-3.310559768009865,0.2914628715769869
1785124240.3603735,-3.3122950415612227,0.29209471604804954
1785124240.3661768,-3.3140068160760956,0.29271360435499655
1785124240.369854,-3.3157294433703375,0.2933299805728908
1785124240.3753963,-3.3175017313523942,0.29396030831846137
1785124240.3815055,-3.319249667204035,0.2945777645760448
1785124240.3858197,-3.320949700132522,0.2951728460486265
1785124240.3895772,-3.3226886248613314,0.2957739894299583
1785124240.3967102,-3.3245769690269067,0.29641894200263114
1785124240.400043,-3.3265405989161754,0.2970811064574862
1785124240.4050324,-3.328473438237054,0.29772483738727096
1785124240.4128194,-3.3303322610292465,0.2983370273069335
1785124240.4153705,-3.332305428286141,0.29897863153927035
1785124240.4209805,-3.3342540392638274,0.2996036917020379
1785124240.4258866,-3.336195080594464,0.30021950211401727
1785124240.4327457,-3.338243102966115,0.3008611356038324
1785124240.4354575,-3.3401923430431983,0.30146464544661383
1785124240.4403348,-3.3421366194310367,0.302059831810701
1785124240.4488232,-3.344090578202346,0.30265296433234734
1785124240.4502683,-3.346068136013219,0.3032449096738824
1785124240.4578426,-3.3480228274933657,0.30382308442483774
1785124240.461125,-3.349978881940855,0.30439353890558873
1785124240.4664226,-3.3519497378702594,0.3049629335257486
1785124240.470423,-3.353972402128053,0.30553939380934214
1785124240.4754765,-3.355894209789492,0.30607971747754803
1785124240.4816005,-3.357906041288327,0.3066383898471375
1785124240.486336,-3.3598702882103546,0.3071777712291901
1785124240.4902735,-3.361851221576128,0.3077174298001029
1785124240.49684,-3.3638552255699157,0.30825957845354557
1785124240.499997,-3.365783480447163,0.30877636353524546
1785124240.5058486,-3.367768786928135,0.30930285563288556
1785124240.5115511,-3.3697338143079643,0.30982018026407304
1785124240.5163436,-3.3717832157875023,0.31035665052762024
1785124240.5209157,-3.3737057777427175,0.31085651286413923
1785124240.5256093,-3.3757483488796476,0.3113815569052028
1785124240.5315046,-3.3777680504512797,0.31189683733270523
1785124240.535821,-3.3797658631842595,0.31240144018469285
1785124240.5400813,-3.381756921597765,0.31290046839349417
1785124240.5476499,-3.38374054239446,0.31339639908752137
1785124240.5535667,-3.3857728501454574,0.3139025968102566
1785124240.558899,-3.387867172065191,0.3144223209705063
1785124240.561455,-3.3897765868451915,0.3148922217819579
1785124240.5673552,-3.3917679515555603,0.31537996876318425
1785124240.5710342,-3.3937549783776255,0.31586524877255645
1785124240.5763996,-3.395839751459342,0.3163734060347998
1785124240.5818734,-3.3977822662394455,0.31684694420297815
1785124240.586802,-3.399746603443277,0.31732390440808017
1785124240.590711,-3.40172658834233,0.31780571980919003
1785124240.5977738,-3.4036866571641458,0.3182828233862211
1785124240.6006937,-3.4055922429524097,0.31874692443899255
1785124240.6055381,-3.407504818607693,0.31921311776385863
1785124240.6101718,-3.4093692015847212,0.3196686028054388
1785124240.616071,-3.411175091331272,0.32011143574960205
1785124240.6200714,-3.4130038789197954,0.3205605644218515
1785124240.6257,-3.414798087278479,0.3210014794681516
1785124240.6319396,-3.4166132527497193,0.3214489939020983
1785124240.635889,-3.4184872028954443,0.3219093574060202
1785124240.6407757,-3.4202458435404095,0.32234130446659465
1785124240.6479511,-3.4221367116648342,0.3228060262801108
1785124240.6522741,-3.4240469947071617,0.32327624990751785
1785124240.6589744,-3.4260664577536906,0.32377365318634793
1785124240.6630008,-3.4279945927801165,0.32424774423814473
1785124240.6666734,-3.429919113229146,0.32472270611862153
1785124240.67037,-3.4319581777450665,0.32522586452682156
1785124240.6757476,-3.433883358871222,0.3257001706732004
1785124240.681704,-3.435837822752338,0.3261837232717722
1785124240.6859384,-3.437787930020109,0.3266668790419882
1785124240.6901531,-3.4398564537647984,0.32718046919648563
1785124240.6973865,-3.441826586378699,0.3276696037896211
1785124240.7002356,-3.4438322643904224,0.3281677662608823
1785124240.7052114,-3.445727745098312,0.32863995362352894
1785124240.7125885,-3.447712156759221,0.3291327293263581
1785124240.7161083,-3.44967541033239,0.3296208260457306
1785124240.720292,-3.451671180572797,0.3301169559274185
1785124240.7255766,-3.4536071234032875,0.33060028692780835
1785124240.7325764,-3.4555768119617065,0.3310912828201303
1785124240.7353482,-3.457503262051529,0.33156895756699073
1785124240.7402616,-3.4594594196098023,0.332056363286432
1785124240.7475605,-3.4613662624802792,0.33253223496505757
1785124240.7516272,-3.46330060757089,0.33301445059918233
1785124240.7573674,-3.4651906178146095,0.3334855294649915
1785124240.7594154,-3.4670805324202196,0.33395774485827395
1785124240.7657473,-3.4690551083930625,0.33445009124742725
1785124240.770224,-3.4709604855532064,0.334924978315685
1785124240.774384,-3.472856258716036,0.335396837304285
1785124240.781207,-3.4747368493776287,0.3358654227912448
1785124240.785429,-3.4766107703438904,0.33633246940792394
1785124240.7898936,-3.4785910047374187,0.3368245799480501
1785124240.7976024,-3.4805411517487737,0.33730814353036465
1785124240.8,-3.4824310740682276,0.3377744080919393
1785124240.805887,-3.484315846907951,0.3382377806052625
1785124240.810257,-3.48634779373442,0.33873575265306727
1785124240.8157706,-3.488300507020168,0.33921252944829966
1785124240.820134,-3.4901991714973617,0.3396744135414371
1785124240.8258598,-3.492255320742179,0.34017010221924165
1785124240.8315313,-3.4942101934272904,0.34063865726165743
1785124240.8357158,-3.4961556061696015,0.34110139895239894
1785124240.8402174,-3.4981141351018414,0.34156335613429983
1785124240.8472638,-3.500097150097427,0.34202677995785374
1785124240.8500457,-3.502077608731379,0.3424845443244149
1785124240.8567154,-3.5040236178235604,0.3429276661096752
1785124240.8598967,-3.506016819983152,0.3433772767298843
1785124240.8660016,-3.5079881189741773,0.34381708258937477
1785124240.8705103,-3.509926402495594,0.3442453765539281
1785124240.8748991,-3.511904598561994,0.3446769039289501
1785124240.881159,-3.513842650555018,0.34509354842256185
1785124240.8859394,-3.5158379362652026,0.3455180840707652
1785124240.8900104,-3.517793584977926,0.3459298323174436
1785124240.8962111,-3.519748746646076,0.34633529326614926
1785124240.8999949,-3.521753526630055,0.3467431164563137
1785124240.9047146,-3.5237531265493107,0.3471436228184044
1785124240.9098063,-3.5257847070110264,0.3475445249509926
1785124240.9164224,-3.527780631774696,0.347930470060504
1785124240.9199004,-3.5297328644095534,0.34830281835870536
1785124240.9260519,-3.5317429455230234,0.3486787698466734
1785124240.9311788,-3.533719231572524,0.3490421453531455
1785124240.9357784,-3.5356356778578966,0.34938693043274177
1785124240.9404309,-3.5375604487717762,0.34972556179482417
1785124240.946753,-3.539525991214553,0.3500654230991331
1785124240.9509504,-3.541558018127112,0.35040973943503495
1785124240.9561462,-3.543568632500089,0.35074366568940124
1785124240.9595413,-3.5455591801116473,0.35106608854718085
1785124240.966391,-3.547555401512007,0.35138126550695936
1785124240.97081,-3.5494650579722404,0.35167728221437966
1785124240.9746299,-3.5514235419525457,0.35197518161982805
1785124240.9817154,-3.5533617184960504,0.35226367069566533
1785124240.9857512,-3.5553055514407186,0.35254853422480315
1785124240.9895484,-3.557211449052949,0.3528203239368551
1785124240.9970522,-3.5592432374195684,0.3531047593979494
1785124241.0007374,-3.5612219438557733,0.35337536796135205
1785124241.005464,-3.563222380625024,0.35364411844259547
1785124241.0094004,-3.5652477651121632,0.35391194440980905
1785124241.0168452,-3.567263579999756,0.3541722037860804
1785124241.019723,-3.5692595505197766,0.3544259724773412
1785124241.0253444,-3.571252281799851,0.3546730929282296
1785124241.0324767,-3.5733134843535987,0.3549243069772743
1785124241.036499,-3.575407827800108,0.35517712376676486
1785124241.0411968,-3.5774101892887833,0.355415444517376
1785124241.0468578,-3.5794751071586206,0.3556571124000638
1785124241.0508692,-3.5814610167579417,0.3558832733950512
1785124241.0592124,-3.5834126877311006,0.3561037368340009
1785124241.063249,-3.5854704566879767,0.3563327947455823
1785124241.0661793,-3.587467413397238,0.3565531066958539
1785124241.0699935,-3.589460189352922,0.3567712071297238
1785124241.0750172,-3.5914978880459683,0.35699168478985116
1785124241.081954,-3.593533352653682,0.3572078012829617
1785124241.0859158,-3.5955220647881565,0.35741528493008956
1785124241.0897613,-3.5975428455812715,0.3576199836578315
1785124241.096788,-3.599560132966101,0.3578220246438225
1785124241.099871,-3.60149623461086,0.35801294802861017
1785124241.1057599,-3.6035334524939526,0.3582110387029689
1785124241.110204,-3.605608432562711,0.35840705660703687
1785124241.116918,-3.607668202564498,0.35859810006718534
1785124241.1200767,-3.6097354362992364,0.35878662515242493
1785124241.1253068,-3.6116859241394823,0.3589612955190308
1785124241.132244,-3.6137379194083996,0.35914280221123285
1785124241.1363757,-3.6157955486600124,0.3593227920543961
1785124241.1403825,-3.617905664262242,0.35950554929201073
1785124241.1468172,-3.6198506378213136,0.3596708284860592
1785124241.1507618,-3.6219309741933197,0.35984454614398825
1785124241.1575358,-3.6239587668586215,0.3600122531996602
1785124241.1612737,-3.6259788133801374,0.36017802398420434
1785124241.1660013,-3.6280669889087633,0.3603455807071438
1785124241.1703815,-3.629999016621526,0.3604989678792704
1785124241.1749945,-3.631944174798604,0.36065138873963215
1785124241.180932,-3.6340264657447108,0.360813618978431
1785124241.185472,-3.6361116256557113,0.3609739328321345
1785124241.1902912,-3.6381232112217687,0.36112693393739487
1785124241.1960993,-3.640124621246803,0.36127917633028944
1785124241.2006302,-3.642170769289966,0.3614323420391366
1785124241.205173,-3.6441946015218387,0.36158291299881007
1785124241.2104697,-3.646270650364267,0.36173317702004737
1785124241.2161727,-3.64825984403249,0.3618753918766745
1785124241.221454,-3.6503128479694102,0.362021927443757
1785124241.2259145,-3.65237706241813,0.36216708041504714
1785124241.2314372,-3.6544223325738714,0.3623081589326133
1785124241.2360978,-3.656491216366704,0.36245020876676914
1785124241.2398787,-3.658468472052963,0.3625818965904048
1785124241.2475162,-3.6604371916923557,0.3627118357010593
1785124241.250829,-3.662489434166202,0.3628486856917006
1785124241.2573645,-3.6644487701808313,0.36297883549481286
1785124241.2604413,-3.666462651845138,0.3631127947038312
1785124241.266592,-3.6684461860799886,0.36324263129608414
1785124241.2704883,-3.670391310972191,0.36336792824034175
1785124241.2746868,-3.672405016979994,0.3634949101024942
1785124241.2814496,-3.6743939772668766,0.36361958159581403
1785124241.2863817,-3.6764352625725567,0.363744910489021
1785124241.2896268,-3.678358458885653,0.3638594888653247
1785124241.296958,-3.680270482769072,0.3639726440620872
1785124241.300426,-3.682130484170725,0.3640795177110295
1785124241.3051507,-3.6839315943542688,0.3641827540628249
1785124241.3098998,-3.68574810803349,0.36428353233796607
1785124241.315994,-3.6875288640193458,0.36438069883251156
1785124241.3198216,-3.6894279160183476,0.3644826656325999
1785124241.3244677,-3.6911503049904892,0.3645738026673559
1785124241.33135,-3.692922960370534,0.3646646445907208
1785124241.338736,-3.6946851831243155,0.36475172855960675
1785124241.34026,-3.6964860312505623,0.364837222134642
1785124241.346345,-3.698430546828005,0.3649284661465683
1785124241.3510878,-3.7003503688467263,0.3650150285930885
1785124241.3570857,-3.702287773463726,0.36509936063161164
1785124241.3596256,-3.704227333457068,0.3651806558813576
1785124241.3681226,-3.7062341041635265,0.3652604418241796
1785124241.3712103,-3.7082410880881964,0.3653371799962532
1785124241.3744464,-3.71019103972441,0.3654082173618022
1785124241.3819888,-3.712157072472719,0.36547590153324955
1785124241.3857982,-3.714100551777554,0.36554075453790436
1785124241.3898654,-3.7160514922745125,0.3656003701441901
1785124241.3978932,-3.717958471198106,0.3656558834160201
1785124241.4000998,-3.7198500562177093,0.3657073981937869
1785124241.4056509,-3.7218250027801107,0.3657574233220022
1785124241.4105687,-3.72371717218763,0.36580124256576513
1785124241.4155009,-3.72572029864064,0.36584175825175885
1785124241.420481,-3.727691716136609,0.36587897853957924
1785124241.4245386,-3.7296053747314124,0.3659118277657424
1785124241.4313178,-3.731587366724932,0.36594313953983115
1785124241.4349678,-3.7335661237093287,0.36597209748759074
1785124241.4398096,-3.7355275279525055,0.3659977353257922
1785124241.4470074,-3.7375648174477614,0.36602103434800004
1785124241.4514644,-3.7395403119562642,0.36604007258387294
1785124241.4574106,-3.7415180315329697,0.3660555094341497
1785124241.4603868,-3.7434622665704436,0.366067249438428
1785124241.4656594,-3.745458194828345,0.36607449733862163
1785124241.4711385,-3.747412140583643,0.36608000894188486
1785124241.4747038,-3.7494011104083107,0.3660813884154906
1785124241.4816377,-3.751388754490108,0.36607971207591494
1785124241.4859397,-3.753404845630178,0.36607632677911195
1785124241.490696,-3.7553408309907743,0.3660710844004703
1785124241.4960573,-3.757370103079377,0.3660638369014325
1785124241.5015352,-3.759364624233723,0.36605426707886723
1785124241.5051944,-3.7613278782528785,0.3660431403518799
1785124241.5109017,-3.763339864892125,0.36602885502820054
1785124241.516616,-3.765338113649598,0.3660124241632748
1785124241.5199134,-3.767346454790336,0.3659922205892553
1785124241.525176,-3.7693817582502196,0.3659687864999211
1785124241.5305579,-3.7713567713173797,0.3659433982667856
1785124241.5353131,-3.773388078447813,0.36591426270770777
1785124241.539794,-3.7753760760897177,0.36588442521557585
1785124241.546242,-3.777396679537589,0.365851270221995
1785124241.5515168,-3.7793766222492544,0.36581625823736924
1785124241.557429,-3.7813689469723597,0.3657780596915929
1785124241.5610828,-3.7832944245425737,0.36574019708164285
1785124241.5662088,-3.7852202559920567,0.3656992409909362
1785124241.5704882,-3.78714343817086,0.36565603647949313
1785124241.576476,-3.789061906876125,0.3656101993714038
1785124241.5817173,-3.7910033384869006,0.3655622963194276
1785124241.5858464,-3.7929650726146744,0.3655151027230946
1785124241.5898685,-3.794917979121668,0.3654676905634265
1785124241.5955791,-3.79689088003931,0.3654182757009071
1785124241.6006675,-3.798873646562427,0.3653688556916299
1785124241.604922,-3.8008200162862416,0.3653203145068411
1785124241.610386,-3.802775237718687,0.3652694211612478
1785124241.6166377,-3.8047394399063705,0.3652174672592568
1785124241.6200416,-3.8067248369324793,0.365163716471643
1785124241.6247025,-3.808698762828575,0.36511174936547136
1785124241.63118,-3.8106866475521217,0.3650573762534253
1785124241.6359758,-3.8126552793497273,0.36500134879606716
1785124241.6397758,-3.8145821518647165,0.3649449327049337
1785124241.6471574,-3.816521394912693,0.364886431449392
1785124241.6515849,-3.818471668630512,0.36482786353261476
1785124241.658073,-3.82041751218601,0.36476818963242136
1785124241.6602325,-3.8223593327719527,0.36470643664347596
1785124241.6662962,-3.824304348476703,0.3646440185054965
1785124241.6702573,-3.8262642992484013,0.3645799086645763
1785124241.674482,-3.8282035577410194,0.36451444349824863
1785124241.6803687,-3.8302257511810853,0.36444556138009293
1785124241.6862795,-3.832231984509407,0.3643771509858541
1785124241.6898599,-3.8342374611743875,0.36430731903904223
1785124241.6985064,-3.8362231855756517,0.364238560476533
1785124241.704783,-3.8381427919690077,0.36417107449448427
1785124241.7068717,-3.8401570986876212,0.36409876690765314
1785124241.7100685,-3.842152810212549,0.364026063663421
1785124241.7168055,-3.8441030048646914,0.36395308706001395
1785124241.720233,-3.846069775135613,0.3638788313077778
1785124241.7249365,-3.848065950741642,0.36380108313494086
1785124241.7306445,-3.8500662442593327,0.3637226519403657
1785124241.735393,-3.852063677723067,0.36364363506986525
1785124241.739806,-3.8540503820684147,0.36356468705761175
1785124241.7468953,-3.8559350443907845,0.3634881155430525
1785124241.7510376,-3.8577495475908132,0.3634115860617182
1785124241.7578127,-3.8595637485982452,0.3633353269906741
1785124241.7608998,-3.8613573884050787,0.36325867984910176
1785124241.7664676,-3.863170370435899,0.36318153459603614
1785124241.7706795,-3.8650201773285215,0.36309999398690945
1785124241.7762396,-3.866829539128203,0.3630208569871155
1785124241.780658,-3.8685766582688763,0.36294103807920425
1785124241.7869053,-3.8703795460353714,0.3628564826114079
1785124241.7896397,-3.8722220872946376,0.36276882070787086
1785124241.796333,-3.8741738542009068,0.36267484512233195
1785124241.800946,-3.8760779986426304,0.3625816487536257
1785124241.80652,-3.8780132505825713,0.36248643502303773
1785124241.8095875,-3.8799966970024466,0.3623876325699593
1785124241.8159244,-3.8820004949602307,0.3622856309588996
1785124241.8204238,-3.8840053015037945,0.3621817873386309
1785124241.8257284,-3.886000999317217,0.3620762386470994
1785124241.8306172,-3.8880387770565847,0.361965188535952
1785124241.8354776,-3.8900561712244524,0.36185561119916226
1785124241.8397036,-3.8920842646345584,0.36174460488304444
1785124241.8471234,-3.8940212027753827,0.36163777123698093
1785124241.8516383,-3.895986625668605,0.3615278689675217
1785124241.8582256,-3.89799189129464,0.3614151678982662
1785124241.8599641,-3.9000227456852725,0.3612997930576648
1785124241.8669512,-3.9019830222070135,0.3611874873962172
1785124241.8712633,-3.9039619902844174,0.3610700539073604
1785124241.8747385,-3.905976365549205,0.3609493837559427
1785124241.8808336,-3.9080490458766195,0.3608228491302004
1785124241.8868752,-3.9100659147769123,0.36069623082536806
1785124241.8900738,-3.9121019649974844,0.36056626573958406
1785124241.896258,-3.9141421421540423,0.3604321026708665
1785124241.901766,-3.9161217555282177,0.36029839566951055
1785124241.9055243,-3.9180644121161237,0.3601656258828747
1785124241.9099061,-3.920092070128798,0.36002576449221274
1785124241.9172153,-3.9220475134035504,0.35988874895264483
1785124241.920108,-3.9241023134737416,0.3597423675088667
1785124241.9250755,-3.9261437231028307,0.3595955768125708
1785124241.9319785,-3.9280640797994804,0.3594544568173675
1785124241.9372954,-3.9300711570508615,0.3593049736394416
1785124241.940861,-3.932056028189134,0.3591538870502811
1785124241.9467669,-3.9340454374955103,0.35899945896794405
1785124241.951047,-3.936059727953055,0.3588387022607102
1785124241.9591527,-3.9381414480061565,0.358668759580932
1785124241.961946,-3.9400227531232686,0.35851271743177987
1785124241.9657817,-3.94203796779626,0.35834195915589157
1785124241.9709845,-3.944111413514131,0.35816302784956033
1785124241.9753747,-3.9460818623013894,0.35799170406731384
1785124241.9806135,-3.948059862705801,0.3578170005899193
1785124241.9859529,-3.9500141792200725,0.35764201399946355
1785124241.989803,-3.951939819478056,0.3574652366308842
1785124241.9968407,-3.9540599821727853,0.35726892814491673
1785124242.0023994,-3.9560426378763744,0.3570814417784307
1785124242.005704,-3.958029457189734,0.3568909662378096
1785124242.0100555,-3.960052122623177,0.356694939820423
1785124242.0177674,-3.962043453690184,0.3564988057430597
1785124242.0209916,-3.9639678848656708,0.35630467431258694
1785124242.0255356,-3.9659903220501675,0.3561000462931504
1785124242.0316048,-3.967984144462325,0.3558950603983394
1785124242.035485,-3.969966190786483,0.35568834704767743
1785124242.0411625,-3.971971029897625,0.35547611961434084
1785124242.048384,-3.9739875366192656,0.3552589879555151
1785124242.0508924,-3.976041116558734,0.3550340964502042
1785124242.0599124,-3.978115802037048,0.35480308284084283
1785124242.0636895,-3.9801085822232514,0.3545786321410815
1785124242.0666323,-3.9821956401039187,0.3543391341979603
1785124242.0709682,-3.984216895133538,0.3541049818714342
1785124242.0755215,-3.986241553410864,0.35386836203316735
1785124242.081018,-3.98823583114271,0.3536301553524806
1785124242.0862143,-3.9902822156818987,0.35338063196276115
1785124242.0910509,-3.9923043475296525,0.3531290327311086
1785124242.0960815,-3.9942746142171863,0.35288030864194275
1785124242.1008456,-3.9963075993787136,0.3526189396678444
1785124242.1065264,-3.9982935242112214,0.3523590548369932
1785124242.1100383,-4.000292496299697,0.35209357478051595
1785124242.1168203,-4.002277759399114,0.3518237622316405
1785124242.1216319,-4.004256565009628,0.35155153948706513
1785124242.1252747,-4.006291462649658,0.35126750134676793
1785124242.1299973,-4.008276953455996,0.350985797181923
1785124242.137406,-4.0102625074668,0.3507022040055338
1785124242.1401415,-4.012296508075727,0.35040636788724744
1785124242.1465511,-4.014416446672269,0.3500934450421239
1785124242.1511264,-4.0163777754662275,0.34980070588248874
1785124242.158362,-4.018438214437216,0.3494872919065731
1785124242.1625128,-4.020584828669127,0.3491567947838428
1785124242.166359,-4.02264698221373,0.3488341659971888
1785124242.1701348,-4.024675030330827,0.34851165683920377
1785124242.1754122,-4.0266804573017785,0.3481882026710431
1785124242.1811798,-4.028645311923784,0.3478663904920461
1785124242.1857824,-4.0306704522597,0.34753125392857553
1785124242.19009,-4.032695428894675,0.3471896110296201
1785124242.1973171,-4.034740939727633,0.3468392200559648
1785124242.2009401,-4.036804172540701,0.3464825023328888
1785124242.2060647,-4.038863727419239,0.34612194674037705
1785124242.2097218,-4.040849076531476,0.3457692458254806
1785124242.2169037,-4.042905869268567,0.3453995599365906
1785124242.2208784,-4.0448983515631145,0.34503703622304255
1785124242.2256067,-4.046960775884589,0.34465752764870716
1785124242.2307777,-4.0489232245975915,0.3442925107934918
1785124242.2369967,-4.050946905408292,0.34391088291608723
1785124242.2401013,-4.052950140168915,0.3435296198597879
1785124242.2473652,-4.054962613022638,0.34314108604322424
1785124242.252653,-4.057009979420505,0.34274240212242546
1785124242.2600257,-4.0589780268006574,0.34235489434369637
1785124242.2664828,-4.0609714223372695,0.3419589533050906
1785124242.267915,-4.063076483433166,0.34153686520037335
1785124242.2699535,-4.065054404502432,0.34113607803324136
1785124242.2748492,-4.066969645723908,0.34074340560092575
1785124242.28066,-4.068943584000785,0.3403367344064715
1785124242.2862074,-4.070932567797628,0.33992347175457527
1785124242.2897644,-4.072880769180201,0.33951638527246747
1785124242.2954407,-4.0748381806046305,0.3391047271524944
1785124242.3025067,-4.076859442246724,0.3386768945527959
1785124242.3061552,-4.078870686866852,0.3382489316533238
1785124242.3108194,-4.0809022720965205,0.3378136388327966
1785124242.3157005,-4.0829431739127156,0.3373724638615199
1785124242.3201137,-4.084905133481189,0.3369470069717063
1785124242.3249822,-4.086845290392725,0.3365231994902024
1785124242.330852,-4.088819983646202,0.33609132651066503
1785124242.3352382,-4.090699620721068,0.33567854528400226
1785124242.3396757,-4.0926723478740685,0.33524318024176214
1785124242.3477545,-4.094695352750431,0.3347927466342771
1785124242.3513603,-4.096551895145887,0.3343769649458042
1785124242.3601544,-4.098488441323609,0.33393948755338604
1785124242.362275,-4.100433067587713,0.3334957264671203
1785124242.3657393,-4.102384980393673,0.33304686261218763
1785124242.3708034,-4.104290928083475,0.33260548360648173
1785124242.375258,-4.10616417666194,0.33216742051694254
1785124242.3809552,-4.108054916526054,0.33171964053628766
1785124242.3890445,-4.109989143422938,0.3312571419370234
1785124242.3913474,-4.111899164163607,0.330795673628638
1785124242.3961015,-4.113819381929928,0.3303267628431682
1785124242.4006007,-4.11575266623645,0.32984881993796267
1785124242.4049313,-4.117723804051698,0.3293559942451768
1785124242.4103243,-4.119646367169325,0.3288695834639304
1785124242.41599,-4.12148227520129,0.3283993329166032
1785124242.4209805,-4.123410408566823,0.327900558442046
1785124242.4259226,-4.125347583298045,0.32739316538180674
1785124242.430419,-4.1272532280469445,0.32688775053325453
1785124242.4379005,-4.129097604225959,0.3263925263364397
1785124242.4393804,-4.1310458961909085,0.3258628936390149
1785124242.4458404,-4.13298575413676,0.3253303225493636
1785124242.4507349,-4.134860095191556,0.3248091111642506
1785124242.4587183,-4.136808267780116,0.32426116964139423
1785124242.4623477,-4.138741308375163,0.32371043514937875
1785124242.4651513,-4.140659226902192,0.3231585519903314
1785124242.471401,-4.142505479061139,0.3226214112062481
1785124242.474786,-4.144431612120325,0.3220572125122299
1785124242.4809422,-4.146339839178798,0.32149226590043206
1785124242.4866178,-4.1482389830707405,0.32092572328311
1785124242.4910748,-4.1502145852632495,0.320329610413959
1785124242.4956667,-4.1520838626387295,0.319761602402176
1785124242.5010564,-4.1540139379473855,0.3191705288209877
1785124242.5061283,-4.155894161445753,0.3185891350292637
1785124242.5100412,-4.157746810078794,0.3180131801592447
1785124242.5162404,-4.159517150324675,0.31745763932707344
1785124242.521067,-4.161398046731871,0.3168627271731908
1785124242.5248556,-4.163352673849626,0.3162405778710889
1785124242.530699,-4.165161666742844,0.3156627045628792
1785124242.5371594,-4.167050848353143,0.31505682847518734
1785124242.5402093,-4.16892648137259,0.3144512315854534
1785124242.5459998,-4.170702395620787,0.31387576738074185
1785124242.5518506,-4.172446284116731,0.31330774238669956
1785124242.558421,-4.174149488838944,0.3127501361642765
1785124242.5608823,-4.17585164137859,0.31219010102262695
1785124242.5662556,-4.177511175892231,0.3116407281608871
1785124242.5711772,-4.179214828442903,0.31107365864656894
1785124242.5751748,-4.18095370152721,0.31049292895563685
1785124242.5809593,-4.182643792969517,0.30992637076191654
1785124242.5856624,-4.184340989458356,0.3093561724869838
1785124242.5903208,-4.186011321374987,0.3087936542462497
1785124242.5963352,-4.18772259356657,0.3082147991468213
1785124242.6007144,-4.189505757396907,0.30761048941186275
1785124242.605585,-4.19139411695078,0.3069695749423595
1785124242.609623,-4.1932091324308605,0.3063532466611636
1785124242.6155725,-4.195075252764028,0.30571799062569305
1785124242.620175,-4.19694665515099,0.3050788416414643
1785124242.6250427,-4.198786372592428,0.3044490597489254
1785124242.6312323,-4.200578142679514,0.3038346466682192
1785124242.6363554,-4.202407539997305,0.30320601320539287
1785124242.640257,-4.204169047147722,0.30260127221334077
1785124242.6458547,-4.205977825560561,0.30197852377159434
1785124242.6522257,-4.207699291988858,0.30138533307291837
1785124242.6581953,-4.209341941169912,0.3008182119843956
1785124242.6608586,-4.211064319452246,0.30022379047314524
1785124242.6653638,-4.212707888314088,0.29965551944085994
1785124242.6714737,-4.214370779170402,0.29907984023716927
1785124242.6753206,-4.216008304019848,0.2985117822142676
1785124242.6806107,-4.217692609317421,0.2979262237560138
1785124242.6860282,-4.219352922441976,0.2973500626326494
1785124242.6898634,-4.220961184933395,0.29679077633312917
1785124242.696521,-4.222626124595548,0.29621140727779105
1785124242.7007482,-4.2242721908937035,0.2956388597583129
1785124242.7056153,-4.225979411417196,0.29504323651154557
1785124242.7105412,-4.227652271849194,0.2944595614789138
1785124242.7156632,-4.2293723846494276,0.2938609279073744
1785124242.7208936,-4.231002429788368,0.29329333488315007
1785124242.725006,-4.232713568396523,0.2926994567533337
1785124242.7305562,-4.234418172251657,0.2921057445010093
1785124242.7360399,-4.236124156417404,0.29151203566296546
1785124242.739956,-4.237717554322786,0.2909575950177821
1785124242.7464125,-4.239476880789069,0.2903456307596475
1785124242.7506921,-4.241241248279016,0.2897326608901655
1785124242.7586098,-4.243052809103522,0.28910419469198
1785124242.762158,-4.244870696699306,0.2884748220003325
1785124242.76608,-4.2467838362035275,0.2878138098384202
1785124242.7709274,-4.248638301696021,0.2871733827665567
1785124242.7766173,-4.250543826971353,0.28651336166432195
1785124242.7800508,-4.25238873180307,0.285875781746148
1785124242.7867122,-4.254242766936879,0.28523611803511845
1785124242.7898216,-4.256046954202693,0.2846139080587021
1785124242.7968102,-4.257918670912883,0.28396750886403077
1785124242.8004377,-4.2598106279675845,0.28331457550835965
1785124242.8052192,-4.261623449669986,0.2826894948547439
1785124242.810247,-4.263493964531165,0.2820428931815916
1785124242.8156497,-4.265296743521507,0.28141823788005865
1785124242.8205202,-4.267163215540322,0.28077111993936427
1785124242.8251646,-4.268969662676402,0.28014430213871905
1785124242.8309972,-4.270844215136759,0.27949294461423513
1785124242.837955,-4.272742650747335,0.27883132235254643
1785124242.8399432,-4.274523269639449,0.27820975963941375
1785124242.8471465,-4.276369617082812,0.2775646828252326
1785124242.8510814,-4.278241809279707,0.27690922964378323
1785124242.8586118,-4.280098044455335,0.2762578118223944
1785124242.8616676,-4.281926169373964,0.27561512978621355
1785124242.8649116,-4.28380564107791,0.27495401075464704
1785124242.8713083,-4.285596373085635,0.274324356763999
1785124242.874445,-4.287443138151547,0.27367421967313205
1785124242.8799605,-4.289232036528589,0.2730443768193395
1785124242.8862119,-4.291169594296022,0.27236211601009586
1785124242.8897476,-4.293104952573365,0.2716804523022087
1785124242.8957534,-4.29487778479797,0.27105485338827506
1785124242.8999367,-4.2966021827488525,0.2704434260838283
1785124242.9056833,-4.298362852321167,0.26981724331446366
1785124242.909584,-4.300014664937158,0.2692283432214534
1785124242.9156365,-4.301784084412713,0.26859694883305657
1785124242.9209795,-4.303508584126597,0.26798033716420505
1785124242.9249842,-4.3052614042224135,0.2673523235280653
1785124242.9311512,-4.306945913180518,0.2667471663463137
1785124242.9370093,-4.308661681473212,0.2661296687507049
1785124242.9410262,-4.310377122358769,0.26551205598546973
1785124242.9464622,-4.312257676656208,0.2648332623467171
1785124242.9498975,-4.31407279208893,0.26417675562068793
1785124242.959969,-4.3158988277862935,0.26351552866661376
1785124242.9614277,-4.317795108451402,0.2628266562960984
1785124242.9659376,-4.319744680847739,0.2621164122802453
1785124242.97128,-4.321652265243121,0.2614202596199404
1785124242.9750051,-4.323635931215731,0.2606973634751147
1785124242.9805934,-4.325552504281112,0.2599985991402776
1785124242.986388,-4.327506812414151,0.25928309961860574
1785124242.9903147,-4.329406190785559,0.258587561276829
1785124242.9957256,-4.331303119687992,0.25789078721748077
1785124242.9997392,-4.333144495784519,0.25721365675427343
1785124243.0052247,-4.3351044193944555,0.25649044394823595
1785124243.0106094,-4.3370413776549475,0.25577551084437267
1785124243.0154164,-4.338925236067208,0.2550767200269529
1785124243.0206816,-4.340826007340536,0.2543692167687012
1785124243.024914,-4.342724813079962,0.25366056465558007
1785124243.0303547,-4.344653280038446,0.25293939520897385
1785124243.0369563,-4.346497490384123,0.2522498515153472
1785124243.0408611,-4.348331062085396,0.251564723343897
1785124243.0455222,-4.3501827176884635,0.25087243696514533
1785124243.0501657,-4.352065862251994,0.25016678028603184
1785124243.0592608,-4.353971568219492,0.24945133428662755
1785124243.0619676,-4.355868069670088,0.2487378992239933
1785124243.0653512,-4.35780104065199,0.24801030021825915
1785124243.0716727,-4.359675031654648,0.24730309868557454
1785124243.0751953,-4.361558668006186,0.24659017295238567
1785124243.0806234,-4.363467277643303,0.2458657950820375
1785124243.086622,-4.365375804155225,0.24513815695102945
1785124243.0906527,-4.367306452133289,0.24440134089571985
1785124243.096174,-4.3691780362629915,0.24368269584038058
1785124243.1020703,-4.371073662737132,0.24295231929445366
1785124243.1065896,-4.373004659470899,0.2422072350516752
1785124243.1100104,-4.374939423747709,0.24146004570927035
1785124243.1151233,-4.3768896319819754,0.24070352734045664
1785124243.1218665,-4.37883081226084,0.23994668294148336
1785124243.1256008,-4.3807623103479925,0.23919032018685804
1785124243.1308558,-4.382644142494512,0.23845165625684464
1785124243.1360967,-4.384585698628229,0.23768651535370566
1785124243.1403224,-4.386543555706386,0.23691306899066752
1785124243.1454773,-4.388362161999137,0.23619357590101048
1785124243.149633,-4.390142466275348,0.2354854637389653
1785124243.1593053,-4.391934439144158,0.23477163470848314
1785124243.1626468,-4.393702077327894,0.23406341201093775
1785124243.1652217,-4.395387673681166,0.23338553997056402
1785124243.1717906,-4.397127602263622,0.23268272288679454
1785124243.1747813,-4.398805050828238,0.23200142696552664
1785124243.1799767,-4.400550011345794,0.23128945055422345
1785124243.186678,-4.402241736731927,0.23059734508932242
1785124243.1899748,-4.403969131428844,0.2298874120902802
1785124243.1959653,-4.4057565764471756,0.22914936456502488
1785124243.2003295,-4.407630865803277,0.22837249599540962
1785124243.205829,-4.4094882095888615,0.22759980916640402
1785124243.2098734,-4.411373163509125,0.22681131775070007
1785124243.2159152,-4.413278617177305,0.22600988974216782
1785124243.2213888,-4.415210746023758,0.22519508790923645
1785124243.2248952,-4.417150013967045,0.22437243146065694
1785124243.230139,-4.419069990191232,0.2235540013584829
1785124243.2375042,-4.4209612420055215,0.22274655573331803
1785124243.240009,-4.422883377847951,0.22192349627639868
1785124243.24691,-4.4247305040358675,0.22112954767689316
1785124243.250065,-4.426611956618317,0.22031822789374256
1785124243.2603805,-4.428479805814706,0.21950966145899153
1785124243.2624958,-4.430381443504415,0.2186834603539561
1785124243.2653627,-4.432336038727841,0.2178308917556501
1785124243.2709494,-4.434224473999826,0.21700536969618708
1785124243.2756047,-4.436095329611938,0.21618524927380167
1785124243.2807066,-4.437955097190747,0.21536663401966005
1785124243.2856972,-4.439833504461767,0.2145350591322011
1785124243.2901406,-4.441770792727722,0.213672063609763
1785124243.2968502,-4.443588145790505,0.21285964256527182
1785124243.2997737,-4.44532673072607,0.21208027826560788
1785124243.3057928,-4.4470646266817555,0.21129879762029335
1785124243.309662,-4.448727658090343,0.21054924031073305
1785124243.3148124,-4.45044499797841,0.2097726444808323
1785124243.3218606,-4.452203805997323,0.20897167158182928
1785124243.3263237,-4.453955092296891,0.20817162384905127
1785124243.3300686,-4.455697449751652,0.20737207721958842
1785124243.3365726,-4.457374981497954,0.20659969489974178
1785124243.3400812,-4.459135053488209,0.20578627798881918
1785124243.3464458,-4.460916304070915,0.20495996507018047
1785124243.350344,-4.462753192770438,0.20410509849168273
1785124243.363991,-4.46461389055558,0.2032371524708488
1785124243.365984,-4.466412940684713,0.20239496670047716
1785124243.3713257,-4.468247129045817,0.20153052906806332
1785124243.3752909,-4.470042414130261,0.20068049372865904
1785124243.380828,-4.471948779026225,0.19977355972348032
1785124243.3865314,-4.4738542970209405,0.1988627713581438
1785124243.3904803,-4.475662581000172,0.19799374451987886
1785124243.3957205,-4.477461152381426,0.19712803730876166
1785124243.3998473,-4.479321627576113,0.1962295420932484
1785124243.4059372,-4.4812052159522064,0.19531536193331966
1785124243.4111779,-4.483104302645838,0.19439129608584688
1785124243.415737,-4.48496923456118,0.19348012209983062
1785124243.4210107,-4.486784375044723,0.19259124721934207
1785124243.424703,-4.488574684033489,0.1917113591986696
1785124243.4310532,-4.490404375497275,0.19080966053418583
1785124243.4365478,-4.492252055464925,0.18989604959084086
1785124243.440906,-4.494134610703336,0.18896262651227394
1785124243.4471333,-4.495977636054095,0.18804516049392483
1785124243.4500477,-4.497800340308881,0.18713534919054423
1785124243.4559312,-4.499616705202124,0.18622383490806155
1785124243.4641342,-4.501523793825017,0.18526410770153337
1785124243.4675179,-4.5033980355793295,0.18431937525427144
1785124243.4712043,-4.505211265049241,0.18340021500791492
1785124243.4761455,-4.5069711326691415,0.1825052895675503
1785124243.479924,-4.50874663480737,0.18159757620000821
1785124243.48731,-4.510560456913246,0.1806659020363818
1785124243.4907959,-4.512356940296663,0.1797398610126823
1785124243.4959497,-4.51417249999579,0.17880115923896958
1785124243.4998548,-4.515970558591204,0.17787064115028986
1785124243.5065506,-4.51778007251059,0.17692707057491716
1785124243.5101047,-4.519622388241884,0.1759605992802102
1785124243.5152502,-4.521424697470857,0.1750091068381339
1785124243.5212188,-4.52311163862238,0.17411418451478408
1785124243.5257869,-4.524869944010429,0.17317815471022743
1785124243.5320113,-4.526591378047044,0.17225760132306683
1785124243.5355523,-4.528403340232625,0.17128321956211898
1785124243.5406249,-4.530150539788548,0.1703414027795214
1785124243.546635,-4.5319038196357555,0.1693919182196009
1785124243.549942,-4.533507761202535,0.16851892804013688
1785124243.5563362,-4.5351327145027405,0.16763078551286129
1785124243.5627234,-4.536746058414537,0.1667446908837784
1785124243.5655525,-4.538309843252409,0.1658812766572666
1785124243.5713017,-4.5399103980979225,0.1649939090453388
1785124243.5755863,-4.541484592900455,0.16411712203768478
1785124243.5807953,-4.543085638496932,0.16322112560081972
1785124243.5887344,-4.544643913843384,0.16234361667076302
1785124243.5912938,-4.546233557965174,0.16144505155907118
1785124243.5969534,-4.547859977882073,0.1605227330691994
1785124243.6004426,-4.549510818453154,0.15958228868170762
1785124243.6054845,-4.5512227540852175,0.15860395965170285
1785124243.6108687,-4.552963773597645,0.15760576004523233
1785124243.6152782,-4.554666070820405,0.15662694017187762
1785124243.620991,-4.556420900866027,0.15561516412478293
1785124243.6254194,-4.558117922631903,0.15463524323837913
1785124243.630686,-4.559872426783887,0.15362025500900653
1785124243.6354795,-4.561576560345535,0.1526332497594774
1785124243.640716,-4.563314706496162,0.15162449560774952
1785124243.648445,-4.565040751782725,0.15062198565385793
1785124243.6501358,-4.566727981421293,0.14963967111092538
1785124243.6569183,-4.568438352325544,0.14864332967469757
1785124243.664469,-4.570088095519316,0.14767948982293197
1785124243.666897,-4.571815828591487,0.1466687366905695
1785124243.6717877,-4.5734807550993075,0.14569279918250166
1785124243.6758513,-4.5751834326545735,0.14469325189046434
1785124243.6800842,-4.576935384336191,0.14366386211372462
1785124243.6870158,-4.578659553268409,0.1426484981147492
1785124243.6949112,-4.580337991235466,0.14165821371530513
1785124243.6971364,-4.582035600192719,0.14065547453027732
1785124243.700123,-4.583756791037731,0.13963926776071672
1785124243.706343,-4.5855094125460765,0.13860269704276523
1785124243.7103488,-4.587221845821735,0.1375900393472333
1785124243.7152324,-4.588862313759058,0.13661883839428854
1785124243.7231688,-4.59051266197219,0.1356422371120727
1785124243.7259586,-4.592204738236335,0.1346410707129133
1785124243.7311115,-4.593853633628938,0.1336641454532037
1785124243.7395022,-4.59550339984621,0.13268577904662912
1785124243.742408,-4.59721756405286,0.1316675583635868
1785124243.7475433,-4.598885386823376,0.1306773397818736
1785124243.7500515,-4.600574248582885,0.12967610017296816
1785124243.7562392,-4.602261465212234,0.12867405901750847
1785124243.7635005,-4.603906310990752,0.1276970939579132
1785124243.7657685,-4.6055323283891045,0.12673273515252045
1785124243.771294,-4.60723133073369,0.12572719112321223
1785124243.7761161,-4.6088832715538794,0.12475025434124305
1785124243.7814758,-4.610601420062852,0.12373540840869883
1785124243.7876692,-4.612273553225949,0.12274924309186631
1785124243.7905588,-4.613923343886598,0.1217764565792614
1785124243.7963133,-4.615586803411976,0.1207951794573589
1785124243.800254,-4.617232759735596,0.11982389673734696
1785124243.8068063,-4.618830864957268,0.11888173087052915
1785124243.8104923,-4.6206109707718035,0.11783138680359054
1785124243.8162627,-4.622319336061376,0.11682330298643744
1785124243.8216412,-4.623921999099569,0.11587964866312293
1785124243.8254223,-4.625557130858495,0.11491792130655125
1785124243.8307714,-4.627263356936951,0.11391528344489978
1785124243.835296,-4.628893463485018,0.11295631435357241
1785124243.840768,-4.630626200068378,0.11193817542376779
1785124243.8464975,-4.632309350115762,0.11095017942260588
1785124243.8505454,-4.633975000298725,0.10997283246918452
1785124243.855948,-4.635704127702028,0.10895691820825304
1785124243.8635683,-4.637409907997587,0.10795417102941429
1785124243.8656595,-4.639092798103817,0.10696375858860419
1785124243.8719838,-4.640783774474319,0.10596852412329877
1785124243.8759534,-4.642504630188779,0.10495732263192215
1785124243.8808591,-4.644238860840752,0.10393862544499025
1785124243.8867757,-4.645904593343166,0.10295832634634244
1785124243.8904707,-4.647576665705017,0.10197468032228228
1785124243.8964503,-4.6492522213992675,0.1009869212046805
1785124243.89957,-4.650894337352258,0.10001770267378737
1785124243.9066527,-4.652606286277623,0.0990049568891254
1785124243.9102452,-4.654320370126198,0.09799015924152496
1785124243.915581,-4.6560003586979875,0.09699448010300747
1785124243.921367,-4.657686863391146,0.0959932225683273
1785124243.925372,-4.6593434714569675,0.09500976329286988
1785124243.9304147,-4.661013452419273,0.09401957311596647
1785124243.9362626,-4.662715219122721,0.09301001583900163
1785124243.9406283,-4.664424372985881,0.09199473094707163
1785124243.9468124,-4.666111172714581,0.09099141628376652
1785124243.9502633,-4.667791530073491,0.08998941755571002
1785124243.9563901,-4.669490887104667,0.08897349532316003
1785124243.9666371,-4.671149482556282,0.08798180925572681
1785124243.9722598,-4.6727766880412345,0.0870078505291508
1785124243.9756393,-4.674512612693137,0.08596569756891233
1785124243.980326,-4.676223581877343,0.08493696024564931
1785124243.9862359,-4.677932682216935,0.08390857955040669
1785124243.9903362,-4.679662979906309,0.08286732810554279
1785124243.9958148,-4.681348821966291,0.08185028090946421
1785124243.999596,-4.683045168997841,0.08082459936823314
1785124244.005857,-4.684794936506642,0.0797651635861133
1785124244.0098062,-4.686547077465782,0.07870373033586942
1785124244.015886,-4.688279776164795,0.07765217714467035
1785124244.0214756,-4.689995357357884,0.07660916579510063
1785124244.024844,-4.691709706866511,0.07556459294528566
1785124244.0303102,-4.693389999287807,0.07453809259339475
1785124244.0355227,-4.695097615442088,0.07349476089586936
1785124244.0410717,-4.696803714136518,0.07245068332704302
1785124244.045964,-4.6985054016108005,0.07140863875014043
1785124244.0504746,-4.700197145700001,0.07037062628779131
1785124244.055832,-4.701926955548454,0.06930727866090115
1785124244.061031,-4.703609954754971,0.06826992046414881
1785124244.069321,-4.705365737327125,0.06718559853824932
1785124244.0729105,-4.7070931137498775,0.06611736459548653
1785124244.0748365,-4.708803754858765,0.06505672674622517
1785124244.0804439,-4.710559355044897,0.06396623332303808
1785124244.085181,-4.712298406842002,0.06288427183201512
1785124244.0902305,-4.714036724954345,0.061800802814864164
1785124244.096121,-4.71560868978927,0.060817894977810726
1785124244.0999978,-4.717211371573338,0.05981375648559856
1785124244.1060622,-4.718815136048195,0.058807571745995886
1785124244.1105144,-4.72047234724946,0.05776628829749572
1785124244.1161644,-4.722046586815876,0.056774409633159585
1785124244.1208856,-4.723579776371981,0.05580767009267236
1785124244.1255283,-4.725182972374251,0.054794811508106035
1785124244.1305804,-4.726719521863552,0.053825077943207726
1785124244.1350548,-4.728276134898806,0.05284007974263241
1785124244.1406252,-4.7298466726679536,0.051846471949876086
1785124244.1454384,-4.731427864728114,0.05084385724324631
1785124244.1495402,-4.733162013421478,0.04974319690958113
1785124244.157496,-4.7349150274964735,0.04862763168037732
1785124244.1613529,-4.736639089217871,0.04752902094775085
1785124244.1669223,-4.738351540067298,0.04643622957403358
1785124244.1700313,-4.740027105052467,0.045365395599732176
1785124244.1757503,-4.741664950099081,0.044317468891544386
1785124244.1805272,-4.743400982768583,0.04320380231836905
1785124244.1852522,-4.745130001511091,0.04209329537156277
1785124244.1921813,-4.7468336193693315,0.04099756684987802
1785124244.1963782,-4.748568396121927,0.03988279509618986
1785124244.2003248,-4.750245458673263,0.03880260494271406
1785124244.206328,-4.751954719663273,0.03770264505937944
1785124244.2107966,-4.753637161859744,0.03662057241356274
1785124244.2153301,-4.755348350400394,0.03551943732364558
1785124244.2211788,-4.757085219297398,0.03440116139046461
1785124244.2298634,-4.758743825915816,0.03333388575915059
1785124244.2308075,-4.760434334685781,0.032246641794566495
1785124244.2351751,-4.762154188622511,0.03113928542350843
1785124244.240976,-4.763810012686536,0.030072680801357266
1785124244.2469113,-4.765544096388346,0.028955428993821787
1785124244.2512438,-4.767249915342086,0.02785641168374987
1785124244.2564995,-4.768955322582031,0.026758041154539614
1785124244.2691972,-4.770657145367717,0.025661166400918468
1785124244.272641,-4.772356205803243,0.02456443538709935
1785124244.2749872,-4.774063596348147,0.023461115441661774
1785124244.2804523,-4.775733457774802,0.022380746174034113
1785124244.2853956,-4.777377992000688,0.02131393513219927
1785124244.2900798,-4.779070956067399,0.02021417074117845
1785124244.2959325,-4.780744900398846,0.01912614516540535
1785124244.2998557,-4.782359285386561,0.018075629244550365
1785124244.3060946,-4.7840521770779105,0.016971074505085445
1785124244.31115,-4.7858061115646455,0.01582463777500808
1785124244.3157678,-4.787480195580399,0.014728790755072121
1785124244.3206058,-4.789136140218449,0.013646386043530079
1785124244.3259256,-4.790847406796536,0.012525400112672669
1785124244.3312805,-4.792532224880609,0.011419603971391317
1785124244.3352194,-4.7942117694670205,0.010316317978840596
1785124244.340698,-4.795865787747966,0.009226448303996423
1785124244.3463132,-4.7975238343099065,0.008132565493592824
1785124244.3507464,-4.799258549355137,0.006983082958588738
1785124244.3566897,-4.800911131960388,0.0058857834837964225
1785124244.3608344,-4.802647835744492,0.004730729108658112
1785124244.3651938,-4.8043133164501315,0.003619529700661937
1785124244.3735945,-4.805920302996069,0.002545547221362128
1785124244.3755784,-4.807552634772826,0.0014510548472824018
1785124244.3807125,-4.80919540093641,0.0003466264713539
1785124244.3856683,-4.810796389805753,-0.0007322663020811106
1785124244.3956742,-4.812494236746085,-0.0018780668995178732
1785124244.3970275,-4.8141604326466085,-0.003004578573902574
1785124244.3998969,-4.815836736529085,-0.004142009551607101
1785124244.4060585,-4.817504524146516,-0.005276331344949241
1785124244.4108572,-4.8191915297902685,-0.006423279381979443
1785124244.4156404,-4.820809885229318,-0.007524716070844667
1785124244.4208097,-4.822434075855422,-0.008633085748864244
1785124244.425362,-4.824051001744143,-0.00973884688851491
1785124244.4306843,-4.825700921917541,-0.010869739465313789
1785124244.4396167,-4.8273345453320085,-0.011992816807434293
1785124244.451816,-4.828967811835351,-0.013118847387290359
1785124244.4530237,-4.830634002404483,-0.014270717283813168
1785124244.4550683,-4.832231502921699,-0.01538096266726629
1785124244.4566066,-4.833810973821956,-0.016481705227077863
1785124244.46001,-4.835323122053187,-0.01753744719315996
1785124244.465536,-4.836854936728316,-0.018610457472790966
1785124244.4726496,-4.838374669888386,-0.019678020197548027
1785124244.4749572,-4.839859882067439,-0.02072302914094979
1785124244.480595,-4.84134842713168,-0.021773933055868083
1785124244.4871445,-4.842844768492574,-0.02283388023502337
1785124244.491021,-4.844320745624676,-0.023883504233349576
1785124244.4977806,-4.845775240327504,-0.024920896451319514
1785124244.500193,-4.847199830392366,-0.02593992119511117
1785124244.5074098,-4.848626344340861,-0.026963826926047343
1785124244.5107234,-4.850088214623337,-0.028017989654592578
1785124244.5156293,-4.851589297895473,-0.029105400892052574
1785124244.5218143,-4.853029609569221,-0.03015160417894058
1785124244.526275,-4.8545427617295225,-0.03125424663109901
1785124244.531273,-4.855962140467719,-0.032290902382518166
1785124244.5361803,-4.857398309946312,-0.03334187513868558
1785124244.541151,-4.858859919329291,-0.03441320920824573
1785124244.5476885,-4.860391288331444,-0.03553984853350893
1785124244.549811,-4.861973549110026,-0.03670840674532397
1785124244.5568185,-4.863528977768551,-0.037860513186826185
1785124244.5635858,-4.865118587284393,-0.039040890505934685
1785124244.5654461,-4.866686709602339,-0.04021068308795849
1785124244.5748625,-4.868315610727831,-0.04142828580518389
1785124244.5781274,-4.869888435934584,-0.042607332342764294
1785124244.5808454,-4.871486935318308,-0.043808073343467285
1785124244.586321,-4.873075233882295,-0.045005133646944556
1785124244.5917077,-4.874699476596085,-0.046231310365680844
1785124244.5962548,-4.876259417275948,-0.047412389404306025
1785124244.600468,-4.877888676383789,-0.048648251786225796
1785124244.6078882,-4.8795028701165,-0.04987704404408354
1785124244.6115587,-4.881093511582412,-0.0510920798964709
1785124244.6153405,-4.8826740925699355,-0.052303226557432504
1785124244.6208649,-4.884200211222971,-0.0534758791353347
1785124244.6249037,-4.885788461634992,-0.05469974766745291
1785124244.6306882,-4.887405792090593,-0.055951411201442126
1785124244.6353877,-4.888993670291273,-0.05718435527690095
1785124244.6414642,-4.8905641878812345,-0.05840558943705525
1785124244.6458156,-4.892165914227727,-0.05965170215441275
1785124244.6518369,-4.893749157822323,-0.06088618766876952
1785124244.6572545,-4.895310891171153,-0.062103719517423425
1785124244.6626463,-4.8968403114883,-0.06329722320475357
1785124244.66581,-4.8983597388906235,-0.06448410827625581
1785124244.6792605,-4.89987947787383,-0.065674990412836
1785124244.6811159,-4.901415814727206,-0.06687993751678757
1785124244.6821191,-4.902994171764197,-0.0681189974370605
1785124244.689563,-4.904573991314317,-0.06936159223883546
1785124244.6919591,-4.906110878580276,-0.07057249294494011
1785124244.6956103,-4.907641999071055,-0.07178086129824397
1785124244.700225,-4.9091418234113995,-0.07296562737116628
1785124244.7064767,-4.910679790516151,-0.0741834231517104
1785124244.7113173,-4.91225240453165,-0.07543023724957018
1785124244.7155986,-4.913842782525373,-0.0766955452320089
1785124244.7198741,-4.915347917724906,-0.07789500743892881
1785124244.7254736,-4.9168925371585255,-0.07912738145887724
1785124244.7301514,-4.918454600668984,-0.08037479591725465
1785124244.73538,-4.920049003535547,-0.08165168915127215
1785124244.7404556,-4.921618791190412,-0.08290842614701463
1785124244.745992,-4.923122564039832,-0.0841118479953749
1785124244.7500384,-4.9246494287896985,-0.08533364020957926
1785124244.7558713,-4.926173603815082,-0.08655690740604641
1785124244.7610686,-4.927705440755114,-0.08778846283184157
1785124244.766609,-4.929204640869971,-0.08899475615190917
1785124244.7744367,-4.930732393764954,-0.09022677826472594
1785124244.775517,-4.9322258945405455,-0.09143270642679129
1785124244.7802322,-4.933767444977897,-0.09267925630414675
1785124244.7853181,-4.935300659068103,-0.09391973211888696
1785124244.791083,-4.93678567843318,-0.09512001417162635
1785124244.7957983,-4.938364152693859,-0.09639739649391489
1785124244.8003867,-4.93991426314803,-0.09765216002457222
1785124244.8065526,-4.9414080845196064,-0.09886264182711038
1785124244.8109665,-4.9429129885794705,-0.10008375987581933
1785124244.8155625,-4.944403552780204,-0.10129378693975193
1785124244.8203785,-4.945946364946433,-0.10254736676172813
1785124244.8284442,-4.947480846961191,-0.1037950903033748
1785124244.8303833,-4.949037139454541,-0.10506139240780997
1785124244.8352242,-4.950546727624031,-0.10629083188051217
1785124244.8406694,-4.952087683093359,-0.10754759960272373
1785124244.8466527,-4.953535841844059,-0.10872897730655087
1785124244.850174,-4.954935197275829,-0.1098713515723919
1785124244.8556554,-4.956351061576479,-0.11102665479122094
1785124244.8614297,-4.95780186072463,-0.11220948571690363
1785124244.8655646,-4.95916975909172,-0.11332555780054271
1785124244.8729339,-4.960595555332479,-0.11448863708583551
1785124244.8752592,-4.96201247265891,-0.11564534671163491
1785124244.8803442,-4.963360429930475,-0.11674630323437465
1785124244.8852367,-4.964733270176751,-0.1178681159612319
1785124244.889907,-4.966123851765269,-0.11900555894680125
1785124244.896165,-4.967551351651287,-0.12017445095294009
1785124244.8995135,-4.968982291016506,-0.12134479713928441
1785124244.9055934,-4.9703556435296,-0.12246906456255359
1785124244.910285,-4.97170648333597,-0.12357578840730367
1785124244.914978,-4.973035439053995,-0.12466513058619343
1785124244.920207,-4.974432205682615,-0.1258090845185475
1785124244.925362,-4.975851570504236,-0.12697292828684512
1785124244.93086,-4.977271283391116,-0.12813724986134692
1785124244.9353242,-4.978696536619457,-0.12930861559284684
1785124244.9401977,-4.980088704703214,-0.13045400279134042
1785124244.9469454,-4.981577130621276,-0.1316802686610901
1785124244.9505813,-4.9830676192401695,-0.13290939312276207
1785124244.9558551,-4.984559655465114,-0.13414123352524335
1785124244.962579,-4.986096034234513,-0.13541098920209282
1785124244.9657612,-4.987596707381352,-0.13665378954340018
1785124244.9739237,-4.989139281269435,-0.13793160214870542
1785124244.978446,-4.990617540883618,-0.13915829073263508
1785124244.980083,-4.9921781441982755,-0.14045270621785777
1785124244.9862044,-4.9937153290990866,-0.14172676172135573
1785124244.9904487,-4.99524011956143,-0.14299087307369096
1785124244.997135,-4.996780931770392,-0.1442707665278
1785124245.0005348,-4.9982649850586265,-0.14550460119557823
1785124245.00648,-4.999808989112201,-0.14678924961553128
1785124245.0111647,-5.0013576945372185,-0.14807978656185655
1785124245.016341,-5.0028478865377695,-0.1493232656554959
1785124245.0204134,-5.00439426085904,-0.150616324264646
1785124245.0257878,-5.005887099116964,-0.1518660492567638
1785124245.0311213,-5.00741020139591,-0.1531438951679253
1785124245.034689,-5.008936970165883,-0.15442443672045966
1785124245.0409052,-5.010465954577779,-0.15570689427736464
1785124245.0471976,-5.0119507217861194,-0.15695429623212387
1785124245.0497265,-5.013479902502928,-0.15824105606196082
1785124245.055984,-5.015055391401859,-0.15956856512811224
1785124245.0611918,-5.016575325049948,-0.16085233347565364
1785124245.0662613,-5.018115376285891,-0.16215374209323968
1785124245.0774927,-5.019596304291081,-0.16340645625392322
1785124245.0782387,-5.021139205424607,-0.16471090340201597
1785124245.0798626,-5.0226832631079095,-0.1660174964148915
1785124245.085604,-5.024230661151982,-0.16732624508446825
1785124245.0904603,-5.025729673942027,-0.16859646202658674
1785124245.0965283,-5.027251324076093,-0.1698886791491153
1785124245.1003554,-5.028772948168625,-0.1711824747500233
1785124245.1061497,-5.030302027678535,-0.17248319826793687
1785124245.111182,-5.031843157712269,-0.17379536338056067
1785124245.1151168,-5.033364991233883,-0.1750941293580916
1785124245.1199343,-5.0348879665672035,-0.1763954370700392
1785124245.1253848,-5.036439693038575,-0.17772104503010985
1785124245.1301863,-5.037952401059596,-0.1790162678411881
1785124245.1353476,-5.039494608358408,-0.1803379039887348
1785124245.1405616,-5.04102751227372,-0.1816533006857101
1785124245.1462655,-5.042609008211867,-0.18301574274405696
1785124245.1504524,-5.044112922089204,-0.18431421452011526
1785124245.155565,-5.045623605311216,-0.18562020399984752
1785124245.1600657,-5.0472047463340735,-0.18698835204076053
1785124245.1651464,-5.048689303079549,-0.18827365532052315
1785124245.1724606,-5.0502067755762745,-0.18958924314415052
1785124245.1753182,-5.0517721304096925,-0.19094716956882926
1785124245.1809201,-5.0533268781730145,-0.19229800305755604
1785124245.1853952,-5.054847406594841,-0.19362234807216905
1785124245.1907127,-5.056373124984877,-0.19495509572947733
1785124245.1954987,-5.057838379829705,-0.19623779915066802
1785124245.1999235,-5.059288779342996,-0.19750911487062903
1785124245.2054348,-5.060708553719919,-0.1987551946622651
1785124245.2101312,-5.062046147343618,-0.19993159109986455
1785124245.215559,-5.063459062479808,-0.20117495333747057
1785124245.2197254,-5.06484836253566,-0.20240020924522034
1785124245.2256014,-5.06623662094208,-0.20362541832144515
1785124245.230485,-5.067612401463899,-0.20484114944587378
1785124245.235257,-5.0689657299156465,-0.20603848051594167
1785124245.24039,-5.070372254177646,-0.20728261293755476
1785124245.2464552,-5.071826846999077,-0.20856994041494148
1785124245.250583,-5.073279450431287,-0.20985640894550647
1785124245.2552943,-5.074765122896075,-0.2111727027195783
1785124245.2623801,-5.076247037053519,-0.21248650229516325
1785124245.2656422,-5.077779147643886,-0.21384531754256114
1785124245.2771218,-5.07931294407086,-0.21520681932987384
1785124245.2804601,-5.080840556291141,-0.21656331885931976
1785124245.2856758,-5.082360497923672,-0.21791507687857575
1785124245.2907314,-5.083861599093739,-0.21925257172830107
1785124245.2967312,-5.085298035645953,-0.22053416224039252
1785124245.2997012,-5.086810392964816,-0.22188504875575973
1785124245.3053176,-5.08835590175124,-0.2232675516939595
1785124245.3100185,-5.089854199534557,-0.22461010278445845
1785124245.3154595,-5.09136592174318,-0.22596872108683916
1785124245.3201828,-5.092829190617117,-0.2272845782217136
1785124245.3279316,-5.094349858693736,-0.2286512735533898
1785124245.3317225,-5.0958509218442085,-0.23000381757698626
1785124245.3365085,-5.097362485803055,-0.23137178138965028
1785124245.341184,-5.098841830114101,-0.2327128965957304
1785124245.3477547,-5.100327663931936,-0.23406350856266775
1785124245.3500488,-5.101811489356791,-0.23541503256113125
1785124245.3556461,-5.103308034824417,-0.23678296063870305
1785124245.3621194,-5.104865689817508,-0.23821317882585505
1785124245.3657432,-5.106350898041964,-0.23957901285823371
1785124245.370681,-5.107823678947892,-0.24093625859582843
1785124245.380262,-5.109345240382947,-0.24234060874087401
1785124245.3825555,-5.110833620096588,-0.24371402173047166
1785124245.3849962,-5.112272191675477,-0.24504518778855966
1785124245.390861,-5.113726177628107,-0.2463915470745575
1785124245.3967848,-5.115261567005078,-0.24781647505709664
1785124245.3996792,-5.116711098076253,-0.24916640547007152
1785124245.405591,-5.118211558793466,-0.2505633788036531
1785124245.4103596,-5.119619799758436,-0.2518785146139439
1785124245.4157789,-5.121104594453466,-0.25326840529584194
1785124245.4205372,-5.122570520999577,-0.2546435923854423
1785124245.425768,-5.124064811812847,-0.25604914536299817
1785124245.431629,-5.125513097172604,-0.2574145073552521
1785124245.4355493,-5.126943415953889,-0.2587648958803339
1785124245.440752,-5.128396867696104,-0.2601432137913258
1785124245.4495418,-5.129820656889482,-0.26149411913485515
1785124245.4509938,-5.131163981341515,-0.2627723225126393
1785124245.4550686,-5.132565733894136,-0.2641098751819462
1785124245.460238,-5.1339089957921615,-0.26539256005645967
1785124245.466388,-5.135212113284065,-0.2666371400628664
1785124245.4715075,-5.136572464721679,-0.2679372692284161
1785124245.4783814,-5.137930527272464,-0.269238503876906
1785124245.4809327,-5.13927387027966,-0.2705248717461519
1785124245.4857972,-5.14060738804546,-0.27180377945401596
1785124245.4925797,-5.141891437438241,-0.2730372531068115
1785124245.4962306,-5.143218532244977,-0.2743164211567385
1785124245.5014343,-5.144577628108366,-0.27562758459592274
1785124245.5052416,-5.145915028552135,-0.27692104144697244
1785124245.5106256,-5.147209610422262,-0.2781769550390989
1785124245.5152907,-5.148528643396162,-0.2794571304168763
1785124245.5201108,-5.149813575425487,-0.2807072481356303
1785124245.5265815,-5.151114902738327,-0.2819736015990867
1785124245.5311685,-5.152505757490387,-0.2833309072208733
1785124245.5361981,-5.153792121287472,-0.2845895390190707
1785124245.5399222,-5.155079050108055,-0.2858506206537072
1785124245.5476055,-5.1563868402641155,-0.28713404042023233
1785124245.5500824,-5.157688236470608,-0.28841235207250804
1785124245.557409,-5.158984474654544,-0.28968754266639873
1785124245.5611756,-5.160275384384819,-0.2909611152158961
1785124245.5667405,-5.161610700552127,-0.2922799700413729
1785124245.5715005,-5.162963768017681,-0.2936187742962905
1785124245.5775564,-5.164216918407806,-0.2948610997901589
1785124245.58097,-5.165518861443696,-0.2961524747392672
1785124245.5859852,-5.1667923069739095,-0.29741678479313777
1785124245.590959,-5.168131697578682,-0.2987496412055516
1785124245.5959132,-5.169512553521189,-0.30012341900530715
1785124245.600184,-5.170870283435141,-0.3014748781842846
1785124245.6054316,-5.172294893625139,-0.3028959620276265
1785124245.61137,-5.173684102560028,-0.3042818226392337
1785124245.6160083,-5.175086836830932,-0.3056854895799128
1785124245.6205611,-5.176504104945577,-0.30710373940911884
1785124245.6263547,-5.177912671401763,-0.3085139299940599
1785124245.6310554,-5.179300101892352,-0.3099050262031309
1785124245.6350636,-5.1807483411411965,-0.31135799011185356
1785124245.6405592,-5.182175933011616,-0.31279050721017565
1785124245.6463587,-5.183606229600456,-0.31422424754818984
1785124245.650496,-5.185041784558302,-0.3156637341122384
1785124245.6565325,-5.186445957156028,-0.3170731031031455
1785124245.6605883,-5.18781636740181,-0.3184484223717659
1785124245.6665266,-5.189221324327791,-0.31985870809693545
1785124245.670986,-5.190602450129531,-0.3212449030718203
1785124245.6761148,-5.1919973654145375,-0.32264495392419423
1785124245.680816,-5.193408781208751,-0.32406299661148874
1785124245.6849856,-5.194791772863419,-0.3254544634228438
1785124245.6905937,-5.196202230430543,-0.3268752494151493
1785124245.6967146,-5.197579382130742,-0.3282628154619292
1785124245.7006772,-5.199012081054969,-0.3297046293574713
1785124245.705326,-5.2004072818235665,-0.3311074711680287
1785124245.7117617,-5.201806052466937,-0.3325154974594679
1785124245.7166688,-5.203206770537455,-0.33392699436747786
1785124245.720079,-5.2045988417150175,-0.3353325487567532
1785124245.7254202,-5.205983436323189,-0.3367333941476789
1785124245.7314076,-5.207340000498005,-0.3381083048133357
1785124245.7376578,-5.208777396366366,-0.33956650981873837
1785124245.7403812,-5.210182518098584,-0.34099281741292337
1785124245.7474039,-5.211527405876152,-0.34235852318161175
1785124245.751269,-5.21286740547534,-0.3437225810174565
1785124245.75546,-5.214175634147814,-0.34505668363872677
1785124245.7607677,-5.215410814598311,-0.34631876575070747
1785124245.7669747,-5.216672713457256,-0.34760897838912197
1785124245.7705781,-5.217959910728624,-0.34892668657451625
1785124245.7780464,-5.219232812197301,-0.35023201956907773
1785124245.7815514,-5.220486252424137,-0.3515204144362732
1785124245.7863636,-5.2218248663989115,-0.3529000839750484
1785124245.7905369,-5.223074625868101,-0.35419076052272075
1785124245.7959292,-5.22431214823366,-0.355471129701157
1785124245.8002164,-5.225607212218721,-0.3568118861670524
1785124245.8052306,-5.226854247211605,-0.3581057019550345
1785124245.8108954,-5.22809571219092,-0.35939672213820884
1785124245.815989,-5.22938758923975,-0.3607414715688873
1785124245.8206167,-5.2306329475076385,-0.36204152726981204
1785124245.8277943,-5.231917563712195,-0.363384474793157
1785124245.831912,-5.233137074811562,-0.36466333413962104
1785124245.83527,-5.2343891138494,-0.36597760623664566
1785124245.8417966,-5.235573734562611,-0.36722048549951336
1785124245.846743,-5.236811717388289,-0.3685218949355721
1785124245.8517408,-5.238069274801188,-0.36984688519152004
1785124245.8553605,-5.239346286379978,-0.37119544769456186
1785124245.861799,-5.240563831255565,-0.3724837529117188
1785124245.8659723,-5.241855725826185,-0.37385200274690406
1785124245.8710947,-5.243061383792518,-0.3751310735107097
1785124245.8772073,-5.244322576861326,-0.376470651399997
1785124245.8815937,-5.245612384252645,-0.37784203856339044
1785124245.8856165,-5.246835017658247,-0.3791457153257091
1785124245.8902564,-5.24809703737947,-0.38049326454648924
1785124245.8962202,-5.249361159695336,-0.38184751837696296
1785124245.9008682,-5.250703992989323,-0.3832863646481468
1785124245.9055033,-5.252027666347997,-0.38470617308433225
1785124245.9109194,-5.253386078266105,-0.386166814869366
1785124245.9158309,-5.254749987067962,-0.38763476111305817
1785124245.92338,-5.256069979220884,-0.38905686885885343
1785124245.9259846,-5.257439848580134,-0.3905377538455906
1785124245.931592,-5.258821799832091,-0.39203361768644773
1785124245.937686,-5.2601434745101585,-0.3934681499066308
1785124245.940581,-5.261477794809619,-0.39491849197116996
1785124245.95352,-5.262855595602794,-0.39642318909477253
1785124245.9551294,-5.264200979183335,-0.3978978374624591
1785124245.956649,-5.265537061046374,-0.39936506660993953
1785124245.96365,-5.266902325612171,-0.4008678073679574
1785124245.9702713,-5.268241395158876,-0.4023482345069124
1785124245.9713147,-5.269559055140741,-0.40380785616665726
1785124245.9808009,-5.270874982217935,-0.4052687569107379
1785124245.9906,-5.272163756143769,-0.40670417992679436
1785124245.9961202,-5.273458713498963,-0.4081489452267056
1785124245.9980593,-5.274753714859617,-0.40959769590088185
1785124246.0007339,-5.276053681576076,-0.4110555442414044
1785124246.002483,-5.277372328662595,-0.41253866226220715
1785124246.006844,-5.278703670824262,-0.41403829055734864
1785124246.0121856,-5.279990505855928,-0.4154925725659133
1785124246.0167568,-5.281327670566611,-0.41700726331144355
1785124246.0201492,-5.282656763346389,-0.41851516975272424
1785124246.0273192,-5.283999436215057,-0.42004229557590295
1785124246.0313036,-5.285324149628007,-0.4215544468071236
1785124246.034573,-5.286620248869255,-0.42303829407417454
1785124246.0396898,-5.287967585262206,-0.4245825166377648
1785124246.0465333,-5.289218032459557,-0.42602033908349474
1785124246.0510943,-5.290428216885011,-0.4274161321832454
1785124246.0547419,-5.291636611017091,-0.42881279094968944
1785124246.0607555,-5.292833554692125,-0.4301989341257717
1785124246.0660486,-5.294041029412173,-0.4315989316466893
1785124246.0709696,-5.29523627005013,-0.43298714545658656
1785124246.0771413,-5.296423786534373,-0.43436785022062235
1785124246.0805488,-5.297590452909378,-0.43572805663777603
1785124246.0854714,-5.298758440940202,-0.43709241520055603
1785124246.0900831,-5.2999435862779904,-0.43847859566836134
1785124246.0954356,-5.301123454987211,-0.4398618118524501
1785124246.099918,-5.30229094363846,-0.4412341796557939
1785124246.104343,-5.303467625150905,-0.4426194644740862
1785124246.1104712,-5.304588783165926,-0.4439445677173736
1785124246.1156237,-5.305779680273933,-0.4453551762459368
1785124246.1197274,-5.306949377851169,-0.44674422453039875
1785124246.1258872,-5.3081402351334175,-0.44816246045313685
1785124246.1313267,-5.309290015078197,-0.4495342716519762
1785124246.137324,-5.310486357720127,-0.45096448848468124
1785124246.1401405,-5.3116894952158455,-0.4524062441044999
1785124246.1478853,-5.312886246912572,-0.45384617207861366
1785124246.154223,-5.3141086603694285,-0.4553186933550314
1785124246.1589344,-5.3153331090131415,-0.4567968642204631
1785124246.1634438,-5.31658197404796,-0.45830761047619006
1785124246.1666784,-5.31785305366017,-0.45984834792099116
1785124246.1708179,-5.319078177413466,-0.461335190092722
1785124246.1790867,-5.320336417702416,-0.4628655753349214
1785124246.1817503,-5.321606590351457,-0.46441218842690485
1785124246.1855311,-5.322877319867089,-0.4659621102672114
1785124246.1894362,-5.324146782759884,-0.46751547396798754
1785124246.1962037,-5.325377837668934,-0.46902470224264353
1785124246.201399,-5.3266350150982165,-0.47056957058799975
1785124246.2052174,-5.3279086153292186,-0.4721393909398464
1785124246.2109487,-5.329205293570923,-0.47374219987275346
1785124246.2169771,-5.330475759797339,-0.4753170384902655
1785124246.2200856,-5.331714768323017,-0.4768543240151347
1785124246.2257571,-5.332939138464399,-0.47837548923570333
1785124246.231183,-5.334183685196224,-0.47992446861201576
1785124246.2349331,-5.335451758517407,-0.4815053180459366
1785124246.2396047,-5.336677699731237,-0.48303685829336057
1785124246.2459784,-5.337900409606896,-0.48456785475800346
1785124246.2509217,-5.339162080468535,-0.4861523795195992
1785124246.2553613,-5.34043513824273,-0.48775202890734737
1785124246.2617333,-5.341716642775156,-0.4893638344645357
1785124246.2658217,-5.342981540887225,-0.4909567424001512
1785124246.270334,-5.344228536677843,-0.4925270381126128
1785124246.2780375,-5.34552005328396,-0.4941536359640996
1785124246.2806604,-5.346746550053157,-0.49569880700973634
1785124246.28588,-5.34798850739497,-0.4972662598585769
1785124246.2898846,-5.349251420050652,-0.4988646168632801
1785124246.3000314,-5.350466311234384,-0.5004018727484811
1785124246.3022687,-5.351584489228052,-0.5018183474500546
1785124246.3053823,-5.352734581564335,-0.5032782359012591
1785124246.3107426,-5.35383970260204,-0.5046835796104499
1785124246.316167,-5.354960055714939,-0.5061115026460785
1785124246.3210676,-5.356067804569742,-0.5075259627780081
1785124246.3254359,-5.357166205423595,-0.5089319423699807
1785124246.3337028,-5.3582691572406285,-0.5103470387139408
1785124246.3359406,-5.359409179794559,-0.511812126061659
1785124246.3400047,-5.3605655094371,-0.5133023911844214
1785124246.3467102,-5.361695021375252,-0.514764521597676
1785124246.3506973,-5.362825761666309,-0.5162314839366412
1785124246.3555973,-5.3639489370231015,-0.5176936319771483
1785124246.3614569,-5.365039165507771,-0.5191159764145534
1785124246.366046,-5.366180170199171,-0.5206094256036883
1785124246.3712056,-5.3672959213961375,-0.5220716201408714
1785124246.3784986,-5.3683869511275,-0.5235032375719084
1785124246.382185,-5.369490842285121,-0.5249551235616746
1785124246.3881664,-5.3705629105543515,-0.5263706147350958
1785124246.3906171,-5.371654485469054,-0.5278118320601334
1785124246.3950427,-5.37274881875231,-0.5292616650238869
1785124246.4005826,-5.373822363556525,-0.530688233048689
1785124246.4064276,-5.374921018384752,-0.5321495315371932
1785124246.4120107,-5.376026787152276,-0.533624018238201
1785124246.416454,-5.377120188007614,-0.5350855200443342
1785124246.4205801,-5.378215250458921,-0.5365509902850171
1785124246.4258964,-5.379301388156535,-0.5380090996574631
1785124246.4309363,-5.380351056026411,-0.5394197935930172
1785124246.4374778,-5.3813671085924835,-0.5407907904710595
1785124246.4397125,-5.382462862943742,-0.5422712635642838
1785124246.4466429,-5.383491570769629,-0.543663958335916
1785124246.451896,-5.384481298004917,-0.5450062030802635
1785124246.4553812,-5.385478794024163,-0.5463588705576771
1785124246.4614646,-5.386452502841036,-0.5476841544971153
1785124246.4665015,-5.387399848106636,-0.5489785570816461
1785124246.4704015,-5.388354374020011,-0.5502854408088576
1785124246.480047,-5.389311020376341,-0.5515960380541979
1785124246.48249,-5.390313309491209,-0.5529703719524858
1785124246.48496,-5.3912880899377384,-0.5543128296834567
1785124246.4899998,-5.3922528389317135,-0.5556442596897735
1785124246.4961426,-5.3931391836082065,-0.5568701821212684
1785124246.5012095,-5.393923449150313,-0.5579565422223198
1785124246.5053446,-5.394726821178027,-0.5590724509000154
1785124246.5112765,-5.395494573210857,-0.5601414317522734
1785124246.51583,-5.396259103796914,-0.5612096356897491
1785124246.5205297,-5.397028458674471,-0.5622867405049966
1785124246.525211,-5.39779413239773,-0.5633628923853217
1785124246.5327137,-5.398570399826234,-0.5644561879747597
1785124246.535793,-5.399327210022775,-0.5655259720985089
1785124246.5396335,-5.400095971513199,-0.5666164757270366
1785124246.546619,-5.400851751797714,-0.56769076947661
1785124246.551288,-5.401592657849586,-0.5687461510881002
1785124246.5551848,-5.402348897895079,-0.5698269287519303
1785124246.5607443,-5.403078138405684,-0.5708723810022664
1785124246.565827,-5.4038554136687384,-0.57198787180981
1785124246.5711606,-5.404607316926235,-0.5730681390226571
1785124246.578288,-5.405342798147229,-0.574127346191296
1785124246.580139,-5.4060772998572295,-0.5751875826222637
1785124246.5861955,-5.40682677400482,-0.5762717089055754
1785124246.5904267,-5.407571811241351,-0.5773532345115027
1785124246.5957885,-5.408301130109487,-0.5784140410425772
1785124246.6013343,-5.409039292992753,-0.5794898627623059
1785124246.6056838,-5.409783186877715,-0.5805764916139036
1785124246.610986,-5.410536361950694,-0.5816785137665749
1785124246.6159163,-5.411276915044691,-0.5827651961447463
1785124246.6198819,-5.4120083999689275,-0.5838422114946492
1785124246.6255007,-5.412735738134182,-0.5849147362294871
1785124246.6304727,-5.413476681646023,-0.5860105443334906
1785124246.6358573,-5.414200887016748,-0.5870857976237263
1785124246.640139,-5.414928386619883,-0.5881676894503732
1785124246.646417,-5.415702355099321,-0.5893231183884
1785124246.6514013,-5.416509983573671,-0.5905328465573112
1785124246.656033,-5.4173377158607225,-0.5917774436500294
1785124246.6607797,-5.418143068693057,-0.592994073047852
1785124246.6649103,-5.418937017245493,-0.594195697962198
1785124246.6710572,-5.419783578080409,-0.5954811629642512
1785124246.6775305,-5.420578935749112,-0.5966923508928836
1785124246.6804934,-5.421398462318416,-0.5979425660631921
1785124246.6854603,-5.422219366012331,-0.5991994942851436
1785124246.6897528,-5.423022595222816,-0.6004330182310147
1785124246.6959686,-5.423807732742335,-0.601642911099452
