t,j0,j1,j2,j3,j4,j5,j6,j7,j8,j9,j10,j11,j12,j13,j14,j15
1785124102.5036309,-0.03845331072807312,-0.6802883744239807,1.4623565673828125,-0.5271922945976257,0.03796153888106346,-0.6802942156791687,1.46178138256073,-0.5228760242462158,-0.037656743079423904,0.680275559425354,-1.461669683456421,0.5282795429229736,0.03731313347816467,0.6804580688476562,-1.46099853515625,0.5218889713287354
1785124102.5565708,-0.038453347980976105,-0.6802883744239807,1.4623565673828125,-0.527192234992981,0.037961579859256744,-0.6802942156791687,1.46178138256073,-0.5228760242462158,-0.03765677660703659,0.680275559425354,-1.461669683456421,0.5282796025276184,0.03731316700577736,0.6804580688476562,-1.46099853515625,0.5218889713287354
1785124102.6075587,-0.03845337778329849,-0.6802883744239807,1.4623565673828125,-0.527192234992981,0.037961605936288834,-0.6802942156791687,1.46178138256073,-0.522875964641571,-0.03765680640935898,0.680275559425354,-1.461669683456421,0.5282796025276184,0.03731319680809975,0.6804580688476562,-1.46099853515625,0.5218889713287354
1785124102.6627276,-0.03845340758562088,-0.6802883744239807,1.4623565673828125,-0.527192234992981,0.03796163573861122,-0.6802942156791687,1.46178138256073,-0.522875964641571,-0.03765683248639107,0.680275559425354,-1.461669683456421,0.5282796025276184,0.037313222885131836,0.6804580688476562,-1.46099853515625,0.5218889713287354
1785124102.7156131,-0.03845343366265297,-0.6802883744239807,1.4623565673828125,-0.5271921753883362,0.03796166181564331,-0.6802942156791687,1.46178138256073,-0.522875964641571,-0.03765685856342316,0.680275559425354,-1.461669683456421,0.5282796621322632,0.037313248962163925,0.6804580688476562,-1.46099853515625,0.5218889713287354
1785124102.7668624,-0.03845346346497536,-0.6802883744239807,1.4623565673828125,-0.5271921753883362,0.037961695343256,-0.6802942156791687,1.46178138256073,-0.5228759050369263,-0.037656888365745544,0.680275559425354,-1.461669683456421,0.5282796621322632,0.03731327876448631,0.6804580688476562,-1.46099853515625,0.5218889713287354
1785124102.8305998,-0.038453493267297745,-0.6802883744239807,1.4623565673828125,-0.5271921157836914,0.037961725145578384,-0.6802942156791687,1.46178138256073,-0.5228759050369263,-0.037656914442777634,0.680275559425354,-1.461669683456421,0.5282796621322632,0.0373133085668087,0.6804580688476562,-1.46099853515625,0.5218889713287354
1785124102.8819609,-0.03845352306962013,-0.6802883744239807,1.4623565673828125,-0.5271921157836914,0.037961751222610474,-0.6802942156791687,1.46178138256073,-0.5228759050369263,-0.03765694424510002,0.680275559425354,-1.461669683456421,0.528279721736908,0.03731333464384079,0.6804580688476562,-1.46099853515625,0.5218890309333801
1785124102.936245,-0.03845355287194252,-0.6802883744239807,1.4623565673828125,-0.5271921157836914,0.03796178102493286,-0.6802942156791687,1.46178138256073,-0.5228758454322815,-0.03765697032213211,0.680275559425354,-1.461669683456421,0.528279721736908,0.03731336072087288,0.6804580688476562,-1.46099853515625,0.5218890309333801
1785124102.9865694,-0.03845357894897461,-0.6802883744239807,1.4623565673828125,-0.5271920561790466,0.03796180710196495,-0.6802942156791687,1.46178138256073,-0.5228758454322815,-0.0376569963991642,0.680275559425354,-1.461669683456421,0.528279721736908,0.03731338679790497,0.6804580688476562,-1.46099853515625,0.5218890309333801
1785124103.0411708,-0.0384536050260067,-0.6802883744239807,1.4623565673828125,-0.5271920561790466,0.03796183690428734,-0.6802942156791687,1.46178138256073,-0.5228758454322815,-0.03765702247619629,0.680275559425354,-1.461669683456421,0.5282797813415527,0.03731341287493706,0.6804580688476562,-1.4609984159469604,0.5218890309333801
1785124103.0917392,-0.03845363110303879,-0.6802883744239807,1.4623565673828125,-0.5271920561790466,0.03796185925602913,-0.6802942156791687,1.46178138256073,-0.5228757858276367,-0.03765704855322838,0.680275559425354,-1.461669683456421,0.5282797813415527,0.03731343895196915,0.6804580688476562,-1.4609984159469604,0.5218890309333801
1785124103.1433234,-0.03845365345478058,-0.6802883744239807,1.4623565673828125,-0.5271919965744019,0.03796188160777092,-0.6802942156791687,1.46178138256073,-0.5228757858276367,-0.03765706717967987,0.680275559425354,-1.461669683456421,0.5282797813415527,0.03731345757842064,0.6804580688476562,-1.4609984159469604,0.5218890309333801
1785124103.1971998,-0.03845367953181267,-0.6802883744239807,1.4623565673828125,-0.5271919965744019,0.03796191141009331,-0.6802942156791687,1.46178138256073,-0.5228757858276367,-0.03765709325671196,0.680275559425354,-1.461669683456421,0.5282797813415527,0.03731348365545273,0.6804580688476562,-1.4609984159469604,0.5218890309333801
1785124103.2497723,-0.03845370188355446,-0.6802883744239807,1.4623565673828125,-0.5271919965744019,0.0379619300365448,-0.6802942156791687,1.46178138256073,-0.5228757262229919,-0.03765711560845375,0.680275559425354,-1.461669683456421,0.5282798409461975,0.03731350600719452,0.6804580688476562,-1.4609984159469604,0.5218890309333801
1785124103.302293,-0.03845372796058655,-0.6802883744239807,1.4623565673828125,-0.5271919369697571,0.03796195611357689,-0.6802942156791687,1.46178138256073,-0.5228757262229919,-0.03765713796019554,0.680275559425354,-1.461669683456421,0.5282798409461975,0.03731352835893631,0.6804580688476562,-1.4609984159469604,0.5218890309333801
1785124103.3573713,-0.03845375031232834,-0.6802883744239807,1.4623565673828125,-0.5271919369697571,0.03796198219060898,-0.6802942156791687,1.46178138256073,-0.5228757262229919,-0.03765716031193733,0.680275559425354,-1.461669683456421,0.5282798409461975,0.0373135507106781,0.6804580688476562,-1.4609984159469604,0.5218890309333801
1785124103.4117362,-0.03845377638936043,-0.6802883744239807,1.4623565673828125,-0.5271919369697571,0.03796200454235077,-0.6802942156791687,1.46178138256073,-0.5228756666183472,-0.03765718638896942,0.680275559425354,-1.461669683456421,0.5282799005508423,0.03731357678771019,0.6804580688476562,-1.4609984159469604,0.5218890309333801
1785124103.4668171,-0.03845379874110222,-0.6802883744239807,1.4623565673828125,-0.5271918773651123,0.03796202689409256,-0.6802942752838135,1.46178138256073,-0.5228756666183472,-0.03765720874071121,0.680275559425354,-1.461669683456421,0.5282799005508423,0.03731359913945198,0.6804580688476562,-1.4609984159469604,0.5218890309333801
1785124103.5225976,-0.03845382481813431,-0.6802883744239807,1.4623565673828125,-0.5271918773651123,0.03796205297112465,-0.6802942752838135,1.46178138256073,-0.5228756070137024,-0.037657231092453,0.680275559425354,-1.461669683456421,0.5282799005508423,0.03731362149119377,0.6804580688476562,-1.4609984159469604,0.5218890309333801
1785124103.5734491,-0.0384538434445858,-0.6802883744239807,1.4623565673828125,-0.5271918773651123,0.03796207159757614,-0.6802942752838135,1.46178138256073,-0.5228756070137024,-0.037657249718904495,0.680275559425354,-1.461669683456421,0.5282799601554871,0.037313640117645264,0.6804580688476562,-1.4609984159469604,0.5218890309333801
1785124103.6265826,-0.03845386952161789,-0.6802883744239807,1.4623565673828125,-0.5271918177604675,0.03796209767460823,-0.6802942752838135,1.46178138256073,-0.5228756070137024,-0.037657272070646286,0.680275559425354,-1.461669683456421,0.5282799601554871,0.037313662469387054,0.6804580688476562,-1.4609984159469604,0.5218890309333801
1785124103.6808665,-0.03845389187335968,-0.6802883744239807,1.4623565673828125,-0.5271918177604675,0.03796212002635002,-0.6802942752838135,1.46178138256073,-0.5228755474090576,-0.03765729442238808,0.680275559425354,-1.461669683456421,0.5282799601554871,0.037313684821128845,0.6804580688476562,-1.4609984159469604,0.5218890309333801
1785124103.7315743,-0.03845391422510147,-0.6802883744239807,1.4623565673828125,-0.5271918177604675,0.03796214237809181,-0.6802942752838135,1.46178138256073,-0.5228755474090576,-0.03765731304883957,0.680275559425354,-1.461669683456421,0.5282799601554871,0.03731370344758034,0.6804580688476562,-1.4609984159469604,0.5218890309333801
1785124103.7865508,-0.03845393285155296,-0.6802883744239807,1.4623565673828125,-0.5271917581558228,0.037962161004543304,-0.6802942752838135,1.46178138256073,-0.5228755474090576,-0.03765733540058136,0.680275559425354,-1.461669683456421,0.5282800197601318,0.03731372579932213,0.6804580688476562,-1.4609984159469604,0.5218890309333801
1785124103.842932,-0.038453955203294754,-0.6802883744239807,1.4623565673828125,-0.5271917581558228,0.037962183356285095,-0.6802942752838135,1.46178138256073,-0.5228754878044128,-0.03765735402703285,0.680275559425354,-1.461669683456421,0.5282800197601318,0.03731374442577362,0.6804580688476562,-1.4609984159469604,0.5218890309333801
1785124103.896058,-0.038453977555036545,-0.6802883744239807,1.4623565673828125,-0.5271917581558228,0.037962205708026886,-0.6802942752838135,1.46178138256073,-0.5228754878044128,-0.03765737637877464,0.680275559425354,-1.461669683456421,0.5282800197601318,0.03731376677751541,0.6804580688476562,-1.4609984159469604,0.5218890309333801
1785124103.9508913,-0.03845399618148804,-0.6802883744239807,1.4623565673828125,-0.527191698551178,0.03796222805976868,-0.6802942752838135,1.46178138256073,-0.5228754878044128,-0.037657395005226135,0.680275559425354,-1.461669683456421,0.5282800793647766,0.037313785403966904,0.6804580688476562,-1.4609984159469604,0.5218890309333801
1785124104.0018618,-0.03845401853322983,-0.6802883744239807,1.4623565673828125,-0.527191698551178,0.03796224668622017,-0.6802942752838135,1.46178138256073,-0.5228754281997681,-0.03765741363167763,0.680275559425354,-1.461669683456421,0.5282800793647766,0.037313804030418396,0.6804580688476562,-1.4609984159469604,0.5218890309333801
1785124104.0559282,-0.03845403715968132,-0.6802883744239807,1.4623565673828125,-0.527191698551178,0.03796226903796196,-0.6802942752838135,1.46178138256073,-0.5228754281997681,-0.03765743598341942,0.680275559425354,-1.461669683456421,0.5282800793647766,0.03731382638216019,0.6804580688476562,-1.4609984159469604,0.5218890905380249
1785124104.1060064,-0.03845405578613281,-0.6802883744239807,1.4623565673828125,-0.5271916389465332,0.03796228766441345,-0.6802942752838135,1.46178138256073,-0.5228754281997681,-0.03765745088458061,0.680275559425354,-1.461669683456421,0.5282801389694214,0.03731384128332138,0.6804580688476562,-1.4609984159469604,0.5218890905380249
1785124104.1624749,-0.0384540781378746,-0.6802883744239807,1.4623565673828125,-0.5271916389465332,0.037962306290864944,-0.6802942752838135,1.46178138256073,-0.5228753685951233,-0.0376574732363224,0.680275559425354,-1.461669683456421,0.5282801389694214,0.03731386363506317,0.6804580688476562,-1.4609984159469604,0.5218890905380249
1785124104.216049,-0.038454096764326096,-0.6802883744239807,1.4623565673828125,-0.5271915793418884,0.037962328642606735,-0.6802942752838135,1.46178138256073,-0.5228753685951233,-0.037657491862773895,0.680275559425354,-1.461669683456421,0.5282801389694214,0.037313882261514664,0.6804580688476562,-1.4609984159469604,0.5218890905380249
1785124104.2663167,-0.03845411539077759,-0.6802883744239807,1.4623565673828125,-0.5271915793418884,0.03796234354376793,-0.6802942752838135,1.46178138256073,-0.5228753685951233,-0.03765750676393509,0.680275559425354,-1.461669683456421,0.5282801985740662,0.03731389716267586,0.6804580688476562,-1.4609984159469604,0.5218890905380249
1785124104.3170567,-0.03845413401722908,-0.6802883744239807,1.4623565673828125,-0.5271915793418884,0.03796236217021942,-0.6802942752838135,1.46178138256073,-0.5228753089904785,-0.03765752539038658,0.680275559425354,-1.461669683456421,0.5282801985740662,0.03731391578912735,0.6804580688476562,-1.4609984159469604,0.5218890905380249
1785124104.371202,-0.03845415264368057,-0.6802883744239807,1.4623565673828125,-0.5271915197372437,0.037962380796670914,-0.6802942752838135,1.46178138256073,-0.5228753089904785,-0.037657544016838074,0.680275559425354,-1.461669683456421,0.5282801985740662,0.03731393441557884,0.6804580688476562,-1.4609984159469604,0.5218890905380249
1785124104.4215517,-0.038454171270132065,-0.6802883744239807,1.4623565673828125,-0.5271915197372437,0.037962399423122406,-0.6802942752838135,1.46178138256073,-0.5228753089904785,-0.03765755891799927,0.680275559425354,-1.461669683456421,0.5282802581787109,0.037313949316740036,0.6804580688476562,-1.4609984159469604,0.5218890905380249
1785124104.476666,-0.03845418989658356,-0.6802883744239807,1.4623565673828125,-0.5271915197372437,0.0379624180495739,-0.6802942752838135,1.46178138256073,-0.5228752493858337,-0.03765757754445076,0.680275559425354,-1.461669683456421,0.5282802581787109,0.03731396794319153,0.6804580688476562,-1.4609984159469604,0.5218890905380249
1785124104.5271623,-0.03845420852303505,-0.6802883744239807,1.4623565673828125,-0.5271914601325989,0.03796243667602539,-0.6802942752838135,1.46178138256073,-0.5228752493858337,-0.037657592445611954,0.680275559425354,-1.461669683456421,0.5282802581787109,0.03731398656964302,0.6804580688476562,-1.4609984159469604,0.5218890905380249
1785124104.5813637,-0.03845422342419624,-0.6802883744239807,1.4623565673828125,-0.5271914601325989,0.03796245530247688,-0.6802942752838135,1.46178138256073,-0.5228752493858337,-0.037657611072063446,0.680275559425354,-1.461669683456421,0.5282802581787109,0.037314001470804214,0.6804580688476562,-1.4609984159469604,0.5218890905380249
1785124104.6360364,-0.038454242050647736,-0.6802883744239807,1.4623565673828125,-0.5271914601325989,0.03796247020363808,-0.6802942752838135,1.46178138256073,-0.522875189781189,-0.03765762969851494,0.680275559425354,-1.461669683456421,0.5282803177833557,0.03731402009725571,0.6804580688476562,-1.4609984159469604,0.5218890905380249
1785124104.687344,-0.03845425695180893,-0.6802883744239807,1.4623565673828125,-0.5271914005279541,0.03796248510479927,-0.6802942752838135,1.46178138256073,-0.522875189781189,-0.037657640874385834,0.680275559425354,-1.461669683456421,0.5282803177833557,0.0373140312731266,0.6804580688476562,-1.4609984159469604,0.5218890905380249
1785124104.738018,-0.03845427185297012,-0.6802883744239807,1.4623565673828125,-0.5271914005279541,0.037962500005960464,-0.6802942752838135,1.46178138256073,-0.522875189781189,-0.03765765577554703,0.680275559425354,-1.461669683456421,0.5282803177833557,0.037314046174287796,0.6804580688476562,-1.4609984159469604,0.5218890905380249
1785124104.7917585,-0.038454290479421616,-0.6802883744239807,1.4623565673828125,-0.5271914005279541,0.03796251863241196,-0.6802942752838135,1.46178138256073,-0.5228751301765442,-0.03765767440199852,0.680275559425354,-1.461669683456421,0.5282803773880005,0.03731406480073929,0.6804580688476562,-1.4609984159469604,0.5218890905380249
1785124104.846256,-0.03845430910587311,-0.6802883744239807,1.4623565673828125,-0.5271913409233093,0.03796253725886345,-0.6802942752838135,1.46178138256073,-0.5228751301765442,-0.037657689303159714,0.680275559425354,-1.461669683456421,0.5282803773880005,0.03731407970190048,0.6804580688476562,-1.4609984159469604,0.5218890905380249
1785124104.8964496,-0.037875428795814514,-0.673056960105896,1.4626861810684204,-0.5641285181045532,0.03853035345673561,-0.6848475933074951,1.4619941711425781,-0.49962249398231506,-0.038233835250139236,0.6875107288360596,-1.4612956047058105,0.4913245141506195,0.03674061596393585,0.6759058237075806,-1.4607702493667603,0.5451303720474243
1785124104.95076,-0.036879051476716995,-0.6485440135002136,1.4614207744598389,-0.6883494257926941,0.039428964257240295,-0.7022632360458374,1.4633351564407349,-0.4157959520816803,-0.03929261863231659,0.711666464805603,-1.4615687131881714,0.36642763018608093,0.03568841516971588,0.6584331393241882,-1.459096908569336,0.6286467909812927
1785124105.001012,-0.037441685795784,-0.6273316144943237,1.4588415622711182,-0.8077518343925476,0.03878592327237129,-0.7206653952598572,1.4655766487121582,-0.3314281105995178,-0.038784850388765335,0.7330983281135559,-1.463302731513977,0.24529679119586945,0.036297935992479324,0.6402568817138672,-1.4565465450286865,0.7120261192321777
1785124105.0561447,-0.037825919687747955,-0.6165242791175842,1.4575985670089722,-0.9158293008804321,0.03654302656650543,-0.7364721298217773,1.4672292470932007,-0.26299968361854553,-0.03644395247101784,0.7490124702453613,-1.4662836790084839,0.13637176156044006,0.03874270245432854,0.6251316070556641,-1.4540162086486816,0.7785685062408447
1785124105.1116552,-0.035124484449625015,-0.6200135946273804,1.4543077945709229,-1.0046497583389282,0.032587263733148575,-0.745769202709198,1.4653615951538086,-0.217900350689888,-0.03346817195415497,0.7562111020088196,-1.465354084968567,0.04979311302304268,0.03758537769317627,0.6216317415237427,-1.452282190322876,0.8241910934448242
1785124105.1677642,-0.032488979399204254,-0.6281748414039612,1.4511337280273438,-1.0740329027175903,0.027884643524885178,-0.7493045926094055,1.461587905883789,-0.19317367672920227,-0.02951674908399582,0.7563990950584412,-1.4600274562835693,-0.017429674044251442,0.03409188613295555,0.6283406615257263,-1.4504120349884033,0.8502883911132812
1785124105.2211227,-0.030269000679254532,-0.6360037326812744,1.4460062980651855,-1.140061378479004,0.023055370897054672,-0.7519485950469971,1.4584153890609741,-0.17513415217399597,-0.02561349608004093,0.7555694580078125,-1.4552515745162964,-0.07891727238893509,0.030984949320554733,0.6348074078559875,-1.4471065998077393,0.8715916275978088
1785124105.271295,-0.029404252767562866,-0.6395861506462097,1.4433318376541138,-1.2008363008499146,0.019533032551407814,-0.7556474804878235,1.45720636844635,-0.15956981480121613,-0.02250562235713005,0.7567164301872253,-1.4535298347473145,-0.13471567630767822,0.029747135937213898,0.6370920538902283,-1.4453567266464233,0.8913366794586182
1785124105.3213282,-0.02880162000656128,-0.6402294635772705,1.4416940212249756,-1.262373447418213,0.01714320294559002,-0.7601492404937744,1.4570231437683105,-0.14502401649951935,-0.020338203758001328,0.7596138715744019,-1.4533612728118896,-0.1899682581424713,0.028971776366233826,0.6368181705474854,-1.4444513320922852,0.9114358425140381
1785124105.3758483,-0.027679266408085823,-0.6390177011489868,1.4418975114822388,-1.3302241563796997,0.01593301072716713,-0.7649812698364258,1.4564623832702637,-0.12995244562625885,-0.01894599385559559,0.7637931704521179,-1.452998399734497,-0.2500098645687103,0.027555039152503014,0.6357336640357971,-1.444258689880371,0.933851420879364
1785124105.4258673,-0.025422926992177963,-0.6370017528533936,1.4422354698181152,-1.3982980251312256,0.01569231040775776,-0.7695421576499939,1.454443335533142,-0.11091744899749756,-0.01805843412876129,0.7685911059379578,-1.4515577554702759,-0.30982303619384766,0.025235995650291443,0.6348012089729309,-1.4442909955978394,0.9606654644012451
1785124105.4759939,-0.022887954488396645,-0.6355926990509033,1.4424580335617065,-1.4691832065582275,0.015268359333276749,-0.7736896276473999,1.4515944719314575,-0.089366115629673,-0.016839295625686646,0.7734895944595337,-1.4496656656265259,-0.3719245493412018,0.0225556381046772,0.6347740292549133,-1.4434198141098022,0.9908471703529358
1785124105.531354,-0.021180737763643265,-0.635892927646637,1.4420313835144043,-1.539659857749939,0.013932371512055397,-0.7763949632644653,1.4490940570831299,-0.0733577162027359,-0.014502919279038906,0.7771400213241577,-1.4482976198196411,-0.4322466254234314,0.020594963803887367,0.6365712285041809,-1.4412094354629517,1.017167329788208
1785124105.581444,-0.020430827513337135,-0.6370543837547302,1.4412075281143188,-1.6005325317382812,0.01211665291339159,-0.7781323194503784,1.4474573135375977,-0.0626155212521553,-0.01168902963399887,0.7795323133468628,-1.44778573513031,-0.4830159842967987,0.019511094316840172,0.6391727328300476,-1.4391611814498901,1.0382893085479736
1785124105.6358726,-0.019748177379369736,-0.6383553743362427,1.4403377771377563,-1.6675753593444824,0.009961294010281563,-0.7804784178733826,1.446191668510437,-0.051449790596961975,-0.00843475479632616,0.7819250226020813,-1.4472535848617554,-0.5381465554237366,0.018265705555677414,0.6418961882591248,-1.4376800060272217,1.061875581741333
1785124105.6861148,-0.018656523898243904,-0.6395636796951294,1.4388264417648315,-1.7292146682739258,0.008111669681966305,-0.7832205891609192,1.4448192119598389,-0.04184269160032272,-0.006308382377028465,0.7836092710494995,-1.446075201034546,-0.5879192352294922,0.01656796783208847,0.6430383324623108,-1.4358989000320435,1.0840808153152466
1785124105.7361941,-0.01728459820151329,-0.6403089761734009,1.4381740093231201,-1.7911159992218018,0.006739420350641012,-0.7865579724311829,1.4433985948562622,-0.03263166546821594,-0.004916335456073284,0.7852543592453003,-1.4445656538009644,-0.6376649141311646,0.01468920148909092,0.6430680751800537,-1.4353954792022705,1.1064594984054565
1785124105.7865028,-0.01594471000134945,-0.6406667232513428,1.4373359680175781,-1.8516560792922974,0.0056362575851380825,-0.791193962097168,1.4418621063232422,-0.018594250082969666,-0.004117447417229414,0.7868196368217468,-1.4431999921798706,-0.685788631439209,0.012415462173521519,0.6421188116073608,-1.435852289199829,1.1347581148147583
1785124105.8374667,-0.01505935937166214,-0.6412390470504761,1.4367039203643799,-1.9001613855361938,0.005071975756436586,-0.7988728284835815,1.4401315450668335,0.013490302488207817,-0.003043264150619507,0.7864696979522705,-1.4418513774871826,-0.7217162847518921,0.00961828138679266,0.6400667428970337,-1.4362690448760986,1.1820950508117676
1785124105.8910835,-0.014230752363801003,-0.6411224007606506,1.435881495475769,-1.9535552263259888,0.004434728063642979,-0.8058733940124512,1.4382622241973877,0.04815039411187172,-0.001557531300932169,0.7869847416877747,-1.4404025077819824,-0.7606992721557617,0.006841786205768585,0.6392366290092468,-1.435869812965393,1.2344815731048584
1785124105.9413073,-0.013546857051551342,-0.640801191329956,1.435758352279663,-1.999605417251587,0.0038857341278344393,-0.8102599382400513,1.4362661838531494,0.07650624960660934,0.0001730329095153138,0.7880727052688599,-1.43956458568573,-0.7936406135559082,0.004794912878423929,0.6400435566902161,-1.4352869987487793,1.279653787612915
1785124105.9959338,-0.01280969474464655,-0.6405476927757263,1.436177372932434,-2.0431761741638184,0.00334640103392303,-0.8130725622177124,1.434106707572937,0.10200951993465424,0.0019629523158073425,0.7896329760551453,-1.439038872718811,-0.8239235281944275,0.0030416965018957853,0.6416542530059814,-1.433366060256958,1.323238492012024
1785124106.0468283,-0.01181662268936634,-0.6401162147521973,1.4360554218292236,-2.086665630340576,0.0028287761379033327,-0.8151605129241943,1.4320673942565918,0.1269172579050064,0.0035411615390330553,0.7917571663856506,-1.438392996788025,-0.8535085916519165,0.0015480680158361793,0.642994225025177,-1.4318835735321045,1.3668110370635986
1785124106.1014695,-0.010703512467443943,-0.6394949555397034,1.4361648559570312,-2.1307504177093506,0.0022764515597373247,-0.8171020746231079,1.4304009675979614,0.1524074226617813,0.004923155531287193,0.7943465709686279,-1.4376869201660156,-0.8834396004676819,0.0002904033462982625,0.6441063284873962,-1.4306150674819946,1.4116154909133911
1785124106.1564076,-0.009504792280495167,-0.6391546130180359,1.435889482498169,-2.1790060997009277,0.0013385440688580275,-0.8190022110939026,1.4290601015090942,0.17994940280914307,0.006169739179313183,0.7972177267074585,-1.4368619918823242,-0.9155541062355042,-0.0006726974388584495,0.6447252631187439,-1.4298030138015747,1.4608501195907593
1785124106.2084816,-0.008417065255343914,-0.6395033597946167,1.4351112842559814,-2.221691608428955,0.00017721964104566723,-0.8203580975532532,1.4283075332641602,0.20346960425376892,0.007191491313278675,0.7995892763137817,-1.4361851215362549,-0.9429534077644348,-0.0011220677988603711,0.644984781742096,-1.4293335676193237,1.504343867301941
1785124106.2614224,-0.0073785483837127686,-0.6404697299003601,1.4346858263015747,-2.267362356185913,-0.0014628925127908587,-0.8213289380073547,1.427870750427246,0.22789309918880463,0.00813334435224533,0.8020106554031372,-1.4353785514831543,-0.9713424444198608,-0.001396597595885396,0.645011305809021,-1.428547739982605,1.5512968301773071
1785124106.3168647,-0.005410481244325638,-0.6409158110618591,1.434235692024231,-2.326820135116577,-0.0031373058445751667,-0.8198505640029907,1.4281121492385864,0.23933665454387665,0.008822211064398289,0.806647777557373,-1.4337395429611206,-1.011703610420227,-0.001057657296769321,0.645937442779541,-1.427690863609314,1.5846582651138306
1785124106.3678067,-0.0037988147232681513,-0.6415810585021973,1.4324957132339478,-2.3738479614257812,-0.004636457655578852,-0.8197322487831116,1.4271265268325806,0.2572391927242279,0.00898758415132761,0.8096310496330261,-1.432755947113037,-1.0413709878921509,-0.0014756153104826808,0.6460160613059998,-1.4279873371124268,1.6235884428024292
1785124106.4216812,-0.0023529331665486097,-0.6426039338111877,1.4318591356277466,-2.4183263778686523,-0.0059190294705331326,-0.8209355473518372,1.426789402961731,0.28175386786460876,0.009266344830393791,0.8120067119598389,-1.431354284286499,-1.0675270557403564,-0.0016328463098034263,0.6449180841445923,-1.42802095413208,1.668562889099121
1785124106.4719925,-0.001675096107646823,-0.6431960463523865,1.431437611579895,-2.461216688156128,-0.0074746375903487206,-0.8216674327850342,1.427139163017273,0.3048413395881653,0.00971286091953516,0.8143907785415649,-1.4304410219192505,-1.0918818712234497,-0.001575070433318615,0.6447546482086182,-1.4271717071533203,1.7124687433242798
1785124106.5225847,-0.0011530570918694139,-0.6435090899467468,1.429896354675293,-2.499725103378296,-0.008852011524140835,-0.8218483328819275,1.4274201393127441,0.32477006316185,0.010440723970532417,0.816234290599823,-1.4298697710037231,-1.1126376390457153,-0.0013441696064546704,0.6455329656600952,-1.427060604095459,1.7510751485824585
1785124106.5759764,-0.0004929517745040357,-0.6445379257202148,1.4287173748016357,-2.549852132797241,-0.010696297511458397,-0.8221566677093506,1.4274418354034424,0.3516308665275574,0.011131567880511284,0.8182966709136963,-1.4288012981414795,-1.140227198600769,-0.0011761144269257784,0.6466118097305298,-1.4267857074737549,1.8016947507858276
1785124106.6260917,0.0014130573254078627,-0.6446630954742432,1.4272141456604004,-2.672820806503296,-0.012422511354088783,-0.832565426826477,1.4220387935638428,0.44861236214637756,0.011797573417425156,0.8303597569465637,-1.4228534698486328,-1.2374484539031982,-0.0018938170978799462,0.6467803120613098,-1.425586223602295,1.9253703355789185
1785124106.6763656,0.002624256769195199,-0.6473130583763123,1.4232420921325684,-2.8721587657928467,-0.015586111694574356,-0.8516145348548889,1.4117358922958374,0.6173380613327026,0.01390293799340725,0.8510264158248901,-1.411810278892517,-1.4062355756759644,-0.002428367966786027,0.6489755511283875,-1.4224601984024048,2.1251304149627686
1785124106.7269819,0.0036898464895784855,-0.6546167731285095,1.4165741205215454,-3.093413829803467,-0.020827319473028183,-0.8705428242683411,1.400046944618225,0.8041901588439941,0.018858296796679497,0.871056854724884,-1.3988847732543945,-1.592911958694458,-0.0029474091716110706,0.6556583642959595,-1.4165620803833008,2.3464579582214355
1785124106.781494,0.005788201931864023,-0.6658477187156677,1.4096670150756836,-3.2955219745635986,-0.029466036707162857,-0.8827710151672363,1.3912626504898071,0.9667894840240479,0.026829004287719727,0.884498655796051,-1.3888845443725586,-1.7551214694976807,-0.005090663209557533,0.665067195892334,-1.4095792770385742,2.548945903778076
1785124106.831888,0.008344094268977642,-0.6739339828491211,1.4037011861801147,-3.44342041015625,-0.03852411359548569,-0.8874252438545227,1.3873432874679565,1.07493257522583,0.03562552109360695,0.890363872051239,-1.3843165636062622,-1.8626819849014282,-0.0069793774746358395,0.6727715730667114,-1.4043811559677124,2.6966404914855957
1785124106.8899102,0.011789483949542046,-0.6806414723396301,1.3978395462036133,-3.5896944999694824,-0.04851098358631134,-0.8900392055511475,1.3849799633026123,1.1733779907226562,0.044991385191679,0.8944077491760254,-1.3816288709640503,-1.9603216648101807,-0.010089332237839699,0.6796649694442749,-1.3984401226043701,2.8428292274475098
1785124106.940866,0.01681428588926792,-0.6840468645095825,1.3932605981826782,-3.7455685138702393,-0.05695045739412308,-0.894544780254364,1.3816713094711304,1.2780160903930664,0.05316907912492752,0.9000415205955505,-1.377853274345398,-2.0639772415161133,-0.014443103224039078,0.683036208152771,-1.3949699401855469,2.9980032444000244
1785124106.9914155,0.020490320399403572,-0.6842814087867737,1.3921163082122803,-3.904540777206421,-0.06327462941408157,-0.9017477631568909,1.3771774768829346,1.3889611959457397,0.05939950793981552,0.9079881906509399,-1.3728749752044678,-2.1739275455474854,-0.018133018165826797,0.6829798817634583,-1.394039273262024,3.1566402912139893
1785124107.0414503,0.022713422775268555,-0.6840500235557556,1.3910537958145142,-4.076373100280762,-0.06880033016204834,-0.910971999168396,1.3719637393951416,1.5107226371765137,0.06491277366876602,0.9177237749099731,-1.3669708967208862,-2.2946393489837646,-0.020637506619095802,0.6819080710411072,-1.392290472984314,3.328274726867676
1785124107.0914507,0.023261571303009987,-0.6848604083061218,1.3889776468276978,-4.229618549346924,-0.07335228472948074,-0.919013261795044,1.3674371242523193,1.6176838874816895,0.0696759968996048,0.9261345863342285,-1.3620448112487793,-2.400599956512451,-0.021445397287607193,0.6820745468139648,-1.3910372257232666,3.4806759357452393
1785124107.1414776,0.023413626477122307,-0.6872158050537109,1.3878705501556396,-4.376193046569824,-0.07792302966117859,-0.9244216680526733,1.3640086650848389,1.7117905616760254,0.07462599873542786,0.9320117831230164,-1.3583958148956299,-2.493577241897583,-0.021857602521777153,0.6841137409210205,-1.39003586769104,3.6264994144439697
1785124107.1946893,0.023563159629702568,-0.6883730888366699,1.3874818086624146,-4.525162696838379,-0.08153684437274933,-0.9292334318161011,1.358648419380188,1.8066999912261963,0.07918961346149445,0.9371675252914429,-1.3533791303634644,-2.5873687267303467,-0.02252928540110588,0.6866175532341003,-1.3884996175765991,3.775438070297241
1785124107.2462318,0.022911619395017624,-0.6882649660110474,1.3877782821655273,-4.695621967315674,-0.08483942598104477,-0.9351953864097595,1.3515645265579224,1.9161326885223389,0.08391463756561279,0.9432166814804077,-1.3476274013519287,-2.695824384689331,-0.022605936974287033,0.6882150173187256,-1.3879474401474,3.9459009170532227
1785124107.2978907,0.021652404218912125,-0.6876634359359741,1.3881871700286865,-4.8514909744262695,-0.08779450505971909,-0.9411529302597046,1.3460806608200073,2.0153286457061768,0.08803732693195343,0.9488025307655334,-1.34325110912323,-2.794494867324829,-0.021994149312376976,0.6881095767021179,-1.3879430294036865,4.1017913818359375
1785124107.3514621,0.020662672817707062,-0.6871781945228577,1.3883813619613647,-5.017995834350586,-0.09142495691776276,-0.94734126329422,1.3418283462524414,2.1184206008911133,0.09229359030723572,0.954092800617218,-1.3394172191619873,-2.8973591327667236,-0.02156529761850834,0.687234103679657,-1.388158917427063,4.268315315246582
1785124107.4024239,0.02069902792572975,-0.6871135830879211,1.3883012533187866,-5.148787021636963,-0.09482003003358841,-0.9514772295951843,1.339288592338562,2.196648120880127,0.09550487250089645,0.9572812914848328,-1.3367489576339722,-2.9755918979644775,-0.021717293187975883,0.6866499781608582,-1.3882908821105957,4.39910888671875
1785124107.4570093,0.021472619846463203,-0.6873942017555237,1.3878453969955444,-5.281820297241211,-0.09949257224798203,-0.9531257748603821,1.3390995264053345,2.2661938667297363,0.09922587871551514,0.9578267931938171,-1.3364062309265137,-3.045318603515625,-0.022061945870518684,0.6865901947021484,-1.3880679607391357,4.532134056091309
1785124107.5072792,0.02285681664943695,-0.6873195767402649,1.387894630432129,-5.3838090896606445,-0.10371807217597961,-0.9515265226364136,1.3398244380950928,2.3099312782287598,0.10221178829669952,0.9553105235099792,-1.3370778560638428,-3.0894336700439453,-0.02272290177643299,0.6866250038146973,-1.388206124305725,4.6341142654418945
1785124107.561678,0.02391914837062359,-0.6867812871932983,1.3882663249969482,-5.498695373535156,-0.1078357920050621,-0.9497051239013672,1.3393276929855347,2.3604989051818848,0.10497806966304779,0.9524279236793518,-1.336625099182129,-3.140639305114746,-0.02297881990671158,0.6863542199134827,-1.3886247873306274,4.748994827270508
1785124107.6160743,0.023897582665085793,-0.686411440372467,1.3885722160339355,-5.620518207550049,-0.11114191263914108,-0.949435830116272,1.3384833335876465,2.4177212715148926,0.10728824883699417,0.9509885907173157,-1.3359391689300537,-3.1988062858581543,-0.02243286930024624,0.6860948204994202,-1.3889812231063843,4.870813846588135
1785124107.6660912,0.023430010303854942,-0.6862104535102844,1.3890758752822876,-5.793140888214111,-0.11322715878486633,-0.9563726782798767,1.331421136856079,2.52774715423584,0.10878809541463852,0.956515908241272,-1.3288508653640747,-3.310056209564209,-0.02186793088912964,0.6857723593711853,-1.3895912170410156,5.043430805206299
1785124107.722354,0.02124505303800106,-0.6872218251228333,1.3886752128601074,-6.002511501312256,-0.115921750664711,-0.967457115650177,1.324149250984192,2.668212652206421,0.11025140434503555,0.9662532806396484,-1.3218021392822266,-3.4522345066070557,-0.018795732408761978,0.6849791407585144,-1.3921878337860107,5.251316070556641
1785124107.7759728,0.019494036212563515,-0.687990128993988,1.3881038427352905,-6.200057029724121,-0.12005433440208435,-0.9764851927757263,1.320234775543213,2.79584002494812,0.11118778586387634,0.9746652841567993,-1.316090703010559,-3.581709861755371,-0.015275781974196434,0.6822726130485535,-1.3926774263381958,5.447318077087402
1785124107.826852,0.020359179005026817,-0.687993586063385,1.3876873254776,-6.367093563079834,-0.12435290962457657,-0.9815247058868408,1.3177870512008667,2.898585557937622,0.11226345598697662,0.9798675179481506,-1.3114813566207886,-3.6858232021331787,-0.01414426788687706,0.6813511848449707,-1.393582820892334,5.612581729888916
1785124107.8812695,0.022340456023812294,-0.6877872347831726,1.3874257802963257,-6.533246994018555,-0.12948264181613922,-0.9830530881881714,1.3161920309066772,2.993865728378296,0.1142784133553505,0.9826104640960693,-1.3084638118743896,-3.7823410034179688,-0.01387418806552887,0.6813433170318604,-1.393906593322754,5.776767253875732
1785124107.9366162,0.023641079664230347,-0.6875396966934204,1.3875014781951904,-6.681591987609863,-0.13462132215499878,-0.9802402257919312,1.317022681236267,3.0639755725860596,0.11756228655576706,0.9825752973556519,-1.3078734874725342,-3.8608484268188477,-0.013132717460393906,0.6824195981025696,-1.3934553861618042,5.915611743927002
1785124107.9867377,0.023916825652122498,-0.6874265074729919,1.387473225593567,-6.819251537322998,-0.13925997912883759,-0.9733083248138428,1.319189429283142,3.098626136779785,0.12087131291627884,0.9822484254837036,-1.307795763015747,-3.9349050521850586,-0.011545199900865555,0.684276819229126,-1.3934557437896729,6.012754440307617
1785124108.0372598,0.023968322202563286,-0.6875083446502686,1.387869119644165,-6.941341876983643,-0.1428886502981186,-0.9663018584251404,1.319697618484497,3.1274709701538086,0.12371482700109482,0.9816405177116394,-1.3083826303482056,-4.000094413757324,-0.009261113591492176,0.6848680377006531,-1.3941709995269775,6.0978593826293945
1785124108.0912716,0.02338092401623726,-0.6870788931846619,1.3886233568191528,-7.098340034484863,-0.14672234654426575,-0.9593276977539062,1.3200263977050781,3.1705453395843506,0.1260884702205658,0.981857180595398,-1.307370901107788,-4.08746337890625,-0.005714832339435816,0.6836901903152466,-1.3966232538223267,6.209201812744141
1785124108.141608,0.022632095962762833,-0.6866995096206665,1.3889501094818115,-7.23538875579834,-0.14968693256378174,-0.9571381211280823,1.3196051120758057,3.225398540496826,0.1265392154455185,0.9834098815917969,-1.3050196170806885,-4.1674113273620605,-0.0030974068213254213,0.6802118420600891,-1.3999704122543335,6.319400787353516
1785124108.1966577,0.021971339359879494,-0.6864201426506042,1.3892748355865479,-7.404444217681885,-0.15322361886501312,-0.9599753618240356,1.3195196390151978,3.3234338760375977,0.12570646405220032,0.9859808087348938,-1.300500750541687,-4.265902519226074,-0.00010465808009030297,0.6719937920570374,-1.4052386283874512,6.483051300048828
1785124108.253028,0.021674463525414467,-0.6865506768226624,1.388765573501587,-7.568493366241455,-0.15724529325962067,-0.9646130800247192,1.3205385208129883,3.4229986667633057,0.12363816052675247,0.9897302985191345,-1.2946604490280151,-4.364581108093262,0.002859386382624507,0.6648659110069275,-1.4099130630493164,6.640945911407471
1785124108.3070104,0.022197041660547256,-0.6874761581420898,1.3879097700119019,-7.75018310546875,-0.16275832056999207,-0.9688671827316284,1.3206393718719482,3.533414363861084,0.12039294093847275,0.9943598508834839,-1.2891721725463867,-4.473275661468506,0.007824212312698364,0.6607323884963989,-1.4134416580200195,6.814913749694824
1785124108.3570585,0.023189377039670944,-0.6881039142608643,1.3874499797821045,-7.89626407623291,-0.16753779351711273,-0.9703957438468933,1.3194010257720947,3.6208131313323975,0.11755819618701935,0.9978486895561218,-1.2853989601135254,-4.558977127075195,0.012777579016983509,0.6601933836936951,-1.4156091213226318,6.953892230987549
1785124108.411304,0.02413877658545971,-0.6881878972053528,1.3874363899230957,-8.069604873657227,-0.1730455905199051,-0.9697772264480591,1.3174552917480469,3.7220211029052734,0.11447278410196304,1.0013576745986938,-1.281288504600525,-4.657859802246094,0.019178258255124092,0.6602733135223389,-1.4175975322723389,7.1178975105285645
1785124108.4613204,0.024203140288591385,-0.6877480745315552,1.387794017791748,-8.220928192138672,-0.17752917110919952,-0.9673921465873718,1.31670343875885,3.807652235031128,0.11214302480220795,1.0038471221923828,-1.277864933013916,-4.74102258682251,0.024943511933088303,0.6589054465293884,-1.421309471130371,7.259494304656982
1785124108.5213585,0.0238193329423666,-0.6869977712631226,1.3883720636367798,-8.386902809143066,-0.18184225261211395,-0.9640297293663025,1.3171497583389282,3.9012527465820312,0.10944880545139313,1.006036400794983,-1.272236704826355,-4.830861568450928,0.030292266979813576,0.6544320583343506,-1.4265176057815552,7.414092063903809
1785124108.5725696,0.022901000455021858,-0.6872069835662842,1.3884755373001099,-8.55424690246582,-0.1864396333694458,-0.9605799317359924,1.318571925163269,3.996507406234741,0.10605188459157944,1.0089497566223145,-1.266968011856079,-4.920835971832275,0.037425920367240906,0.6492313742637634,-1.4316842555999756,7.568736553192139
1785124108.62367,0.022476496174931526,-0.6878392696380615,1.388284683227539,-8.707926750183105,-0.19104431569576263,-0.9572586417198181,1.3202710151672363,4.084915637969971,0.10218043625354767,1.0125257968902588,-1.2624657154083252,-5.003223896026611,0.04457279294729233,0.6444972157478333,-1.4359204769134521,7.70958137512207
1785124108.6758442,0.02283846028149128,-0.6882514357566833,1.388079285621643,-8.864316940307617,-0.19585663080215454,-0.9536445140838623,1.321938395500183,4.176290035247803,0.09765516966581345,1.0168652534484863,-1.257450819015503,-5.087244987487793,0.05191855877637863,0.6405781507492065,-1.44167160987854,7.851593971252441
1785124108.7280078,0.02347288839519024,-0.6883465647697449,1.3879510164260864,-9.02462100982666,-0.2008102685213089,-0.9496201276779175,1.3234925270080566,4.271912574768066,0.09265754371881485,1.0216602087020874,-1.2512719631195068,-5.173801898956299,0.058984432369470596,0.6367108821868896,-1.4467484951019287,7.996516704559326
1785124108.781459,0.023992938920855522,-0.6886255145072937,1.387762188911438,-9.202040672302246,-0.20613430440425873,-0.9444612264633179,1.325347661972046,4.378891944885254,0.08727970719337463,1.0274336338043213,-1.2449227571487427,-5.268646240234375,0.06716693937778473,0.6336248517036438,-1.4521293640136719,8.1561918258667
1785124108.8325708,0.024108676239848137,-0.6889416575431824,1.3876409530639648,-9.345216751098633,-0.20991982519626617,-0.9393365979194641,1.327414870262146,4.465115547180176,0.0830574780702591,1.03212308883667,-1.24057936668396,-5.3433990478515625,0.07424380630254745,0.6321684718132019,-1.4557900428771973,8.284470558166504
1785124108.8864093,0.022787827998399734,-0.6894230246543884,1.3888986110687256,-9.519234657287598,-0.20154672861099243,-0.9225791096687317,1.328857660293579,4.575162410736084,0.07594809681177139,1.036077857017517,-1.2369273900985718,-5.4331817626953125,0.08200159668922424,0.63158118724823,-1.4588990211486816,8.439828872680664
1785124108.938539,0.01236947625875473,-0.6899556517601013,1.393717646598816,-9.675704002380371,-0.15196233987808228,-0.8638238310813904,1.3339413404464722,4.693143844604492,0.06457842886447906,1.0499989986419678,-1.2353830337524414,-5.511654376983643,0.08320651203393936,0.6359689235687256,-1.4591243267059326,8.58027172088623
1785124108.9914386,-0.015700222924351692,-0.6933030486106873,1.397942066192627,-9.818751335144043,-0.046335943043231964,-0.7093472480773926,1.3753618001937866,4.834336280822754,0.037015583366155624,1.0845932960510254,-1.2526596784591675,-5.573162078857422,0.07223840057849884,0.657555103302002,-1.4584879875183105,8.71432113647461
1785124109.0422783,-0.025228872895240784,-0.7024604678153992,1.3945965766906738,-9.887508392333984,0.006343554239720106,-0.6177679896354675,1.4206582307815552,4.904145240783691,0.0053263213485479355,1.114585280418396,-1.28437077999115,-5.584689140319824,0.054911140352487564,0.6811410188674927,-1.461124062538147,8.78402328491211
1785124109.0964482,-0.0591653436422348,-0.7239397764205933,1.4303373098373413,-9.95772647857666,0.03551787510514259,-0.6171844601631165,1.423180341720581,4.968184947967529,0.000827454961836338,1.1019234657287598,-1.2939462661743164,-5.580784320831299,0.06947636604309082,0.696993887424469,-1.4719897508621216,8.852627754211426
1785124109.1513026,-0.07507552206516266,-0.7205876111984253,1.3929604291915894,-10.020480155944824,0.008183656260371208,-0.6879615187644958,1.4886990785598755,5.030396461486816,-0.002546915551647544,1.050873041152954,-1.2815468311309814,-5.568173885345459,0.07963787019252777,0.6788830161094666,-1.4715428352355957,8.911989212036133
1785124109.2019432,-0.02426913194358349,-0.7196882963180542,1.3775945901870728,-10.147835731506348,-0.026576051488518715,-0.7437281608581543,1.4737269878387451,5.135537624359131,-0.025572385638952255,0.9966478943824768,-1.2812327146530151,-5.61996603012085,0.062096498906612396,0.6220956444740295,-1.4796171188354492,9.020620346069336
1785124109.2579122,0.042257387191057205,-0.7007539868354797,1.3815068006515503,-10.353464126586914,-0.06724102795124054,-0.801008939743042,1.4310342073440552,5.305332183837891,-0.04765915498137474,0.9532712697982788,-1.2947832345962524,-5.7552595138549805,0.043446656316518784,0.5717748403549194,-1.4931899309158325,9.19597053527832
1785124109.3114772,0.055739764124155045,-0.6740144491195679,1.3903030157089233,-10.466151237487793,-0.10752314329147339,-0.8370547294616699,1.4283268451690674,5.376938343048096,-0.04532383382320404,0.9134584069252014,-1.3254926204681396,-5.812623977661133,0.052247047424316406,0.5776602029800415,-1.4928984642028809,9.277539253234863
1785124109.3645573,0.043515559285879135,-0.6649817228317261,1.3937873840332031,-10.450453758239746,-0.13187463581562042,-0.8425596952438354,1.4363768100738525,5.332823276519775,-0.030274739488959312,0.8758319616317749,-1.3526736497879028,-5.767326831817627,0.06967950612306595,0.5985105037689209,-1.4790719747543335,9.243255615234375
1785124109.4159825,0.028165144845843315,-0.6696442365646362,1.3964788913726807,-10.357756614685059,-0.15408283472061157,-0.8297521471977234,1.4358679056167603,5.197203159332275,-0.006965890061110258,0.8159381151199341,-1.3820877075195312,-5.641356945037842,0.08538347482681274,0.6312675476074219,-1.459525465965271,9.131908416748047
1785124109.466274,0.02807357907295227,-0.6764199137687683,1.396494746208191,-10.397994041442871,-0.1599988490343094,-0.8361026048660278,1.42257559299469,5.189560890197754,0.0055699958465993404,0.7866721749305725,-1.389136791229248,-5.652219772338867,0.07759256660938263,0.6479360461235046,-1.4532161951065063,9.156654357910156
1785124109.5212579,0.03425002098083496,-0.6778278350830078,1.3950920104980469,-10.613871574401855,-0.1531156450510025,-0.870348334312439,1.4063963890075684,5.34359073638916,0.009946424514055252,0.7954379320144653,-1.3822873830795288,-5.832602024078369,0.05674499645829201,0.644568920135498,-1.4529974460601807,9.353081703186035
1785124109.571289,0.03592938557267189,-0.6767314076423645,1.3933820724487305,-10.959348678588867,-0.13827741146087646,-0.917818546295166,1.3868218660354614,5.62846565246582,0.013920336961746216,0.8339981436729431,-1.3620378971099854,-6.138927459716797,0.03513648360967636,0.6352136135101318,-1.4499731063842773,9.681647300720215
1785124109.6217086,0.02923305705189705,-0.6801432371139526,1.391325831413269,-11.33094310760498,-0.12066726386547089,-0.9578675627708435,1.3635977506637573,5.937716007232666,0.024512212723493576,0.8803542852401733,-1.3407469987869263,-6.4636759757995605,0.020326169207692146,0.6368651390075684,-1.4390373229980469,10.038972854614258
1785124109.676953,0.017881840467453003,-0.6872892379760742,1.38832688331604,-11.680693626403809,-0.10233466327190399,-0.9818440079689026,1.3418302536010742,6.2190775871276855,0.0431133471429348,0.9287942051887512,-1.3291534185409546,-6.75524377822876,0.010696233250200748,0.6558377742767334,-1.4169964790344238,10.378722190856934
1785124109.7275126,0.013104846701025963,-0.6919474005699158,1.3865106105804443,-11.929737091064453,-0.08756119012832642,-0.9863952994346619,1.3265995979309082,6.405728340148926,0.06293052434921265,0.9628622531890869,-1.3242125511169434,-6.945643901824951,-0.001319867791607976,0.6824365258216858,-1.3958628177642822,10.624292373657227
1785124109.7777221,0.015573650598526001,-0.6913455128669739,1.4028739929199219,-12.107121467590332,-0.0753333568572998,-0.981269359588623,1.315524935722351,6.532519340515137,0.0829058289527893,0.9852094054222107,-1.3216114044189453,-7.072351455688477,-0.01796952448785305,0.7022458910942078,-1.3817458152770996,10.807405471801758
1785124109.828651,0.014056405983865261,-0.6802256107330322,1.4168763160705566,-12.25646686553955,-0.06483076512813568,-0.9640414118766785,1.3016358613967896,6.622552394866943,0.10884471982717514,0.9955809116363525,-1.3262355327606201,-7.161139965057373,-0.028047699481248856,0.7059661746025085,-1.3789918422698975,10.95936393737793
1785124109.8812778,-0.00414753332734108,-0.6838421821594238,1.4149739742279053,-12.31395435333252,-0.05173112824559212,-0.9109923839569092,1.3173195123672485,6.624278545379639,0.13433177769184113,0.9887018203735352,-1.3388084173202515,-7.1504926681518555,-0.03135151416063309,0.6964104175567627,-1.3818985223770142,11.013593673706055
1785124109.9321542,-0.027501460164785385,-0.7052555084228516,1.412519097328186,-12.268298149108887,-0.03883888199925423,-0.8364095687866211,1.3504806756973267,6.536739349365234,0.1529071182012558,0.9657934308052063,-1.3508596420288086,-7.041044235229492,-0.03067784383893013,0.6852880120277405,-1.388604760169983,10.96111011505127
1785124109.9858878,-0.04684416577219963,-0.7255175709724426,1.4137247800827026,-12.221600532531738,-0.031153086572885513,-0.78046053647995,1.3800065517425537,6.448610305786133,0.16537120938301086,0.9387866854667664,-1.357370138168335,-6.928249359130859,-0.030756544321775436,0.6742247939109802,-1.3960262537002563,10.905491828918457
1785124110.0361779,-0.054921042174100876,-0.738849401473999,1.4079662561416626,-12.19938850402832,-0.03503439575433731,-0.7742665410041809,1.3998515605926514,6.386174201965332,0.17064301669597626,0.9124606251716614,-1.3647352457046509,-6.838590621948242,-0.032517481595277786,0.6660650968551636,-1.4004472494125366,10.871779441833496
1785124110.0862918,-0.05264395475387573,-0.7339688539505005,1.4043068885803223,-12.26530933380127,-0.03256549686193466,-0.7926640510559082,1.4005331993103027,6.417733669281006,0.1610780954360962,0.8981860876083374,-1.367583990097046,-6.847678184509277,-0.03678008168935776,0.6658949255943298,-1.3996398448944092,10.9281005859375
1785124110.1365633,-0.04349013790488243,-0.7234943509101868,1.4038612842559814,-12.374944686889648,-0.02420099265873432,-0.8242608308792114,1.389776349067688,6.484502792358398,0.1352829933166504,0.8848007917404175,-1.373350977897644,-6.897061824798584,-0.03624039888381958,0.6744049191474915,-1.3954226970672607,11.027626037597656
1785124110.1921487,-0.03310946747660637,-0.712682843208313,1.4072602987289429,-12.49220085144043,-0.015987953171133995,-0.859494149684906,1.3749794960021973,6.55348014831543,0.11049667000770569,0.8846569061279297,-1.3833377361297607,-6.955322265625,-0.031412601470947266,0.6860154867172241,-1.3888130187988281,11.136225700378418
1785124110.2464457,-0.022383688017725945,-0.7038418054580688,1.4092220067977905,-12.58419418334961,-0.009290340356528759,-0.893044650554657,1.3620628118515015,6.587131023406982,0.08197540044784546,0.885668158531189,-1.3919039964675903,-6.988592147827148,-0.025780411437153816,0.6945773959159851,-1.3843034505844116,11.220724105834961
1785124110.2970998,-0.015987494960427284,-0.6957096457481384,1.4090903997421265,-12.644793510437012,-0.006838065106421709,-0.9168596863746643,1.3557510375976562,6.597838878631592,0.055944573134183884,0.88035649061203,-1.3866608142852783,-7.005017280578613,-0.028149178251624107,0.6984177827835083,-1.4023362398147583,11.276139259338379
1785124110.3516307,-0.013977170921862125,-0.6906662583351135,1.4082348346710205,-12.669843673706055,-0.007318463642150164,-0.9314416646957397,1.3640704154968262,6.562206268310547,0.034171588718891144,0.8577280640602112,-1.3632220029830933,-6.979708194732666,-0.0438714437186718,0.6953704357147217,-1.4280654191970825,11.297636985778809
1785124110.4063888,-0.01955033466219902,-0.7161171436309814,1.3958042860031128,-12.532195091247559,-0.011179007589817047,-0.9113497138023376,1.385529637336731,6.362988471984863,0.029661469161510468,0.8127045035362244,-1.3661261796951294,-6.79269552230835,-0.04423222318291664,0.7129274010658264,-1.4244788885116577,11.160333633422852
1785124110.461884,-0.023797543719410896,-0.7702820301055908,1.377476692199707,-12.224501609802246,-0.013082637451589108,-0.850436806678772,1.4020122289657593,5.9900312423706055,0.0340927429497242,0.749180018901825,-1.391087532043457,-6.438553810119629,-0.03602815419435501,0.7573880553245544,-1.4047937393188477,10.848896026611328
1785124110.5120344,-0.019448911771178246,-0.8119712471961975,1.3745826482772827,-11.984333992004395,-0.0074881683103740215,-0.7965145707130432,1.4039971828460693,5.7005615234375,0.036383096128702164,0.7074058651924133,-1.4086614847183228,-6.165868759155273,-0.03171825036406517,0.7918789982795715,-1.3893680572509766,10.603716850280762
1785124110.562493,-0.005417046137154102,-0.850218653678894,1.3944543600082397,-11.785517692565918,0.00863074790686369,-0.7456536293029785,1.3991401195526123,5.443174362182617,0.03262995183467865,0.6812735199928284,-1.4235366582870483,-5.927074909210205,-0.031660355627536774,0.8210314512252808,-1.3821189403533936,10.399288177490234
1785124110.6168742,0.011223540641367435,-0.8666536211967468,1.4198225736618042,-11.68112564086914,0.023385491222143173,-0.7085419297218323,1.390353798866272,5.2860493659973145,0.02333964593708515,0.6738944053649902,-1.4278613328933716,-5.781933784484863,-0.03542188182473183,0.8372465372085571,-1.3854091167449951,10.292978286743164
1785124110.6724787,0.025560926645994186,-0.8663021922111511,1.4199708700180054,-11.596065521240234,0.009851513430476189,-0.6816461086273193,1.3961621522903442,5.1545844078063965,0.01710735447704792,0.6624802947044373,-1.4219659566879272,-5.6600141525268555,-0.03656906262040138,0.8523973822593689,-1.392215371131897,10.20860767364502
1785124110.727085,0.03642398864030838,-0.8650481104850769,1.4093732833862305,-11.494030952453613,-0.0063834949396550655,-0.671506941318512,1.402277946472168,5.010281085968018,0.011268856935203075,0.6544057726860046,-1.4134186506271362,-5.522719383239746,-0.03703358769416809,0.8703773617744446,-1.396147608757019,10.108201026916504
1785124110.7819223,0.045639585703611374,-0.8665952682495117,1.4005184173583984,-11.369195938110352,-0.015825405716896057,-0.6681392192840576,1.4035475254058838,4.842198848724365,0.006892004515975714,0.6631338000297546,-1.4079806804656982,-5.357183933258057,-0.0390494205057621,0.8893360495567322,-1.3926849365234375,9.986889839172363
1785124110.8364007,0.0534500777721405,-0.8709102869033813,1.394455909729004,-11.238945007324219,-0.020916733890771866,-0.6727036237716675,1.397889256477356,4.666575908660889,0.006802364252507687,0.6725293397903442,-1.4049104452133179,-5.185200214385986,-0.041244156658649445,0.9045497179031372,-1.3818435668945312,9.8621826171875
1785124110.8923771,0.0592721588909626,-0.877121090888977,1.3910213708877563,-11.119922637939453,-0.022661905735731125,-0.6824936866760254,1.3910702466964722,4.503735065460205,0.006964400410652161,0.6732186675071716,-1.4053617715835571,-5.0274858474731445,-0.04377984255552292,0.9158347845077515,-1.3698186874389648,9.749306678771973
1785124110.9466727,0.06549443304538727,-0.8837860226631165,1.3901327848434448,-11.001623153686523,-0.023632580414414406,-0.693603515625,1.385305643081665,4.335575103759766,0.0066835470497608185,0.6690748929977417,-1.4066506624221802,-4.865811824798584,-0.046296004205942154,0.9263954162597656,-1.3587181568145752,9.638687133789062
1785124110.997842,0.06981717795133591,-0.8859015703201294,1.3901777267456055,-10.933853149414062,-0.02366155944764614,-0.6960641145706177,1.384183406829834,4.230682849884033,0.0052866749465465546,0.6669327020645142,-1.407729148864746,-4.765589237213135,-0.04799233749508858,0.9321504831314087,-1.3537557125091553,9.577018737792969
1785124111.051274,0.07560995221138,-0.887741208076477,1.3869633674621582,-10.83315372467041,-0.02338879369199276,-0.6915470361709595,1.385974645614624,4.073363304138184,0.0019877480808645487,0.6635100245475769,-1.4117193222045898,-4.617056846618652,-0.05065795034170151,0.9403727650642395,-1.3477481603622437,9.485965728759766
1785124111.103365,0.0799417570233345,-0.8882066011428833,1.383644700050354,-10.760361671447754,-0.022596662864089012,-0.6869012713432312,1.388056993484497,3.9578099250793457,-0.001750083756633103,0.6605066657066345,-1.4144983291625977,-4.5087175369262695,-0.052987147122621536,0.9456838369369507,-1.344377040863037,9.420506477355957
1785124111.1562073,0.08594422787427902,-0.8873465061187744,1.3810826539993286,-10.681312561035156,-0.021270614117383957,-0.6845152974128723,1.3894091844558716,3.82633376121521,-0.007035891059786081,0.6581528782844543,-1.41718327999115,-4.386405944824219,-0.05579090490937233,0.9501692652702332,-1.34121835231781,9.350397109985352
1785124111.2088845,0.0916590541601181,-0.8825899362564087,1.3823516368865967,-10.64748477935791,-0.020639194175601006,-0.6855348944664001,1.3890448808670044,3.751801013946533,-0.012360135093331337,0.6592344641685486,-1.4173390865325928,-4.318199157714844,-0.05737853795289993,0.9500448107719421,-1.3416622877120972,9.324309349060059
1785124111.2612772,0.09776586294174194,-0.8790421485900879,1.3817129135131836,-10.591657638549805,-0.022815430536866188,-0.6869990229606628,1.3888903856277466,3.642174482345581,-0.013519478030502796,0.6604269742965698,-1.4212877750396729,-4.218499183654785,-0.056638285517692566,0.9496959447860718,-1.335453987121582,9.277904510498047
1785124111.317226,0.10271460562944412,-0.8890585899353027,1.3755666017532349,-10.458778381347656,-0.024229973554611206,-0.688457190990448,1.3882956504821777,3.456812858581543,-0.014285985380411148,0.6520190834999084,-1.4275816679000854,-4.045233726501465,-0.05497605353593826,0.9577681422233582,-1.3206113576889038,9.154104232788086
1785124111.3717391,0.11037807166576385,-0.9044191241264343,1.3712456226348877,-10.28364086151123,-0.02175711654126644,-0.6903700828552246,1.3870441913604736,3.219205617904663,-0.020218469202518463,0.6374046206474304,-1.4371533393859863,-3.826018810272217,-0.054641906172037125,0.9713543653488159,-1.3082808256149292,8.990150451660156
1785124111.4219432,0.1183120384812355,-0.9099575877189636,1.371191382408142,-10.171001434326172,-0.019909042865037918,-0.6897472739219666,1.3869649171829224,3.053920030593872,-0.02696123532950878,0.6307976245880127,-1.4415576457977295,-3.6765072345733643,-0.055590368807315826,0.9794367551803589,-1.302804946899414,8.886789321899414
1785124111.476232,0.12800884246826172,-0.9072213768959045,1.3700021505355835,-10.075521469116211,-0.020815707743167877,-0.6877840757369995,1.387595534324646,2.9005393981933594,-0.03371424227952957,0.6319620609283447,-1.44290292263031,-3.54030442237854,-0.057095836848020554,0.9839831590652466,-1.2984141111373901,8.802347183227539
1785124111.5267513,0.1368125081062317,-0.899407148361206,1.3679430484771729,-10.006148338317871,-0.02311185747385025,-0.6868830919265747,1.3881661891937256,2.7792680263519287,-0.03981109336018562,0.6372207403182983,-1.4429748058319092,-3.433947801589966,-0.05872344970703125,0.9854934215545654,-1.2959392070770264,8.744171142578125
1785124111.5770557,0.1451711654663086,-0.8864736557006836,1.3688451051712036,-9.970820426940918,-0.024580614641308784,-0.6871465444564819,1.3884562253952026,2.6944923400878906,-0.04765456169843674,0.6447362899780273,-1.4404150247573853,-3.361452341079712,-0.05986814200878143,0.9843040704727173,-1.2980186939239502,8.721281051635742
1785124111.6317613,0.15222132205963135,-0.8758242130279541,1.3698676824569702,-9.920160293579102,-0.025824636220932007,-0.687620997428894,1.3886350393295288,2.58929705619812,-0.0545726977288723,0.6495055556297302,-1.4414540529251099,-3.2698092460632324,-0.059286635369062424,0.9838259220123291,-1.2960798740386963,8.685632705688477
1785124111.6857324,0.1569126844406128,-0.8736956119537354,1.3701469898223877,-9.844225883483887,-0.025783617049455643,-0.6883469223976135,1.388503909111023,2.4634227752685547,-0.0591161884367466,0.6463991403579712,-1.4467799663543701,-3.1571526527404785,-0.056283771991729736,0.9865453839302063,-1.2897437810897827,8.624673843383789
1785124111.7376182,0.1590311974287033,-0.877227783203125,1.369916319847107,-9.768030166625977,-0.025561565533280373,-0.688771665096283,1.3882806301116943,2.351187229156494,-0.061382874846458435,0.6402547955513,-1.4530587196350098,-3.0558266639709473,-0.05254600942134857,0.9898309111595154,-1.285085678100586,8.557461738586426
1785124111.7937987,0.1604459434747696,-0.8884881734848022,1.3717420101165771,-9.614670753479004,-0.025346005335450172,-0.688928484916687,1.3881248235702515,2.134697198867798,-0.06699872016906738,0.6261107325553894,-1.4631587266921997,-2.86100435256958,-0.03977913409471512,0.9783598184585571,-1.2861661911010742,8.413206100463867
1785124111.8456628,0.1600618064403534,-0.8965462446212769,1.376354455947876,-9.496959686279297,-0.025440338999032974,-0.6870490908622742,1.3886311054229736,1.9685851335525513,-0.07260031253099442,0.6166005730628967,-1.4659450054168701,-2.713763475418091,-0.02941499464213848,0.9626417756080627,-1.2940037250518799,8.301091194152832
1785124111.8978918,0.15872102975845337,-0.9005322456359863,1.379497766494751,-9.404326438903809,-0.026332275941967964,-0.6845265626907349,1.3896478414535522,1.837767243385315,-0.07384602725505829,0.6124523282051086,-1.4654334783554077,-2.5979089736938477,-0.023691320791840553,0.953467071056366,-1.2989511489868164,8.212743759155273
1785124111.9612584,0.15652862191200256,-0.9032756090164185,1.3804272413253784,-9.316269874572754,-0.027609704062342644,-0.6827658414840698,1.390189528465271,1.716632604598999,-0.0718037486076355,0.6115550994873047,-1.465012788772583,-2.4898736476898193,-0.019445102661848068,0.9450199604034424,-1.3025649785995483,8.125675201416016
1785124112.013602,0.1539061814546585,-0.9046667218208313,1.3807309865951538,-9.24084186553955,-0.028577933087944984,-0.682142972946167,1.3904467821121216,1.6137561798095703,-0.06960497796535492,0.6124011874198914,-1.4648008346557617,-2.3981387615203857,-0.01643422059714794,0.9369675517082214,-1.305991530418396,8.049209594726562
1785124112.0917284,0.14468291401863098,-0.9050638675689697,1.3818553686141968,-9.052556037902832,-0.029169345274567604,-0.6829205751419067,1.390295386314392,1.3601043224334717,-0.06390354037284851,0.6183618307113647,-1.4607644081115723,-2.1702585220336914,-0.012721531093120575,0.9227083921432495,-1.3142741918563843,7.860652923583984
1785124112.1448932,0.1335611343383789,-0.9014800786972046,1.3830105066299438,-8.874876022338867,-0.02740473859012127,-0.6850368976593018,1.38961923122406,1.1236974000930786,-0.0580725334584713,0.6273613572120667,-1.4531159400939941,-1.9543731212615967,-0.013015439733862877,0.9216574430465698,-1.3181504011154175,7.686578273773193
1785124112.1973267,0.1149001196026802,-0.8911197781562805,1.3790844678878784,-8.602951049804688,-0.023811591789126396,-0.6885805130004883,1.3883434534072876,0.7692878842353821,-0.0494052916765213,0.6406766176223755,-1.4426116943359375,-1.6250782012939453,-0.02069961652159691,0.9547837972640991,-1.308296799659729,7.4325947761535645
1785124112.2484276,0.10720355063676834,-0.8823434114456177,1.3761241436004639,-8.480978965759277,-0.020568426698446274,-0.6911702156066895,1.386831283569336,0.6090782284736633,-0.04731210693717003,0.6471574306488037,-1.4380205869674683,-1.47446608543396,-0.027387063950300217,0.9857102036476135,-1.2988234758377075,7.325295448303223
1785124112.3008735,0.10088298469781876,-0.8729833364486694,1.373292326927185,-8.36457633972168,-0.018178991973400116,-0.6937247514724731,1.3857471942901611,0.455077201128006,-0.04702435061335564,0.6528019309043884,-1.4338337182998657,-1.3287899494171143,-0.03446970507502556,1.0155508518218994,-1.2911769151687622,7.225271701812744
1785124112.351897,0.09432707726955414,-0.8497743606567383,1.3715826272964478,-8.182381629943848,-0.016757607460021973,-0.6950809955596924,1.384890079498291,0.2039271593093872,-0.04734097421169281,0.6650340557098389,-1.4249539375305176,-1.0883045196533203,-0.04587867856025696,1.0598231554031372,-1.2780873775482178,7.0847487449646
1785124112.4023259,0.09416817873716354,-0.836985170841217,1.371726393699646,-8.088005065917969,-0.017890606075525284,-0.694783091545105,1.3847801685333252,0.06947892159223557,-0.048427317291498184,0.6707680821418762,-1.4228514432907104,-0.9583789706230164,-0.05008586123585701,1.0772745609283447,-1.2708311080932617,7.021384239196777
1785124112.4565332,0.09737274795770645,-0.8287047147750854,1.3725847005844116,-8.001137733459473,-0.01849863864481449,-0.6950917840003967,1.38479745388031,-0.055713191628456116,-0.051697008311748505,0.6719990968704224,-1.4235987663269043,-0.8372232913970947,-0.051171742379665375,1.0887196063995361,-1.2665024995803833,6.967294692993164
1785124112.5641177,0.10489681363105774,-0.8260880708694458,1.3750078678131104,-7.89431619644165,-0.01898028887808323,-0.6949319839477539,1.3848826885223389,-0.21192914247512817,-0.058236874639987946,0.6675787568092346,-1.4296743869781494,-0.6873058080673218,-0.04837292060256004,1.095698356628418,-1.2633180618286133,6.902385711669922
1785124112.6164823,0.11922778189182281,-0.8404163718223572,1.373952031135559,-7.697993278503418,-0.02054365538060665,-0.6934494972229004,1.3853682279586792,-0.4869285821914673,-0.06604386121034622,0.6462552547454834,-1.4489079713821411,-0.43155285716056824,-0.03924328833818436,1.0875515937805176,-1.2450700998306274,6.766387939453125
1785124112.6713595,0.1307053118944168,-0.8550209403038025,1.3713024854660034,-7.567484378814697,-0.019033923745155334,-0.6946380734443665,1.3850704431533813,-0.6662409901618958,-0.07487975060939789,0.6283491253852844,-1.4610142707824707,-0.2693188190460205,-0.03457091748714447,1.076829195022583,-1.238153338432312,6.670685768127441
1785124112.7215433,0.14360545575618744,-0.8604575991630554,1.3724465370178223,-7.49717378616333,-0.017484279349446297,-0.6940385103225708,1.3857347965240479,-0.7817191481590271,-0.08650297671556473,0.6208428144454956,-1.4668253660202026,-0.1712043434381485,-0.03174971044063568,1.0625752210617065,-1.2430250644683838,6.628779411315918
1785124112.7763393,0.15911650657653809,-0.8595743775367737,1.374298334121704,-7.455328464508057,-0.01871378906071186,-0.6907793879508972,1.3874304294586182,-0.8740954995155334,-0.09876202791929245,0.6187519431114197,-1.4682366847991943,-0.09964416176080704,-0.02866583876311779,1.042016863822937,-1.251535177230835,6.614894866943359
1785124112.8314788,0.1733483225107193,-0.8546779751777649,1.3768045902252197,-7.440918445587158,-0.022635962814092636,-0.6875430345535278,1.389100193977356,-0.9387041330337524,-0.1078047826886177,0.6211814880371094,-1.4690853357315063,-0.055863991379737854,-0.024801375344395638,1.0187610387802124,-1.261313796043396,6.626221656799316
1785124112.886576,0.17973487079143524,-0.852173388004303,1.3760762214660645,-7.401440620422363,-0.02673976495862007,-0.6859860420227051,1.3907190561294556,-1.0292741060256958,-0.11058726161718369,0.6186914443969727,-1.473581075668335,0.011357921175658703,-0.020430106669664383,1.0023236274719238,-1.2645198106765747,6.612000465393066
1785124112.9369872,0.17768889665603638,-0.8573232293128967,1.3774737119674683,-7.319980621337891,-0.027614904567599297,-0.6861094236373901,1.3907817602157593,-1.1597927808761597,-0.10850708931684494,0.6094505190849304,-1.4800277948379517,0.11763191223144531,-0.01373530738055706,0.9935109615325928,-1.267581820487976,6.548189640045166
1785124112.9912617,0.18000847101211548,-0.8750084638595581,1.383760929107666,-7.192178726196289,-0.028453662991523743,-0.6861059665679932,1.3891338109970093,-1.345151424407959,-0.10568474233150482,0.5972227454185486,-1.4845126867294312,0.2744840383529663,-0.008041863329708576,0.9845069646835327,-1.2716835737228394,6.434731960296631
1785124113.0528774,0.18170930445194244,-0.8932749032974243,1.3861557245254517,-7.0551676750183105,-0.030461354181170464,-0.6855506896972656,1.3881707191467285,-1.5371447801589966,-0.10086178034543991,0.5937010049819946,-1.4836357831954956,0.4408813416957855,-0.00513467425480485,0.9712353348731995,-1.278273344039917,6.304487228393555
1785124113.1056216,0.1777992993593216,-0.9076644778251648,1.3797125816345215,-6.87295389175415,-0.03196658194065094,-0.6842789649963379,1.3888880014419556,-1.7873064279556274,-0.0929783433675766,0.6035851240158081,-1.476430892944336,0.6619528532028198,-0.005303292069584131,0.9478641152381897,-1.2905254364013672,6.123204708099365
1785124113.1579154,0.16914869844913483,-0.908538818359375,1.3758307695388794,-6.74722957611084,-0.030162574723362923,-0.6836689710617065,1.3898110389709473,-1.9722206592559814,-0.0868368074297905,0.6213046908378601,-1.461545467376709,0.8246356844902039,-0.008635297417640686,0.9253726601600647,-1.3045369386672974,6.000043869018555
1785124113.2082286,0.15817375481128693,-0.8979142308235168,1.3772770166397095,-6.700829029083252,-0.027570152655243874,-0.6846632361412048,1.3901020288467407,-2.070112705230713,-0.0809980034828186,0.6375591158866882,-1.4504832029342651,0.9054238796234131,-0.012061563320457935,0.9173231720924377,-1.3123648166656494,5.960294246673584
1785124113.2613106,0.1430393010377884,-0.8796528577804565,1.3797773122787476,-6.697460651397705,-0.025654368102550507,-0.6875771880149841,1.3894869089126587,-2.1267282962799072,-0.07510484755039215,0.6484570503234863,-1.44424307346344,0.9473751783370972,-0.015739547088742256,0.929661750793457,-1.3156336545944214,5.967226982116699
1785124113.3119113,0.12695425748825073,-0.853714644908905,1.3869588375091553,-6.764988422393799,-0.02430608496069908,-0.6888642311096191,1.3888736963272095,-2.1002395153045654,-0.07280895113945007,0.6633501052856445,-1.434509515762329,0.9161941409111023,-0.017727011814713478,0.9446703195571899,-1.330754280090332,6.0462188720703125
1785124113.3663454,0.10482962429523468,-0.8231662511825562,1.396488904953003,-6.867185592651367,-0.024850621819496155,-0.6872301697731018,1.3892276287078857,-2.0391321182250977,-0.06474084407091141,0.6806456446647644,-1.4229451417922974,0.8527633547782898,-0.015403611585497856,0.9568259716033936,-1.3393357992172241,6.16664981842041
1785124113.4184299,0.08131250739097595,-0.8024294972419739,1.4044787883758545,-6.957906246185303,-0.025005986914038658,-0.6878295540809631,1.3885313272476196,-1.9801222085952759,-0.05239105969667435,0.6924532055854797,-1.4176430702209473,0.7960395216941833,-0.009304630570113659,0.9637017846107483,-1.3410066366195679,6.280937671661377
1785124113.472984,0.05332532525062561,-0.7867377400398254,1.4117066860198975,-7.06682825088501,-0.029548952355980873,-0.6981363296508789,1.402687430381775,-1.9022055864334106,-0.03750523179769516,0.7028962969779968,-1.417800784111023,0.7233622074127197,-0.0015326673164963722,0.9637433886528015,-1.3430598974227905,6.421591758728027
1785124113.5233316,0.034289609640836716,-0.7695825099945068,1.3959325551986694,-7.169743537902832,-0.047032468020915985,-0.717768669128418,1.4253380298614502,-1.8295719623565674,-0.027731187641620636,0.7060339450836182,-1.4222418069839478,0.6501627564430237,0.004135889001190662,0.9480007290840149,-1.3499805927276611,6.555724143981934
1785124113.5760384,0.02845955081284046,-0.7398410439491272,1.3924156427383423,-7.375033855438232,-0.049411967396736145,-0.747715950012207,1.413697600364685,-1.6607627868652344,-0.02443120814859867,0.7242258191108704,-1.4187686443328857,0.47501999139785767,0.006976000964641571,0.903577446937561,-1.3645753860473633,6.795740127563477
1785124113.627669,0.031912997364997864,-0.7019585967063904,1.4114844799041748,-7.676997661590576,-0.0424201637506485,-0.7935970425605774,1.3927052021026611,-1.392573356628418,-0.02330879308283329,0.7621285915374756,-1.4104522466659546,0.19907613098621368,0.009108047932386398,0.8365463018417358,-1.3779540061950684,7.129148483276367
1785124113.6817353,0.035156019032001495,-0.6655387282371521,1.4355968236923218,-8.027045249938965,-0.034445468336343765,-0.8459410071372986,1.368997573852539,-1.0812042951583862,-0.014966997317969799,0.8082278966903687,-1.4139283895492554,-0.12241986393928528,0.017902949824929237,0.7540478706359863,-1.3836774826049805,7.508005142211914
1785124113.737938,0.031522996723651886,-0.6457969546318054,1.4486535787582397,-8.294734954833984,-0.03052305430173874,-0.8871052861213684,1.3608083724975586,-0.856430172920227,0.0012315381318330765,0.8376660346984863,-1.4280555248260498,-0.3622814416885376,0.01715329848229885,0.6868693232536316,-1.3925620317459106,7.789277076721191
1785124113.791269,0.021612657234072685,-0.6374536752700806,1.4448105096817017,-8.4501314163208,-0.03086223639547825,-0.9102001190185547,1.3699085712432861,-0.7398941516876221,0.02249939925968647,0.840212881565094,-1.4310191869735718,-0.49484783411026,-0.0012037134729325771,0.6611409187316895,-1.4005314111709595,7.955145835876465
1785124113.8429983,0.006613472010940313,-0.6400994062423706,1.4302400350570679,-8.526277542114258,-0.03556238114833832,-0.9163666367530823,1.3825184106826782,-0.7005007266998291,0.04562131687998772,0.8244391679763794,-1.428602695465088,-0.5503541827201843,-0.018194008618593216,0.6648275256156921,-1.3992981910705566,8.041199684143066
1785124113.898277,-0.005334523972123861,-0.6567329168319702,1.4171420335769653,-8.590150833129883,-0.04082674905657768,-0.913019597530365,1.386041522026062,-0.6814398765563965,0.06734364479780197,0.8052346706390381,-1.4261852502822876,-0.5881139636039734,-0.02924022637307644,0.6795132756233215,-1.3919254541397095,8.11229133605957
1785124113.9507616,-0.008034785278141499,-0.667301595211029,1.4187325239181519,-8.709551811218262,-0.040963172912597656,-0.9126917123794556,1.3731358051300049,-0.6088335514068604,0.08161620050668716,0.8030405044555664,-1.423270583152771,-0.6803667545318604,-0.034578870981931686,0.6920153498649597,-1.3861451148986816,8.241156578063965
1785124114.0075397,-0.009224094450473785,-0.657636284828186,1.4311106204986572,-8.891366958618164,-0.038445789366960526,-0.9208567142486572,1.353073000907898,-0.4689555764198303,0.08845208585262299,0.8198592662811279,-1.4181441068649292,-0.8371837139129639,-0.032533954828977585,0.6956441402435303,-1.3845548629760742,8.435359001159668
1785124114.0614989,-0.014289615675807,-0.6328866481781006,1.447677731513977,-9.131675720214844,-0.037302762269973755,-0.9352374076843262,1.331839919090271,-0.27236488461494446,0.09354676306247711,0.8465569019317627,-1.4100706577301025,-1.0501947402954102,-0.024584271013736725,0.6931726932525635,-1.3857256174087524,8.693851470947266
1785124114.115982,-0.024918096140027046,-0.6141852140426636,1.4594210386276245,-9.347113609313965,-0.039112355560064316,-0.9484434723854065,1.3196890354156494,-0.09846345335245132,0.100782610476017,0.8653835654258728,-1.4025958776474,-1.2385867834091187,-0.016530336812138557,0.6890434622764587,-1.3880395889282227,8.930741310119629
1785124114.1673484,-0.03522050753235817,-0.6107926964759827,1.4640296697616577,-9.495420455932617,-0.04088859632611275,-0.9560734629631042,1.3142071962356567,0.013003278523683548,0.11057410389184952,0.8695094585418701,-1.3972121477127075,-1.3626956939697266,-0.014437184669077396,0.6859325766563416,-1.389783263206482,9.099736213684082
1785124114.2223144,-0.04397756978869438,-0.6165832281112671,1.462626338005066,-9.633980751037598,-0.041198235005140305,-0.961507260799408,1.3079721927642822,0.1085590273141861,0.12350714951753616,0.8653724193572998,-1.392114520072937,-1.4732306003570557,-0.018529362976551056,0.6846328377723694,-1.3903157711029053,9.260507583618164
1785124114.2724006,-0.05084562674164772,-0.6238178014755249,1.4600293636322021,-9.752387046813965,-0.04087068513035774,-0.96649169921875,1.3033634424209595,0.18577875196933746,0.13547013700008392,0.8597763776779175,-1.3895857334136963,-1.5659010410308838,-0.024111108854413033,0.6861308813095093,-1.389265537261963,9.398386001586914
1785124114.3276439,-0.05832698568701744,-0.627331554889679,1.4589345455169678,-9.886978149414062,-0.04041294753551483,-0.9735147953033447,1.298400640487671,0.27304771542549133,0.14692921936511993,0.8560096621513367,-1.3890068531036377,-1.6717500686645508,-0.028205707669258118,0.688602864742279,-1.387696623802185,9.553956031799316
1785124114.3783212,-0.0649551972746849,-0.6249711513519287,1.4618195295333862,-10.025518417358398,-0.03979003056883812,-0.9815873503684998,1.2912631034851074,0.36714428663253784,0.15488824248313904,0.856779932975769,-1.3881962299346924,-1.7838581800460815,-0.02890324592590332,0.6897324323654175,-1.3869178295135498,9.712098121643066
1785124114.4310153,-0.07132444530725479,-0.6181558966636658,1.46885085105896,-10.184347152709961,-0.038613103330135345,-0.9909347891807556,1.2806566953659058,0.4807469844818115,0.16099946200847626,0.8613119125366211,-1.385258674621582,-1.9164721965789795,-0.02698012813925743,0.6897805333137512,-1.3871123790740967,9.892200469970703
1785124114.481293,-0.0762798860669136,-0.6120006442070007,1.4739351272583008,-10.320286750793457,-0.03793559595942497,-0.9987614154815674,1.2712781429290771,0.5796087980270386,0.16481930017471313,0.8661820888519287,-1.3818641901016235,-2.0315053462982178,-0.02488686330616474,0.6896064877510071,-1.387346863746643,10.04599666595459
1785124114.5361242,-0.0847725123167038,-0.6040617823600769,1.4807524681091309,-10.52199935913086,-0.03674847632646561,-1.0103648900985718,1.258831262588501,0.7252337336540222,0.17053312063217163,0.8718684315681458,-1.3770191669464111,-2.2028584480285645,-0.021564995869994164,0.6897385120391846,-1.3877826929092407,10.2765474319458
1785124114.5863364,-0.09192036837339401,-0.6017511487007141,1.4833000898361206,-10.677043914794922,-0.03514578938484192,-1.0198131799697876,1.2516963481903076,0.832580029964447,0.16991949081420898,0.8686484098434448,-1.3728961944580078,-2.3353006839752197,-0.019678082317113876,0.6900961399078369,-1.3884248733520508,10.456380844116211
1785124114.6366136,-0.09637349098920822,-0.6066621541976929,1.481242060661316,-10.818675994873047,-0.03018929250538349,-1.0329209566116333,1.2482446432113647,0.9248440861701965,0.1408291459083557,0.8347100019454956,-1.3651047945022583,-2.465698003768921,-0.013771235942840576,0.6903887391090393,-1.3922802209854126,10.622235298156738
1785124114.6870136,-0.09539265185594559,-0.6229008436203003,1.4720417261123657,-10.93518352508545,-0.016384342685341835,-1.0577634572982788,1.255401372909546,0.9882554411888123,0.06691592186689377,0.7398654222488403,-1.3704895973205566,-2.5944557189941406,0.004944967571645975,0.6913791298866272,-1.3987315893173218,10.758173942565918
1785124114.7426486,-0.08366364240646362,-0.6548437476158142,1.462365984916687,-11.011136054992676,0.011919253505766392,-1.0918515920639038,1.2825006246566772,0.9981626272201538,0.002031106734648347,0.6448373794555664,-1.4112721681594849,-2.679121255874634,0.022225823253393173,0.6981833577156067,-1.3988072872161865,10.842284202575684
1785124114.796252,-0.09769091010093689,-0.6740359663963318,1.4733234643936157,-11.073173522949219,0.014900455251336098,-1.084490180015564,1.2942006587982178,0.9889967441558838,-0.008976979181170464,0.6579082012176514,-1.4699809551239014,-2.7368130683898926,0.05610693246126175,0.7185158133506775,-1.4360876083374023,10.910812377929688
1785124114.8464544,-0.09739071130752563,-0.6421544551849365,1.4838109016418457,-11.159896850585938,0.02320823259651661,-1.0410370826721191,1.2855634689331055,1.017418622970581,0.015243672765791416,0.7034720778465271,-1.4822156429290771,-2.8260860443115234,0.051046162843704224,0.7082512378692627,-1.388979434967041,11.011041641235352
1785124114.896784,-0.07724490761756897,-0.5845431685447693,1.4935541152954102,-11.325095176696777,0.045222144573926926,-1.0017396211624146,1.27577543258667,1.1372888088226318,0.044924162328243256,0.7515718340873718,-1.4422162771224976,-2.994213819503784,-0.004349926952272654,0.7053506970405579,-1.3833187818527222,11.202116012573242
1785124114.9510865,-0.06648959964513779,-0.5645037889480591,1.5042544603347778,-11.486513137817383,0.0571913905441761,-0.9730956554412842,1.2824941873550415,1.2645529508590698,0.07884886860847473,0.7975934147834778,-1.4237358570098877,-3.1563820838928223,-0.042859844863414764,0.6937525272369385,-1.3851189613342285,11.393972396850586
1785124115.0018513,-0.08068781346082687,-0.5784112811088562,1.4973137378692627,-11.495173454284668,0.051060326397418976,-0.9389685392379761,1.314450979232788,1.2500178813934326,0.112382672727108,0.8148468136787415,-1.4350049495697021,-3.1636548042297363,-0.04617736116051674,0.6806631088256836,-1.387993574142456,11.431746482849121
1785124115.0569503,-0.09782328456640244,-0.6060699820518494,1.479186773300171,-11.413688659667969,0.035286448895931244,-0.8933678269386292,1.3449214696884155,1.1460036039352417,0.13866165280342102,0.807318389415741,-1.444846749305725,-3.069897174835205,-0.03609032556414604,0.67454594373703,-1.3917020559310913,11.372040748596191
1785124115.1160467,-0.09994149953126907,-0.6273598074913025,1.470872163772583,-11.397154808044434,0.021751031279563904,-0.8578219413757324,1.3567378520965576,1.1082342863082886,0.15178456902503967,0.8056657910346985,-1.4384249448776245,-3.0347847938537598,-0.031611256301403046,0.6757463216781616,-1.3939677476882935,11.372483253479004
1785124115.166505,-0.08821616321802139,-0.632550060749054,1.469193935394287,-11.505282402038574,0.010368704795837402,-0.8373907804489136,1.3580974340438843,1.1920464038848877,0.15526850521564484,0.8267411589622498,-1.4200934171676636,-3.114710807800293,-0.031859952956438065,0.6802895665168762,-1.3941326141357422,11.50379753112793
1785124115.2165463,-0.07184816896915436,-0.6231735944747925,1.4710817337036133,-11.724751472473145,0.004155101720243692,-0.8485358953475952,1.347939372062683,1.390365481376648,0.14917823672294617,0.8643578886985779,-1.4049439430236816,-3.3040812015533447,-0.03186560049653053,0.6813117861747742,-1.3930823802947998,11.744633674621582
1785124115.2667644,-0.05594412982463837,-0.615760862827301,1.4690243005752563,-11.999298095703125,-0.003951068036258221,-0.8745105862617493,1.3334847688674927,1.639666199684143,0.13900601863861084,0.9037471413612366,-1.3897310495376587,-3.5437734127044678,-0.0286970566958189,0.6815904378890991,-1.391902208328247,12.040672302246094
1785124115.316994,-0.042852189391851425,-0.6202270984649658,1.4582161903381348,-12.277867317199707,-0.016096206381917,-0.9055534601211548,1.3205499649047852,1.8852289915084839,0.1276121437549591,0.933316707611084,-1.3730124235153198,-3.782346725463867,-0.023686112836003304,0.6835967898368835,-1.3905593156814575,12.33795166015625
1785124115.3687124,-0.03359321504831314,-0.6342204213142395,1.4430294036865234,-12.503399848937988,-0.030094947665929794,-0.9344778656959534,1.3144594430923462,2.0734589099884033,0.11777769774198532,0.947605550289154,-1.3582814931869507,-3.967951774597168,-0.019879579544067383,0.6864925026893616,-1.3891538381576538,12.577091217041016
1785124115.4220133,-0.02163473516702652,-0.6607422828674316,1.4194122552871704,-12.739982604980469,-0.05011282488703728,-0.9673998951911926,1.3140161037445068,2.2551257610321045,0.10638373345136642,0.951543927192688,-1.344698429107666,-4.149047374725342,-0.018664376810193062,0.6888716220855713,-1.3873952627182007,12.823973655700684
1785124115.477725,-0.007566886488348246,-0.6871830821037292,1.396812081336975,-12.842690467834473,-0.07027629762887955,-0.9840114116668701,1.3241403102874756,2.3026418685913086,0.09680487960577011,0.938217282295227,-1.3437649011611938,-4.199864387512207,-0.020581379532814026,0.6902922987937927,-1.3857959508895874,12.928833961486816
1785124115.5291626,0.015446439385414124,-0.7018723487854004,1.3834272623062134,-12.919575691223145,-0.09074514359235764,-0.9915251135826111,1.3299267292022705,2.3186874389648438,0.08636875450611115,0.9208109974861145,-1.34397292137146,-4.221866130828857,-0.024594197049736977,0.6900666356086731,-1.3859376907348633,13.005486488342285
1785124115.581558,0.03563971817493439,-0.6980404257774353,1.3828998804092407,-13.095252990722656,-0.11252091825008392,-1.0028530359268188,1.323539137840271,2.4173803329467773,0.07083965092897415,0.9089984893798828,-1.3382436037063599,-4.338517665863037,-0.022485898807644844,0.6892101764678955,-1.3935209512710571,13.173883438110352
1785124115.6548364,0.03821735829114914,-0.6912175416946411,1.3850489854812622,-13.1930513381958,-0.12303828448057175,-1.0072540044784546,1.3260926008224487,2.4539122581481934,0.06030336767435074,0.8947293758392334,-1.3377699851989746,-4.408841133117676,-0.017291568219661713,0.6867059469223022,-1.4016588926315308,13.246378898620605
1785124115.7058964,0.035106588155031204,-0.6825273633003235,1.388249397277832,-13.296550750732422,-0.13489745557308197,-1.0086970329284668,1.3362337350845337,2.473659038543701,0.04489676654338837,0.8554651141166687,-1.34848153591156,-4.478000164031982,-0.002533155959099531,0.6877515912055969,-1.4102272987365723,13.32276439666748
1785124115.7562234,0.028522299602627754,-0.6781778335571289,1.3921542167663574,-13.358773231506348,-0.143906369805336,-1.0019899606704712,1.3458598852157593,2.473851442337036,0.03122011572122574,0.8019973039627075,-1.3694244623184204,-4.510505199432373,0.019728325307369232,0.6924673914909363,-1.41178297996521,13.385886192321777
1785124115.8066971,0.02627323754131794,-0.6738549470901489,1.3956220149993896,-13.43358325958252,-0.14805856347084045,-0.9886403679847717,1.3501476049423218,2.486035108566284,0.027791377156972885,0.7849172353744507,-1.3895740509033203,-4.551578044891357,0.03841884434223175,0.6946918368339539,-1.4083733558654785,13.460627555847168
1785124115.856995,0.0295553021132946,-0.6686922311782837,1.3973884582519531,-13.582486152648926,-0.14648985862731934,-0.9766454696655273,1.346592903137207,2.5700645446777344,0.03538386896252632,0.817472517490387,-1.393118143081665,-4.662827014923096,0.03848811611533165,0.6919536590576172,-1.4007585048675537,13.60969352722168
1785124115.9116616,0.03523150831460953,-0.6711355447769165,1.394874095916748,-13.856255531311035,-0.13449913263320923,-0.9754143357276917,1.3380917310714722,2.7717835903167725,0.045458972454071045,0.8693645596504211,-1.3671855926513672,-4.8878960609436035,0.019883811473846436,0.6883605122566223,-1.3990910053253174,13.883204460144043
1785124115.9617224,0.030885066837072372,-0.6834900975227356,1.389279842376709,-14.151191711425781,-0.1206795871257782,-0.9807718992233276,1.3305933475494385,3.0022671222686768,0.05322254076600075,0.9137819409370422,-1.3371286392211914,-5.132720947265625,0.006799810566008091,0.68451988697052,-1.3996509313583374,14.177037239074707
1785124116.0124214,0.022930476814508438,-0.6964681148529053,1.3844975233078003,-14.397480964660645,-0.10776335746049881,-0.9852851629257202,1.3290109634399414,3.1918327808380127,0.04951159283518791,0.927043080329895,-1.325721263885498,-5.334205627441406,0.006737615913152695,0.682020902633667,-1.4003037214279175,14.42182445526123
1785124116.062849,0.01646987535059452,-0.7007211446762085,1.3833905458450317,-14.630866050720215,-0.09406024217605591,-0.9842906594276428,1.3335061073303223,3.3632421493530273,0.041392989456653595,0.9307727813720703,-1.3296387195587158,-5.51284646987915,0.013796906918287277,0.683785617351532,-1.3990588188171387,14.65406322479248
1785124116.1170752,0.015115343034267426,-0.6928713917732239,1.3860265016555786,-14.83499813079834,-0.08333820849657059,-0.9734938144683838,1.3373208045959473,3.5071845054626465,0.04244888201355934,0.9499144554138184,-1.3314703702926636,-5.65364933013916,0.012925851158797741,0.6888284087181091,-1.3943419456481934,14.858183860778809
1785124116.1722586,0.01779821515083313,-0.6843351721763611,1.3908482789993286,-15.039569854736328,-0.07595821470022202,-0.9529063701629639,1.3366013765335083,3.6487627029418945,0.05984177440404892,0.9891576766967773,-1.3227708339691162,-5.786423683166504,-0.0012578282039612532,0.691949725151062,-1.390466570854187,15.064309120178223
1785124116.2260454,0.0176582969725132,-0.6773682832717896,1.392660140991211,-15.195375442504883,-0.07093433290719986,-0.9263149499893188,1.338455080986023,3.747953414916992,0.08313760906457901,1.017809510231018,-1.3177990913391113,-5.874223709106445,-0.012947071343660355,0.6895476579666138,-1.389310359954834,15.223552703857422
1785124116.2764792,0.0158711988478899,-0.6827690005302429,1.3901643753051758,-15.279036521911621,-0.07024440914392471,-0.8962600827217102,1.3493213653564453,3.7844018936157227,0.10341187566518784,1.0304322242736816,-1.3173185586929321,-5.894931793212891,-0.021789725869894028,0.6853026151657104,-1.3886381387710571,15.30837631225586
1785124116.3291707,0.01592542603611946,-0.6922447681427002,1.3865320682525635,-15.336097717285156,-0.07073160260915756,-0.8605265021324158,1.3622064590454102,3.7997870445251465,0.12063956260681152,1.034459114074707,-1.3166747093200684,-5.887279033660889,-0.029403598979115486,0.6814025044441223,-1.389947772026062,15.36543083190918
1785124116.3812182,0.01588275283575058,-0.6979256868362427,1.385122299194336,-15.397339820861816,-0.07138221710920334,-0.8195543885231018,1.3763155937194824,3.8227856159210205,0.13284079730510712,1.0357002019882202,-1.3167636394500732,-5.876401901245117,-0.03297744318842888,0.6786402463912964,-1.391850233078003,15.426513671875
1785124116.431388,0.01726173609495163,-0.6969805955886841,1.3846590518951416,-15.457775115966797,-0.07750003039836884,-0.7974808216094971,1.3910540342330933,3.850736618041992,0.13683055341243744,1.0357712507247925,-1.3208732604980469,-5.871572494506836,-0.032353904098272324,0.6760988235473633,-1.3935178518295288,15.48680591583252
1785124116.4814205,0.021845746785402298,-0.6928724050521851,1.3851081132888794,-15.561891555786133,-0.09226066619157791,-0.8005202412605286,1.398371934890747,3.921851634979248,0.13347001373767853,1.0345020294189453,-1.3199471235275269,-5.910077095031738,-0.027208585292100906,0.6755040287971497,-1.404214859008789,15.590410232543945
1785124116.5361521,0.02700500190258026,-0.6889694929122925,1.386153221130371,-15.746410369873047,-0.10769733041524887,-0.8204589486122131,1.3932961225509644,4.0663957595825195,0.12418060004711151,1.0294369459152222,-1.3043692111968994,-6.020473003387451,-0.024572793394327164,0.6608683466911316,-1.4214447736740112,15.766528129577637
1785124116.5909715,0.026641640812158585,-0.6893938779830933,1.3864209651947021,-15.940277099609375,-0.12052256613969803,-0.8444614410400391,1.3843803405761719,4.219679355621338,0.1166832223534584,1.0218253135681152,-1.2885276079177856,-6.146128177642822,-0.01937265135347843,0.6411259770393372,-1.4391825199127197,15.947757720947266
1785124116.64156,0.02250131033360958,-0.6913374662399292,1.3864119052886963,-16.10980224609375,-0.13295023143291473,-0.8647855520248413,1.3803330659866333,4.344790458679199,0.10711932182312012,1.0041381120681763,-1.2863000631332397,-6.252649307250977,-0.007903954945504665,0.6242009997367859,-1.453498363494873,16.10028839111328
1785124116.6975558,0.02002706751227379,-0.6913111805915833,1.387832760810852,-16.24113655090332,-0.14544130861759186,-0.8755417466163635,1.3869601488113403,4.404990196228027,0.08125512301921844,0.9454500675201416,-1.3063071966171265,-6.3282976150512695,0.013550570234656334,0.6206504106521606,-1.46355140209198,16.19122314453125
1785124116.7508664,0.022324014455080032,-0.6875197887420654,1.391228437423706,-16.364898681640625,-0.15682147443294525,-0.8760231733322144,1.4013018608093262,4.403877258300781,0.041044920682907104,0.8375890851020813,-1.3461006879806519,-6.415526866912842,0.0385613888502121,0.6309618949890137,-1.4693820476531982,16.223690032958984
1785124116.8013344,0.025748854503035545,-0.6793880462646484,1.3959213495254517,-16.494462966918945,-0.16663289070129395,-0.8732851147651672,1.417205810546875,4.4040937423706055,0.010478347539901733,0.7314385175704956,-1.3812352418899536,-6.533314228057861,0.05463698133826256,0.6423887610435486,-1.4716191291809082,16.256799697875977
1785124116.8542402,0.03397233039140701,-0.6657460331916809,1.400042176246643,-16.707151412963867,-0.1694183200597763,-0.8757540583610535,1.4309688806533813,4.48307466506958,-0.004361479077488184,0.6928141117095947,-1.4086711406707764,-6.724247932434082,0.05816094949841499,0.6423769593238831,-1.471722960472107,16.3699893951416
1785124116.9090238,0.047518983483314514,-0.6555431485176086,1.3981107473373413,-17.088151931762695,-0.15437214076519012,-0.889461874961853,1.4311238527297974,4.734246730804443,-0.00742603512480855,0.7851728200912476,-1.4054081439971924,-7.0629072189331055,0.04936330020427704,0.6235823631286621,-1.4564834833145142,16.66328239440918
1785124116.9610622,0.048457060009241104,-0.6693795919418335,1.3907115459442139,-17.559877395629883,-0.12425882369279861,-0.909633994102478,1.406436562538147,5.128034591674805,0.0024733019527047873,0.883043110370636,-1.3606610298156738,-7.486721992492676,0.026987308636307716,0.6201009750366211,-1.4441322088241577,17.09990882873535
1785124117.0117962,0.03084552474319935,-0.6927622556686401,1.3838927745819092,-17.98268699645996,-0.09452065825462341,-0.916467010974884,1.3773107528686523,5.4707512855529785,0.021428095176815987,0.9559553861618042,-1.3145042657852173,-7.851433277130127,0.013614494353532791,0.6366610527038574,-1.4345351457595825,17.48019027709961
1785124117.0663195,0.007563346065580845,-0.7102797627449036,1.3803482055664062,-18.362112045288086,-0.06645727902650833,-0.9090879559516907,1.3579407930374146,5.7492876052856445,0.038534197956323624,1.0033468008041382,-1.2924840450286865,-8.161276817321777,0.015496696345508099,0.6563634276390076,-1.4251776933670044,17.801048278808594
1785124117.1165679,-0.00369636295363307,-0.7096801996231079,1.3817334175109863,-18.593599319458008,-0.052682746201753616,-0.8924158811569214,1.3529150485992432,5.9008917808532715,0.05306236818432808,1.039207100868225,-1.2815535068511963,-8.325682640075684,0.018492942675948143,0.6723905205726624,-1.4126088619232178,17.99135971069336
1785124117.1711938,-0.006983062718063593,-0.6957088708877563,1.3987160921096802,-18.806713104248047,-0.047756295651197433,-0.8644357323646545,1.352889895439148,6.0276570320129395,0.07007087022066116,1.0841562747955322,-1.277536392211914,-8.464508056640625,0.017020652070641518,0.6895676851272583,-1.4009445905685425,18.165735244750977
1785124117.221274,-0.014239991083741188,-0.6715654730796814,1.408575415611267,-18.94708824157715,-0.037716515362262726,-0.8006436228752136,1.3567384481430054,6.113542079925537,0.08370140939950943,1.1165152788162231,-1.2884317636489868,-8.543502807617188,0.0265459306538105,0.7023050785064697,-1.3968126773834229,18.275667190551758
1785124117.2760282,-0.029197532683610916,-0.6645147204399109,1.4189125299453735,-19.035348892211914,-0.02833554893732071,-0.6957802176475525,1.3856546878814697,6.203234672546387,0.09066332131624222,1.1436961889266968,-1.313077688217163,-8.576225280761719,0.04385163635015488,0.7155604958534241,-1.4013499021530151,18.377288818359375
1785124117.3263211,-0.03513718023896217,-0.6622395515441895,1.424756646156311,-19.152700424194336,-0.02625921741127968,-0.6473093032836914,1.4057807922363281,6.332119464874268,0.08622189611196518,1.152434229850769,-1.3145408630371094,-8.648408889770508,0.0476498082280159,0.7122844457626343,-1.4244253635406494,18.51327133178711
1785124117.380888,-0.030544370412826538,-0.6599341630935669,1.4234243631362915,-19.395458221435547,-0.034313783049583435,-0.6889487504959106,1.4239228963851929,6.574436187744141,0.06915700435638428,1.1431938409805298,-1.2844593524932861,-8.833657264709473,0.0374494343996048,0.6700423359870911,-1.4585468769073486,18.7647762298584
1785124117.4310956,-0.009042254649102688,-0.6715249419212341,1.4005481004714966,-19.670419692993164,-0.0543576218187809,-0.7710410356521606,1.4270529747009277,6.8314104080200195,0.04877309873700142,1.1196790933609009,-1.2565486431121826,-9.042118072509766,0.02469697780907154,0.6016783714294434,-1.4819859266281128,19.02280044555664
1785124117.4866793,0.018118204548954964,-0.696998655796051,1.3824690580368042,-19.909324645996094,-0.08263643085956573,-0.8284891843795776,1.412172794342041,7.033670902252197,0.03301943466067314,1.0830169916152954,-1.2462329864501953,-9.202041625976562,0.027317965403199196,0.556806743144989,-1.4903775453567505,19.23099708557129
1785124117.5407922,0.028851892799139023,-0.7055220007896423,1.378502607345581,-19.98183822631836,-0.11795154213905334,-0.8416692614555359,1.409419298171997,7.05455207824707,0.0257567148655653,1.0343854427337646,-1.2636488676071167,-9.20073413848877,0.0454176627099514,0.5752705931663513,-1.4830360412597656,19.260669708251953
1785124117.5907962,0.030214425176382065,-0.6961491703987122,1.3839653730392456,-19.947607040405273,-0.14608892798423767,-0.8266388177871704,1.4103190898895264,6.943045139312744,0.028141265735030174,0.9818778038024902,-1.2893292903900146,-9.104555130004883,0.06517957150936127,0.6059399247169495,-1.4713319540023804,19.15983009338379
1785124117.6409652,0.030130190774798393,-0.6832371950149536,1.3919707536697388,-19.94471549987793,-0.16578449308872223,-0.8185121417045593,1.4048197269439697,6.859637260437012,0.03231656178832054,0.9351608157157898,-1.3087667226791382,-9.043932914733887,0.07635116577148438,0.6204904317855835,-1.4687589406967163,19.092374801635742
1785124117.6967719,0.028872281312942505,-0.6752911806106567,1.3967119455337524,-20.057849884033203,-0.17905999720096588,-0.8363826870918274,1.3995510339736938,6.879391670227051,0.029821492731571198,0.893907368183136,-1.3247205018997192,-9.10368824005127,0.0827186107635498,0.6099385619163513,-1.4785493612289429,19.131671905517578
1785124117.751439,0.028125565499067307,-0.6735539436340332,1.3967994451522827,-20.269384384155273,-0.1864553689956665,-0.8724414110183716,1.4012175798416138,6.988933563232422,0.02043914794921875,0.8587892651557922,-1.3364583253860474,-9.271377563476562,0.08096238225698471,0.5902730822563171,-1.486067533493042,19.267990112304688
1785124117.8015301,0.030022718012332916,-0.6742914915084839,1.3950904607772827,-20.538843154907227,-0.18843470513820648,-0.9104931354522705,1.4023730754852295,7.158944606781006,0.010318756103515625,0.8225070238113403,-1.3488398790359497,-9.5093994140625,0.0744914561510086,0.583333432674408,-1.4901245832443237,19.467124938964844
1785124117.851609,0.0322323739528656,-0.6743466258049011,1.3943195343017578,-20.86060333251953,-0.18624567985534668,-0.9429516792297363,1.398268699645996,7.377486705780029,0.004485167562961578,0.7815233469009399,-1.3619885444641113,-9.811004638671875,0.06431284546852112,0.5924309492111206,-1.4820914268493652,19.720874786376953
1785124117.90204,0.03458920866250992,-0.6726974844932556,1.3944640159606934,-21.221460342407227,-0.17770874500274658,-0.9664565324783325,1.3885921239852905,7.633463382720947,0.0043181004002690315,0.7573789954185486,-1.3763618469238281,-10.148070335388184,0.052576784044504166,0.6146301031112671,-1.4643776416778564,20.018054962158203
1785124117.9563649,0.036328092217445374,-0.671811044216156,1.394562840461731,-21.66320037841797,-0.1591971069574356,-0.9843195676803589,1.3713289499282837,7.958808898925781,0.00608794903382659,0.7607086300849915,-1.382015347480774,-10.563811302185059,0.0390213318169117,0.6453692317008972,-1.4382281303405762,20.397403717041016
1785124118.011386,0.03653354197740555,-0.6743836402893066,1.392903208732605,-22.141000747680664,-0.1276370882987976,-0.9980464577674866,1.3457131385803223,8.3462495803833,0.010484793223440647,0.8222590088844299,-1.3690077066421509,-10.995536804199219,0.024520577862858772,0.6728469133377075,-1.413556456565857,20.84782600402832
1785124118.0659158,0.02902284450829029,-0.6843768358230591,1.397218108177185,-22.619230270385742,-0.08910491317510605,-1.0049206018447876,1.3178318738937378,8.753381729125977,0.02938954345881939,0.9216694831848145,-1.3359605073928833,-11.41082763671875,0.004211120773106813,0.6925805807113647,-1.3923345804214478,21.32489013671875
1785124118.1189852,0.029573777690529823,-0.6753305196762085,1.4318172931671143,-22.944143295288086,-0.06112944334745407,-0.9940081834793091,1.2937959432601929,9.008687019348145,0.05428314208984375,0.9881668090820312,-1.3138421773910522,-11.693511962890625,-0.008455419912934303,0.6997565031051636,-1.3868708610534668,21.636829376220703
1785124118.171948,0.019644008949398994,-0.6433404088020325,1.4347845315933228,-23.165096282958984,-0.04085114970803261,-0.9410203099250793,1.3010878562927246,9.145439147949219,0.08716151863336563,1.0375237464904785,-1.320522665977478,-11.860359191894531,-0.02014092169702053,0.6977762579917908,-1.3827680349349976,21.83019256591797
1785124118.225478,0.0003053432737942785,-0.6433748006820679,1.4180248975753784,-23.149276733398438,-0.03334106132388115,-0.8564408421516418,1.3426088094711304,9.053268432617188,0.11948566883802414,1.0478813648223877,-1.34787118434906,-11.794054985046387,-0.025288570672273636,0.6905611157417297,-1.3834929466247559,21.781465530395508
1785124118.2767577,-0.009963443502783775,-0.6711860299110413,1.4050017595291138,-23.06403350830078,-0.041281238198280334,-0.7839598059654236,1.3845148086547852,8.890520095825195,0.15038534998893738,1.0302846431732178,-1.3548277616500854,-11.649802207946777,-0.032758504152297974,0.6775568127632141,-1.3894096612930298,21.654830932617188
1785124118.3309355,-0.007797494530677795,-0.6918543577194214,1.3976383209228516,-23.06647491455078,-0.05746620148420334,-0.7371141910552979,1.414902925491333,8.77071475982666,0.16645200550556183,1.0093462467193604,-1.3406683206558228,-11.583321571350098,-0.04131685942411423,0.6649073362350464,-1.3979291915893555,21.55289649963379
1785124118.3810325,0.00014521954290103167,-0.6956875920295715,1.3944463729858398,-23.202207565307617,-0.07255634665489197,-0.7231724262237549,1.4255456924438477,8.741562843322754,0.16738124191761017,1.0060855150222778,-1.3313562870025635,-11.650456428527832,-0.0421297624707222,0.6580602526664734,-1.4026570320129395,21.535667419433594
1785124118.437646,0.015247954055666924,-0.6915861368179321,1.3895463943481445,-23.525793075561523,-0.08543017506599426,-0.7428340315818787,1.4194015264511108,8.81042194366455,0.1561109572649002,1.0234365463256836,-1.3237216472625732,-11.893233299255371,-0.036641284823417664,0.6596512794494629,-1.4018296003341675,21.622814178466797
1785124118.4910512,0.030039118602871895,-0.691137969493866,1.3850523233413696,-24.008024215698242,-0.09523440897464752,-0.7888063788414001,1.3983607292175293,8.95827579498291,0.13556410372257233,1.0521225929260254,-1.3052786588668823,-12.294990539550781,-0.029367700219154358,0.6696847677230835,-1.3995572328567505,21.7996768951416
1785124118.5460458,0.02928316406905651,-0.6930058002471924,1.3848289251327515,-24.56812858581543,-0.10671314597129822,-0.836589515209198,1.3785316944122314,9.110372543334961,0.11490250378847122,1.066925287246704,-1.257670521736145,-12.772529602050781,-0.03875615447759628,0.6538699269294739,-1.4622259140014648,21.970151901245117
1785124118.5966845,0.017536761239171028,-0.6973877549171448,1.3831368684768677,-24.997934341430664,-0.12109903246164322,-0.8578358292579651,1.376975178718567,9.137505531311035,0.10750380158424377,1.061556100845337,-1.2286443710327148,-13.122554779052734,-0.02728867344558239,0.6349747180938721,-1.4824477434158325,22.028209686279297
1785124118.646715,0.00873532984405756,-0.7023013830184937,1.382759690284729,-25.277448654174805,-0.14009657502174377,-0.8481531739234924,1.382445216178894,9.004281997680664,0.10881082713603973,1.0455085039138794,-1.2383062839508057,-13.324894905090332,0.002117823576554656,0.6414675116539001,-1.4775930643081665,21.92601203918457
1785124118.7010553,0.008392831310629845,-0.6986823678016663,1.3900057077407837,-25.464651107788086,-0.13488270342350006,-0.7894554734230042,1.3746541738510132,8.720667839050293,0.11091350764036179,1.023590087890625,-1.2706445455551147,-13.436482429504395,0.032551076263189316,0.6691762208938599,-1.4549401998519897,21.665117263793945
1785124118.7566292,-0.004100040998309851,-0.6888980865478516,1.4004257917404175,-25.6390438079834,-0.06423397362232208,-0.6918937563896179,1.3841218948364258,8.498468399047852,0.09284261614084244,1.0162067413330078,-1.3051174879074097,-13.541158676147461,0.03250178322196007,0.6895312666893005,-1.433536171913147,21.441267013549805
1785124118.8112843,-0.00885104015469551,-0.6889173984527588,1.3957123756408691,-25.85659408569336,9.788542229216546e-05,-0.6457913517951965,1.412537932395935,8.390819549560547,0.056671664118766785,1.0166887044906616,-1.3375611305236816,-13.693634033203125,0.008555891923606396,0.6879408955574036,-1.4290456771850586,21.331995010375977
1785124118.8663158,-0.02542693354189396,-0.7167523503303528,1.430719256401062,-26.138975143432617,0.027961237356066704,-0.6675222516059875,1.4271565675735474,8.308493614196777,0.03672511875629425,0.9981263279914856,-1.3435157537460327,-13.902222633361816,0.0018459261627867818,0.6794767379760742,-1.4353487491607666,21.25225257873535
1785124118.9185975,-0.05238737910985947,-0.7286899089813232,1.3915168046951294,-26.383697509765625,-0.0034080520272254944,-0.7491425275802612,1.5125895738601685,8.170907020568848,0.03137964755296707,0.9427727460861206,-1.3443057537078857,-14.082442283630371,0.00806954875588417,0.6592079997062683,-1.458936333656311,21.129268646240234
1785124118.9716449,-0.008995851501822472,-0.7201626896858215,1.376338243484497,-26.733272552490234,-0.03467094153165817,-0.8015957474708557,1.4750370979309082,8.081645965576172,0.01470657717436552,0.8876190781593323,-1.345945119857788,-14.371614456176758,-0.0022586213890463114,0.6008210778236389,-1.4731111526489258,21.0526123046875
1785124119.0218441,0.03434877097606659,-0.690497875213623,1.3880690336227417,-27.059123992919922,-0.06617361307144165,-0.8248506188392639,1.436174988746643,7.959563732147217,0.004649199545383453,0.8552113175392151,-1.3587099313735962,-14.655571937561035,-0.006202935241162777,0.5795970559120178,-1.4745838642120361,20.940298080444336
1785124119.0719411,0.04443339630961418,-0.6634507179260254,1.3975881338119507,-27.271705627441406,-0.0982053130865097,-0.8250144720077515,1.4370205402374268,7.698995113372803,0.010297039523720741,0.8244455456733704,-1.3873555660247803,-14.838652610778809,0.006519544869661331,0.6029257774353027,-1.4635040760040283,20.688817977905273
1785124119.126417,0.03773267939686775,-0.6590786576271057,1.4001166820526123,-27.332164764404297,-0.12338373810052872,-0.7969314455986023,1.4544752836227417,7.243091583251953,0.02513504959642887,0.7759395241737366,-1.4293121099472046,-14.881576538085938,0.02784988097846508,0.6397275924682617,-1.4450956583023071,20.24229621887207
1785124119.1779053,0.03706317022442818,-0.666902482509613,1.398362159729004,-27.439298629760742,-0.12801337242126465,-0.7803183197975159,1.4622652530670166,6.8740386962890625,0.027271578088402748,0.7434031367301941,-1.4451549053192139,-14.971592903137207,0.02992980182170868,0.6567531824111938,-1.4366185665130615,19.892396926879883
1785124119.2285583,0.0422690249979496,-0.6734147071838379,1.3941329717636108,-27.765823364257812,-0.11255081743001938,-0.8024855852127075,1.460715889930725,6.710216522216797,0.016959110274910927,0.7551550269126892,-1.437319278717041,-15.270652770996094,0.013067234307527542,0.6516113877296448,-1.4392112493515015,19.758649826049805
1785124119.282141,0.04304248467087746,-0.6734670400619507,1.4044963121414185,-28.321502685546875,-0.08122943341732025,-0.8533309698104858,1.441428780555725,6.730408668518066,0.007386606186628342,0.8049622178077698,-1.409982681274414,-15.794663429260254,-0.006452670320868492,0.6340284943580627,-1.4415572881698608,19.814720153808594
1785124119.3373437,0.02726297825574875,-0.6636539697647095,1.4050002098083496,-28.895503997802734,-0.05165860056877136,-0.8941428065299988,1.4042006731033325,6.800336837768555,0.01095693837851286,0.8548606634140015,-1.3841201066970825,-16.32931900024414,-0.012086363509297371,0.632007896900177,-1.4339646100997925,19.923789978027344
1785124119.38837,0.009564475156366825,-0.6681094765663147,1.4092328548431396,-29.411727905273438,-0.032059408724308014,-0.9165428876876831,1.3755488395690918,6.827801704406738,0.021963344886898994,0.8982498049736023,-1.3677384853363037,-16.803571701049805,-0.009424799121916294,0.6520191431045532,-1.4186910390853882,19.992454528808594
1785124119.4409769,0.001566106453537941,-0.6692520976066589,1.4188770055770874,-29.886863708496094,-0.019816359505057335,-0.9224385619163513,1.3524078130722046,6.769367218017578,0.038093212991952896,0.9306262135505676,-1.3649260997772217,-17.233728408813477,-0.00683610001578927,0.6811313629150391,-1.3974450826644897,19.984636306762695
1785124119.4914117,-0.0017035375349223614,-0.6694808006286621,1.4221144914627075,-30.16258430480957,-0.01648678258061409,-0.9076204895973206,1.3467397689819336,6.567749977111816,0.05496330186724663,0.9331725835800171,-1.3798205852508545,-17.464879989624023,-0.010027349926531315,0.7009987831115723,-1.384400725364685,19.83095359802246
1785124119.5464058,-0.007441274356096983,-0.6812440156936646,1.4153680801391602,-30.378631591796875,-0.015828067436814308,-0.8894134163856506,1.3533374071121216,6.287506580352783,0.07452134788036346,0.9118784070014954,-1.3882801532745361,-17.629526138305664,-0.022593749687075615,0.7035940885543823,-1.3811548948287964,19.603914260864258
1785124119.596564,-0.01326777134090662,-0.6888138055801392,1.4124300479888916,-30.586910247802734,-0.016687016934156418,-0.8764962553977966,1.365556240081787,6.032857418060303,0.08864053338766098,0.8903611302375793,-1.3872036933898926,-17.790807723999023,-0.03389153257012367,0.6924464106559753,-1.3857064247131348,19.39464569091797
1785124119.651338,-0.021021869033575058,-0.6888793110847473,1.4139070510864258,-30.87586212158203,-0.019973179325461388,-0.8704403042793274,1.375484824180603,5.785960674285889,0.09848123788833618,0.8791861534118652,-1.3883205652236938,-18.02783203125,-0.03572966158390045,0.6785946488380432,-1.391806960105896,19.195369720458984
1785124119.7033849,-0.026858042925596237,-0.6837535500526428,1.417424201965332,-31.171897888183594,-0.022823262959718704,-0.8712866306304932,1.3764185905456543,5.595897674560547,0.10241532325744629,0.8776324987411499,-1.3916280269622803,-18.27794075012207,-0.03103049099445343,0.6744728684425354,-1.3937960863113403,19.048599243164062
1785124119.7571492,-0.029754839837551117,-0.6719239950180054,1.4223908185958862,-31.52596664428711,-0.024132881313562393,-0.8789424300193787,1.3698114156723022,5.416708946228027,0.10170715302228928,0.8816002011299133,-1.3923895359039307,-18.583967208862305,-0.02620871178805828,0.6794784069061279,-1.3921644687652588,18.9182186126709
1785124119.8113177,-0.02820940688252449,-0.6569656133651733,1.4281046390533447,-31.906902313232422,-0.02325771376490593,-0.8966611623764038,1.3547950983047485,5.29150390625,0.09712879359722137,0.8887678384780884,-1.3894968032836914,-18.919727325439453,-0.02409062348306179,0.6861949563026428,-1.3897557258605957,18.847599029541016
1785124119.8613431,-0.024910949170589447,-0.6462041735649109,1.4338023662567139,-32.27625274658203,-0.02275732532143593,-0.920184314250946,1.338789701461792,5.214571475982666,0.09181820601224899,0.8968672752380371,-1.3849809169769287,-19.249217987060547,-0.022775141522288322,0.6897684931755066,-1.387816309928894,18.824298858642578
1785124119.9199305,-0.021170806139707565,-0.6411131024360657,1.4389452934265137,-32.73337173461914,-0.024227606132626534,-0.9480580687522888,1.3213365077972412,5.150008678436279,0.08697301149368286,0.9087334275245667,-1.3764618635177612,-19.660993576049805,-0.020979247987270355,0.6908326745033264,-1.3869256973266602,18.82412338256836
1785124119.9719467,-0.021787595003843307,-0.6420380473136902,1.4360517263412476,-33.20188522338867,-0.029341038316488266,-0.9730823636054993,1.3085452318191528,5.075798511505127,0.0860028862953186,0.9173822999000549,-1.3687901496887207,-20.08441734313965,-0.01811692677438259,0.6908910274505615,-1.3865742683410645,18.818037033081055
1785124120.02689,-0.02577470801770687,-0.6501868367195129,1.4287798404693604,-33.63490676879883,-0.037041012197732925,-0.9920027852058411,1.3033846616744995,4.962154865264893,0.08994700759649277,0.9163969159126282,-1.3639369010925293,-20.471059799194336,-0.0169875156134367,0.6911054849624634,-1.386049747467041,18.774137496948242
1785124120.0811856,-0.030944090336561203,-0.6636666059494019,1.4191911220550537,-34.00617980957031,-0.04550078511238098,-1.0014883279800415,1.3063231706619263,4.783603191375732,0.09751799702644348,0.904338538646698,-1.3626071214675903,-20.794355392456055,-0.01952357031404972,0.6909766793251038,-1.3858047723770142,18.664493560791016
1785124120.1360834,-0.034363970160484314,-0.6755701899528503,1.4116312265396118,-34.34339141845703,-0.05258474498987198,-1.0036191940307617,1.3092796802520752,4.575952529907227,0.10552654415369034,0.8881842494010925,-1.3634486198425293,-21.082929611206055,-0.0234724972397089,0.6899956464767456,-1.3864002227783203,18.525554656982422
1785124120.1910865,-0.037543222308158875,-0.682765543460846,1.410775065422058,-34.657291412353516,-0.055601343512535095,-1.003840446472168,1.3105521202087402,4.366891384124756,0.09645596146583557,0.8516197204589844,-1.3624860048294067,-21.3566951751709,-0.02284662239253521,0.6895120143890381,-1.3893592357635498,18.385568618774414
1785124120.2419972,-0.03839179500937462,-0.6836374998092651,1.4169803857803345,-35.0008430480957,-0.05042862147092819,-1.0115678310394287,1.3104383945465088,4.205697536468506,0.05820905789732933,0.7830395102500916,-1.3671859502792358,-21.684621810913086,-0.010553892701864243,0.6904745697975159,-1.3941950798034668,18.28824234008789
1785124120.2961686,-0.03195885941386223,-0.6873840093612671,1.4348946809768677,-35.40065383911133,-0.03368747606873512,-1.025652527809143,1.3141849040985107,4.044086933135986,0.01911119371652603,0.7005952000617981,-1.4033658504486084,-22.071247100830078,0.0062537724152207375,0.694921612739563,-1.3923096656799316,18.1971378326416
1785124120.3517003,-0.027887411415576935,-0.6772249937057495,1.4602428674697876,-35.774417877197266,-0.0196390263736248,-1.0147526264190674,1.3122735023498535,3.8753299713134766,0.0328691340982914,0.7410920858383179,-1.4735898971557617,-22.408538818359375,0.026951076462864876,0.6961376667022705,-1.3963418006896973,18.09613800048828
1785124120.4034,-0.02408619411289692,-0.6322852373123169,1.4781630039215088,-36.13374328613281,-0.010336926206946373,-0.9884428381919861,1.3021234273910522,3.777681350708008,0.05039940029382706,0.7863085269927979,-1.4630200862884521,-22.752687454223633,0.0044786385260522366,0.6933802366256714,-1.3849928379058838,18.066469192504883
1785124120.456319,-0.022448435425758362,-0.5739771127700806,1.485070824623108,-36.55986404418945,-0.0012148752575740218,-0.9660865664482117,1.3006035089492798,3.721381902694702,0.07505699247121811,0.8259689807891846,-1.4211384057998657,-23.168752670288086,-0.030703643336892128,0.6940894722938538,-1.385434865951538,18.079273223876953
1785124120.5112002,-0.034676164388656616,-0.5742509365081787,1.4848456382751465,-36.88962936401367,-0.006079786457121372,-0.9412511587142944,1.3175445795059204,3.551208257675171,0.10433858633041382,0.8459988236427307,-1.4143797159194946,-23.485973358154297,-0.035682786256074905,0.6862407922744751,-1.3881908655166626,17.967723846435547
1785124120.5664535,-0.05007888004183769,-0.6042302250862122,1.4733864068984985,-37.112525939941406,-0.018959546461701393,-0.9054063558578491,1.3381646871566772,3.2598659992218018,0.13157591223716736,0.8426715135574341,-1.4227021932601929,-23.692203521728516,-0.028069525957107544,0.6783493161201477,-1.3914762735366821,17.727949142456055
1785124120.6173344,-0.05579717457294464,-0.6262515783309937,1.4644726514816284,-37.325584411621094,-0.029515201225876808,-0.8750234842300415,1.3494073152542114,3.0042824745178223,0.14916713535785675,0.8362479209899902,-1.4193320274353027,-23.884044647216797,-0.027786124497652054,0.6773481369018555,-1.3933608531951904,17.516902923583984
1785124120.671629,-0.05140921473503113,-0.631816565990448,1.4626526832580566,-37.65711975097656,-0.03617215156555176,-0.8609777092933655,1.3515174388885498,2.8203775882720947,0.15854421257972717,0.845690131187439,-1.4080129861831665,-24.18703842163086,-0.03295416757464409,0.6795075535774231,-1.3934086561203003,17.38164710998535
1785124120.723082,-0.042884983122348785,-0.622548520565033,1.465299129486084,-38.0631103515625,-0.039220236241817474,-0.8697373867034912,1.343785047531128,2.7576887607574463,0.15942922234535217,0.87200528383255,-1.3981539011001587,-24.563209533691406,-0.03519807383418083,0.6807594895362854,-1.3922039270401,17.3654842376709
1785124120.7780452,-0.03651795536279678,-0.609591543674469,1.4658284187316895,-38.57122802734375,-0.04153590649366379,-0.8882154822349548,1.332139492034912,2.7531847953796387,0.15550781786441803,0.9062496423721313,-1.388169527053833,-25.036102294921875,-0.03150712326169014,0.682598888874054,-1.390408992767334,17.41261863708496
1785124120.8312511,-0.0352749340236187,-0.6110369563102722,1.4611786603927612,-39.05597686767578,-0.039919450879096985,-0.8947849869728088,1.328751802444458,2.7611193656921387,0.1483527272939682,0.9286022186279297,-1.3804703950881958,-25.48307228088379,-0.025878658518195152,0.6850402355194092,-1.3890033960342407,17.470260620117188
1785124120.8865447,-0.03515889495611191,-0.6275168061256409,1.4492225646972656,-39.50616455078125,-0.03681747615337372,-0.8912979960441589,1.3361729383468628,2.691987991333008,0.13890628516674042,0.9357988834381104,-1.375137448310852,-25.889663696289062,-0.023498259484767914,0.6856769919395447,-1.389190912246704,17.45250701904297
1785124120.9412832,-0.032011713832616806,-0.6485243439674377,1.438083529472351,-39.97850799560547,-0.030023161321878433,-0.8816864490509033,1.341894507408142,2.641721725463867,0.12678265571594238,0.9383495450019836,-1.367628812789917,-26.313608169555664,-0.02540821209549904,0.6841469407081604,-1.3901642560958862,17.45189094543457
1785124120.9965534,-0.026695268228650093,-0.665755569934845,1.4210234880447388,-40.460079193115234,-0.029909342527389526,-0.8930057287216187,1.3467868566513062,2.586740493774414,0.11316298693418503,0.9369451403617859,-1.3627859354019165,-26.74102783203125,-0.026378871873021126,0.6825118660926819,-1.390584111213684,17.4539852142334
1785124121.0510435,-0.017610767856240273,-0.6795194149017334,1.4072242975234985,-40.95186996459961,-0.042876001447439194,-0.9308264255523682,1.3421703577041626,2.529881715774536,0.09896837174892426,0.9331147074699402,-1.3580509424209595,-27.175498962402344,-0.02512405440211296,0.6834388971328735,-1.3893556594848633,17.461830139160156
1785124121.1010451,-0.004374769050627947,-0.6868694424629211,1.3969513177871704,-41.35801696777344,-0.05938072130084038,-0.9683076739311218,1.3325541019439697,2.482253074645996,0.08831039816141129,0.9284633994102478,-1.3514214754104614,-27.532426834106445,-0.023002663627266884,0.6873157024383545,-1.3873218297958374,17.468915939331055
1785124121.1580799,0.007522291038185358,-0.6910474300384521,1.3910744190216064,-41.83384704589844,-0.07936736941337585,-1.0075271129608154,1.3165466785430908,2.4211554527282715,0.07766563445329666,0.9209007024765015,-1.3449347019195557,-27.948501586914062,-0.01953927055001259,0.6930471062660217,-1.385296106338501,17.479318618774414
1785124121.213119,0.01809406839311123,-0.6893187761306763,1.38869309425354,-42.22812271118164,-0.09665508568286896,-1.033888816833496,1.3040462732315063,2.343522548675537,0.07053142040967941,0.910704493522644,-1.3438289165496826,-28.290943145751953,-0.015144052915275097,0.6934310793876648,-1.388899564743042,17.466915130615234
1785124121.263448,0.022504329681396484,-0.6854744553565979,1.389499306678772,-42.5746955871582,-0.11230649054050446,-1.0494779348373413,1.3057551383972168,2.1961262226104736,0.061745502054691315,0.8853159546852112,-1.345906376838684,-28.593812942504883,-0.011053590103983879,0.6913004517555237,-1.3868520259857178,17.3853759765625
1785124121.316206,0.02681252360343933,-0.6835771799087524,1.3897697925567627,-42.896541595458984,-0.12304017692804337,-1.0548474788665771,1.3153232336044312,1.957740306854248,0.050176165997982025,0.8343851566314697,-1.3633685111999512,-28.87554931640625,-0.007007804233580828,0.6916581392288208,-1.389086127281189,17.21803092956543
1785124121.3663437,0.02688121795654297,-0.6819280385971069,1.3907663822174072,-43.10913848876953,-0.12718522548675537,-1.0457837581634521,1.3311964273452759,1.6650936603546143,0.04899537190794945,0.7934892177581787,-1.387812614440918,-29.0560302734375,-0.0037540197372436523,0.6937288045883179,-1.3875689506530762,16.98617172241211
1785124121.4177086,0.025327224284410477,-0.6897040605545044,1.392717957496643,-43.24369430541992,-0.12390556186437607,-1.019350528717041,1.3443087339401245,1.319535255432129,0.06510191410779953,0.7751657366752625,-1.4140650033950806,-29.15740966796875,-0.011614685878157616,0.6952128410339355,-1.3853057622909546,16.699670791625977
1785124121.4812992,0.030263423919677734,-0.6986253261566162,1.4018363952636719,-43.39179229736328,-0.11254579573869705,-0.9891996383666992,1.3444041013717651,1.0453799962997437,0.07839881628751755,0.7681869268417358,-1.4193973541259766,-29.279687881469727,-0.024794399738311768,0.6943902969360352,-1.3845831155776978,16.48002815246582
1785124121.539435,0.041108109056949615,-0.6875807046890259,1.428301453590393,-43.682273864746094,-0.09483594447374344,-0.9476216435432434,1.3374991416931152,0.7383796572685242,0.09040994197130203,0.7848089337348938,-1.4161720275878906,-29.537397384643555,-0.036229632794857025,0.6928414106369019,-1.3855198621749878,16.242589950561523
1785124121.5921216,0.043682761490345,-0.6657112240791321,1.449716567993164,-43.972877502441406,-0.08179695159196854,-0.9127821326255798,1.3337315320968628,0.5388700366020203,0.09717778861522675,0.812791109085083,-1.4167163372039795,-29.800167083740234,-0.033111508935689926,0.6915218830108643,-1.3864470720291138,16.094482421875
1785124121.6522143,0.034989453852176666,-0.6496565937995911,1.470490574836731,-44.237003326416016,-0.054514165967702866,-0.8316604495048523,1.3473702669143677,0.3393370807170868,0.10250181704759598,0.8384928107261658,-1.4231280088424683,-30.035303115844727,-0.024965908378362656,0.6926779747009277,-1.3877874612808228,15.921899795532227
1785124121.7115896,0.020262449979782104,-0.6515660881996155,1.4850947856903076,-44.41229248046875,-0.027521172538399696,-0.719864010810852,1.3770493268966675,0.11802992224693298,0.10855815559625626,0.8483308553695679,-1.436652660369873,-30.18231964111328,-0.017797745764255524,0.6914288401603699,-1.391489863395691,15.703324317932129
1785124121.768652,0.0053077274933457375,-0.6632867455482483,1.4805411100387573,-44.61866760253906,-0.012922563590109348,-0.6286718249320984,1.415510892868042,-0.1977289915084839,0.11581867188215256,0.8397868871688843,-1.4565092325210571,-30.350248336791992,-0.01801256649196148,0.6752215027809143,-1.3991050720214844,15.386213302612305
1785124121.8238285,0.0006494930130429566,-0.6652597188949585,1.4593958854675293,-44.77798080444336,-0.014913797378540039,-0.6587370038032532,1.4553323984146118,-0.3708629012107849,0.11107617616653442,0.825111448764801,-1.4642754793167114,-30.486248016357422,-0.02997199073433876,0.6603478789329529,-1.4019609689712524,15.22032642364502
1785124121.879206,-0.0035845013335347176,-0.6586770415306091,1.4270585775375366,-45.061370849609375,-0.01811911351978779,-0.7208743095397949,1.4826258420944214,-0.49717506766319275,0.08445281535387039,0.8089455962181091,-1.4535400867462158,-30.739242553710938,-0.05712968111038208,0.652357816696167,-1.4581646919250488,15.09842586517334
1785124121.9319496,0.007018565200269222,-0.6578482985496521,1.4057344198226929,-45.50163650512695,-0.02193419449031353,-0.7828496694564819,1.484324336051941,-0.5198438763618469,0.05485966429114342,0.8037109375,-1.4002550840377808,-31.14788818359375,-0.08242858946323395,0.6081701517105103,-1.482012391090393,15.081343650817871
1785124121.9838219,0.01927681639790535,-0.6794551610946655,1.39277184009552,-45.924320220947266,-0.03360847383737564,-0.8206121325492859,1.471304178237915,-0.5709993839263916,0.03582523390650749,0.8011548519134521,-1.3745896816253662,-31.544294357299805,-0.07778025418519974,0.5895446538925171,-1.480284571647644,15.042264938354492
1785124122.0374281,0.023746943101286888,-0.6992557048797607,1.3861018419265747,-46.21381378173828,-0.05126882344484329,-0.8216766119003296,1.464634895324707,-0.7543636560440063,0.03105604276061058,0.79818195104599,-1.3831205368041992,-31.806110382080078,-0.056501008570194244,0.6108422875404358,-1.4706908464431763,14.869965553283691
1785124122.0917847,0.021266046911478043,-0.7015158534049988,1.386512279510498,-46.40593338012695,-0.06362851709127426,-0.7988930344581604,1.462487816810608,-1.0422645807266235,0.03668016567826271,0.7895926833152771,-1.4069665670394897,-31.969398498535156,-0.032932572066783905,0.6412950158119202,-1.4507280588150024,14.593399047851562
1785124122.142329,0.0212570708245039,-0.702552318572998,1.3931682109832764,-46.576847076416016,-0.06263861805200577,-0.7785688042640686,1.45858633518219,-1.2768399715423584,0.042448610067367554,0.7886730432510376,-1.4207383394241333,-32.10847091674805,-0.021063964813947678,0.655229926109314,-1.4355965852737427,14.369939804077148
1785124122.19654,0.02879958041012287,-0.6931706070899963,1.4122278690338135,-46.865379333496094,-0.052177295088768005,-0.7654374837875366,1.4474613666534424,-1.5049375295639038,0.043107569217681885,0.805118978023529,-1.4269649982452393,-32.361083984375,-0.016995185986161232,0.6585277915000916,-1.427398443222046,14.158027648925781
1785124122.2468038,0.036196522414684296,-0.6687154769897461,1.4265106916427612,-47.19481658935547,-0.04244587942957878,-0.7721418142318726,1.433708906173706,-1.6246026754379272,0.03799258917570114,0.8303093910217285,-1.425756573677063,-32.66004943847656,-0.017536059021949768,0.6533231139183044,-1.4257816076278687,14.054245948791504
1785124122.3026729,0.037310078740119934,-0.6453655362129211,1.4324076175689697,-47.525962829589844,-0.03792398422956467,-0.7882838249206543,1.4252492189407349,-1.7141330242156982,0.032347120344638824,0.8510870337486267,-1.4228129386901855,-32.96296310424805,-0.016135040670633316,0.6500242352485657,-1.4253934621810913,13.981429100036621
1785124122.3577707,0.028909802436828613,-0.6416545510292053,1.4262866973876953,-47.84162521362305,-0.037525273859500885,-0.8018199801445007,1.4263125658035278,-1.863572359085083,0.029739301651716232,0.8584621548652649,-1.4201385974884033,-33.246280670166016,-0.011683518998324871,0.651544988155365,-1.4238625764846802,13.85193157196045
1785124122.4115329,0.018879538401961327,-0.6562442183494568,1.4163274765014648,-48.09429931640625,-0.03774877265095711,-0.8096302151679993,1.4305223226547241,-2.037435293197632,0.029216259717941284,0.8540139198303223,-1.4157752990722656,-33.46828079223633,-0.007740939036011696,0.6524543166160583,-1.4235299825668335,13.69775676727295
1785124122.4628613,0.012261800467967987,-0.6722512245178223,1.4074101448059082,-48.35530090332031,-0.03678572550415993,-0.8137492537498474,1.4333810806274414,-2.2336690425872803,0.02744387276470661,0.8491304516792297,-1.408144235610962,-33.69573211669922,-0.006692640949040651,0.6522186994552612,-1.4246176481246948,13.52238655090332
1785124122.5130727,0.009968478232622147,-0.6791186332702637,1.4029054641723633,-48.64145278930664,-0.03451427444815636,-0.8186955451965332,1.432620644569397,-2.4207122325897217,0.023980431258678436,0.8500639796257019,-1.4004583358764648,-33.946895599365234,-0.007622103206813335,0.6502065658569336,-1.4276878833770752,13.357993125915527
1785124122.566612,0.009391873143613338,-0.6755611896514893,1.403731107711792,-49.002079010009766,-0.031883999705314636,-0.8295800685882568,1.4275389909744263,-2.58341121673584,0.019894111901521683,0.8607046008110046,-1.3934950828552246,-34.26652526855469,-0.007384135853499174,0.6465413570404053,-1.4296901226043701,13.222735404968262
1785124122.6171818,0.0090947225689888,-0.67328941822052,1.4041129350662231,-49.13203048706055,-0.03129399195313454,-0.8340612053871155,1.4251677989959717,-2.6361167430877686,0.01880183257162571,0.8651593923568726,-1.3924953937530518,-34.38209533691406,-0.006431609392166138,0.6457295417785645,-1.4299285411834717,13.180157661437988
1785124122.6709347,0.007733501959592104,-0.6664138436317444,1.406445026397705,-49.6357421875,-0.030477028340101242,-0.8472129702568054,1.4163376092910767,-2.875436544418335,0.017768681049346924,0.8767937421798706,-1.3943560123443604,-34.822349548339844,0.0007251673378050327,0.6500118970870972,-1.4226441383361816,12.986902236938477
1785124122.7215006,0.007396555505692959,-0.6654866337776184,1.4077975749969482,-49.92250442504883,-0.030521675944328308,-0.8465810418128967,1.4132561683654785,-3.0596377849578857,0.018453853204846382,0.8806025385856628,-1.3945084810256958,-35.071075439453125,0.002657518954947591,0.6562814712524414,-1.418618083000183,12.830147743225098
1785124122.7760608,0.00806565210223198,-0.6667982935905457,1.4072520732879639,-50.23822784423828,-0.029596567153930664,-0.8456887602806091,1.4102967977523804,-3.268461227416992,0.019993262365460396,0.8826541900634766,-1.3924121856689453,-35.344444274902344,0.0008721621707081795,0.6589576601982117,-1.4175758361816406,12.652926445007324
1785124122.8309867,0.007035629823803902,-0.669478178024292,1.4065731763839722,-50.517974853515625,-0.029484376311302185,-0.841486930847168,1.4119327068328857,-3.51141619682312,0.02155439741909504,0.8797564506530762,-1.3943066596984863,-35.58332824707031,0.0014576440444216132,0.6601547002792358,-1.4155129194259644,12.44176959991455
1785124122.881276,0.006526576820760965,-0.6696925163269043,1.4066470861434937,-50.772003173828125,-0.02913196198642254,-0.8395249247550964,1.413346529006958,-3.7293925285339355,0.021883562207221985,0.8767258524894714,-1.3959201574325562,-35.799530029296875,0.0010568640427663922,0.6609234809875488,-1.4157370328903198,12.25387954711914
1785124122.9315748,0.0066070836037397385,-0.668081521987915,1.407286286354065,-51.049072265625,-0.028473708778619766,-0.8464075326919556,1.4112764596939087,-3.8957531452178955,0.021510960534214973,0.8762943744659424,-1.3952813148498535,-36.03833770751953,-0.0002989811764564365,0.6579082608222961,-1.4167311191558838,12.1182279586792
1785124122.9862363,0.005968576762825251,-0.66656893491745,1.4077153205871582,-51.37505340576172,-0.028628990054130554,-0.8516786694526672,1.4106483459472656,-4.093616008758545,0.02152324467897415,0.8787860870361328,-1.3939906358718872,-36.32231521606445,-0.00023489745217375457,0.6556443572044373,-1.4167448282241821,11.95335578918457
1785124123.0364506,0.005903567653149366,-0.6669148802757263,1.4072352647781372,-51.66309356689453,-0.029483845457434654,-0.854132890701294,1.4096719026565552,-4.28371524810791,0.022062867879867554,0.879488468170166,-1.394506812095642,-36.57246017456055,0.00012306465941946954,0.6565489768981934,-1.4160155057907104,11.794261932373047
1785124123.0865426,0.006169732194393873,-0.6681444644927979,1.4065335988998413,-51.93635177612305,-0.030654994770884514,-0.8538336753845215,1.4091256856918335,-4.488134860992432,0.023039544001221657,0.8775706887245178,-1.3956810235977173,-36.80866241455078,0.0001263766607735306,0.6589420437812805,-1.4147294759750366,11.620282173156738
1785124123.1366136,0.005981972441077232,-0.6703916788101196,1.4057334661483765,-52.18364715576172,-0.031362298876047134,-0.8507145047187805,1.4099022150039673,-4.711967468261719,0.024088650941848755,0.8717069625854492,-1.3980902433395386,-37.018741607666016,-0.0002231794351246208,0.6618363857269287,-1.4137910604476929,11.428509712219238
1785124123.1909528,0.006440253928303719,-0.6699904203414917,1.4065338373184204,-52.468589782714844,-0.03126215934753418,-0.8534796237945557,1.4086267948150635,-4.921182632446289,0.02466103807091713,0.8675668835639954,-1.3986320495605469,-37.2635612487793,-0.0018382560228928924,0.6625887751579285,-1.4123423099517822,11.254436492919922
1785124123.2410734,0.005886402912437916,-0.6677588224411011,1.4075955152511597,-52.726158142089844,-0.03068475052714348,-0.852192759513855,1.4100168943405151,-5.140842437744141,0.025099392980337143,0.8649604320526123,-1.4005337953567505,-37.48548889160156,-0.00232292921282351,0.662469744682312,-1.4127367734909058,11.065953254699707
1785124123.2914789,0.005626749247312546,-0.6651456952095032,1.4090981483459473,-52.997920989990234,-0.02952253818511963,-0.8530088067054749,1.409580945968628,-5.347753047943115,0.025074945762753487,0.8648045659065247,-1.4020746946334839,-37.72107696533203,-0.0026808760594576597,0.6611539721488953,-1.4129679203033447,10.892108917236328
1785124123.3516498,0.005281767807900906,-0.663633406162262,1.4100679159164429,-53.208160400390625,-0.02857399731874466,-0.8565125465393066,1.4075814485549927,-5.472586631774902,0.02493170276284218,0.8674913644790649,-1.4013832807540894,-37.906166076660156,-0.0027345139533281326,0.6603726744651794,-1.4128426313400269,10.790678024291992
1785124123.401703,0.0037428548093885183,-0.6633572578430176,1.4105103015899658,-53.65867233276367,-0.0271054208278656,-0.8633463382720947,1.4032630920410156,-5.7403178215026855,0.025319904088974,0.8721740245819092,-1.3992797136306763,-38.30294418334961,-0.0025789823848754168,0.6621599197387695,-1.4114477634429932,10.57388687133789
1785124123.4562244,0.002728280145674944,-0.6648720502853394,1.4099656343460083,-53.96797180175781,-0.02659641019999981,-0.8678450584411621,1.3998678922653198,-5.935620307922363,0.026335597038269043,0.8717113733291626,-1.3989615440368652,-38.573509216308594,-0.0031142316292971373,0.6646866202354431,-1.4097074270248413,10.418061256408691
1785124123.5063784,0.0019327928312122822,-0.6654292345046997,1.4103096723556519,-54.2249755859375,-0.026379834860563278,-0.8680932521820068,1.400052785873413,-6.139893054962158,0.027922777459025383,0.8677697777748108,-1.400085687637329,-38.79597854614258,-0.00403184350579977,0.667309582233429,-1.4080361127853394,10.247735977172852
1785124123.5610151,0.0009715560590848327,-0.6654264330863953,1.4103209972381592,-54.498390197753906,-0.02587512508034706,-0.8642226457595825,1.401623010635376,-6.393474102020264,0.029623350128531456,0.8625652194023132,-1.4031177759170532,-39.031246185302734,-0.005049244035035372,0.6693675518035889,-1.4067809581756592,10.033404350280762
1785124123.6126988,0.0009051948436535895,-0.6642329692840576,1.4117330312728882,-54.77421188354492,-0.02465134486556053,-0.8648055791854858,1.4001953601837158,-6.597851753234863,0.03054066374897957,0.8619500994682312,-1.403948426246643,-39.271663665771484,-0.006303585600107908,0.6690861582756042,-1.4065781831741333,9.866411209106445
1785124123.66695,0.0005399523070082068,-0.6612045168876648,1.4134494066238403,-55.09624099731445,-0.023326249793171883,-0.8688914179801941,1.397817850112915,-6.802915573120117,0.03140981122851372,0.8643972873687744,-1.4037306308746338,-39.556175231933594,-0.007325644139200449,0.6678135395050049,-1.4066298007965088,9.701857566833496
1785124123.721829,-0.0007041947683319449,-0.6594588160514832,1.4145293235778809,-55.387325286865234,-0.022606780752539635,-0.8692480325698853,1.3984450101852417,-7.0370097160339355,0.03259055316448212,0.8624703288078308,-1.4062250852584839,-39.81201171875,-0.007713676895946264,0.6682108044624329,-1.4055829048156738,9.507187843322754
1785124123.7724934,-0.0012137532467022538,-0.6591262817382812,1.4150874614715576,-55.641510009765625,-0.02177865244448185,-0.8678971529006958,1.3988819122314453,-7.260929584503174,0.033401791006326675,0.8584903478622437,-1.4084866046905518,-40.03387451171875,-0.008393950760364532,0.6691672205924988,-1.4050853252410889,9.31977653503418
1785124123.8269312,-0.0014023259282112122,-0.6582951545715332,1.4168411493301392,-55.90069580078125,-0.020684657618403435,-0.8674959540367126,1.3980282545089722,-7.479336261749268,0.03357870131731033,0.8551568984985352,-1.4097646474838257,-40.26174545288086,-0.009206258691847324,0.6698675155639648,-1.4047045707702637,9.138476371765137
1785124123.877363,-0.0016106893308460712,-0.6569565534591675,1.4177579879760742,-56.139041900634766,-0.01962226629257202,-0.8683995008468628,1.396962285041809,-7.670878887176514,0.03341924026608467,0.8530926704406738,-1.4108638763427734,-40.47233963012695,-0.009445532225072384,0.6704561710357666,-1.4044582843780518,8.980486869812012
1785124123.9273775,-0.0022090848069638014,-0.6552163362503052,1.4195493459701538,-56.40764617919922,-0.01855674386024475,-0.8704835176467896,1.3956665992736816,-7.879819869995117,0.03288443014025688,0.8514901399612427,-1.4121038913726807,-40.710838317871094,-0.009298733435571194,0.670819878578186,-1.4039175510406494,8.809618949890137
1785124123.9814372,-0.0029945001006126404,-0.6534960865974426,1.4199538230895996,-56.73746871948242,-0.017474986612796783,-0.8774210214614868,1.3916853666305542,-8.07734489440918,0.03236261382699013,0.854008674621582,-1.4108914136886597,-41.00625991821289,-0.00899119209498167,0.671172022819519,-1.4035108089447021,8.655989646911621
1785124124.0395308,-0.004023839253932238,-0.6530923843383789,1.4209165573120117,-57.004390716552734,-0.016918817535042763,-0.8828656673431396,1.3887355327606201,-8.239728927612305,0.03231529891490936,0.8553413152694702,-1.4098411798477173,-41.24647903442383,-0.008992427960038185,0.6720587015151978,-1.4027091264724731,8.530000686645508
1785124124.0913193,-0.004983412101864815,-0.6531230807304382,1.4217239618301392,-57.330772399902344,-0.016575193032622337,-0.8911423683166504,1.3837257623672485,-8.443687438964844,0.03293106332421303,0.8522807359695435,-1.4100600481033325,-41.53843688964844,-0.009718682616949081,0.6735243797302246,-1.4010449647903442,8.376880645751953
1785124124.1463966,-0.005847493652254343,-0.6521986722946167,1.422626256942749,-57.59866714477539,-0.016194896772503853,-0.8960449695587158,1.3812072277069092,-8.623805046081543,0.034416910260915756,0.8491005897521973,-1.4102798700332642,-41.777339935302734,-0.010793088935315609,0.6757558584213257,-1.399780035018921,8.239289283752441
1785124124.1965294,-0.0064946128986775875,-0.6505545973777771,1.4234610795974731,-57.874534606933594,-0.015942301601171494,-0.8972738981246948,1.3802571296691895,-8.827378273010254,0.03644729405641556,0.8477604985237122,-1.4113510847091675,-42.02496337890625,-0.012329685501754284,0.6777627468109131,-1.3985599279403687,8.079005241394043
1785124124.2511506,-0.006955073215067387,-0.6497697234153748,1.4242616891860962,-58.1737060546875,-0.01570976711809635,-0.8977980017662048,1.3790069818496704,-9.05663013458252,0.03910452872514725,0.8458520770072937,-1.4136375188827515,-42.29380416870117,-0.013977150432765484,0.6784138083457947,-1.3972358703613281,7.8984479904174805
1785124124.3013082,-0.007333348039537668,-0.6490081548690796,1.424883484840393,-58.44418716430664,-0.015384241007268429,-0.8983290195465088,1.3782756328582764,-9.266508102416992,0.04157232493162155,0.8437998294830322,-1.4151495695114136,-42.53721237182617,-0.015683140605688095,0.6789494752883911,-1.3962198495864868,7.733428955078125
1785124124.3569274,-0.008204053156077862,-0.6489413976669312,1.425761103630066,-58.73256301879883,-0.014934604056179523,-0.9008803367614746,1.3762181997299194,-9.484126091003418,0.043935466557741165,0.8402876853942871,-1.4169281721115112,-42.79682540893555,-0.01745041459798813,0.6799359321594238,-1.395302414894104,7.566662311553955
1785124124.411263,-0.009179539047181606,-0.6490833163261414,1.4276881217956543,-59.01434326171875,-0.014227412641048431,-0.9054170846939087,1.3733497858047485,-9.68774127960205,0.04591943323612213,0.8359314799308777,-1.4180636405944824,-43.0503044128418,-0.01865539699792862,0.681677520275116,-1.3938415050506592,7.414714336395264
1785124124.4614694,-0.010182700119912624,-0.6490696668624878,1.4289278984069824,-59.266517639160156,-0.013712214305996895,-0.9056969881057739,1.3736414909362793,-9.90322494506836,0.04719309136271477,0.8320438265800476,-1.4195116758346558,-43.27729797363281,-0.019320402294397354,0.6837219595909119,-1.3925647735595703,7.244729042053223
1785124124.5159607,-0.010558522306382656,-0.6484328508377075,1.4296072721481323,-59.545169830322266,-0.012813659384846687,-0.9041056632995605,1.373285174369812,-10.15371036529541,0.04759211465716362,0.8287088871002197,-1.421670913696289,-43.529029846191406,-0.01982402428984642,0.6843540072441101,-1.3923914432525635,7.045905113220215
1785124124.5663395,-0.010258860886096954,-0.6449978351593018,1.4309626817703247,-59.832862854003906,-0.011719929054379463,-0.9072803258895874,1.3698784112930298,-10.347878456115723,0.046935442835092545,0.8313766121864319,-1.420966386795044,-43.7916259765625,-0.01992947608232498,0.6834795475006104,-1.3925426006317139,6.900876998901367
1785124124.6217797,-0.010614820756018162,-0.6405285596847534,1.4324971437454224,-60.16264724731445,-0.011196387000381947,-0.9134323596954346,1.3668062686920166,-10.547171592712402,0.046062152832746506,0.8365943431854248,-1.4192065000534058,-44.094871520996094,-0.01945316791534424,0.6833093166351318,-1.3918291330337524,6.755684852600098
1785124124.6724253,-0.011909343302249908,-0.6395514011383057,1.4323077201843262,-60.4272346496582,-0.011548221111297607,-0.9151305556297302,1.3678267002105713,-10.761885643005371,0.045700591057538986,0.8355311751365662,-1.4200865030288696,-44.33734893798828,-0.018495071679353714,0.6837533116340637,-1.391892671585083,6.588296890258789
1785124124.7268848,-0.013065141625702381,-0.6411975026130676,1.431481957435608,-60.70937728881836,-0.01173809077590704,-0.9151502847671509,1.3686039447784424,-11.00841236114502,0.04540075734257698,0.8318527936935425,-1.4208035469055176,-44.59415817260742,-0.018048550933599472,0.6835160851478577,-1.3928321599960327,6.394861221313477
1785124124.7814538,-0.013344627805054188,-0.643309473991394,1.4310256242752075,-61.02583312988281,-0.011552720330655575,-0.9185320138931274,1.365878939628601,-11.222776412963867,0.044916629791259766,0.8330636620521545,-1.4181792736053467,-44.883567810058594,-0.018362699076533318,0.6827725172042847,-1.3923931121826172,6.235890865325928
1785124124.8399637,-0.013775801286101341,-0.6439915299415588,1.4300129413604736,-61.316741943359375,-0.011405609548091888,-0.9218708276748657,1.3640815019607544,-11.414466857910156,0.04502495005726814,0.8352169394493103,-1.4161187410354614,-45.15005111694336,-0.01809094101190567,0.68327397108078,-1.3928390741348267,6.093771457672119
1785124124.8915694,-0.015660496428608894,-0.6503839492797852,1.4287819862365723,-61.53001403808594,-0.011814495548605919,-0.9156568050384521,1.3699071407318115,-11.682551383972168,0.04545798897743225,0.8264492154121399,-1.4202643632888794,-45.34090042114258,-0.016766691580414772,0.6850653290748596,-1.391858458518982,5.87192964553833
1785124124.945905,-0.015545336529612541,-0.6531597971916199,1.4280987977981567,-61.75273895263672,-0.010976746678352356,-0.9091000556945801,1.3719874620437622,-11.942683219909668,0.04452979192137718,0.8196905255317688,-1.4225435256958008,-45.539703369140625,-0.016904858872294426,0.6853218674659729,-1.3927494287490845,5.659818172454834
1785124124.9967608,-0.013817297294735909,-0.6498628258705139,1.4302599430084229,-62.03415298461914,-0.009078029543161392,-0.9067755937576294,1.3716892004013062,-12.192256927490234,0.04224682226777077,0.8201109766960144,-1.422257661819458,-45.79475021362305,-0.017528928816318512,0.6826801896095276,-1.3948421478271484,5.463014125823975
1785124125.046883,-0.012674163095653057,-0.6425368189811707,1.43306565284729,-62.29034423828125,-0.008043044246733189,-0.9090422987937927,1.3710218667984009,-12.368042945861816,0.040164776146411896,0.8261117935180664,-1.421049952507019,-46.03116989135742,-0.017707934603095055,0.6802735924720764,-1.396043300628662,5.3297576904296875
1785124125.1015508,-0.01285933144390583,-0.6364721655845642,1.4341310262680054,-62.59740447998047,-0.007850299589335918,-0.9111088514328003,1.371886134147644,-12.588276863098145,0.03889860585331917,0.8318608403205872,-1.421062707901001,-46.31368637084961,-0.016434449702501297,0.6784164309501648,-1.396905541419983,5.160486698150635
1785124125.1566358,-0.014451887458562851,-0.6390159130096436,1.4322965145111084,-62.85721969604492,-0.008588730357587337,-0.9066956043243408,1.3764238357543945,-12.853742599487305,0.03878801688551903,0.8288958668708801,-1.4235353469848633,-46.550750732421875,-0.014408254064619541,0.6791627407073975,-1.3962689638137817,4.943963050842285
1785124125.2110136,-0.01452767662703991,-0.6442602872848511,1.430350422859192,-63.09657669067383,-0.008920831605792046,-0.8982441425323486,1.3798795938491821,-13.140530586242676,0.03783481940627098,0.8216503262519836,-1.4253531694412231,-46.76629638671875,-0.013431415893137455,0.6806288361549377,-1.3967376947402954,4.70621919631958
1785124125.2614553,-0.013792107813060284,-0.6479452252388,1.42960524559021,-63.3083381652832,-0.008374222554266453,-0.8937565088272095,1.3813740015029907,-13.3806734085083,0.03608608990907669,0.8152298927307129,-1.426386833190918,-46.957454681396484,-0.013615136034786701,0.6793032884597778,-1.3985415697097778,4.509901523590088
1785124125.3166173,-0.013461180031299591,-0.6531237363815308,1.4306563138961792,-63.52130889892578,-0.007591491099447012,-0.8841376900672913,1.3878545761108398,-13.680525779724121,0.03362657502293587,0.8063120245933533,-1.4275983572006226,-47.147308349609375,-0.014215345494449139,0.684057354927063,-1.4004740715026855,4.257673740386963
1785124125.3669817,-0.012383255176246166,-0.6567276120185852,1.4308946132659912,-63.71400451660156,-0.0062639242969453335,-0.8719435930252075,1.3916457891464233,-13.96561050415039,0.030840232968330383,0.798765242099762,-1.4285221099853516,-47.31926345825195,-0.015294976532459259,0.690657377243042,-1.4029135704040527,4.015741348266602
1785124125.4214456,-0.010688754729926586,-0.6588596701622009,1.4319807291030884,-63.93418502807617,-0.004338501486927271,-0.8592246770858765,1.394545078277588,-14.269826889038086,0.027897203341126442,0.7926723957061768,-1.4291844367980957,-47.5172119140625,-0.01628301851451397,0.6959831118583679,-1.405064582824707,3.758876085281372
1785124125.4728205,-0.009004130028188229,-0.6519213318824768,1.434230923652649,-64.18778228759766,-0.002443944104015827,-0.85638427734375,1.3948886394500732,-14.490416526794434,0.025641338899731636,0.7968728542327881,-1.4285343885421753,-47.75168228149414,-0.01672404259443283,0.6913689970970154,-1.4073566198349,3.579780101776123
1785124125.526909,-0.009715982712805271,-0.6445217132568359,1.4357516765594482,-64.46649169921875,-0.0022610961459577084,-0.8551068305969238,1.3991966247558594,-14.730743408203125,0.02490992844104767,0.8016069531440735,-1.430474042892456,-48.01064682006836,-0.015268359333276749,0.686557948589325,-1.408584475517273,3.383718967437744
1785124125.581016,-0.011610069312155247,-0.6443231105804443,1.435111165046692,-64.71443939208984,-0.0032062376849353313,-0.8495205640792847,1.4047503471374512,-15.000104904174805,0.025316881015896797,0.7995625734329224,-1.4343035221099854,-48.23963928222656,-0.012538320384919643,0.6863894462585449,-1.4084076881408691,3.1570587158203125
1785124125.6310956,-0.012934999540448189,-0.6549396514892578,1.4337579011917114,-64.88479614257812,-0.0037050519604235888,-0.8350976705551147,1.4094492197036743,-15.300321578979492,0.02515283413231373,0.7863132953643799,-1.4376897811889648,-48.39254379272461,-0.010660913772881031,0.6951096057891846,-1.407942295074463,2.8951659202575684
1785124125.68153,-0.011590845882892609,-0.6555087566375732,1.4337828159332275,-65.10607147216797,-0.002205564873293042,-0.8294975161552429,1.4093077182769775,-15.548589706420898,0.022787149995565414,0.7820170521736145,-1.4369993209838867,-48.597408294677734,-0.011262546293437481,0.6936437487602234,-1.409995675086975,2.683892250061035
1785124125.7368295,-0.010071861557662487,-0.6527045369148254,1.436357855796814,-65.37145233154297,-0.0003720831882674247,-0.8301355242729187,1.4104254245758057,-15.792476654052734,0.019759465008974075,0.7820541858673096,-1.436503291130066,-48.84512710571289,-0.01238213386386633,0.6874405145645142,-1.414200782775879,2.479459524154663
1785124125.7916627,-0.010241449810564518,-0.6561205387115479,1.4374103546142578,-65.60560607910156,0.00023920429521240294,-0.8313233256340027,1.4125419855117798,-16.033044815063477,0.01829204522073269,0.7760905623435974,-1.4382883310317993,-49.06195068359375,-0.011840061284601688,0.6813346743583679,-1.4174764156341553,2.2765777111053467
1785124125.8493128,-0.011257201433181763,-0.6586632132530212,1.4369109869003296,-65.83683013916016,0.00011281284969300032,-0.8304817080497742,1.4149773120880127,-16.276248931884766,0.017535638064146042,0.7701577544212341,-1.4398460388183594,-49.276397705078125,-0.010591159574687481,0.6769174933433533,-1.4189256429672241,2.069211721420288
1785124125.9019372,-0.012544709257781506,-0.662822425365448,1.4365814924240112,-66.05046081542969,-0.00028915703296661377,-0.8220482468605042,1.4192830324172974,-16.55526351928711,0.016942031681537628,0.7628619074821472,-1.4415830373764038,-49.47367477416992,-0.009212726727128029,0.680809497833252,-1.4194984436035156,1.8252569437026978
1785124125.9519558,-0.012790506705641747,-0.6673272848129272,1.4365599155426025,-66.21284484863281,3.261362144257873e-05,-0.8081536889076233,1.4221168756484985,-16.815380096435547,0.015830833464860916,0.7556687593460083,-1.442320466041565,-49.623016357421875,-0.008882272988557816,0.6906829476356506,-1.4203230142593384,1.5936520099639893
1785124126.0066466,-0.011176596395671368,-0.6673892736434937,1.4383362531661987,-66.43766021728516,0.002105365740135312,-0.7954457402229309,1.4228390455245972,-17.10475730895996,0.01335190050303936,0.752772331237793,-1.4416890144348145,-49.83244323730469,-0.009658610448241234,0.6971295475959778,-1.4220316410064697,1.3387188911437988
1785124126.059599,-0.009823955595493317,-0.6627103686332703,1.4409250020980835,-66.64826965332031,0.003873921697959304,-0.7907784581184387,1.4237133264541626,-17.31256675720215,0.011400964111089706,0.7557677030563354,-1.4413050413131714,-50.03107452392578,-0.010197613388299942,0.6970165371894836,-1.4236910343170166,1.1585121154785156
1785124126.111294,-0.010374301113188267,-0.6669787168502808,1.4426296949386597,-66.88217163085938,0.004326377995312214,-0.7776023149490356,1.427841067314148,-17.6347713470459,0.010635366663336754,0.7497193813323975,-1.4433093070983887,-50.24911880493164,-0.008990722708404064,0.7049817442893982,-1.424675703048706,0.8725560903549194
1785124126.1661448,-0.011089731939136982,-0.6804783344268799,1.4425337314605713,-67.05093383789062,0.004491300322115421,-0.7580258846282959,1.4305499792099,-17.974815368652344,0.009926238097250462,0.733295738697052,-1.4444793462753296,-50.403560638427734,-0.007929842919111252,0.7190731763839722,-1.4252818822860718,0.5649608373641968
1785124126.2220583,-0.010446731001138687,-0.6926671862602234,1.4435127973556519,-67.230224609375,0.005836880300194025,-0.741692066192627,1.4314604997634888,-18.304113388061523,0.00783839263021946,0.7180324196815491,-1.4440521001815796,-50.5688362121582,-0.008300836198031902,0.7299248576164246,-1.427570104598999,0.267230361700058
1785124126.2767932,-0.009160124696791172,-0.6964455842971802,1.4456772804260254,-67.43571472167969,0.007737249601632357,-0.7358813881874084,1.4316810369491577,-18.560819625854492,0.005204684566706419,0.7120824456214905,-1.4432029724121094,-50.76201629638672,-0.00934965256601572,0.7314011454582214,-1.4311305284500122,0.03823939338326454
1785124126.327134,-0.008666296489536762,-0.6989526748657227,1.4472442865371704,-67.6512451171875,0.00891058798879385,-0.7324488162994385,1.4325071573257446,-18.80757713317871,0.00357307237572968,0.7077318429946899,-1.4433205127716064,-50.96564865112305,-0.009461764246225357,0.7305741310119629,-1.4336836338043213,-0.18177621066570282
1785124126.3808467,-0.009265393018722534,-0.7054488062858582,1.4476910829544067,-67.87102508544922,0.009114171378314495,-0.7254145741462708,1.434021234512329,-19.096534729003906,0.0032828848343342543,0.6993557214736938,-1.4447696208953857,-51.17279815673828,-0.00821101013571024,0.7326595783233643,-1.4346787929534912,-0.44255468249320984
1785124126.4311185,-0.010051875375211239,-0.7221209406852722,1.4478360414505005,-68.01517486572266,0.009020823054015636,-0.7081232070922852,1.4350491762161255,-19.414857864379883,0.003509725909680128,0.6810368299484253,-1.4460115432739258,-51.306182861328125,-0.006696057040244341,0.7452201843261719,-1.434874176979065,-0.7367560267448425
1785124126.4866245,-0.009102427400648594,-0.7269793152809143,1.4497958421707153,-68.21698760986328,0.010642112232744694,-0.7018426656723022,1.4347442388534546,-19.675186157226562,0.001825002720579505,0.6750721335411072,-1.4459816217422485,-51.49767303466797,-0.006990364752709866,0.7474023103713989,-1.4372636079788208,-0.9741268754005432
1785124126.5410802,-0.00831691175699234,-0.7274894714355469,1.4516823291778564,-68.45953369140625,0.01214966643601656,-0.6986372470855713,1.4348787069320679,-19.94025421142578,0.0004220923292450607,0.6733635663986206,-1.4460176229476929,-51.72944641113281,-0.007164200767874718,0.7463220357894897,-1.4391753673553467,-1.2152568101882935
1785124126.5917256,-0.008425786159932613,-0.7279922366142273,1.4522897005081177,-68.6333999633789,0.012534179724752903,-0.6955356001853943,1.435439944267273,-20.13487434387207,6.519415910588577e-05,0.6717032790184021,-1.4462188482284546,-51.895816802978516,-0.006736322771757841,0.7463491559028625,-1.4397705793380737,-1.3932875394821167
1785124126.6470218,-0.009079882875084877,-0.7314741015434265,1.452276587486267,-68.8564453125,0.012523879297077656,-0.690803587436676,1.4363088607788086,-20.403594970703125,-2.64658792730188e-05,0.6666166186332703,-1.4470866918563843,-52.1091194152832,-0.005818155128508806,0.747329831123352,-1.4408259391784668,-1.6402479410171509
1785124126.6972277,-0.009657059796154499,-0.7370365262031555,1.4524611234664917,-69.0219955444336,0.01245573628693819,-0.6859704852104187,1.4373468160629272,-20.627161026000977,-0.00016440042236354202,0.6597946882247925,-1.4473901987075806,-52.26732635498047,-0.005150574259459972,0.7494910359382629,-1.4415814876556396,-1.8468501567840576
1785124126.7511246,-0.009978452697396278,-0.7466200590133667,1.4533880949020386,-69.20448303222656,0.012689845636487007,-0.6699258089065552,1.4382249116897583,-20.948022842407227,-0.00048021896509453654,0.6489855051040649,-1.4470125436782837,-52.44187545776367,-0.004459839314222336,0.7621310949325562,-1.4418590068817139,-2.1485729217529297
1785124126.8015225,-0.009301579557359219,-0.7552489638328552,1.4551328420639038,-69.36962890625,0.013862013816833496,-0.6554919481277466,1.4377648830413818,-21.238557815551758,-0.001713255769573152,0.6398239731788635,-1.4463131427764893,-52.60071563720703,-0.004643653053790331,0.7738879323005676,-1.443342685699463,-2.4234626293182373
1785124126.8578787,-0.008247856050729752,-0.7582074999809265,1.4572880268096924,-69.58472442626953,0.015426774509251118,-0.6472079753875732,1.4373712539672852,-21.522275924682617,-0.003388454904779792,0.6365638375282288,-1.4455145597457886,-52.8095817565918,-0.005100760143250227,0.7797343730926514,-1.4448626041412354,-2.691663980484009
1785124126.9113212,-0.007945145480334759,-0.7623841762542725,1.4574447870254517,-69.77291870117188,0.015984591096639633,-0.6424400806427002,1.4370744228363037,-21.768299102783203,-0.003802821272984147,0.6330046057701111,-1.4451764822006226,-52.991580963134766,-0.004794054199010134,0.7822321057319641,-1.4453710317611694,-2.9248337745666504
1785124126.9672408,-0.007956840097904205,-0.7712018489837646,1.4550018310546875,-69.95201110839844,0.014133190736174583,-0.6397443413734436,1.4383291006088257,-22.0766544342041,-0.003236845601350069,0.6293706893920898,-1.4445478916168213,-53.162410736083984,-0.0043897177092731,0.789634108543396,-1.443071722984314,-3.2159810066223145
1785124127.0227478,-0.006531053688377142,-0.7777402997016907,1.4506863355636597,-70.13424682617188,0.012162823230028152,-0.6408857107162476,1.4359996318817139,-22.395679473876953,-0.002687089378014207,0.6315081715583801,-1.4426870346069336,-53.33525085449219,-0.00475705973803997,0.7971304059028625,-1.4396233558654785,-3.517717123031616
1785124127.0730517,-0.004487893078476191,-0.7850875854492188,1.4453226327896118,-70.28581237792969,0.01013831328600645,-0.644548237323761,1.4335894584655762,-22.702957153320312,-0.002163367811590433,0.635989248752594,-1.4400604963302612,-53.474945068359375,-0.00573212094604969,0.8046987652778625,-1.4349279403686523,-3.8062047958374023
1785124127.1295946,-0.0017382511869072914,-0.7921093702316284,1.4398127794265747,-70.45800018310547,0.008593118749558926,-0.6491248607635498,1.4307373762130737,-23.036418914794922,-0.0018995690625160933,0.6416005492210388,-1.435276985168457,-53.632240295410156,-0.007327104452997446,0.8112959265708923,-1.4301396608352661,-4.1182050704956055
1785124127.1855145,0.000744303222745657,-0.7986385226249695,1.435521125793457,-70.63773345947266,0.007411877159029245,-0.652424693107605,1.4278995990753174,-23.365068435668945,-0.0018748181173577905,0.6460913419723511,-1.432313323020935,-53.794654846191406,-0.009018565528094769,0.8167871832847595,-1.426748275756836,-4.422931671142578
1785124127.2379794,0.0025095741730183363,-0.8077988028526306,1.4315311908721924,-70.78620147705078,0.006893237587064505,-0.6540095806121826,1.4264370203018188,-23.650768280029297,-0.0010459800250828266,0.6480554938316345,-1.4299988746643066,-53.923683166503906,-0.01012411992996931,0.8197908997535706,-1.4247567653656006,-4.6860198974609375
1785124127.290804,0.003999163396656513,-0.8159515261650085,1.4277591705322266,-70.960693359375,0.005514928605407476,-0.6536898016929626,1.425619125366211,-23.98811149597168,-0.0003448299830779433,0.6496150493621826,-1.42801034450531,-54.07560729980469,-0.011295533739030361,0.8265878558158875,-1.4215096235275269,-4.995769023895264
1785124127.3411353,0.005524002946913242,-0.8227577805519104,1.4238927364349365,-71.1214828491211,0.004483077209442854,-0.6538848876953125,1.4250253438949585,-24.295475006103516,0.0001724074681987986,0.6511146426200867,-1.4257234334945679,-54.213294982910156,-0.012417011894285679,0.8325487375259399,-1.4191901683807373,-5.277256965637207
1785124127.3924696,0.006991790607571602,-0.8282008171081543,1.420645833015442,-71.2700424194336,0.003736877115443349,-0.6548844575881958,1.4235870838165283,-24.569704055786133,0.00029859435744583607,0.6532251238822937,-1.4241225719451904,-54.33976745605469,-0.013589434325695038,0.8363379240036011,-1.417105793952942,-5.527227878570557
1785124127.447033,0.009076283313333988,-0.8347516059875488,1.4169732332229614,-71.45211791992188,0.003478564554825425,-0.6570265293121338,1.4209215641021729,-24.891170501708984,0.0005443516420200467,0.6559682488441467,-1.4218435287475586,-54.4921760559082,-0.015194682404398918,0.8384665250778198,-1.4157943725585938,-5.818532466888428
1785124127.4975986,0.010446974076330662,-0.8414573073387146,1.414059042930603,-71.59239959716797,0.003634312190115452,-0.6589621305465698,1.4202895164489746,-25.14073944091797,0.0013269918272271752,0.658099353313446,-1.4194996356964111,-54.60637664794922,-0.01659361645579338,0.8379358053207397,-1.4146897792816162,-6.042932033538818
1785124127.5514,0.01152022834867239,-0.8474661111831665,1.4109145402908325,-71.7723617553711,0.003301262389868498,-0.6595380306243896,1.4198943376541138,-25.45733070373535,0.0020890431478619576,0.6608577370643616,-1.4165589809417725,-54.75359344482422,-0.01848090998828411,0.839527428150177,-1.4127262830734253,-6.327190399169922
1785124127.6065288,0.012406870722770691,-0.8509160280227661,1.4075080156326294,-71.96527099609375,0.0026417747139930725,-0.6588569283485413,1.4198026657104492,-25.786788940429688,0.0025724750012159348,0.6637048125267029,-1.4141870737075806,-54.91157531738281,-0.02034565433859825,0.8440831899642944,-1.4120075702667236,-6.623990535736084
1785124127.6568725,0.012842042371630669,-0.8530814051628113,1.4052305221557617,-72.08811950683594,0.002192949876189232,-0.6585466861724854,1.420076847076416,-25.996784210205078,0.0028478908352553844,0.6649563908576965,-1.4126067161560059,-55.0113410949707,-0.02163829281926155,0.8469843864440918,-1.4117763042449951,-6.812898635864258
1785124127.7081256,0.0134584940969944,-0.8577235341072083,1.4016520977020264,-72.25386047363281,0.0020303919445723295,-0.658616304397583,1.4198756217956543,-26.284446716308594,0.0036754091270267963,0.6664190888404846,-1.4108948707580566,-55.142295837402344,-0.023557020351290703,0.8489580750465393,-1.4118186235427856,-7.0707478523254395
1785124127.7611914,0.013979143463075161,-0.8621974587440491,1.3994265794754028,-72.4417724609375,0.001971231307834387,-0.6584762930870056,1.4200291633605957,-26.60408592224121,0.004597863182425499,0.6686998009681702,-1.408418893814087,-55.29167938232422,-0.026024071499705315,0.8508051037788391,-1.410456895828247,-7.355876445770264
1785124127.8149345,0.014880094677209854,-0.8647139072418213,1.3974573612213135,-72.62308502197266,0.0021894248202443123,-0.6585094928741455,1.419918417930603,-26.900012969970703,0.005485846195369959,0.671101987361908,-1.4065455198287964,-55.436344146728516,-0.028088565915822983,0.8531604409217834,-1.4097654819488525,-7.620630741119385
1785124127.8662133,0.01588406413793564,-0.8705117702484131,1.393142819404602,-72.80097961425781,0.0014111498603597283,-0.6592192053794861,1.4191899299621582,-27.2498836517334,0.007166077382862568,0.6723299622535706,-1.4050167798995972,-55.571163177490234,-0.030400754883885384,0.858038067817688,-1.407246708869934,-7.9336957931518555
1785124127.9163795,0.017417650669813156,-0.8783208727836609,1.3886243104934692,-72.92344665527344,0.0007633886998519301,-0.6599028706550598,1.4181067943572998,-27.560781478881836,0.008587795309722424,0.6730021238327026,-1.4039756059646606,-55.65681457519531,-0.03287164866924286,0.8644315600395203,-1.403385043144226,-8.213133811950684
1785124127.9724474,0.020821720361709595,-0.8874995112419128,1.3842612504959106,-73.09276580810547,0.0009092105319723487,-0.6624343395233154,1.4149510860443115,-27.970489501953125,0.00996360369026661,0.6752352118492126,-1.4010701179504395,-55.77585983276367,-0.03746335580945015,0.8709942698478699,-1.3993525505065918,-8.580089569091797
1785124128.022703,0.023791203275322914,-0.8917326331138611,1.3825374841690063,-73.23680877685547,0.0014528959291055799,-0.6658156514167786,1.4119699001312256,-28.26205825805664,0.010899188928306103,0.6782832741737366,-1.398432731628418,-55.88092803955078,-0.041542116552591324,0.8729864954948425,-1.3979450464248657,-8.838526725769043
1785124128.076666,0.02684607170522213,-0.8981414437294006,1.3779983520507812,-73.4181137084961,0.0013664491707459092,-0.6703135967254639,1.4089583158493042,-28.629512786865234,0.013615488074719906,0.6818415522575378,-1.3956992626190186,-56.00692367553711,-0.046751055866479874,0.8723092675209045,-1.396777629852295,-9.160746574401855
1785124128.126957,0.028387533500790596,-0.9047406315803528,1.3739453554153442,-73.55916595458984,0.0010323079768568277,-0.671428918838501,1.4089263677597046,-28.937726974487305,0.016913065686821938,0.6839518547058105,-1.3930903673171997,-56.100341796875,-0.05078158155083656,0.8725385665893555,-1.3945651054382324,-9.430171012878418
1785124128.181775,0.02961459942162037,-0.9067372679710388,1.373363733291626,-73.75761413574219,0.0014951560879126191,-0.6697888374328613,1.4097535610198975,-29.27242660522461,0.019270341843366623,0.6855816841125488,-1.3903863430023193,-56.24684524536133,-0.05492061749100685,0.8738350868225098,-1.3942323923110962,-9.722273826599121
1785124128.2372382,0.029889745637774467,-0.9094967246055603,1.369884729385376,-73.94869995117188,0.0009723934344947338,-0.6680804491043091,1.4103055000305176,-29.6110782623291,0.021277204155921936,0.6861499547958374,-1.3902086019515991,-56.383583068847656,-0.05864058434963226,0.8764926195144653,-1.3952445983886719,-10.017858505249023
1785124128.291684,0.029927438125014305,-0.9154534339904785,1.3653489351272583,-74.11624908447266,0.0012905864277854562,-0.666657567024231,1.4115256071090698,-29.938077926635742,0.023076176643371582,0.68668532371521,-1.3882840871810913,-56.4949836730957,-0.06225769221782684,0.8772938847541809,-1.395534873008728,-10.302251815795898
1785124128.346373,0.030407972633838654,-0.921280562877655,1.361663818359375,-74.28388214111328,0.0024249509442597628,-0.6650531888008118,1.4138199090957642,-30.264171600341797,0.024568449705839157,0.688139021396637,-1.38746976852417,-56.60590744018555,-0.0654812827706337,0.8776422142982483,-1.3945841789245605,-10.58608627319336
1785124128.396407,0.031248733401298523,-0.9251136183738708,1.3584312200546265,-74.44342803955078,0.003622007090598345,-0.6634657979011536,1.415645956993103,-30.565065383911133,0.024495087563991547,0.688519299030304,-1.3872299194335938,-56.71375274658203,-0.06804775446653366,0.8781707882881165,-1.393035650253296,-10.848091125488281
1785124128.4517977,0.032727792859077454,-0.9263820052146912,1.3558789491653442,-74.61937713623047,0.0049498737789690495,-0.6616209149360657,1.416922926902771,-30.877775192260742,0.023499323055148125,0.6880723834037781,-1.3877772092819214,-56.83762741088867,-0.07027364522218704,0.8802241086959839,-1.391248106956482,-11.122111320495605
1785124128.5063968,0.034499067813158035,-0.9271533489227295,1.3534345626831055,-74.8177490234375,0.006707168184220791,-0.6607213020324707,1.4181711673736572,-31.217317581176758,0.02215547300875187,0.6872783303260803,-1.3882782459259033,-56.97831344604492,-0.07302279025316238,0.881517767906189,-1.3901007175445557,-11.419332504272461
1785124128.5570598,0.03573780134320259,-0.9276875257492065,1.3521531820297241,-74.98316955566406,0.008045476861298084,-0.6604674458503723,1.4188975095748901,-31.492013931274414,0.02183395065367222,0.6870938539505005,-1.3884661197662354,-57.09641647338867,-0.07559959590435028,0.8817832469940186,-1.3892438411712646,-11.659323692321777
1785124128.6085176,0.03662677854299545,-0.9297329187393188,1.349605917930603,-75.1568374633789,0.009843696840107441,-0.6602502465248108,1.4197980165481567,-31.784467697143555,0.02225281111896038,0.6871011853218079,-1.3885807991027832,-57.21650314331055,-0.07880557328462601,0.8802187442779541,-1.3892675638198853,-11.914133071899414
1785124128.661187,0.036932770162820816,-0.9333583116531372,1.34689462184906,-75.3209228515625,0.011700307950377464,-0.6595191955566406,1.4216009378433228,-32.06972885131836,0.023144448176026344,0.68755704164505,-1.3881598711013794,-57.3267707824707,-0.08218394219875336,0.8777168393135071,-1.3893181085586548,-12.161748886108398
1785124128.7114294,0.03707554191350937,-0.9361321926116943,1.3450945615768433,-75.4936752319336,0.013209686614573002,-0.6570287942886353,1.4242801666259766,-32.36888122558594,0.023928439244627953,0.6881154179573059,-1.387815237045288,-57.44599151611328,-0.08531790971755981,0.877503514289856,-1.3886241912841797,-12.423114776611328
1785124128.76637,0.03743363544344902,-0.9377923011779785,1.342266321182251,-75.67303466796875,0.014502071775496006,-0.6540113091468811,1.426282525062561,-32.67829895019531,0.02399485558271408,0.6878419518470764,-1.3879773616790771,-57.571083068847656,-0.08809669315814972,0.8790490627288818,-1.3886137008666992,-12.695432662963867
1785124128.8168514,0.037887170910835266,-0.9413631558418274,1.3364155292510986,-75.83139038085938,0.014750060625374317,-0.6515864133834839,1.4291067123413086,-33.009891510009766,0.02361447922885418,0.6873347163200378,-1.3881546258926392,-57.67320251464844,-0.09078743308782578,0.8830028176307678,-1.3869644403457642,-12.988997459411621
1785124128.8724568,0.03925235569477081,-0.9457151889801025,1.331658124923706,-75.98492431640625,0.016291743144392967,-0.6492447853088379,1.431869626045227,-33.345428466796875,0.02295306697487831,0.6877822279930115,-1.3878943920135498,-57.770477294921875,-0.0937906876206398,0.8868978023529053,-1.3846176862716675,-13.28777027130127
1785124128.9228868,0.04104718193411827,-0.9491574764251709,1.3292230367660522,-76.15026092529297,0.019220663234591484,-0.6478638052940369,1.4327701330184937,-33.66938018798828,0.02218681201338768,0.6884387135505676,-1.387747049331665,-57.87934494018555,-0.09772545844316483,0.8879129886627197,-1.3831912279129028,-13.57483959197998
1785124128.9737084,0.04276585578918457,-0.9512637853622437,1.3279966115951538,-76.30915069580078,0.022056205198168755,-0.6486625075340271,1.432905673980713,-33.95123291015625,0.022289879620075226,0.6884836554527283,-1.3877429962158203,-57.98722839355469,-0.10172291845083237,0.8864920735359192,-1.3825281858444214,-13.823384284973145
1785124129.026348,0.04419561102986336,-0.9508151412010193,1.3297866582870483,-76.53636169433594,0.026369601488113403,-0.6511536240577698,1.431360125541687,-34.262451171875,0.023127472028136253,0.6880795359611511,-1.38795006275177,-58.15330505371094,-0.1070750504732132,0.8796632289886475,-1.3838950395584106,-14.094861030578613
1785124129.0767322,0.04432753100991249,-0.9501756429672241,1.3292428255081177,-76.74309539794922,0.028794655576348305,-0.6527921557426453,1.43172287940979,-34.546043395996094,0.024748006835579872,0.6872707009315491,-1.3883435726165771,-58.303550720214844,-0.11116331815719604,0.8738267421722412,-1.3847436904907227,-14.34196662902832
1785124129.131147,0.04341113939881325,-0.9517570734024048,1.3253307342529297,-76.95037078857422,0.030421728268265724,-0.6504727602005005,1.4357765913009644,-34.877864837646484,0.025713523849844933,0.687099039554596,-1.3884856700897217,-58.4476318359375,-0.11446049064397812,0.8720117211341858,-1.384727120399475,-14.634662628173828
1785124129.1813245,0.04249720275402069,-0.9550231099128723,1.320519208908081,-77.10503387451172,0.03186909481883049,-0.6457479000091553,1.4395283460617065,-35.160011291503906,0.025306008756160736,0.6876187920570374,-1.3882960081100464,-58.549617767333984,-0.11633820086717606,0.8734346628189087,-1.3849928379058838,-14.885541915893555
1785124129.2379687,0.040896639227867126,-0.962454080581665,1.3114515542984009,-77.26185607910156,0.033658504486083984,-0.6407092213630676,1.4470654726028442,-35.50822067260742,0.023553334176540375,0.6885930895805359,-1.3879331350326538,-58.63957214355469,-0.11883454769849777,0.8754098415374756,-1.3846849203109741,-15.195388793945312
1785124129.2912593,0.040799304842948914,-0.9714873433113098,1.3006287813186646,-77.37422943115234,0.035016488283872604,-0.6307135224342346,1.4535118341445923,-35.88467788696289,0.02258007973432541,0.6896928548812866,-1.3874326944351196,-58.689388275146484,-0.12100227922201157,0.8851090669631958,-1.3796740770339966,-15.538623809814453
1785124129.3419392,0.04206768795847893,-0.9794621467590332,1.2952035665512085,-77.50690460205078,0.03939855098724365,-0.624676525592804,1.4551228284835815,-36.242008209228516,0.020722409710288048,0.6902562379837036,-1.3870912790298462,-58.75912094116211,-0.12527063488960266,0.8903454542160034,-1.3777319192886353,-15.863168716430664
1785124129.3919475,0.04382804036140442,-0.9843031764030457,1.2938777208328247,-77.6528091430664,0.04449368268251419,-0.6261599659919739,1.4552264213562012,-36.537498474121094,0.020366502925753593,0.6897516846656799,-1.387165904045105,-58.84807586669922,-0.1307072788476944,0.8888780474662781,-1.3776494264602661,-16.129186630249023
1785124129.4463015,0.04601498320698738,-0.9864922165870667,1.295328140258789,-77.86569213867188,0.05061597377061844,-0.6333749890327454,1.4514425992965698,-36.86518096923828,0.022551657631993294,0.6886604428291321,-1.3873975276947021,-58.99223709106445,-0.13806362450122833,0.8797877430915833,-1.3781415224075317,-16.42119598388672
1785124129.497283,0.04632144048810005,-0.9859306812286377,1.297728419303894,-78.08405303955078,0.05481519177556038,-0.6410235166549683,1.4475494623184204,-37.139923095703125,0.024984566494822502,0.6879836320877075,-1.3883434534072876,-59.1480598449707,-0.1397925317287445,0.8639649152755737,-1.3790414333343506,-16.664997100830078
1785124129.5515866,0.04233343526721001,-0.9905803799629211,1.297492265701294,-78.3077163696289,0.05567135661840439,-0.6474072337150574,1.4468821287155151,-37.459842681884766,0.020427996292710304,0.6882875561714172,-1.3925526142120361,-59.30201721191406,-0.11107967793941498,0.8196609616279602,-1.3751331567764282,-16.964393615722656
1785124129.601877,0.0323086716234684,-1.001590371131897,1.3032362461090088,-78.50333404541016,0.0513765774667263,-0.6601616740226746,1.4480323791503906,-37.714500427246094,0.0055666714906692505,0.6901972889900208,-1.395612120628357,-59.44169998168945,-0.06205162778496742,0.7530415058135986,-1.3820852041244507,-17.213090896606445
1785124129.65716,0.010952373966574669,-1.0126267671585083,1.318223237991333,-78.7862548828125,0.03839842975139618,-0.6852195262908936,1.4497876167297363,-37.990360260009766,-0.008124039508402348,0.6958029866218567,-1.3906714916229248,-59.65675735473633,-0.02042406052350998,0.6917393207550049,-1.4244654178619385,-17.47486686706543
1785124129.7072518,0.004358065314590931,-0.9976351857185364,1.3225703239440918,-79.02254486083984,0.03668588772416115,-0.6880657076835632,1.4595072269439697,-38.212890625,-0.02083928883075714,0.7097371220588684,-1.40440034866333,-59.83332061767578,-0.03142490237951279,0.7198012471199036,-1.4817984104156494,-17.675989151000977
1785124129.7615213,-0.002750580431893468,-0.9641128182411194,1.317171335220337,-79.23544311523438,0.03138011321425438,-0.6473739147186279,1.4710944890975952,-38.547359466552734,-0.007917460985481739,0.7071948647499084,-1.3830876350402832,-59.975189208984375,-0.03743346780538559,0.7541088461875916,-1.4647570848464966,-17.997007369995117
1785124129.8164651,-0.012055328115820885,-0.9486935138702393,1.3100684881210327,-79.30440521240234,0.020149845629930496,-0.5949010252952576,1.4774620532989502,-38.9620246887207,0.021089036017656326,0.6998757719993591,-1.3855301141738892,-59.979026794433594,-0.046867478638887405,0.7974428534507751,-1.427894115447998,-18.401161193847656
1785124129.8752503,-0.010188496671617031,-0.9408777356147766,1.3213462829589844,-79.40983581542969,0.022717079147696495,-0.5750183463096619,1.4797080755233765,-39.37502670288086,0.029758958145976067,0.6862843036651611,-1.3891866207122803,-60.02344512939453,-0.06591901183128357,0.8366913795471191,-1.419403314590454,-18.804763793945312
1785124129.9263396,0.001293601468205452,-0.9224094748497009,1.3459677696228027,-79.65284729003906,0.03632151708006859,-0.598008394241333,1.468694806098938,-39.60872268676758,0.02461930550634861,0.6771605610847473,-1.3911150693893433,-60.21492004394531,-0.08907903730869293,0.8386020660400391,-1.4326342344284058,-19.02703094482422
1785124129.9794424,0.011703158728778362,-0.8917690515518188,1.368759036064148,-79.96227264404297,0.0443153902888298,-0.6266410946846008,1.452506184577942,-39.71794128417969,0.02576935477554798,0.6774765849113464,-1.3916971683502197,-60.48883056640625,-0.10493487119674683,0.8186277151107788,-1.4366239309310913,-19.122323989868164
1785124130.0311854,0.020240457728505135,-0.8594626784324646,1.3819142580032349,-80.29422760009766,0.03977924585342407,-0.6529869437217712,1.4400255680084229,-39.90502166748047,0.03385259583592415,0.6809582710266113,-1.391993761062622,-60.77615737915039,-0.11424160748720169,0.802282989025116,-1.4309073686599731,-19.285802841186523
1785124130.0815217,0.022425776347517967,-0.8480083346366882,1.383938193321228,-80.50786590576172,0.029916441068053246,-0.6564701199531555,1.4377244710922241,-40.162315368652344,0.03757259622216225,0.6833428144454956,-1.3912992477416992,-60.94847869873047,-0.11292338371276855,0.8090927004814148,-1.4263604879379272,-19.518991470336914
1785124130.1373103,0.022847255691885948,-0.8666103482246399,1.3721849918365479,-80.57091522216797,0.017053963616490364,-0.6404314041137695,1.443142294883728,-40.5797233581543,0.034694116562604904,0.6831575036048889,-1.3902654647827148,-60.95927810668945,-0.10244457423686981,0.8425283432006836,-1.4203156232833862,-19.905248641967773
1785124130.1927335,0.026782039552927017,-0.8943724036216736,1.3585805892944336,-80.57682037353516,0.009151904843747616,-0.6224360466003418,1.446363925933838,-41.0107421875,0.02644139714539051,0.683959424495697,-1.388993501663208,-60.917789459228516,-0.08994162082672119,0.8763557076454163,-1.4101359844207764,-20.30792999267578
1785124130.2468371,0.03525485470890999,-0.9172881841659546,1.350037932395935,-80.6540298461914,0.003493647091090679,-0.622615396976471,1.4386783838272095,-41.4583740234375,0.017239300534129143,0.6862704157829285,-1.3886651992797852,-60.94035339355469,-0.07793554663658142,0.8982692360877991,-1.397634506225586,-20.718955993652344
1785124130.301221,0.045648008584976196,-0.9370675683021545,1.3434419631958008,-80.7587890625,-0.002201391151174903,-0.642302930355072,1.426434874534607,-41.886695861816406,0.013889594934880733,0.6880892515182495,-1.3882640600204468,-60.985904693603516,-0.07014287263154984,0.9067081212997437,-1.3828890323638916,-21.107046127319336
1785124130.351347,0.05591752007603645,-0.9487027525901794,1.344823956489563,-80.90751647949219,-0.008128189481794834,-0.6666070222854614,1.4085873365402222,-42.230125427246094,0.016454897820949554,0.689799964427948,-1.3873279094696045,-61.07972717285156,-0.06650228798389435,0.9036462903022766,-1.3734060525894165,-21.40860939025879
1785124130.401369,0.0656299814581871,-0.9560155272483826,1.3497143983840942,-81.0835952758789,-0.015154555439949036,-0.687113881111145,1.3935272693634033,-42.55210494995117,0.020832477137446404,0.6905530691146851,-1.387590765953064,-61.199928283691406,-0.06504742056131363,0.8980251550674438,-1.3678630590438843,-21.68406105041504
1785124130.4568346,0.07804010808467865,-0.9589770436286926,1.3540109395980835,-81.28271484375,-0.021542558446526527,-0.6972226500511169,1.3849787712097168,-42.88108444213867,0.01946081779897213,0.6837010979652405,-1.3934319019317627,-61.33953094482422,-0.062033478170633316,0.8923288583755493,-1.3654353618621826,-21.960527420043945
1785124130.5107577,0.08807387202978134,-0.9601065516471863,1.3562843799591064,-81.46266174316406,-0.027422964572906494,-0.6920600533485413,1.38596510887146,-43.236663818359375,0.01785585656762123,0.6807998418807983,-1.3927448987960815,-61.457523345947266,-0.06074926629662514,0.8944224119186401,-1.3609519004821777,-22.260391235351562
1785124130.560948,0.09414788335561752,-0.9567174911499023,1.3572947978973389,-81.64081573486328,-0.029254771769046783,-0.6840511560440063,1.388222098350525,-43.558494567871094,0.015192171558737755,0.6825406551361084,-1.3936257362365723,-61.58177947998047,-0.06277980655431747,0.900359570980072,-1.3617653846740723,-22.533447265625
1785124130.6111295,0.09693781286478043,-0.949277937412262,1.356476068496704,-81.83045959472656,-0.02829359471797943,-0.6800941228866577,1.390315055847168,-43.869224548339844,0.011466176249086857,0.6836017370223999,-1.3935686349868774,-61.71672821044922,-0.06731075048446655,0.9057233333587646,-1.3635517358779907,-22.79451560974121
1785124130.6614676,0.09674279391765594,-0.9476004242897034,1.3482815027236938,-81.95771026611328,-0.025869518518447876,-0.6806411743164062,1.3913179636001587,-44.21889114379883,0.01087998691946268,0.6838653683662415,-1.3946255445480347,-61.78529357910156,-0.07281538099050522,0.9150581955909729,-1.3573788404464722,-23.091184616088867
1785124130.7160459,0.0953252762556076,-0.9526575803756714,1.3404382467269897,-82.04820251464844,-0.02117559313774109,-0.684428870677948,1.3905340433120728,-44.67034912109375,0.012367100454866886,0.6817575693130493,-1.3961442708969116,-61.812644958496094,-0.07977210730314255,0.9333387017250061,-1.3410654067993164,-23.480066299438477
1785124130.7714865,0.09552750736474991,-0.957656979560852,1.3372865915298462,-82.14439392089844,-0.01725734956562519,-0.6897268295288086,1.38796865940094,-45.12849807739258,0.011985436081886292,0.6794535517692566,-1.3966946601867676,-61.84599304199219,-0.085518479347229,0.9530226588249207,-1.3293031454086304,-23.874048233032227
1785124130.8217363,0.0978638157248497,-0.9550352692604065,1.3392976522445679,-82.28203582763672,-0.016993263736367226,-0.6922606825828552,1.3863351345062256,-45.4927864074707,0.011001577600836754,0.6806939840316772,-1.3947967290878296,-61.92737579345703,-0.09053626656532288,0.9655939936637878,-1.3260682821273804,-24.178850173950195
1785124130.8718846,0.10088040679693222,-0.9445778131484985,1.3422765731811523,-82.46388244628906,-0.0204324871301651,-0.690617024898529,1.3863048553466797,-45.811519622802734,0.011931017972528934,0.684932291507721,-1.3911455869674683,-62.053131103515625,-0.0957486554980278,0.9743329286575317,-1.328644871711731,-24.438295364379883
1785124130.9259162,0.10303649306297302,-0.931435763835907,1.3426899909973145,-82.6667709350586,-0.024966463446617126,-0.6870065927505493,1.3875956535339355,-46.15922546386719,0.015315706841647625,0.6888625621795654,-1.3894139528274536,-62.193912506103516,-0.1014724001288414,0.9801599979400635,-1.3275986909866333,-24.71914291381836
1785124130.9761744,0.10421499609947205,-0.918617308139801,1.346488118171692,-82.87519073486328,-0.02550453692674637,-0.6860635876655579,1.3881727457046509,-46.448707580566406,0.016636759042739868,0.6892792582511902,-1.3891804218292236,-62.348289489746094,-0.10685865581035614,0.9812549352645874,-1.3291926383972168,-24.94882583618164
1785124131.0309837,0.10479987412691116,-0.9091324806213379,1.350299596786499,-83.0916519165039,-0.023334335535764694,-0.687194287776947,1.3883042335510254,-46.775672912597656,0.01650180295109749,0.686618447303772,-1.3909376859664917,-62.50505447387695,-0.11138516664505005,0.9815338850021362,-1.3287628889083862,-25.2088565826416
1785124131.0836985,0.10379721224308014,-0.9099732637405396,1.348785161972046,-83.22222900390625,-0.02085151895880699,-0.688590407371521,1.3885084390640259,-47.10948181152344,0.016605932265520096,0.6810702681541443,-1.395505666732788,-62.582313537597656,-0.1128593385219574,0.9841155409812927,-1.323028326034546,-25.479938507080078
1785124131.1373286,0.10270053893327713,-0.9140910506248474,1.3450770378112793,-83.33438873291016,-0.01792738027870655,-0.6897372603416443,1.3881582021713257,-47.5443115234375,0.015241370536386967,0.6725945472717285,-1.4024330377578735,-62.63981628417969,-0.11180630326271057,0.9936211109161377,-1.3108179569244385,-25.8431453704834
1785124131.1913853,0.10561279952526093,-0.919581949710846,1.345393419265747,-83.45711517333984,-0.01604102924466133,-0.6909247636795044,1.387193202972412,-47.97233581542969,0.010170220397412777,0.6645358800888062,-1.4080090522766113,-62.70725631713867,-0.10908368229866028,1.0037091970443726,-1.3051706552505493,-26.199687957763672
1785124131.2421434,0.11287803202867508,-0.924889087677002,1.3468399047851562,-83.58946990966797,-0.017878200858831406,-0.6902642846107483,1.3867425918579102,-48.340728759765625,0.004997808951884508,0.6610416769981384,-1.4105242490768433,-62.7901496887207,-0.10668693482875824,1.009277105331421,-1.3023422956466675,-26.503080368041992
1785124131.2965117,0.1216207891702652,-0.9260582327842712,1.3487948179244995,-83.74818420410156,-0.021676423028111458,-0.6887379288673401,1.3863372802734375,-48.68138122558594,0.0010213032364845276,0.660551905632019,-1.4121763706207275,-62.90129852294922,-0.10466493666172028,1.0094598531723022,-1.3014037609100342,-26.779483795166016
1785124131.3509307,0.13036780059337616,-0.9178510308265686,1.3512020111083984,-83.97480010986328,-0.025208940729498863,-0.6876596808433533,1.3867186307907104,-49.00265884399414,-0.004522401839494705,0.6642492413520813,-1.4110623598098755,-63.075313568115234,-0.10371367633342743,1.0020654201507568,-1.3056718111038208,-27.031938552856445
1785124131.4033787,0.13639408349990845,-0.9067031145095825,1.3526339530944824,-84.20339965820312,-0.026365801692008972,-0.6871023774147034,1.3877863883972168,-49.2719841003418,-0.009732703678309917,0.6697746515274048,-1.4109302759170532,-63.25564193725586,-0.10307767987251282,0.9912495017051697,-1.3098580837249756,-27.23944854736328
1785124131.4561956,0.14029110968112946,-0.9009473323822021,1.3523483276367188,-84.42266845703125,-0.02532133273780346,-0.6871020197868347,1.3887877464294434,-49.57756805419922,-0.014242897741496563,0.6690183281898499,-1.4154863357543945,-63.42277908325195,-0.10117791593074799,0.9798694849014282,-1.3114184141159058,-27.47792625427246
1785124131.5064938,0.14268089830875397,-0.904268205165863,1.3527207374572754,-84.5833969116211,-0.022818036377429962,-0.6870536208152771,1.3896082639694214,-49.876041412353516,-0.0176897831261158,0.6601371169090271,-1.4228394031524658,-63.537532806396484,-0.09773129224777222,0.9726677536964417,-1.3089970350265503,-27.715072631835938
1785124131.5609248,0.14566047489643097,-0.9154672622680664,1.3549617528915405,-84.72766876220703,-0.021236497908830643,-0.6868770122528076,1.3894599676132202,-50.266231536865234,-0.020129235461354256,0.6464061737060547,-1.4334162473678589,-63.63323974609375,-0.0886140689253807,0.9676790833473206,-1.303746223449707,-28.03939437866211
1785124131.61567,0.14701345562934875,-0.9288955926895142,1.360492467880249,-84.86445617675781,-0.023346012458205223,-0.687960147857666,1.3885786533355713,-50.681556701660156,-0.02765887789428234,0.6341643929481506,-1.443961262702942,-63.723846435546875,-0.06591298431158066,0.9369386434555054,-1.3124077320098877,-28.398134231567383
1785124131.6658516,0.14775829017162323,-0.9330776333808899,1.3729051351547241,-85.02946472167969,-0.025114022195339203,-0.686657190322876,1.388891577720642,-51.01667404174805,-0.03854013979434967,0.6329106092453003,-1.4466290473937988,-63.848304748535156,-0.04243628308176994,0.8918909430503845,-1.332207441329956,-28.688289642333984
1785124131.7158992,0.1460075080394745,-0.9291101098060608,1.3837060928344727,-85.20465850830078,-0.028392214328050613,-0.6812788844108582,1.3910822868347168,-51.34189224243164,-0.045926231890916824,0.6369614005088806,-1.44503653049469,-63.98307418823242,-0.02642189897596836,0.8596522808074951,-1.3506628274917603,-28.96695899963379
1785124131.765972,0.14014782011508942,-0.9187003970146179,1.38669753074646,-85.36402893066406,-0.0319531075656414,-0.6759645342826843,1.3925914764404297,-51.681602478027344,-0.04436254873871803,0.6438252925872803,-1.4393757581710815,-64.10108947753906,-0.02235487289726734,0.8656882047653198,-1.3530024290084839,-29.256418228149414
1785124131.8160312,0.12945327162742615,-0.9090151190757751,1.3806943893432617,-85.48049926757812,-0.03301837667822838,-0.6776044368743896,1.3916486501693726,-52.06411361694336,-0.03742147982120514,0.6492924690246582,-1.4354231357574463,-64.17571258544922,-0.026588227599859238,0.9004634022712708,-1.3433030843734741,-29.586206436157227
1785124131.8664618,0.115287184715271,-0.9018679261207581,1.3744971752166748,-85.57223510742188,-0.02901068702340126,-0.684715986251831,1.389015793800354,-52.46965789794922,-0.03252715617418289,0.6522718071937561,-1.4312434196472168,-64.22599029541016,-0.03339723125100136,0.9388341307640076,-1.3296585083007812,-29.936038970947266
1785124131.9220822,0.09992476552724838,-0.8903449177742004,1.373012900352478,-85.70196533203125,-0.02070789597928524,-0.6926674246788025,1.3861533403396606,-52.88276672363281,-0.03017193265259266,0.6586745977401733,-1.4249980449676514,-64.31085205078125,-0.04192015901207924,0.9747270941734314,-1.3162497282028198,-30.283437728881836
1785124131.972388,0.0881228893995285,-0.877728283405304,1.3714501857757568,-85.83615112304688,-0.015669245272874832,-0.6959673762321472,1.3852252960205078,-53.24048614501953,-0.027816183865070343,0.6655935645103455,-1.4202635288238525,-64.40409088134766,-0.048328276723623276,1.002336025238037,-1.3059017658233643,-30.57677459716797
1785124132.026721,0.07867174595594406,-0.8676766157150269,1.3683618307113647,-85.97111511230469,-0.014798874966800213,-0.6954514384269714,1.3855689764022827,-53.607704162597656,-0.024594426155090332,0.6690105199813843,-1.4178344011306763,-64.49440002441406,-0.05331075191497803,1.0263563394546509,-1.2988051176071167,-30.87095069885254
1785124132.0809197,0.07475338131189346,-0.8650134205818176,1.3660763502120972,-86.0824203491211,-0.015443525277078152,-0.6934599280357361,1.3856618404388428,-54.033172607421875,-0.021160176023840904,0.6674137711524963,-1.4172706604003906,-64.56178283691406,-0.05616389587521553,1.0493335723876953,-1.2849587202072144,-31.2183895111084
1785124132.1309636,0.07644915580749512,-0.8572115898132324,1.3701733350753784,-86.24462127685547,-0.016031187027692795,-0.6935842633247375,1.3848737478256226,-54.357261657714844,-0.025539113208651543,0.6686890721321106,-1.4152945280075073,-64.68582916259766,-0.0580378919839859,1.0622105598449707,-1.2869051694869995,-31.474580764770508
1785124132.1810737,0.08046922832727432,-0.8463677763938904,1.3746917247772217,-86.43873596191406,-0.018659090623259544,-0.6929253935813904,1.3847516775131226,-54.64826965332031,-0.0283567626029253,0.6731349229812622,-1.4129623174667358,-64.84187316894531,-0.05874033272266388,1.0651564598083496,-1.289711594581604,-31.698524475097656
1785124132.2363408,0.08591416478157043,-0.8360090851783752,1.3776689767837524,-86.66600799560547,-0.02176809124648571,-0.6924603581428528,1.384937047958374,-54.952301025390625,-0.03087681159377098,0.6765719652175903,-1.4131531715393066,-65.02890014648438,-0.05815877020359039,1.0584716796875,-1.291321873664856,-31.92945098876953
1785124132.2910252,0.09148244559764862,-0.8281910419464111,1.3809089660644531,-86.8963623046875,-0.02237965539097786,-0.6927276253700256,1.3855195045471191,-55.20377731323242,-0.035127438604831696,0.6780574321746826,-1.4154895544052124,-65.22358703613281,-0.05579708516597748,1.0448212623596191,-1.2957241535186768,-32.115623474121094
1785124132.3415086,0.09747612476348877,-0.8289904594421387,1.3834619522094727,-87.13101959228516,-0.021643422544002533,-0.6926946640014648,1.3861857652664185,-55.4890022277832,-0.03688233345746994,0.674294114112854,-1.4257563352584839,-65.41963195800781,-0.05080553889274597,1.024661898612976,-1.297186255455017,-32.329593658447266
1785124132.3933208,0.10307779163122177,-0.8396273255348206,1.385459065437317,-87.3124008178711,-0.02073834463953972,-0.6922188997268677,1.38722825050354,-55.765045166015625,-0.037037577480077744,0.6625317931175232,-1.4377453327178955,-65.5669937133789,-0.045018382370471954,1.0038251876831055,-1.2952499389648438,-32.540340423583984
1785124132.445847,0.1111668273806572,-0.8552051186561584,1.3873474597930908,-87.50342559814453,-0.01954265870153904,-0.6917876601219177,1.3872292041778564,-56.110443115234375,-0.03819618746638298,0.6465455889701843,-1.4516311883926392,-65.72198486328125,-0.038692131638526917,0.9844460487365723,-1.2928351163864136,-32.81478500366211
1785124132.496968,0.11811001598834991,-0.8631193041801453,1.3898903131484985,-87.66181182861328,-0.019583024084568024,-0.6912908554077148,1.3873165845870972,-56.34292221069336,-0.04135238006711006,0.6377697587013245,-1.458390712738037,-65.8550796508789,-0.03556977957487106,0.9703827500343323,-1.2977237701416016,-32.998573303222656
1785124132.5510385,0.1284087747335434,-0.8623974919319153,1.3954894542694092,-87.95650482177734,-0.02237456664443016,-0.6883025169372559,1.3887038230895996,-56.63502883911133,-0.047686200588941574,0.6339241862297058,-1.4588878154754639,-66.11339569091797,-0.03360787406563759,0.9474929571151733,-1.311959981918335,-33.22162628173828
1785124132.6023817,0.13450081646442413,-0.8600019812583923,1.3969300985336304,-88.1969223022461,-0.02654755488038063,-0.6849173903465271,1.3901500701904297,-56.88497543334961,-0.05043327435851097,0.6298221349716187,-1.4562739133834839,-66.3252944946289,-0.0323820561170578,0.9327070713043213,-1.3205301761627197,-33.41615676879883
1785124132.6996255,0.13714160025119781,-0.8637333512306213,1.3970201015472412,-88.39887237548828,-0.029430728405714035,-0.6829511523246765,1.3906059265136719,-57.155723571777344,-0.05041986703872681,0.623451828956604,-1.455927848815918,-66.49869537353516,-0.03091871738433838,0.9247992038726807,-1.326595425605774,-33.633277893066406
1785124132.7513757,0.13203442096710205,-0.8792710304260254,1.3980499505996704,-88.73003387451172,-0.028437534347176552,-0.6829115748405457,1.3900952339172363,-57.75017166137695,-0.044879063963890076,0.6175733208656311,-1.455443263053894,-66.77297973632812,-0.02982194907963276,0.9260275959968567,-1.326076865196228,-34.120079040527344
1785124132.8030047,0.12686771154403687,-0.885765552520752,1.392913818359375,-88.85176849365234,-0.026455186307430267,-0.6849350929260254,1.3889966011047363,-58.07377624511719,-0.042509280145168304,0.6208770275115967,-1.4548876285552979,-66.86744689941406,-0.029864290729165077,0.9362724423408508,-1.319378137588501,-34.39263916015625
1785124132.856508,0.11943238973617554,-0.8877229690551758,1.3867108821868896,-89.01805114746094,-0.02379531040787697,-0.6883367896080017,1.3877110481262207,-58.426578521728516,-0.041879307478666306,0.6257915496826172,-1.450510859489441,-67.00111389160156,-0.03172319009900093,0.9478619694709778,-1.3190096616744995,-34.68461990356445
1785124132.9118924,0.1112692803144455,-0.8839020133018494,1.3850879669189453,-89.20625305175781,-0.022069258615374565,-0.6884941458702087,1.3882815837860107,-58.761173248291016,-0.03888561204075813,0.6325377821922302,-1.4439233541488647,-67.1537094116211,-0.03316863998770714,0.9565874934196472,-1.3167824745178223,-34.95460510253906
1785124132.9663947,0.10344723612070084,-0.8793915510177612,1.384103775024414,-89.39328002929688,-0.02153139002621174,-0.688420295715332,1.3878836631774902,-59.11603546142578,-0.033918626606464386,0.6383652091026306,-1.4397923946380615,-67.30529022216797,-0.03550327941775322,0.9681808948516846,-1.313626766204834,-35.243377685546875
1785124133.022032,0.09711287170648575,-0.8726422786712646,1.3849365711212158,-89.5938720703125,-0.02108478732407093,-0.6893846392631531,1.3873794078826904,-59.45539093017578,-0.03158058971166611,0.6426072716712952,-1.4353840351104736,-67.4699935913086,-0.03850720822811127,0.9787185192108154,-1.3147393465042114,-35.516292572021484
1785124133.073839,0.09248418360948563,-0.8647618889808655,1.386771321296692,-89.7883529663086,-0.021149633452296257,-0.6898724436759949,1.386992335319519,-59.75002670288086,-0.029301118105649948,0.6482459902763367,-1.4308627843856812,-67.63133239746094,-0.041120730340480804,0.9855746626853943,-1.3165041208267212,-35.750335693359375
1785124133.126514,0.08800197392702103,-0.8590590953826904,1.387607216835022,-89.98898315429688,-0.021926425397396088,-0.6901076436042786,1.3867835998535156,-60.05135726928711,-0.025033287703990936,0.6524527668952942,-1.42692232131958,-67.79489135742188,-0.043517109006643295,0.988249659538269,-1.3193100690841675,-35.98554611206055
1785124133.1820056,0.08426674455404282,-0.8560171127319336,1.3892526626586914,-90.18671417236328,-0.02215634472668171,-0.6899206042289734,1.3869342803955078,-60.3497314453125,-0.021171722561120987,0.6544768810272217,-1.4248501062393188,-67.95642852783203,-0.04536160081624985,0.9873641729354858,-1.3204214572906494,-36.21705627441406
1785124133.2360635,0.08225221186876297,-0.8523805141448975,1.3914326429367065,-90.40477752685547,-0.02131207287311554,-0.6902695894241333,1.3867541551589966,-60.665225982666016,-0.01978222467005253,0.6554701924324036,-1.4242069721221924,-68.13898468017578,-0.04584016278386116,0.9861277341842651,-1.3209805488586426,-36.46535873413086
1785124133.286392,0.08150932192802429,-0.8509882092475891,1.3925384283065796,-90.60488891601562,-0.020888948813080788,-0.6907677054405212,1.3867782354354858,-60.95137405395508,-0.02025562711060047,0.6530928015708923,-1.425739049911499,-68.3075942993164,-0.04508410394191742,0.9835714101791382,-1.3231465816497803,-36.691253662109375
1785124133.3365521,0.0817907303571701,-0.8517211675643921,1.3938841819763184,-90.80320739746094,-0.02079831436276436,-0.6902337670326233,1.3871049880981445,-61.23957443237305,-0.020898953080177307,0.6484571695327759,-1.4280517101287842,-68.47525024414062,-0.0431138351559639,0.979556143283844,-1.3244309425354004,-36.91975402832031
1785124133.3879404,0.08300794661045074,-0.853985071182251,1.3957432508468628,-91.00060272216797,-0.021104946732521057,-0.6891922354698181,1.387436866760254,-61.529048919677734,-0.021442491561174393,0.6435487866401672,-1.4322657585144043,-68.64321899414062,-0.04041825979948044,0.9743037819862366,-1.325068473815918,-37.15010070800781
1785124133.4410982,0.08545704185962677,-0.8570011258125305,1.3977702856063843,-91.21646881103516,-0.021660087630152702,-0.6884106397628784,1.3874931335449219,-61.83785629272461,-0.02208801917731762,0.6388950943946838,-1.4367731809616089,-68.82699584960938,-0.03725394979119301,0.9664947390556335,-1.3266732692718506,-37.39531707763672
1785124133.4914663,0.08824959397315979,-0.8594098687171936,1.3996987342834473,-91.41085815429688,-0.022310355678200722,-0.6879415512084961,1.388008952140808,-62.10258483886719,-0.023033833131194115,0.6363786458969116,-1.4384088516235352,-68.99300384521484,-0.03479641675949097,0.9569330215454102,-1.3289039134979248,-37.603057861328125
1785124133.5459623,0.09165947139263153,-0.8575271964073181,1.4021573066711426,-91.64714050292969,-0.02286718413233757,-0.687635064125061,1.3880470991134644,-62.4019889831543,-0.024755580350756645,0.6361915469169617,-1.4397867918014526,-69.19882202148438,-0.03245990723371506,0.9477819800376892,-1.331030249595642,-37.84077453613281
1785124133.6002033,0.09435401111841202,-0.85307377576828,1.4046313762664795,-91.87589263916016,-0.023448552936315536,-0.6877212524414062,1.3881421089172363,-62.659122467041016,-0.02707112580537796,0.6376786828041077,-1.4417932033538818,-69.40059661865234,-0.030835365876555443,0.9394406080245972,-1.335699439048767,-38.04413986206055
1785124133.6517339,0.09612950682640076,-0.8452105522155762,1.4082403182983398,-92.14256286621094,-0.024273941293358803,-0.6871408224105835,1.388728380203247,-62.92648696899414,-0.028765378519892693,0.6414163708686829,-1.4422565698623657,-69.63741302490234,-0.028704598546028137,0.9295769333839417,-1.3404093980789185,-38.2533073425293
1785124133.707224,0.0958733931183815,-0.8409778475761414,1.410139560699463,-92.34831237792969,-0.025308622047305107,-0.6865434646606445,1.3891639709472656,-63.157386779785156,-0.02869604341685772,0.6417845487594604,-1.4428688287734985,-69.81927490234375,-0.02722160518169403,0.9253467917442322,-1.3422795534133911,-38.436397552490234
1785124133.761023,0.0930948257446289,-0.8415476679801941,1.4111863374710083,-92.5895767211914,-0.025968138128519058,-0.6863479018211365,1.3890905380249023,-63.49863815307617,-0.026891052722930908,0.6363959312438965,-1.445104956626892,-70.03005981445312,-0.024854855611920357,0.9262649416923523,-1.3412610292434692,-38.71371841430664
1785124133.81586,0.08905114978551865,-0.8521287441253662,1.4085068702697754,-92.74364471435547,-0.02500714734196663,-0.686692476272583,1.3887393474578857,-63.88276672363281,-0.024297356605529785,0.6296514272689819,-1.4474231004714966,-70.1531982421875,-0.022898489609360695,0.9365517497062683,-1.3333135843276978,-39.035282135009766
1785124133.8666048,0.08578695356845856,-0.8623160719871521,1.4039723873138428,-92.8652572631836,-0.022860528901219368,-0.6880906820297241,1.387808084487915,-64.24981689453125,-0.02406795136630535,0.6271999478340149,-1.447768211364746,-70.24789428710938,-0.0230144914239645,0.9492026567459106,-1.3268826007843018,-39.345157623291016
1785124133.9217246,0.08357835561037064,-0.8659138083457947,1.3995825052261353,-93.02470397949219,-0.020591847598552704,-0.6895477175712585,1.3872150182724,-64.6278076171875,-0.02634129300713539,0.6308866739273071,-1.4433718919754028,-70.37671661376953,-0.02456299029290676,0.9598715305328369,-1.3243831396102905,-39.65992736816406
1785124133.9759185,0.08264326304197311,-0.8625307083129883,1.396590232849121,-93.21353149414062,-0.020062634721398354,-0.6898178458213806,1.387238621711731,-64.97586059570312,-0.029461268335580826,0.6393260955810547,-1.4360296726226807,-70.53347778320312,-0.026615997776389122,0.9660947322845459,-1.3257112503051758,-39.944190979003906
1785124134.027058,0.08236031234264374,-0.8612051606178284,1.392785668373108,-93.35482788085938,-0.020959312096238136,-0.689264178276062,1.3874753713607788,-65.27484130859375,-0.030106784775853157,0.6464220285415649,-1.4315848350524902,-70.64628601074219,-0.02814897708594799,0.971318244934082,-1.324447512626648,-40.18940734863281
1785124134.0814533,0.08234274387359619,-0.8606807589530945,1.3900142908096313,-93.53015899658203,-0.022081568837165833,-0.6891068816184998,1.3874155282974243,-65.6365966796875,-0.02879866026341915,0.6509262919425964,-1.4288676977157593,-70.7869644165039,-0.030529655516147614,0.9761824607849121,-1.3236767053604126,-40.485721588134766
1785124134.1362653,0.08286500722169876,-0.8591789603233337,1.3913302421569824,-93.72630310058594,-0.02205527573823929,-0.6894114017486572,1.3869125843048096,-65.97566986083984,-0.028329527005553246,0.651564359664917,-1.4274210929870605,-70.94831085205078,-0.03366871923208237,0.977440595626831,-1.3255858421325684,-40.760738372802734
1785124134.1908252,0.08425300568342209,-0.8494814038276672,1.396470069885254,-93.98407745361328,-0.021744893863797188,-0.6893481016159058,1.387225866317749,-66.25154113769531,-0.029297903180122375,0.6573792695999146,-1.4238725900650024,-71.17028045654297,-0.03543580695986748,0.9706122279167175,-1.3329564332962036,-40.97408676147461
1785124134.2408674,0.0842948704957962,-0.8452925086021423,1.3975439071655273,-94.19990539550781,-0.023225409910082817,-0.6888324618339539,1.3875794410705566,-66.51019287109375,-0.02703702077269554,0.658897876739502,-1.42415452003479,-71.35338592529297,-0.03507399559020996,0.9625903964042664,-1.3354289531707764,-41.17585754394531
1785124134.2912574,0.08354250341653824,-0.8504705429077148,1.3970025777816772,-94.3749008178711,-0.02400590106844902,-0.688503086566925,1.3882932662963867,-66.79434967041016,-0.02467387542128563,0.6521798372268677,-1.4275760650634766,-71.49667358398438,-0.033225707709789276,0.9561501741409302,-1.3342740535736084,-41.40208053588867
1785124134.34576,0.08373977243900299,-0.8617612719535828,1.3963701725006104,-94.54443359375,-0.02231609635055065,-0.6883707642555237,1.3878538608551025,-67.16197967529297,-0.023493221029639244,0.6433441638946533,-1.4340863227844238,-71.63175201416016,-0.03033350594341755,0.9556158781051636,-1.3292655944824219,-41.70594787597656
1785124134.3981628,0.08493123203516006,-0.8700810670852661,1.3963627815246582,-94.70623779296875,-0.020847881212830544,-0.6887895464897156,1.3875350952148438,-67.48971557617188,-0.024333534762263298,0.6373981237411499,-1.4386740922927856,-71.7628173828125,-0.028735022991895676,0.9551721811294556,-1.3278416395187378,-41.9765510559082
1785124134.4541404,0.08752424269914627,-0.8729960322380066,1.3962512016296387,-94.90440368652344,-0.020553508773446083,-0.688523530960083,1.3876640796661377,-67.83049774169922,-0.026567520573735237,0.6357073187828064,-1.438817024230957,-71.9267807006836,-0.027969159185886383,0.9527243375778198,-1.3286736011505127,-42.25518798828125
1785124134.5101647,0.09059902280569077,-0.8703368902206421,1.39564847946167,-95.1199722290039,-0.02187233790755272,-0.6877164244651794,1.3880653381347656,-68.1536636352539,-0.029358871281147003,0.639636754989624,-1.437163233757019,-72.1081771850586,-0.028020817786455154,0.9488910436630249,-1.331427812576294,-42.51694869995117
1785124134.5608509,0.09320425987243652,-0.8674865365028381,1.3943705558776855,-95.32875061035156,-0.02358063869178295,-0.6871008276939392,1.388371467590332,-68.45646667480469,-0.0308992899954319,0.6447994709014893,-1.4336767196655273,-72.28085327148438,-0.0283445306122303,0.943915069103241,-1.3359947204589844,-42.759883880615234
1785124134.6132607,0.09436669945716858,-0.8673279881477356,1.3939718008041382,-95.50519561767578,-0.024527033790946007,-0.686547577381134,1.3887338638305664,-68.72969055175781,-0.03131524473428726,0.6480783224105835,-1.4315310716629028,-72.42427062988281,-0.028597692027688026,0.939819872379303,-1.338531494140625,-42.97878646850586
1785124134.6659086,0.09453839063644409,-0.8645502924919128,1.396470069885254,-95.72442626953125,-0.024407723918557167,-0.6865041255950928,1.3886544704437256,-69.0344009399414,-0.031604133546352386,0.6494184136390686,-1.4297341108322144,-72.60881042480469,-0.02834448590874672,0.9372842907905579,-1.3402676582336426,-43.224246978759766
1785124134.717576,0.09331347048282623,-0.8628882765769958,1.3977898359298706,-95.9223861694336,-0.02434094063937664,-0.6870635747909546,1.3883973360061646,-69.32564544677734,-0.03147357329726219,0.6482393741607666,-1.4311199188232422,-72.77416229248047,-0.02713163197040558,0.9376575946807861,-1.3403240442276,-43.461063385009766
1785124134.771898,0.09096496552228928,-0.860651433467865,1.3997528553009033,-96.1468505859375,-0.023936301469802856,-0.6876032948493958,1.3881728649139404,-69.6377944946289,-0.031186344102025032,0.6457106471061707,-1.4335368871688843,-72.96456909179688,-0.025089235976338387,0.9382582306861877,-1.3403286933898926,-43.7142219543457
1785124134.8270206,0.08766430616378784,-0.8598122000694275,1.4011520147323608,-96.36197662353516,-0.02363382652401924,-0.6876608729362488,1.3881852626800537,-69.960205078125,-0.029866738244891167,0.6429999470710754,-1.4365344047546387,-73.14586639404297,-0.022738326340913773,0.940200686454773,-1.3378616571426392,-43.97598648071289
1785124134.8809435,0.08434142172336578,-0.8638732433319092,1.398913860321045,-96.53673553466797,-0.023004893213510513,-0.6877492666244507,1.3880654573440552,-70.3200454711914,-0.02747380919754505,0.6393816471099854,-1.438728928565979,-73.2857894897461,-0.021535661071538925,0.9478206634521484,-1.3315107822418213,-44.27294921875
1785124134.9318173,0.0818842351436615,-0.8684859871864319,1.3965545892715454,-96.68133544921875,-0.02203020639717579,-0.6885536313056946,1.3878589868545532,-70.63079833984375,-0.026725921779870987,0.6381105780601501,-1.4387348890304565,-73.39905548095703,-0.021385449916124344,0.9527704119682312,-1.3290581703186035,-44.526885986328125
1785124134.9875822,0.08080168068408966,-0.8703810572624207,1.3948777914047241,-96.849365234375,-0.02066001296043396,-0.6891670227050781,1.387324333190918,-71.00025939941406,-0.027900462970137596,0.6408364772796631,-1.4369295835494995,-73.53270721435547,-0.021955139935016632,0.9599295854568481,-1.3248926401138306,-44.83174514770508
1785124135.0410302,0.08123576641082764,-0.8665565252304077,1.393992304801941,-97.04544830322266,-0.0204569511115551,-0.69000643491745,1.3870019912719727,-71.34149169921875,-0.031009085476398468,0.645166277885437,-1.4329034090042114,-73.6944351196289,-0.023724466562271118,0.964555561542511,-1.3271085023880005,-45.10945510864258
1785124135.0917845,0.08224250376224518,-0.8605865836143494,1.3937811851501465,-97.23738098144531,-0.021320078521966934,-0.6894813776016235,1.387351632118225,-71.63760375976562,-0.032866980880498886,0.6494178175926208,-1.4283291101455688,-73.85400390625,-0.025127073749899864,0.9663788676261902,-1.3297377824783325,-45.34782409667969
1785124135.1478987,0.08295805752277374,-0.8569720983505249,1.3935050964355469,-97.42095947265625,-0.022643016651272774,-0.6885572671890259,1.3875938653945923,-71.92660522460938,-0.03251957520842552,0.6523771286010742,-1.4272173643112183,-74.00479125976562,-0.026154860854148865,0.9661970138549805,-1.3315397500991821,-45.57957077026367
1785124135.2017686,0.0833745226264,-0.8581669330596924,1.39369535446167,-97.60244750976562,-0.023246385157108307,-0.6880138516426086,1.3879135847091675,-72.2377700805664,-0.03141309320926666,0.6520000696182251,-1.427343487739563,-74.15032958984375,-0.02686350792646408,0.9636307954788208,-1.3321735858917236,-45.827693939208984
1785124135.2566264,0.0841350257396698,-0.8602737784385681,1.3948665857315063,-97.78885650634766,-0.022528480738401413,-0.688155472278595,1.3878769874572754,-72.5670394897461,-0.031099990010261536,0.6502605080604553,-1.4280369281768799,-74.30116271972656,-0.026761813089251518,0.961836576461792,-1.3302353620529175,-46.09306335449219
1785124135.3127944,0.08555474132299423,-0.8559486269950867,1.3980391025543213,-98.02470397949219,-0.02172190696001053,-0.6892300844192505,1.387242078781128,-72.86495208740234,-0.03316384553909302,0.6516945958137512,-1.4294553995132446,-74.5026626586914,-0.026111938059329987,0.957626223564148,-1.3341490030288696,-46.33021545410156
1785124135.3660798,0.08620484918355942,-0.8488216996192932,1.4008623361587524,-98.28086853027344,-0.022726919502019882,-0.6889713406562805,1.3877984285354614,-73.14348602294922,-0.03376563638448715,0.6533629894256592,-1.4308674335479736,-74.72429656982422,-0.023962466046214104,0.9499958157539368,-1.3371555805206299,-46.5477409362793
1785124135.4216409,0.08585753291845322,-0.8468725085258484,1.4024416208267212,-98.51526641845703,-0.023948607966303825,-0.6881392598152161,1.388228416442871,-73.44391632080078,-0.03256884217262268,0.6505129933357239,-1.4345391988754272,-74.92520904541016,-0.020698612555861473,0.9443596601486206,-1.3363474607467651,-46.78684997558594
1785124135.4723687,0.08475559949874878,-0.8510046005249023,1.4032580852508545,-98.69844818115234,-0.024255409836769104,-0.6878644824028015,1.38832688331604,-73.7125244140625,-0.03105293959379196,0.6429055333137512,-1.438795566558838,-75.07925415039062,-0.018742237240076065,0.9412953853607178,-1.337130069732666,-47.00078201293945
1785124135.526013,0.08316737413406372,-0.8563967347145081,1.405168056488037,-98.8920669555664,-0.023528359830379486,-0.6872793436050415,1.3884220123291016,-74.01077270507812,-0.029508071020245552,0.6358736157417297,-1.4407809972763062,-75.24116516113281,-0.017401371151208878,0.9394015669822693,-1.3373932838439941,-47.238929748535156
1785124135.5808053,0.08146563172340393,-0.8587908744812012,1.406050205230713,-99.08899688720703,-0.022954631596803665,-0.686998724937439,1.3885297775268555,-74.31044006347656,-0.027993179857730865,0.6358642578125,-1.4404709339141846,-75.40623474121094,-0.01705644652247429,0.938764214515686,-1.3376359939575195,-47.47817611694336
1785124135.6318455,0.07979142665863037,-0.8592113256454468,1.4037806987762451,-99.26285552978516,-0.023027632385492325,-0.6873483657836914,1.3882036209106445,-74.62328338623047,-0.026752611622214317,0.6396675705909729,-1.4392683506011963,-75.55094146728516,-0.017517825588583946,0.9431965947151184,-1.3344491720199585,-47.73451232910156
1785124135.6864383,0.07804669439792633,-0.857310950756073,1.4009137153625488,-99.46174621582031,-0.02285468578338623,-0.6888065338134766,1.3877671957015991,-74.9603271484375,-0.026960965245962143,0.6436765193939209,-1.435996174812317,-75.71749114990234,-0.019236911088228226,0.9486982226371765,-1.334796667098999,-48.0099983215332
1785124135.7379282,0.07671687752008438,-0.8548250198364258,1.4002476930618286,-99.63138580322266,-0.022295093163847923,-0.6893423199653625,1.3875449895858765,-75.22872161865234,-0.027718452736735344,0.6467525362968445,-1.4324060678482056,-75.86011505126953,-0.020511258393526077,0.9517121911048889,-1.3361670970916748,-48.22829055786133
1785124135.7910914,0.07522554695606232,-0.8528314828872681,1.400478720664978,-99.83802795410156,-0.021826982498168945,-0.6892074942588806,1.38737154006958,-75.54576873779297,-0.028002222999930382,0.6504669785499573,-1.4290646314620972,-76.03253936767578,-0.021571457386016846,0.953214168548584,-1.3387013673782349,-48.48429489135742
1785124135.8432238,0.07389698922634125,-0.8541215658187866,1.4000422954559326,-99.99282836914062,-0.02210971713066101,-0.6887025833129883,1.3876760005950928,-75.7931900024414,-0.026915984228253365,0.6522523760795593,-1.4273587465286255,-76.15869140625,-0.022007329389452934,0.9521080851554871,-1.3406366109848022,-48.68182373046875
1785124135.8959532,0.07244345545768738,-0.8576891422271729,1.3990031480789185,-100.17347717285156,-0.022476626560091972,-0.6879530549049377,1.3881397247314453,-76.1163101196289,-0.024378355592489243,0.6535108685493469,-1.4258365631103516,-76.30296325683594,-0.021817132830619812,0.9513660669326782,-1.3391369581222534,-48.94232940673828
1785124135.9511597,0.07179528474807739,-0.8619201183319092,1.397078514099121,-100.3546142578125,-0.022115789353847504,-0.6886303424835205,1.3873616456985474,-76.4707260131836,-0.023233825340867043,0.6533339619636536,-1.4264129400253296,-76.44866943359375,-0.02181636542081833,0.9537284970283508,-1.3367167711257935,-49.234649658203125
1785124136.00626,0.07193810492753983,-0.8629354238510132,1.396994948387146,-100.55878448486328,-0.021508274599909782,-0.6897185444831848,1.3870911598205566,-76.77983093261719,-0.02397312968969345,0.6522802114486694,-1.425580382347107,-76.61593627929688,-0.022387629374861717,0.9513050317764282,-1.3410753011703491,-49.48352813720703
1785124136.0564504,0.07215474545955658,-0.86405348777771,1.3972854614257812,-100.74134063720703,-0.02162974886596203,-0.6887503862380981,1.3877047300338745,-77.04527282714844,-0.023383693769574165,0.6532477140426636,-1.424161434173584,-76.76433563232422,-0.022748345509171486,0.946034848690033,-1.3437191247940063,-49.69438934326172
1785124136.1108453,0.07244595885276794,-0.8655049800872803,1.397068977355957,-100.94061279296875,-0.022316157817840576,-0.6874257326126099,1.3881839513778687,-77.33894348144531,-0.02178451418876648,0.6558884978294373,-1.423596739768982,-76.92566680908203,-0.022797755897045135,0.9399135708808899,-1.3455471992492676,-49.92847442626953
1785124136.1611774,0.0726589635014534,-0.8683833479881287,1.3956806659698486,-101.11189270019531,-0.022874372079968452,-0.6870485544204712,1.3885128498077393,-77.64446258544922,-0.020148873329162598,0.6570390462875366,-1.4237648248672485,-77.06143951416016,-0.02263784222304821,0.9384281039237976,-1.3437225818634033,-50.178104400634766
1785124136.2118556,0.0731603279709816,-0.8717567920684814,1.3940168619155884,-101.2813720703125,-0.02261940948665142,-0.687984049320221,1.3879629373550415,-77.96452331542969,-0.019882678985595703,0.6560820937156677,-1.4241033792495728,-77.19544982910156,-0.0230395644903183,0.9396371841430664,-1.343086838722229,-50.44347381591797
1785124136.2663121,0.07387199252843857,-0.8739020228385925,1.3934422731399536,-101.45740509033203,-0.022006820887327194,-0.6886833310127258,1.3877085447311401,-78.2783432006836,-0.0208234041929245,0.6548465490341187,-1.423865795135498,-77.33575439453125,-0.024051321670413017,0.9406170845031738,-1.3438410758972168,-50.70293426513672
1785124136.316666,0.07471127063035965,-0.8745377063751221,1.3931317329406738,-101.63880920410156,-0.021784599870443344,-0.6883358955383301,1.3878107070922852,-78.58695983886719,-0.02125466801226139,0.6556019186973572,-1.42264723777771,-77.48069763183594,-0.025160618126392365,0.940947413444519,-1.3444256782531738,-50.95722961425781
1785124136.3696861,0.0754425898194313,-0.8735910058021545,1.3930431604385376,-101.81001281738281,-0.022091077640652657,-0.6879125237464905,1.3878127336502075,-78.83260345458984,-0.021196013316512108,0.6574910879135132,-1.4206891059875488,-77.61903381347656,-0.02619093842804432,0.9380870461463928,-1.3480743169784546,-51.156063079833984
1785124136.4229763,0.07544760406017303,-0.8754136562347412,1.3914711475372314,-101.99661254882812,-0.023147426545619965,-0.6868056058883667,1.3886008262634277,-79.14216613769531,-0.01877656951546669,0.6603441834449768,-1.4189709424972534,-77.76293182373047,-0.026956843212246895,0.9345622062683105,-1.3486255407333374,-51.40620040893555
1785124136.475815,0.07496707141399384,-0.8804383277893066,1.3890492916107178,-102.16388702392578,-0.0233466699719429,-0.6867696046829224,1.3883945941925049,-79.46930694580078,-0.01626923494040966,0.6616862416267395,-1.4184750318527222,-77.88763427734375,-0.027996044605970383,0.9335487484931946,-1.3476635217666626,-51.674476623535156
1785124136.5260034,0.07438559085130692,-0.8834821581840515,1.389018177986145,-102.32861328125,-0.022761458531022072,-0.687695324420929,1.3881019353866577,-79.71721649169922,-0.015493214130401611,0.662031888961792,-1.4173309803009033,-78.01349639892578,-0.029527714475989342,0.9284718632698059,-1.3529211282730103,-51.87154769897461
1785124136.577215,0.07336518168449402,-0.8859213590621948,1.389190912246704,-102.49272155761719,-0.022530190646648407,-0.6872326135635376,1.3883827924728394,-79.96427154541016,-0.01283490564674139,0.6637803912162781,-1.4142285585403442,-78.13668823242188,-0.030564704909920692,0.9232624173164368,-1.35575270652771,-52.06712341308594
1785124136.6282568,0.07160062342882156,-0.889017641544342,1.3878283500671387,-102.6479263305664,-0.02304074726998806,-0.6865706443786621,1.3885523080825806,-80.21923828125,-0.0093031981959939,0.6666226387023926,-1.4127098321914673,-78.25017547607422,-0.03141948953270912,0.9197234511375427,-1.3573840856552124,-52.27077865600586
1785124136.6826563,0.06923144310712814,-0.894830048084259,1.384749412536621,-102.77985382080078,-0.023384036496281624,-0.6864664554595947,1.3886915445327759,-80.46231079101562,-0.005202233325690031,0.6684995293617249,-1.410232424736023,-78.33843994140625,-0.03255035728216171,0.9158984422683716,-1.3602001667022705,-52.463687896728516
1785124136.7394433,0.06627959758043289,-0.9009337425231934,1.3827266693115234,-102.92240142822266,-0.022843774408102036,-0.6863306760787964,1.3887499570846558,-80.72976684570312,-0.0016096343751996756,0.6710444092750549,-1.406924843788147,-78.43233489990234,-0.03445541858673096,0.9129036664962769,-1.3628545999526978,-52.67597198486328
1785124136.7914538,0.06326641142368317,-0.9052468538284302,1.3812212944030762,-103.06849670410156,-0.022162150591611862,-0.6865497827529907,1.3900057077407837,-80.993408203125,0.0022001161705702543,0.6750842928886414,-1.4021005630493164,-78.52793884277344,-0.03705005720257759,0.9109535217285156,-1.3663541078567505,-52.885353088378906
1785124136.8437772,0.05954861640930176,-0.9072015881538391,1.3766934871673584,-103.2005844116211,-0.022288648411631584,-0.6845632195472717,1.395539402961731,-81.2220687866211,0.0051263850182294846,0.6791101098060608,-1.3988174200057983,-78.612548828125,-0.041059453040361404,0.9078323245048523,-1.3710979223251343,-53.0662841796875
1785124136.8965359,0.05598306655883789,-0.9086176156997681,1.3706763982772827,-103.33909606933594,-0.021436937153339386,-0.6845431923866272,1.397883653640747,-81.450439453125,0.009216944687068462,0.6826170682907104,-1.3944780826568604,-78.69746398925781,-0.046212270855903625,0.9003718495368958,-1.376926302909851,-53.24259567260742
1785124136.9508913,0.053092893213033676,-0.9088723659515381,1.3692681789398193,-103.488525390625,-0.01969439908862114,-0.6856951713562012,1.4001206159591675,-81.66747283935547,0.014214822091162205,0.6862235069274902,-1.3917299509048462,-78.79287719726562,-0.0518389493227005,0.8911290764808655,-1.3814486265182495,-53.408729553222656
1785124137.0010383,0.05088410526514053,-0.9085927605628967,1.3698363304138184,-103.6302261352539,-0.01770385168492794,-0.686996579170227,1.4013506174087524,-81.85892486572266,0.018790900707244873,0.6877403259277344,-1.390204668045044,-78.88521575927734,-0.0569256953895092,0.8823133111000061,-1.3856571912765503,-53.554832458496094
1785124137.0563302,0.048706378787755966,-0.9095858931541443,1.3693784475326538,-103.77452087402344,-0.01540942583233118,-0.6892244219779968,1.402229905128479,-82.05937194824219,0.02269475907087326,0.6875397562980652,-1.3893946409225464,-78.97404479980469,-0.061771370470523834,0.872312605381012,-1.3910653591156006,-53.7062873840332
1785124137.1116495,0.04686592519283295,-0.9122524261474609,1.3680479526519775,-103.90064239501953,-0.013061128556728363,-0.6903300285339355,1.4047030210494995,-82.25711822509766,0.02510876953601837,0.6875185966491699,-1.3882249593734741,-79.04434204101562,-0.06497254967689514,0.8634098768234253,-1.3945735692977905,-53.85620880126953
1785124137.1660254,0.04529477283358574,-0.9153727293014526,1.3657207489013672,-104.01524353027344,-0.010717221535742283,-0.6873329877853394,1.407906413078308,-82.46589660644531,0.025829382240772247,0.6886010766029358,-1.3877826929092407,-79.10262298583984,-0.06649509072303772,0.858305037021637,-1.3964616060256958,-54.01863479614258
1785124137.2163148,0.044227149337530136,-0.9240078926086426,1.3582510948181152,-104.06208801269531,-0.008365606889128685,-0.6740486025810242,1.4126791954040527,-82.71057891845703,0.02487889677286148,0.6890935897827148,-1.3877687454223633,-79.09452819824219,-0.06631385535001755,0.8638189435005188,-1.3941963911056519,-54.22380828857422
1785124137.2719548,0.044187188148498535,-0.9375388026237488,1.3498724699020386,-104.08086395263672,-0.004054440185427666,-0.659683346748352,1.4178532361984253,-82.97637939453125,0.02148500271141529,0.6891944408416748,-1.387442946434021,-79.05240631103516,-0.06699337065219879,0.8713757991790771,-1.3937842845916748,-54.4487190246582
1785124137.326032,0.04467856138944626,-0.9482322335243225,1.3453885316848755,-104.11669921875,0.001326823839917779,-0.6521522998809814,1.4218568801879883,-83.21405029296875,0.019126959145069122,0.6893250942230225,-1.3871949911117554,-79.02732849121094,-0.06996414065361023,0.8737401962280273,-1.3938747644424438,-54.64748764038086
1785124137.3810112,0.045159365981817245,-0.9538958072662354,1.3422660827636719,-104.17646026611328,0.006444744300097227,-0.6519043445587158,1.4230613708496094,-83.4276123046875,0.019753113389015198,0.6889086365699768,-1.3873441219329834,-79.02566528320312,-0.07503057271242142,0.8702099919319153,-1.3931500911712646,-54.82311248779297
1785124137.4311652,0.045012883841991425,-0.9553931951522827,1.3395943641662598,-104.24568939208984,0.010210908018052578,-0.6547479033470154,1.4242451190948486,-83.6070327758789,0.02182777225971222,0.6884173154830933,-1.387691617012024,-79.03868103027344,-0.08082409203052521,0.8641213178634644,-1.3922864198684692,-54.96873092651367
1785124137.4857633,0.0441480427980423,-0.9552454948425293,1.3359264135360718,-104.32401275634766,0.014129587449133396,-0.6550590395927429,1.4270856380462646,-83.80200958251953,0.0239112488925457,0.6882297396659851,-1.3878839015960693,-79.05459594726562,-0.08725294470787048,0.8587579727172852,-1.3921395540237427,-55.127586364746094
1785124137.5378635,0.04287334904074669,-0.9546929597854614,1.332626223564148,-104.39393615722656,0.017999317497015,-0.6537937521934509,1.4310106039047241,-83.97388458251953,0.024124374613165855,0.6884591579437256,-1.3878493309020996,-79.06776428222656,-0.09313203394412994,0.8553876280784607,-1.3941534757614136,-55.26665115356445
1785124137.5911736,0.040867581963539124,-0.9524772763252258,1.3290642499923706,-104.4760513305664,0.02169952541589737,-0.6592078804969788,1.4367315769195557,-84.12451171875,0.02381826378405094,0.6889530420303345,-1.3876545429229736,-79.08723449707031,-0.09938489645719528,0.8469115495681763,-1.3981894254684448,-55.380897521972656
1785124137.6461036,0.038381218910217285,-0.9497985243797302,1.3244327306747437,-104.54877471923828,0.02456221915781498,-0.6603935360908508,1.4428324699401855,-84.28414916992188,0.024461911991238594,0.6899263858795166,-1.3876597881317139,-79.09671020507812,-0.10428237169981003,0.8408893346786499,-1.3990126848220825,-55.50463104248047
1785124137.6965337,0.036221686750650406,-0.9482446312904358,1.3205457925796509,-104.6048812866211,0.027177339419722557,-0.6577965617179871,1.448014736175537,-84.43907928466797,0.024520257487893105,0.6905257701873779,-1.3876653909683228,-79.09504699707031,-0.10782691836357117,0.8387840390205383,-1.399418592453003,-55.627681732177734
1785124137.74664,0.0344885028898716,-0.9477950930595398,1.3183125257492065,-104.65652465820312,0.030225815251469612,-0.6531259417533875,1.4521373510360718,-84.5974349975586,0.023998776450753212,0.6905505061149597,-1.3876880407333374,-79.0888442993164,-0.11078580468893051,0.8389471173286438,-1.400617003440857,-55.75522994995117
1785124137.7971666,0.03325469046831131,-0.9468507766723633,1.31916081905365,-104.72309112548828,0.0337790884077549,-0.6552740931510925,1.453381896018982,-84.71158599853516,0.023164810612797737,0.6898651719093323,-1.387882947921753,-79.09902954101562,-0.11368214339017868,0.8330087661743164,-1.4048810005187988,-55.83900833129883
1785124137.8512604,0.032007310539484024,-0.941667377948761,1.324098825454712,-104.83113861083984,0.03675774112343788,-0.6765785813331604,1.4505150318145752,-84.70832824707031,0.023936646059155464,0.689470648765564,-1.3881505727767944,-79.15210723876953,-0.11564722657203674,0.8077720403671265,-1.4122676849365234,-55.80523681640625
1785124137.903298,0.03046674095094204,-0.9319380521774292,1.3329870700836182,-104.98672485351562,0.036890532821416855,-0.7076963186264038,1.444400668144226,-84.61427307128906,0.02740555815398693,0.690859854221344,-1.3882604837417603,-79.2548828125,-0.11368618905544281,0.7695658802986145,-1.4180147647857666,-55.68125534057617
1785124137.9565573,0.02528402954339981,-0.9148995876312256,1.3445366621017456,-105.1954345703125,0.031270891427993774,-0.7375799417495728,1.4375790357589722,-84.4771499633789,0.030380476266145706,0.6936480402946472,-1.3881900310516357,-79.40812683105469,-0.10281309485435486,0.7315931916236877,-1.4255412817001343,-55.513221740722656
1785124138.0067775,0.01707438752055168,-0.895108163356781,1.3552964925765991,-105.39765930175781,0.02145964466035366,-0.7573487758636475,1.4346466064453125,-84.3423843383789,0.029629502445459366,0.6961480975151062,-1.387551188468933,-79.56278991699219,-0.08639794588088989,0.7079850435256958,-1.4346606731414795,-55.352142333984375
1785124138.0568838,0.0064435359090566635,-0.873761773109436,1.3658125400543213,-105.57989501953125,0.009149880148470402,-0.7632900476455688,1.4341710805892944,-84.22611236572266,0.027053887024521828,0.6980357766151428,-1.3866400718688965,-79.69904327392578,-0.06608647853136063,0.701600968837738,-1.447404146194458,-55.20976638793945
1785124138.1089149,-0.001811951631680131,-0.8482327461242676,1.3778802156448364,-105.71891784667969,-0.00025700536207295954,-0.7492634654045105,1.4365581274032593,-84.14627075195312,0.04116557538509369,0.729731559753418,-1.4190138578414917,-79.78227996826172,-0.04065166041254997,0.7079404592514038,-1.4437721967697144,-55.105350494384766
1785124138.1615665,-0.004643492866307497,-0.8056854605674744,1.3945902585983276,-105.87210845947266,-0.0029294807463884354,-0.7308762073516846,1.4353476762771606,-84.03874969482422,0.05456763133406639,0.7732858061790466,-1.4258060455322266,-79.88191986083984,-0.023480042815208435,0.7040136456489563,-1.4160948991775513,-54.97869110107422
1785124138.2165127,-0.003748089773580432,-0.7355338931083679,1.4092071056365967,-106.13038635253906,-0.0010824246564880013,-0.7380800843238831,1.4279584884643555,-83.8138656616211,0.05407492443919182,0.830349326133728,-1.4124126434326172,-80.08352661132812,-0.01978236995637417,0.6858481168746948,-1.4094172716140747,-54.73621368408203
1785124138.266687,-0.0034812188241630793,-0.667687177658081,1.4152758121490479,-106.41307067871094,-0.0013342051533982158,-0.7686257362365723,1.4253418445587158,-83.5483169555664,0.047045618295669556,0.8845852017402649,-1.3957339525222778,-80.32567596435547,-0.022989246994256973,0.6619138717651367,-1.4205769300460815,-54.45518493652344
1785124138.3221493,0.0016688655596226454,-0.631127119064331,1.4176344871520996,-106.76272583007812,-0.00864708237349987,-0.8113210797309875,1.4245680570602417,-83.22466278076172,0.04045694321393967,0.9391863346099854,-1.3767101764678955,-80.62096405029297,-0.022175775840878487,0.6338976621627808,-1.4345664978027344,-54.11152648925781
1785124138.372348,0.004936337471008301,-0.6479452252388,1.4118106365203857,-106.99430847167969,-0.02247699350118637,-0.8312351107597351,1.4212104082107544,-83.0179214477539,0.039507776498794556,0.9632759094238281,-1.3643605709075928,-80.80457305908203,-0.012513742782175541,0.6258527040481567,-1.4354393482208252,-53.885040283203125
1785124138.4257529,0.010250021703541279,-0.682627260684967,1.3931325674057007,-107.15383911132812,-0.04259207844734192,-0.8313783407211304,1.416118860244751,-82.89176177978516,0.04048345237970352,0.9651820063591003,-1.3527216911315918,-80.90680694580078,0.0003064859192818403,0.639370322227478,-1.4269951581954956,-53.734893798828125
1785124138.4763987,0.02049935981631279,-0.7055449485778809,1.3812135457992554,-107.2654037475586,-0.06221475452184677,-0.8250524401664734,1.4111051559448242,-82.81502532958984,0.03875834494829178,0.9583653211593628,-1.342329978942871,-80.96165466308594,0.007010059431195259,0.6568065881729126,-1.4221041202545166,-53.63444900512695
1785124138.5276074,0.028974514454603195,-0.7082937955856323,1.3796861171722412,-107.39171600341797,-0.07931695878505707,-0.8255102038383484,1.407619595527649,-82.72576141357422,0.03556749224662781,0.9537490606307983,-1.3327819108963013,-81.02930450439453,0.011188369244337082,0.6616196632385254,-1.425948977470398,-53.52052307128906
1785124138.581206,0.030111875385046005,-0.6966058015823364,1.383838415145874,-107.53829193115234,-0.09343254566192627,-0.8341629505157471,1.4065544605255127,-82.61813354492188,0.03347945958375931,0.9531996846199036,-1.3265327215194702,-81.11713409423828,0.017017750069499016,0.6531386375427246,-1.4376232624053955,-53.38557815551758
1785124138.6360545,0.025747710838913918,-0.683347761631012,1.389329433441162,-107.67064666748047,-0.10698039829730988,-0.8403971791267395,1.4071543216705322,-82.5284652709961,0.03355596214532852,0.9494256377220154,-1.3246111869812012,-81.18734741210938,0.026713870465755463,0.6468161940574646,-1.4505876302719116,-53.26424789428711
1785124138.6879058,0.022698955610394478,-0.6800196766853333,1.3917291164398193,-107.78590393066406,-0.11753430962562561,-0.8435000777244568,1.4044301509857178,-82.45408630371094,0.03449970483779907,0.943760871887207,-1.3219980001449585,-81.24613952636719,0.036462295800447464,0.63923579454422,-1.4573397636413574,-53.16218948364258
1785124138.7414746,0.022374549880623817,-0.6837970614433289,1.391370177268982,-107.92243957519531,-0.12736044824123383,-0.8471594452857971,1.3996957540512085,-82.36466217041016,0.03584333509206772,0.9417904019355774,-1.317520022392273,-81.31971740722656,0.04518512636423111,0.6282013654708862,-1.4610214233398438,-53.044273376464844
1785124138.796805,0.023589272052049637,-0.6877731680870056,1.3897438049316406,-108.069091796875,-0.1348927766084671,-0.8540546298027039,1.3968552350997925,-82.26321411132812,0.035508893430233,0.9458249807357788,-1.310742974281311,-81.40779113769531,0.050047073513269424,0.6168532967567444,-1.4644185304641724,-52.91865539550781
1785124138.851444,0.025122616440057755,-0.6890390515327454,1.3883098363876343,-108.25118255615234,-0.14175772666931152,-0.8642176389694214,1.3955374956130981,-82.13301086425781,0.03444097936153412,0.9567472338676453,-1.302049160003662,-81.52323913574219,0.05324631929397583,0.607726514339447,-1.4679654836654663,-52.761749267578125
1785124138.9014904,0.025930020958185196,-0.6882576942443848,1.3877257108688354,-108.39910125732422,-0.14636142551898956,-0.8701736927032471,1.393932580947876,-82.02757263183594,0.03402731940150261,0.9678322076797485,-1.2956193685531616,-81.61558532714844,0.05582903325557709,0.6054216027259827,-1.4692481756210327,-52.634918212890625
1785124138.9517465,0.026269735768437386,-0.6873602867126465,1.387840986251831,-108.5468978881836,-0.1500321328639984,-0.8709378242492676,1.3911737203598022,-81.92770385742188,0.03395729139447212,0.9782814383506775,-1.2901571989059448,-81.70024108886719,0.060180459171533585,0.6068116426467896,-1.4694435596466064,-52.510990142822266
1785124139.0064495,0.025599658489227295,-0.6874954104423523,1.387895107269287,-108.69100189208984,-0.1523543894290924,-0.8688751459121704,1.3875929117202759,-81.8314437866211,0.034186504781246185,0.9874635934829712,-1.285091519355774,-81.7795181274414,0.06569282710552216,0.6100848913192749,-1.4677351713180542,-52.39021682739258
1785124139.0581627,0.024187562987208366,-0.6885371208190918,1.3878700733184814,-108.83173370361328,-0.1537477821111679,-0.8653514385223389,1.3842947483062744,-81.73815155029297,0.034908294677734375,0.9966756701469421,-1.2804254293441772,-81.85407257080078,0.0716169998049736,0.6129360795021057,-1.4658935070037842,-52.272396087646484
1785124139.1112676,0.0226903036236763,-0.689655065536499,1.3877507448196411,-108.9886245727539,-0.15476679801940918,-0.8619366884231567,1.38161301612854,-81.63316345214844,0.03505953028798103,1.0071510076522827,-1.2744338512420654,-81.93647003173828,0.07718107104301453,0.6140785217285156,-1.4655438661575317,-52.14048385620117
1785124139.1616056,0.021919000893831253,-0.6902512907981873,1.387578010559082,-109.13786315917969,-0.15575242042541504,-0.860504150390625,1.3801122903823853,-81.53108978271484,0.034186530858278275,1.0170681476593018,-1.2676622867584229,-82.01618194580078,0.0811866819858551,0.6126957535743713,-1.467481255531311,-52.01433181762695
1785124139.2162137,0.021439218893647194,-0.6906498670578003,1.3872969150543213,-109.30609130859375,-0.15775135159492493,-0.8600916266441345,1.3792545795440674,-81.41462707519531,0.032066281884908676,1.0279455184936523,-1.2599372863769531,-82.10611724853516,0.08589304983615875,0.6089677810668945,-1.4700149297714233,-51.8720817565918
1785124139.2663195,0.021641748026013374,-0.690890371799469,1.3869507312774658,-109.45623016357422,-0.16026611626148224,-0.8593891859054565,1.3790546655654907,-81.31133270263672,0.02985285595059395,1.036948561668396,-1.2537407875061035,-82.18373107910156,0.09034331142902374,0.6064852476119995,-1.4723576307296753,-51.745906829833984
1785124139.3167922,0.022097203880548477,-0.6910828948020935,1.3867161273956299,-109.59982299804688,-0.16342157125473022,-0.857328474521637,1.3789212703704834,-81.21419525146484,0.027634114027023315,1.0443599224090576,-1.2485419511795044,-82.25382232666016,0.09528054296970367,0.6054868102073669,-1.474321961402893,-51.626502990722656
1785124139.3798153,0.022738205268979073,-0.6910508275032043,1.386656641960144,-109.71856689453125,-0.167141854763031,-0.8488843441009521,1.3805166482925415,-81.14353942871094,0.02569599077105522,1.048782229423523,-1.2480838298797607,-82.292724609375,0.10171974450349808,0.6104375123977661,-1.4742718935012817,-51.53162384033203
1785124139.4310243,0.02364988997578621,-0.6909512281417847,1.386984944343567,-109.82894897460938,-0.1693541258573532,-0.8396850228309631,1.381933331489563,-81.08075714111328,0.023080993443727493,1.0498512983322144,-1.2458183765411377,-82.32210540771484,0.10659292340278625,0.6153764128684998,-1.473896861076355,-51.44500732421875
1785124139.4834294,0.021990889683365822,-0.6917786002159119,1.3887473344802856,-109.94013977050781,-0.15703202784061432,-0.8249511122703552,1.3768044710159302,-81.00717163085938,0.01901521161198616,1.0513534545898438,-1.2425609827041626,-82.3585205078125,0.10896207392215729,0.6171092391014099,-1.4750847816467285,-51.35513687133789
1785124139.5370924,0.009400902315974236,-0.693015992641449,1.3934154510498047,-110.06132507324219,-0.10691159218549728,-0.7800306677818298,1.371757984161377,-80.91161346435547,0.009041519835591316,1.0608054399490356,-1.2440472841262817,-82.39730834960938,0.10697299242019653,0.6230425238609314,-1.4742714166641235,-51.255218505859375
1785124139.5888162,-0.00931326113641262,-0.6944398880004883,1.396864652633667,-110.1399154663086,-0.04000472649931908,-0.7077378630638123,1.383210301399231,-80.83370971679688,-0.006944282446056604,1.0789613723754883,-1.2538788318634033,-82.41027069091797,0.09901218116283417,0.6374507546424866,-1.4689148664474487,-51.189151763916016
1785124139.6418624,-0.03629419952630997,-0.7203140258789062,1.4369277954101562,-110.18025207519531,0.009436610154807568,-0.6577543020248413,1.423940658569336,-80.80606079101562,-0.025769993662834167,1.0940874814987183,-1.2831199169158936,-82.36935424804688,0.0937144011259079,0.6638761162757874,-1.4668904542922974,-51.16049575805664
1785124139.6944795,-0.05361900478601456,-0.7333208322525024,1.4089285135269165,-110.141845703125,-0.00629680510610342,-0.6798549890518188,1.4768884181976318,-80.85869598388672,-0.024032089859247208,1.0586791038513184,-1.2981044054031372,-82.26510620117188,0.1052282378077507,0.6743543744087219,-1.4718714952468872,-51.20814514160156
1785124139.7465658,-0.027768587693572044,-0.7303957939147949,1.377010464668274,-110.14160919189453,-0.02567390166223049,-0.703176736831665,1.465461254119873,-80.8752212524414,-0.03901205584406853,0.9934046864509583,-1.2924810647964478,-82.18017578125,0.0912785455584526,0.6483325362205505,-1.473415732383728,-51.22416305541992
1785124139.79718,0.018357280641794205,-0.7130615711212158,1.3807013034820557,-110.2725601196289,-0.04467931017279625,-0.7477050423622131,1.4413365125656128,-80.76488494873047,-0.057367295026779175,0.9531614780426025,-1.2982181310653687,-82.25555419921875,0.06860718131065369,0.6031503677368164,-1.4817603826522827,-51.11637496948242
1785124139.8515704,0.04593019559979439,-0.6829749345779419,1.3884328603744507,-110.40819549560547,-0.07195772975683212,-0.7980177402496338,1.4405879974365234,-80.66123962402344,-0.06774957478046417,0.917035698890686,-1.318414568901062,-82.3287124633789,0.05722212791442871,0.5796633958816528,-1.490389347076416,-51.01042556762695
1785124139.9062986,0.04152362048625946,-0.6684595942497253,1.3925694227218628,-110.40747833251953,-0.09769012778997421,-0.8171895146369934,1.4561424255371094,-80.69733428955078,-0.060528457164764404,0.8805562853813171,-1.3536205291748047,-82.28162384033203,0.06984194368124008,0.5872601270675659,-1.4863015413284302,-51.040748596191406
1785124139.9564478,0.03210829943418503,-0.6709336042404175,1.3939481973648071,-110.34074401855469,-0.11345504969358444,-0.8109484314918518,1.4597718715667725,-80.79882049560547,-0.04688553512096405,0.8386008739471436,-1.3800147771835327,-82.1812515258789,0.08277378976345062,0.6059874296188354,-1.472090721130371,-51.12959671020508
1785124140.0067892,0.029499197378754616,-0.6776642799377441,1.3941376209259033,-110.34335327148438,-0.11851353943347931,-0.8093366026878357,1.4498311281204224,-80.83643341064453,-0.036106009036302567,0.8094441890716553,-1.3896559476852417,-82.15113067626953,0.08089500665664673,0.62686687707901,-1.4611600637435913,-51.14566421508789
1785124140.0613806,0.03116084635257721,-0.6819486021995544,1.3930010795593262,-110.43391418457031,-0.1124177798628807,-0.8217258453369141,1.4357744455337524,-80.78945922851562,-0.02901160530745983,0.8030169010162354,-1.3916540145874023,-82.20934295654297,0.06858373433351517,0.6388818621635437,-1.4529145956039429,-51.07438278198242
1785124140.1164289,0.03127986565232277,-0.6815120577812195,1.39240300655365,-110.60667419433594,-0.09704945236444473,-0.8456174731254578,1.4248480796813965,-80.66604614257812,-0.02446901425719261,0.8212292790412903,-1.3882826566696167,-82.34471130371094,0.05265339836478233,0.6423548460006714,-1.445274829864502,-50.91895294189453
1785124140.1665144,0.028417427092790604,-0.6807818412780762,1.3917391300201416,-110.81861877441406,-0.07812720537185669,-0.8707873821258545,1.413014531135559,-80.50191497802734,-0.018923943862318993,0.8520744442939758,-1.380580186843872,-82.51677703857422,0.03688701242208481,0.6460128426551819,-1.4344961643218994,-50.719482421875
1785124140.221047,0.026936588808894157,-0.6827775835990906,1.408049464225769,-111.06448364257812,-0.054488763213157654,-0.8926317691802979,1.3942102193832397,-80.30403137207031,-0.007332166191190481,0.8906469345092773,-1.3711633682250977,-82.71774291992188,0.02114902064204216,0.6585105657577515,-1.419418454170227,-50.477394104003906
1785124140.2722244,0.03257904201745987,-0.6647528409957886,1.4318797588348389,-111.27538299560547,-0.03734925389289856,-0.898716390132904,1.3613965511322021,-80.13304901123047,0.008308238349854946,0.9209038019180298,-1.3718392848968506,-82.887939453125,0.011499757878482342,0.6723780035972595,-1.4082545042037964,-50.26175308227539
1785124140.3297536,0.03153758868575096,-0.6569216251373291,1.4346212148666382,-111.38353729248047,-0.029959866777062416,-0.8897286653518677,1.3466695547103882,-80.06753540039062,0.029123317450284958,0.9285302758216858,-1.3841097354888916,-82.95360565185547,0.0009758136002346873,0.6876766085624695,-1.3945189714431763,-50.152366638183594
1785124140.3816762,0.021804329007864,-0.679341197013855,1.4226912260055542,-111.3282241821289,-0.029357319697737694,-0.8638896942138672,1.364845871925354,-80.16997528076172,0.05719485133886337,0.8998215198516846,-1.4012655019760132,-82.8505859375,-0.015279998071491718,0.6998630166053772,-1.3849050998687744,-50.209327697753906
1785124140.4365869,0.010522204451262951,-0.7049468755722046,1.4061747789382935,-111.2325439453125,-0.03377589210867882,-0.8390357494354248,1.3891535997390747,-80.30764770507812,0.07790648937225342,0.8593593239784241,-1.4077585935592651,-82.71076202392578,-0.030495794489979744,0.6978350877761841,-1.3845528364181519,-50.30945587158203
1785124140.4872422,0.003186473622918129,-0.7247738838195801,1.396118402481079,-111.1646728515625,-0.037258829921483994,-0.8234983682632446,1.4092223644256592,-80.41928100585938,0.09021754562854767,0.8258269429206848,-1.4114500284194946,-82.59744262695312,-0.04000483453273773,0.6854637265205383,-1.3896849155426025,-50.38732147216797
1785124140.5385938,0.0016136320773512125,-0.7414443492889404,1.3962280750274658,-111.11241149902344,-0.0366705097258091,-0.8126985430717468,1.4198721647262573,-80.51808166503906,0.09190835803747177,0.8031526803970337,-1.4193129539489746,-82.4989013671875,-0.040578581392765045,0.6753754019737244,-1.3941394090652466,-50.454681396484375
1785124140.5908062,0.006333745550364256,-0.7388619184494019,1.4049961566925049,-111.14376831054688,-0.03016212210059166,-0.8143374919891357,1.4150069952011108,-80.53861999511719,0.08062819391489029,0.801810085773468,-1.424809455871582,-82.48025512695312,-0.03606140613555908,0.6752496361732483,-1.3945574760437012,-50.43629455566406
1785124140.6416414,0.011775508522987366,-0.7155712246894836,1.4144715070724487,-111.25496673583984,-0.023832470178604126,-0.829047679901123,1.4024931192398071,-80.46770477294922,0.0635513886809349,0.8183256983757019,-1.4212379455566406,-82.55300903320312,-0.032928336411714554,0.6784375905990601,-1.4040662050247192,-50.33559036254883
1785124140.6969957,0.014728962443768978,-0.6761724948883057,1.4227666854858398,-111.42989349365234,-0.020614583045244217,-0.8533681035041809,1.391467571258545,-80.33622741699219,0.04182789474725723,0.8433833718299866,-1.4074742794036865,-82.68659210205078,-0.02716796100139618,0.6718980073928833,-1.4108211994171143,-50.16590881347656
1785124140.751199,0.011731612496078014,-0.6512453556060791,1.4230698347091675,-111.5365982055664,-0.022800544276833534,-0.8693051934242249,1.3943675756454468,-80.26337432861328,0.02863745205104351,0.8564091324806213,-1.4003030061721802,-82.76105499267578,-0.02344023622572422,0.6688060760498047,-1.4188684225082397,-50.05815124511719
1785124140.8023612,0.006730424240231514,-0.6483767032623291,1.4176379442214966,-111.56301879882812,-0.02650940977036953,-0.8709443211555481,1.405916452407837,-80.26853942871094,0.02516484260559082,0.8532341122627258,-1.3992551565170288,-82.75730895996094,-0.022524865344166756,0.6711089611053467,-1.4247113466262817,-50.027156829833984
1785124140.857426,0.001780558261089027,-0.665553092956543,1.4088996648788452,-111.51216125488281,-0.03077515959739685,-0.853707492351532,1.4159473180770874,-80.35387420654297,0.027469389140605927,0.8349494338035583,-1.4047538042068481,-82.67362213134766,-0.016393767669796944,0.6812950372695923,-1.4176303148269653,-50.071861267089844
1785124140.9158294,0.0006535248830914497,-0.6814143657684326,1.4054911136627197,-111.44368743896484,-0.030639328062534332,-0.8309968709945679,1.418501377105713,-80.45686340332031,0.029655376449227333,0.8165935277938843,-1.4126002788543701,-82.57267761230469,-0.011419270187616348,0.6918905377388,-1.4101064205169678,-50.13505554199219
1785124140.9663959,0.004690752364695072,-0.6868573427200317,1.4130903482437134,-111.43000793457031,-0.025004420429468155,-0.8187280893325806,1.4154129028320312,-80.50670623779297,0.028535570949316025,0.8109298348426819,-1.4179918766021729,-82.52440643310547,-0.01071599218994379,0.6930030584335327,-1.4099937677383423,-50.14630126953125
1785124141.0177076,0.0095395902171731,-0.6832242608070374,1.4230473041534424,-111.46357727050781,-0.018796585500240326,-0.8167554140090942,1.4110900163650513,-80.50540161132812,0.025847069919109344,0.8142076134681702,-1.4199551343917847,-82.52639770507812,-0.012006061151623726,0.6863484382629395,-1.413337230682373,-50.111663818359375
1785124141.0713172,0.01158808171749115,-0.6770675182342529,1.4289687871932983,-111.50477600097656,-0.014898201450705528,-0.8164365887641907,1.4097634553909302,-80.49813079833984,0.023615410551428795,0.8168779611587524,-1.4214563369750977,-82.53387451171875,-0.01242157630622387,0.6793465614318848,-1.4161403179168701,-50.069786071777344
1785124141.1259317,0.00919763557612896,-0.6760037541389465,1.4282832145690918,-111.5126724243164,-0.014921673573553562,-0.8116099238395691,1.4142693281173706,-80.5224609375,0.022839587181806564,0.8117735385894775,-1.424210548400879,-82.50959014892578,-0.010896975174546242,0.6796987056732178,-1.4169917106628418,-50.060916900634766
1785124141.179253,0.0055854530073702335,-0.6794699430465698,1.4250621795654297,-111.4936294555664,-0.016329456120729446,-0.8034068942070007,1.4205225706100464,-80.56959533691406,0.02226918563246727,0.8014068007469177,-1.426571249961853,-82.4626693725586,-0.009257638826966286,0.6851233839988708,-1.4174836874008179,-50.07841110229492
1785124141.2334902,0.003142206696793437,-0.6835631132125854,1.423166036605835,-111.47215270996094,-0.016721678897738457,-0.7947717905044556,1.425679326057434,-80.62110137939453,0.020473098382353783,0.7898927927017212,-1.4275413751602173,-82.41184997558594,-0.008817614056169987,0.6905676126480103,-1.4195817708969116,-50.097633361816406
1785124141.2865129,0.003284061560407281,-0.6842711567878723,1.4247349500656128,-111.47284698486328,-0.014929224736988544,-0.7901111245155334,1.4272814989089966,-80.64976501464844,0.01749931089580059,0.783284068107605,-1.4272656440734863,-82.3843765258789,-0.00976544339209795,0.6909494996070862,-1.423343300819397,-50.094688415527344
1785124141.3386083,0.004038606770336628,-0.6829133033752441,1.4270789623260498,-111.48576354980469,-0.012987904250621796,-0.7888129949569702,1.4273240566253662,-80.65776824951172,0.015479223802685738,0.7814372181892395,-1.427430510520935,-82.37744903564453,-0.010344453155994415,0.6884603500366211,-1.4258304834365845,-50.08043670654297
1785124141.3916848,0.00452343700453639,-0.6813744306564331,1.4298667907714844,-111.50318145751953,-0.011014594696462154,-0.7872802019119263,1.4277215003967285,-80.66600036621094,0.013924805447459221,0.7798358201980591,-1.4289675951004028,-82.37074279785156,-0.010038438253104687,0.6849833130836487,-1.4275552034378052,-50.06187057495117
1785124141.441695,0.0041626519523561,-0.6811842322349548,1.4311326742172241,-111.51190948486328,-0.010187987238168716,-0.7845931053161621,1.428755283355713,-80.67974853515625,0.013388972729444504,0.7771519422531128,-1.4312649965286255,-82.35842895507812,-0.00883239135146141,0.6833266615867615,-1.4279510974884033,-50.05256652832031
1785124141.4920914,0.0033283201046288013,-0.6807268857955933,1.4318219423294067,-111.52099609375,-0.009733426384627819,-0.7813339829444885,1.430220603942871,-80.69485473632812,0.013057075440883636,0.7740683555603027,-1.433682918548584,-82.34493255615234,-0.00723031023517251,0.6820006966590881,-1.4279861450195312,-50.043174743652344
1785124141.547572,0.0024338518269360065,-0.6798039078712463,1.432611107826233,-111.53079223632812,-0.009295218624174595,-0.7779454588890076,1.4321236610412598,-80.71065521240234,0.012297520413994789,0.7708644270896912,-1.435565710067749,-82.33087158203125,-0.006049054674804211,0.6811965703964233,-1.428830862045288,-50.033084869384766
1785124141.5981336,0.001975081395357847,-0.678604781627655,1.4335452318191528,-111.53936767578125,-0.00864559505134821,-0.7750508189201355,1.4337157011032104,-80.72431945800781,0.011075121350586414,0.7681180834770203,-1.436346411705017,-82.3187255859375,-0.005656988359987736,0.680752158164978,-1.4302815198898315,-50.02402877807617
1785124141.6521478,0.0017101963749155402,-0.6771350502967834,1.4346789121627808,-111.54833984375,-0.007761099375784397,-0.7719641923904419,1.4352184534072876,-80.73863220214844,0.009503169916570187,0.7653880715370178,-1.4368871450424194,-82.30596160888672,-0.005523731000721455,0.680387556552887,-1.4321908950805664,-50.01413345336914
1785124141.702276,0.001540667493827641,-0.675868034362793,1.435819387435913,-111.55610656738281,-0.006911430973559618,-0.7690610289573669,1.4363865852355957,-80.75096893310547,0.008564057759940624,0.7635319232940674,-1.437790870666504,-82.29476165771484,-0.00523937726393342,0.6799018383026123,-1.4333616495132446,-50.0052490234375
1785124141.757463,0.0013183074770495296,-0.6749120354652405,1.4368399381637573,-111.56282043457031,-0.006228025536984205,-0.7664378881454468,1.4372680187225342,-80.7614974975586,0.007936768233776093,0.7618772983551025,-1.4386978149414062,-82.28507232666016,-0.004804312251508236,0.6793254017829895,-1.4340412616729736,-49.997371673583984
1785124141.8089957,0.001082896487787366,-0.6741960048675537,1.4376981258392334,-111.5686264038086,-0.00567206833511591,-0.7642359137535095,1.4380203485488892,-80.77042388916016,0.0074823941104114056,0.7604384422302246,-1.4396538734436035,-82.27674865722656,-0.004335565958172083,0.6787673830986023,-1.4345899820327759,-49.990482330322266
1785124141.8707106,0.0007854472496546805,-0.67348712682724,1.4385844469070435,-111.57499694824219,-0.005100882612168789,-0.7619850039482117,1.4388904571533203,-80.78002166748047,0.006978985387831926,0.7587699890136719,-1.4406931400299072,-82.26770782470703,-0.003831414505839348,0.6781015992164612,-1.4352521896362305,-49.98287582397461
1785124141.9216328,0.00038942976971156895,-0.6726992726325989,1.439509391784668,-111.58257293701172,-0.004466968588531017,-0.7595848441123962,1.4399974346160889,-80.79119110107422,0.006291910074651241,0.7565979957580566,-1.441745400428772,-82.25716400146484,-0.003340817056596279,0.6772361397743225,-1.4361999034881592,-49.97380828857422
1785124141.9744773,-2.3908116872917162e-06,-0.6720534563064575,1.4401942491531372,-111.58927917480469,-0.00394234387204051,-0.757678747177124,1.4410288333892822,-80.80087280273438,0.0056107728742063046,0.7545287013053894,-1.4425264596939087,-82.24808502197266,-0.0029878003988415003,0.6764048337936401,-1.4371665716171265,-49.965797424316406
1785124142.0265157,-0.0004528971912804991,-0.6714481115341187,1.4408586025238037,-111.59648895263672,-0.0034018196165561676,-0.7557820081710815,1.4421403408050537,-80.81106567382812,0.00487326318398118,0.7522441148757935,-1.44331955909729,-82.23865509033203,-0.0026200064457952976,0.675441324710846,-1.4382375478744507,-49.95726013183594
1785124142.081147,-0.00085319799836725,-0.6709900498390198,1.441458821296692,-111.6029281616211,-0.0029152582865208387,-0.7541481852531433,1.4430794715881348,-80.8199462890625,0.004259881097823381,0.7502493858337402,-1.4440666437149048,-82.2305908203125,-0.0022573417518287897,0.674529492855072,-1.4391326904296875,-49.949764251708984
1785124142.1368623,-0.0012649784330278635,-0.6705413460731506,1.4421497583389282,-111.60990142822266,-0.0023673202376812696,-0.7523781061172485,1.444008231163025,-80.82929229736328,0.003656428074464202,0.7482065558433533,-1.4449307918548584,-82.22224426269531,-0.0018188024405390024,0.6735234260559082,-1.4399960041046143,-49.94181442260742
1785124142.1966064,-0.0016546128317713737,-0.670086145401001,1.4428558349609375,-111.61676025390625,-0.001814682618714869,-0.7506067156791687,1.4448575973510742,-80.83819580078125,0.003106438321992755,0.746338427066803,-1.4458080530166626,-82.21439361572266,-0.001355509040877223,0.6725741028785706,-1.44075608253479,-49.93416213989258
1785124142.2513309,-0.002088134875521064,-0.6695284247398376,1.4435949325561523,-111.62409210205078,-0.0012401065323501825,-0.7486684918403625,1.4457608461380005,-80.8473892211914,0.0025456806179136038,0.7444736361503601,-1.4467353820800781,-82.20635986328125,-0.000832857855129987,0.6716640591621399,-1.441505789756775,-49.926116943359375
1785124142.3032055,-0.0024640823248773813,-0.6689997315406799,1.444169282913208,-111.63005065917969,-0.0007929865387268364,-0.7470590472221375,1.446517825126648,-80.85462951660156,0.0020910894963890314,0.7430437207221985,-1.4474574327468872,-82.20004272460938,-0.00040141126373782754,0.6710221171379089,-1.4421030282974243,-49.91960906982422
1785124142.3563275,-0.0028829516377300024,-0.668363094329834,1.4447623491287231,-111.63643646240234,-0.00032588039175607264,-0.7453094720840454,1.4473481178283691,-80.86216735839844,0.001592156826518476,0.7415845394134521,-1.4481884241104126,-82.1934585571289,5.644373595714569e-05,0.670420229434967,-1.442747712135315,-49.91261672973633
1785124142.406463,-0.0032582723069936037,-0.6677621603012085,1.445278286933899,-111.64205932617188,8.601789886597544e-05,-0.7437514662742615,1.4480836391448975,-80.86862182617188,0.0011404661927372217,0.7403439879417419,-1.4488052129745483,-82.18777465820312,0.00045829167356714606,0.6699356436729431,-1.4433189630508423,-49.906394958496094
1785124142.4626899,-0.0037258430384099483,-0.6681935787200928,1.4458423852920532,-111.64259338378906,0.0004709729691967368,-0.7410536408424377,1.4489423036575317,-80.88084411621094,0.0007132940227165818,0.7380110025405884,-1.4495351314544678,-82.17631530761719,0.0009580598562024534,0.6705089807510376,-1.4439289569854736,-49.9051513671875
1785124142.516246,-0.004086698871105909,-0.6700938940048218,1.446513056755066,-111.6355209350586,0.000936140597332269,-0.7369352579116821,1.4495617151260376,-80.90018463134766,0.0002167793281842023,0.7342339754104614,-1.450058937072754,-82.15765380859375,0.0013642634730786085,0.6725066304206848,-1.4446275234222412,-49.911476135253906
1785124142.577049,-0.004294184967875481,-0.6718435883522034,1.4472731351852417,-111.62899017333984,0.001525111380033195,-0.7330632209777832,1.4500001668930054,-80.91854095458984,-0.000393310358049348,0.7306492328643799,-1.4504386186599731,-82.13990020751953,0.0016293298685923219,0.6742818355560303,-1.4454015493392944,-49.917240142822266
1785124142.6315668,-0.004510587081313133,-0.6735048890113831,1.4480493068695068,-111.62305450439453,0.002089553279802203,-0.7294657826423645,1.4504597187042236,-80.93589782714844,-0.0009749733726494014,0.7272615432739258,-1.4508616924285889,-82.12309265136719,0.0019068785477429628,0.6758898496627808,-1.4461866617202759,-49.92241668701172
1785124142.6818259,-0.00473519554361701,-0.6747921109199524,1.4486279487609863,-111.6186294555664,0.002494827611371875,-0.7266974449157715,1.4508603811264038,-80.94938659667969,-0.0013955350732430816,0.7246033549308777,-1.4512391090393066,-82.11003112792969,0.0021791697945445776,0.6770837903022766,-1.4467800855636597,-49.92625045776367
