t,x,y,yaw,z,roll,pitch
1785122891.6808896,0.005187754216196479,0.0014133001147613752,3.864314914312321e-05,0.45605782233071024,-0.0004041977252077481,0.000361221754226934
1785122891.6817505,0.005187754094945171,0.001413300111794175,3.864319279644133e-05,0.4560578220141689,-0.00040419772306567317,0.00036122177825696457
1785122891.6849031,0.005187753973678236,0.0014133001088311521,3.8643236453246125e-05,0.4560578216980789,-0.0004041977209266589,0.00036122180225736574
1785122891.6978295,0.005187753852395694,0.001413300105872301,3.86432801135329e-05,0.4560578213824396,-0.00040419771879070043,0.0003612218262281722
1785122891.6988044,0.005187753731097563,0.0014133001029176158,3.864332377729705e-05,0.4560578210672504,-0.00040419771665778473,0.00036122185016941854
1785122891.6995606,0.005187753609783864,0.0014133000999670903,3.864336744453252e-05,0.4560578207525106,-0.000404197714527913,0.0003612218740811407
1785122891.7038686,0.005187753488454613,0.0014133000970207189,3.864341111523443e-05,0.4560578204382196,-0.0004041977124010845,0.00036122189796337597
1785122891.709493,0.00518775336710983,0.0014133000940784954,3.864345478939741e-05,0.4560578201243767,-0.00040419771027729306,0.00036122192181615813
1785122891.713946,0.005187753245749534,0.0014133000911404137,3.8643498467017956e-05,0.4560578198109813,-0.00040419770815652677,0.00036122194563952014
1785122891.7193596,0.005187753124373744,0.0014133000882064683,3.864354214809034e-05,0.4560578194980328,-0.0004041977060387845,0.0003612219694334979
1785122891.7254043,0.005187753002982477,0.0014133000852766533,3.8643585832609084e-05,0.45605781918553057,-0.00040419770392407167,0.0003612219931981295
1785122891.7365334,0.005187752881575754,0.0014133000823509628,3.864362952057119e-05,0.4560578188734739,-0.0004041977018123751,0.00036122201693345927
1785122891.7393825,0.005187752760153593,0.0014133000794293912,3.8643673211972784e-05,0.4560578185618622,-0.0004041976997036944,0.00036122204063952497
1785122891.7445984,0.0051877526387160144,0.001413300076511932,3.864371690680653e-05,0.45605781825069486,-0.0004041976975980266,0.00036122206431635315
1785122891.7499313,0.005187752517263035,0.0014133000735985796,3.86437606050676e-05,0.45605781793997124,-0.0004041976954953579,0.0003612220879639748
1785122891.7550716,0.0051877523957946725,0.0014133000706893285,3.864380430675078e-05,0.45605781762969066,-0.000404197693395688,0.00036122211158242285
1785122891.760092,0.005187752274310945,0.0014133000677841727,3.8643848011850474e-05,0.45605781731985257,-0.0004041976912990157,0.00036122213517173147
1785122891.766037,0.005187752152811872,0.0014133000648831062,3.864389172036272e-05,0.4560578170104562,-0.0004041976892053331,0.0003612221587319373
1785122891.7700713,0.005187752031297472,0.0014133000619861234,3.864393543228346e-05,0.4560578167015011,-0.00040419768711463653,0.0003612221822630767
1785122891.7755756,0.005187751909767764,0.001413300059093218,3.8643979147608306e-05,0.4560578163929865,-0.000404197685026918,0.00036122220576518675
1785122891.779852,0.005187751788222766,0.0014133000562043846,3.864402286633032e-05,0.45605781608491175,-0.00040419768294217126,0.00036122222923830316
1785122891.7856195,0.005187751666662496,0.001413300053319617,3.864406658844448e-05,0.45605781577727633,-0.00040419768086039516,0.00036122225268246086
1785122891.7904713,0.005187751545086974,0.001413300050438909,3.864411031394864e-05,0.4560578154700795,-0.00040419767878158104,0.00036122227609769654
1785122891.7949424,0.005187751423496218,0.001413300047562255,3.8644154042837776e-05,0.4560578151633207,-0.0004041976767057224,0.00036122229948403525
1785122891.800467,0.005187751301890245,0.0014133000446896495,3.8644197775106884e-05,0.45605781485699937,-0.00040419767463283134,0.0003612223228415119
1785122891.8051834,0.005187751180269073,0.0014133000418210869,3.864424151075255e-05,0.4560578145511148,-0.0004041976725629159,0.00036122234617016975
1785122891.810561,0.005187751058632722,0.0014133000389565612,3.8644285249767686e-05,0.45605781424566644,-0.00040419767049596666,0.00036122236947004545
1785122891.816122,0.005187750936981209,0.0014133000360960675,3.8644328992147406e-05,0.45605781394065364,-0.00040419766843197456,0.00036122239274117624
1785122891.8200219,0.005187750815314555,0.0014133000332395994,3.864437273788704e-05,0.4560578136360757,-0.0004041976663709291,0.00036122241598359936
1785122891.8260872,0.005187750693632777,0.0014133000303871513,3.864441648698243e-05,0.4560578133319321,-0.00040419766431282363,0.00036122243919735185
1785122891.832441,0.005187750571935893,0.0014133000275387171,3.8644460239429356e-05,0.4560578130282222,-0.0004041976622576479,0.00036122246238246583
1785122891.8427947,0.005187750450223923,0.0014133000246942915,3.864450399522276e-05,0.4560578127249454,-0.0004041976602053922,0.00036122248553897536
1785122891.84731,0.005187750328496883,0.0014133000218538683,3.8644547754358043e-05,0.45605781242210097,-0.0004041976581560585,0.0003612225086669166
1785122891.8504431,0.005187750206754793,0.001413300019017442,3.864459151683022e-05,0.45605781211968843,-0.00040419765610964753,0.0003612225317663226
1785122891.856492,0.005187750084997669,0.001413300016185007,3.864463528263448e-05,0.4560578118177071,-0.00040419765406615927,0.00036122255483722794
1785122891.8616936,0.0051877499632255325,0.0014133000133565573,3.8644679051769524e-05,0.4560578115161564,-0.0004041976520255814,0.0003612225778796623
1785122891.8656034,0.005187749841438398,0.0014133000105320873,3.8644722824227635e-05,0.45605781121503564,-0.00040419764998791106,0.0003612226008936508
1785122891.870731,0.005187749719636286,0.001413300007711592,3.8644766600003927e-05,0.4560578109143442,-0.00040419764795315816,0.00036122262387923513
1785122891.8783624,0.005187749597819212,0.001413300004895065,3.864481037909326e-05,0.45605781061408157,-0.0004041976459213176,0.000361222646836456
1785122891.8821588,0.005187749475987197,0.001413300002082501,3.8644854161491284e-05,0.456057810314247,-0.00040419764389237477,0.0003612226697653509
1785122891.8851376,0.005187749354140257,0.0014132999992738946,3.864489794719385e-05,0.45605781001483997,-0.0004041976418663238,0.00036122269266595185
1785122891.8916981,0.005187749232278412,0.0014132999964692398,3.864494173619538e-05,0.45605780971585985,-0.00040419763984316306,0.000361222715538291
1785122891.8944016,0.005187749110401679,0.001413299993668531,3.864498552849121e-05,0.45605780941730606,-0.00040419763782289196,0.0003612227383824022
1785122891.8994663,0.005187748988510077,0.0014132999908717625,3.8645029324076445e-05,0.456057809119178,-0.00040419763580550044,0.00036122276119831973
1785122891.9080591,0.005187748866603622,0.001413299988078929,3.864507312294703e-05,0.45605780882147495,-0.000404197633790986,0.0003612227839860747
1785122891.910312,0.005187748744682333,0.0014132999852900243,3.864511692509834e-05,0.4560578085241964,-0.0004041976317793404,0.00036122280674569696
1785122891.914126,0.005187748622746228,0.0014132999825050428,3.864516073052537e-05,0.45605780822734177,-0.00040419762977056064,0.0003612228294772222
1785122891.9190147,0.0051877485007953235,0.0014132999797239795,3.864520453922516e-05,0.4560578079309104,-0.00040419762776465056,0.0003612228521806856
1785122891.9258096,0.0051877483788296385,0.0014132999769468284,3.8645248351191934e-05,0.4560578076349017,-0.0004041976257616048,0.00036122287485611986
1785122891.9287207,0.005187748256849191,0.0014132999741735838,3.864529216642103e-05,0.45605780733931517,-0.000404197623761418,0.00036122289750355755
1785122891.93466,0.0051877481348539985,0.0014132999714042407,3.864533598490863e-05,0.4560578070441501,-0.00040419762176408913,0.0003612229201230331
1785122891.9414613,0.005187748012844078,0.0014132999686387931,3.8645379806649774e-05,0.4560578067494059,-0.0004041976197696104,0.00036122294271458274
1785122891.944341,0.005187747890819449,0.001413299965877235,3.864542363163779e-05,0.456057806455082,-0.00040419761777796,0.0003612229652782448
1785122891.9498425,0.0051877477687801285,0.0014132999631195603,3.864546745986855e-05,0.45605780616117775,-0.0004041976157891261,0.000361222987814058
1785122891.9561374,0.005187747646726136,0.0014132999603657633,3.8645511291345796e-05,0.4560578058676926,-0.0004041976138031118,0.00036122301032205737
1785122891.9603124,0.005187747524657487,0.0014132999576158393,3.86455551260603e-05,0.45605780557462594,-0.00040419761181993154,0.00036122303280228176
1785122891.96506,0.005187747402574203,0.0014132999548697829,3.864559896400566e-05,0.4560578052819771,-0.0004041976098396021,0.00036122305525476185
1785122891.9722676,0.0051877472804763,0.0014132999521275888,3.864564280517756e-05,0.4560578049897455,-0.00040419760786212556,0.00036122307767951623
1785122891.9770982,0.005187747158363793,0.0014132999493892517,3.864568664957118e-05,0.45605780469793067,-0.00040419760588748945,0.00036122310007657206
1785122891.9799705,0.005187747036236701,0.001413299946654766,3.864573049718333e-05,0.4560578044065319,-0.0004041976039156738,0.00036122312244596004
1785122891.9852169,0.00518774691409504,0.0014132999439241266,3.864577434800874e-05,0.45605780411554864,-0.0004041976019466737,0.0003612231447877153
1785122891.9906085,0.005187746791938829,0.001413299941197328,3.8645818202042936e-05,0.45605780382498023,-0.0004041975999804862,0.00036122316710187404
1785122891.9948556,0.005187746669768085,0.0014132999384743644,3.8645862059281124e-05,0.45605780353482617,-0.00040419759801709886,0.0003612231893884715
1785122892.0003445,0.0051877465475828255,0.0014132999357552303,3.864590591971918e-05,0.4560578032450858,-0.00040419759605649894,0.0003612232116475436
1785122892.0050378,0.005187746425383068,0.0014132999330399199,3.864594978335229e-05,0.45605780295575865,-0.00040419759409867885,0.0003612232338791287
1785122892.01071,0.005187746303168832,0.0014132999303284276,3.864599365017504e-05,0.45605780266684404,-0.0004041975921436429,0.0003612232560832588
1785122892.0159898,0.005187746180940134,0.0014132999276207485,3.864603752018411e-05,0.45605780237834137,-0.00040419759019139686,0.0003612232782599662
1785122892.0197594,0.005187746058696991,0.001413299924916877,3.864608139337554e-05,0.4560578020902501,-0.00040419758824194617,0.0003612233004092875
1785122892.026563,0.005187745936439421,0.001413299922216808,3.864612526974321e-05,0.4560578018025696,-0.00040419758629528166,0.0003612233225312575
1785122892.031386,0.005187745814167442,0.0014132999195205357,3.864616914928216e-05,0.45605780151529934,-0.00040419758435139726,0.0003612233446259091
1785122892.0354848,0.005187745691881071,0.0014132999168280553,3.864621303198881e-05,0.4560578012284387,-0.00040419758241029183,0.00036122336669327566
1785122892.046711,0.005187745569580326,0.001413299914139361,3.86462569178583e-05,0.4560578009419871,-0.00040419758047195796,0.00036122338873338915
1785122892.0516787,0.005187745447265224,0.0014132999114544475,3.864630080688539e-05,0.4560578006559439,-0.00040419757853638657,0.0003612234107462846
1785122892.0553496,0.005187745324935782,0.0014132999087733097,3.864634469906641e-05,0.45605780037030863,-0.0004041975766035795,0.00036122343273199806
1785122892.0605698,0.005187745202592018,0.0014132999060959422,3.864638859439828e-05,0.4560578000850806,-0.0004041975746735309,0.0003612234546905626
1785122892.066266,0.00518774508023395,0.0014132999034223393,3.8646432492875174e-05,0.45605779980025934,-0.00040419757274623734,0.0003612234766220098
1785122892.0702777,0.005187744957861595,0.001413299900752496,3.864647639449161e-05,0.4560577995158442,-0.00040419757082168844,0.0003612234985263678
1785122892.076033,0.005187744835474969,0.0014132998980864065,3.864652029924462e-05,0.4560577992318346,-0.0004041975688998758,0.00036122352040366735
1785122892.0798743,0.00518774471307409,0.0014132998954240654,3.864656420712939e-05,0.45605779894822995,-0.00040419756698080055,0.0003612235422539439
1785122892.0850728,0.005187744590658974,0.0014132998927654675,3.8646608118141735e-05,0.4560577986650297,-0.0004041975650644599,0.0003612235640772301
1785122892.0917509,0.00518774446822964,0.0014132998901106072,3.864665203227638e-05,0.4560577983822333,-0.00040419756315084846,0.0003612235858735583
1785122892.0978477,0.005187744345786105,0.0014132998874594794,3.8646695949529155e-05,0.45605779809984015,-0.00040419756123996387,0.00036122360764296213
1785122892.1009784,0.0051877442233283855,0.0014132998848120789,3.8646739869896607e-05,0.4560577978178496,-0.00040419755933181407,0.0003612236293854738
1785122892.1059253,0.0051877441008565,0.0014132998821684002,3.8646783793372994e-05,0.4560577975362612,-0.0004041975574263908,0.0003612236511011254
1785122892.1121461,0.005187743978370464,0.0014132998795284382,3.864682771995402e-05,0.4560577972550743,-0.00040419755552368843,0.0003612236727899504
1785122892.1151724,0.0051877438558702955,0.0014132998768921876,3.864687164963595e-05,0.45605779697428833,-0.0004041975536237005,0.0003612236944519795
1785122892.120789,0.005187743733356012,0.0014132998742596428,3.864691558241347e-05,0.45605779669390273,-0.00040419755172642146,0.0003612237160872467
1785122892.1262574,0.00518774361082763,0.0014132998716307986,3.864695951828291e-05,0.45605779641391697,-0.000404197549831845,0.00036122373769578167
1785122892.1306574,0.005187743488285166,0.00141329986900565,3.864700345723932e-05,0.4560577961343304,-0.00040419754793997504,0.0003612237592776155
1785122892.1354766,0.005187743365728637,0.0014132998663841918,3.864704739927849e-05,0.4560577958551425,-0.00040419754605081277,0.0003612237808327841
1785122892.1425643,0.005187743243158062,0.001413299863766419,3.864709134439626e-05,0.4560577955763527,-0.0004041975441643538,0.0003612238023613208
1785122892.1555867,0.005187743120573457,0.0014132998611523261,3.864713529258705e-05,0.4560577952979604,-0.00040419754228058797,0.0003612238238632552
1785122892.1612601,0.0051877429979748394,0.001413299858541908,3.8647179243847844e-05,0.4560577950199651,-0.00040419754039950826,0.0003612238453386176
1785122892.166125,0.005187742875362225,0.0014132998559351591,3.864722319817497e-05,0.45605779474236613,-0.0004041975385211087,0.0003612238667874397
1785122892.1722624,0.005187742752735631,0.0014132998533320745,3.864726715556351e-05,0.456057794465163,-0.00040419753664538733,0.00036122388820975307
1785122892.1803439,0.0051877426300950755,0.0014132998507326488,3.864731111600945e-05,0.4560577941883551,-0.00040419753477233727,0.00036122390960559064
1785122892.1844153,0.0051877425074405735,0.001413299848136877,3.8647355079508525e-05,0.45605779391194196,-0.000404197532901958,0.0003612239309749862
1785122892.1882145,0.005187742384772144,0.0014132998455447532,3.864739904605661e-05,0.4560577936359229,-0.00040419753103424,0.0003612239523179728
1785122892.192371,0.005187742262089803,0.0014132998429562727,3.8647443015648984e-05,0.45605779336029745,-0.0004041975291691852,0.0003612239736345857
1785122892.1958728,0.005187742139393568,0.00141329984037143,3.8647486988281025e-05,0.456057793085065,-0.0004041975273067905,0.00036122399492485646
1785122892.2001224,0.005187742016683455,0.0014132998377902203,3.8647530963948174e-05,0.45605779281022496,-0.00040419752544705774,0.0003612240161888149
1785122892.2055507,0.005187741893959482,0.0014132998352126384,3.864757494264581e-05,0.45605779253577683,-0.0004041975235899845,0.00036122403742649126
1785122892.211925,0.005187741771221664,0.0014132998326386792,3.864761892436987e-05,0.45605779226172,-0.00040419752173556726,0.00036122405863791657
1785122892.2144763,0.005187741648470018,0.0014132998300683377,3.8647662909115755e-05,0.45605779198805396,-0.00040419751988379863,0.00036122407982312185
1785122892.2204897,0.005187741525704562,0.001413299827501608,3.8647706896880344e-05,0.45605779171477817,-0.00040419751803466504,0.0003612241009821481
1785122892.2262917,0.005187741402925313,0.001413299824938485,3.864775088765887e-05,0.456057791441892,-0.00040419751618815496,0.00036122412211502447
1785122892.230404,0.005187741280132287,0.0014132998223789638,3.8647794881447635e-05,0.45605779116939504,-0.00040419751434427514,0.00036122414322177986
1785122892.2355921,0.005187741157325502,0.0014132998198230391,3.864783887824306e-05,0.45605779089728665,-0.000404197512503034,0.0003612241643024458
1785122892.241422,0.005187741034504973,0.0014132998172707062,3.8647882878039744e-05,0.45605779062556623,-0.00040419751066442824,0.0003612241853570563
1785122892.2462862,0.005187740911670718,0.0014132998147219598,3.8647926880834045e-05,0.4560577903542333,-0.0004041975088284472,0.0003612242063856431
1785122892.2500942,0.0051877407888227525,0.0014132998121767948,3.8647970886621917e-05,0.45605779008328723,-0.0004041975069950821,0.00036122422738823584
1785122892.2586172,0.005187740665961094,0.0014132998096352061,3.8648014895398974e-05,0.4560577898127275,-0.0004041975051643332,0.0003612242483648649
1785122892.2612078,0.005187740543085759,0.0014132998070971888,3.864805890716097e-05,0.4560577895425536,-0.00040419750333620466,0.00036122426931556225
1785122892.26467,0.005187740420196764,0.0014132998045627383,3.864810292190285e-05,0.45605778927276497,-0.0004041975015106946,0.00036122429024035795
1785122892.2689786,0.005187740297294125,0.0014132998020318494,3.864814693962111e-05,0.45605778900336097,-0.00040419749968779957,0.00036122431113928214
1785122892.2754092,0.005187740174377859,0.0014132997995045166,3.864819096030996e-05,0.4560577887343411,-0.00040419749786749974,0.00036122433201236513
1785122892.2801404,0.005187740051447982,0.001413299796980735,3.86482349839664e-05,0.4560577884657049,-0.00040419749604978335,0.0003612243528596399
1785122892.284512,0.0051877399285045105,0.001413299794460499,3.864827901058712e-05,0.4560577881974517,-0.00040419749423465,0.00036122437368114006
1785122892.295335,0.005187739805547462,0.0014132997919438037,3.864832304016894e-05,0.45605778792958096,-0.0004041974924221007,0.00036122439447689657
1785122892.297224,0.005187739682576853,0.0014132997894306444,3.8648367072707774e-05,0.4560577876620922,-0.00040419749061213893,0.00036122441524694067
1785122892.3008883,0.005187739559592699,0.001413299786921016,3.8648411108198075e-05,0.45605778739498487,-0.0004041974888047677,0.00036122443599130474
1785122892.3052227,0.005187739436595017,0.0014132997844149135,3.8648455146635374e-05,0.45605778712825845,-0.0004041974869999821,0.0003612244567100202
1785122892.3107448,0.005187739313583824,0.0014132997819123316,3.864849918801458e-05,0.45605778686191234,-0.00040419748519776876,0.0003612244774031176
1785122892.3153465,0.0051877391905591356,0.0014132997794132653,3.864854323233287e-05,0.45605778659594604,-0.0004041974833981218,0.000361224498070629
1785122892.3206694,0.005187739067520969,0.00141329977691771,3.8648587279586845e-05,0.456057786330359,-0.00040419748160104276,0.0003612245187125868
1785122892.3254604,0.005187738944469341,0.0014132997744256608,3.8648631329771095e-05,0.45605778606515057,-0.0004041974798065341,0.00036122453932901883
1785122892.3298314,0.0051877388214042666,0.001413299771937112,3.864867538288171e-05,0.45605778580032036,-0.0004041974780145815,0.00036122455991995545
1785122892.3355727,0.005187738698325762,0.0014132997694520585,3.8648719438915716e-05,0.4560577855358678,-0.0004041974762251754,0.0003612245804854254
1785122892.341536,0.005187738575233843,0.0014132997669704954,3.864876349786778e-05,0.4560577852717923,-0.00040419747443831824,0.0003612246010254578
1785122892.3463218,0.005187738452128526,0.0014132997644924175,3.86488075597323e-05,0.45605778500809335,-0.0004041974726539966,0.0003612246215400885
1785122892.349985,0.00518773832900983,0.0014132997620178202,3.864885162450704e-05,0.45605778474477043,-0.00040419747087222453,0.0003612246420293511
1785122892.3601265,0.005187738205877769,0.0014132997595466988,3.864889569218846e-05,0.45605778448182294,-0.0004041974690930094,0.0003612246624932745
1785122892.3622391,0.005187738082732359,0.0014132997570790481,3.864893976277208e-05,0.45605778421925036,-0.0004041974673163439,0.0003612246829318874
1785122892.3642128,0.005187737959573617,0.0014132997546148632,3.864898383625343e-05,0.45605778395705215,-0.0004041974655422141,0.00036122470334522174
1785122892.3692894,0.0051877378364015595,0.0014132997521541396,3.864902791262899e-05,0.4560577836952278,-0.00040419746377061866,0.00036122472373330576
1785122892.3748467,0.005187737713216201,0.001413299749696872,3.864907199189488e-05,0.45605778343377684,-0.00040419746200155205,0.0003612247440961707
1785122892.37936,0.0051877375900175595,0.0014132997472430554,3.8649116074045655e-05,0.4560577831726987,-0.0004041974602350076,0.00036122476443384814
1785122892.3851848,0.00518773746680565,0.0014132997447926848,3.8649160159076324e-05,0.4560577829119927,-0.0004041974584709751,0.0003612247847463686
1785122892.3898942,0.005187737343580489,0.0014132997423457554,3.8649204246983986e-05,0.4560577826516586,-0.00040419745670945673,0.00036122480503376274
1785122892.3954275,0.005187737220342093,0.0014132997399022623,3.864924833776565e-05,0.4560577823916956,-0.00040419745495045385,0.00036122482529606206
1785122892.3997927,0.005187737097090478,0.0014132997374622005,3.864929243141648e-05,0.4560577821321033,-0.00040419745319396333,0.00036122484553329653
1785122892.4049482,0.005187736973825658,0.0014132997350255643,3.8649336527933974e-05,0.45605778187288115,-0.0004041974514399572,0.00036122486574550295
1785122892.411399,0.005187736850547652,0.0014132997325923492,3.864938062731334e-05,0.4560577816140286,-0.00040419744968844183,0.00036122488593271423
1785122892.4153407,0.0051877367272564765,0.0014132997301625509,3.864942472954875e-05,0.4560577813555452,-0.00040419744793943356,0.00036122490609495747
1785122892.4194546,0.005187736603952145,0.0014132997277361643,3.864946883463566e-05,0.45605778109743034,-0.0004041974461929353,0.00036122492623226064
1785122892.426079,0.005187736480634675,0.001413299725313185,3.8649512942571524e-05,0.4560577808396835,-0.00040419744444894143,0.0003612249463446516
1785122892.4307165,0.005187736357304083,0.0014132997228936078,3.8649557053352456e-05,0.4560577805823042,-0.0004041974427074461,0.00036122496643215685
1785122892.435147,0.005187736233960383,0.0014132997204774282,3.864960116697387e-05,0.4560577803252919,-0.000404197440968437,0.00036122498649480603
1785122892.4424803,0.005187736110603591,0.0014132997180646412,3.864964528343226e-05,0.456057780068646,-0.0004041974392319031,0.00036122500653262704
1785122892.4452052,0.0051877359872337225,0.0014132997156552417,3.864968940272277e-05,0.45605777981236606,-0.0004041974374978401,0.0003612250265456512
1785122892.4497318,0.0051877358638507945,0.0014132997132492251,3.864973352484109e-05,0.4560577795564516,-0.00040419743576624505,0.0003612250465339114
1785122892.459304,0.005187735740454823,0.0014132997108465863,3.864977764978449e-05,0.456057779300902,-0.00040419743403711947,0.0003612250664974383
1785122892.4629772,0.005187735617045824,0.0014132997084473206,3.864982177754886e-05,0.45605777904571687,-0.0004041974323104602,0.00036122508643625926
1785122892.4657032,0.005187735493623812,0.0014132997060514235,3.864986590813079e-05,0.4560577787908956,-0.0004041974305862695,0.00036122510635040506
1785122892.4695833,0.005187735370188803,0.0014132997036588896,3.86499100415262e-05,0.45605777853643764,-0.0004041974288645342,0.0003612251262399075
1785122892.4762027,0.005187735246740813,0.0014132997012697144,3.864995417772973e-05,0.45605777828234256,-0.00040419742714525343,0.0003612251461047968
1785122892.4797742,0.005187735123279858,0.0014132996988838928,3.864999831673716e-05,0.4560577780286098,-0.0004041974254284182,0.00036122516594511053
1785122892.4848824,0.005187734999805955,0.0014132996965014206,3.865004245854981e-05,0.4560577777752388,-0.00040419742371403767,0.0003612251857608898
1785122892.4903364,0.005187734876319121,0.0014132996941222918,3.8650086603162986e-05,0.45605777752222915,-0.00040419742200208645,0.0003612252055521618
1785122892.496868,0.0051877347528193705,0.0014132996917465021,3.865013075057096e-05,0.45605777726958024,-0.00040419742029255767,0.0003612252253189445
1785122892.5000381,0.005187734629306718,0.001413299689374047,3.8650174900769334e-05,0.45605777701729155,-0.0004041974185854857,0.00036122524506125396
1785122892.5052307,0.005187734505781179,0.0014132996870049224,3.865021905375258e-05,0.45605777676536263,-0.00040419741688086904,0.00036122526477912187
1785122892.5111241,0.005187734382242769,0.0014132996846391232,3.865026320951623e-05,0.4560577765137929,-0.0004041974151786958,0.0003612252844725782
1785122892.5147796,0.005187734258691503,0.001413299682276645,3.865030736805623e-05,0.4560577762625819,-0.0004041974134789524,0.00036122530414165263
1785122892.5195055,0.005187734135127397,0.0014132996799174826,3.8650351529368566e-05,0.45605777601172914,-0.0004041974117816362,0.0003612253237863764
1785122892.5277739,0.005187734011550467,0.0014132996775616316,3.865039569345005e-05,0.456057775761234,-0.0004041974100867446,0.0003612253434067808
1785122892.5300963,0.0051877338879607274,0.0014132996752090877,3.86504398602969e-05,0.45605777551109605,-0.00040419740839427317,0.0003612253630028991
1785122892.5350099,0.005187733764358196,0.0014132996728598456,3.865048402990502e-05,0.4560577752613148,-0.00040419740670421064,0.0003612253825747619
1785122892.5424998,0.005187733640742886,0.0014132996705139007,3.8650528202271754e-05,0.4560577750118897,-0.0004041974050165563,0.00036122540212240266
1785122892.5454857,0.0051877335171148144,0.0014132996681712484,3.865057237739328e-05,0.4560577747628202,-0.00040419740333130094,0.00036122542164585366
1785122892.5503347,0.005187733393473998,0.0014132996658318834,3.865061655526497e-05,0.45605777451410595,-0.000404197401648439,0.0003612254411451451
1785122892.5574133,0.0051877332698204515,0.0014132996634958013,3.865066073588243e-05,0.4560577742657463,-0.00040419739996797396,0.0003612254606203031
1785122892.561103,0.005187733146154189,0.0014132996611629974,3.865070491924285e-05,0.4560577740177408,-0.00040419739828990834,0.0003612254800713511
1785122892.564372,0.005187733022475227,0.0014132996588334674,3.8650749105341774e-05,0.4560577737700889,-0.00040419739661424456,0.00036122549949831826
1785122892.569717,0.005187732898783582,0.0014132996565072063,3.8650793294174875e-05,0.4560577735227901,-0.0004041973949409704,0.00036122551890123596
1785122892.575435,0.005187732775079267,0.0014132996541842092,3.865083748573802e-05,0.4560577732758439,-0.0004041973932700818,0.00036122553828013256
1785122892.5797029,0.005187732651362299,0.001413299651864472,3.8650881680027704e-05,0.4560577730292499,-0.00040419739160157665,0.0003612255576350362
1785122892.584723,0.0051877325276326915,0.0014132996495479899,3.8650925877040554e-05,0.45605777278300746,-0.00040419738993545667,0.0003612255769659794
1785122892.5900073,0.0051877324038904615,0.0014132996472347582,3.865097007677263e-05,0.45605777253711616,-0.0004041973882717163,0.0003612255962729919
1785122892.5967884,0.005187732280135624,0.001413299644924772,3.865101427921987e-05,0.45605777229157546,-0.00040419738661034483,0.00036122561555610144
1785122892.6010284,0.005187732156368195,0.001413299642618027,3.8651058484377504e-05,0.4560577720463849,-0.0004041973849513425,0.00036122563481533735
1785122892.6052995,0.005187732032588189,0.0014132996403145187,3.865110269224334e-05,0.456057771801544,-0.0004041973832947093,0.0003612256540507272
1785122892.6110723,0.0051877319087956205,0.0014132996380142422,3.8651146902814e-05,0.4560577715570522,-0.0004041973816404425,0.0003612256732623019
1785122892.6159613,0.005187731784990507,0.001413299635717193,3.86511911160839e-05,0.456057771312909,-0.00040419737998853756,0.00036122569245009093
1785122892.6198475,0.005187731661172861,0.0014132996334233672,3.865123533205015e-05,0.45605777106911394,-0.0004041973783389945,0.00036122571161412387
1785122892.6266918,0.005187731537342701,0.0014132996311327596,3.865127955070832e-05,0.4560577708256665,-0.00040419737669181085,0.00036122573075442763
1785122892.6305082,0.005187731413500038,0.0014132996288453658,3.865132377205503e-05,0.4560577705825662,-0.000404197375046976,0.00036122574987103
1785122892.6347513,0.005187731289644891,0.001413299626561181,3.865136799608748e-05,0.4560577703398126,-0.0004041973734044825,0.0003612257689639588
1785122892.6405704,0.005187731165777272,0.001413299624280201,3.865141222280161e-05,0.45605777009740506,-0.0004041973717643277,0.0003612257880332446
1785122892.6456535,0.0051877310418971985,0.0014132996220024207,3.865145645219136e-05,0.4560577698553432,-0.00040419737012651165,0.00036122580707891695
1785122892.6496973,0.005187730918004684,0.001413299619727836,3.8651500684252826e-05,0.4560577696136265,-0.00040419736849102997,0.00036122582610100267
1785122892.660201,0.005187730794099745,0.0014132996174564417,3.865154491898348e-05,0.4560577693722544,-0.0004041973668578792,0.0003612258450995282
1785122892.6630251,0.0051877306701823955,0.0014132996151882335,3.865158915638142e-05,0.4560577691312265,-0.00040419736522705375,0.0003612258640745218
1785122892.6647186,0.0051877305462526505,0.0014132996129232068,3.865163339644187e-05,0.4560577688905423,-0.000404197363598551,0.00036122588302601284
1785122892.669334,0.005187730422310525,0.0014132996106613572,3.8651677639160245e-05,0.45605776865020126,-0.00040419736197237375,0.0003612259019540329
1785122892.6758857,0.005187730298356034,0.0014132996084026803,3.865172188453323e-05,0.45605776841020296,-0.00040419736034852166,0.0003612259208586123
1785122892.67995,0.005187730174389194,0.0014132996061471715,3.86517661325578e-05,0.4560577681705469,-0.0004041973587269918,0.000361225939739779
1785122892.684839,0.005187730050410019,0.0014132996038948267,3.86518103832299e-05,0.45605776793123254,-0.00040419735710778466,0.00036122595859756
1785122892.6911287,0.005187729926418524,0.001413299601645641,3.865185463654553e-05,0.45605776769225936,-0.0004041973554908895,0.00036122597743198215
1785122892.6974428,0.0051877298024147235,0.00141329959939961,3.865189889250193e-05,0.45605776745362697,-0.0004041973538762989,0.0003612259962430722
1785122892.7007794,0.005187729678398633,0.001413299597156729,3.865194315109536e-05,0.45605776721533486,-0.00040419735226400477,0.00036122601503086064
1785122892.7050493,0.005187729554370266,0.0014132995949169935,3.8651987412321144e-05,0.4560577669773825,-0.0004041973506540038,0.0003612260337953784
1785122892.7118962,0.005187729430329639,0.001413299592680399,3.865203167617522e-05,0.4560577667397694,-0.0004041973490462933,0.00036122605253665393
1785122892.7153878,0.005187729306276767,0.0014132995904469407,3.8652075942652525e-05,0.45605776650249513,-0.0004041973474408749,0.0003612260712547133
1785122892.7199607,0.0051877291822116645,0.0014132995882166145,3.865212021174952e-05,0.4560577662655592,-0.0004041973458377482,0.0003612260899495839
1785122892.7268622,0.005187729058134346,0.0014132995859894159,3.86521644834634e-05,0.45605776602896114,-0.00040419734423691395,0.00036122610862129347
1785122892.7308183,0.005187728934044826,0.0014132995837653403,3.8652208757790245e-05,0.4560577657927004,-0.0004041973426383618,0.0003612261272698725
1785122892.7345195,0.0051877288099431195,0.0014132995815443836,3.865225303472757e-05,0.4560577655567766,-0.0004041973410420923,0.0003612261458953514
1785122892.7406602,0.005187728685829243,0.0014132995793265414,3.865229731427048e-05,0.45605776532118913,-0.0004041973394481088,0.00036122616449775935
1785122892.745376,0.005187728561703211,0.0014132995771118093,3.8652341596415856e-05,0.4560577650859376,-0.00040419733785640563,0.00036122618307712304
1785122892.7499902,0.005187728437565037,0.001413299574900183,3.865238588116069e-05,0.4560577648510215,-0.0004041973362669828,0.0003612262016334703
1785122892.7592201,0.005187728313414737,0.0014132995726916582,3.865243016850058e-05,0.4560577646164404,-0.00040419733467982874,0.00036122622016682913
1785122892.7613766,0.005187728189252325,0.00141329957048623,3.8652474458431265e-05,0.45605776438219375,-0.0004041973330949299,0.0003612262386772288
1785122892.7647943,0.005187728065077816,0.0014132995682838941,3.865251875095021e-05,0.45605776414828114,-0.0004041973315122846,0.0003612262571646981
1785122892.7690852,0.005187727940891226,0.0014132995660846462,3.8652563046054376e-05,0.45605776391470204,-0.0004041973299318951,0.0003612262756292624
1785122892.7758257,0.005187727816692567,0.0014132995638884815,3.8652607343739044e-05,0.456057763681456,-0.00040419732835375734,0.00036122629407094715
1785122892.7802348,0.005187727692481856,0.0014132995616953957,3.865265164400007e-05,0.4560577634485426,-0.0004041973267778704,0.0003612263124897789
1785122892.7850258,0.005187727568259106,0.0014132995595053845,3.865269594683465e-05,0.45605776321596125,-0.0004041973252042325,0.00036122633088578505
1785122892.7897906,0.005187727444024332,0.0014132995573184436,3.8652740252238896e-05,0.4560577629837116,-0.00040419732363283756,0.0003612263492589939
1785122892.796642,0.005187727319777548,0.0014132995551345683,3.8652784560209146e-05,0.4560577627517931,-0.0004041973220636857,0.00036122636760943245
1785122892.799385,0.005187727195518769,0.0014132995529537544,3.8652828870743175e-05,0.4560577625202053,-0.0004041973204967707,0.0003612263859371293
1785122892.8048363,0.00518772707124801,0.0014132995507759973,3.865287318383664e-05,0.45605776228894773,-0.0004041973189320877,0.0003612264042421126
1785122892.8103228,0.005187726946965286,0.0014132995486012927,3.865291749948509e-05,0.4560577620580199,-0.000404197317369636,0.0003612264225244113
1785122892.8150594,0.005187726822670611,0.0014132995464296366,3.8652961817684635e-05,0.45605776182742136,-0.00040419731580941716,0.0003612264407840524
1785122892.8204267,0.005187726698363999,0.0014132995442610245,3.8653006138431097e-05,0.45605776159715167,-0.0004041973142514326,0.0003612264590210668
1785122892.827567,0.005187726574045466,0.0014132995420954514,3.86530504617175e-05,0.4560577613672104,-0.0004041973126956634,0.00036122647723548813
1785122892.830891,0.005187726449715027,0.0014132995399329133,3.865309478754331e-05,0.45605776113759694,-0.00040419731114209133,0.00036122649542734555
1785122892.836759,0.005187726325372695,0.0014132995377734061,3.865313911590704e-05,0.4560577609083109,-0.0004041973095907425,0.00036122651359666013
1785122892.8409255,0.005187726201018486,0.0014132995356169263,3.865318344680513e-05,0.4560577606793518,-0.0004041973080416342,0.000361226531743453
1785122892.8455415,0.005187726076652413,0.001413299533463469,3.8653227780233556e-05,0.45605776045071916,-0.00040419730649474703,0.00036122654986774826
1785122892.8498428,0.00518772595227449,0.0014132995313130303,3.865327211619017e-05,0.4560577602224125,-0.0004041973049500699,0.0003612265679695719
1785122892.8577394,0.005187725827884732,0.0014132995291656057,3.865331645467124e-05,0.4560577599944314,-0.0004041973034075944,0.00036122658604895413
1785122892.8615918,0.0051877257034831535,0.0014132995270211906,3.8653360795673025e-05,0.4560577597667753,-0.0004041973018673155,0.00036122660410592314
1785122892.8656304,0.0051877255790697685,0.0014132995248797812,3.865340513919119e-05,0.4560577595394439,-0.0004041973003292296,0.0003612266221405047
1785122892.8700542,0.005187725454644591,0.0014132995227413721,3.865344948521992e-05,0.45605775931243664,-0.00040419729879331823,0.00036122664015272946
1785122892.8767986,0.005187725330207637,0.0014132995206059596,3.865349383375825e-05,0.4560577590857531,-0.00040419729725958394,0.00036122665814262647
1785122892.8815432,0.00518772520575892,0.0014132995184735393,3.865353818480201e-05,0.45605775885939276,-0.00040419729572804136,0.00036122667611022437
1785122892.885952,0.005187725081298456,0.001413299516344107,3.8653582538349025e-05,0.4560577586333552,-0.00040419729419868854,0.0003612266940555484
1785122892.8915403,0.005187724956826257,0.0014132995142176585,3.865362689439494e-05,0.4560577584076399,-0.000404197292671521,0.0003612267119786258
1785122892.8959286,0.005187724832342339,0.0014132995120941893,3.8653671252936404e-05,0.4560577581822465,-0.0004041972911465309,0.00036122672987948365
1785122892.9014719,0.005187724707846715,0.0014132995099736959,3.865371561396959e-05,0.4560577579571744,-0.00040419728962372357,0.0003612267477581488
1785122892.9051094,0.005187724583339399,0.0014132995078561736,3.865375997749108e-05,0.4560577577324233,-0.0004041972881030955,0.0003612267656146489
1785122892.911322,0.0051877244588204065,0.001413299505741618,3.8653804343497715e-05,0.4560577575079926,-0.0004041972865846404,0.00036122678344901126
1785122892.9147441,0.005187724334289752,0.001413299503630025,3.8653848711985955e-05,0.456057757283882,-0.0004041972850683449,0.0003612268012612619
1785122892.9199886,0.005187724209747447,0.0014132995015213902,3.865389308295033e-05,0.4560577570600909,-0.00040419728355419783,0.00036122681905143423
1785122892.9259977,0.00518772408519351,0.0014132994994157093,3.865393745638937e-05,0.45605775683661887,-0.0004041972820422114,0.0003612268368195547
1785122892.9309125,0.005187723960627953,0.0014132994973129786,3.865398183229889e-05,0.4560577566134655,-0.000404197280532386,0.0003612268545656492
1785122892.9353983,0.005187723836050791,0.0014132994952131934,3.865402621067544e-05,0.4560577563906303,-0.00040419727902471877,0.00036122687228974074
1785122892.940767,0.005187723711462036,0.0014132994931163503,3.865407059151537e-05,0.45605775616811284,-0.0004041972775192127,0.0003612268899918539
1785122892.9480574,0.005187723586861703,0.0014132994910224445,3.865411497481683e-05,0.4560577559459127,-0.0004041972760158627,0.0003612269076720153
1785122892.9505517,0.005187723462249807,0.0014132994889314722,3.8654159360575395e-05,0.4560577557240294,-0.00040419727451465414,0.0003612269253302507
1785122892.961585,0.005187723337626361,0.001413299486843429,3.8654203748787556e-05,0.45605775550246247,-0.00040419727301558894,0.00036122694296658635
1785122892.9647589,0.005187723212991379,0.0014132994847583114,3.8654248139449736e-05,0.45605775528121145,-0.0004041972715186651,0.00036122696058105
1785122892.970803,0.005187723088344876,0.0014132994826761148,3.8654292532557395e-05,0.45605775506027596,-0.0004041972700238766,0.0003612269781736667
1785122892.9755847,0.005187722963686865,0.0014132994805968345,3.865433692810831e-05,0.4560577548396555,-0.00040419726853121166,0.000361226995744461
1785122892.9800582,0.0051877228390173604,0.0014132994785204676,3.865438132609735e-05,0.4560577546193496,-0.0004041972670406875,0.0003612270132934597
1785122892.985012,0.005187722714336375,0.00141329947644701,3.865442572652109e-05,0.45605775439935786,-0.00040419726555230575,0.0003612270308206825
1785122892.991733,0.005187722589643924,0.0014132994743764572,3.8654470129377586e-05,0.4560577541796798,-0.00040419726406604997,0.0003612270483261655
1785122892.99547,0.00518772246494002,0.001413299472308805,3.8654514534663905e-05,0.45605775396031495,-0.0004041972625819058,0.0003612270658099413
1785122893.0001085,0.005187722340224679,0.001413299470244049,3.865455894237579e-05,0.4560577537412629,-0.0004041972610998669,0.00036122708327203677
1785122893.0057502,0.005187722215497914,0.0014132994681821849,3.865460335250948e-05,0.4560577535225232,-0.00040419725961992746,0.0003612271007124791
1785122893.011259,0.0051877220907597405,0.0014132994661232084,3.865464776506305e-05,0.45605775330409537,-0.00040419725814209187,0.0003612271181312944
1785122893.0151596,0.005187721966010171,0.0014132994640671157,3.865469218003179e-05,0.456057753085979,-0.00040419725666636315,0.0003612271355285085
1785122893.0211792,0.005187721841249221,0.001413299462013902,3.865473659741205e-05,0.4560577528681737,-0.00040419725519273404,0.0003612271529041486
1785122893.025783,0.005187721716476902,0.0014132994599635636,3.865478101720038e-05,0.4560577526506789,-0.0004041972537212062,0.0003612271702582388
1785122893.0299506,0.00518772159169323,0.0014132994579160963,3.865482543939335e-05,0.4560577524334942,-0.00040419725225178486,0.0003612271875908055
1785122893.0351634,0.005187721466898217,0.0014132994558714966,3.865486986398639e-05,0.45605775221661926,-0.0004041972507844769,0.000361227204901877
1785122893.0418658,0.0051877213420918784,0.0014132994538297603,3.865491429097555e-05,0.45605775200005355,-0.0004041972493192769,0.00036122722219148135
1785122893.0458558,0.005187721217274228,0.0014132994517908834,3.86549587203624e-05,0.45605775178379665,-0.0004041972478561695,0.0003612272394596396
1785122893.050173,0.005187721092445279,0.0014132994497548616,3.8655003152143004e-05,0.4560577515678481,-0.00040419724639515473,0.00036122725670637853
1785122893.0555034,0.0051877209676050445,0.001413299447721691,3.86550475863117e-05,0.4560577513522075,-0.0004041972449362059,0.00036122727393171736
1785122893.063704,0.005187720842753538,0.001413299445691367,3.865509202286379e-05,0.45605775113687436,-0.0004041972434793335,0.00036122729113568293
1785122893.0656328,0.005187720717890773,0.0014132994436638863,3.8655136461793934e-05,0.45605775092184825,-0.0004041972420245382,0.0003612273083183012
1785122893.0708203,0.005187720593016764,0.0014132994416392443,3.865518090310087e-05,0.45605775070712873,-0.00040419724057182404,0.0003612273254796006
1785122893.0758471,0.0051877204681315256,0.0014132994396174373,3.8655225346780815e-05,0.45605775049271535,-0.00040419723912118804,0.0003612273426196075
1785122893.0807128,0.00518772034323507,0.0014132994375984614,3.865526979283102e-05,0.45605775027860773,-0.0004041972376726261,0.0003612273597383491
1785122893.085789,0.005187720218327412,0.0014132994355823122,3.8655314241248665e-05,0.4560577500648054,-0.0004041972362261341,0.000361227376835852
1785122893.0907042,0.0051877200934085654,0.001413299433568986,3.8655358692030113e-05,0.456057749851308,-0.00040419723478170267,0.0003612273939121409
1785122893.0961933,0.0051877199684785425,0.0014132994315584789,3.8655403145171057e-05,0.45605774963811496,-0.00040419723333933025,0.00036122741096724053
1785122893.0991488,0.0051877198435373575,0.0014132994295507865,3.8655447600668533e-05,0.4560577494252259,-0.0004041972318990188,0.0003612274280011779
1785122893.10411,0.005187719718585024,0.0014132994275459045,3.8655492058520254e-05,0.4560577492126404,-0.00040419723046075434,0.000361227445013981
1785122893.1104593,0.005187719593621557,0.001413299425543829,3.865553651872248e-05,0.4560577490003581,-0.0004041972290245312,0.0003612274620056756
1785122893.1142924,0.005187719468646968,0.001413299423544556,3.865558098127133e-05,0.45605774878837846,-0.000404197227590359,0.0003612274789762863
1785122893.1190464,0.005187719343661272,0.0014132994215480818,3.865562544616432e-05,0.4560577485767011,-0.0004041972261582407,0.00036122749592583907
1785122893.1251574,0.005187719218664482,0.0014132994195544023,3.865566991339801e-05,0.4560577483653256,-0.0004041972247281672,0.0003612275128543582
1785122893.1294568,0.0051877190936566115,0.0014132994175635133,3.8655714382969835e-05,0.45605774815425143,-0.0004041972233001321,0.0003612275297618712
1785122893.1343503,0.0051877189686376736,0.001413299415575411,3.8655758854875566e-05,0.45605774794347825,-0.0004041972218741303,0.00036122754664840345
1785122893.138964,0.005187718843607682,0.001413299413590091,3.865580332911069e-05,0.4560577477330056,-0.00040419722045016053,0.000361227563513978
1785122893.1449127,0.005187718718566651,0.0014132994116075497,3.865584780567572e-05,0.4560577475228331,-0.00040419721902822255,0.00036122758035862025
1785122893.1501024,0.0051877185935145925,0.0014132994096277822,3.865589228456607e-05,0.4560577473129603,-0.00040419721760829946,0.00036122759718235233
1785122893.1541836,0.005187718468451521,0.0014132994076507853,3.865593676577797e-05,0.45605774710338676,-0.00040419721619039666,0.0003612276139852023
1785122893.1619618,0.005187718343377449,0.001413299405676554,3.865598124930992e-05,0.456057746894112,-0.0004041972147745097,0.00036122763076719416
1785122893.164564,0.00518771821829239,0.0014132994037050852,3.8656025735157844e-05,0.45605774668513566,-0.00040419721336064157,0.0003612276475283534
1785122893.169453,0.005187718093196358,0.0014132994017363742,3.865607022331721e-05,0.4560577464764573,-0.00040419721194879474,0.00036122766426872167
1785122893.1758196,0.005187717968089368,0.0014132993997704164,3.8656114713790256e-05,0.4560577462680765,-0.00040419721053894166,0.00036122768098831597
1785122893.1793776,0.005187717842971432,0.001413299397807208,3.86561592065737e-05,0.4560577460599928,-0.0004041972091310785,0.0003612276976871594
1785122893.1841521,0.005187717717842563,0.0014132993958467456,3.865620370166194e-05,0.4560577458522058,-0.0004041972077252322,0.0003612277143652752
1785122893.1891127,0.005187717592702774,0.0014132993938890256,3.865624819904697e-05,0.4560577456447151,-0.0004041972063214104,0.00036122773102268774
1785122893.194866,0.005187717467552078,0.0014132993919340443,3.8656292698724406e-05,0.4560577454375202,-0.00040419720491961835,0.0003612277476594245
1785122893.19929,0.005187717342390491,0.001413299389981798,3.865633720069096e-05,0.45605774523062076,-0.00040419720351984667,0.0003612277642755084
1785122893.2042296,0.005187717217218023,0.0014132993880322828,3.8656381704944274e-05,0.45605774502401636,-0.0004041972021220784,0.0003612277808709644
1785122893.2098212,0.005187717092034688,0.0014132993860854945,3.8656426211482134e-05,0.4560577448177065,-0.0004041972007263004,0.0003612277974458192
1785122893.21425,0.005187716966840499,0.0014132993841414298,3.865647072030265e-05,0.45605774461169085,-0.0004041971993325133,0.0003612278140000981
1785122893.21894,0.005187716841635471,0.001413299382200085,3.865651523140158e-05,0.45605774440596897,-0.0004041971979407166,0.0003612278305338268
1785122893.2268834,0.005187716716419616,0.0014132993802614562,3.865655974477509e-05,0.4560577442005404,-0.00040419719655090513,0.00036122784704703396
1785122893.2298257,0.005187716591192947,0.0014132993783255393,3.865660426042025e-05,0.4560577439954047,-0.0004041971951630745,0.00036122786353974475
1785122893.2341952,0.005187716465955478,0.0014132993763923305,3.8656648778333096e-05,0.4560577437905616,-0.00040419719377722004,0.0003612278800119837
1785122893.239154,0.005187716340707223,0.0014132993744618262,3.865669329851041e-05,0.4560577435860105,-0.00040419719239334097,0.0003612278964637731
1785122893.2492578,0.005187716215448194,0.0014132993725340225,3.8656737820950085e-05,0.4560577433817511,-0.00040419719101143515,0.0003612279128951376
1785122893.2504854,0.005187716090178405,0.0014132993706089155,3.865678234564846e-05,0.45605774317778297,-0.00040419718963149895,0.0003612279293061035
1785122893.2542126,0.005187715964897867,0.0014132993686865017,3.865682687260406e-05,0.4560577429741057,-0.0004041971882535351,0.000361227945696693
1785122893.2609382,0.005187715839606595,0.001413299366766777,3.865687140181444e-05,0.45605774277071875,-0.00040419718687753604,0.00036122796206692866
1785122893.2637396,0.0051877157143046014,0.0014132993648497375,3.865691593327596e-05,0.45605774256762194,-0.000404197185503496,0.00036122797841683506
1785122893.2702065,0.005187715588991899,0.0014132993629353797,3.865696046698416e-05,0.45605774236481467,-0.0004041971841314135,0.00036122799474643593
1785122893.2759593,0.005187715463668501,0.0014132993610236995,3.865700500293527e-05,0.4560577421622966,-0.00040419718276128947,0.0003612280110557565
1785122893.2792706,0.00518771533833442,0.001413299359114693,3.865704954112686e-05,0.4560577419600673,-0.0004041971813931192,0.0003612280273448225
1785122893.2856307,0.005187715212989669,0.0014132993572083564,3.865709408155615e-05,0.4560577417581264,-0.00040419718002689597,0.00036122804361366287
1785122893.2907872,0.0051877150876342626,0.0014132993553046859,3.865713862421943e-05,0.4560577415564734,-0.0004041971786626139,0.0003612280598623072
1785122893.296196,0.005187714962268213,0.0014132993534036777,3.8657183169113855e-05,0.4560577413551079,-0.0004041971773002717,0.0003612280760907786
1785122893.298898,0.005187714836891534,0.001413299351505328,3.86572277162352e-05,0.4560577411540296,-0.00040419717593987174,0.0003612280922990991
1785122893.3051605,0.005187714711504237,0.0014132993496096325,3.8657272265581506e-05,0.456057740953238,-0.0004041971745814177,0.000361228108487292
1785122893.3106034,0.005187714586106336,0.001413299347716588,3.865731681715014e-05,0.4560577407527327,-0.00040419717322489934,0.00036122812465537956
1785122893.3139803,0.005187714460697843,0.0014132993458261908,3.865736137093798e-05,0.4560577405525133,-0.0004041971718703213,0.000361228140803388
1785122893.3188996,0.005187714335278771,0.0014132993439384372,3.865740592694204e-05,0.4560577403525794,-0.0004041971705176819,0.00036122815693134396
1785122893.3254156,0.005187714209849134,0.0014132993420533232,3.8657450485158446e-05,0.4560577401529306,-0.00040419716916697537,0.00036122817303927367
1785122893.32923,0.005187714084408945,0.0014132993401708453,3.865749504558424e-05,0.45605773995356647,-0.0004041971678181995,0.00036122818912719975
1785122893.3340864,0.005187713958958215,0.0014132993382909996,3.865753960821646e-05,0.4560577397544866,-0.0004041971664713493,0.00036122820519514425
1785122893.3397949,0.005187713833496959,0.0014132993364137825,3.865758417305225e-05,0.4560577395556906,-0.00040419716512641755,0.00036122822124312804
1785122893.3457332,0.005187713708025188,0.0014132993345391898,3.8657628740087866e-05,0.4560577393571781,-0.00040419716378340006,0.00036122823727117553
1785122893.349806,0.005187713582542915,0.0014132993326672178,3.865767330931871e-05,0.45605773915894865,-0.0004041971624422888,0.0003612282532793111
1785122893.3544662,0.005187713457050153,0.001413299330797863,3.8657717880743016e-05,0.4560577389610018,-0.0004041971611030888,0.00036122826926756
1785122893.3637395,0.005187713331546915,0.0014132993289311217,3.8657762454358804e-05,0.4560577387633373,-0.00040419715976580456,0.0003612282852359466
1785122893.3659253,0.005187713206033213,0.0014132993270669903,3.865780703016266e-05,0.45605773856595455,-0.000404197158430437,0.00036122830118449505
1785122893.3693817,0.005187713080509061,0.0014132993252054646,3.86578516081517e-05,0.45605773836885327,-0.00040419715709697683,0.0003612283171132286
1785122893.375481,0.005187712954974471,0.001413299323346541,3.8657896188322716e-05,0.4560577381720331,-0.0004041971557654132,0.00036122833302217234
1785122893.3795724,0.005187712829429456,0.0014132993214902162,3.865794077067236e-05,0.45605773797549354,-0.000404197154435751,0.0003612283489113544
1785122893.3844876,0.005187712703874029,0.0014132993196364864,3.865798535519761e-05,0.45605773777923425,-0.00040419715310799104,0.0003612283647807984
1785122893.3893068,0.005187712578308202,0.0014132993177853484,3.86580299418954e-05,0.4560577375832548,-0.0004041971517821372,0.00036122838063052894
1785122893.3951323,0.005187712452731988,0.0014132993159367987,3.8658074530761115e-05,0.4560577373875548,-0.00040419715045819063,0.0003612283964605658
1785122893.3991354,0.0051877123271454,0.0014132993140908334,3.8658119121793845e-05,0.4560577371921339,-0.00040419714913613716,0.0003612284122709339
1785122893.4043767,0.0051877122015484495,0.0014132993122474486,3.8658163714991686e-05,0.45605773699699154,-0.0004041971478159606,0.0003612284280616571
1785122893.4111254,0.00518771207594115,0.0014132993104066405,3.865820831035112e-05,0.4560577368021275,-0.0004041971464976512,0.0003612284438327613
1785122893.4140544,0.0051877119503235146,0.0014132993085684054,3.865825290786702e-05,0.45605773660754134,-0.0004041971451812143,0.00036122845958427337
1785122893.4190993,0.005187711824695556,0.0014132993067327395,3.865829750753787e-05,0.4560577364132326,-0.00040419714386665266,0.0003612284753162187
1785122893.4251592,0.005187711699057287,0.001413299304899639,3.865834210936203e-05,0.456057736219201,-0.00040419714255395206,0.00036122849102861675
1785122893.4297335,0.005187711573408719,0.0014132993030691,3.865838671333541e-05,0.456057736025446,-0.0004041971412431226,0.00036122850672149387
1785122893.4341543,0.005187711447749865,0.0014132993012411193,3.865843131945454e-05,0.4560577358319673,-0.0004041971399341674,0.00036122852239487704
1785122893.4407792,0.005187711322080738,0.001413299299415693,3.86584759277152e-05,0.45605773563876445,-0.00040419713862708634,0.00036122853804879053
1785122893.4454875,0.005187711196401351,0.0014132992975928176,3.865852053811326e-05,0.45605773544583705,-0.0004041971373218743,0.0003612285536832578
1785122893.4502208,0.005187711070711717,0.0014132992957724896,3.865856515064701e-05,0.4560577352531847,-0.00040419713601852865,0.00036122856929829964
1785122893.4549217,0.005187710945011847,0.0014132992939547054,3.8658609765313025e-05,0.4560577350608071,-0.00040419713471705025,0.0003612285848939359
1785122893.4638062,0.005187710819301754,0.0014132992921394606,3.865865438211127e-05,0.4560577348687038,-0.0004041971334174207,0.0003612286004701858
1785122893.4652183,0.005187710693581449,0.001413299290326752,3.865869900103764e-05,0.45605773467687444,-0.00040419713211962987,0.00036122861602707967
1785122893.4692085,0.005187710567850947,0.0014132992885165759,3.865874362208777e-05,0.4560577344853186,-0.0004041971308236953,0.0003612286315646445
1785122893.4758587,0.005187710442110258,0.001413299286708929,3.865878824525817e-05,0.4560577342940359,-0.0004041971295296171,0.0003612286470829006
1785122893.4789896,0.005187710316359397,0.0014132992849038078,3.8658832870546925e-05,0.4560577341030259,-0.00040419712823739555,0.0003612286625818709
1785122893.4836128,0.005187710190598375,0.0014132992831012087,3.8658877497950206e-05,0.45605773391228827,-0.00040419712694702225,0.000361228678061579
1785122893.4887984,0.005187710064827204,0.0014132992813011278,3.865892212746582e-05,0.4560577337218226,-0.00040419712565849025,0.0003612286935220514
1785122893.4947565,0.005187709939045898,0.0014132992795035618,3.865896675909102e-05,0.45605773353162854,-0.00040419712437179706,0.0003612287089633087
1785122893.4991684,0.005187709813254468,0.001413299277708507,3.865901139282245e-05,0.4560577333417057,-0.0004041971230869338,0.0003612287243853691
1785122893.5038095,0.005187709687452926,0.0014132992759159598,3.865905602865585e-05,0.45605773315205367,-0.0004041971218039046,0.00036122873978825936
1785122893.5105515,0.005187709561641284,0.0014132992741259166,3.865910066658834e-05,0.4560577329626721,-0.00040419712052270425,0.00036122875517200214
1785122893.515423,0.005187709435819556,0.001413299272338374,3.8659145306616623e-05,0.45605773277356054,-0.0004041971192433354,0.00036122877053662236
1785122893.5188718,0.005187709309987753,0.0014132992705533287,3.865918994873834e-05,0.4560577325847186,-0.0004041971179657915,0.000361228785882144
1785122893.5258663,0.005187709184145888,0.0014132992687707765,3.865923459295166e-05,0.45605773239614594,-0.00040419711669007006,0.00036122880120859275
1785122893.5301814,0.005187709058293973,0.0014132992669907143,3.8659279239252744e-05,0.4560577322078421,-0.0004041971154161712,0.00036122881651599274
1785122893.5346427,0.005187708932432021,0.0014132992652131386,3.865932388763871e-05,0.45605773201980687,-0.0004041971141440916,0.0003612288318043663
1785122893.5398076,0.005187708806560045,0.0014132992634380466,3.86593685381061e-05,0.45605773183203974,-0.00040419711287384695,0.0003612288470737336
1785122893.5447416,0.005187708680678055,0.0014132992616654344,3.865941319065237e-05,0.45605773164454033,-0.0004041971116054238,0.00036122886232411864
1785122893.5498037,0.0051877085547860635,0.001413299259895298,3.8659457845275944e-05,0.45605773145730827,-0.0004041971103387966,0.00036122887755554706
1785122893.5550551,0.005187708428884085,0.0014132992581276343,3.865950250197257e-05,0.45605773127034316,-0.00040419710907396695,0.0003612288927680418
1785122893.5614896,0.005187708302972128,0.0014132992563624391,3.8659547160739064e-05,0.45605773108364467,-0.0004041971078109318,0.000361228907961623
1785122893.5642183,0.005187708177050208,0.001413299254599709,3.8659591821572404e-05,0.45605773089721235,-0.0004041971065496876,0.0003612289231363133
1785122893.569288,0.005187708051118336,0.0014132992528394404,3.8659636484469964e-05,0.45605773071104594,-0.00040419710529023976,0.000361228938292139
1785122893.5766702,0.0051877079251765245,0.0014132992510816297,3.865968114942944e-05,0.4560577305251449,-0.00040419710403258844,0.0003612289534291238
1785122893.5792742,0.005187707799224785,0.0014132992493262736,3.865972581644807e-05,0.456057730339509,-0.0004041971027767359,0.00036122896854729245
1785122893.5846546,0.005187707673263131,0.0014132992475733694,3.865977048552087e-05,0.4560577301541378,-0.00040419710152269923,0.0003612289836466736
1785122893.5895853,0.005187707547291575,0.0014132992458229128,3.8659815156646316e-05,0.45605772996903093,-0.0004041971002704607,0.00036122899872729087
1785122893.5949357,0.005187707421310128,0.0014132992440749005,3.8659859829821434e-05,0.456057729784188,-0.00040419709902,0.00036122901378916075
1785122893.599338,0.005187707295318802,0.0014132992423293287,3.865990450504243e-05,0.45605772959960866,-0.0004041970977713096,0.0003612290288322999
1785122893.6042056,0.005187707169317609,0.0014132992405861938,3.865994918230681e-05,0.4560577294152925,-0.00040419709652438947,0.0003612290438567299
1785122893.6113162,0.005187707043306561,0.0014132992388454922,3.865999386161366e-05,0.4560577292312391,-0.000404197095279241,0.00036122905886247476
1785122893.6154041,0.00518770691728567,0.0014132992371072204,3.866003854295909e-05,0.4560577290474482,-0.00040419709403586614,0.00036122907384955605
1785122893.6197393,0.005187706791254948,0.0014132992353713748,3.866008322634118e-05,0.4560577288639193,-0.0004041970927942658,0.00036122908881799763
1785122893.6256287,0.005187706665214407,0.0014132992336379517,3.866012791175468e-05,0.45605772868065214,-0.0004041970915544334,0.00036122910376782617
1785122893.6297336,0.00518770653916406,0.0014132992319069479,3.866017259919657e-05,0.4560577284976463,-0.0004041970903163719,0.00036122911869906584
1785122893.634165,0.0051877064131039185,0.0014132992301783606,3.866021728866289e-05,0.45605772831490143,-0.0004041970890800913,0.00036122913361173763
1785122893.6400335,0.005187706287033995,0.0014132992284521858,3.8660261980149745e-05,0.45605772813241713,-0.00040419708784558656,0.00036122914850586377
1785122893.646188,0.0051877061609543005,0.0014132992267284201,3.8660306673658526e-05,0.45605772795019306,-0.00040419708661283953,0.00036122916338146593
1785122893.6503842,0.0051877060348648465,0.0014132992250070605,3.866035136918621e-05,0.4560577277682288,-0.00040419708538185005,0.0003612291782385654
1785122893.6546054,0.005187705908765646,0.001413299223288103,3.86603960667304e-05,0.4560577275865239,-0.0004041970841526156,0.00036122919307718257
1785122893.6652114,0.00518770578265671,0.0014132992215715448,3.866044076628803e-05,0.45605772740507816,-0.0004041970829251375,0.0003612292078973414
1785122893.6671736,0.005187705656538052,0.001413299219857382,3.866048546785651e-05,0.4560577272238911,-0.0004041970816994118,0.0003612292226990654
1785122893.6687195,0.005187705530409682,0.0014132992181456112,3.866053017143357e-05,0.45605772704296244,-0.00040419708047543086,0.00036122923748237905
1785122893.6760669,0.0051877054042716135,0.001413299216436229,3.866057487701663e-05,0.4560577268622918,-0.0004041970792531964,0.0003612292522473048
1785122893.6796074,0.005187705278123857,0.0014132992147292325,3.866061958460158e-05,0.4560577266818787,-0.00040419707803271014,0.0003612292669938651
1785122893.6841168,0.005187705151966425,0.0014132992130246177,3.8660664294184716e-05,0.45605772650172294,-0.0004041970768139628,0.00036122928172208324
1785122893.6898756,0.005187705025799329,0.0014132992113223813,3.86607090057641e-05,0.45605772632182406,-0.0004041970755969494,0.00036122929643198266
1785122893.6954598,0.005187704899622581,0.0014132992096225197,3.8660753719333405e-05,0.45605772614218165,-0.0004041970743816609,0.00036122931112358894
1785122893.6994998,0.005187704773436194,0.0014132992079250294,3.866079843489372e-05,0.4560577259627954,-0.0004041970731680962,0.00036122932579692743
1785122893.704068,0.0051877046472401794,0.001413299206229907,3.866084315244257e-05,0.45605772578366494,-0.0004041970719562631,0.0003612293404520147
1785122893.7110252,0.005187704521034548,0.0014132992045371498,3.866088787197543e-05,0.45605772560478985,-0.0004041970707461651,0.00036122935508887114
1785122893.7150126,0.005187704394819313,0.001413299202846754,3.866093259348966e-05,0.45605772542616985,-0.00040419706953780327,0.000361229369707516
1785122893.7190917,0.005187704268594484,0.0014132992011587162,3.8660977316982265e-05,0.4560577252478045,-0.00040419706833116605,0.00036122938430797067
1785122893.7256234,0.005187704142360074,0.0014132991994730332,3.866102204245069e-05,0.4560577250696935,-0.00040419706712624924,0.0003612293988902587
1785122893.7293086,0.005187704016116092,0.0014132991977897015,3.8661066769892656e-05,0.4560577248918365,-0.00040419706592305333,0.00036122941345440094
1785122893.733901,0.005187703889862553,0.0014132991961087178,3.866111149930653e-05,0.45605772471423306,-0.00040419706472157545,0.0003612294280004211
1785122893.7393918,0.005187703763599466,0.0014132991944300786,3.866115623068841e-05,0.45605772453688287,-0.0004041970635218054,0.0003612294425283416
1785122893.7451546,0.005187703637326845,0.0014132991927537806,3.8661200964035595e-05,0.45605772435978553,-0.00040419706232373853,0.0003612294570381895
1785122893.7492905,0.0051877035110447015,0.0014132991910798204,3.866124569934595e-05,0.45605772418294077,-0.0004041970611273799,0.00036122947152998955
1785122893.7542763,0.005187703384753046,0.0014132991894081949,3.866129043661576e-05,0.4560577240063482,-0.0004041970599327341,0.00036122948600376297
1785122893.763633,0.005187703258451892,0.0014132991877389008,3.866133517584191e-05,0.4560577238300074,-0.00040419705873979907,0.0003612295004595309
1785122893.765734,0.0051877031321412494,0.0014132991860719348,3.8661379917021455e-05,0.4560577236539181,-0.00040419705754857205,0.0003612295148973145
1785122893.7689838,0.005187703005821131,0.0014132991844072933,3.8661424660148187e-05,0.4560577234780799,-0.0004041970563590321,0.0003612295293171413
1785122893.775403,0.005187702879491548,0.0014132991827449728,3.86614694052265e-05,0.4560577233024924,-0.0004041970551711792,0.0003612295437190357
1785122893.7804356,0.005187702753152513,0.0014132991810849702,3.86615141522525e-05,0.45605772312715526,-0.0004041970539850075,0.00036122955810301917
1785122893.78436,0.005187702626804037,0.0014132991794272823,3.866155890122227e-05,0.45605772295206815,-0.0004041970528005368,0.0003612295724691061
1785122893.7902129,0.005187702500446131,0.0014132991777719062,3.866160365213166e-05,0.45605772277723067,-0.0004041970516177716,0.00036122958681731346
1785122893.7950191,0.005187702374078808,0.0014132991761188387,3.866164840497769e-05,0.45605772260264243,-0.0004041970504367067,0.000361229601147663
1785122893.7995017,0.005187702247702076,0.0014132991744680772,3.866169315975778e-05,0.45605772242830317,-0.00040419704925734237,0.0003612296154601763
1785122893.8048408,0.005187702121315948,0.0014132991728196182,3.86617379164693e-05,0.4560577222542125,-0.00040419704807967237,0.00036122962975487495
1785122893.8097394,0.005187701994920436,0.0014132991711734582,3.866178267510967e-05,0.45605772208037004,-0.0004041970469036835,0.00036122964403178116
1785122893.8149066,0.0051877018685155514,0.0014132991695295942,3.866182743567671e-05,0.45605772190677546,-0.00040419704572936606,0.00036122965829091757
1785122893.8197954,0.005187701742101305,0.001413299167888023,3.8661872198167546e-05,0.45605772173342846,-0.00040419704455672356,0.0003612296725323075
1785122893.827473,0.005187701615677709,0.001413299166248741,3.8661916962580446e-05,0.4560577215603286,-0.0004041970433857437,0.000361229686755972
1785122893.8320916,0.0051877014892447735,0.001413299164611745,3.866196172891277e-05,0.4560577213874756,-0.0004041970422164271,0.00036122970096193137
1785122893.8363698,0.005187701362802511,0.0014132991629770318,3.866200649716157e-05,0.45605772121486904,-0.0004041970410487714,0.0003612297151502074
1785122893.8406076,0.005187701236350934,0.001413299161344598,3.8662051267325634e-05,0.45605772104250863,-0.0004041970398827769,0.0003612297293208222
1785122893.8458443,0.005187701109890052,0.0014132991597144403,3.866209603940072e-05,0.456057720870394,-0.00040419703871844524,0.0003612297434737988
1785122893.8498294,0.0051877009834198785,0.0014132991580865556,3.866214081338398e-05,0.45605772069852474,-0.0004041970375557783,0.0003612297576091612
1785122893.854945,0.005187700856940423,0.0014132991564609408,3.8662185589271026e-05,0.45605772052690063,-0.0004041970363947753,0.0003612297717269324
1785122893.8655674,0.005187700730451698,0.0014132991548375924,3.866223036706013e-05,0.4560577203555212,-0.0004041970352354294,0.00036122978582713315
1785122893.869737,0.005187700603953715,0.0014132991532165074,3.8662275146748515e-05,0.4560577201843862,-0.00040419703407773523,0.0003612297999097815
1785122893.8756757,0.005187700477446484,0.0014132991515976821,3.8662319928334066e-05,0.4560577200134951,-0.0004041970329216831,0.0003612298139748974
1785122893.8809767,0.005187700350930017,0.0014132991499811137,3.8662364711814294e-05,0.45605771984284776,-0.00040419703176727926,0.0003612298280225053
1785122893.8860188,0.005187700224404325,0.001413299148366799,3.866240949718542e-05,0.4560577196724437,-0.00040419703061452965,0.00036122984205262806
1785122893.8898797,0.005187700097869421,0.0014132991467547338,3.86624542844486e-05,0.45605771950228263,-0.00040419702946341887,0.00036122985606528487
1785122893.8948238,0.005187699971325313,0.0014132991451449152,3.8662499073596404e-05,0.4560577193323642,-0.000404197028313929,0.0003612298700604935
1785122893.9000823,0.005187699844772016,0.0014132991435373396,3.866254386463183e-05,0.45605771916268806,-0.000404197027166071,0.00036122988403827793
1785122893.9050562,0.0051876997182095375,0.0014132991419320046,3.866258865755256e-05,0.45605771899325387,-0.000404197026019863,0.00036122989799866763
1785122893.9102545,0.005187699591637892,0.0014132991403289065,3.8662633452350277e-05,0.45605771882406126,-0.0004041970248752989,0.0003612299119416921
1785122893.9158661,0.0051876994650570905,0.0014132991387280414,3.86626782490251e-05,0.45605771865510986,-0.00040419702373234846,0.00036122992586737167
1785122893.9198349,0.005187699338467145,0.0014132991371294055,3.8662723047572766e-05,0.45605771848639937,-0.00040419702259099957,0.0003612299397757276
1785122893.9253469,0.005187699211868066,0.0014132991355329967,3.8662767847988565e-05,0.4560577183179294,-0.0004041970214512867,0.00036122995366677095
1785122893.9294481,0.005187699085259865,0.0014132991339388125,3.86628126502704e-05,0.4560577181496997,-0.0004041970203132358,0.00036122996754051306
1785122893.9349794,0.00518769895864255,0.0014132991323468499,3.866285745441499e-05,0.45605771798170985,-0.0004041970191768442,0.00036122998139697125
1785122893.940241,0.005187698832016134,0.0014132991307571061,3.866290226042088e-05,0.4560577178139595,-0.0004041970180421012,0.00036122999523616585
1785122893.9463177,0.005187698705380627,0.001413299129169578,3.866294706828654e-05,0.45605771764644837,-0.000404197016908988,0.0003612300090581203
1785122893.9502563,0.005187698578736041,0.0014132991275842624,3.866299187800908e-05,0.4560577174791761,-0.000404197015777484,0.0003612300228628595
1785122893.9556172,0.005187698452082386,0.001413299126001156,3.8663036689586135e-05,0.45605771731214234,-0.00040419701464758097,0.0003612300366504071
1785122893.96124,0.005187698325419676,0.0014132991244202556,3.86630815030156e-05,0.45605771714534676,-0.0004041970135192809,0.0003612300504207856
1785122893.9763248,0.005187698198747919,0.001413299122841558,3.86631263182941e-05,0.456057716978789,-0.0004041970123925811,0.00036123006417401537
1785122893.9780638,0.0051876980720671284,0.0014132991212650599,3.866317113541875e-05,0.45605771681246876,-0.00040419701126748246,0.0003612300779101174
1785122893.9814873,0.0051876979453773136,0.0014132991196907582,3.866321595438708e-05,0.45605771664638567,-0.000404197010143981,0.0003612300916291139
1785122893.9858253,0.005187697818678487,0.0014132991181186496,3.8663260775195877e-05,0.4560577164805394,-0.00040419700902207857,0.00036123010533102996
1785122893.9930458,0.005187697691970659,0.0014132991165487314,3.8663305597843206e-05,0.4560577163149296,-0.00040419700790177756,0.00036123011901588746
1785122893.9954357,0.005187697565253842,0.0014132991149810002,3.866335042232724e-05,0.4560577161495559,-0.0004041970067830828,0.00036123013268370564
1785122894.000306,0.005187697438528044,0.0014132991134154533,3.8663395248645085e-05,0.4560577159844181,-0.0004041970056659899,0.0003612301463345035
1785122894.0065503,0.005187697311793279,0.0014132991118520873,3.8663440076793345e-05,0.4560577158195157,-0.00040419700455049433,0.00036123015996830226
1785122894.0111823,0.005187697185049558,0.0014132991102908988,3.866348490676974e-05,0.45605771565484843,-0.0004041970034365865,0.0003612301735851245
1785122894.0154188,0.00518769705829689,0.0014132991087318848,3.866352973857183e-05,0.456057715490416,-0.00040419700232425875,0.0003612301871849913
1785122894.019695,0.005187696931535287,0.0014132991071750423,3.866357457219515e-05,0.4560577153262181,-0.0004041970012135086,0.00036123020076791996
1785122894.0257118,0.0051876968047647595,0.001413299105620368,3.8663619407638217e-05,0.45605771516225424,-0.00040419700010434315,0.00036123021433392976
1785122894.0297842,0.005187696677985318,0.0014132991040678587,3.866366424489944e-05,0.4560577149985242,-0.00040419699899675994,0.0003612302278830404
1785122894.034729,0.005187696551196975,0.0014132991025175114,3.8663709083976986e-05,0.4560577148350276,-0.0004041969978907575,0.0003612302414152742
1785122894.0408392,0.00518769642439974,0.001413299100969323,3.866375392486547e-05,0.45605771467176415,-0.00040419699678633024,0.0003612302549306514
1785122894.046832,0.005187696297593624,0.00141329909942329,3.8663798767563715e-05,0.45605771450873345,-0.00040419699568347887,0.00036123026842919525
1785122894.0494444,0.005187696170778639,0.0014132990978794097,3.866384361206867e-05,0.45605771434593523,-0.000404196994582203,0.0003612302819109276
1785122894.0544584,0.005187696043954796,0.001413299096337679,3.866388845837967e-05,0.45605771418336916,-0.0004041969934825071,0.000361230295375867
1785122894.0609167,0.005187695917122105,0.0014132990947980947,3.866393330649466e-05,0.4560577140210349,-0.0004041969923843827,0.0003612303088240342
1785122894.0640142,0.005187695790280576,0.0014132990932606544,3.866397815640942e-05,0.4560577138589321,-0.0004041969912878269,0.0003612303222554514
1785122894.070578,0.005187695663430221,0.0014132990917253545,3.8664023008122826e-05,0.4560577136970605,-0.0004041969901928396,0.00036123033567013625
1785122894.0746708,0.005187695536571051,0.001413299090192192,3.866406786163206e-05,0.4560577135354197,-0.00040419698909941365,0.0003612303490681051
1785122894.079515,0.005187695409703075,0.0014132990886611644,3.8664112716933356e-05,0.45605771337400935,-0.00040419698800755056,0.0003612303624493774
1785122894.0846503,0.005187695282826305,0.001413299087132268,3.866415757402432e-05,0.4560577132128292,-0.00040419698691724845,0.0003612303758139759
1785122894.0898015,0.005187695155940751,0.0014132990856055004,3.866420243290278e-05,0.4560577130518788,-0.0004041969858285023,0.0003612303891619215
1785122894.0943656,0.005184935818729373,0.001413087968811166,0.00011380368187890048,0.4560578299196664,-0.0004029257542182534,0.0003824576465830147
1785122894.1007566,0.0051804161583991915,0.001412751540878227,0.00024955212325512236,0.4560579624954889,-0.0004017004103177527,0.00042049241281862164
1785122894.104619,0.005175940990416948,0.0014123667012137218,0.0004146034407182144,0.456058027637573,-0.00040095794686623095,0.0004665221508350743
1785122894.109598,0.005172784794618461,0.0014119896595499088,0.0005898109692519023,0.4560579354978632,-0.0004009720988776306,0.0005155653253399162
1785122894.114301,0.0051718777094889755,0.0014116651503735483,0.0007632917287333796,0.4560575892727809,-0.00040191291522122583,0.0005647997393487752
1785122894.119145,0.005173924364971991,0.001411431418974537,0.0009275540261082419,0.45605688624316315,-0.0004038821709029925,0.0006126286646262854
1785122894.1244693,0.005179480365507304,0.001411322983485976,0.001077800679858041,0.4560557211043858,-0.00040693170555851176,0.0006581612717617791
1785122894.1302192,0.005189001461118814,0.0014113720593997069,0.00121091938448991,0.45605399070422187,-0.000411072377791993,0.0007009231229802426
1785122894.1344428,0.005202875001157536,0.00141160916897952,0.001324877046476865,0.4560515990064884,-0.0004162800387129603,0.0007406930554710037
1785122894.1416214,0.00522143986048478,0.0014120632762824464,0.0014183530168627124,0.4560484613938797,-0.0004225018635835645,0.0007774088714305519
1785122894.1472726,0.005245031267820912,0.0014127093243842224,0.0015187069441404638,0.4560443604762427,-0.000429874677417028,0.0008111451839715066
1785122894.1506474,0.005273917214019787,0.0014135961844070944,0.0016198464986898638,0.4560391118893319,-0.0004384881857647083,0.0008419942147778425
1785122894.155986,0.005308335048325081,0.0014147823773228427,0.0017098475815651136,0.45603259814148767,-0.00044826931465551513,0.0008700784754653786
1785122894.161486,0.0053485059685720706,0.0014163139593923214,0.0017815282066270253,0.4560247249307005,-0.00045910536576678894,0.0008955473181248256
1785122894.1658823,0.005394634119732781,0.001418228360515315,0.0018305844999556404,0.45601541492640246,-0.00047088091840835806,0.0009185622543705865
1785122894.1772757,0.005446905965380359,0.0014205565584265016,0.0018544931350991235,0.45600460693663813,-0.0004834866956270865,0.0009392864770548539
1785122894.1805549,0.00550548982486298,0.0014233242359546177,0.001851859930301093,0.45599225742345495,-0.0004968196503450295,0.0009578772247222432
1785122894.1852224,0.005570535534236538,0.0014265523470403567,0.0018220293205104439,0.4559783424676547,-0.0005107814781448146,0.0009744802615219679
1785122894.1919262,0.005642174217191945,0.0014302573577469062,0.001764847127554289,0.455962859154822,-0.0005252776483751167,0.0009892260555272876
1785122894.1966624,0.005720518162330706,0.001434451321364463,0.0016805139274296667,0.45594582595964633,-0.0005402171430623912,0.0010022273866971475
1785122894.200849,0.005805614615231734,0.0014392028610785749,0.001531093140497424,0.45592776178472505,-0.0005549193449330122,0.0010135388238019627
1785122894.2045693,0.005897546487763822,0.001444476784229512,0.0013249200037732545,0.45590907241753204,-0.0005690150606418613,0.0010232662354840482
1785122894.211522,0.005996387519553427,0.0014502215104734131,0.0010787887978897306,0.4558899852577505,-0.0005825209219356676,0.0010315064117863459
1785122894.2154071,0.0061021857651276604,0.001456396105031986,0.0008034376649428646,0.45587069888095755,-0.0005955203988282166,0.0010383290804701333
1785122894.221195,0.006214969723841554,0.001462962433467993,0.0005059987486434659,0.45585140483155123,-0.0006080371156304815,0.001043759439018503
1785122894.2266665,0.006334763678215457,0.0014698613911455147,0.00019131559414219647,0.4558323330754809,-0.0006195463528225236,0.0010475856296375712
1785122894.2299523,0.00646154939310908,0.0014770210354876155,-0.00013707508836513724,0.45581373610595954,-0.0006293702880112503,0.0010494674002737487
1785122894.234742,0.006595264277269378,0.001484366523026999,-0.00047637123822474365,0.4557958517977598,-0.0006371013717230786,0.0010490901267941456
1785122894.2441325,0.006735817085838112,0.0014918201993469886,-0.0008242321759381443,0.45577888914027853,-0.0006425957420604652,0.001046196840159237
1785122894.2468212,0.006883118388951831,0.001499317159497237,-0.0011787565436182834,0.45576310642809653,-0.000644898462485159,0.001040171477125415
1785122894.2503152,0.007036850819566282,0.001506868026504563,-0.00155531606872018,0.4557486757726483,-0.0006481330031053162,0.0010322345341507882
1785122894.2558386,0.00719703087806115,0.001514418748170233,-0.001948643388585462,0.45573568651353685,-0.000652710555252815,0.0010229937415600033
1785122894.2612545,0.007363654616666603,0.0015218805756777177,-0.0023499801996190875,0.4557242702762355,-0.0006568482485644233,0.0010121845211031454
1785122894.269334,0.007536648049474765,0.0015291794596595672,-0.0027536738492228217,0.455714683688477,-0.0006577437426573548,0.00099878633377078
1785122894.2716641,0.007715836201585526,0.0015361713595786746,-0.0031560918102424714,0.45570730853222513,-0.0006531886782033803,0.0009811617423819607
1785122894.2801595,0.007900933124167456,0.0015426294305252227,-0.0035548000409671757,0.45570253839917924,-0.0006426082012777487,0.0009577271478405074
1785122894.2809446,0.008091581411771707,0.001548293421479676,-0.003948185727910675,0.4557007675886837,-0.0006266272635431999,0.0009272294912375866
1785122894.284754,0.008287405636260903,0.0015528812991011222,-0.004335094773613326,0.45570234778579627,-0.0006062718233966931,0.00088872387141807
1785122894.2905345,0.008488025312579195,0.0015561005678131133,-0.004714674991589063,0.45570756302398857,-0.0005825722144900074,0.0008415645208250918
1785122894.2955694,0.008693060356130634,0.001557656521915876,-0.0050862959861757455,0.4557166194166023,-0.0005564016174061472,0.0007853948134826229
1785122894.300065,0.008902117773497148,0.001557246760496466,-0.005449604999163202,0.45572970932865686,-0.0005291928442050278,0.0007204538189484891
1785122894.3043401,0.009116405711355628,0.0015561410349647065,-0.005807829278447764,0.4557493436592915,-0.000485275074506513,0.0006368744788077155
1785122894.3099868,0.009334851007868279,0.00155219781484585,-0.006153915919860243,0.45576896785754134,-0.0005213337109421898,0.0005732214359072429
1785122894.3167095,0.00955632202939219,0.0015457218535243685,-0.006490297093718934,0.4557915547573755,-0.00056233947310055,0.00051564705132503
1785122894.3198197,0.009780179571892058,0.0015367371045166335,-0.00681856919189449,0.45581871861500955,-0.0005846796618099951,0.0004578457115599154
1785122894.3263025,0.01000668886726339,0.001526063743327108,-0.007142306437066014,0.45585325788370135,-0.000559085354693112,0.0003873474809035489
1785122894.3312721,0.010236594901551524,0.0015131674748106953,-0.00745867604127483,0.4558910954455524,-0.0005812602958785636,0.00032960808590727213
1785122894.3347843,0.010468542076252267,0.0014975515915812778,-0.007767203872507199,0.4559317875181592,-0.0006250409146197717,0.00028790450659611034
1785122894.3407588,0.010701847863133388,0.001479499490465137,-0.008070370938338983,0.45597728754802236,-0.0006505410140559004,0.00025219004075456217
1785122894.3448682,0.010935330471059096,0.001458415358129242,-0.008374084436599703,0.4560328842199478,-0.0006409908390201878,0.00021871306505568663
1785122894.3502584,0.011170528498117033,0.0014359706059776365,-0.008669795324123791,0.4560874104329721,-0.0005970324402351287,0.0001754837807107424
1785122894.354552,0.011406976502495196,0.0014113029032339253,-0.008959653310373097,0.4561431125943145,-0.0005691709370844839,0.00014013451988184597
1785122894.362648,0.011645103836376333,0.0013855464240580583,-0.009250011603533097,0.4562051891120526,-0.0005146562702621235,9.92613698963451e-05
1785122894.3645265,0.011884223260042005,0.0013567931171999744,-0.009542298287929596,0.4562727505793271,-0.0005398139575198545,8.913255806859494e-05
1785122894.369747,0.012123752537172756,0.001326865647936393,-0.009830127962449848,0.4563383141273179,-0.0005127541058616375,7.400082370025764e-05
1785122894.3788934,0.012364537312634117,0.0012965764737492456,-0.010120753076903743,0.4564086594649155,-0.0004401791555857739,4.7622251207657255e-05
1785122894.38107,0.012606032582083865,0.0012639153411868258,-0.010416128841164546,0.4564836741218846,-0.0004472278411220525,4.9810894965540444e-05
1785122894.3836193,0.012847770754617172,0.0012306786178731155,-0.01070969808216934,0.456555989341289,-0.00040577963990871883,4.544781295020294e-05
1785122894.3917577,0.01309000236751738,0.0011968163794209064,-0.011006331943696431,0.4566305048545588,-0.0003518628874729746,3.967582261202479e-05
1785122894.395525,0.013332838209687241,0.0011623637033979857,-0.011315153092284294,0.4567137494267179,-0.00030050851908742013,3.566168599971008e-05
1785122894.4001634,0.013576281664468354,0.0011276341555768155,-0.011623114532167212,0.45679220116948477,-0.00025121341600095533,3.35209759945113e-05
1785122894.404448,0.013820310829013784,0.0010927737007993927,-0.011940485500570605,0.4568753847190978,-0.00020858288627839344,3.435763204752902e-05
1785122894.4107099,0.01406485237915121,0.0010579825988809308,-0.01226244806928656,0.4569562536815402,-0.00016927197660440493,3.787622231982112e-05
1785122894.4159396,0.014309816800332921,0.0010234423610105733,-0.01258784389137174,0.457034469308815,-0.00013290593701317915,4.3808430941191726e-05
1785122894.4193273,0.014554064921371205,0.000988653794923657,-0.012926389996032009,0.4571183524442465,-9.096688263371123e-05,5.2959548776962104e-05
1785122894.4266577,0.014799231303378001,0.0009551852876790595,-0.01326896837018032,0.4571975822747243,-3.260083512719038e-05,5.172884762917136e-05
1785122894.430262,0.015044206377359398,0.0009214106580277166,-0.013619841673658206,0.45727702556880934,-3.1609506982767517e-05,6.857344380493739e-05
1785122894.4348252,0.015288348301174771,0.0008888941404938311,-0.01398064247959715,0.4573569119565851,5.167533574574711e-05,6.388055003582254e-05
1785122894.4411976,0.015533631770578546,0.0008578008951247972,-0.014347756979750442,0.4574335125862754,0.00010410581457682985,5.84492784156587e-05
1785122894.4454098,0.01577763425538902,0.0008260582535050432,-0.014726646816332708,0.4575106817312604,9.654058501875315e-05,7.578203455914087e-05
1785122894.4498496,0.016021305884081505,0.0007966742863206778,-0.015114278301934764,0.45758551828838967,0.00018638029949614548,6.192432687279404e-05
1785122894.4549346,0.01626613757891734,0.000768888214961212,-0.015509482282324263,0.45765758819048546,0.00022096019638961293,5.421246541341199e-05
1785122894.4606419,0.01650952667356276,0.0007408004844139297,-0.015915217289653914,0.45773010079342213,0.00019321496637059548,7.162843000451949e-05
1785122894.4654233,0.01675229798730908,0.0007152834879117111,-0.01632819343238536,0.4578001358300315,0.0002635469119256,5.966131149567847e-05
1785122894.469359,0.016995227020206147,0.000690760540510744,-0.016749741421534698,0.45786911933559704,0.0002571777846110805,6.413543989631754e-05
1785122894.4785254,0.017236376110913783,0.0006671641022395308,-0.01717589933413376,0.45793330896523127,0.0002744377855199233,6.732705429571545e-05
1785122894.481489,0.01747702824063722,0.000646039363573364,-0.017609120025550526,0.45799641282478804,0.00034621923220107736,4.958307842497364e-05
1785122894.4854424,0.017717732961158757,0.0006260029004706592,-0.01805010068817934,0.4580590880761245,0.0003285455413462013,5.205271539001291e-05
1785122894.4907756,0.01795647812973936,0.0006070193612267705,-0.01849461695514043,0.45811735731960657,0.00033095623868676434,5.5463758420381124e-05
1785122894.4949765,0.018193878273196056,0.0005897901583601248,-0.0189427394642564,0.4581729322746311,0.00036378996621860783,4.884536572655399e-05
1785122894.5007892,0.01843109048716315,0.0005748218763772452,-0.019401421949420745,0.4582326106504597,0.00038597839235867234,3.853799152395239e-05
1785122894.5060377,0.018666548293626687,0.0005607346327053623,-0.01986102507133651,0.45828656942455337,0.0003875842563565555,3.7546695846460404e-05
1785122894.50999,0.01890065162487793,0.0005484048465597473,-0.02032207345017693,0.45833721086508944,0.00040630004358037776,3.1050614497888544e-05
1785122894.5147736,0.019134459384155342,0.0005384281252899759,-0.020791619973031143,0.45839173534333477,0.00041281733268172283,2.307114848751089e-05
1785122894.521232,0.019366366673156846,0.0005293764944873229,-0.02126024681272881,0.4584405643325996,0.0003998193661647561,2.588815196498176e-05
1785122894.5254035,0.019596748222929353,0.0005221284661173043,-0.02172852462961586,0.4584862795073527,0.0004065852938031774,2.401887000886459e-05
1785122894.5307512,0.01982572900430036,0.0005166540114216616,-0.022202692532041546,0.4585358121652411,0.00041276822984153766,2.1675405506626553e-05
1785122894.5353727,0.02005331662741956,0.0005128720980619012,-0.022676512367189778,0.45858207236144616,0.0004155116405707296,1.9737406152908046e-05
1785122894.5429823,0.020279571822100294,0.0005107424618360162,-0.02314749173485391,0.45862465146199327,0.00041273594637683466,1.9292371930528613e-05
1785122894.5463088,0.020503900671526916,0.00050954648057595,-0.023620208295211723,0.4586691999286122,0.0003789048386589617,3.0719228532931235e-05
1785122894.5504355,0.020726875394558246,0.0005111978939576525,-0.024094803228002573,0.4587149508529601,0.0004152739917227902,2.052087601756715e-05
1785122894.5562093,0.020948920767493984,0.000514217451704894,-0.024563971982677825,0.4587558409968649,0.0004051497814734799,2.0937105898338743e-05
1785122894.5605435,0.021169208358965,0.0005180895968966321,-0.025032853871046108,0.4587982854668684,0.00035256473652269503,3.779022649329775e-05
1785122894.566728,0.021387289496020746,0.000524162379235598,-0.025501214405439742,0.45884168369148215,0.00037851350967382113,3.604061686834328e-05
1785122894.569188,0.02160507444877006,0.000532360704449337,-0.02596494303968764,0.4588824260000786,0.00037591334316887224,3.546369225586621e-05
1785122894.5771413,0.02182138805087086,0.0005412491068279488,-0.026426382010261942,0.458924004705271,0.00030943071369545004,5.7282291829936245e-05
1785122894.5801914,0.022035054707321967,0.0005514595313168991,-0.0268838963033107,0.4589646369312961,0.00029348986688866726,7.250791067965247e-05
1785122894.5840874,0.02224762111489521,0.000564257529544713,-0.027338836343686376,0.4590066883542887,0.00033238210022389737,6.749250046674979e-05
1785122894.5906081,0.02245979237414718,0.0005781790621637143,-0.02779162811177376,0.4590502994812077,0.00028345885411480145,8.28046317671556e-05
1785122894.5955904,0.02266984645639699,0.0005931611634078926,-0.028238478244429245,0.4590914812040267,0.0002491185002787743,0.00010115634788633955
1785122894.6005998,0.022878490080801676,0.0006098516478884255,-0.02867960836685574,0.45913175690724056,0.00023932946475136083,0.00011272637837994968
1785122894.6050243,0.023086911758558606,0.0006287271889958505,-0.029121617513956786,0.45917757525449576,0.00021645813895766657,0.00012347985642538898
1785122894.6111877,0.02329369404994435,0.0006483508471870728,-0.029556101872908278,0.4592195799852652,0.00017208507656607926,0.00014577147446478793
1785122894.6159847,0.023499283770775797,0.0006695511288816341,-0.029983993024332394,0.4592600891468479,0.00014384257619461606,0.0001651165691615956
1785122894.6199737,0.023703306426088946,0.0006914748676022737,-0.030409673713338536,0.45930395988034106,9.03094864931264e-05,0.00019428062292980416
1785122894.6261718,0.02390643907120928,0.0007159080703661544,-0.03083355937535845,0.45935008508065855,0.00010325909199240827,0.00020231453806625593
1785122894.6307364,0.024109144495852657,0.0007413817566133293,-0.03124908439228922,0.459392394966456,6.911988288259638e-05,0.00022078498580855018
1785122894.6342666,0.024309726030853702,0.00076675754924526,-0.03166237929961241,0.45943715214398523,6.936617451242625e-07,0.00025602350270686694
1785122894.6405404,0.024508826639485212,0.0007937891853516459,-0.03206872102177264,0.4594796950616926,-6.466410355267197e-07,0.00027176337605914054
1785122894.645567,0.024708603270831905,0.0008234221513175656,-0.03247338769622245,0.4595252985264581,1.4769608064211742e-05,0.0002720554422668522
1785122894.650472,0.024907222185172273,0.0008524776378554769,-0.03287460683167848,0.4595714213741117,-7.023503285764322e-05,0.00030510971528062045
1785122894.6549823,0.025104833245525874,0.0008829831722518328,-0.03326858996088624,0.4596144586912281,-0.00010534097379503593,0.00032693305734036825
1785122894.6614294,0.02530187768517457,0.0009146671348627762,-0.033662340563673177,0.4596616658616441,-0.0001355465077323186,0.0003462717801890272
1785122894.6646585,0.025498533150175404,0.0009473722409622065,-0.03405096971662986,0.4597065374744199,-0.00017114585248386767,0.0003661158321971007
1785122894.6699355,0.025694945752216408,0.0009810144473722002,-0.03443301165850368,0.4597487883863792,-0.00021543879066584238,0.00038831635546766636
1785122894.6783004,0.02588967577105076,0.0010142724591038616,-0.034814275916739,0.45979399193996323,-0.0002830376156000198,0.00042338701938363186
1785122894.6804736,0.02608403033249865,0.001049511177335779,-0.0351919563960681,0.4598388801009117,-0.00026255139247039714,0.0004294253271993051
1785122894.684039,0.026279575727766544,0.001085851051639367,-0.03556557753947147,0.4598827461948806,-0.00029706381561148457,0.0004423757444299198
1785122894.689797,0.026474151693416582,0.0011214889185977724,-0.03593819564994686,0.45992831431824044,-0.0003926529152399683,0.00048013642693370387
1785122894.6954646,0.02666811280882257,0.0011581776355808918,-0.03630568107075331,0.4599713701504605,-0.0004282390661746908,0.0005035758818841446
1785122894.699466,0.026861934458047784,0.001195532302967515,-0.03667632256006454,0.4600190609675029,-0.0004575275902266043,0.0005233354863474626
1785122894.70551,0.027055910993466464,0.0012334221654971876,-0.03703915227285801,0.4600604980158341,-0.0004916181969782471,0.0005424806576245279
1785122894.7131371,0.027250198472518635,0.0012717840312269934,-0.03739856885298948,0.4601011639713407,-0.0005374100378556653,0.0005641739723203082
1785122894.7146919,0.027443401701603056,0.0013093655826190292,-0.03775958069375467,0.46014539025486767,-0.0006077988296899458,0.0005986127058582343
1785122894.7198238,0.027637665914560898,0.0013489448847643704,-0.038119950428218474,0.4601897605416289,-0.0006027864266413455,0.0006050289312007369
1785122894.7272663,0.027832435366585372,0.0013877882343972488,-0.038477996006377115,0.4602329108762828,-0.000688077992853138,0.0006372388313030835
1785122894.7307487,0.028026497352861723,0.0014265608319204315,-0.038833563202729765,0.46027412077693924,-0.000738557584996857,0.0006661216709267777
1785122894.735208,0.028220716805081345,0.0014657024524952662,-0.039187098266888966,0.460314480640719,-0.0007631611318459111,0.0006861034859388311
1785122894.740702,0.028415463343884884,0.0015049807896057477,-0.03954609613856643,0.460359903661266,-0.0007942005556934578,0.0007051027961109841
1785122894.7461908,0.0286109176475514,0.0015443281027123835,-0.03989940150197575,0.46039941113716365,-0.000835443957306076,0.0007257044672089074
1785122894.75155,0.028806594808664116,0.0015830156371563263,-0.04025302441880101,0.46043975492070577,-0.0009108739504798525,0.0007584659451267016
1785122894.7544472,0.029001694176998105,0.0016214257851678445,-0.040605942633112575,0.4604791102120281,-0.0009394419572635215,0.0007818946852585396
1785122894.7620292,0.029198691357880793,0.001661110033625526,-0.04096081559266979,0.4605197677166398,-0.0009320247979474978,0.000785687433997266
1785122894.7668412,0.029395914076846424,0.0016990922673828612,-0.04131598975731087,0.4605598511904973,-0.001016485970213015,0.0008193022514046053
1785122894.7696896,0.029593553979334303,0.001737232617058651,-0.041668176943579716,0.46059631149365193,-0.0010547893706599066,0.0008420439740840051
1785122894.7800193,0.029791493220516573,0.001774553146903831,-0.04202237283348493,0.4606346737541029,-0.0011117626926839582,0.000871021123451752
1785122894.78171,0.02999054666686615,0.0018125547815253688,-0.042379730675132024,0.46067432639915584,-0.00110969323278894,0.0008798575854200543
1785122894.7838807,0.030191115613265655,0.0018500296525910754,-0.04273386010193404,0.46070976277628545,-0.0011560847936794214,0.0008998898249114505
1785122894.7896109,0.030391555834001424,0.0018859498037097624,-0.0430907291396751,0.46074695854055503,-0.0012363648916519018,0.0009367034538634246
1785122894.796503,0.03059241815094536,0.0019218589195435097,-0.04344613303410762,0.4607817747042536,-0.001256031482804877,0.0009569273316853897
1785122894.8000755,0.03079518040164439,0.0019578643354223524,-0.04380720112377261,0.46082079898876555,-0.0012813230080587746,0.0009724618289512953
1785122894.8043642,0.030998593366317388,0.0019928109932398014,-0.04416602076031944,0.46085568130810234,-0.0013302455633996937,0.0009981616177518766
1785122894.8101037,0.031203076229374422,0.0020273968048858254,-0.04452388422611212,0.4608888114630973,-0.0013696233301794829,0.001021854985181078
1785122894.814725,0.03140737337899242,0.002060350809294574,-0.04488577170164816,0.4609248903200603,-0.0014270745457251812,0.0010557813359448115
1785122894.8201873,0.0316127737673574,0.002093733819009441,-0.04524898442338555,0.4609607554774379,-0.0014048309636782341,0.0010625933254800944
1785122894.825716,0.031820193465552045,0.002126159096699119,-0.04561446164277214,0.4609971550283835,-0.0014581689405362532,0.0010852408286763262
1785122894.830052,0.03202809792809586,0.0021575876215723664,-0.04597912021844019,0.4610308996738975,-0.0015027655743089247,0.0011105794795122433
1785122894.8347383,0.03223711225881197,0.0021885538113627354,-0.046343666495373845,0.4610636386763286,-0.0015297700944285762,0.0011306684599438446
1785122894.8415067,0.03244660850459469,0.002218185670901293,-0.0467141796865794,0.46110124096673516,-0.0015534118843894729,0.0011517543554117903
1785122894.8462205,0.0326580779071163,0.0022467179507660983,-0.04708123424563414,0.46113537211962935,-0.001572321700106674,0.0011682429305254211
1785122894.8500702,0.03287070229410275,0.0022727276118627454,-0.04744763777170638,0.46117000314668266,-0.0016418435302209982,0.0012037447163675337
1785122894.8548937,0.033083533434846144,0.0022966342651747703,-0.04781271932036695,0.4612040153945073,-0.0016685897201038455,0.0012344271376794154
1785122894.8600922,0.033297451514555015,0.0023187617319263814,-0.04817658932054757,0.4612382135307321,-0.0016698004741244454,0.0012567931919626367
1785122894.86554,0.03351285374358754,0.0023388765574314605,-0.048546314795959764,0.4612779696383881,-0.001677470122487286,0.0012786807903385434
1785122894.8701215,0.033729831991210935,0.0023569787135992986,-0.04891082025430865,0.46131284110077503,-0.0016969274583154067,0.0013035275236156938
1785122894.8773537,0.03394783188866185,0.002372440694181464,-0.0492757196056867,0.46134916647380614,-0.0017480181756487714,0.0013405001803773887
1785122894.8792808,0.0341660149598964,0.0023856162210382148,-0.04963986556975966,0.4613852472779757,-0.001754259309093833,0.0013689580003903373
1785122894.8852043,0.03438615302052099,0.0023972240316060094,-0.0500074089556474,0.4614249132839625,-0.0017464075341517933,0.0013870680943868148
1785122894.8910794,0.034607117639346104,0.0024061349535605117,-0.05037077499628346,0.4614605281715615,-0.0017567846001971792,0.001411993264941947
1785122894.896135,0.03482936190203123,0.0024129916874437132,-0.05073126131642439,0.4614947309664517,-0.0017586899180802448,0.0014332364344449302
1785122894.8991542,0.03505249466816698,0.002417110177738657,-0.05109297834483854,0.46153203026846323,-0.0017871540319182996,0.0014627970129073768
1785122894.904997,0.03527717787771506,0.002419885426643862,-0.0514567568472474,0.46157157496503526,-0.0017606722398323935,0.001474030489633897
1785122894.911705,0.03550305799145994,0.002419646679327447,-0.051817862472660854,0.4616094439346632,-0.001798339234502041,0.0015040933928466926
1785122894.9143457,0.035729020070033174,0.002416929142640537,-0.05217633890827982,0.4616455857916833,-0.0017978864931959915,0.0015278604616756053
1785122894.9201171,0.03595639799189074,0.0024127128560637546,-0.05253450834038826,0.46168290594130007,-0.00175159199161173,0.0015333107825426934
1785122894.926713,0.03618488946566828,0.0024054343941733248,-0.052893558043464226,0.4617217000817496,-0.0017734279958709941,0.0015568765514818806
1785122894.9299247,0.036414202313335434,0.0023960972350755847,-0.053247582343595314,0.4617568305302251,-0.0017689194602405701,0.0015739800653256349
1785122894.9343634,0.03664394537321337,0.002383991243750505,-0.05360162184508897,0.46179398436090396,-0.001781293552009141,0.0015970178060466854
1785122894.9429724,0.03687478534856091,0.002370476338306572,-0.053956949715449,0.46183289927245613,-0.0017340453028590753,0.0015996580149114422
1785122894.9464445,0.0371069183832286,0.0023545052615071994,-0.054307296809221035,0.46186837860376884,-0.001727888636004147,0.0016114576084499883
1785122894.9502237,0.03733864858013691,0.0023352918409505503,-0.05465839376294852,0.46190598230163965,-0.0017470510657381661,0.001636118586324346
1785122894.9551947,0.0375709607908301,0.0023147169714552353,-0.05500806779152166,0.46194345247739627,-0.0016857539138640115,0.0016347237700671893
1785122894.9616203,0.037804564314813556,0.0022916366835996154,-0.05535743447293269,0.46198154741810105,-0.0016872675366158777,0.0016464304179357573
1785122894.9654555,0.0380378453072479,0.002266013734210194,-0.05570361300768021,0.4620173366122493,-0.001673518718770818,0.0016579270398403517
1785122894.9702606,0.038271310252462096,0.0022383289981987436,-0.05604735397650446,0.46205245200535755,-0.001636807727683319,0.0016612087991759094
1785122894.9811213,0.03850517262413941,0.0022085812435563086,-0.05639594717670569,0.4620923929048868,-0.0015991690169996405,0.0016610122826672873
1785122894.9852073,0.03873940797841544,0.00217667137069384,-0.05673866218802242,0.46212728992689733,-0.0015683703569346807,0.001660906773959836
1785122894.9938056,0.03897339691348482,0.0021421581516156366,-0.057081189440247475,0.4621632862065754,-0.0015621476753642372,0.0016689599329135607
1785122894.9963708,0.03920769778104263,0.0021064421135847697,-0.0574251117403495,0.4622004589126256,-0.0014973021642107275,0.0016572755310669727
1785122895.0005355,0.03944406779508257,0.002068120636106425,-0.05771539554687035,0.4622426248605002,-0.001508414895130855,0.0016517042161186028
1785122895.0055585,0.03968205651772948,0.002027978104219214,-0.05797926497437993,0.4622969919364501,-0.0015016413766917953,0.0016342704278708953
1785122895.0105667,0.03991978724952169,0.0019861230637702194,-0.058237031160012664,0.4623583649532826,-0.0014818570112528709,0.001617847646890386
1785122895.0151534,0.040159569653759386,0.00194392877046681,-0.05850369177936219,0.4624243098694395,-0.0014174096642735822,0.001587102395315493
1785122895.0211322,0.040397393126564214,0.001899843064013462,-0.05878987744389451,0.4624945048337672,-0.0014777620135281236,0.0016128873474837446
1785122895.025956,0.04063246586081204,0.0018550754255443702,-0.05909817530782579,0.46256666777573574,-0.0013883860587066913,0.001607364377100904
1785122895.0302153,0.040867305362758184,0.001810069590312226,-0.05944053360951356,0.4626463136157277,-0.0013020133999329191,0.0016021841536541944
1785122895.0347173,0.04109898711755462,0.0017638949294604986,-0.05982055395330197,0.4627306668293241,-0.0012747992738800687,0.0016258274449933545
1785122895.0475097,0.04132910220406112,0.0017177386340521753,-0.060237519187107444,0.4628185380292366,-0.001194581141612332,0.00163633218786974
1785122895.0609617,0.04155463145627853,0.001670489460614048,-0.06069663411690337,0.4629105811934232,-0.0011213196626476578,0.0016584833992699033
1785122895.0624661,0.0417790605105827,0.0016234262105487894,-0.06119099759234128,0.4630021139594521,-0.0009899454370735142,0.0016568708187867285
1785122895.0776966,0.04200048805101945,0.001575523450166628,-0.06173234367546359,0.46309974987141633,-0.0009954151675097263,0.0017024904355105537
1785122895.0793188,0.042218238658327294,0.0015284646781761324,-0.06231613861934774,0.4632004595026094,-0.0009374526223432906,0.0017343608103853605
1785122895.0928645,0.04243234125630256,0.0014822569468215315,-0.06293582743623642,0.4633007028995069,-0.0008357404713619726,0.0017522226490905737
1785122895.1188262,0.042644046625197565,0.0014377339135645732,-0.0636057384498587,0.4634095447630112,-0.0008022909291734338,0.0017861779175363033
1785122895.1212893,0.04285115391235385,0.0013938778831678433,-0.06430381429537335,0.463512549146148,-0.0007619351917106182,0.001823205094158711
1785122895.1228197,0.04305426620280859,0.0013519851356995213,-0.06508920329279493,0.46361615448543714,-0.0007040989910303189,0.00185340410999508
1785122895.1350508,0.04325275326430344,0.0013112688579686271,-0.06594313243041738,0.46371500450127134,-0.0006474458945905493,0.0018839381029780464
1785122895.13781,0.043448180520227864,0.0012730619443740686,-0.06683335136446449,0.46380580132876564,-0.0005907994204235656,0.0019076216787004528
1785122895.1417716,0.04363815036667566,0.0012356367774359717,-0.06775026466400391,0.463897024614117,-0.0006056676666687125,0.0019580383021937987
1785122895.1689308,0.04382343328837008,0.001201399999027533,-0.06867681318392055,0.4639846515117462,-0.0005127606791365205,0.001973575624215734
1785122895.1707547,0.044005013269894706,0.0011691452396166572,-0.06960157454518193,0.4640675461072881,-0.0004556597476701254,0.0019922182822716657
1785122895.1722279,0.04418211144021422,0.0011394399535953506,-0.07053122891256543,0.4641560535481218,-0.00044901803227832593,0.002024663106111763
1785122895.173729,0.044353703744811554,0.001111694969831114,-0.07144703542071323,0.46423827908969506,-0.0004143429619021071,0.0020495244134936786
1785122895.1749666,0.044521581520376406,0.0010870882312338345,-0.07235299923495306,0.46432226747263305,-0.0003740145619081533,0.0020657717034409328
1785122895.1764476,0.044683415172008197,0.0010645641749158026,-0.07324655919037848,0.46440641515077413,-0.00035504215337719096,0.0020902845460481737
1785122895.1837385,0.04484133396575598,0.0010447906303041692,-0.07411573204790842,0.4644844090702891,-0.0003205218972032611,0.002102451023755718
1785122895.187981,0.04499520164371586,0.0010278394610370375,-0.07496666138826831,0.46456451443844343,-0.00031708953536122166,0.002122439152137354
1785122895.1999009,0.045142382845675184,0.0010127294477727483,-0.07580156002385859,0.46464704802307955,-0.00037377211537031673,0.0021672158019675554
1785122895.2016287,0.045283985945542934,0.0010009910482431778,-0.07660754771689093,0.46472372554687896,-0.00030707008559254407,0.002170903084176566
1785122895.2031498,0.04542131346610018,0.0009913685073610025,-0.0773813817146663,0.4647948470854202,-0.0002747365205765597,0.002175922869299078
1785122895.2068725,0.04555476200505872,0.0009862614125107892,-0.07819581126120782,0.4648612756404687,-0.000278063094946751,0.002181342158251837
1785122895.2104895,0.04568383882313153,0.0009827097281763508,-0.0790311321553491,0.46491624344369537,-0.00030343646363247716,0.0021880325768511
1785122895.2149856,0.0458076411866672,0.0009819077320395006,-0.07984880223726572,0.4649620812659328,-0.00032124415069615644,0.0021871745020689212
1785122895.2198272,0.045925636671311144,0.0009836868468620964,-0.08062521409092442,0.4650014085556741,-0.00034064305277819865,0.0021810435450857527
1785122895.2256205,0.0460374347160878,0.0009879508886892104,-0.08134585359871466,0.46503565996671953,-0.00036414559018952336,0.0021709874740725487
1785122895.2321484,0.04614274098277984,0.0009946204227018775,-0.08200167059870674,0.46506563971275133,-0.00039180703380936957,0.0021578358970333524
1785122895.2337859,0.046241328583949,0.0010036104115186567,-0.08258702584881013,0.46509181827892226,-0.0004229636190725588,0.0021421382944568756
1785122895.240693,0.046333019724109255,0.0010148222672996972,-0.08309851269345189,0.4651144916259851,-0.0004568855033053638,0.002124299624178407
1785122895.2447073,0.04641762958479644,0.001028138126906704,-0.08351502453533663,0.4651337594723908,-0.0004940760441977184,0.0021060038472519088
1785122895.2504485,0.046495165346731676,0.0010434179689534954,-0.0838401641393807,0.4651494593402592,-0.00053353356406646,0.0020879613272320368
1785122895.2543714,0.04656566200355681,0.001060466234977813,-0.08408267399529162,0.46516145948149434,-0.0005729692591745141,0.002069749472337461
1785122895.2596896,0.04662907001474271,0.0010790724193825271,-0.08424870545037107,0.4651696924623583,-0.0006109697858127866,0.002050908275151823
1785122895.2641063,0.04668528761141122,0.001099066629374673,-0.08434341500299179,0.4651742337588151,-0.000647707353266737,0.0020314096661973157
1785122895.2686546,0.046734251283392925,0.0011203082767649744,-0.08437148276360236,0.46517525358621914,-0.0006836435364827365,0.002011414628480397
1785122895.2746696,0.04677593457256959,0.0011426548101859952,-0.08433718031403606,0.4651729841921464,-0.0007191484163732195,0.001991165129497106
1785122895.2791886,0.0468103382119429,0.001165962653375451,-0.08424460520769281,0.46516769867885827,-0.000754489390119166,0.0019709300905313603
1785122895.2847805,0.04683748390900896,0.0011900888102582023,-0.08409781354422086,0.46515969592143946,-0.0007898396791395395,0.001950973720748574
1785122895.2902005,0.04685741038208301,0.0012148920362962078,-0.08390088361189695,0.4651492894187002,-0.0008252933032882158,0.0019315381013750622
1785122895.2960348,0.04687014553383722,0.0012401650249603822,-0.08361646702692764,0.46513674846690545,-0.0008612664867457778,0.001914871282190202
1785122895.299572,0.046875917592503584,0.001265844401456866,-0.08325805344454813,0.46512172260283724,-0.000896350478566783,0.0019015342456320304
1785122895.3045597,0.0468749693751717,0.0012917884476801673,-0.08284829111648363,0.4651039286822577,-0.0009283984800705772,0.001890692685381187
1785122895.3109672,0.04686740298542844,0.0013178639397867706,-0.08240288268388264,0.4650832927408977,-0.0009565016695409933,0.0018815421002655536
1785122895.3164308,0.04685325346586687,0.0013439839054302425,-0.08193326561802408,0.46505995744883477,-0.00098163689826356,0.001873828582964105
1785122895.3216138,0.0468325965542202,0.0013700834546954335,-0.0814479846271466,0.46503416984664514,-0.0010048544001504014,0.001867419725703579
1785122895.3251305,0.04680554261620083,0.001396140890343298,-0.08095359915680733,0.465006235478316,-0.001026995894475496,0.001862247595033307
1785122895.334628,0.046772224427249216,0.0014221380046943058,-0.08045549704123627,0.4649765004849216,-0.0010488277272891354,0.0018582404953292975
1785122895.3366814,0.046732792333123475,0.0014480560193231339,-0.07995829592816507,0.46494532910496206,-0.0010708934752660718,0.001855332025508163
1785122895.3393664,0.04668741150694873,0.001473876158846463,-0.07946606078869321,0.46491308719378005,-0.0010934978853836712,0.0018534693306907362
1785122895.3454027,0.0466362871981203,0.0014995774416912378,-0.0789643544576965,0.46487982406906203,-0.0011158339591651792,0.001852978555328607
1785122895.3510294,0.046579630255347795,0.001525135222008162,-0.07846072016019374,0.4648456247484876,-0.0011376777185411178,0.0018537984337562053
1785122895.3545475,0.04651763702181102,0.001550525615591397,-0.07796620297166322,0.4648106853436003,-0.0011593322684983344,0.001855880420367895
1785122895.3614988,0.04645059658587872,0.0015763491578352651,-0.0774950272675529,0.4647751632891841,-0.0011802713457238715,0.0018590147466806767
1785122895.3656433,0.04637878615534507,0.001602772438453049,-0.07705455496775733,0.4647394227942742,-0.0012030734881346094,0.0018639797497967373
1785122895.3695467,0.0463024447303725,0.0016297437011249898,-0.07664836425263478,0.46470377009839675,-0.0012285113509854014,0.0018712345772292235
1785122895.3758385,0.046221796758364554,0.0016571954705907402,-0.07627896079571667,0.46466843144530956,-0.0012561410166984862,0.0018808624304054913
1785122895.3805964,0.04613705831545132,0.0016850416642686895,-0.07594806081974466,0.46463358121561527,-0.001285213365257179,0.0018927388097338016
1785122895.3851802,0.046048441423596015,0.001713178293170781,-0.07565676675922448,0.46459935684840453,-0.0013150284490060652,0.0019066268348049383
1785122895.389218,0.04595615696292914,0.0017414855844239247,-0.07540568030041525,0.4645658668232244,-0.0013450389378549194,0.0019222327230908245
1785122895.395029,0.04586037205232508,0.0017698706135615982,-0.07521033181769175,0.46453355481163916,-0.0013761278608611861,0.0019391994412924461
1785122895.4007258,0.04576131199335114,0.0017981552350423973,-0.07506664441579397,0.4645027102562833,-0.0014075536383561695,0.00195706794880438
1785122895.404408,0.04565919895668508,0.001826164877357185,-0.07496712815111291,0.4644734671799488,-0.0014385496630461155,0.0019754403537895677
1785122895.409909,0.04555424739412923,0.0018537420273938298,-0.07490675680230668,0.4644459090606051,-0.001468722443062368,0.001993994947864779
1785122895.4154077,0.04544667327293002,0.0018807310641436887,-0.07488189687280478,0.46442007310424727,-0.0014978363344154467,0.0020124624029837133
1785122895.4192328,0.045336696000032775,0.0019069792305153673,-0.07488968705312825,0.4643959561832792,-0.001525728389616311,0.002030621748308056
1785122895.425998,0.04522453894759928,0.0019323376708734442,-0.07492768196513971,0.46437352019830475,-0.0015522686270787827,0.0020482968637716287
1785122895.435293,0.045110429257735056,0.0019566625246610785,-0.07499365008344142,0.46435269718786637,-0.0015773412426277715,0.0020653528858745177
1785122895.4422631,0.04499459729753383,0.0019798160420125325,-0.07508546196212242,0.464333394314913,-0.0016008363018010408,0.0020816923833047556
1785122895.4450808,0.04487727596154554,0.002001667688233736,-0.07520103147572293,0.464315498743635,-0.0016226470136209365,0.0020972513337430133
1785122895.451663,0.04475869992228817,0.002022095209839055,-0.07533828816425768,0.4642988823621104,-0.0016426699790482431,0.0021119949817513025
1785122895.4589624,0.04463928637250495,0.002041195907524357,-0.07546065380845174,0.4642832627713726,-0.0016569787599927245,0.0021254908289932745
1785122895.467079,0.044519216407838194,0.00205883042124787,-0.07557450067327104,0.4642680880433284,-0.0016672455588523376,0.0021379669201730474
1785122895.4708455,0.0443986410188324,0.0020748271785791124,-0.0756933442210251,0.46425267794013886,-0.0016747986777496816,0.0021496339183849017
1785122895.4822092,0.044277694416813444,0.0020888712244648265,-0.07582247193661372,0.4642365058531883,-0.0016811631941691088,0.002161038662818999
1785122895.4873683,0.04415660962358013,0.0021008689032615733,-0.07596580200215547,0.46421906393326395,-0.0016853821376635134,0.002172060641869468
1785122895.4998703,0.044035640790268255,0.0021108063450829785,-0.07612596187716053,0.4642000122476666,-0.0016871862683350896,0.0021826470070408417
1785122895.501964,0.043915046302328675,0.0021186712438140878,-0.07630416121148638,0.46417917930379704,-0.001686739748829321,0.0021928521637083393
1785122895.5103197,0.04379506716350955,0.0021244626665413305,-0.07650221567900942,0.4641565211407497,-0.0016845056208975695,0.0022028246895782278
1785122895.5136771,0.043675961576904926,0.002128174165919004,-0.0767194455330117,0.46413209345702294,-0.001680371489571992,0.002212576175182602
1785122895.5209634,0.043557966922675294,0.0021297992006200665,-0.07695446858585288,0.46410602212425145,-0.001674011226874626,0.00222201710037939
1785122895.5226743,0.04344128949402061,0.0021293403893200722,-0.07720595129442753,0.46407849643832955,-0.001665300387207131,0.0022310870584236896
1785122895.5277438,0.04332611940373983,0.002126810985275893,-0.07747257197696034,0.4640497567278617,-0.001654296389135271,0.0022397772752946153
1785122895.5427876,0.043212640502256476,0.0021222315046524943,-0.07775298013191238,0.4640200690983277,-0.0016410595572953041,0.002248080008766961
1785122895.544051,0.04310102930375316,0.002115629543368634,-0.07804580342815333,0.46398971131009925,-0.0016256348229559674,0.002255982020340781
1785122895.5628362,0.042991471609346875,0.0021070542919990986,-0.07834974424375446,0.46395902631304314,-0.0016073018360254323,0.002263136844579463
1785122895.563761,0.04288413771130138,0.0020965451015660407,-0.07866374038548467,0.46392850775312866,-0.0015845412525234256,0.0022684600754540596
1785122895.583979,0.04277901004359282,0.0020840509746568713,-0.07899369832615602,0.46389823102215016,-0.0015610768740822662,0.002272539071294516
1785122895.5919657,0.04267628476603186,0.0020697017070748,-0.07933609742799715,0.463868537688314,-0.0015349415121475713,0.002274896272334302
1785122895.5959175,0.04257610432569556,0.002053567138475649,-0.07968636578970698,0.46384005937889533,-0.001504015708982913,0.0022740841084247466
1785122895.6074636,0.04247846228821169,0.0020356078635417204,-0.08004403133222417,0.46381328639762853,-0.0014692354206526544,0.0022692135618594986
1785122895.6157374,0.04238337934810686,0.002015814574368583,-0.08040610135135354,0.4637887938851303,-0.0014298778957393642,0.0022590393295800434
1785122895.6293705,0.042290823810803214,0.001994140706258579,-0.0807696847184218,0.4637672003932679,-0.0013854404469901104,0.002242107854816002
1785122895.6311796,0.04220198494280362,0.0019711274211718865,-0.08113544462593525,0.46375042974436703,-0.001325548413838298,0.0022108005951705675
1785122895.635871,0.042116062443915664,0.0019459629757180709,-0.08149603692361651,0.463734335460895,-0.0013107570159898644,0.0021886969930166402
1785122895.6462078,0.042032247634108844,0.0019187015431770447,-0.08185197702659296,0.4637213077033116,-0.001293166281661603,0.002163636150781751
1785122895.6507654,0.04195004664654251,0.0018892237713923853,-0.082203347489374,0.46371267010198347,-0.0012584788218087738,0.002129139425610161
1785122895.655884,0.04186797845871786,0.0018577451409203904,-0.08255472800325893,0.46371121694622314,-0.0011854857070161776,0.002090808389531748
1785122895.663981,0.04178612272566642,0.0018239033640645285,-0.08290129917437894,0.4637142384172052,-0.0011260761138408575,0.0020578259692614616
1785122895.6665735,0.0417056688624946,0.0017873796571832728,-0.08324109496144687,0.463720319153556,-0.0011069364102660017,0.0020300471044597886
1785122895.6702743,0.041626529360179625,0.001748100989020895,-0.08357590168861871,0.4637317574640535,-0.0010755249864402424,0.0019902208425808293
1785122895.6793754,0.04154948015461218,0.001705806637227402,-0.0839039101849947,0.46374680765186016,-0.0010677811358842124,0.0019458567775989437
1785122895.6819127,0.04147520923327966,0.0016607769181098153,-0.08422823889185312,0.463767592996645,-0.0010439172873417048,0.0018844374639018788
1785122895.6897805,0.0414026522708527,0.001612253812740835,-0.0845430874336399,0.4637901285992243,-0.001051194047917767,0.001825625089556418
1785122895.6904697,0.041332715552160976,0.001560780585004761,-0.0848554093899053,0.4638189801617671,-0.0010185844396476682,0.001744373935486211
1785122895.7001543,0.041268586656857266,0.0015063917839551481,-0.0851609516628572,0.4638515315403206,-0.0010094781406483294,0.0016426779330043788
1785122895.704264,0.04120860590024211,0.0014485385457775816,-0.08545643858609264,0.46388442208102654,-0.00104552777420016,0.0015473177943266803
1785122895.7135818,0.04115149983222274,0.0013881951291684746,-0.08574872105431224,0.46392245948135435,-0.001028751082980362,0.0014396569925930463
1785122895.7161121,0.041097696643241755,0.001325805135026795,-0.08603944870038809,0.46396487556642213,-0.0009879264911389141,0.0013276558147299361
1785122895.719819,0.04104522187463039,0.0012607265095182024,-0.08632765215611668,0.4640087860566729,-0.0009894474170743025,0.0012395168981233918
1785122895.725828,0.04099276975874144,0.0011933111544968058,-0.08660827651578878,0.46405081226863704,-0.0009335028080218306,0.0011449232218931505
1785122895.7301755,0.040942221544704956,0.0011244982849960632,-0.08689181069459374,0.46409801812768775,-0.000800853201385429,0.0010258974942368986
1785122895.734963,0.04089361247035248,0.0010537132047265345,-0.08716943255848619,0.4641426359304686,-0.0007510175726523861,0.0009345443236126183
1785122895.7417984,0.04084498051755475,0.0009811306403368812,-0.08744290061540058,0.46418694482460326,-0.000716673802461359,0.0008604946221656882
1785122895.7470055,0.040794818153267534,0.0009069238417317986,-0.0877193357546655,0.4642364394636506,-0.000645581632670344,0.0007865727501148162
1785122895.7522185,0.0407459890136524,0.0008320562955640446,-0.0879954479335714,0.46428599409039095,-0.0005266318770268338,0.0006951684265368878
1785122895.755944,0.04069705230769396,0.0007559418490900447,-0.08826508814754656,0.46433145916238944,-0.0004687038452142897,0.0006278873408656601
1785122895.7599576,0.04064718262035213,0.0006791020895290164,-0.08853857428709178,0.46438009505269157,-0.00040152707969999605,0.0005655120480865692
1785122895.7649007,0.04059616073460147,0.0006017389886079221,-0.0888122431810548,0.46442717717345866,-0.0003178887400224014,0.0005026118540092223
1785122895.7765746,0.04054534010259526,0.0005244995437763983,-0.089088384880733,0.46447433634249496,-0.0002064115911140667,0.0004295497092195314
1785122895.7833674,0.04049456713638322,0.0004474612703215993,-0.08936551882998499,0.4645205982639167,-0.00011940779847723072,0.00036551593953855743
1785122895.7850575,0.04044277968852589,0.00037064357144255276,-0.0896467369196969,0.4645667459699221,-8.400961569206984e-05,0.00032402342707439467
1785122895.7859573,0.04038996726148112,0.0002947224391588885,-0.08992843955835511,0.4646106146493766,8.612108994037479e-06,0.00026925595950023744
1785122895.7917035,0.040337028165913585,0.00021982733337569513,-0.09021118683392457,0.46465261910805755,8.096098979447836e-05,0.00022041498670591952
1785122895.7943141,0.04028329826357301,0.00014628415078231095,-0.09050208407838672,0.46469667691463273,0.00014415528132238325,0.00017752753075842603
1785122895.7997334,0.04022839252930574,7.41209505916922e-05,-0.09078990170412964,0.4647351054516307,0.00021025879723172557,0.00013664163296649113
1785122895.8063064,0.04017364784728054,4.023580823965731e-06,-0.09108260155516279,0.46477407171040946,0.0002990196392033951,8.657924614031207e-05
1785122895.8244364,0.04011842379671717,-6.406549254002358e-05,-0.09137980831739383,0.4648132992358065,0.00034797768629469595,5.085722194472771e-05
1785122895.8384273,0.0400622735115355,-0.00012991510537648912,-0.09167749966098862,0.46484893538592503,0.0003934860068423242,1.9656964446455837e-05
1785122895.8395905,0.040005467400419534,-0.00019320962532569505,-0.09197632821180814,0.46488304836405697,0.0004663732166937019,-1.920538694352073e-05
1785122895.8548372,0.03994817789909294,-0.000253939542050572,-0.09227817701037266,0.46491668747461173,0.0004945941798194267,-4.410441452190192e-05
1785122895.856438,0.039890256503478654,-0.00031160023202814256,-0.09258303375193126,0.46494907381741835,0.0005594828991772379,-7.961548781306914e-05
1785122895.8853369,0.03983154013979712,-0.00036648934539179037,-0.0928850872512896,0.4649768667242724,0.0006005748336683136,-0.00010763227438761696
1785122895.8870983,0.0397722639077037,-0.00041819263614065655,-0.09319019755930583,0.4650054507756114,0.000661410658613211,-0.00014250955336808554
1785122895.8887749,0.03971336971624018,-0.00046634420044380553,-0.09350308778177778,0.4650360915275047,0.0006943990753654471,-0.00017143854993534265
1785122895.8925402,0.03965378131173171,-0.0005113039567458362,-0.09380844623222212,0.4650594079092315,0.00070226302159981,-0.00018901603859743617
1785122895.9032588,0.03959303938829961,-0.0005529033801877617,-0.09411145388046391,0.46508128036684904,0.0007198749229339674,-0.00020608235838480885
1785122895.9096503,0.03953103084436483,-0.0005910529273974449,-0.09441900805339587,0.4651066684783045,0.0007532825683886776,-0.00022766981641760033
1785122895.9186566,0.039469365697970396,-0.0006253356775337381,-0.0947292274017555,0.46513183049773454,0.0008091016589728205,-0.0002621105405660056
1785122895.9201474,0.039407337882076066,-0.0006562847469922283,-0.09503207985760413,0.4651515038531726,0.000813655567529457,-0.0002808977086438902
1785122895.9214807,0.03934439048382833,-0.0006837323319456472,-0.09533215943612099,0.4651706340997987,0.0008166743026432551,-0.0002965429056874887
1785122895.926941,0.039279583978734385,-0.0007077433721151938,-0.09563701107707101,0.4651936905412616,0.0008367398888515292,-0.0003155965076096418
1785122895.933309,0.039214302349168416,-0.0007283488150297637,-0.09593784787847794,0.46521407983775614,0.0008748702435646302,-0.0003461001442576056
1785122895.9358919,0.0391497244973144,-0.00074536116997322,-0.09623870404852457,0.4652349841618701,0.0009118794202204726,-0.0003829708813109461
1785122895.9492657,0.03908464026479927,-0.0007591947046487969,-0.09653735852826491,0.4652551537749022,0.0008818050700397524,-0.00039731800955399694
1785122895.950238,0.039018388854919685,-0.0007697101127924782,-0.09683577472917708,0.46527542925097076,0.0008995254820998937,-0.00042395250944615015
1785122895.9560435,0.038949911578039925,-0.0007768200699836365,-0.09713024251709604,0.4652938932502336,0.0009240547125641809,-0.0004401275869603919
1785122895.9662201,0.03887941749700129,-0.0007812383877627335,-0.09742399773390412,0.465313320764582,0.0009559661884582386,-0.00045616903160597297
1785122895.969517,0.03881009606929803,-0.0007831227984918324,-0.09771995367503211,0.46533387773725166,0.0009611051546077251,-0.0004737323927415451
1785122895.975875,0.03874032836331322,-0.0007830149095794538,-0.09801090133104673,0.46535193234555117,0.0008766143607071845,-0.0004637620130090504
1785122895.9788582,0.03866900072690371,-0.0007811814778583429,-0.09829841766539539,0.4653685277575862,0.0008304171761567604,-0.0004660813978478542
1785122895.9847155,0.03859844471850539,-0.0007778217395643957,-0.0985869562674063,0.46538648536965055,0.000834502896874456,-0.0004970709953054951
1785122895.991041,0.038529280477368706,-0.0007732482594902429,-0.09887405308131972,0.46540460555909285,0.0008239941819381529,-0.0005357536502859489
1785122895.995017,0.03846479334228628,-0.0007678522704975122,-0.09915903346074788,0.46542235502602913,0.0007581385560338961,-0.0005823233052710618
1785122896.0007868,0.03840412993291467,-0.0007610949674946068,-0.09944660994681098,0.46544301582824743,0.0006753539381540235,-0.000629518552350143
1785122896.0050583,0.0383463174602501,-0.0007529288318827738,-0.09973257195648949,0.46546219968098806,0.0006067502093692352,-0.0006761051330674678
1785122896.0102725,0.038290794174051096,-0.0007435188096410173,-0.10001523364276922,0.46548031670743073,0.0005604966059585968,-0.0007210027274737726
1785122896.0140972,0.03823802146526338,-0.0007328227018767979,-0.1003032838535801,0.46550245136362994,0.0005287303795689211,-0.0007629274399064387
1785122896.0198634,0.038186486694982244,-0.0007211641548251196,-0.10058851481558069,0.46552238623648484,0.0005042803135343684,-0.0007959818429268842
1785122896.0254266,0.038137770888416064,-0.000708456629237332,-0.10087530497566596,0.4655432964249568,0.0005138480050450501,-0.0008356596540226646
1785122896.0294657,0.038089947972928515,-0.0006951992747942625,-0.10116267585071999,0.46556438827301805,0.0004765450080170603,-0.0008507658135437407
1785122896.0344195,0.038043704032535784,-0.0006812879483200846,-0.10144924177994018,0.4655849909389651,0.0004978173798875076,-0.0008798842368930949
1785122896.0419114,0.03800005857921041,-0.0006668644570940121,-0.1017351165953872,0.46560535199527314,0.0004935599555562222,-0.0008998976547325753
1785122896.0452456,0.037957522146580686,-0.0006521471500577474,-0.10202615928020992,0.46562891734033884,0.000473334957035971,-0.0009077318756362776
1785122896.0490212,0.03791716288668321,-0.000637051031357368,-0.10231425285928604,0.4656499595601998,0.00046153135379178113,-0.0009152013403312648
1785122896.05501,0.03787797808896475,-0.0006218314328198616,-0.10260312333358622,0.46567212964279764,0.000423009877128656,-0.0009084024854026121
1785122896.0612605,0.03784042410698386,-0.0006064938743700443,-0.10289575570176882,0.4656956462680846,0.0004306246410133192,-0.0009134172121410955
1785122896.0673938,0.03780469337188065,-0.0005911402638493284,-0.10318525333372612,0.4657171788325961,0.0004161545870924066,-0.0009100349822689443
1785122896.069764,0.03777135129650591,-0.0005760208187157763,-0.10348394094072512,0.4657423142429755,0.00038814072503397907,-0.0009005541374725498
1785122896.075943,0.037738789500794234,-0.0005618161956953474,-0.10379114259506544,0.46576501778491425,0.00035103515372308415,-0.0008808869238281081
1785122896.079689,0.037708272247864466,-0.0005481034061746866,-0.10410818729317296,0.4657900424511387,0.00032729666548526285,-0.0008633011847257153
1785122896.084336,0.03767849011461302,-0.0005354195252207981,-0.10443233457195446,0.46581210537288176,0.0003035788834020545,-0.0008407191624225655
1785122896.0930765,0.037650570684983245,-0.0005234413129621255,-0.10476355559537613,0.4658350477822732,0.00031310207618760944,-0.0008294204952324126
1785122896.0963392,0.037624099998815864,-0.0005124396801382064,-0.10510523720438243,0.4658596656984653,0.00028146895993637816,-0.0008043504287592877
1785122896.100567,0.03759959681525292,-0.0005026896221283761,-0.1054593468385809,0.4658830903448696,0.0002907971259297103,-0.0007925996167315371
1785122896.105017,0.03757758724402177,-0.0004936868083566686,-0.10582130086273364,0.46590687871916175,0.0002554770861973223,-0.0007668575683483514
1785122896.1111214,0.037556610467419406,-0.0004858840174868218,-0.10619149405410602,0.4659292617661684,0.0002374918860399268,-0.0007423136801223817
1785122896.11448,0.03753817680140084,-0.0004788754627597308,-0.10657006639547512,0.46595417294880936,0.00023487851059530543,-0.0007244886317070765
1785122896.1198301,0.03752110282924193,-0.00047282483784757186,-0.10695056244524098,0.4659763811309337,0.00023049858011476318,-0.0007049522604515672
1785122896.1260161,0.03750647118981294,-0.0004679896303785041,-0.10733901308974216,0.46599945024451406,0.00025326621183502786,-0.0006978050742489632
1785122896.129302,0.03749387495729738,-0.00046456787766727516,-0.10773912018356234,0.4660240334112555,0.00023110058992209385,-0.0006769378344500205
1785122896.1344326,0.037483804374176845,-0.0004621184976574997,-0.1081441682725115,0.46604762662270116,0.00024813182446932236,-0.0006691435364023927
1785122896.1402118,0.03747581895074648,-0.0004603124192901801,-0.10855151203890932,0.46607208139665623,0.00022609858824162,-0.0006483822774057718
1785122896.1457815,0.0374697171959995,-0.00045916316797316615,-0.10895678268041939,0.4660942917790859,0.00023251040848929006,-0.0006371095199887382
1785122896.1501756,0.037466487013793584,-0.000458781552330631,-0.10936800097867022,0.4661203539144734,0.00023881643091839375,-0.0006303990831947881
1785122896.1545932,0.037464824536713036,-0.0004597837508177332,-0.10978438515891785,0.4661445296688448,0.00023717892159814152,-0.0006203601997645515
1785122896.1601336,0.03746602669221464,-0.0004613505220417095,-0.11020337232589142,0.4661713102693501,0.00024296282905275719,-0.0006153560115905198
1785122896.1673474,0.037468710475542844,-0.0004636541739735303,-0.11061890948885719,0.4661957154446422,0.000244684064342493,-0.0006079994146463226
1785122896.1701856,0.03747459716081564,-0.00046620676923040424,-0.1110309097701993,0.46622156584347657,0.0002708241304514145,-0.0006133925045342955
1785122896.1750019,0.03748171178832149,-0.000469695066137357,-0.11144331119760893,0.4662483268473181,0.00024518284794472706,-0.0006006867355706417
1785122896.1797924,0.03749156038052199,-0.0004734385341450568,-0.11185099471778152,0.4662755514660858,0.00026922359028165707,-0.0006068282416016263
1785122896.1849182,0.03750230975352137,-0.0004784930988320846,-0.11226161758484907,0.46630319068110826,0.00024874083144140434,-0.0005975726249197959
1785122896.1903698,0.03751566251373966,-0.00048404342706244435,-0.11266961811541513,0.4663308292972936,0.00027956787913457584,-0.0006078214927977882
1785122896.1948724,0.03753117509409762,-0.0004906292597951204,-0.11304004224692668,0.4663653887779227,0.00027238214158703723,-0.0006072456222899167
1785122896.1998944,0.03754853200435671,-0.0004975268012907425,-0.11338855315134205,0.4664099242481615,0.0002618382828926575,-0.0006037080929851311
1785122896.2048943,0.037566048729605735,-0.0005050609682247229,-0.11373312028758963,0.46645667832720583,0.00026712843196309414,-0.0006007993105609952
1785122896.2102232,0.03758697502714799,-0.0005125515881347276,-0.11408196685199394,0.4665082599545812,0.00029758530685370716,-0.0006115827102657031
1785122896.2149165,0.03760728344977317,-0.0005211274873298143,-0.11445862964716197,0.466563242131546,0.00030505097642311344,-0.0006084551264180092
1785122896.22012,0.03763085729631067,-0.0005290403092358929,-0.11486267231714282,0.46662096783721546,0.00035158340125136393,-0.0006227337147118483
1785122896.225416,0.03765367016621331,-0.00053832026033288,-0.11530503870176954,0.46668110722720263,0.00037119753909664317,-0.0006213554662124194
1785122896.2294824,0.03767962422063258,-0.0005466836391871855,-0.11577800783718545,0.4667434863682811,0.00042886678396155417,-0.0006361020836570213
1785122896.235061,0.03770598234603803,-0.0005553886930776493,-0.11628608562124634,0.4668084376458161,0.0004548586988709204,-0.0006351986991877227
1785122896.2419915,0.037733092081188344,-0.0005644042764998595,-0.11683553975938336,0.466873073384399,0.0005007681499732744,-0.0006369110890658753
1785122896.2444193,0.037763855716543546,-0.0005701745811128971,-0.1173937291730072,0.46695044072880154,0.000584891138342961,-0.0006544093924387958
1785122896.249673,0.03779259626859098,-0.0005778411699164259,-0.11797570324774642,0.4670338927024082,0.0005177795743433993,-0.0006141740903008347
1785122896.254522,0.037821933122722584,-0.0005820905951740013,-0.11860477997183745,0.4671211271173515,0.0006474072578623222,-0.0006364881861025111
1785122896.2598407,0.03785421516591038,-0.0005837256918512414,-0.1192707338741163,0.4672207425220277,0.000706802461983143,-0.0006481737019457722
1785122896.2685108,0.03788663319031409,-0.000582520110938866,-0.1199666312545192,0.4673224187715558,0.0006641686974830597,-0.0006191631825281993
1785122896.2709386,0.03791765594294702,-0.0005778819021743734,-0.12070455503145103,0.46741485034811375,0.000707221869557237,-0.0006089293688758547
1785122896.2759705,0.037950202501689734,-0.000569862045042417,-0.12149395278621926,0.46752070353990677,0.0007382021627763308,-0.000602792477121169
1785122896.2791936,0.037981282297907426,-0.0005605814634450905,-0.12234459040236617,0.4676272209039641,0.0007268707879790521,-0.0005807657434906744
1785122896.2847972,0.038013592079730166,-0.0005478485986419367,-0.12324382371700751,0.4677416035535646,0.000733003194042897,-0.0005699674191787544
1785122896.2925007,0.038044915074372715,-0.0005338198956382226,-0.12421617803611604,0.4678498250630722,0.0006715297038420817,-0.0005363793859921052
1785122896.2949655,0.038073182375649765,-0.0005187574775283879,-0.12523207233723396,0.46797141149929156,0.0006538570632229604,-0.0005123012785339829
1785122896.3003745,0.03810450831637982,-0.000498184361870841,-0.12630454213574666,0.46809396128452047,0.0007640107585575486,-0.000545096662886059
1785122896.3043368,0.03813906220438291,-0.0004770349789994088,-0.12743271472345338,0.46822273969997424,0.0006662750059853006,-0.0005260077435378242
1785122896.3105934,0.03816911368625918,-0.0004586535929285203,-0.12862570080919322,0.46835525574010134,0.0004978074700467415,-0.00046708751823308956
1785122896.31539,0.038195908092320194,-0.00044022217581354367,-0.12986145070113211,0.46849700734484545,0.00046774234697578404,-0.00044889146833697715
1785122896.3199773,0.03822568469910029,-0.00041795554225407836,-0.13115814128133288,0.46863293654365284,0.0005801814675687142,-0.0004961507984249467
1785122896.3253798,0.03825870348540138,-0.00039452301755954895,-0.13250106804080936,0.46877222582562733,0.00048391805242497084,-0.0004891369565505847
1785122896.3324094,0.038287146678290016,-0.0003732430034837228,-0.13389871575777543,0.4689147954471439,0.0003176804445103599,-0.00044034555645544674
1785122896.334419,0.03831244839427403,-0.0003522426317802905,-0.13533771566338956,0.46906710711015787,0.0002897067281138274,-0.00043096577397827086
1785122896.3397768,0.03834104851166884,-0.0003277335342346265,-0.1368365399974626,0.4692145105467166,0.00040262548816050094,-0.0004856113535222873
1785122896.3453367,0.03837333888377423,-0.0003031263295939542,-0.13840455744404034,0.4693637073492485,0.00030780218584319373,-0.000485739383790667
1785122896.3509524,0.03840240155456176,-0.0002812113970499808,-0.14004027478701467,0.4695141346957689,0.00013737873967144455,-0.00043956629228746394
1785122896.354651,0.03842947596375736,-0.0002594547591297737,-0.14171454297109015,0.4696719453570705,8.749173870102681e-05,-0.0004214900210651865
1785122896.3621273,0.03845880051858274,-0.00023568892918283878,-0.1434440963873879,0.46982207248428903,0.0001305657178282943,-0.00044252127596666117
1785122896.3670716,0.038489879053809684,-0.00021223263317110417,-0.14521754750851631,0.4699800387960841,8.570074338747566e-05,-0.0004409456984445975
1785122896.3694136,0.03851938704607495,-0.00019092498752165308,-0.14702972459357566,0.47014280565789324,-2.2966092771956597e-05,-0.000409502638876325
1785122896.3755953,0.038547926785101744,-0.0001700634298473576,-0.1488650777825446,0.47031199402941387,-5.139168703765936e-05,-0.0003989426862935243
1785122896.3799326,0.03857944105993503,-0.00014737108131210894,-0.1507444828299277,0.47047300734911696,-8.723261731364766e-06,-0.00042108732291340435
1785122896.384641,0.03861070027280863,-0.00012694100542410972,-0.15267106992329804,0.47063850891760817,-8.247734945368106e-05,-0.00040590673699759624
1785122896.3900309,0.038642060537300814,-0.00010698507319006006,-0.15462204204153948,0.47081561298018426,-0.00011502665436852862,-0.00040044176943622537
1785122896.3946476,0.038673816130297335,-8.768131292599324e-05,-0.15660441687231083,0.47099421308440564,-0.00012525189427154638,-0.0004027925024136185
1785122896.3990436,0.03870909360325762,-6.654196606650015e-05,-0.15863310095728558,0.47116101116993914,-9.745918456977867e-05,-0.0004257003568510078
1785122896.4046078,0.0387447598615752,-4.864788613433561e-05,-0.16070198486989518,0.4713278676325234,-0.00018194671246274125,-0.0004080125479474113
1785122896.409267,0.03878105586525441,-3.106102435666405e-05,-0.16278345510037154,0.47150232687974547,-0.00021951939326629813,-0.00039534129558028844
1785122896.4139948,0.03881918639186217,-1.2493097247693993e-05,-0.16487573696893518,0.47167583085503995,-0.0001995494165319911,-0.0003988765585735742
1785122896.4191487,0.03885742266317157,2.622026235273829e-06,-0.16699282538004614,0.4718435725219774,-0.0002765590345629622,-0.0003695950183823078
1785122896.4250414,0.03889541116178997,1.764492756852186e-05,-0.16912231971771644,0.4720132769307568,-0.00024150800288050557,-0.00036563193772985383
1785122896.4295146,0.038935628007443046,3.323314825948021e-05,-0.17125706636498098,0.47218632480975403,-0.00019943393806033508,-0.0003727238024859071
1785122896.4346066,0.03897847730185819,4.9540635267280136e-05,-0.17339264464437976,0.4723585539195039,-0.00016349934267744998,-0.00038336288508489697
1785122896.4419394,0.039024133150375756,6.486486373895664e-05,-0.17553319779444726,0.4725274331491972,-0.0002319415234248788,-0.00036543533415051173
1785122896.4496124,0.03906787376385307,7.561263372431549e-05,-0.17768227935012515,0.47269361773083896,-0.00032549406074005265,-0.00031890796068825177
1785122896.4506605,0.03911324746278691,8.93717955504262e-05,-0.17984052261978892,0.4728584084013776,-0.0002768134960486328,-0.0003126011317359984
1785122896.454753,0.03915994056081266,0.0001021405589361075,-0.1819911716061014,0.47302510170271345,-0.0002665991001972249,-0.00030005730647024887
1785122896.4616742,0.03920784509772433,0.00011411118868719977,-0.18413935221948596,0.4731855120944446,-0.0002734472276880683,-0.00028303403282237285
1785122896.4667993,0.03925873068946063,0.00012802199444296664,-0.18629317163544779,0.4733414329448004,-0.0002713150566717751,-0.00027285634062458743
1785122896.4700582,0.0393109326143551,0.00013951413466309245,-0.18843460148119137,0.47349929009802494,-0.0003706752504841828,-0.00022909451757722882
1785122896.475808,0.03936282714679558,0.0001491778459876779,-0.1905611055433014,0.4736577178647845,-0.0004470577873869245,-0.00017586925226790851
1785122896.479364,0.039414899312112034,0.00015850715258342022,-0.19266428879639272,0.4738154159039521,-0.0004759180405619233,-0.0001285274763152674
1785122896.4842272,0.03946518858502801,0.00016407605188422758,-0.19475264617075003,0.47396665321352377,-0.0005018841683757631,-7.278589282693939e-05
1785122896.4931183,0.039516876067768165,0.0001729934656966092,-0.1968272198679663,0.47411248649000454,-0.0004128932030654195,-5.640931387246948e-05
1785122896.497494,0.039568775883716885,0.00017936584383421947,-0.19887783234727824,0.4742564760796199,-0.00040383006480186146,-2.489726351281562e-05
1785122896.499802,0.0396218555722403,0.00018697591591187396,-0.20091632682611846,0.4743960314680233,-0.0003526876422757619,-9.4791828196988e-06
1785122896.5045094,0.03967610953921614,0.00019389557098357078,-0.2029277028182062,0.4745373650130093,-0.00034748464664016525,1.3829592177431683e-05
1785122896.5108788,0.03973057386997223,0.00019875294846163815,-0.204916092491406,0.47467525105301084,-0.0003886248336370445,5.261648013121482e-05
1785122896.5180523,0.039784132508012424,0.0002019740528995854,-0.20688189202419066,0.4748100195329234,-0.0003888561659436663,8.856965999916097e-05
1785122896.5214453,0.03984039272221947,0.00020977114699902762,-0.20883562331234296,0.4749375881000724,-0.00029914378513806646,8.959045394637416e-05
1785122896.5255778,0.039897741060032056,0.00021514028960237559,-0.2107771892280244,0.4750630908499156,-0.0003387502751753213,0.0001213521032388869
1785122896.5298035,0.03995599665650957,0.00022040034172246073,-0.21269260795954276,0.47519108568827295,-0.0003828049094721381,0.00015905470950511154
1785122896.534327,0.04001502000287699,0.00022559418961411854,-0.21458050801673156,0.47531806440333574,-0.00042672502628014514,0.000201374423777316
1785122896.5402262,0.04007389900742519,0.00022916453099541343,-0.21644494740209674,0.4754398038957783,-0.0004913791848131182,0.0002558702222213399
1785122896.5458117,0.04013010380912589,0.0002291565095084092,-0.21829456800068797,0.4755554177304414,-0.0005203115628791037,0.00031499785988652154
1785122896.5501025,0.04018509165784775,0.0002293279540243173,-0.2201112493113372,0.475671000461684,-0.00044144631078499373,0.0003444894334536428
1785122896.5545912,0.04024165108508531,0.0002321620283213072,-0.22190821618317488,0.4757817151671777,-0.00030002672599552764,0.0003402297612327945
1785122896.5619705,0.04029940852546951,0.00023445088716700523,-0.22367945963219255,0.4758919854409903,-0.00022977731844674921,0.00034300103585895367
1785122896.5730615,0.040358291150656284,0.000236561473895165,-0.22542664551316371,0.47599930488898895,-0.00019921637579475496,0.0003520028504151449
1785122896.5770621,0.04041901792051324,0.0002400061675294199,-0.2271557400942031,0.47610027205272115,-0.00016847845499953534,0.00035799054739407856
1785122896.5795233,0.04048162210052312,0.00024334754672938972,-0.22887387641334528,0.47619523122444796,-0.00021862421610274618,0.00038530074456364933
1785122896.5853598,0.04054254873515049,0.0002439493460977826,-0.23058647319381878,0.47628638295103715,-0.0002914872643348925,0.000434387808537389
1785122896.592272,0.04060288051717336,0.00024499174001756693,-0.23228327746022986,0.47637857743065365,-0.00028437113748660663,0.0004665599980110696
1785122896.5968637,0.040662968998927,0.00024608367861476987,-0.23395901928788193,0.4764703352517915,-0.00024379202191095807,0.0004866591918334042
1785122896.6005085,0.04072393931909343,0.00024806432320819164,-0.23562017028403756,0.4765581535237837,-0.0001730286868904881,0.000490727618966132
1785122896.6049852,0.04078704498504565,0.0002508076770154679,-0.2372715860856603,0.47664351182578113,-0.00014795328625833576,0.0004990640780297479
1785122896.61114,0.04085154677622177,0.00025365714742725445,-0.23891122646917387,0.47672704143231004,-0.00017432792405076847,0.0005227918975500772
1785122896.616777,0.04091712725359659,0.00025682866787443096,-0.24054013049872144,0.4768072140064027,-0.00022549501668392896,0.000558785626452228
1785122896.6204157,0.04098150264149743,0.0002585977793802516,-0.24216801160173954,0.47688108248592104,-0.0003052058217000327,0.0006141084558456719
1785122896.6267352,0.04104530348616589,0.0002607693033650306,-0.24378901225102606,0.4769534905652589,-0.000326404701824673,0.0006572040821241016
1785122896.6324725,0.04110881914475054,0.00026305514905053515,-0.245403335570294,0.4770233051095745,-0.00032451590344646623,0.0006919798336649072
1785122896.6347268,0.04117350820320929,0.00026614100211728,-0.2470232426255733,0.47708653532129663,-0.00031862111428085507,0.0007195214213548732
1785122896.641089,0.04123785779864912,0.00026863129545676715,-0.24864486758259102,0.4771508285719585,-0.0003426680928383066,0.0007564008490966287
1785122896.6448772,0.041302389209304825,0.00027129711985274355,-0.2502739474030376,0.4772147258250928,-0.0003628022756729408,0.000791695273746351
1785122896.6515396,0.04136723461611631,0.00027410618860659316,-0.2519056573389522,0.47727694319459296,-0.0003859312825590445,0.0008270692440765838
1785122896.6548908,0.04143249824690737,0.0002770565288534942,-0.2535341687126379,0.4773370960164517,-0.0004153082168563492,0.0008638536244901919
1785122896.6605253,0.04149757906825969,0.00027934351999123473,-0.2551594762070829,0.47739376348426843,-0.0004684999182536176,0.0009093391715526637
1785122896.665379,0.041561755137229546,0.0002811182149735752,-0.2567808004370233,0.47744913902522307,-0.0004956730850588472,0.0009511522022774054
1785122896.6773078,0.041625802226857106,0.0002829976214903435,-0.258393482540541,0.477504627335468,-0.000496048277989164,0.0009829750009033948
1785122896.6817527,0.041690076950678584,0.0002848543678764386,-0.25999627614618265,0.47755975418634183,-0.0004914511585895446,0.0010090278150744615
1785122896.6858747,0.04175486166389111,0.0002866653736436264,-0.26158827499680265,0.4776142425140494,-0.0004922766769479256,0.0010326159605282823
1785122896.6898944,0.04181880670020685,0.0002872689831159578,-0.2631754136810941,0.4776664950098783,-0.000516073615289628,0.0010633811587353447
1785122896.695797,0.04188274279584416,0.0002878559248691823,-0.26475252152168643,0.47772060536079636,-0.0005038270366268648,0.001080739454330087
1785122896.7002218,0.04194712954584885,0.0002882413389428546,-0.26631786948724556,0.47777613482400694,-0.00048329305046597166,0.0010901868518908917
1785122896.704719,0.04201232327094311,0.00028837848050100216,-0.26787145892120834,0.4778325625466043,-0.0004676417205533455,0.0010960357170870488
1785122896.7118347,0.04207858431753218,0.0002882786417089142,-0.26941356008601225,0.4778894650590646,-0.0004622749032018157,0.0011015775716640705
1785122896.7150292,0.042146089114020645,0.000287971835052873,-0.27094430754451737,0.47794657196965035,-0.00046864910388406006,0.0011092699918771023
1785122896.720215,0.042214944035273975,0.00028748942156954076,-0.2724638071962738,0.47800372827169113,-0.0004863920656721751,0.0011209115475426202
1785122896.7269692,0.04228519942050975,0.00028685768496219716,-0.2739721834729469,0.47806086101719975,-0.0005144435234019401,0.0011377951635112007
1785122896.7320678,0.042355171608529314,0.00028484699808515836,-0.275476654222319,0.4781163473185331,-0.0005659656072462633,0.001168527489716144
1785122896.7368538,0.04242559007089701,0.0002827102183355877,-0.27697234562102185,0.4781745784496697,-0.000575345528557754,0.0011896244128202216
1785122896.7421567,0.04249679180009759,0.0002802223844776491,-0.2784591352107674,0.47823478810753356,-0.0005719568774066985,0.0012059422868142956
1785122896.746165,0.04256903613101548,0.0002773111679874716,-0.27993694832026234,0.478296319866386,-0.0005704250629142872,0.0012213607103713964
1785122896.7510638,0.0426425086355775,0.0002739703637614136,-0.28140293073333833,0.4783591478161637,-0.0005773759885528643,0.0012389219054811198
1785122896.7548823,0.0427173232903993,0.0002702379930955126,-0.28285855888102635,0.47842271780581797,-0.0005950496262853752,0.0012608922055385608
1785122896.761058,0.04279353626810596,0.0002661658028722941,-0.2843057189056905,0.47848644894897197,-0.0006236768631088155,0.0012889279581779526
1785122896.764697,0.042871158146715715,0.00026180774937087657,-0.2857456479446231,0.47854992525976525,-0.0006626555575461788,0.0013242176039933754
1785122896.770095,0.04295016446405918,0.00025721801732203267,-0.2871792492372964,0.4786128497777771,-0.0007111367047523062,0.0013675874682057697
1785122896.778739,0.04303050519367345,0.0002524514917321717,-0.2886072521761715,0.4786750106946161,-0.000768310049498287,0.001419587244613238
1785122896.781277,0.04311211283028302,0.0002475652451107771,-0.290030293040125,0.4787362567898253,-0.0008335208040865345,0.0014805570037520878
1785122896.7839184,0.043194909024900634,0.00024262023104384357,-0.2914489554135314,0.4787964796970079,-0.0009062961286849282,0.0015506783271316694
1785122896.7899961,0.04327880985330477,0.00023768275630179915,-0.29286379035765703,0.4788556011336756,-0.0009863276549555789,0.0016300123572934111
1785122896.7961686,0.04336373116903315,0.00023281910821470477,-0.2942733138183847,0.47891392055467347,-0.0010734575495569669,0.0017185627077800929
1785122896.7997744,0.04344958791937757,0.0002281103487383483,-0.29567903432049925,0.47897129411754313,-0.0011675070468747306,0.0018162327728765556
1785122896.8057299,0.04353549434219741,0.0002229070005013993,-0.2970863345946515,0.4790261563365184,-0.0012865646992662823,0.0019298303975641491
1785122896.8106961,0.04362050329344178,0.00021743312974100652,-0.29849809148377515,0.47908089948574256,-0.0013763687792961365,0.002044128237106273
1785122896.8153646,0.043705420585861555,0.0002122571804734202,-0.29991179225277875,0.47913685115886934,-0.0014362327045296605,0.002151259520746425
1785122896.82049,0.04379056473199797,0.00020730437144844034,-0.30132778866559956,0.47919311655361907,-0.0014904017098533184,0.0022553632179998077
1785122896.8278377,0.043876191228647554,0.00020262292085007253,-0.30274637647363567,0.47924895983272037,-0.0015505747626239482,0.00235963842402689
1785122896.8333166,0.043962491711390175,0.0001983165516578516,-0.30416785400169705,0.47930380629690905,-0.0016216465270210473,0.0024664511418312405
1785122896.8379512,0.04404959956609942,0.00019450873573927398,-0.30559254609636,0.479357230599044,-0.0017049907030842286,0.002577472638560237
1785122896.8424587,0.04413759865445588,0.00019132465714377094,-0.30702081069502196,0.47940893814459823,-0.0018003081936057506,0.0026938182278987157
1785122896.8453448,0.04422653304254504,0.00018888303279144595,-0.30845303721283807,0.47945874400205135,-0.0019066364481404138,0.0028161728023707133
1785122896.8492088,0.044316416339315066,0.00018729460714630495,-0.3098900059250049,0.47950648827766984,-0.002022871901050811,0.0029448899633296344
1785122896.8557324,0.04440724075409475,0.00018665930711010768,-0.31133196886526554,0.47955216490144925,-0.002148031780495236,0.0030800940144342717
1785122896.8607898,0.04449898396387483,0.0001870688005656394,-0.31277915347031915,0.47959583488790614,-0.0022813129944706623,0.003221747250504676
1785122896.8647768,0.04459161501114032,0.00018860846388545654,-0.3142318923156497,0.47963758572408594,-0.00242210708754156,0.003369701521267358
1785122896.8716903,0.04468509904924968,0.00019135878041494836,-0.315690577298879,0.47967752397674435,-0.002569978396640842,0.0035237392590983406
1785122896.8792608,0.044779400951839625,0.00019539654605371282,-0.3171556351968493,0.47971576888761075,-0.002724625282526557,0.0036836034494297414
1785122896.881478,0.04487266665787667,0.00019946160422674726,-0.31863488132900974,0.4797507296492763,-0.0029009881682023264,0.0038573522401084822
1785122896.8841121,0.04496577061425431,0.00020502728938578377,-0.32012327883195485,0.479787107013669,-0.003030552855705603,0.004019480770017733
1785122896.890372,0.0450590598052318,0.00021189323709436327,-0.3216209249543088,0.4798242140583622,-0.0031450246916994787,0.004174241733169132
1785122896.89483,0.045152829942834365,0.00022002644581068124,-0.32312982320537853,0.4798611512222792,-0.0032603145827803767,0.004324990313242213
1785122896.899428,0.04524732039601203,0.0002294605510281968,-0.3246491890793545,0.47989758829768964,-0.003383722596479491,0.004474330955342566
1785122896.9039073,0.04534271414131841,0.0002402575028758884,-0.3261781054234314,0.47993339222191894,-0.0035178527249191257,0.004624216644660368
1785122896.9100978,0.04543914409139418,0.00025248622551720946,-0.327716209866457,0.4799684784887931,-0.00366296195997328,0.004776058535997842
1785122896.9147906,0.04553503706623132,0.0002649962927428832,-0.32927013672151845,0.4800012414342774,-0.0038321526980974047,0.004938510751299219
1785122896.9193723,0.04563129691501275,0.00027913675420092456,-0.3308350073658257,0.480035844516492,-0.003962032495360833,0.005089336420798708
1785122896.9253087,0.04572828674621104,0.00029470306664368607,-0.3324107619187233,0.4800716075095602,-0.004080403517943672,0.0052330420311534715
1785122896.9294915,0.04582630276472101,0.00031162884150826026,-0.33399743756472355,0.4801079798274778,-0.0042008667481685975,0.005373200501154615
1785122896.9349186,0.045925572963549224,0.00032991028866749056,-0.33559517133495625,0.4801445467400427,-0.004329339277220607,0.005512555230590628
1785122896.942951,0.04602626302283574,0.00034956714057492384,-0.3372041900849323,0.48018101909965805,-0.0044677483095591055,0.005653162351023285
1785122896.9465618,0.04612684411606905,0.00036943016597299746,-0.33883133227381207,0.48021565831363167,-0.004629822010963656,0.0058041393671686755
1785122896.950766,0.04622823598013056,0.00039082091434206956,-0.3404749505790776,0.480251927895733,-0.004753558408627103,0.005944016954039606
1785122896.9567528,0.0463307953837194,0.0004135059839872181,-0.34213355139547913,0.48028928777809377,-0.004866468481706774,0.006077499524491419
1785122896.9613392,0.04643480758838628,0.00043738980429484556,-0.3438053741173735,0.4803274535530598,-0.004981913911614763,0.006208354185096064
1785122896.9653366,0.04654048621202718,0.000462443901216155,-0.34548950223581876,0.4803661832546596,-0.0051056392678834085,0.006339491143729716
1785122896.970571,0.04664644643742365,0.00048755614470177573,-0.3471915774801323,0.48040384078987386,-0.005252331796281585,0.006480253481049277
1785122896.9829674,0.046753588819475105,0.0005139476766992595,-0.34890678415775744,0.48044409201674226,-0.005364836016948936,0.006611386566989235
1785122896.9860823,0.04686225462382606,0.0005413931700000622,-0.35063484940711553,0.4804862243485929,-0.005468718499991075,0.006737742071283334
1785122896.9932065,0.04697271034273882,0.0005698001035175001,-0.352375620583941,0.48052966044352685,-0.005576305536757091,0.006863160781044079
1785122896.9970345,0.04708449674924004,0.0005984110565686276,-0.3541355567022951,0.4805723187038237,-0.005707220395484262,0.006996006540524097
1785122897.001354,0.0471971796407166,0.0006274530556517976,-0.35591365403616565,0.4806159471504526,-0.005819843693618907,0.007127792413336648
1785122897.005656,0.04731152397033632,0.0006574893669117989,-0.3577048088866832,0.4806618228684906,-0.005913396481399367,0.007254112371350076
1785122897.0107677,0.0474278045011678,0.0006883711901129435,-0.35950757452889126,0.48070948031306415,-0.006006298759379723,0.007379248217117334
1785122897.0150967,0.04754622214854317,0.0007200470966910949,-0.3613210760300872,0.4807585246417914,-0.00610703185797451,0.007506512772421785
1785122897.0201044,0.0476653518490041,0.0007510702539448549,-0.3631512426331753,0.48080713916602824,-0.006231581428674126,0.007646001759700726
1785122897.025815,0.04778615438505601,0.0007830989352826289,-0.3649922803740197,0.4808588543232397,-0.006321210190470933,0.007778738433976104
1785122897.0318344,0.047908918329506466,0.0008159043526037873,-0.3668437038314324,0.4809128834557487,-0.006403023216355404,0.007909532002241128
1785122897.0354102,0.048033862227662004,0.0008494015029356529,-0.3687051424005895,0.4809685772658017,-0.006490250337415007,0.008042150383629623
1785122897.0424447,0.04816043153379232,0.0008827975600561887,-0.3705794881653773,0.48102431400202844,-0.00660383419060964,0.008185324352438511
1785122897.0466747,0.04828814004228668,0.0009164323965916483,-0.3724814732926582,0.48107923171015976,-0.006700480420044483,0.008329435032192148
1785122897.0502667,0.04841778251614646,0.0009509326808677843,-0.37440031391235873,0.481135248447538,-0.006780497163212919,0.008469370760757617
1785122897.0545835,0.048549620317983565,0.000986167658607563,-0.37632669545447717,0.4811930540183861,-0.006863727645717448,0.008609418480056719
1785122897.0609906,0.04868321299346634,0.0010208861337311797,-0.378258538280246,0.4812520343917575,-0.006972344386078515,0.008758042925504752
1785122897.06488,0.0488183271957925,0.001055545410909293,-0.38019224575172705,0.48131373346300976,-0.007064731841078472,0.008909688769041474
1785122897.0694785,0.04895565143604131,0.0010913066407671958,-0.3821218588409168,0.48137917999250707,-0.007141568374311899,0.009060523615707293
1785122897.0754423,0.04909473404988614,0.0011269620498383594,-0.3840487554248053,0.4814470077965493,-0.007234457995643735,0.009218916490598564
1785122897.0854137,0.04923532105678384,0.0011628826631377084,-0.3859715730386379,0.48151814239351454,-0.007310326286955523,0.009379640473607176
1785122897.0924628,0.049378062689451344,0.0012000790359671931,-0.387885937192205,0.4815931310756314,-0.00737287336822499,0.009539244622988342
1785122897.0974228,0.049523099890871,0.0012384481050353871,-0.38979090420949664,0.48167117027304607,-0.0074416463547525005,0.009701234015419835
1785122897.1017926,0.049670522364239855,0.0012779900952901312,-0.39168661897665136,0.4817514019311677,-0.007525976692619491,0.009868199689581475
1785122897.1046717,0.049818958035269076,0.0013166027201755128,-0.39357874497119466,0.481831889452039,-0.007639709857966032,0.010049473767882258
1785122897.111196,0.04996938775851104,0.001356908627123756,-0.39545957471061427,0.481915308533861,-0.007727461229135105,0.010228966788847403
1785122897.1149828,0.05012193115387379,0.0013987282197816117,-0.3973282517159648,0.4820007632996889,-0.007815777239268618,0.010410188698370482
1785122897.1201763,0.05027603622033456,0.001440921121328276,-0.39918739196755343,0.48208653286323006,-0.007930788875412952,0.010600863238949194
1785122897.1262133,0.05043139309283903,0.0014838964154180536,-0.4010365445216186,0.48217334238009907,-0.008035428699583581,0.01079486112701278
1785122897.1331286,0.05058865758945316,0.0015286681382072676,-0.4028719342847229,0.48226157456648283,-0.008131832369820258,0.01098816242837825
1785122897.1352174,0.05074796159861315,0.0015751320578200063,-0.40469308917960783,0.4823502669818191,-0.008239267028416038,0.011184073691519116
1785122897.1430013,0.05090799767293346,0.0016212872800672798,-0.4065059729340993,0.4824372737146984,-0.008376609661537433,0.011392242497431803
1785122897.1455884,0.05106979912547345,0.001669552754833437,-0.40830385977025974,0.4825249569991478,-0.00849302292148098,0.011597515555056273
1785122897.1516807,0.05123353329373245,0.0017197259571325883,-0.4100834583685167,0.48261276143080717,-0.008615009536219896,0.011803889816554341
1785122897.1553304,0.05139866754219178,0.0017707719619787367,-0.4118489061370615,0.4826986781629684,-0.008768633173568352,0.012019540145185385
1785122897.1618872,0.051564898921914834,0.0018230511669989297,-0.4136017802911842,0.4827832147619742,-0.008916749508102473,0.012237978854632452
1785122897.1655254,0.05173295500915138,0.0018774213101247687,-0.41533949169380074,0.4828666257598203,-0.00906090397015754,0.0124552427547746
1785122897.1701212,0.05190163768480931,0.0019320581332431736,-0.4170680299654514,0.4829465798040796,-0.009229963588451363,0.01268180027841179
1785122897.1755822,0.05207204209061965,0.0019889497087595466,-0.4187815483788166,0.4830252888247978,-0.009380182481286928,0.012903545304900016
1785122897.1806417,0.05224443283818368,0.002047866753113156,-0.42047961669858813,0.48310165614614214,-0.009539362242373752,0.01312512841043222
1785122897.1904874,0.05241709270398137,0.0021062869969853894,-0.42217014546482734,0.483172783106396,-0.009741031944229756,0.013361005411049896
1785122897.1924808,0.05259085427331646,0.00216651841699998,-0.4238470333212361,0.48324225278077126,-0.009904894526612387,0.013590049622594554
1785122897.1941695,0.052766508618298354,0.002228922849876798,-0.42550713913588467,0.4833099044799354,-0.010056801036655454,0.013812582698148322
1785122897.199007,0.05294439602157736,0.0022932533791470274,-0.4271464099621173,0.483375220535871,-0.010223082897087857,0.014034241390125263
1785122897.2047818,0.05312411814958911,0.002358600069340507,-0.42876871169012215,0.4834362097674436,-0.010428799099832766,0.014264400186776455
1785122897.2106147,0.053304262262622096,0.00242407790083637,-0.43038059414737195,0.48349239360048946,-0.010646479944506404,0.01450288064200923
1785122897.2145715,0.05348643018889592,0.002491704971298309,-0.43197542544870204,0.48354680669378197,-0.010832475274288999,0.01473184969991326
1785122897.2197814,0.05367103538802798,0.0025611038082123394,-0.43355299303028694,0.4835981786215568,-0.011023899887380168,0.01495792032800353
1785122897.225231,0.05385648544085763,0.002630082658947712,-0.4351207518066947,0.4836435262373608,-0.011259313356237694,0.015196941094779884
1785122897.230123,0.05404365741025436,0.002700488978494484,-0.4366734877478874,0.4836864669949167,-0.011462786358866215,0.015428670379073754
1785122897.2352636,0.05423343540182751,0.002772518886943114,-0.4382083277314595,0.483726886837807,-0.011659247212256347,0.01565443408334944
1785122897.2419908,0.05442437438153871,0.0028440164202875977,-0.4397319692821721,0.4837618116602717,-0.011894386238399697,0.015890895524066268
1785122897.246324,0.05461734973266435,0.0029165449163331947,-0.4412137668413208,0.48379909630219303,-0.012097048078220965,0.016121323162150192
1785122897.2504392,0.05481320891092719,0.002990176515096464,-0.4426640277567902,0.4838368878265315,-0.012290483229836188,0.016348674279165986
1785122897.254568,0.0550101589579863,0.003063080522910289,-0.4441058638952601,0.48386946092021843,-0.012517801313705775,0.016590172518069546
1785122897.260907,0.05520988107826332,0.003136869279221834,-0.4455413938195824,0.48389925332476075,-0.012712598588257101,0.01682370317094688
1785122897.2650902,0.055411894158607325,0.0032102177519278594,-0.44697942323464457,0.48392235779173454,-0.012934413027760548,0.017065557903882363
1785122897.2692826,0.05561591191184488,0.0032832469533355807,-0.4484241242935933,0.4839395280821226,-0.013142878848021674,0.017307791829116285
1785122897.2757747,0.05582228286488727,0.003355560476311275,-0.449877555863893,0.4839497900103567,-0.013363070052603081,0.01755456590935122
1785122897.28035,0.056030829183492635,0.0034271950540263386,-0.45134189756673443,0.48395415432722083,-0.013564674937488698,0.01779950785848725
1785122897.2941003,0.056241957508950585,0.003497711226689707,-0.4528180295888727,0.483951825921822,-0.013777390725475774,0.018047996147106213
1785122897.2970188,0.05645554667672883,0.0035671512272144965,-0.4543072732467895,0.4839439961250124,-0.013972230575520087,0.018294354785216415
1785122897.3007712,0.05667084399725483,0.0036344285875207485,-0.455812424834235,0.48392969419166976,-0.014177338646047173,0.018547157352270773
1785122897.303919,0.056889838808197264,0.0037010332844036654,-0.4573274666391358,0.48391263189733,-0.014343743169299669,0.018788055003323336
1785122897.3098457,0.057110957101942236,0.003764898354833594,-0.4588611491990908,0.48388905140917104,-0.01453776223936811,0.019039252008511583
1785122897.3141804,0.057335229268845725,0.0038268630038941873,-0.460410535946978,0.4838615674584534,-0.014719314854951317,0.019288613565092667
1785122897.3192198,0.05756267898860242,0.0038868535001274963,-0.4619763640768426,0.48383117353252086,-0.014874476947587091,0.0195330561310103
1785122897.3253975,0.05779378776225175,0.003944350915433081,-0.46355869191871674,0.48379697986353737,-0.015042200438518378,0.019780901044693495
1785122897.3312268,0.0580264629858962,0.003998093438211717,-0.4651652725783243,0.4837584012599586,-0.015210210912290375,0.020037171170531935
1785122897.3367758,0.058263567326032446,0.004050252966064775,-0.46678561769494087,0.48372088764511595,-0.015317555585221482,0.020275490573999366
1785122897.3401916,0.058504844874931274,0.004099286852327192,-0.46842312119221513,0.48368097819197053,-0.015449429336680993,0.02051863628575138
1785122897.3463552,0.058749275851691526,0.004144616664702573,-0.47008642384230254,0.48363780548695645,-0.015590927959402267,0.02076915027720762
1785122897.3517914,0.05899782366725276,0.004187207289769329,-0.4717694241278998,0.4835948906985931,-0.015696318342916973,0.021012384825245742
1785122897.3574123,0.059249822424950666,0.004225883063422404,-0.47347293760754594,0.4835509531619317,-0.015812093743028516,0.021261244066250372
1785122897.3605018,0.05950632074563279,0.004261337832991716,-0.475191945474484,0.4835082850615204,-0.015916773656526797,0.02150798665133138
1785122897.3663876,0.0597653978866445,0.004292250743068857,-0.47693269230133173,0.4834658978045717,-0.016017731590781195,0.02176103005777043
1785122897.3701897,0.06002988248368968,0.004320712878831568,-0.4786845254011026,0.48342870712037866,-0.016064273471045443,0.021997189452334434
1785122897.3754296,0.060299434233073684,0.004345219846949076,-0.48045073618659134,0.48339295023728546,-0.01614375239099146,0.02224067526601717
1785122897.379445,0.06057088269327338,0.004363917278303554,-0.4822425407238436,0.48335636354957473,-0.01625579436608014,0.022504802159844142
1785122897.3841767,0.060846657492103794,0.004379628623470247,-0.4840497626845869,0.4833264273013933,-0.016282491171145677,0.022749984619825685
1785122897.3932364,0.061128356828848145,0.00439229502203348,-0.4858688290271503,0.483302251952727,-0.016286126309896145,0.02298390713838234
1785122897.395021,0.06141545734046246,0.004400513547634133,-0.48770402272758406,0.4832796912274305,-0.016343110710669424,0.023231234669487115
1785122897.3988485,0.06170460455225145,0.004402586005832265,-0.48957151181532094,0.4832557506921335,-0.01644155157913212,0.023503638382353555
1785122897.4041784,0.06199830812285306,0.0044015434750762795,-0.491458771001721,0.4832384007079306,-0.016457568785771478,0.023759432452370218
1785122897.41076,0.062297032036336505,0.004396496889185716,-0.4933638122514956,0.48322550419671206,-0.0164761829145693,0.024014571416406297
1785122897.4141717,0.06259974913227283,0.004386720235641359,-0.4952897267205464,0.48321583333555973,-0.01650860407384859,0.024277413409236483
1785122897.4196613,0.06290635739004972,0.00437242599236133,-0.49723642433019205,0.48321030114469177,-0.016535210385352963,0.024543775706340608
1785122897.425884,0.06321781309872308,0.004354499127117456,-0.49920052324150316,0.48321087453577033,-0.016529445440680836,0.024803437040160022
1785122897.4296303,0.06353323164812234,0.004331721079985837,-0.5011864892277971,0.48321458403370293,-0.016548984351455222,0.025073049085261527
1785122897.4341953,0.06385248735892617,0.004304390970952497,-0.5031949413021933,0.4832221626609369,-0.01656865542552001,0.025347934346671416
1785122897.4417021,0.06417666329889567,0.004273217302227355,-0.5052228748350512,0.4832345381583025,-0.016582593140487392,0.025622826777899718
1785122897.445475,0.06450375124668174,0.004237017509565286,-0.5072836165869883,0.48324860848364837,-0.016605161860882418,0.025907598040300166
1785122897.449416,0.06483678834275361,0.004198134634586509,-0.5093638948257779,0.4832689889364563,-0.016589291150371315,0.02617912272648738
1785122897.4546309,0.06517295189153896,0.004153594243581418,-0.5114719694520127,0.48328944348289776,-0.016645875860906625,0.02647443861020588
1785122897.4615526,0.06551203222412058,0.004104742856575137,-0.5136052341870427,0.48331389503047484,-0.016676912366872493,0.02677199096714811
1785122897.4654305,0.06585693508216629,0.004053521484409742,-0.5157529828050657,0.48334586539267005,-0.016661510221147122,0.027053655801656317
1785122897.4705403,0.06620479827239543,0.003996679786389483,-0.5179264810003031,0.4833783817523548,-0.01671740050105405,0.027357786716956024
1785122897.4795046,0.06655550002438326,0.003935660853737807,-0.520124221131509,0.48341484182823596,-0.01674783286240128,0.027663856474129896
1785122897.480491,0.06691203181142996,0.003872559714891044,-0.5223358791491566,0.4834584527585401,-0.016733241290075623,0.027954080716571666
1785122897.4840722,0.06727143353714425,0.003803964706996374,-0.5245733316061381,0.4835019346812579,-0.016793854092337596,0.028267552198845573
1785122897.4949338,0.0676356429417312,0.003732805432999635,-0.5268282570370629,0.48355049901097324,-0.016813930126407816,0.028573739823794075
1785122897.4976838,0.06800363157672344,0.0036575292264672907,-0.5291050425243933,0.4836005339620259,-0.01686585150515353,0.028891562643304176
1785122897.500096,0.06837213128512529,0.0035782923008208715,-0.5314121651986025,0.4836502497028532,-0.016938159011991142,0.029233071627562515
1785122897.505835,0.06874355287954563,0.003497586858544925,-0.5337380523318946,0.48370490755661666,-0.016958021846167525,0.029561519754559076
1785122897.5120406,0.06911913613482282,0.0034143141378025163,-0.5360792625871184,0.4837619657374833,-0.017020621304436465,0.029886567887456576
1785122897.5144672,0.06949697612559713,0.003326944389045342,-0.5384417267674004,0.4838192989851757,-0.017126525560347137,0.030216708954068923
1785122897.5200217,0.06987856336828088,0.00323702818147643,-0.5408191538725029,0.4838798485479108,-0.017225670558899776,0.030534513307425046
1785122897.5266402,0.07026536159016115,0.0031452553845065048,-0.5432064718848861,0.48394411288778316,-0.017329672447054106,0.030837217630266006
1785122897.529929,0.07065512595091641,0.0030498893778408745,-0.545610694053942,0.48400933139938035,-0.017457109743927796,0.03113911633992973
1785122897.5349436,0.07105158799763345,0.002954262742863612,-0.5480179874876016,0.4840801451877303,-0.017549788538743,0.03141485476194819
1785122897.5395217,0.07145099954953366,0.002853988677305036,-0.550441881031207,0.48414873939829195,-0.017734519531732867,0.031707345449209313
1785122897.5452929,0.07185343534222938,0.002750731050281639,-0.5528839677986638,0.4842184771832616,-0.017888577170712936,0.03199202676169032
1785122897.5504892,0.07226249709494151,0.0026477545765755243,-0.5553278061090999,0.4842933618164552,-0.017990331950575505,0.03224917893227909
1785122897.5545583,0.07267446763509765,0.0025401576210242346,-0.5577836947485761,0.4843662072890073,-0.018175082393322106,0.03252137401420924
1785122897.559909,0.0730918154353916,0.0024319789824131933,-0.5602382104168286,0.4844428511609773,-0.018313166796504788,0.03277755345630635
1785122897.5658402,0.07351192449794662,0.0023198438312237377,-0.5626987429594059,0.48451823561255897,-0.018507249905421155,0.03304677745276713
1785122897.5695002,0.07393718723675584,0.00220745284385928,-0.5651533322983429,0.4845976366370433,-0.0186467084070564,0.033299951466976896
1785122897.5756946,0.07436620558942986,0.0020926175493575414,-0.5676056851649818,0.48467728036787644,-0.018818659343826098,0.03355826338182399
1785122897.5804873,0.07479885142181308,0.0019756856084154214,-0.5700540655361511,0.48475743500326574,-0.01900213084078818,0.03381973948077568
1785122897.585686,0.0752349961841832,0.0018568525441845334,-0.5724968702499982,0.4848381705353609,-0.019188592211591072,0.03408337580015171
1785122897.5964465,0.07567452513556483,0.0017362356231340104,-0.5749325983093732,0.4849194094462095,-0.0193755148938383,0.03434882677244862
1785122897.6007023,0.07611868844400188,0.0016148615648695643,-0.5773559654188034,0.48500158724844716,-0.019568848151576966,0.03461281848706721
1785122897.604941,0.0765635050405603,0.0014891254517694478,-0.5797787656540101,0.4850803642944446,-0.019804550249377034,0.03489795694157465
1785122897.6100886,0.07701275137282262,0.0013640511593191896,-0.5821849135358971,0.4851625325746949,-0.0199604700007446,0.03516552604612307
1785122897.6154337,0.07746646039662482,0.0012381578358275388,-0.5845743840130367,0.4852444960790085,-0.020148537059194047,0.0354349548473639
1785122897.6202219,0.07792180481375388,0.0011090840764310607,-0.5869554021973855,0.485323295241023,-0.02037272626310151,0.035720827612508874
1785122897.6259577,0.07838016415257584,0.0009788073874699658,-0.5893213262437981,0.48540133999965857,-0.020583712388426833,0.036008383283017725
1785122897.6335778,0.07884151244909547,0.0008472570595551858,-0.5916710174407788,0.48547817271233656,-0.020792137385540286,0.03629881025746886
1785122897.6374068,0.07930584292125094,0.0007144192249342343,-0.5940033857079182,0.48555337579691926,-0.02100317959640063,0.03659298723136671
1785122897.6438804,0.07977188211137672,0.000578971407310283,-0.5963216712744475,0.4856250943838151,-0.02124015407871677,0.03689965716573746
1785122897.6461978,0.08024237710112171,0.0004444520664815952,-0.5986148215617365,0.4856976167786652,-0.021418584715987562,0.037193468086054525
1785122897.6491392,0.0807144953274888,0.0003071464758330016,-0.6008889582896646,0.48576560734583396,-0.021658488652226818,0.03750607805266118
1785122897.654658,0.08118965349585561,0.00016932680493113764,-0.6031395817719473,0.4858321725647108,-0.02187257410690218,0.03781710032855803
1785122897.6604874,0.0816678376384075,3.064289351050283e-05,-0.6053682865192093,0.48589620060301425,-0.022083625421391816,0.038129346254968444
1785122897.6660395,0.0821490717663294,-0.00010909313280062955,-0.6075757753813461,0.4859568841507741,-0.02230113439530978,0.03844461542455727
1785122897.66957,0.08263216745380259,-0.00025082831049460705,-0.6097658615455345,0.48601307805475674,-0.022521900120271287,0.038766882350128776
1785122897.6757405,0.08311851437127848,-0.0003932550550463062,-0.6119337208586535,0.4860661824759994,-0.022727983432803477,0.039086782880275124
1785122897.6801016,0.0836068513713913,-0.0005380267246762481,-0.6140835616625114,0.48611383491804283,-0.022960484308253967,0.039416104633383096
1785122897.684517,0.08409869406914172,-0.00068322757989923,-0.6162096703107446,0.48615855187101026,-0.0231624713910658,0.03973967560794682
1785122897.6898627,0.08459292976660417,-0.0008301398013513667,-0.618315308188643,0.48619877217438806,-0.02335945776216297,0.04006531593053569
1785122897.6989963,0.08508961968406295,-0.000978999395255141,-0.6203999651068822,0.4862340806035967,-0.02356712362844631,0.040394830606803114
1785122897.7017474,0.08559227003063791,-0.0011290455195774234,-0.6224529446738755,0.4862671770931321,-0.023756330953103037,0.04070899398384667
1785122897.7038739,0.0860993160834821,-0.0012816056136721236,-0.6244812620122423,0.4862957045174789,-0.023943495961270236,0.04102643443815339
1785122897.7099051,0.08660981791099635,-0.001436784646076919,-0.626488597422816,0.48631840228066964,-0.024137887584217834,0.04135782577550078
1785122897.7147915,0.087123550639985,-0.0015936143599830361,-0.6284749993493339,0.48633635974430073,-0.024292685293595396,0.04169781899730997
1785122897.720921,0.08763997150311101,-0.0017527677501059935,-0.6304421074109573,0.48634820326370054,-0.024449889576046695,0.04205416094367374
1785122897.7252388,0.08816019973664253,-0.0019128717903855014,-0.632386012951676,0.4863554683004937,-0.024581402119173375,0.0424178529601643
1785122897.7297652,0.08868165082335157,-0.002076509743506678,-0.6343148457045977,0.4863549058638821,-0.024738384638847546,0.042806440376735616
1785122897.7348218,0.08920473776722863,-0.0022425897229878117,-0.6362263734476736,0.4863485378852292,-0.024871700453212707,0.043208147692954495
1785122897.7416155,0.08973170470172188,-0.0024092139423115837,-0.638113385329985,0.48633891023799264,-0.02496362707946749,0.043608967073960114
1785122897.7450936,0.09026014854451216,-0.002578625889664885,-0.6399778192199203,0.4863231148561187,-0.025085331044069036,0.04403104483146509
1785122897.7496123,0.09079144526938283,-0.0027492243973339364,-0.6418184709391885,0.48630390331137996,-0.025176069129894514,0.04445664844014473
1785122897.7544346,0.0913252606392022,-0.002922261115865412,-0.6436411213997972,0.4862791028155276,-0.025290440224094338,0.044894872592642444
1785122897.7601779,0.09186076166579127,-0.003098260968184415,-0.6454509178871286,0.4862482322695857,-0.025410503729268827,0.04534598412645919
1785122897.7647479,0.09239833411681433,-0.0032768504352959646,-0.6472483573861388,0.4862123824306294,-0.025512757613004824,0.045802697085534395
1785122897.7711585,0.09294038532691849,-0.003456552667619686,-0.6490279397894151,0.4861738065082073,-0.025582718590028575,0.046252467977386996
1785122897.7752342,0.09348447410521046,-0.003640169750869401,-0.6507988718938094,0.486128353528645,-0.025693056814040577,0.046718565631937964
1785122897.7798333,0.09403128544025705,-0.0038266657461195866,-0.6525564690411849,0.4860777394984435,-0.0257966336416471,0.04719180083899128
1785122897.785519,0.09458156903193754,-0.0040149824368127356,-0.6542891958898976,0.4860232891126683,-0.025877651994023226,0.04766587622179099
1785122897.791876,0.09513515394102903,-0.004205484130576228,-0.6560022164944235,0.48596601587847105,-0.025935507455873308,0.0481360502343958
1785122897.8004572,0.09569226387644257,-0.004398218846371268,-0.6576960851618218,0.4859061760745783,-0.025978601620856072,0.04860198708148319
1785122897.8048358,0.09625419716816608,-0.004591979041264191,-0.6593630668784942,0.48584617116376677,-0.025992260459113892,0.04905634096453485
1785122897.8084216,0.09682025780289062,-0.004788504159430473,-0.6610085823123475,0.4857830667272416,-0.026047186449466218,0.04951528358789249
1785122897.8105042,0.09738952090259555,-0.004988155191025403,-0.662636372941584,0.48571617361501035,-0.026119762573537562,0.04998047822081193
1785122897.814292,0.09796210657600957,-0.0051907493301029456,-0.6642498443591781,0.48564661096113,-0.02618025228209398,0.0504447433549968
1785122897.8198109,0.09853821846089718,-0.005396230914315441,-0.6658516541962248,0.4855749289530926,-0.02622274591964766,0.050904927799466045
1785122897.8266232,0.09911794447798383,-0.0056048408247422205,-0.6674443323302507,0.4855014246538422,-0.026250415023966807,0.051359836476451204
1785122897.8299823,0.09970129401381626,-0.005816900194323372,-0.6690302248443685,0.48542630417399435,-0.02626757404067614,0.05180921193958451
1785122897.835079,0.10028824213409676,-0.00603271972474977,-0.6706114933022369,0.4853497333382987,-0.026277781236424755,0.05225332076106357
1785122897.8424907,0.10087875316427546,-0.006252583832349756,-0.6721900932870345,0.48527187156537144,-0.026283603039207164,0.052692685589134064
1785122897.8446765,0.10147278073561627,-0.006476400626575788,-0.6737625120430843,0.4851932523373801,-0.026290232104903822,0.05312970984881472
1785122897.8497856,0.1020703058267541,-0.006704360480258967,-0.675332071728217,0.48511404304363187,-0.026300873377164777,0.05356369025787017
1785122897.8545828,0.10267135465810952,-0.006936713213059702,-0.6769028331402621,0.48503435287917335,-0.026316630523428915,0.053993461727319614
1785122897.8602421,0.10327597122304985,-0.007173669415707822,-0.678477682536696,0.4849543755844391,-0.026338313212470987,0.054418225919324326
1785122897.8641758,0.10388420834191067,-0.007415419704848582,-0.6800588021536456,0.4848743735670838,-0.026366700234632195,0.05483738289547602
1785122897.8708487,0.10449612687079605,-0.007662143170261955,-0.6816479219726655,0.48479466291381784,-0.02640250958219126,0.05525043891237475
1785122897.8764844,0.10511179796342,-0.0079140110856227,-0.683246455134511,0.4847156006445938,-0.026446321955160987,0.05565695864952192
1785122897.8819623,0.10573130621470428,-0.008171188377123533,-0.6848555708285337,0.4846375744915141,-0.02649852441489618,0.05605654163951476
1785122897.884737,0.10635475282987003,-0.008433833850400254,-0.6864762331674482,0.48456099506299943,-0.02655928027936479,0.056448811052504426
1785122897.8912463,0.10697118979625897,-0.00869612497199389,-0.6881342847334236,0.48447155534426517,-0.02648035117069761,0.05690008942378151
1785122897.8996382,0.1075957763202374,-0.008970223404435092,-0.6897966543304322,0.48438767445029185,-0.02658977268323931,0.057311315493466686
1785122897.9020526,0.10822731712019619,-0.009253279534103974,-0.6914694871993284,0.4843087572696261,-0.026757901675383333,0.0576922707412816
1785122897.9043264,0.10885330764467203,-0.009537590182974882,-0.6931805219241652,0.48421934508872766,-0.02677608023697618,0.058119957116571454
1785122897.9100342,0.10948908194695472,-0.009834982234441075,-0.6948939244852812,0.4841382762166692,-0.026968084554518417,0.05849675077928332
1785122897.9146397,0.11013288220676415,-0.01014190429162011,-0.6966126659088399,0.4840647355503039,-0.027197859732481244,0.05883837713298061
1785122897.9194815,0.11077161641585334,-0.01045039814678348,-0.6983659043183684,0.48398280249193054,-0.027257799904932132,0.0592248666060555
1785122897.9262488,0.11142073637192985,-0.010772268503008999,-0.7001181367289491,0.48391098604774774,-0.02747685653363568,0.0595596372529591
1785122897.9297485,0.11206570251826865,-0.011097477539918297,-0.7019018944924087,0.48383201412987914,-0.02756058903886804,0.0599324778586089
1785122897.9350598,0.11272248003811405,-0.011437401051853346,-0.7036803373611337,0.4837647984445853,-0.027818966427740014,0.06024616612478999
1785122897.941642,0.1133758006101241,-0.011781373560520062,-0.7054876807465207,0.48369146129123297,-0.027937025381515015,0.060594746131617305
1785122897.9457242,0.11404173388002928,-0.012140951770767319,-0.7072921724879951,0.483630521761723,-0.02822023572324411,0.06087956711629477
1785122897.949672,0.11470483547370014,-0.012505350102809551,-0.7091264947822278,0.4835641029642386,-0.02835201706245057,0.06119679502673625
1785122897.954907,0.11538081524924507,-0.012885471636628806,-0.7109507373977927,0.4835109077412542,-0.028638890550251078,0.06145334137280054
1785122897.9604583,0.11605396857553223,-0.013270527750908286,-0.7127983449450165,0.4834529849669426,-0.02876985263443747,0.06174569038193618
1785122897.9656098,0.11673252422363763,-0.013666881032413482,-0.7146483244598498,0.4833998624486725,-0.028927539775558925,0.06202396500056601
1785122897.9718442,0.11741793963374568,-0.014076494805254573,-0.7164955580788989,0.4833527327421759,-0.029170989525126596,0.06227877897825811
1785122897.976427,0.1181083312729181,-0.014495951871772675,-0.7183430658935421,0.48331071773004436,-0.029367540838412476,0.06252494285200698
1785122897.979867,0.11878891086727708,-0.014920498219771497,-0.7202230303197484,0.4832554845351476,-0.029419279767244715,0.06283983507556713
1785122897.9849288,0.11948888949007919,-0.015365648566856157,-0.7220719252323486,0.4832205175992883,-0.029723526672984345,0.06305250730299414
1785122897.9909587,0.1202030013510721,-0.01582583846542552,-0.7238982863721234,0.48319874692914655,-0.03013468802245516,0.0632208849810634
1785122898.0041707,0.12090511697385532,-0.016286858541857917,-0.7257568761825485,0.48316172120656276,-0.03024017755331067,0.0634902590323077
1785122898.0092897,0.12161548784716204,-0.016765273891236797,-0.7276001950100435,0.4831318348396861,-0.03052740732200121,0.06372528467513672
1785122898.011491,0.12233185658384989,-0.01725595515083367,-0.7294324312392334,0.4831091598033534,-0.030787750032700175,0.06393892468032857
1785122898.015311,0.12303821963902772,-0.01775319098380884,-0.7312889677324788,0.4830749207931837,-0.030885199163167176,0.0642124099079167
1785122898.0198185,0.12376430470167508,-0.01827167168192761,-0.7331042266906083,0.4830626118013208,-0.031211749338490705,0.06437523254712753
1785122898.0264497,0.12449679521565835,-0.0188017521390259,-0.7349057902811873,0.4830561513618721,-0.03151927014949265,0.06452989531680428
1785122898.0310154,0.12521869447700723,-0.01933872695887559,-0.7367271068969254,0.48303581524842826,-0.03168280734330633,0.06476160683426774
1785122898.035491,0.1259572266873102,-0.019896911589240174,-0.7385033401343065,0.48303298739577727,-0.03207805647378001,0.06490910679129598
1785122898.041106,0.1266841155042397,-0.020458817775369738,-0.7403004573533836,0.4830187461655156,-0.03216865642816569,0.06512542029706772
1785122898.04501,0.12742159745256204,-0.021038089092223648,-0.7420687456147885,0.48301758405609496,-0.03241167223365535,0.06527814332280542
1785122898.0494778,0.12816347786294327,-0.021631386426035574,-0.7438080139447272,0.48302032024174535,-0.03273698186581983,0.0654258134671894
1785122898.0546427,0.1288941029780736,-0.022232428302854296,-0.7455592393371528,0.48301026125949403,-0.03290978660946385,0.06563051866921638
1785122898.0603917,0.1296448607044748,-0.022854527858854543,-0.747260642477241,0.48302187852249057,-0.033285902634212744,0.06571236478445457
1785122898.0646958,0.13038329475564425,-0.02348320546659867,-0.7489762283202387,0.48301741497425327,-0.03346639947640536,0.06587390983901799
1785122898.0691483,0.13113088702415876,-0.024132367790897787,-0.7506558097026323,0.4830198150664318,-0.03383032435973313,0.06597859767619968
1785122898.0757277,0.13188088138824944,-0.02479307539520569,-0.7523269767368058,0.48302426588936803,-0.034065749988119426,0.06605760232713638
1785122898.0861497,0.1326298285972052,-0.025469422960379014,-0.7539833108719458,0.4830226126746605,-0.03434919698205797,0.06615152552592661
1785122898.0869098,0.13338872581501854,-0.026162711666119758,-0.7556052025336448,0.48303041816464704,-0.034646276631645,0.06618282628180955
1785122898.0926836,0.13413905401153117,-0.026867644317951685,-0.7572338955800773,0.48302418850724965,-0.034851079610624225,0.06626495754974741
1785122898.0968215,0.1348988369192087,-0.027593261583973495,-0.7588191461035192,0.4830237992037565,-0.03519312985409391,0.06629836307090022
1785122898.1075852,0.13565114372582734,-0.028330329339046386,-0.7604079286575255,0.48301355757856346,-0.035336697328131536,0.06635365237432954
1785122898.110774,0.1364264130895602,-0.029094084107690002,-0.7619208995474052,0.4830208294158812,-0.0357977055158443,0.06629468525920677
1785122898.1143494,0.13719169357759015,-0.029867284226370968,-0.7634334159033741,0.4830151040777005,-0.0359965694548504,0.06629536831586377
1785122898.11944,0.1379516471827474,-0.0306547704986356,-0.7649452142127943,0.4829998076665751,-0.03607966381891057,0.06631481815293837
1785122898.1258268,0.1387239412145588,-0.03146710671703703,-0.7663973027015887,0.48299033891054993,-0.03641652943100981,0.06628652971250885
1785122898.130794,0.13948734434032722,-0.03229421088505519,-0.7678414904850206,0.4829681327513845,-0.03661402715287604,0.06629990906072786
1785122898.1347957,0.1402665876816611,-0.033142368096242054,-0.7692269541972909,0.4829605183119557,-0.036881268347262575,0.06622021345418423
1785122898.1417,0.14102441291060386,-0.034001960449877563,-0.7706294929993137,0.4829259063295269,-0.03692566996996401,0.06625785553232948
1785122898.1472907,0.1417974543015686,-0.03489022236742788,-0.7719580510503156,0.4829004766141992,-0.03725200287015737,0.06621115576115881
1785122898.1543179,0.14258475158260997,-0.03579700555515508,-0.773218015338164,0.4828909120185099,-0.03754694566263259,0.06607839406937135
1785122898.1604278,0.14335049069051584,-0.03671422308224244,-0.7744844433706585,0.48285655770061436,-0.03758593159908549,0.06606310620841274
1785122898.1612804,0.1441074450167864,-0.037652406391474595,-0.7757298031101194,0.4828076704086289,-0.037615195489900576,0.06607924758657584
1785122898.1641922,0.14488239764429486,-0.03862111185685284,-0.7768779824164509,0.4827784259510463,-0.037835993695535905,0.065962606375332
1785122898.169201,0.14564783230761655,-0.0396109627901877,-0.7779934857846242,0.4827361838473421,-0.03800253936038991,0.06588568051376201
1785122898.1753907,0.1464204814903728,-0.04063232030108554,-0.7790021676109529,0.48270678125037314,-0.038255844497164,0.06572564514122547
1785122898.1799893,0.14717744481439632,-0.041663974219410205,-0.780020928121958,0.4826608412258652,-0.03810037431943932,0.06562574620562403
1785122898.1845772,0.1479401958122121,-0.042735429537737735,-0.7809209600042766,0.4826217151431468,-0.03826218602938707,0.06545885883660801
1785122898.1907337,0.14870836948005917,-0.04383435584999143,-0.7817231563227015,0.4825957087536673,-0.038369401201248404,0.06521637044758162
1785122898.1957982,0.14945842975916523,-0.04494502126535432,-0.7825350581961887,0.4825478116929197,-0.03817508936218487,0.0650709460198769
1785122898.2000256,0.15020457242556995,-0.046085098525049946,-0.7832518016355493,0.4824979664278957,-0.03806582261258709,0.06492196597118995
1785122898.2076247,0.15095834672615385,-0.047257105614983454,-0.7838521793202495,0.48246355050025613,-0.038048372316412456,0.06468045521614801
1785122898.209489,0.1517008978246584,-0.0484452700615097,-0.7844259980770947,0.48241928374564813,-0.03783991662127817,0.06448043364274171
1785122898.2137592,0.15243218927032132,-0.0496570886663548,-0.7849758219734706,0.48235916886120317,-0.03763504685966846,0.06432527227706496
1785122898.2201233,0.15316791974582253,-0.05090330470736395,-0.7854263886070103,0.48230610511042404,-0.03760303848130174,0.06410276695856888
1785122898.2251859,0.1538980557557613,-0.052167573477238945,-0.7858669053937098,0.48224877064087546,-0.037306815126358396,0.06386118914924993
1785122898.2300427,0.1546254399971591,-0.05346211659711901,-0.7862547467279446,0.4821828299347429,-0.03720479206190405,0.06362804548507572
1785122898.237036,0.1553399419825047,-0.05477817161942526,-0.7866325564957187,0.4820995748742506,-0.036980036717882594,0.0634448175972567
1785122898.2448466,0.1560594236135431,-0.05613013234635744,-0.7869212999477758,0.482023129180364,-0.03689199528096971,0.06317943623004083
1785122898.2454472,0.15677056387641322,-0.05749865246595185,-0.7872095759853227,0.48194049372682596,-0.036500141447380716,0.06291031329657447
1785122898.249896,0.1574811838529854,-0.05889477434239551,-0.7874391286215462,0.48185810605435037,-0.036150784092155754,0.06261308418170343
1785122898.254714,0.1581863910892193,-0.06031833605387711,-0.7876128810447506,0.4817687071939056,-0.03590434471938506,0.06232812493477316
1785122898.2622042,0.15888091017556488,-0.061762621606443205,-0.7877847780548325,0.48166862877494987,-0.035477899659297034,0.06205446764886956
1785122898.265081,0.1595858214355956,-0.06323873585170219,-0.7878882893873239,0.4815814495634897,-0.03518177368469367,0.06167936625246486
1785122898.2711966,0.16027707851383477,-0.0647372443309082,-0.7879985070522236,0.4814738217455571,-0.034883301183947925,0.06137207883055145
1785122898.277017,0.16096638863515814,-0.06626236211294546,-0.7880838269263157,0.48136497418875535,-0.03452346220109377,0.06102649479318154
1785122898.2818804,0.16164443728351782,-0.06780819385620274,-0.7881881818988359,0.4812420816022484,-0.034033889330385106,0.060710753049849735
1785122898.2856097,0.1623314390777075,-0.06938923552081655,-0.7882329556039841,0.4811287218963426,-0.033695754606085426,0.060297457085235186
1785122898.2929862,0.16300921049949774,-0.07098879196832458,-0.7883049467956114,0.48100366459677096,-0.033190879938038875,0.05991184754911975
1785122898.2956321,0.16369003325907164,-0.07262396686199851,-0.7883218283040029,0.48087876023811194,-0.032928001516333544,0.05948980797213173
1785122898.2991843,0.16435714247204553,-0.07427436942761834,-0.7883650842980778,0.4807453477108429,-0.032348995761593696,0.0591004221852902
1785122898.3109822,0.16502360244870512,-0.07595048271614847,-0.7884002966839472,0.48061416942122553,-0.0317488449065908,0.05867331826269051
1785122898.3145626,0.1656927493620296,-0.0776589694889495,-0.7883922585162545,0.48048597720622305,-0.031340550030308355,0.05820506225677932
1785122898.3174896,0.16634814366328488,-0.07938428640799937,-0.7884255827888518,0.4803429002672779,-0.03076582185738308,0.05779209775912349
1785122898.3209531,0.16700384050010375,-0.08113466788651125,-0.7884680730197529,0.48020256559362234,-0.030092447561496254,0.057327322447089525
1785122898.325379,0.16766212347938006,-0.0829184979193895,-0.788478817423104,0.4800608764031291,-0.02969708743274687,0.056844200547239904
1785122898.3300881,0.1683066834705675,-0.08471800625422185,-0.7885432766032032,0.47990617771721894,-0.029033527801438797,0.05640612225788309
1785122898.3347516,0.16895873799470226,-0.08654891852053562,-0.7885894108781885,0.47976084799107566,-0.028470444199753416,0.0558909875671576
1785122898.3434098,0.16960805613042254,-0.08840637317413799,-0.7886265964493516,0.47961357840244834,-0.027995329272515527,0.05538173961600396
1785122898.3467247,0.1702392106221083,-0.09027220523771003,-0.7887708983024261,0.4794508469273257,-0.02704348480504881,0.054929211071260337
1785122898.3498561,0.1708754572878981,-0.09217547764034022,-0.7888895465633047,0.47928769065141835,-0.026435386423489343,0.05444269582152888
1785122898.3546832,0.17152257430716109,-0.09411010382970805,-0.7889759387727494,0.4791403502017257,-0.02591552691888744,0.05386810609858373
1785122898.3609185,0.17215639217619497,-0.09605589353137588,-0.7891407744817237,0.4789809742180103,-0.025105571112096794,0.05336285998905888
1785122898.3638456,0.17277511705403287,-0.09802042362992788,-0.7893744198305933,0.47880402117419363,-0.02419360076556017,0.0529336713598026
1785122898.3719072,0.1734074971264437,-0.10001978107449061,-0.7895708997038657,0.47864519020418506,-0.023509051462654734,0.052408775064445495
1785122898.3771448,0.1740342778416984,-0.1020411554362417,-0.7897814454294151,0.47848306168606314,-0.022854701812225178,0.051922327544427826
1785122898.3798904,0.1746510780866811,-0.10407160850878894,-0.7900823864616942,0.478315324131485,-0.021847429685212486,0.051466241742195565
1785122898.3854928,0.17528065385222596,-0.10612670037245225,-0.790384025049733,0.4781563743573645,-0.021132672999692556,0.050979615750009505
1785122898.3919132,0.17589788224897138,-0.10818527620211621,-0.7907922231130198,0.4779882662233012,-0.020034924355111453,0.05055562118569097
1785122898.3950317,0.17651980081207178,-0.11026495637232213,-0.7912532875735455,0.47781519905325903,-0.01920472842980321,0.0501543659136476
1785122898.399383,0.17715167187261202,-0.11236067370782923,-0.7917537508417676,0.4776508095274815,-0.018395930704870438,0.04972250472728525
1785122898.4080412,0.17779289936832737,-0.11446569466082232,-0.7923108862254413,0.47749668261054734,-0.01751180175232313,0.04927063306220326
1785122898.4114397,0.17842444714088582,-0.11657524666693238,-0.7929604779399484,0.4773320757088705,-0.016482041584019388,0.048910564762805246
1785122898.4146235,0.17906042116150497,-0.11869669934131198,-0.7936605064679125,0.4771699757480296,-0.015535939704641507,0.04857527825275714
1785122898.4208462,0.17968592207780082,-0.12082104618320241,-0.7944548771030034,0.47699914194260673,-0.014400975028617693,0.04832174338435885
1785122898.4254313,0.1803182282557814,-0.12295623697333781,-0.7953015557831848,0.47683375266812505,-0.013367086892779817,0.048076779020053764
1785122898.430762,0.18095168825889987,-0.12509951023513993,-0.7962080674604793,0.4766680599599595,-0.01239638331274854,0.04788008745132803
1785122898.4353356,0.1815888579466396,-0.1272455165344515,-0.7971866921668094,0.4765101875264949,-0.011274267313072715,0.0476900142099886
1785122898.4422755,0.18222341651328075,-0.1293964050227449,-0.7982371449166891,0.47634681700557985,-0.010231523673116557,0.047581859874568165
1785122898.4455225,0.1828521620401798,-0.13154412728567222,-0.7993859089712415,0.4761806265626635,-0.00895295647872776,0.04753406504101584
1785122898.450855,0.1834739312540759,-0.13369751142652678,-0.8006422968920778,0.4759995745895664,-0.007807156768608597,0.047582610357169465
1785122898.4547596,0.18409498064029747,-0.1358561007136503,-0.8019799699887816,0.4758136884450199,-0.006683509209940171,0.047678563176391096
1785122898.461237,0.1847206062898684,-0.13801255930532014,-0.8033919284215841,0.47563436321611113,-0.005389890308472188,0.04777067411395145
1785122898.4647608,0.18534530169629648,-0.14016931454491294,-0.8048712877045276,0.4754504217889775,-0.004176785782273297,0.04792757381206448
1785122898.4704566,0.18597133631155735,-0.1423219858606244,-0.8064160223054826,0.4752678704120242,-0.0029042128800320175,0.04811853849298218
1785122898.4756172,0.18659661987407938,-0.14446996214546792,-0.8080232408269277,0.475084285336091,-0.0016113090634743206,0.04835718130065153
1785122898.480048,0.18722118164671944,-0.14661193535430397,-0.8096912344612948,0.4748995076654267,-0.0003246412539908054,0.04864358971262904
1785122898.4852808,0.18784975025306572,-0.14874354912722884,-0.8114203278330603,0.47472099816079655,0.001068779670317537,0.048935122360794565
1785122898.4900153,0.18847741602992193,-0.15086801447258333,-0.8132081025039373,0.47453730478239176,0.002332172480286674,0.049292526515417726
1785122898.4960806,0.18910361256087327,-0.15298421731491263,-0.8150801641799099,0.4743488394314855,0.0036005546398881322,0.04968826610320719
1785122898.501445,0.1897321084605258,-0.15508768189464048,-0.817020184772511,0.4741628344915033,0.004968017733100251,0.05008539793459184
1785122898.5126703,0.19036693652119582,-0.157175524884436,-0.8190092651396721,0.47398212472968243,0.00634315044643752,0.05047778636012741
1785122898.51472,0.19100215289261746,-0.1592510995900303,-0.8210411096075299,0.4737986973762217,0.007611786997113084,0.05091285926109237
1785122898.5206609,0.19163940682354805,-0.16131038224267905,-0.8231075949836328,0.4736178274821939,0.008908861643313887,0.051363802284755275
1785122898.5259888,0.1922848663109437,-0.16334762176973608,-0.8252012825177725,0.47344774343355556,0.01031310361243643,0.05178768145143739
1785122898.5297236,0.1929333710733648,-0.16536690808408352,-0.8273217454883971,0.47327749691164556,0.011575179631345777,0.052243721317555114
1785122898.5356195,0.1935839611216374,-0.16736621857237952,-0.8294675986199915,0.47310798320053316,0.012814984525700235,0.05272336494162205
1785122898.5402691,0.19423920970721115,-0.16934199656796395,-0.8316358255751289,0.4729429066613145,0.014145978307182259,0.0531989008062693
1785122898.5442343,0.19490205331135202,-0.17129261022287728,-0.8338240353983142,0.4727816649256717,0.015490585966475413,0.05366712296044499
1785122898.5496998,0.19556571735860911,-0.17322304204390643,-0.8360488466513138,0.4726123696989954,0.01673565987595933,0.054172997028618775
1785122898.5551703,0.1962317428072542,-0.17513012509849651,-0.8383010742815169,0.47243871237022195,0.01801178474951259,0.054692104455843306
1785122898.5601447,0.1969038668167864,-0.1770097638474376,-0.8405666291005647,0.47226516569743526,0.019356464364891458,0.05520040851220742
1785122898.5646873,0.19757739663244203,-0.1788652296094478,-0.8428426345130874,0.47208511866896846,0.020653630082252367,0.05573173935122315
1785122898.5699425,0.19825621527564663,-0.1806921603629719,-0.8451202668898512,0.471903459427499,0.021991087329353193,0.05625917263188032
1785122898.575725,0.19893551775566812,-0.18249389777952763,-0.8473996239536682,0.47171366194642306,0.023273555916864835,0.05681615247885776
1785122898.5807097,0.19961956641407083,-0.1842695967874668,-0.8496811337860879,0.4715137998535063,0.02453285110733317,0.05734659277056594
1785122898.5854247,0.20031126419507445,-0.18601975465062562,-0.8519826232791567,0.47128507468948727,0.02565326732368156,0.05780155790698624
1785122898.59223,0.20100446851372256,-0.18773560705861572,-0.8542880942194411,0.47104100777103536,0.026902981787661165,0.05826996967587253
1785122898.5968404,0.20170578213818952,-0.18941841875181836,-0.8566142531683875,0.4707683999619535,0.028183601103611577,0.0586563207909795
1785122898.600393,0.202414078243936,-0.19106725203101876,-0.8589597189784554,0.4704630649019717,0.02940822983474715,0.05898057715315036
1785122898.607011,0.20313194508250748,-0.1926806918956306,-0.8613393291357482,0.4701102850357206,0.030580353190302376,0.059197727139232936
1785122898.6151414,0.20386074736395998,-0.19425129764367224,-0.8637544499648757,0.4697072806488758,0.031827600702885164,0.059303676508851336
1785122898.621166,0.20460072798981427,-0.1957733260810039,-0.866203344824205,0.46925232101945374,0.03320139245145185,0.05930560732034961
1785122898.6253102,0.20535154572546102,-0.197242131715315,-0.86868244482746,0.46874502616304736,0.03472031413775197,0.05921495248897966
1785122898.6303532,0.20611219995647906,-0.19865381727311993,-0.8711870663376944,0.46818639025631015,0.03638548317615606,0.059043716795159226
1785122898.6354253,0.20688103433535387,-0.20000499724633297,-0.8737115313498147,0.46757839278656615,0.03818693359281742,0.05880381006623283
1785122898.6396704,0.20765597377972592,-0.2012926511918643,-0.8762494769626471,0.4669237785675467,0.04010974653128725,0.058506165676603175
1785122898.6454816,0.20843435030979002,-0.20251425697091538,-0.8788005718008691,0.46622649198101895,0.04214553757103633,0.05815720367857336
1785122898.6508648,0.20921734687241939,-0.20366547343864433,-0.8813665314273559,0.46548712787760305,0.04431984106348237,0.05774327513261836
1785122898.6553676,0.21001208559450651,-0.2047423615892406,-0.8839654024252054,0.4647087918043614,0.046520999101117705,0.057266861902622326
1785122898.6605299,0.21081514977400503,-0.20574627468072318,-0.8865826826643525,0.4639107058571438,0.04848074990092615,0.056809497268194994
1785122898.6653132,0.2116241611933811,-0.20667515172294423,-0.8892119168362984,0.46310622562870096,0.05014790494458717,0.05641757738197221
1785122898.670293,0.21243726694114953,-0.2075260093216731,-0.8918490963220805,0.4623050868387027,0.05155596787462689,0.05611377123197981
1785122898.6760948,0.2132526540830851,-0.20829587437453081,-0.8944903799060399,0.4615147754187098,0.05275884260496096,0.05590532399987698
1785122898.6803212,0.21406830087823603,-0.20898212578885816,-0.8971313081812989,0.4607414537609616,0.053803406797688795,0.05579015734677149
1785122898.6849494,0.21488190481210886,-0.2095826430350067,-0.8997667854360134,0.4599904572769379,0.05472193267345843,0.055760263486059725
1785122898.691857,0.21569094187476623,-0.2100958093398041,-0.9023912722707037,0.45926649032181305,0.05553342982012108,0.055803930900156735
1785122898.6958928,0.2164927556523397,-0.21052047056390924,-0.9049990417943963,0.45857369242164614,0.05624689707297644,0.055907121859403046
1785122898.700027,0.21728457826978845,-0.21085566544668874,-0.9075881446328757,0.4579163394614659,0.05686343622549224,0.056054890916067475
1785122898.7044518,0.2180638693727645,-0.2111010882074732,-0.910151440637208,0.4572978517045144,0.05737675985103771,0.05622958085320353
1785122898.7115567,0.21882814165482598,-0.21125671549127625,-0.9126818959182026,0.4567208322313459,0.057780657059318306,0.05641376451144373
1785122898.716853,0.2195750312255644,-0.21132268942759444,-0.9151742873678246,0.456187346368973,0.05806918858945795,0.056591185274435435
1785122898.7187874,0.22030237189915763,-0.2112993470259079,-0.917624820652842,0.4556988669738859,0.058237151188871586,0.056746467581035534
1785122898.727539,0.22100822186327218,-0.21118720460036672,-0.9200318177022243,0.4552567445120094,0.058275732718583315,0.05686762398296042
1785122898.7305,0.2216912353765957,-0.21098689285598604,-0.9223957813007624,0.4548622099521402,0.058177670597895595,0.056945878997337274
1785122898.7345269,0.22235066344752932,-0.21069913359106923,-0.9247190078376285,0.45451619780748787,0.05793840921952129,0.05697465161239799
1785122898.7414713,0.22298303264882338,-0.21032638738238216,-0.9269963011744012,0.4542217187160863,0.05753786392836021,0.056961252012497764
1785122898.7471344,0.22358959722715152,-0.20986814155488345,-0.9292245647993175,0.4539747707478058,0.05704054869804175,0.05689111914318035
1785122898.7489438,0.2241730989117027,-0.20932434302522707,-0.9314230599859727,0.45377081346685466,0.05647668363162643,0.05675230961805722
1785122898.7541292,0.22473001645786977,-0.20869768311858378,-0.9335956232075318,0.4536119457717268,0.055824425431790274,0.056563543011707
1785122898.7615306,0.225263887485899,-0.2079877290481952,-0.9357570895401607,0.4534920678842621,0.05513432756918742,0.05630197212521391
1785122898.764673,0.22577766069807148,-0.2071963469261996,-0.9379122364069031,0.45340892239071606,0.05434382963210251,0.05596638960135947
1785122898.7690935,0.22626586681336847,-0.20632861336961472,-0.9400663489497173,0.4533694003141037,0.05334964681417814,0.05560502344550592
1785122898.7769728,0.22673854418601533,-0.20537917891580362,-0.9422381084419341,0.45335629867303695,0.0524148189161569,0.05514232258426983
1785122898.7814405,0.22719185658091423,-0.20435539967998573,-0.9444300409045034,0.45337918746466993,0.05124305548991061,0.054643512157137294
1785122898.7843404,0.22762797902169593,-0.2032559529069156,-0.9466535552959836,0.4534297002654153,0.05001557912727403,0.05408228015291633
1785122898.7915068,0.2280544453498201,-0.202080231841278,-0.9489210015600684,0.45349972962055335,0.04871415960677399,0.053434792591798945
1785122898.7969952,0.22846450742027732,-0.20083497102094766,-0.9512309858128828,0.453597411624266,0.04717710789970187,0.052763287813716093
1785122898.8001237,0.22886314853373654,-0.19951674641831657,-0.9535958063799373,0.45370890171006123,0.04565554698663727,0.05201637662447865
1785122898.8038332,0.22925849591964567,-0.1981253025676254,-0.956026477415238,0.453826407285799,0.04408013962593385,0.051173730530503954
1785122898.8098626,0.22964604862384977,-0.19666638833723624,-0.9585220635173018,0.45395578479404997,0.042310259506079285,0.05028665094743574
1785122898.816935,0.23002757186168257,-0.1951410143959025,-0.9610874603756098,0.4540930104006529,0.040364587179160576,0.04935498614929332
1785122898.819531,0.23040488583340177,-0.19354825353724353,-0.9637282519674019,0.4542301230120747,0.03839113516094107,0.04835809756298197
1785122898.8266468,0.23078584460370197,-0.19188727371543418,-0.9664526055103458,0.4543593085542481,0.036349828439973364,0.04727490348990125
1785122898.830036,0.2311624753770559,-0.19016539013094264,-0.9692520655980186,0.4544899152538437,0.034068883773214216,0.04617286014742871
1785122898.8346412,0.23154569136592146,-0.18837479364542434,-0.9721354834522831,0.4546062474526378,0.0318782440312479,0.04499067201218633
1785122898.8418553,0.23192299590632842,-0.18653085912232845,-0.9750292776144052,0.45473943015627033,0.02966075879476815,0.043901234277537116
1785122898.8457618,0.2322875391582555,-0.18464792990440043,-0.9779003787045623,0.45490447110422755,0.02763134258842135,0.04298876363397049
1785122898.8501635,0.23264964843039032,-0.18272699707072607,-0.9807842187982468,0.4550964318984204,0.0259801236886273,0.042209942949359654
1785122898.8547187,0.23300663283840894,-0.18077949732685128,-0.9836524016689762,0.4553323268755919,0.024306694459319732,0.041629524204155874
1785122898.8603997,0.23334945644037886,-0.17881490244964063,-0.9864679385716021,0.45562383347609414,0.02251286597104667,0.04129620233995455
1785122898.8654494,0.23367803594947095,-0.1768328834866085,-0.989221158688569,0.45596681169360176,0.020767959951286823,0.0411817080225041
1785122898.8706105,0.23399275650738882,-0.17483355219124022,-0.9919077246092959,0.4563571574468805,0.019143849817768052,0.04125894519881888
1785122898.8755503,0.23429460932996007,-0.172817219871935,-0.994527429132546,0.45679087798512297,0.017660904230795537,0.04150302434882985
1785122898.8808842,0.2345945285405501,-0.17077780276590243,-0.9971026991803815,0.45725881690911613,0.016343018096485036,0.04186302185925362
1785122898.885477,0.23488572022894402,-0.16872538831042114,-0.9996160390898854,0.45777059540889203,0.014911691480352629,0.042384096324704794
1785122898.8890355,0.23517034544990253,-0.16665962574694423,-1.0020754246096286,0.45831882282848607,0.013495764541283662,0.043041895955705754
1785122898.8955877,0.23544853240080352,-0.16458219036767965,-1.004467924431912,0.4588966883046843,0.012163417986821927,0.043825211598114026
1785122898.9003177,0.23571769309617605,-0.16249818191731144,-1.0067922217840517,0.45949761392542665,0.01094440057099582,0.044715342779057324
1785122898.9042032,0.2359791542262889,-0.1604090512083005,-1.009069850876614,0.46011426204968486,0.009857140592790579,0.04569723392653019
1785122898.912512,0.23623421511871764,-0.158316664382309,-1.0113180283497774,0.4607401677792529,0.008889979442691518,0.04675566966327713
1785122898.9209316,0.23648412483949036,-0.15622316694965713,-1.0135521457482666,0.46136972606086657,0.008021858232451816,0.04787491936629759
1785122898.9265199,0.23673008625083136,-0.15413074445185074,-1.0157869355511846,0.46199833641121113,0.007233182197427573,0.04903802976859336
1785122898.9309459,0.23697331541248323,-0.15204128846699014,-1.0180356400567911,0.4626223492989126,0.006505253692590309,0.05022724722373508
1785122898.9348426,0.23721484169334173,-0.14995641303555932,-1.0203098199727094,0.46323903738854866,0.005819440000010349,0.05142419511704541
1785122898.940655,0.23745900650400176,-0.14787749345663323,-1.0226250560927952,0.46385081033412356,0.005190990212238518,0.05258900431503592
1785122898.9470875,0.23770134962133269,-0.14580693542597897,-1.02497975899222,0.46444614801068085,0.004459269642584139,0.05376367362093527
1785122898.9512672,0.23794666093255523,-0.14374472640068378,-1.0273945092939438,0.4650321911179309,0.0037658607561631627,0.05488955256148259
1785122898.955852,0.2381923141427328,-0.14169228859249117,-1.0298772966667558,0.46560201652685956,0.0030210248252108066,0.05598636848238933
1785122898.9611006,0.2384375438620999,-0.1396507078391796,-1.0324368950688425,0.4661527246507904,0.002181125568764182,0.05705674472034854
1785122898.965024,0.23868443788994678,-0.13761989221221957,-1.0350867976617169,0.4666897338316825,0.0013589099986746804,0.05806104221928799
1785122898.9693682,0.23893196849807655,-0.13560125688434493,-1.0378317567734592,0.4672098826712161,0.00047532033186056593,0.0590118305658331
1785122898.975311,0.23917651545964952,-0.13359511186447776,-1.0406728757396349,0.46770972898907287,-0.0004807346447419293,0.059923466338452566
1785122898.9802542,0.2394195325921469,-0.13160191617783223,-1.0436180478941859,0.4681942136185016,-0.001458954585981126,0.060770300323810963
1785122898.9846003,0.23965694108962288,-0.12962274603360113,-1.0466631380213718,0.46865738172551424,-0.0025653448152205193,0.06158771287289676
1785122898.9913104,0.23989324513628388,-0.12765696670728796,-1.049821819107324,0.46911363606601014,-0.0035693558169751774,0.06230212363737297
1785122898.9958813,0.24012167520070019,-0.12570703882739317,-1.0531079750740684,0.469542054789188,-0.0048277344461010105,0.06300645844605994
1785122899.0004315,0.2403431653549874,-0.12377061327363506,-1.056511051741645,0.46995280513288595,-0.006096401341456869,0.06364912373240107
1785122899.0048366,0.240556567346844,-0.12184859549456689,-1.0600095869268578,0.4703480446784479,-0.007435654981034277,0.06423772759964201
1785122899.0118504,0.2407666053936394,-0.11994072653307286,-1.0636003988747893,0.4707417453356221,-0.008675415838684612,0.06471474142700077
1785122899.015554,0.24096583976762054,-0.11804981593039567,-1.0672574692088554,0.47111745089236,-0.010157958609099588,0.06518882408534026
1785122899.0241342,0.24115410407005303,-0.11617360552924652,-1.0709764724317683,0.4714856051639807,-0.011619086619899154,0.06561477536806205
1785122899.027264,0.24133278090560184,-0.1143130243913587,-1.074752736031946,0.471851277556679,-0.013059077611026246,0.0659811238437587
1785122899.030776,0.241497801755953,-0.11246930827561344,-1.0785715177809034,0.4722082840915162,-0.014608013504763009,0.06633508568657197
1785122899.0343409,0.24165134169831148,-0.11064189085936758,-1.0824313797861485,0.4725658153055167,-0.016104468289813652,0.0666373316701846
1785122899.039995,0.24179237187315247,-0.10883213742213868,-1.0863225222530362,0.4729217864142979,-0.017629211884166072,0.06691080605025511
1785122899.045178,0.24191838272991126,-0.10703978989853981,-1.0902803293927477,0.47326657265643035,-0.01922387532115724,0.06716846188121288
1785122899.049563,0.2420297847405188,-0.10526546866562277,-1.0942753789047204,0.4736004630736877,-0.020920006417646637,0.06741427144844077
1785122899.0545459,0.24212531930945427,-0.10350828127932686,-1.0982699983845863,0.47392703501354433,-0.022623262759781087,0.06764723746494906
1785122899.061114,0.24221073445303484,-0.10176781343118549,-1.1022465778496369,0.474257970126348,-0.02421070609157707,0.06782130467215308
1785122899.0643425,0.2422798999914553,-0.10004560255061298,-1.1061796202239864,0.4745839486571201,-0.02585930533231448,0.067999642632276
1785122899.0703142,0.2423387049178147,-0.09834092645339534,-1.1100619749376757,0.4749156726628913,-0.027406139385248877,0.06813237201704785
1785122899.0752242,0.24238076452593488,-0.09665524990127698,-1.1138745653012507,0.47524278636255884,-0.029014615405391152,0.06828074477805453
1785122899.0805082,0.24241217941269874,-0.09498774446996588,-1.1176138676131904,0.47557540467262605,-0.030511397370021967,0.06839179251393615
1785122899.084551,0.24242941967339232,-0.0933396041247272,-1.1212667863141348,0.47590673288188823,-0.03200239315490923,0.06850273392586971
1785122899.0900743,0.24243154116318488,-0.09171172589507032,-1.1248242870990328,0.4762337179791516,-0.033536861897271945,0.06862888536892449
1785122899.0974805,0.2424190197734963,-0.09010306024520628,-1.1282317326851936,0.47656707323666525,-0.034944895164362645,0.06875492868198733
1785122899.101148,0.24239576812472752,-0.08851561951175613,-1.1315084878284927,0.47691028499463256,-0.03626115589726976,0.06886399613401294
1785122899.1052225,0.24235041137335286,-0.08695033950333783,-1.134662416005722,0.47724417427705196,-0.037673745002660554,0.06903923093007346
1785122899.111277,0.24229366408062872,-0.08540570805686058,-1.137718651356999,0.47758696819169705,-0.038824941069216225,0.06916231586691189
1785122899.115615,0.24221593469059086,-0.08388544438477545,-1.140670857709098,0.4779170296055361,-0.040122682887199654,0.06933876456873203
1785122899.123282,0.2421189687561893,-0.08238752271645657,-1.1435240759108922,0.47824076556072426,-0.04129546330829001,0.06951563268767282
1785122899.1261098,0.24200883920418734,-0.08091366330786207,-1.1462847556654225,0.47856225130019153,-0.04236795663852481,0.06966142419893485
1785122899.1300945,0.24187794388880382,-0.07946494495358339,-1.1489444782109244,0.47886852583588924,-0.04347123111401528,0.06983454914486684
1785122899.1340055,0.24172663804521613,-0.07804164953804761,-1.1515029776170094,0.4791595730704798,-0.0445710423205072,0.07002443926221902
1785122899.141197,0.2415634502720168,-0.0766429728066669,-1.153967512873866,0.47944789203198956,-0.0454320425465873,0.07015245945281424
1785122899.1456022,0.2413785991768059,-0.07527217275143468,-1.156299324541429,0.47971781794083707,-0.04643695918032838,0.0703262942122536
1785122899.1499722,0.2411737000146517,-0.07392710790542767,-1.158512950922923,0.47997875692660213,-0.047278973738307827,0.07048345634565696
1785122899.1559763,0.24095494741318468,-0.0726099370536805,-1.1606291928394459,0.48023480765323395,-0.047983954243676796,0.07058878721456824
1785122899.1611178,0.24071479020458605,-0.07132160154896759,-1.1626477891584666,0.4804730859057846,-0.04869191138665813,0.0706986895348534
1785122899.1653385,0.240457236618438,-0.07006244281457676,-1.164578305166525,0.4806986666760027,-0.04930571952547348,0.07077417675370089
1785122899.1697688,0.24017843279334866,-0.06883373641362234,-1.166419607690041,0.4809039149309903,-0.049943101658148616,0.07084882094848272
1785122899.1753805,0.23988679588155498,-0.06763478932669233,-1.1681831887402732,0.48110244320621653,-0.0503430032029473,0.0708395913530012
1785122899.1807973,0.2395733111498185,-0.06646887908205965,-1.1698600271059163,0.4812750855227099,-0.05088901845648512,0.07084971216965981
1785122899.185232,0.2392402401941699,-0.06533373888362569,-1.1714546933226462,0.48143113113357183,-0.05128739466561546,0.07082053011808005
1785122899.1917474,0.2388907324911529,-0.06423054437003381,-1.1729715638204943,0.4815744220549865,-0.051546795772265806,0.07073021625716687
1785122899.1991365,0.23852434595341931,-0.0631603347168209,-1.1743771496745006,0.4817078319775337,-0.051740937272842714,0.0705962974799965
1785122899.2019248,0.2381403269179061,-0.06212418894668822,-1.1756860419976718,0.48183057038472626,-0.051894459874580565,0.07042375217883472
1785122899.2040944,0.23773485058197436,-0.061122749262109644,-1.1769131900493666,0.48193576836099455,-0.05208260489525901,0.07024020498732735
1785122899.210523,0.237315090054528,-0.06015547726714102,-1.1780818236085868,0.48203732970993673,-0.052036376289533844,0.06996063688636393
1785122899.2153137,0.23687649563062077,-0.05922516783208703,-1.1791921515987567,0.4821215841116528,-0.052052160854167105,0.06965963087035949
1785122899.223647,0.23641567708846187,-0.05833161483755088,-1.1802459657701172,0.4821842547443847,-0.052137935635363994,0.06935869048521824
1785122899.2278466,0.23594024964659358,-0.057473663100610896,-1.1812586412620427,0.4822415654602391,-0.051988498448207236,0.06896749963559728
1785122899.2304664,0.2354421458606035,-0.05665373143373174,-1.1822221797759915,0.4822765321398603,-0.05196081302265038,0.06858554530725869
1785122899.2344105,0.23492279464758253,-0.05586917849881015,-1.183143861167779,0.48230016808128995,-0.051773101033672504,0.06815267285864571
1785122899.2394838,0.23439149349481106,-0.05512224483658544,-1.1840372249588316,0.4823236033206931,-0.05138137862273932,0.06761489609526608
1785122899.244327,0.23383702914785973,-0.0544148384640548,-1.1848658902707185,0.48232670084171164,-0.05121150850900338,0.06711160043738201
1785122899.2500238,0.23326049922537678,-0.05374328562624929,-1.1856463642403805,0.48232341516143146,-0.05090548075566207,0.06656672825651938
1785122899.2546017,0.23267082491689567,-0.05310983231004215,-1.1864047043020571,0.4823249646551217,-0.05039397714021106,0.06591941822716077
1785122899.2622116,0.23205743037402665,-0.05251626493461347,-1.1871313218762467,0.48230729200927946,-0.050096489487891825,0.06530611292868314
1785122899.265287,0.23142764949980058,-0.05196013172681567,-1.1878453001060805,0.48228933437874066,-0.04960751481049837,0.06462157931496698
1785122899.2705855,0.23077745053894974,-0.051443099137653006,-1.188544135667182,0.48226030248235774,-0.04916970812396261,0.0639317556814302
1785122899.2769701,0.23010377801750684,-0.05096399560222097,-1.1892284603771308,0.48221843290887406,-0.04876774064941625,0.06325033642254234
1785122899.2820344,0.2294128807494657,-0.050521357867640476,-1.1899131151363578,0.4821801502698608,-0.048119254543281594,0.062490155637368816
1785122899.2851207,0.22870442277954392,-0.05011838211180305,-1.1905969046848686,0.48213622512877535,-0.047508639665106975,0.061711397425648844
1785122899.2914405,0.2279717871674478,-0.04975291005464035,-1.19127442677594,0.48208066572754016,-0.04693696854544906,0.060951065148565936
1785122899.2964487,0.22722507188226615,-0.049425210914758044,-1.1919611286904264,0.48202989526452605,-0.04619619970316131,0.06012443297174323
1785122899.2998722,0.22645360200827205,-0.0491360962687407,-1.1926355244354279,0.48196344871041186,-0.04565966855631115,0.059358309208134175
1785122899.3044617,0.22565845598689474,-0.048880920045138006,-1.193308666895941,0.4818966069911232,-0.044958339080813016,0.05856874691173504
1785122899.3103306,0.22484780543696917,-0.04866121205118279,-1.1939978009230352,0.4818411087689692,-0.04403146927179571,0.05769468468085358
1785122899.3157208,0.22401900276778056,-0.04847976162800437,-1.1946975921358995,0.4817814721561306,-0.04322262563030586,0.05682717704655048
1785122899.3335779,0.2231688300926083,-0.04833457507051554,-1.1954063857915405,0.48171432557205895,-0.04248969346514364,0.055985945521335984
1785122899.3431265,0.22229746713011825,-0.04822363229568598,-1.1961281436768987,0.4816443942902737,-0.041715807363128514,0.05514652737639316
1785122899.3530164,0.22140804227463393,-0.04814588479398522,-1.1968697700540876,0.48157935645917815,-0.04079593029847301,0.05426894379933603
1785122899.3543282,0.22050064273070408,-0.048103067587997324,-1.197629977032204,0.4815124900293246,-0.03993017926102984,0.05339513638203888
1785122899.356783,0.21956882480174827,-0.04809217280017839,-1.1984062766944816,0.48143909940186635,-0.039084287561419434,0.052549449626828205
1785122899.360254,0.2186224315554913,-0.048112607753518416,-1.1992108793631393,0.48137574761754387,-0.03804846322117248,0.0516426985848532
1785122899.365984,0.2176584266179856,-0.048166411435868764,-1.2000363126989237,0.48130882834508326,-0.0371266439037051,0.05075499722924118
1785122899.370429,0.21667024658237574,-0.04825007728696108,-1.2008775526254172,0.48123481724143174,-0.03624088024571562,0.04990520922784393
1785122899.3748612,0.21566813173067143,-0.04836245190175953,-1.201746330372497,0.48117127590084857,-0.035157542258671445,0.04899756781679332
1785122899.3791213,0.21464887315780712,-0.04850542084822032,-1.2026366515838713,0.4811050442099615,-0.03417474946102838,0.04810790599599833
1785122899.3849843,0.21360741210457732,-0.04867543390288982,-1.2035447751518062,0.48103315318347495,-0.03322081636107512,0.04725064185292668
1785122899.390937,0.21255854380777559,-0.04887011995239363,-1.2044823740613095,0.48097471085082266,-0.03208597558273312,0.04632210554441686
1785122899.3973317,0.21149922150252948,-0.04909033068195591,-1.2054509926683052,0.4809169246823783,-0.03106365974651073,0.04539267313273985
1785122899.4025204,0.21043073540772622,-0.0493326240336311,-1.2064516486456258,0.4808627962124913,-0.030026485565995156,0.04444734692235573
1785122899.4063652,0.20935104270175603,-0.04959503615952872,-1.207486683366435,0.48080700882613936,-0.0290628627160346,0.0435185706683561
1785122899.412161,0.20826832147143726,-0.04987583960776419,-1.2085579863575384,0.48076253714946987,-0.028000610202653507,0.04253708403672355
1785122899.41475,0.20717491052528667,-0.050175552004372376,-1.2096588181616765,0.48071659918209886,-0.02707107254650513,0.041576296337730086
1785122899.4192364,0.2060795848137861,-0.05049171005856633,-1.2107920608353857,0.48068237113600504,-0.026050605300235032,0.040564735703538565
1785122899.4247177,0.20497432593559248,-0.0508247613320662,-1.2119532606543464,0.48064698634181713,-0.025155043761504556,0.03957528579940243
1785122899.4303503,0.203868099097769,-0.051171968451560884,-1.213145155035167,0.48062353773871497,-0.024154443014116612,0.03853605652875
1785122899.440205,0.20275664499457305,-0.05153448553844555,-1.2143657726752433,0.4806015852514075,-0.023276690251395005,0.03750653033510535
1785122899.4455702,0.20164059732048328,-0.0519095668888028,-1.2156229812832162,0.4805836041892065,-0.022360861976006778,0.036465255925230845
1785122899.4499922,0.20052472073924169,-0.05229649248133781,-1.2169133948248139,0.48057326587271465,-0.021419138022808308,0.03539543673544001
1785122899.454731,0.19939974964304333,-0.05269581420481118,-1.2182329134114158,0.4805589612931366,-0.020617760383447554,0.03436514094897223
1785122899.460869,0.19827606659992347,-0.053103784027444624,-1.219578299792415,0.4805551182717526,-0.019690227912800205,0.03329635108757256
1785122899.4654732,0.19715357159976454,-0.053520849392862904,-1.2209482350357252,0.4805579843813552,-0.018782113627381906,0.03221211941507391
1785122899.4703705,0.19602239806592392,-0.053947644797418794,-1.2223449096041303,0.4805559309860091,-0.018027679340343893,0.031176567366077972
1785122899.4752126,0.19489361733475052,-0.05437995968960126,-1.2237654488752825,0.4805635064982822,-0.017139056477093694,0.030107874419436746
1785122899.4798355,0.1937669096275297,-0.054818151864342746,-1.2252104550263936,0.4805772260063576,-0.01625578865815381,0.02902512462138261
1785122899.485393,0.19263687956971606,-0.05526303860762714,-1.2266836131282157,0.4805888421054994,-0.015519403974953315,0.027972637368622516
1785122899.4895115,0.19150479750496893,-0.055711727389476245,-1.2281851721472143,0.4806023167139739,-0.014724175255169678,0.026925027567951714
1785122899.494523,0.19037588590994486,-0.056162793276998205,-1.22972093006867,0.48062100973378785,-0.01386218906058016,0.025855675676056133
1785122899.5007274,0.18924994776646875,-0.05661622734515457,-1.23128864589463,0.480642731322434,-0.013026809713265057,0.024777655607425588
1785122899.5042,0.18812704874453806,-0.057071623924249346,-1.2328858851205848,0.4806661537854978,-0.012259590844224615,0.02370045873112302
1785122899.5103533,0.1870073336719229,-0.05752836692910624,-1.234512649546544,0.4806902190977454,-0.011574466186922245,0.022630708538988385
1785122899.5159626,0.18588457579291587,-0.05798710991889275,-1.2361781047295102,0.4807084213677995,-0.011050802712099243,0.021604268199402286
1785122899.5199044,0.18476023109561568,-0.0584447816898451,-1.2378823727265083,0.48072641182120296,-0.010439566421357765,0.020587714475120505
1785122899.5275142,0.18364039624969858,-0.05889968709512587,-1.239618496683304,0.4807500581954867,-0.00971850073378583,0.01954782703524736
1785122899.5316577,0.18252473488776572,-0.05935203370128222,-1.2413881751632991,0.48077742942769036,-0.008981255750487463,0.018493964755475916
1785122899.5404167,0.18141323717219074,-0.05980169562366866,-1.243193520183712,0.4808069265750454,-0.00827171485025027,0.017432954602714094
1785122899.5444407,0.18030603065526277,-0.060248366051268924,-1.2450369674829658,0.48083727796617104,-0.007606792517578197,0.0163695803691921
1785122899.547971,0.17920330106374088,-0.06069165482038759,-1.2469290322504172,0.48086632693288306,-0.006989679229598094,0.015306849779367493
1785122899.5501611,0.17809932452676003,-0.06113248948401751,-1.248880396034815,0.4808894762112941,-0.006479675019662512,0.014271639199073278
1785122899.5537524,0.1769955499102489,-0.061568665943428774,-1.2508862823408424,0.4809119202629297,-0.005876404905541969,0.013237619547115151
1785122899.5613568,0.17589775758027354,-0.06199874237558427,-1.2529321293201199,0.4809389949063112,-0.005161181208084505,0.012177667832871391
1785122899.5660162,0.1748056877346158,-0.06242304834791214,-1.2550176159514765,0.4809697359313089,-0.004408076961288254,0.011098302489780623
1785122899.5691528,0.17371933962765645,-0.06284165938646406,-1.2571432401386582,0.48100330796488655,-0.0036518531977244423,0.0100043051972952
1785122899.5752363,0.1726388168425168,-0.06325451031967877,-1.2593100051126476,0.4810390332679745,-0.0029059736843545063,0.008899070644602809
1785122899.5801454,0.17156424898448885,-0.06366146165549187,-1.2615192185077713,0.4810763927527809,-0.0021727162705217715,0.007784940911790836
1785122899.584528,0.1704957550544333,-0.0640623392465858,-1.2637723543795247,0.4811150124521928,-0.001448812907149044,0.006663486447425293
1785122899.5903995,0.16943342917641194,-0.0644569580226421,-1.26607095303806,0.4811546435720276,-0.0007285436419859433,0.00553572751584191
1785122899.5951638,0.16837741163279116,-0.06484509237122453,-1.2684292280758236,0.48119323586242085,-5.985346606682207e-06,0.0044018418945853755
1785122899.600963,0.16732773765521436,-0.06522659473899002,-1.2708413801402905,0.481231827277454,0.0007242941538537606,0.003261919721110925
1785122899.6046555,0.16628440601814726,-0.06560132614286018,-1.2733003159844776,0.4812719721273787,0.0014684249743496312,0.0021161156932770933
1785122899.6105888,0.16524740789139913,-0.06596914461332444,-1.2758023362343451,0.48131479481113915,0.002232392068374275,0.0009645269575001588
1785122899.6150208,0.164216726226742,-0.06632991310986289,-1.2783455222563191,0.4813611001327111,0.003021627940112146,-0.00019280215236967444
1785122899.6205637,0.1631923370440225,-0.06668350216643802,-1.2809288820235503,0.4814114570533921,0.0038409331666509226,-0.0013558648856702733
1785122899.6261387,0.1621742110788077,-0.06702978962769567,-1.2835518902057699,0.4814662586208686,0.004694520782425381,-0.0025246759408969963
1785122899.6330628,0.1611623151658629,-0.06736865886543192,-1.2862142353186254,0.48152576410664644,0.005586092187897677,-0.0036992581399234673
1785122899.638893,0.1601566131784889,-0.06769999627199175,-1.2889156771593866,0.48159012879485874,0.006518907647013782,-0.00487963273244437
1785122899.649486,0.15915706343359776,-0.06802368897271414,-1.2916559564977061,0.4816594246564833,0.0074958265245765885,-0.006065818470267989
1785122899.653031,0.15816371629298995,-0.06833954982735271,-1.2944449129191928,0.48173210900096786,0.008519032704493055,-0.0072582981839978845
1785122899.655802,0.15717650997454763,-0.06864749499938173,-1.2972764237197412,0.4818090053436658,0.00958954463575133,-0.008457307588325608
1785122899.661617,0.1561996587723183,-0.06894755723973668,-1.300157226965328,0.48188855252104645,0.010735890488243789,-0.009676418212696087
1785122899.6663244,0.15523403159866397,-0.06924076154877003,-1.3030871523494407,0.4819780887303795,0.01183996604799471,-0.010880865158759523
1785122899.6718872,0.15427984895684616,-0.06952753378691613,-1.3060629574113525,0.48208308728935567,0.012862851832132179,-0.012044387836395987
1785122899.67511,0.15333762746979923,-0.06980785117604009,-1.3090819595724257,0.48220592343074203,0.01381887427382364,-0.013155474833868525
1785122899.6816914,0.1524077725605153,-0.07008148304264054,-1.3121414028294096,0.4823470782079054,0.014735890272390252,-0.014211146957669629
1785122899.684895,0.1514905199211302,-0.07034810640790298,-1.3152383715156735,0.48250592360600336,0.01564087713787632,-0.015213001579235252
1785122899.6893072,0.1505859398865354,-0.07060736971260301,-1.3183697696832177,0.4826811792427523,0.016555148745599216,-0.01616503278213716
1785122899.6946785,0.149694869729081,-0.07085765183627404,-1.3215464870429678,0.48287118382077016,0.01747466865796581,-0.017064927174173992
1785122899.70047,0.14881752806019666,-0.07109892435732956,-1.3247589987269388,0.48307510869023274,0.018413151211960795,-0.017920068627186772
1785122899.7038841,0.1479537194785727,-0.07133144246159069,-1.3279954669133658,0.48329185245908324,0.01938344588452946,-0.01873983142512512
1785122899.7116394,0.14710316617211902,-0.07155523195930952,-1.3312471245892932,0.48351999323609113,0.020392644998014818,-0.019531992236986866
1785122899.71658,0.14626553448530544,-0.0717701587738576,-1.334506877383381,0.48375796260298054,0.02144487844943072,-0.02030277935796195
1785122899.7198436,0.14544043892619998,-0.07197596723929248,-1.337768509452546,0.48400418545138135,0.022542901608447057,-0.0210568729539968
1785122899.725224,0.14463478604954058,-0.07218565994963105,-1.3410660613645708,0.4842353831055897,0.02344089912017079,-0.021902089287923233
1785122899.7320507,0.1438459874424541,-0.072379216444355,-1.3443648523184275,0.4844634929235874,0.02454524592350302,-0.02274695343652199
1785122899.735986,0.14307209417743844,-0.07255966092445768,-1.3476581130608722,0.4846899455160182,0.02573564414975702,-0.023588382124361748
1785122899.7405002,0.14231991284537535,-0.0727347533575263,-1.3509734021642288,0.4848960820926943,0.026859906455823465,-0.02450258030457875
1785122899.748505,0.14158299915458544,-0.07288993520943753,-1.3542697979559934,0.4850997882387319,0.028161643450337157,-0.025389057292247993
1785122899.7517831,0.1408727235747069,-0.07304307329361587,-1.357602637507879,0.4852716931439775,0.029265553372447677,-0.02638240263863692
1785122899.753762,0.14018951300020643,-0.07317923038368838,-1.3609507351808323,0.48541645564136165,0.030454677391671264,-0.027424458141394804
1785122899.7598138,0.13952206388672206,-0.07328361227902853,-1.3642552029060284,0.48556144385456607,0.03193402401057706,-0.02838174917953515
1785122899.7656317,0.1388839111058628,-0.07337989627151205,-1.367578884935355,0.48567558303179204,0.03320366726337691,-0.029411772775563227
1785122899.7704802,0.13828029575266093,-0.07346234643495667,-1.3709253992879846,0.48575241381596457,0.034357406518140475,-0.030517812482853058
1785122899.7757118,0.13771539686347667,-0.07352558045080894,-1.374294199738117,0.4857882328350493,0.035449329074339016,-0.03169231498421768
1785122899.785237,0.13717523987745228,-0.07354598209234255,-1.3776096251697845,0.4858139411556997,0.03685811835728554,-0.03276787587968099
1785122899.786191,0.1366729620976534,-0.07354421383323857,-1.3809247804527784,0.48580786986774255,0.038104769898184856,-0.03386492803367236
1785122899.7930968,0.1362123606480428,-0.07351523111546472,-1.38423744472924,0.4857672059535967,0.039229023168608164,-0.03497977586662703
1785122899.7990167,0.13579656069349894,-0.0734542212791403,-1.3875420553095927,0.485690888069704,0.04025217290242552,-0.03610298356410211
1785122899.8022847,0.13542817401962096,-0.07335659222812956,-1.3908305125920946,0.48557911964859174,0.04118142420599942,-0.037221872952913515
1785122899.8058178,0.13510941380690422,-0.0732179615068007,-1.3940927255566555,0.4854330266834054,0.04201433386164624,-0.03832225232934471
1785122899.8116543,0.1348421777224121,-0.07303415268220041,-1.397317030707675,0.4852544012457752,0.042742506532978376,-0.03938966210201154
1785122899.8159316,0.13462811685962822,-0.07280119578743689,-1.4004905050459404,0.4850455031846043,0.043354386278137355,-0.040410292564504
1785122899.8196633,0.13446682928714906,-0.07251581495715399,-1.4035808772119778,0.48480901389072156,0.04383315418829954,-0.041371915244320934
1785122899.8262546,0.13435912624914406,-0.07217485028214309,-1.4065695385854382,0.4845488633441681,0.04415669173863763,-0.042258129363663625
1785122899.8309138,0.13430623378522474,-0.07177520037346875,-1.4094441700764255,0.48426878471251306,0.04431320379973374,-0.043055951452074276
1785122899.8353317,0.13430919726108909,-0.07131401810435543,-1.4121923052655707,0.48397216885766176,0.044296736059890984,-0.04375641442396934
1785122899.8413312,0.13436889561121002,-0.0707887572150277,-1.4148016758488193,0.48366213083552373,0.044103832427751524,-0.044353846656055504
1785122899.8497906,0.1344858821876308,-0.0701972637338505,-1.417260733914867,0.4833414896920048,0.04373245809032533,-0.04484562297612901
1785122899.8515773,0.13466068592421032,-0.06954141667067083,-1.419537018414871,0.4830119643975777,0.04319179176981931,-0.04524909719022564
1785122899.8540857,0.1348936161012124,-0.06881847005016851,-1.421628206934391,0.4826747687085326,0.04248942365819317,-0.045558630736383436
1785122899.8599894,0.13518476125192586,-0.06802539943804789,-1.4235359920509143,0.48233136267116655,0.041622637992041675,-0.04576739333891649
1785122899.8649504,0.13553422888816505,-0.06716029304843736,-1.4252583475494995,0.48198318135756474,0.040586491035886255,-0.04587468923829432
1785122899.8695688,0.13594213710058714,-0.06622204193246524,-1.426791884738804,0.48163146703421816,0.03937699267748255,-0.04588445750155877
1785122899.8759346,0.1364086009542776,-0.06521014424770256,-1.4281331238534662,0.4812771726261067,0.03799197877083987,-0.04580416560318582
1785122899.8807518,0.13693372088603603,-0.06412457641434595,-1.42927918058278,0.48092090847445057,0.036431066698968236,-0.04564396900986869
1785122899.8856938,0.13751757489492536,-0.0629657034959768,-1.430228128470609,0.48056291702495185,0.034695307679402786,-0.04541603841443439
1785122899.8929093,0.13816021430179315,-0.06173421264728106,-1.4309791751220131,0.48020306670550117,0.03278679173409866,-0.04513399009471232
1785122899.8972282,0.13886166226659175,-0.06043106025664216,-1.4315327267534406,0.47984085968593104,0.030708301426188418,-0.044812381680297116
1785122899.9008632,0.13962191422203088,-0.05905742742268302,-1.4318903826799247,0.47947544999101727,0.028463041612763664,-0.04446625385974467
1785122899.9048212,0.14044078436702315,-0.057622354033170974,-1.4320030095123983,0.47910601268590713,0.026053314007811273,-0.04413444011120219
1785122899.9108632,0.1413196687227068,-0.056127620108796517,-1.431891561428809,0.47873157112665354,0.02349773657716341,-0.04382052926205726
1785122899.915303,0.14224373008144423,-0.05456086613051315,-1.4315112594859987,0.4783696824882668,0.021091155060681977,-0.04340709495605728
1785122899.9195971,0.14320786321056395,-0.052931762774895925,-1.4308876206271546,0.47802986170221207,0.01889803794501995,-0.042855669292161995
1785122899.9259925,0.14420881433250846,-0.051252475964745095,-1.4300629885346792,0.4777145092190621,0.01682284588787295,-0.04216757358580341
1785122899.9299536,0.14524548668412357,-0.04953107432332757,-1.4290683297594824,0.47741999619246217,0.014893350525873114,-0.04137167313029273
1785122899.9350758,0.14631422595779925,-0.047774224580706195,-1.4279227440979836,0.477145655742692,0.013045710838670227,-0.04047919780330555
1785122899.9415188,0.14741103119839594,-0.045987043876571904,-1.426639304631036,0.476893092458314,0.011217061799354257,-0.039488332190679334
1785122899.950914,0.1485307840228437,-0.04417345376209513,-1.4252276506638404,0.4766651612160409,0.009362526088777225,-0.03838939161395074
1785122899.9558613,0.14966366153088062,-0.042336245338431534,-1.423634082518735,0.47647545958823734,0.007553425584209264,-0.03714088951470639
1785122899.96107,0.15081232974247358,-0.04047977920041531,-1.4218874720221415,0.47632038010790556,0.005952476456290329,-0.03578143683375662
1785122899.9656641,0.15197530558166641,-0.03860737322282515,-1.42003724226638,0.47619744870806957,0.004478091701717436,-0.03430321655208776
1785122899.9709237,0.15314859426632502,-0.03672031579138411,-1.4181176126997577,0.4761046157185304,0.003138037041399244,-0.03269938266644936
1785122899.9751573,0.15433141665735065,-0.03481971993881777,-1.4161540405951745,0.4760365891559225,0.0019837986803027357,-0.03098701375597913
1785122899.9805415,0.15552819423951983,-0.03290640186389517,-1.4141707854359926,0.47598446051432103,0.0010951678048493577,-0.029206233469754688
1785122899.9857004,0.15673671278778095,-0.030983127903947527,-1.4121842160465896,0.4759498019135017,0.0002646421629879328,-0.02734671955050128
1785122899.9929974,0.15795173060521436,-0.029051220146692116,-1.4102063777130809,0.47593434880169455,-0.0005357886403600534,-0.025397342460861973
1785122899.9969213,0.15917368504552495,-0.02711144616815434,-1.4082359640625914,0.4759375168695684,-0.0012269090255421764,-0.023372153036024503
1785122900.0008721,0.1604032340038468,-0.025164150136274474,-1.4062981564954318,0.47595521363603505,-0.001770991732743003,-0.021285239558937876
1785122900.0052996,0.1616410508915717,-0.023209749127816252,-1.4044196032559144,0.4759827145525076,-0.002164026906616185,-0.019151806427475725
1785122900.0099978,0.16288170860510826,-0.021237164996291684,-1.402687718898373,0.47600777847853004,-0.0025112172212598447,-0.016956567816328216
1785122900.0155084,0.1641197462097363,-0.019242720016252015,-1.401105565668856,0.4760673353306896,-0.0023700257298341987,-0.014937285737913834
1785122900.0205102,0.16535605324754937,-0.017234361177360637,-1.3996737568299622,0.4761561196399689,-0.001938435431767387,-0.013091470206602406
1785122900.0257673,0.16659273719582696,-0.015218020193519553,-1.3984035262260686,0.4762606515390844,-0.0013971531172754653,-0.011375096542881456
1785122900.0322652,0.16783224854143472,-0.013198128121734468,-1.3973043067158282,0.4763695621704306,-0.0008316765455137053,-0.009755135799954413
1785122900.034275,0.1690768959836563,-0.01117793543843238,-1.3963840392466371,0.47647362271389126,-0.0002773479539715602,-0.008207877129619234
1785122900.0414932,0.17032840672554705,-0.00915979405330606,-1.395648836403864,0.47656551792162155,0.00025388270688474733,-0.006717667148645326
1785122900.0463696,0.17158598616299944,-0.0071376099210176455,-1.3951811022257299,0.4766337330416737,0.0007475180791643056,-0.0052830802875052625
1785122900.0530677,0.17285498140695685,-0.005112136673447375,-1.3949608722899118,0.4766896280174575,0.0014530761602497854,-0.004034694616302145
1785122900.054571,0.17413388500989968,-0.003089345296018916,-1.3949617292963,0.47673504009238127,0.0020115762944465433,-0.002906695523711726
1785122900.0612245,0.1754159016323645,-0.0010727409277356832,-1.3951503414222537,0.47677291957594903,0.002370511810521491,-0.0018360524640259417
1785122900.0650563,0.17670246459385766,0.0009366420688781592,-1.3955157507483846,0.47679928454492015,0.0026257329308130312,-0.0008074219343130282
1785122900.06899,0.17800061626754476,0.002930102999472367,-1.3960788297165072,0.4767969389275078,0.002691444620218148,0.00012337474706943592
1785122900.0754752,0.17930444229335818,0.0049216760128732925,-1.3967965120019106,0.47677885091953515,0.002855177495638356,0.00104709276636741
1785122900.079687,0.1806161517636807,0.006902511615814116,-1.3976804121441118,0.4767375949464898,0.002963191095664566,0.001929030218301137
1785122900.084021,0.18193944071057583,0.008870613850395786,-1.3987401360945324,0.47666408300223173,0.002996226049604195,0.0027392403078538158
1785122900.0911803,0.18328177224305411,0.010838701065234439,-1.3999713334084274,0.47656143452326416,0.003199826510990152,0.003502398460029653
1785122900.0968046,0.18462706881997804,0.01279989105364677,-1.4013389113278283,0.47644532309955495,0.0032100181422610283,0.004286307475720577
1785122900.1004243,0.18597663103731105,0.014758888942066443,-1.4028889340485904,0.4763089284862794,0.0031871771842687966,0.005093981331202343
1785122900.104714,0.18733182187792072,0.016709337418713825,-1.404604384507291,0.4761481322045733,0.0030053979511039217,0.005872160684542496
1785122900.111856,0.18868998207878446,0.018658818041827816,-1.40642991557262,0.47597744681600024,0.0027985029993300888,0.006658666916130523
1785122900.1148734,0.19005077250219285,0.02060988186111215,-1.4083407672561656,0.4758017484848862,0.0026086846606179254,0.007454442003408504
1785122900.1194293,0.19141139448296413,0.022564566225623608,-1.4103192285328212,0.4756239508917722,0.0022974325622934053,0.008256257173642001
1785122900.1271865,0.19276721159204727,0.024524591742749065,-1.4123795002638095,0.4754624973875384,0.00211318327694522,0.00897649781843843
1785122900.1333256,0.19412090126173304,0.026478743170736334,-1.4145355174605256,0.47530384637357315,0.0017774921960025192,0.009582289445663238
1785122900.1351538,0.19546658355466343,0.028443403714333446,-1.4167389719924512,0.4751675649413731,0.0015536126025535528,0.010206412090461324
1785122900.1420534,0.19680612027616975,0.030408526304954442,-1.4189934055520976,0.47504076668990025,0.0011182199856070915,0.010803079273613143
1785122900.1467423,0.19813678537560878,0.03237596918359462,-1.4213589465770422,0.47492937328281193,0.0007164531556594785,0.011317533261375157
1785122900.1536443,0.19945552533061078,0.034347631794937855,-1.4238004974934773,0.47484101533774214,0.0003052833644643341,0.011822667811065522
1785122900.158948,0.20076523597385665,0.03631538826747782,-1.4263026675432142,0.4747613562948574,-0.000398087408084272,0.012286116579646
1785122900.161162,0.20206371743525825,0.0382838029903768,-1.4288884484863316,0.4747017232457288,-0.0010865242141976546,0.012641251394685152
1785122900.1639512,0.20334751497193848,0.04025386681364607,-1.4315421203208705,0.4746699313553284,-0.0017687042933201345,0.012955153000264187
1785122900.1685905,0.20461726598349977,0.04222319342247813,-1.4342485249937806,0.4746584051040643,-0.0025988418570614446,0.013257507745595825
1785122900.1766782,0.20586939163746817,0.0441881371802518,-1.4370325328453972,0.4746730580461774,-0.0034972468619148002,0.013497807555472767
1785122900.1801236,0.20710429850719442,0.046144829585714586,-1.4398961857644108,0.47470698117795884,-0.004537375533477049,0.013696110629257923
1785122900.1843429,0.20832118336239203,0.048094007403843224,-1.4428345304079018,0.47475611975505544,-0.005716201077614804,0.01385663409488369
1785122900.1912005,0.20951632262019446,0.05003380907296441,-1.4458640966421235,0.4748238679098593,-0.0069447674998684384,0.013952771234567238
1785122900.196785,0.21068695048636304,0.05196196670788857,-1.4490148238569132,0.4749047555310415,-0.008212293623923173,0.014006333133008246
1785122900.1999536,0.21183103965140815,0.05387630908676735,-1.452273176479287,0.47499376979099905,-0.009538639344184004,0.014044850587965885
1785122900.2050676,0.21294897921473124,0.05577426156136788,-1.4556285511604354,0.47509383969273344,-0.010844763099437132,0.014056405624661103
1785122900.2113247,0.21404316027227613,0.057652613834494604,-1.459074990858149,0.4752082569825657,-0.012078250014409339,0.014026703316580937
1785122900.2147162,0.21511077016249294,0.059508513973744404,-1.462606323995092,0.4753305111515836,-0.013344096166897391,0.013993818194736152
1785122900.2193663,0.21615119338617497,0.0613409156881098,-1.466219321348465,0.4754611583990793,-0.014573310935823201,0.013954730365023007
1785122900.2268395,0.21716718168384783,0.06314799938458915,-1.4699109801594799,0.47560396136610034,-0.015700080401796383,0.01388811169039804
1785122900.2305586,0.21815757847828907,0.06492727733456434,-1.4736772578315442,0.47575441250063844,-0.01683133664467116,0.013817736276258723
1785122900.234636,0.21911774925938524,0.06667851027603175,-1.4775172662367395,0.4759081265536979,-0.017986445643213233,0.013765301252820158
1785122900.244092,0.22005195966240013,0.06840124968672828,-1.4814252129161354,0.4760720869010968,-0.019036304738884593,0.013689909867350296
1785122900.2469432,0.22096038190323108,0.07009350913571402,-1.4853969827619733,0.47624447101018524,-0.02006648244409589,0.013599579626656522
1785122900.256098,0.22183123623615375,0.07175281274043922,-1.4894877964552533,0.47641145023277964,-0.0211815981182417,0.013541878479590392
1785122900.263993,0.22266515770706968,0.07337987781298161,-1.4936675926575111,0.4765768455503665,-0.022210111361067722,0.013518707791081016
1785122900.2679832,0.22346240648241764,0.07497957395906685,-1.4979133218502783,0.47674012723048487,-0.022980888877587258,0.013551164201334972
1785122900.2719467,0.22423093040666556,0.07654339372354314,-1.5021709448502132,0.47691369834038644,-0.023658718676705985,0.01358395717473595
1785122900.2773492,0.22496411586664147,0.07807449481235679,-1.506444491260501,0.47709115722972323,-0.02430954333926784,0.013660939975941802
1785122900.281226,0.2256539386834293,0.07957044548350202,-1.5107340049072,0.4772682485564559,-0.02497807296874872,0.013802472794782675
1785122900.2850842,0.22631146697811474,0.08102986128921857,-1.514999714229518,0.47745787658387945,-0.02553937454967357,0.013942143138423988
1785122900.296422,0.22693108521129085,0.08246126771809682,-1.5192630280142958,0.4776471020561495,-0.025912415660361742,0.014143003826711461
1785122900.2992415,0.2275087362277692,0.08385106356961643,-1.5235041834600154,0.4778362434046432,-0.02639595114856032,0.014382446322983113
1785122900.3020194,0.22804781374497377,0.08519924551825388,-1.5277016033467965,0.47803308550690976,-0.026925955180392903,0.014630586561681546
1785122900.3048642,0.22854474849009423,0.08651678946445741,-1.5318758806693857,0.478227278910411,-0.027279693097989683,0.014942909921034187
1785122900.3119917,0.2289983529593677,0.0877941449056131,-1.53600273338747,0.4784224403909211,-0.027645203673296304,0.015287983338819979
1785122900.3149555,0.22940830889353833,0.08903912394713635,-1.5400902671627572,0.47861348701848216,-0.027821050482815707,0.015686193113929187
1785122900.319574,0.22977561810183814,0.0902417940348243,-1.544110125613451,0.47880425605592025,-0.02806547982619769,0.016102358661322688
1785122900.3262768,0.23009133438165033,0.09141074835523076,-1.548090220394843,0.4789839565572188,-0.02821277979056177,0.01658719259894394
1785122900.3303196,0.2303662583030024,0.09253995900613408,-1.5519911277764982,0.4791615650966519,-0.028242238005291846,0.017075068805833215
1785122900.33459,0.23059195674384203,0.09362898301781715,-1.5558224703482133,0.47932969164064326,-0.028309094165085102,0.017596344650709174
1785122900.344421,0.23076961481434277,0.09467817761656667,-1.559575644767715,0.479489383648101,-0.028334901101937086,0.01813502370175636
1785122900.34643,0.2309009549405011,0.09569202766892158,-1.5632188197872707,0.4796394794617954,-0.028238306579493846,0.018703147530354975
1785122900.3497415,0.23098836254585248,0.0966659881476369,-1.5667481257324558,0.4797847558773388,-0.028125686059362713,0.019244615846148925
1785122900.3575158,0.231029084673665,0.09760193636283528,-1.5701924021226192,0.4799155207348807,-0.028026362353110977,0.01978033388669494
1785122900.3639305,0.23101560116209127,0.0984987515889586,-1.5735762305360208,0.4800234688676147,-0.027920025761687835,0.020322314360764804
1785122900.365743,0.23096377318088626,0.09934940645551003,-1.576848306805629,0.4801293694135324,-0.02780548158050433,0.020749900501361503
1785122900.3695254,0.23086369301069495,0.10016253348577075,-1.5800563027330297,0.48021052470641207,-0.027643256344608076,0.021174190888345837
1785122900.3759997,0.23070835360316425,0.1009339880657366,-1.5832061088285538,0.4802633675672239,-0.02746745568337174,0.021596807187459828
1785122900.3796906,0.23051379973826128,0.10165850806010163,-1.5862431624326763,0.48030984923312325,-0.02725381109343421,0.021901725175434233
1785122900.3854342,0.2302648340622284,0.10234538469137217,-1.5892240028876168,0.48032554561096286,-0.02700166288573549,0.02221915538558407
1785122900.3931704,0.22997186171168935,0.10298581583100523,-1.5920979871298049,0.48033070267407046,-0.026680049237101846,0.022435702080763575
1785122900.3971748,0.22963531217102742,0.103586365325489,-1.5948749473043418,0.4803175954635006,-0.026272393538497918,0.02260277504542951
1785122900.3996015,0.22924920853548644,0.10414346144639426,-1.5975420197477994,0.48028952451473467,-0.02588574201650148,0.022703648106313295
1785122900.4053168,0.2288265054329248,0.10466060827538211,-1.600074323736809,0.48026057329194816,-0.0253558429199677,0.022681824843134732
1785122900.4113533,0.22836075952297732,0.10514024000909945,-1.6024979469628617,0.4802143907156982,-0.024774381418488235,0.02262303920977305
1785122900.4145339,0.22784844766646625,0.10557879167484857,-1.6047943078927023,0.48016043884296533,-0.024253179263597515,0.022477943341018918
1785122900.4189079,0.22730112416183226,0.10597931579564762,-1.606957222822844,0.48010994398737683,-0.02360707498098015,0.022196147785368252
1785122900.425405,0.22671606780353465,0.1063433809572322,-1.60898997167924,0.48005730802621044,-0.022968684483908923,0.02181864381763199
1785122900.4307144,0.22609001482943145,0.10667406005643018,-1.6108947074736875,0.48000019199938054,-0.022272873907252175,0.02136784254936301
1785122900.434491,0.22543323793895864,0.10697220947663733,-1.6126609504492049,0.4799473318882347,-0.021402399997162813,0.020804519852971534
1785122900.4403846,0.2247452358485578,0.1072381009415777,-1.6142885889586271,0.479896506429129,-0.02049982271704125,0.020148966346127076
1785122900.4459991,0.22402752963175876,0.10747319088263027,-1.6157451060073091,0.4798530972191581,-0.01966652719874045,0.019401857514495455
1785122900.4490385,0.22327421269114037,0.10767965688869933,-1.6170515304518027,0.47981058188846043,-0.018982637012577082,0.01859043688209466
1785122900.4580874,0.22249347241361522,0.10785847816833789,-1.6182238606746648,0.47977582874484154,-0.018258373410965447,0.017665767025229352
1785122900.4618466,0.2216851654644654,0.1080101666794823,-1.6192756000587836,0.4797457027582055,-0.0175739878569709,0.01664095933347242
1785122900.4646568,0.22084948327805232,0.10813553557390901,-1.6202165138085056,0.47971818486786494,-0.016961800564978934,0.015527026688210975
1785122900.4688938,0.21997643055142627,0.1082370098686624,-1.6210753290298887,0.4796866727545499,-0.016471346478692243,0.014362609747320095
1785122900.4771752,0.21907825551274876,0.10831549753060404,-1.6218349285105653,0.4796607404486899,-0.015879102472619172,0.013099805790285739
1785122900.4804173,0.21815429912550355,0.10837148254594106,-1.6225016256470792,0.4796388142308874,-0.01527103817930131,0.011752099114305735
1785122900.484349,0.21720427638272358,0.1084055736683433,-1.6230814618053147,0.4796197205051187,-0.014686260027390017,0.010330802591498843
1785122900.4903762,0.21622805342531534,0.10841844729892432,-1.6235804306134078,0.47960260338619176,-0.014138541008532457,0.008845516344570932
1785122900.496253,0.21522553933647118,0.10841080998853575,-1.6240045435986643,0.47958685218640795,-0.013628414686081494,0.007304476681687681
1785122900.5007691,0.21419819051768083,0.10838402840276229,-1.6243299618677698,0.47957769279838813,-0.013175093078364133,0.005703070278738753
1785122900.503786,0.21314631181805604,0.10833869866930733,-1.6245773252529834,0.47957354973148114,-0.012786520170593648,0.004038435436058417
1785122900.5104008,0.21207005802345957,0.10827542627280969,-1.6247703548879855,0.47957122576766764,-0.012444050160585076,0.002314321806737464
1785122900.5156224,0.21096963360650195,0.10819498285067201,-1.6249252030308061,0.47956851326410416,-0.012127808852208823,0.0005352875263945272
1785122900.5192285,0.20984521947224638,0.10809818841312316,-1.6250538150582698,0.4795638961889875,-0.01182081355831405,-0.0012941929446436478
1785122900.526199,0.20869706005704775,0.10798587576396564,-1.6251653777278308,0.479556312104062,-0.011509703617144781,-0.003169912159437763
1785122900.531135,0.20752539589747412,0.10785888208029784,-1.6252674200977897,0.47954509695140063,-0.011185880036233527,-0.005088532425602947
1785122900.534886,0.20633045871893682,0.107718032323932,-1.6253663709206736,0.47952987484452075,-0.010843898566952441,-0.007047517560113666
1785122900.5410056,0.20511323845839205,0.10756260822143617,-1.6254809965791566,0.4795085372480516,-0.010456347643074926,-0.009053827098343275
1785122900.5463014,0.20387840672499863,0.10738432929190399,-1.6256608657499994,0.4794925347267865,-0.010143958400630851,-0.011041219276696816
1785122900.5498235,0.20263115614703503,0.10718179662046806,-1.62588449364969,0.47950376357525504,-0.01004398155867981,-0.012907353886142297
1785122900.5550635,0.2013724250023325,0.10696019526193308,-1.6261505099742348,0.47953510558505974,-0.01001337662153097,-0.01469337711262574
1785122900.560374,0.2000997081159929,0.10673282530688454,-1.626499261939766,0.47955638354355035,-0.009727619940930585,-0.016346719473596876
1785122900.565029,0.1988071565273547,0.10648427040394587,-1.6269518364348696,0.47957166077582875,-0.009508530126912948,-0.017947170129854535
1785122900.5689218,0.19750155902783367,0.10621730487359896,-1.627517451144768,0.47958896572615883,-0.00933509721923612,-0.019403744257031685
1785122900.5754569,0.1961809984690483,0.10593988058170897,-1.6282054919414244,0.4795895651384644,-0.00902417914029813,-0.020715207790653452
1785122900.5808246,0.19484034212126766,0.10564570793123365,-1.6290122528057418,0.47957034284506866,-0.008740818488883424,-0.02197203953261913
1785122900.5847082,0.19348022331040776,0.10533493722623981,-1.6299880282533972,0.47952855485466245,-0.008459416014669787,-0.02309078173029676
1785122900.5893028,0.19210475905322819,0.10500858708903031,-1.63111040266544,0.4794665283800714,-0.008156073423250114,-0.024079445589503506
1785122900.5959625,0.1907067054915828,0.10466440300143795,-1.6324116050616428,0.4793684976227791,-0.00785758160071699,-0.02497697061150079
1785122900.599385,0.1892887147637983,0.10430123477773574,-1.6338995089912574,0.47924785739532083,-0.007558331745496845,-0.025757504869062
1785122900.6044781,0.18784994637818186,0.10392411242850493,-1.6355770055138903,0.4790868826785355,-0.007055619128321191,-0.026351766056928547
1785122900.6107113,0.1863902683612919,0.10351530880327701,-1.6373950908300037,0.4789139085793159,-0.006773108280222235,-0.026908556932233464
1785122900.6149683,0.18491146142651396,0.10309277141276808,-1.6393988341012808,0.47870736269742814,-0.006271301504369312,-0.02730572359023874
1785122900.619156,0.18340870689966832,0.10265227205400834,-1.6415970193548808,0.478459486124906,-0.005605401288667213,-0.027525563247543176
1785122900.6274936,0.181880989832323,0.10217887388700225,-1.6439690484645542,0.47818528818865,-0.0050722548456231305,-0.027636522446500205
1785122900.6302762,0.18033591512777628,0.10167751012100834,-1.6464825331976107,0.4778936540003025,-0.0045585741039044165,-0.02771331617217061
1785122900.6347728,0.17876756026443422,0.1011553362255568,-1.6491946463402651,0.4775663353228637,-0.0038726191017989645,-0.027654781325404595
1785122900.6422427,0.17717473283384594,0.10060609766595655,-1.652107860180566,0.47720271517932045,-0.0030679078371329306,-0.02742067440204366
1785122900.6462088,0.17555340378734702,0.10002746503737116,-1.6552234530764314,0.4767956781793129,-0.002142082161182984,-0.027023621321163056
1785122900.6495543,0.1739112096933763,0.09939617330899933,-1.6584930685881256,0.4763841633301673,-0.0016020482834690703,-0.026665782477939014
1785122900.6590579,0.17225171167719877,0.09873895933927984,-1.6619633671697938,0.47595410474913497,-0.0008795769531761199,-0.02617298478274321
1785122900.6629846,0.17057211076477696,0.09805062401616871,-1.6656179361369199,0.4755033646082725,5.409941949498821e-05,-0.025502672357240946
1785122900.6659358,0.16887120130391942,0.09731745360784758,-1.669410233395081,0.4750477103991848,0.0009314496237913279,-0.0247234240758741
1785122900.6709125,0.16715631320129268,0.09654302071157858,-1.6733104934294185,0.47460353906188607,0.00179496916602535,-0.023886418432414774
1785122900.6771924,0.16542493913314132,0.09572583720891177,-1.6773155786769258,0.47416773274897445,0.002650082954535179,-0.02297380512058744
1785122900.6809652,0.16368221763214225,0.09486872942461698,-1.681405710226425,0.4737502881363353,0.0035315824368939027,-0.022020639000866638
1785122900.6840906,0.1619289684732039,0.09396516815316448,-1.6855473504342884,0.47336475063820743,0.004267588720647129,-0.02109617063537033
1785122900.6926367,0.16016593754654188,0.09302462628426987,-1.689761466836367,0.47299882406564775,0.0050947909101786,-0.020132548433662575
1785122900.6961446,0.15839891151230898,0.09203979804659015,-1.693986322853896,0.4726837251523206,0.00573378398455824,-0.01928309448704539
1785122900.699916,0.15663186599189174,0.09102412945502657,-1.6983160033931817,0.4723963981143739,0.0064875495532360624,-0.018382102997513305
1785122900.704163,0.1548615343640417,0.08996847547385708,-1.7026764170767503,0.4721686105573102,0.007074147540710247,-0.017565450802781428
1785122900.711971,0.15309767404192215,0.08888057727615699,-1.7070238902925103,0.47200497670724184,0.007744353221439165,-0.016832709355970202
1785122900.7146513,0.15134635927511544,0.08776498721080017,-1.711329288956035,0.4719047456509856,0.00857593931523012,-0.016176663343661683
1785122900.719068,0.14961051856827454,0.08662492194611923,-1.7155748575797554,0.4718666225558972,0.009535703364451914,-0.015600674113901212
1785122900.7258635,0.1478915951237712,0.08546293858942669,-1.7197493093358034,0.4718889783905366,0.010560897454020338,-0.015113877557267655
1785122900.732017,0.1461903804403697,0.08428126304932565,-1.7238452506413156,0.4719697743948514,0.011594011139056124,-0.014727543027538554
1785122900.7345088,0.14450738227824395,0.08308194729588629,-1.7278579526505744,0.47210642871616404,0.012594386360751312,-0.014452513142414533
1785122900.7413337,0.14284289349260665,0.08186691961161592,-1.7317848135460423,0.47229575856157663,0.0135384589987705,-0.014297806454536946
1785122900.7450337,0.1411970239934564,0.08063797421577486,-1.7356249045231222,0.47253399643405547,0.014416927667106784,-0.014269906668209986
1785122900.7502124,0.1395697503554462,0.07939676198002571,-1.7393785637776533,0.4728168544427622,0.015231004036386313,-0.01437245120123453
1785122900.7585027,0.1379609385759252,0.07814479887674677,-1.7430470896478762,0.4731396312491067,0.015988439526665493,-0.01460630466204301
1785122900.7630029,0.13637033714667907,0.07688348437050856,-1.7466325897851651,0.4734973557982864,0.01670044048183445,-0.014969860401389055
1785122900.7664082,0.13479761032450266,0.07561411113204695,-1.7501378273714256,0.47388490974919706,0.017379906271396996,-0.015459272137056963
1785122900.768984,0.133242358999266,0.07433787744094622,-1.7535660462811042,0.474297127673842,0.018040062051946533,-0.016068756425487662
1785122900.7768795,0.131704143809033,0.07305589746473758,-1.7569208067788473,0.4747288869208416,0.018693635676465845,-0.01679089133723559
1785122900.7806911,0.13018250969812575,0.07176920904662083,-1.760205831879407,0.4751751855486254,0.019352387446918216,-0.017616902519198074
1785122900.7840238,0.1286770104893266,0.07047877946359586,-1.7634248642072494,0.4756312076138043,0.020026853200121347,-0.018536935552333513
1785122900.7903256,0.12718723253279796,0.0691855097763907,-1.766581534070558,0.4760923761253874,0.020726214065429776,-0.019540314363352122
1785122900.7969244,0.12571335900756778,0.0678892567958638,-1.7696388862426764,0.4765588827058754,0.021473845910414457,-0.02064637861175383
1785122900.7997634,0.12425515374501783,0.06659109065142325,-1.772616656690952,0.4770284165503369,0.02221874959780882,-0.021837473816055518
1785122900.8043337,0.12281241728718723,0.06529338789253146,-1.7755350292684016,0.4774974184810695,0.022935193126857052,-0.023087709027571048
1785122900.8099694,0.12138437313920415,0.06400120698601082,-1.7783972610951397,0.47795724376134463,0.023686749781819838,-0.02440465754646094
1785122900.8147705,0.1199720367207446,0.06271431605270439,-1.7812301355576154,0.4783985695036963,0.02452718858643821,-0.02580119988316539
1785122900.820538,0.11857561195469755,0.06143268027802755,-1.784039832394223,0.4788232056914215,0.025390955683868763,-0.0272371267308522
1785122900.8251011,0.11719426680025194,0.0601596250212134,-1.7868130023392705,0.47923255760758265,0.02625103801168391,-0.02868043056299684
1785122900.8309588,0.11582891446615047,0.05889672521386802,-1.7895629364612684,0.47961517832156453,0.02724404345080371,-0.030168795578911656
1785122900.8347263,0.11448000843970892,0.05764253153995046,-1.792296575247901,0.4799735387147822,0.028300555249028365,-0.03166908627507761
1785122900.8406858,0.11314808204081976,0.05639677728071133,-1.7950137925610175,0.4803108048213249,0.029381779112148884,-0.033148905739373236
1785122900.846414,0.11183225868251334,0.05516283355749199,-1.7976954547529194,0.4806304586915104,0.030457613375348084,-0.034578984943620654
1785122900.8496044,0.11053467372265459,0.053941476016381704,-1.8003407748896882,0.4809230916754354,0.031684987732506685,-0.036016173356319604
1785122900.8554244,0.1092561830588166,0.05273086050326447,-1.8029588477224798,0.48119325676054747,0.03295930862397805,-0.03742883424065103
1785122900.8617115,0.10799685319588635,0.051531755062995135,-1.805546449230361,0.4814469096839082,0.034195279284277964,-0.03877678518752136
1785122900.865061,0.10675643859080167,0.050348762713069546,-1.808089419264877,0.48168207207196895,0.035451212168161106,-0.04006718864998674
1785122900.8697011,0.1055382651540913,0.049179406624381077,-1.81060863458396,0.4818912399335023,0.036809545672887356,-0.04133552085839968
1785122900.8753633,0.10434184390939213,0.04802399714685503,-1.8130926043724152,0.48208357242483263,0.03813169831967738,-0.042532509548107
1785122900.8810387,0.1031668290139056,0.046887072970486346,-1.815522155024268,0.48225891694629414,0.03946355801963268,-0.04366286313218489
1785122900.8853748,0.10201711349423118,0.04576549551768398,-1.8179175098223972,0.48240982198619115,0.04089308102184054,-0.0447678722641853
1785122900.8926692,0.10089294949534335,0.044658334404859654,-1.8202723919485206,0.4825447483767133,0.042291401133703985,-0.04580635345069884
1785122900.895309,0.09979363015713547,0.043568452207614405,-1.8225570749204067,0.48267195335202895,0.043609710020708306,-0.04675521429231086
1785122900.901326,0.098720861002756,0.04249768525754943,-1.8247713111182724,0.4827880146773157,0.04493123100284885,-0.047640815301743855
1785122900.9075587,0.09767810266749825,0.04144367447565498,-1.8269333199517106,0.4828880959674604,0.04630462517930586,-0.04849126218536577
1785122900.9116256,0.09666642643047245,0.04040927206212633,-1.829019836160729,0.4829832265120959,0.04759946078284643,-0.04925401714461411
1785122900.9152153,0.09568761903353248,0.039395917455525675,-1.8310274364238788,0.4830705343797375,0.04887312613113125,-0.0499528960064986
1785122900.919877,0.09474482255357411,0.03840069741466806,-1.8329714797502124,0.48314508152702257,0.050169444912681334,-0.05062040343235618
1785122900.9262786,0.09383551889813233,0.03742650039155325,-1.8348316202220585,0.48321725899146406,0.05133400830738963,-0.051208542260817454
1785122900.9298365,0.09296216888800275,0.036472713138685796,-1.836614387222285,0.48328344291305503,0.052437831368832684,-0.051743377437136216
1785122900.9353943,0.09212598849442648,0.03554015895747905,-1.8383184822835352,0.48334242587362314,0.05351759588908157,-0.05223826068003288
1785122900.9431076,0.09132575940389333,0.03463080813400113,-1.839932596642562,0.4833996810149826,0.05448563530455924,-0.0526699890751825
1785122900.9508426,0.09056378579249127,0.033743712754480105,-1.8414641260837412,0.48345177510835957,0.055396484359445726,-0.05306212935348893
1785122900.9531622,0.08984033813546936,0.03288226331775036,-1.8428899639345186,0.48350067353527115,0.05630286467985515,-0.0534158745667336
1785122900.9612968,0.08915123326921642,0.03204986277219596,-1.844195952729314,0.48355789999331844,0.05704071655635247,-0.053683225047755634
1785122900.9638956,0.08849965912308112,0.031240047570336008,-1.8454291906696392,0.48360157333684145,0.0578143586271145,-0.05398724766442182
1785122900.966523,0.0878874083377279,0.030451770205632132,-1.8466016766553148,0.48363500827397254,0.058523611066060105,-0.05430076103819925
1785122900.9699125,0.08731271484602313,0.02968706332930752,-1.8476970213039121,0.4836690160302997,0.058948677600153494,-0.054563461550546595
1785122900.9763992,0.0867867831946588,0.028950296844083317,-1.8487136648097084,0.48369667035286473,0.059539136605032274,-0.05481460394406566
1785122900.9832,0.08630268991748768,0.028236308923529747,-1.8496652274463867,0.48371808051168924,0.059960842429629,-0.05505251941022205
1785122900.9850516,0.08586457493445875,0.027546707767417387,-1.8505512790243157,0.48373452844692444,0.06032978766408271,-0.05526806077393822
1785122900.9906075,0.08546905445089896,0.02688158923591209,-1.8513799917420395,0.48373934972538307,0.06052066958375821,-0.055488885378017855
1785122900.9939115,0.085126963423296,0.026240896297948863,-1.8521202253768765,0.483740515968369,0.060888761790847984,-0.05571757721093683
1785122901.00108,0.08482480889209418,0.025617954634939634,-1.8527927549214298,0.4837458524957741,0.060843258960537105,-0.05590131133175961
1785122901.0039854,0.08457009833769813,0.025023896755717357,-1.8533968579437006,0.48374591566971653,0.060814418064319926,-0.05606441661232642
1785122901.0108023,0.08436694123508272,0.024453833030114547,-1.8539654937822156,0.4837332618170496,0.060840744195152174,-0.056231132694848716
1785122901.0150251,0.0842105653208163,0.023910484432091275,-1.8544965260022588,0.48371140905919313,0.06071544577499565,-0.05636903443452644
1785122901.020152,0.08410656566379252,0.023397059134447198,-1.8549819693843839,0.4836862936636429,0.06067714176753661,-0.05644563708291359
1785122901.0248733,0.08404737308038873,0.02290576120253219,-1.8554570626782847,0.48364879722828163,0.06036086948143067,-0.056502090137150705
1785122901.030593,0.08404183754346123,0.022441964245843105,-1.8559208828551124,0.48359350966676723,0.06002214473454047,-0.056550020480859664
1785122901.035715,0.08408866227263587,0.02201493543409981,-1.856329181444692,0.4835400342935978,0.05977625905702372,-0.05649384217797719
1785122901.0441203,0.08418174221350987,0.021611304725674994,-1.8567351779503278,0.4834753167767348,0.05924222735598377,-0.05640096070782709
1785122901.0469255,0.08433288660819017,0.021233332067244842,-1.857139084255509,0.483386906543964,0.05882914770254725,-0.056336976530606334
1785122901.0503244,0.0845339097718589,0.02088451496216402,-1.8575155005208726,0.48329836627526357,0.05816642159571031,-0.056175968939060676
1785122901.056989,0.08478754282130481,0.02057469731993378,-1.8578445122774334,0.48320731278159007,0.05761572131165475,-0.05593049245704804
1785122901.060378,0.08509674330498507,0.020283512934795595,-1.8582105090161922,0.48309229132556875,0.05697338791905793,-0.055709737402464606
1785122901.0652843,0.08546026960587585,0.020025491962260257,-1.8585629856825494,0.48297008077732606,0.05622105231456416,-0.055413229764336235
1785122901.0700364,0.08587728789617226,0.019809056269744687,-1.8588593296653833,0.48285561788363873,0.055630757209729924,-0.05498080582224291
1785122901.0760412,0.08634287359631987,0.019616030799452983,-1.8591696412415113,0.4827355725983846,0.054755838585008064,-0.05448898843109539
1785122901.0807667,0.086865047856227,0.019445922298737314,-1.8595149398701312,0.4825938816272479,0.05381052246722375,-0.054013547765963545
1785122901.0848398,0.08744609608041151,0.019307106254621256,-1.8598647743290657,0.48243938650880647,0.052844706869679056,-0.05349935914907343
1785122901.090363,0.08808134743767973,0.019201793222785857,-1.8602019945855073,0.48228103295243374,0.05182308137638486,-0.05291327811873914
1785122901.094458,0.08877260790381539,0.01913354864610529,-1.8605092637645022,0.4821223286367607,0.0509060016693374,-0.052245481222156304
1785122901.100679,0.08951666631212284,0.01908865637724443,-1.8608371846260796,0.4819567586794773,0.04973209627718258,-0.0515374804074491
1785122901.1045547,0.09031750521809735,0.019080646666886112,-1.861137457927317,0.481789868185623,0.04870867299670104,-0.05076447818003529
1785122901.111316,0.09117213699419663,0.01909610869698858,-1.861460721034919,0.4816126811853778,0.047518264410711046,-0.049982482040297455
1785122901.1152036,0.0920851361358771,0.019143985833817954,-1.8617688913642896,0.48143416011976514,0.04642819854211612,-0.049145543535917005
1785122901.1191928,0.09304881318448496,0.01922276845020129,-1.8620614924196115,0.4812641020270703,0.045116829623394084,-0.04821274044224574
1785122901.1249733,0.09406437116921963,0.019331462693868682,-1.8623364112423326,0.48108940305566705,0.0438696716654483,-0.04726809304055976
1785122901.1299412,0.09513568083910177,0.019468670756397063,-1.8625933442417948,0.48091294748870084,0.04274722659967413,-0.046299211387332714
1785122901.1342986,0.09625657933774877,0.019632993352618488,-1.8628436602319167,0.4807451022179773,0.04140341701809329,-0.04525873582173062
1785122901.1408834,0.09743141266384897,0.01982564805914641,-1.8630842535056131,0.4805779909121546,0.0402023011593454,-0.04419945392427788
1785122901.1441958,0.09865482237792648,0.02004011275028922,-1.8633206706758074,0.4804123490419076,0.038907389844172656,-0.043131009479475846
1785122901.1500092,0.09993188607096902,0.02027641353644455,-1.8635538722588287,0.4802489577924976,0.037650366029774174,-0.04204615795103927
1785122901.1573904,0.10125581744172933,0.020538789842972558,-1.8637720749246856,0.4801037473588317,0.03623668001498566,-0.04086909293013704
1785122901.1613176,0.10262611714721588,0.020828011087969073,-1.8639778374850717,0.4799680669097493,0.0348464550414829,-0.03965446190498201
1785122901.1658514,0.10404563121691666,0.02113558662552756,-1.8641789737315984,0.4798238656261101,0.033680683465313256,-0.03850213351793085
1785122901.169447,0.10551138172443421,0.021456357498573768,-1.86440899537668,0.47968352946752574,0.03226421327741866,-0.03733944416978152
1785122901.1753078,0.10702201523108189,0.021808742012748437,-1.8646011223261694,0.4795660102431148,0.030957607505794255,-0.03607640234434198
1785122901.1808848,0.10857507178213013,0.022177221122249898,-1.8648064021119415,0.47944876078094983,0.029726088374542242,-0.03484518283918685
1785122901.1862772,0.11017261246539468,0.022554444230996888,-1.8650364992604906,0.4793280410253793,0.028484003402140634,-0.03365997190470572
1785122901.1896324,0.11180978978046367,0.022948647908217608,-1.865275982838574,0.47922566102315683,0.027093939800754186,-0.03240782489556836
1785122901.1957953,0.11348674409906183,0.023360912490091833,-1.865527460647418,0.4791330566472052,0.025725549727076226,-0.031133876460919883
1785122901.200853,0.11520568499259472,0.023783104188059085,-1.8658197683907982,0.4790384168426415,0.024473104827748924,-0.02990649016204482
1785122901.2040217,0.11696038015115867,0.024219042552613215,-1.8661333632845174,0.47895248470457846,0.023129702021860515,-0.028664347478978718
1785122901.2106252,0.11875491895535212,0.02466556545132029,-1.8664789635658823,0.4788692354753636,0.02190477459531264,-0.02744285783735213
1785122901.2168338,0.12057278225921227,0.02512621283179963,-1.866843984419414,0.47880075591392945,0.020571825496198338,-0.02618202375927286
1785122901.2231574,0.12241356654613704,0.025597886510189835,-1.867243747189258,0.4787382329330005,0.019320919691911694,-0.024930416850422032
1785122901.2260544,0.1242748428473296,0.026076862251241482,-1.867683823849746,0.4786854361604617,0.018031607530755465,-0.023667988446271698
1785122901.2359965,0.126152421852852,0.026564258312717942,-1.8681562246564347,0.4786441819313377,0.016710463684807216,-0.02238484429726854
1785122901.2372682,0.1280451102667797,0.027059658495787835,-1.8686627831231195,0.4786100971623739,0.015432470713858868,-0.021102672077910393
1785122901.2417734,0.12995506255436656,0.02756006971931178,-1.8692173482641214,0.478575432118999,0.014289963492886177,-0.019859862902900056
1785122901.2485576,0.13187970069601432,0.028062596361912235,-1.8698319034951452,0.4785439585114372,0.013105000893834855,-0.018626860519991514
1785122901.2503347,0.13381419091598282,0.028568744131614913,-1.8704920278734973,0.4785194747206825,0.01186731844483657,-0.01738371007498528
1785122901.2561383,0.13575733560432682,0.029078284795143423,-1.8711936790221386,0.4784997341755142,0.010652697928052584,-0.01614315377679947
1785122901.260551,0.13770761046704155,0.02959076883372384,-1.8719351682275744,0.47848309439243053,0.009494898078010528,-0.014913314387167333
1785122901.2726405,0.1396675919847879,0.030103406671468658,-1.8727285100192055,0.4784642837633164,0.008460661668436068,-0.013720194764633521
1785122901.2764425,0.141634355036427,0.030613706933080857,-1.8735752386816238,0.4784490424091694,0.007371139733007536,-0.012531363724600725
1785122901.277751,0.14360270265981723,0.031123026278993056,-1.8744644293809118,0.47844109346573604,0.006215096472201398,-0.011324018121905541
1785122901.2813036,0.14557175389424895,0.03163115231960948,-1.8753974442992138,0.47843795266195815,0.005059935924186227,-0.01010727805610602
1785122901.2859154,0.14754033346214576,0.032137747174997185,-1.8763761328010102,0.478437581551875,0.003934178607445893,-0.008887675850924346
1785122901.291719,0.14950717500822128,0.03264236968273478,-1.8774028042203796,0.47843831427106087,0.002845919466393442,-0.00766964402622529
1785122901.294134,0.15147116564172605,0.03314763955160331,-1.8784919238657047,0.4784368749913345,0.0018089298925779145,-0.006444551062748398
1785122901.3010442,0.15343106287847189,0.033652393270705884,-1.879639966193562,0.47843311789459864,0.00079921050190115,-0.0052261554240929185
1785122901.3038845,0.1553857904373432,0.034154718368575636,-1.8808424644401707,0.4784274475827077,-0.00020145954074053506,-0.004025313713761857
1785122901.3112075,0.15733438994835572,0.03465318556139199,-1.8820982850243757,0.4784199634229116,-0.001202296101851798,-0.002846591783328935
1785122901.3156605,0.15927594848011045,0.03514669184605705,-1.883408104918768,0.478410592279107,-0.0022086920754927487,-0.0016912897944351374
1785122901.3190832,0.1612096466646155,0.035638875532346584,-1.8848091778226623,0.47840164230267296,-0.0032023650923259893,-0.0005766073478406875
1785122901.3247108,0.1631307746427989,0.0361374118748223,-1.8863191743200205,0.4784123846299047,-0.004041873047866962,0.00039478340199093295
1785122901.3293781,0.16503495815628766,0.036640873097341965,-1.887925109353898,0.4784441770102823,-0.004799144384580775,0.0012187984747408303
1785122901.3353503,0.16692142468074006,0.03714464968676842,-1.8896254655118365,0.47848773935787065,-0.005577616081716117,0.00194337199164866
1785122901.3409455,0.16879018410102145,0.03764500615111026,-1.8914178233581849,0.4785358103451719,-0.006423180455703167,0.002604823459001589
1785122901.3451579,0.17064051189489046,0.03814084577330724,-1.893323260886663,0.478580005724383,-0.007345057623391137,0.003234256660990239
1785122901.3514264,0.17247294357350848,0.038630200309254584,-1.8953375683162799,0.4786177121933796,-0.008329435559656467,0.003846907358386577
1785122901.357411,0.17428643174352063,0.03911648407394985,-1.8974706634707148,0.4786583858160072,-0.009305927573504473,0.004397959698944256
1785122901.3610265,0.17607713383923385,0.03959980303518056,-1.8997018598331077,0.4787058990076875,-0.010295744433532424,0.0048768348968049255
1785122901.3657994,0.17784528871678773,0.04007884069168293,-1.902037887778114,0.4787580291446216,-0.011335503952787311,0.005298803271347122
1785122901.3694363,0.17958897488755218,0.04055272016925076,-1.9044661264036808,0.4788163848560417,-0.012429172279350736,0.005661428018997679
1785122901.375031,0.18130684331075925,0.041036430242816134,-1.9070418417575332,0.4788593059917693,-0.013381209128024579,0.006067586380868219
1785122901.3794615,0.1829926339158141,0.04151293345094166,-1.909720739106158,0.4789052655606268,-0.014470036732967505,0.006408147760039021
1785122901.3845649,0.18464544307803393,0.0419940818376356,-1.912527907384542,0.4789372417468777,-0.015501014519030376,0.006772258314970998
1785122901.3906388,0.18626256009257997,0.04246790616216585,-1.9154507060594057,0.4789582641283025,-0.01669271036797928,0.007130131568286605
1785122901.395831,0.18784187967886046,0.042933254462654974,-1.9185067580515447,0.4789734446352354,-0.01795478852017296,0.007435038167152565
1785122901.400013,0.18938013851107488,0.04340167364961786,-1.9217139762702005,0.4789640820378579,-0.019082916799160615,0.007793748288800034
1785122901.4046006,0.19087523631462358,0.04385475361746782,-1.9250138234306167,0.47894932630350956,-0.020363360645477138,0.008118732504201939
1785122901.4110255,0.1923221998712976,0.044311997840945375,-1.928442881281983,0.47891578660843065,-0.021491276723468216,0.008487194799325623
1785122901.415385,0.19372000552753604,0.04475143831181542,-1.9319335738331755,0.47888454589960255,-0.02277838799521134,0.0087941294726666
1785122901.4198565,0.19506439864586853,0.04519137569560497,-1.9355254539216473,0.47883853805289267,-0.023914096801759793,0.009132646531816838
1785122901.4279363,0.1963490524953735,0.04562907497054825,-1.9392179258994864,0.47877056607485974,-0.024949317953500246,0.009526092969275916
1785122901.4317381,0.19757228325702983,0.04604942345895474,-1.942966289632213,0.47869065233066505,-0.026037067810430387,0.009912221336833546
1785122901.4356234,0.1987357762380712,0.04645102436523245,-1.9467507289338968,0.4786074105850029,-0.027150397119099504,0.010261232523492298
1785122901.4395344,0.19983315073356483,0.046843141108448325,-1.950597118758394,0.4785082586386094,-0.028106265320121587,0.010631794425317058
1785122901.44547,0.20085666488665144,0.047217674827107516,-1.954508476178875,0.47839158806311366,-0.028885038010175182,0.01100224544668119
1785122901.4503813,0.20180212659696012,0.04757277764374804,-1.958466766490156,0.4782574448354172,-0.029475195829858972,0.011392060492191927
1785122901.4569938,0.20266651314314854,0.04790774113058972,-1.962450017493805,0.478105983942828,-0.02988248314140445,0.011816938349529666
1785122901.4600234,0.20344690454044273,0.04822111391314134,-1.9664378962788793,0.4779376271574895,-0.03011539221321813,0.012280753898148405
1785122901.465481,0.20414059538205012,0.04851103250670156,-1.9704110294482287,0.4777530601838329,-0.03018041210855986,0.012781152441345771
1785122901.470053,0.2047451185520247,0.04877542881514525,-1.9743508323293337,0.4775532296620758,-0.03008085941418494,0.013312510188403756
1785122901.4753597,0.20525826901199087,0.049012202945630745,-1.978239423109075,0.47733927315670965,-0.029818004777573705,0.013867874626776073
1785122901.479765,0.20567812296158117,0.0492193261351918,-1.982059625903624,0.47711241630031803,-0.029392322632475328,0.014440251038860317
1785122901.484596,0.2060030315856449,0.04939489906902046,-1.9857951219728769,0.47687390888051734,-0.028804096175164846,0.015023254364114925
1785122901.48981,0.2062316122084837,0.049537199388426566,-1.9894306225166094,0.47662497106520274,-0.028053880968866213,0.015611497258036061
1785122901.4951248,0.20636273845115383,0.04964471966955614,-1.9929520408855366,0.4763667478826928,-0.02714279096233693,0.01620081783745119
1785122901.500152,0.2063955296505607,0.04971619661375228,-1.9963466510601122,0.4761002706250508,-0.026072628288925096,0.01678840435002155
1785122901.504469,0.20632971372819342,0.04975050590141221,-1.999599281148865,0.4758263855378818,-0.02484592776539397,0.01737321402723301
1785122901.5100467,0.2061657892804825,0.049746953178042425,-2.0026901687465606,0.47554656107348914,-0.023456873849003322,0.017951452071699545
1785122901.5153604,0.2059031369679832,0.049705654829505626,-2.005614588305397,0.47526276792210637,-0.021899590806741732,0.018516545910355578
1785122901.5197482,0.20554135975915072,0.04962682512918108,-2.0083687917599917,0.4749761745411639,-0.020178745384658803,0.01906665413562033
1785122901.5272174,0.2050877967890113,0.04949652342332626,-2.0108849751609315,0.4747088040722627,-0.01856193074213251,0.019498598811215035
1785122901.5314467,0.2045512063978329,0.04932571266328319,-2.013179007458589,0.474469474428491,-0.01701620721586641,0.01979862942038041
1785122901.5348432,0.20393334230375282,0.04912118389052693,-2.0152688086910566,0.4742570159056922,-0.015450247607472338,0.019991017896152635
1785122901.5427353,0.2032391430583572,0.048886414401115505,-2.017151945118455,0.47407362213897725,-0.013825229215014806,0.020081287223011217
1785122901.5452733,0.20247784142562086,0.04862641877220209,-2.0187888895330643,0.47392747584079786,-0.012150152655630912,0.020057941635905432
1785122901.5500686,0.20165471142296584,0.04834228094181634,-2.020207343652255,0.4738214121951882,-0.010452702349484103,0.019899965094657683
1785122901.5596166,0.20077170162314534,0.04803821140051844,-2.0214285233884515,0.47374565431149374,-0.008876756839441557,0.019644347220453724
1785122901.5627034,0.19983215195300585,0.047715855291828466,-2.0224767556697576,0.4737005674717202,-0.007385942096726199,0.019277719817045208
1785122901.5649812,0.19883942011100747,0.047377593899734345,-2.0233670725166424,0.47368553590356655,-0.005949236222525103,0.018795581950228856
1785122901.5691614,0.19779465566935586,0.047026418524915285,-2.0241107990586817,0.4736965413015105,-0.0046146891721590534,0.01821436892609687
1785122901.5780673,0.19670313511020135,0.0466615856406529,-2.024721471938713,0.47373789575888453,-0.003291094091714832,0.017506702689268714
1785122901.582294,0.19556661154906765,0.04628365145285317,-2.0252076609821326,0.473805672290157,-0.002053592657125283,0.016691148327636476
1785122901.588076,0.19438349417592832,0.04589680211596533,-2.025578274847602,0.47389286020843824,-0.0009629034556547249,0.015802488372494712
1785122901.591845,0.19316017624579235,0.045499891456415566,-2.025843011381456,0.4740056736122447,0.00013480086306255713,0.014804273868270695
1785122901.5948281,0.19190280826280054,0.04508615509339684,-2.02604358763163,0.4741325732401002,0.0012479337887834226,0.013674197224946717
1785122901.6008167,0.19061344661021346,0.04465022102883007,-2.0261585650879956,0.47429282395983596,0.002048992748389161,0.012486410147483605
1785122901.605013,0.18929208318373514,0.04419256819692518,-2.0262045611194823,0.47450086440701944,0.002375353882288109,0.011339866729962865
1785122901.6115258,0.18794128082437803,0.04371786008600997,-2.026193578717758,0.4747536309685722,0.0023363463274742218,0.010255206209053016
1785122901.6149774,0.18656465667241431,0.04323115547788691,-2.0261452814311576,0.47503721633291207,0.002125708232428169,0.009192149245410054
1785122901.6200652,0.18516458743532827,0.04273693333936732,-2.026074161904936,0.4753403456866126,0.001841914872822065,0.008121156163669402
1785122901.6257086,0.1837426820816392,0.04223893796353729,-2.0259917635148224,0.4756540028343968,0.0015303097638912583,0.007021419653466252
1785122901.6292577,0.18230007285029742,0.0417401587105842,-2.0259077502032694,0.47597106735897854,0.001208472517562254,0.005879085546194381
1785122901.6347198,0.18083759044380315,0.04124288388399853,-2.025830412821895,0.47628598250392273,0.0008809881931526275,0.004685694255273035
1785122901.6393661,0.17935393305698774,0.040745328872559584,-2.0257957491513885,0.47659864414900177,0.0005130740479009137,0.0034628916392077146
1785122901.646388,0.1778539429128229,0.04024439769652555,-2.0257886230055018,0.4769162720540135,6.669822291154242e-05,0.002250697154530675
1785122901.6503575,0.17633880119054443,0.03974292304416274,-2.025817322127781,0.4772316948289451,-0.0004036773709092595,0.0010249861536959113
1785122901.6574786,0.17480914373911988,0.03924315689075877,-2.0258900211920725,0.4775386727105859,-0.0008698936260684914,-0.00023117662662800657
1785122901.6610894,0.1732653494401361,0.03874679943184493,-2.026012142805068,0.47783234118827816,-0.001318296994270107,-0.0015293888579583116
1785122901.6655266,0.17170589824627008,0.03825459431285007,-2.0262017718050465,0.47810976776796127,-0.0017539260313647878,-0.002870708409819388
1785122901.669609,0.1701328089600367,0.037759506356121235,-2.0264758430317715,0.47838170797098517,-0.002243474531563844,-0.004188859602949206
1785122901.6755505,0.16854922949767107,0.03726206232316792,-2.0268256230538912,0.47864529854699583,-0.0027286405503288216,-0.0054929267592552025
1785122901.679013,0.1669555447082404,0.03676481812370053,-2.0272508169835315,0.4788943786586273,-0.0031651068150460562,-0.006807536867811205
1785122901.7127378,0.16535178677804843,0.03626972682761298,-2.027750260695766,0.4791241958083994,-0.003533937418018991,-0.008150853249954286
1785122901.7138782,0.1637378104966875,0.03577818627214899,-2.0283221336196506,0.4793312860999879,-0.0038285123565431223,-0.009535489290801396
1785122901.71499,0.16211275889381663,0.03529114750832804,-2.028980669708351,0.4795104894745224,-0.004036081846491164,-0.010964511850085195
1785122901.7158036,0.16047614711629046,0.034809329853859504,-2.0297144737257624,0.47966145940220145,-0.004149580074125595,-0.012438481440685439
1785122901.716634,0.15882446710860265,0.034329495018201865,-2.030546779598619,0.4797931966117081,-0.004235338742878744,-0.01391274126803368
1785122901.7174509,0.15716425305321935,0.033844926356742557,-2.0314550976058423,0.47991666191325066,-0.004292046722164884,-0.015340938719163501
1785122901.7179897,0.15549576597101686,0.03335817225537822,-2.032431263834181,0.48002732376388574,-0.004258634412805532,-0.016751415817015815
1785122901.7195888,0.15381900044012195,0.03287124277836702,-2.033467864164671,0.4801218491773162,-0.004111106057296476,-0.018166387369361464
1785122901.7260225,0.15213239979578785,0.03238505427723305,-2.0345734631478263,0.4801988813153021,-0.0038557770922937676,-0.019597281477113846
1785122901.7303445,0.15043823493390276,0.03189295465089671,-2.035759496845608,0.480271644011459,-0.0035780859709389256,-0.020982250037777553
1785122901.7344468,0.14873929757437088,0.031395873718331524,-2.0370103146185317,0.4803388711050102,-0.003225946203494392,-0.022336427392885803
1785122901.740603,0.14703580566443034,0.030896540397246913,-2.0383199408232917,0.48039575210592966,-0.0027595259502487227,-0.023690905048950335
1785122901.7466252,0.14532498091831395,0.03039376787429764,-2.039737023823828,0.4804414728386293,-0.0022007256350783377,-0.025031591563140547
1785122901.7510335,0.14361101330578915,0.02988448801892119,-2.0412353347650507,0.48048385871869376,-0.0015518144579910293,-0.0263189807630687
1785122901.7586277,0.14189276444933324,0.02936851599337743,-2.0428261236623206,0.48052284686084396,-0.000792493576815329,-0.027559202511850924
1785122901.7625585,0.14017311727265241,0.028843983095142103,-2.044497338302078,0.48056432863650533,5.456067509710325e-05,-0.028731623315193956
1785122901.7651649,0.13845364878360378,0.028309609893242337,-2.0462514542612817,0.4806120187622362,0.0009697236727387809,-0.029824121213594443
1785122901.7701488,0.13673535863354225,0.027768015205018197,-2.0480838197368936,0.480660461152902,0.002010331077394118,-0.03087020333816827
1785122901.775406,0.13501908495219198,0.02721537896407506,-2.0500204745747577,0.48071477200462875,0.003111915634730695,-0.03184451381460816
1785122901.7800236,0.13330771887009732,0.026653523001112248,-2.052038574736717,0.4807777319446507,0.004264306694320879,-0.03273577726099843
1785122901.784825,0.13160150161635276,0.026083150972068415,-2.0541619776567277,0.48083989541123007,0.005549057684178196,-0.03358999423130762
1785122901.7897327,0.12990201659116218,0.025503683850740498,-2.0563816635337,0.48090998061405926,0.006856084606436215,-0.03436062279598763
1785122901.795639,0.12821006866543758,0.024919419190672424,-2.058732822908118,0.4809774198206492,0.008283200997033491,-0.035065334298494656
1785122901.79993,0.12652734715105537,0.02432822034279703,-2.0612130550827965,0.4810467601675713,0.009776540516509688,-0.03569165698359698
1785122901.8044708,0.12485551614499625,0.02372966026534648,-2.0638041743446216,0.48112234563070577,0.011305245928437558,-0.03623706951958889
1785122901.8108778,0.12319597666805772,0.023125314597163008,-2.0664958621399574,0.4812011140844215,0.012915931926582105,-0.0367313879776752
1785122901.8144684,0.12155035250216864,0.022515353268198472,-2.069287117586606,0.48128398326639954,0.014583055695949483,-0.03717995021522478
1785122901.8205628,0.1199203736807265,0.021900505989342362,-2.07217432880825,0.48137300690436946,0.016274158647053116,-0.03758100935749286
1785122901.8279004,0.11830730486612734,0.02128178275799457,-2.075152748943046,0.4814692966708029,0.017973167213980543,-0.03793659413023589
1785122901.8310053,0.1167121468511203,0.02066040238574864,-2.078216709202922,0.4815733892510185,0.01967292943728004,-0.038250457127698236
1785122901.8345704,0.11513434155444571,0.020027185882704118,-2.0813862247591763,0.4816726705234336,0.021240542197537567,-0.03858561118650648
1785122901.840457,0.11357833360469055,0.01938620358841901,-2.084652252287994,0.4817662078478514,0.02277694496293057,-0.038935055683490524
1785122901.8471556,0.1120525195894896,0.018755255875700632,-2.0880078846725696,0.48186969495598153,0.024456782256595373,-0.0391943929348446
1785122901.85028,0.11055273188125628,0.018125889342519297,-2.091450321613153,0.48197752382882153,0.026050506581543703,-0.03941892357472864
1785122901.8566315,0.10907897262708578,0.017487639352149226,-2.0949833804789537,0.48207457577710244,0.027469043419864503,-0.03969048345463186
1785122901.8615038,0.10763730013356704,0.016863215971906848,-2.0985340943245108,0.4821851579585277,0.02905603667709763,-0.03989320177707031
1785122901.865669,0.10622196393027068,0.01624349197070359,-2.1021078581173818,0.4823027995798935,0.030561810378141045,-0.040081939564290146
1785122901.8698812,0.10483346260489992,0.015617902088836146,-2.1057260879118846,0.48241055095053437,0.03187361533124233,-0.04033391245071444
1785122901.8755085,0.10347649260688285,0.01500287214544505,-2.109340398269963,0.4825247033571411,0.033231832745539924,-0.040563202371763
1785122901.8792334,0.10214987338743042,0.014385445047168374,-2.1129792725670287,0.4826273041444951,0.03443483342081338,-0.04085309847221968
1785122901.8849428,0.10085893819542259,0.013789862748140572,-2.1165747023798773,0.48274528807024614,0.035815460716745504,-0.0410638086867726
1785122901.8902836,0.09959607886217796,0.01319327085624988,-2.120176978380276,0.4828558098483249,0.03692658005756912,-0.04132234339568606
1785122901.894955,0.09836866584869577,0.012598358583898956,-2.1237834671235727,0.48295350767641454,0.037916147439314,-0.04162794384459612
1785122901.90012,0.09717886749541872,0.012016475296763912,-2.1273593393547694,0.4830506258784678,0.03889349868727607,-0.041909315234597865
1785122901.904493,0.09602674647571899,0.01143936970514723,-2.1309226689545464,0.4831355423170744,0.03977660717456923,-0.04222538080235343
1785122901.9110937,0.09491769392493091,0.010885260806192676,-2.134422204203845,0.48322730661529895,0.040811118346950156,-0.04246402268378562
1785122901.9145973,0.0938462703579177,0.010336818032797424,-2.1378956695697027,0.48330989776357924,0.04169257498217499,-0.04272182836952446
1785122901.9202583,0.09281645323829829,0.009786706994940317,-2.1413660670765227,0.483369973806246,0.04230947325610891,-0.043044484545138366
1785122901.9248552,0.09183721227562916,0.009245315707558618,-2.1448085223364575,0.48341076651539616,0.04294290679516607,-0.04338982445088126
1785122901.929895,0.09090573776837967,0.008732497091514692,-2.148154241347219,0.48346251020382447,0.04372890227665934,-0.04361145475506718
1785122901.9350932,0.0900212375477403,0.008218617154101781,-2.1514826049996043,0.4834918805260207,0.044303078771991584,-0.04388723208571462
1785122901.9414055,0.08918516791281998,0.007709791795468568,-2.1547778998026703,0.4835016999057658,0.044577059137869544,-0.044179050927350215
1785122901.9455,0.0884117605170296,0.007211271548593162,-2.1579962004326076,0.4834884284454749,0.04498018665556229,-0.04448929283740902
1785122901.9504247,0.08770344620946348,0.006734882852096167,-2.161069597870573,0.4834850573611997,0.04557268693261172,-0.044663909695000906
1785122901.9553652,0.08704191757702776,0.006266009824468871,-2.1640848611141954,0.48347361205309364,0.04574689972765366,-0.0448044001119486
1785122901.9612255,0.08643811670469739,0.005801458217824771,-2.167039185685125,0.4834353048069913,0.045817452663559695,-0.04499418085294116
1785122901.964615,0.08590062221526858,0.005346564158659982,-2.1699065598769725,0.48337944355699947,0.045857925987100735,-0.04516991334329115
1785122901.9705467,0.08542321764975679,0.004907389852970169,-2.1726778191452656,0.48332151208270613,0.045704551026395396,-0.04526012630258309
1785122901.975893,0.08500953993528045,0.004474409097518323,-2.1753746186134983,0.4832364996724897,0.04548109096023401,-0.04539226162730201
1785122901.9803586,0.08466698720898724,0.0040588341642750535,-2.177933504150815,0.48314670519181213,0.04534206780465547,-0.04544829913716933
1785122901.9849672,0.08438312900837654,0.0036541094782003938,-2.1804064054614036,0.483046726865806,0.04486643572808561,-0.04546537468955996
1785122901.989988,0.08417064552938686,0.0032621536105260675,-2.1827687930194313,0.48292904205934417,0.04445850904788084,-0.045477646010370916
1785122901.9961011,0.08402384707110706,0.0028784378998534706,-2.184985697941891,0.4828025722505577,0.04395872327598646,-0.045472212250010476
1785122901.9996645,0.08393999623097079,0.0025032670692498944,-2.187099483083006,0.48266731482423514,0.043130989905702834,-0.04543461868299829
1785122902.004167,0.08392916467253736,0.0021466354077815638,-2.189056976679109,0.48252744892881566,0.042502143683612686,-0.045332648718100915
1785122902.0111785,0.08398285511333776,0.0017973343670163674,-2.190918322697186,0.48237385018991585,0.04168206549448092,-0.0452150704937757
1785122902.0141807,0.08410723505708323,0.0014692881321303238,-2.192646593764822,0.4822231195592145,0.04090585499688214,-0.04499201123787738
1785122902.0197487,0.0843004382089671,0.0011516172140394441,-2.1942609826696176,0.4820595999783765,0.040155018118798576,-0.044755068003906065
1785122902.0262046,0.08455869273755898,0.0008472143401901973,-2.195769509821286,0.4818946445968824,0.03924568955823318,-0.04445304653149694
1785122902.0295703,0.08488686226807884,0.0005621401355745066,-2.1971447733503573,0.48173584085121285,0.03839416483138854,-0.04405295268610104
1785122902.0351977,0.08527739056176334,0.0002864672083892459,-2.1984194811763325,0.48157345473285473,0.0374175829420217,-0.04362642296201279
1785122902.039861,0.08573445494438842,2.639470856664758e-05,-2.1995763838263342,0.48141656519700404,0.03642499758101939,-0.04313033376922565
1785122902.0467942,0.08625587084202697,-0.00022042662087097946,-2.2006105276869388,0.4812665781547782,0.03547403999665496,-0.04257782111914316
1785122902.050637,0.08683498597874245,-0.0004536776133878261,-2.2015370400892516,0.4811304149491398,0.034363643236624955,-0.04194889776195844
1785122902.0602713,0.08747105008835881,-0.0006799655340250145,-2.202314572566581,0.48100208045485665,0.03331251498823094,-0.04131475827590589
1785122902.06237,0.08815940713112838,-0.0008977180214709576,-2.2029738866072224,0.48089299740227703,0.03211937694602119,-0.04061518483415056
1785122902.0648663,0.08890013621607376,-0.001107447744557748,-2.2035379750810513,0.48079511450297074,0.030969661559975842,-0.03988660216193088
1785122902.070656,0.08969139947550771,-0.001313799781456267,-2.204013818066115,0.4807031344259627,0.029877918900032115,-0.03915227329691754
1785122902.0763507,0.09052614433612963,-0.0015096634688483977,-2.204414462457299,0.48062896466074273,0.028714772452532195,-0.03834814958920561
1785122902.080256,0.09140442348746479,-0.0016971291569234668,-2.2047415082627455,0.4805632012135448,0.027697737967896385,-0.03752602525602165
1785122902.0848427,0.09232443265026831,-0.0018817267687780451,-2.2049960045772035,0.48050316392771814,0.02678498530699668,-0.036700492093501055
1785122902.0922072,0.09328161584901348,-0.0020582805982283956,-2.2051954369659366,0.48046180056334314,0.025801093168444176,-0.0358047128584678
1785122902.0969715,0.09427665095048522,-0.002228348229838286,-2.2053387926942483,0.48042980810232955,0.024945327767098027,-0.034890804389594625
1785122902.1005607,0.09530633746943051,-0.0023928371281992503,-2.2054039814190087,0.48041462205773433,0.02413789759319548,-0.03394185163816224
1785122902.1055553,0.09636956886311916,-0.0025545188450458653,-2.205403610368892,0.4804100150798244,0.0234465394389821,-0.03298583253778402
1785122902.111927,0.09746288467911417,-0.0027094130763698,-2.205367362476396,0.480424595340567,0.02270745554830165,-0.03196606896119455
1785122902.1161034,0.09858657121383803,-0.0028570450371932224,-2.2053068762112513,0.4804518652404526,0.022043861303346866,-0.030910411435305093
1785122902.120339,0.09974546129632494,-0.00300759395049544,-2.2052482434332403,0.4804749354833796,0.02163425780376679,-0.029901659294401656
1785122902.1259933,0.10093180416969874,-0.0031566184714840817,-2.2051929984355247,0.4805129073978376,0.021052106162000338,-0.02883377076615218
1785122902.1303582,0.10214430472888769,-0.0033008948461604863,-2.205137434198923,0.4805649361378875,0.020396784606234723,-0.02770825902056609
1785122902.136332,0.10338326923095219,-0.003439887453323787,-2.2050853669769785,0.4806251947026181,0.019785513225687654,-0.026553419167772967
1785122902.1405842,0.10464828240126854,-0.0035732819109902236,-2.2050401533991013,0.480689145589383,0.019268153506864213,-0.02539129188861484
1785122902.1445646,0.10593831547278815,-0.003700998387518069,-2.204998488488846,0.4807544655491066,0.018860427679043952,-0.024237622342377044
1785122902.150937,0.10725946173722961,-0.003834738205371243,-2.2050012913725014,0.4808059076252982,0.01869394672625004,-0.02316689302994125
1785122902.1563797,0.10860234801936389,-0.003969399097001017,-2.2050340396942008,0.48086442902881665,0.018305744438639644,-0.022062281933816683
1785122902.1598985,0.10996579736618474,-0.004102033112321141,-2.2050924127373985,0.48093017987080994,0.017791754192338274,-0.020918234739063957
1785122902.16498,0.1113503434085888,-0.004232297106371614,-2.205179844841125,0.48099789767734286,0.01727199681014317,-0.019758309740376134
1785122902.1699395,0.11275576710131396,-0.00435994239199652,-2.2052991035014693,0.4810634335251202,0.016800269067532025,-0.018600792985825627
1785122902.176528,0.11418144328401869,-0.004484898350888388,-2.2054527281766494,0.48112358478846257,0.016394939428308185,-0.01745949398338942
1785122902.1801753,0.11562652937360791,-0.0046072805241755554,-2.205643222304255,0.4811759333353744,0.016056335634442153,-0.016344560952561232
1785122902.1848366,0.11709005152246406,-0.004727352897838389,-2.2058730394438593,0.48121869748649004,0.01577639545087651,-0.015263214525429262
1785122902.1902115,0.1185708894619525,-0.004845461679444107,-2.206144274943192,0.48125067803834665,0.015544853339544477,-0.014219982289036258
1785122902.1948428,0.12006822842155393,-0.004962179637537382,-2.206468332559234,0.4812697947471939,0.015350619608520598,-0.013218010369905343
1785122902.2005088,0.12158539031764325,-0.005085458574041738,-2.2068668579188224,0.4812688770520699,0.015239084656456911,-0.012295335787069511
1785122902.204779,0.12311505763830781,-0.005209824755507547,-2.2073153225580526,0.4812638147733075,0.014947169492572857,-0.011370824983642582
1785122902.2101362,0.12465732187021385,-0.005335190838720783,-2.2078121545489537,0.481252757788535,0.014578819521927916,-0.010455215845993168
1785122902.2144413,0.12621165497652842,-0.005461369877056305,-2.2083567886880213,0.4812342973438837,0.01418622688227683,-0.009556022610363823
1785122902.2201557,0.1277771886508162,-0.0055881773149181945,-2.2089494154437035,0.4812074024067783,0.013792262484882169,-0.00867815147227916
1785122902.2258835,0.12935287982134588,-0.005715472127434129,-2.2095908438647722,0.48117134710011406,0.013403551638833907,-0.007824513783969755
1785122902.2303553,0.1309376089909826,-0.0058431671203064365,-2.210282416443923,0.48112564047735407,0.01301807288171407,-0.006996562062802961
1785122902.2348065,0.13253389108938218,-0.0059773297893066565,-2.2110455299813316,0.48106434760468003,0.012677050382001025,-0.006222896349755669
1785122902.243721,0.13413560134600436,-0.006113124542286456,-2.2118646262596955,0.4809996432369425,0.012167985157065032,-0.005437117071589399
1785122902.245997,0.1357430156027592,-0.006250302511320945,-2.212756766223732,0.48092710266040717,0.011570093987319095,-0.004649644892449232
1785122902.2506187,0.13735561696299267,-0.00638846816304591,-2.2137161378534316,0.48084590491154705,0.010916242878981615,-0.0038695410675239146
1785122902.2549162,0.1389725721244565,-0.006527229957540017,-2.2147353630198716,0.4807563694345499,0.010223095720701967,-0.0031020793517956306
1785122902.2603881,0.1405929265594299,-0.006666276931729363,-2.2158111403499237,0.48065886099371846,0.009497905614712494,-0.0023497346554457775
1785122902.265507,0.14221564473941029,-0.006805378694706817,-2.216942497941435,0.4805538101027094,0.008742074165135703,-0.0016130840872573074
1785122902.2708495,0.14383964234226435,-0.006944374505229299,-2.218129858512248,0.4804417121796932,0.007953727784420885,-0.0008914334778272377
1785122902.276476,0.14546380987374777,-0.007083159399051635,-2.2193745263444913,0.4803231140010973,0.007129419036362414,-0.00018326489643197144
1785122902.2798204,0.1470870295696265,-0.007221670918346974,-2.2206783948192372,0.480198595565746,0.006265172588976856,0.0005134400351609052
1785122902.2845917,0.14870818749358874,-0.00735987783217949,-2.222043770387423,0.48006875264665877,0.005357080763359141,0.001200966507166728
1785122902.2909863,0.1503261822635341,-0.007497771220445052,-2.2234732587838026,0.4799341826820151,0.004401607426440157,0.0018816988168872514
1785122902.2952843,0.15193998390238644,-0.007635358064513091,-2.2249853125549826,0.4797932306337704,0.0033957858819985975,0.0025579921287803985
1785122902.3009856,0.15354852157292062,-0.007772665504131533,-2.226573492672452,0.47964802020576847,0.0023365034658091688,0.0032320829118006535
1785122902.3042476,0.1551507541006869,-0.00790971346372821,-2.2282301275969942,0.47950109232559507,0.0012220856498354677,0.003906239021581476
1785122902.310624,0.15674567347678114,-0.008046520855935017,-2.2299520852680805,0.479354348130752,5.167474043000274e-05,0.0045826800989867385
1785122902.314921,0.1583322939084321,-0.008183110997119252,-2.2317387101715545,0.47920924639802764,-0.0011752427252815908,0.0052634972147524006
1785122902.3198566,0.1599096493039197,-0.008319514446772642,-2.2335907348587765,0.47906692915827076,-0.00245901301034773,0.0059505951109981884
1785122902.327045,0.16147679468896375,-0.008455770952994924,-2.235509693483542,0.4789283018066707,-0.0037998591245933643,0.006645650546935344
1785122902.3309336,0.16303280931972886,-0.008591930862933621,-2.237497594595516,0.47879408589748157,-0.005197868825442437,0.007350084295659953
1785122902.334604,0.16457623191118276,-0.008726456458494451,-2.239564834959645,0.47866306915345525,-0.006676843639350327,0.008074005553776886
1785122902.3394291,0.16610562173620966,-0.008852716901660382,-2.2417396991202,0.4785396167557168,-0.008165009680241373,0.008794079179210313
1785122902.3464954,0.1676219694788456,-0.008965945642367017,-2.2440444763757146,0.47843339115267103,-0.009519793487502483,0.009456120643307964
1785122902.3507686,0.16912343776024963,-0.009066306594623139,-2.2464706938664447,0.4783497154411196,-0.010780954185335383,0.01002979452046137
1785122902.3566716,0.17060773996627734,-0.00915548259813376,-2.249008182543739,0.47829049959418457,-0.012004419445019924,0.010506011719802229
1785122902.3627527,0.1720728623274646,-0.009235241431428615,-2.251651693401259,0.47825516775830307,-0.013226501431622349,0.010889115946914092
1785122902.3650424,0.17351692450904813,-0.009307300079307603,-2.254398666602405,0.4782419224636832,-0.014464210945859467,0.011189181604324788
1785122902.3697689,0.1749381662811051,-0.009373230962755443,-2.257247850527116,0.47824852972895876,-0.015719108253770563,0.011417851784450109
1785122902.375033,0.1763351638221138,-0.009434483731355412,-2.260197808476554,0.47827257462874034,-0.01698508454799926,0.011587093628457189
1785122902.381877,0.17770671176951688,-0.009492394067660474,-2.2632466893977146,0.4783115679296761,-0.01825411328204125,0.011708670984802235
1785122902.3854263,0.17905165543572782,-0.009548213595692077,-2.26639221145942,0.47836316539214707,-0.019518060561603223,0.011793155442433116
1785122902.390707,0.18036893446149502,-0.009603068256181471,-2.269631524274488,0.478425577604069,-0.020769928185267277,0.011848167419326986
1785122902.3957014,0.18165855799687453,-0.0096560965866696,-2.272987176892545,0.47849528670093183,-0.021964928962511794,0.011883810114550196
1785122902.4004831,0.18291732319473178,-0.009707127593379335,-2.2764457528258295,0.4785707651425505,-0.023138526986923653,0.011912235049658914
1785122902.4041371,0.18414523216757536,-0.009758200416950994,-2.2799836480817395,0.47865420054796914,-0.024271898991765614,0.011929522698662732
1785122902.410322,0.18534236778684646,-0.009811075242657664,-2.2835842445908496,0.47874805246299756,-0.025346737249757435,0.01192919302480797
1785122902.4151828,0.1865082162703993,-0.009867454200279608,-2.287235101858938,0.4788533260269471,-0.026388935699575983,0.011911795262817155
1785122902.4208212,0.18764067920873698,-0.009925480906875632,-2.29093590225885,0.47896813828350987,-0.027421714742613512,0.011891276716952556
1785122902.4250324,0.18874082652087096,-0.009988087612759978,-2.294672547120024,0.4790963539718045,-0.02839923874044708,0.011849573661954478
1785122902.4297357,0.18980479301997422,-0.01005092193063875,-2.298453659303864,0.4792314962754863,-0.029428333169257026,0.011823565373021462
1785122902.4352863,0.1908348138803529,-0.010116210895549649,-2.302266524373742,0.4793797990492601,-0.030371979074330493,0.011778700498268423
1785122902.4412227,0.1918304197348648,-0.010185101758690859,-2.3061034679443884,0.4795410575217606,-0.03127780569473005,0.011716458484600085
1785122902.4456897,0.19278981382390156,-0.01025215877946975,-2.3099851398334237,0.4797080418703464,-0.032210079890847114,0.011675868062971172
1785122902.4491968,0.19371107357302625,-0.01031345643088526,-2.313911369101663,0.47987894183319757,-0.033122928127772025,0.011658278576299915
1785122902.4572985,0.19459723036465093,-0.01037504872935982,-2.3178526039823995,0.480062227901902,-0.03390787810862779,0.011613116656703512
1785122902.4599013,0.19544496568250116,-0.01043527499433022,-2.3218073848355627,0.48025261143843934,-0.034698190700938616,0.011567425779561597
1785122902.4644938,0.19625428293478853,-0.010494036041311796,-2.325769611576868,0.48045110791909373,-0.035431152307320565,0.01151206923288454
1785122902.4703255,0.1970230327197862,-0.010548917022346905,-2.329741265761157,0.48065421107990935,-0.03615355536330261,0.01146253207183204
1785122902.475317,0.19775379809185614,-0.010604262024949252,-2.33370433580434,0.48086741530085675,-0.0367637262228458,0.011384448467516248
1785122902.4808815,0.19844348494817307,-0.010657567624948893,-2.3376625704646354,0.48108404179133746,-0.037391430467098495,0.011310211441294219
1785122902.4850457,0.19909033885777314,-0.010703855727837391,-2.3416249528725057,0.4813009754549643,-0.03798859812136376,0.011249169608890282
1785122902.4900165,0.19970060148314067,-0.010747302302773034,-2.345574747083517,0.48152173604513904,-0.038346158569595605,0.011173547863646136
1785122902.4955413,0.20026992386689038,-0.010785993940822733,-2.349512861136055,0.48174122420350657,-0.03865983214015268,0.011104767775684986
1785122902.4995432,0.20079381091951923,-0.010820283765399877,-2.3534344038828046,0.48195713307319726,-0.03907490061224195,0.011039490417524077
1785122902.5045478,0.20127401959125427,-0.010850821065364568,-2.357333360303328,0.4821705421674029,-0.039442786418129316,0.010956807804716978
1785122902.5106328,0.2017100781648922,-0.010878159050662056,-2.361204941029884,0.4823791235284297,-0.03979026954621791,0.010860644066186484
1785122902.5144408,0.20210475922902035,-0.010900579024542747,-2.3650508827864356,0.48257883075074565,-0.039969407366549296,0.010763377178132841
1785122902.5207646,0.20245353108525335,-0.010918689256514204,-2.3688671286931187,0.4827673914497914,-0.040133027467263514,0.010664179740260654
1785122902.5263429,0.2027557108272135,-0.010934603332314465,-2.3726412404099873,0.4829506063825026,-0.04024888273916982,0.010528212305202818
1785122902.5298564,0.20301608650335762,-0.010947903267187798,-2.3763734127099405,0.4831196789805119,-0.040203465385101174,0.010396562257468428
1785122902.535512,0.20322697086044675,-0.010954890412075228,-2.380069312807583,0.4832715270186816,-0.04021423022806945,0.010279227902744539
1785122902.5427253,0.20339379292153825,-0.010957276339680811,-2.3837241708264996,0.4834017974444974,-0.04004813917223211,0.010185023562765938
1785122902.5478818,0.20350948688837558,-0.010954229479406585,-2.387319560622947,0.4835172044863503,-0.03999331469138011,0.010090564433979932
1785122902.5514402,0.20358088180614956,-0.010939563531824084,-2.3908813628166476,0.48359960776652117,-0.039734462083920064,0.010061992674111132
1785122902.5622063,0.20360249141598152,-0.010916419434561973,-2.3944087880914364,0.4836452219495424,-0.03938720729290415,0.010083311283766426
1785122902.5648706,0.20356059355026782,-0.010885631757757539,-2.3978960659823434,0.4836619777920453,-0.03931042194087806,0.010096428502034665
1785122902.569811,0.20346631830261516,-0.010848811888539386,-2.4013421916038715,0.48364321698786267,-0.03906042345152426,0.010129444726318668
1785122902.5759714,0.2033112465878938,-0.010799994830585306,-2.4047642559840137,0.48357921662263476,-0.03882644327094222,0.010221247914113205
1785122902.5798786,0.2030950615125666,-0.010745023550783484,-2.408144677456169,0.4834760812829262,-0.03851043331494098,0.010328311103915262
1785122902.585171,0.20280958155978204,-0.010676414136403214,-2.411501726113449,0.48332446420664715,-0.03829063926238548,0.010495739940525066
1785122902.5911124,0.20245640917822644,-0.010599989845208622,-2.414815296056074,0.48313478750319283,-0.03795157400030871,0.010662436607655815
1785122902.597117,0.20203460761411035,-0.01051619108688892,-2.418066687047233,0.48290941935354714,-0.03756202287366945,0.010832181838781027
1785122902.5994794,0.20153647754670465,-0.010417912486241968,-2.4212772335314257,0.48263907574958514,-0.037295641726209264,0.011038445881035737
1785122902.6049156,0.20096399796637213,-0.01031265956830308,-2.4244296813846775,0.4823348462104941,-0.036911891195623686,0.011207011701805842
1785122902.6107051,0.20031475042778535,-0.01020414931256976,-2.4275146372146046,0.4819979527240628,-0.036488804234512395,0.011327981640841315
1785122902.6186001,0.1995823982815372,-0.010085192075451837,-2.4305488849007806,0.4816197791112419,-0.03618410368487714,0.011447199338573794
1785122902.6206264,0.1987685873868914,-0.009957849081121033,-2.433522529807525,0.48120824502697346,-0.03578548699488291,0.011522675857195167
1785122902.625423,0.19787468837353753,-0.009828780390445614,-2.4364142866656895,0.4807716387360822,-0.035238582203968555,0.011518845981119682
1785122902.6298084,0.19689498128730368,-0.00969114403997829,-2.439237338290034,0.4803026745247832,-0.034731481748677434,0.011487837149088038
1785122902.6354702,0.19583216973193296,-0.009549683252990299,-2.441974599465033,0.47981097854351623,-0.03408475591715931,0.011389629043946746
1785122902.6411026,0.1946823477290995,-0.00939952512810818,-2.444633643493089,0.479292747894101,-0.033431911682187294,0.011261440784096197
1785122902.6455927,0.19344799330899723,-0.009244321168977686,-2.4471873558512383,0.47875739177708415,-0.03261756324651106,0.011066124792330915
1785122902.6495821,0.19212505557888065,-0.009078577456771018,-2.4496520195164933,0.47819980690135466,-0.03179598217152584,0.010847424817039928
1785122902.6547549,0.19071647692171442,-0.008906458912129945,-2.4520207525650046,0.4776285827516798,-0.030810221368281956,0.010571863166044455
1785122902.6657176,0.189220355463815,-0.008726502093778747,-2.454297692456373,0.4770422681658869,-0.02977766160920597,0.010263687454359226
1785122902.6706789,0.18763404675848452,-0.00853104738238145,-2.4564998361469748,0.47643718833269744,-0.028719474738192016,0.009956605315726017
1785122902.6761174,0.18596247611462335,-0.00832601901940354,-2.4586103399284682,0.4758248549300984,-0.027435389613610063,0.00960346198952531
1785122902.6811283,0.18420217288680882,-0.00810575374960288,-2.460628879251794,0.4752002842565714,-0.026084693241493217,0.009249579194338685
1785122902.6853287,0.1823556841926906,-0.007870777195331911,-2.4625564556422574,0.47457040030530806,-0.0245361547942096,0.008873183129392967
1785122902.6906953,0.18042395560864763,-0.007621284509595714,-2.4643943155536743,0.4739385242065763,-0.022785805204044208,0.008473118640590447
1785122902.6971867,0.17840831196908302,-0.007347753395580788,-2.4661241572965893,0.4732989906657518,-0.020976904138188472,0.00811270522505031
1785122902.7010713,0.17631125351173196,-0.007053886071736306,-2.467763976820413,0.47265908999901135,-0.01895061602831834,0.007727924201727797
1785122902.7058756,0.17413121753573968,-0.0067423348667658934,-2.4693298730967763,0.4720162568964202,-0.016817414466139758,0.007315338417445612
1785122902.7124138,0.17186939395293427,-0.006411113491163513,-2.4708698955256474,0.4713646231498671,-0.014832317087184542,0.0069736592640918
1785122902.715693,0.16952231473203072,-0.006074242126615823,-2.4723839103725966,0.4707568470515643,-0.013114979634536882,0.006621932517258296
1785122902.720696,0.16710573961517136,-0.00574868915679514,-2.4738278028932053,0.47021958771955275,-0.011698367250449813,0.006266572931425068
1785122902.7257652,0.16463343847152895,-0.005438286625461643,-2.4751970487094965,0.46976401410344765,-0.010439395732637637,0.005928189472442931
1785122902.7302167,0.1621181293474765,-0.005154933646651029,-2.4764953940449637,0.4694095405525076,-0.009129137323779414,0.005544439210524104
1785122902.7347803,0.1595643574262074,-0.004902090568182203,-2.4777297692683176,0.4691565032286765,-0.007869971724442745,0.005126955758985726
1785122902.7424908,0.1569712815222388,-0.004672586443812139,-2.4789120842599757,0.4689934256012018,-0.006799820711416987,0.004729429734947346
1785122902.7462752,0.15434556085300302,-0.0044764500984225426,-2.4800259386830135,0.4689340873385059,-0.005541147257211165,0.004218056812268908
1785122902.7495725,0.15169109656633065,-0.004315757749178891,-2.481092539829849,0.46897555711600164,-0.0041881402889532215,0.0035852803581965507
1785122902.7553473,0.14901099142926344,-0.00418903413310728,-2.4821394556677188,0.46910952460510386,-0.0028464606463338093,0.002853279689877521
1785122902.760443,0.1463080739887144,-0.004094848241779778,-2.4831902769275502,0.4693276566795995,-0.0015596316665936057,0.0020335757945120895
1785122902.7663674,0.14358488730862135,-0.004031542258623418,-2.4842667472061306,0.46962171651626944,-0.00033908177754985575,0.001131550717168751
1785122902.7712276,0.1408437181610669,-0.003997152891798323,-2.485389759142339,0.4699836322086986,0.0008198748899728024,0.00014928981914530352
1785122902.7764537,0.13808691901937797,-0.003989415575990001,-2.4865799661503276,0.47040462263870614,0.0019185498008829828,-0.0009140884810169813
1785122902.7804167,0.13531724132441778,-0.004005933998748653,-2.4878579754312438,0.4708747473565424,0.0029521210750249236,-0.002061984137715769
1785122902.7841527,0.1325376479714543,-0.004044521878583694,-2.4892444244819147,0.47138438820487405,0.003928006920469417,-0.003297574756303903
1785122902.7912323,0.12975102483455347,-0.004103013537977395,-2.4907590903824692,0.47192464375982734,0.004854711747869625,-0.004621844482211064
1785122902.795262,0.12696205327883356,-0.004175766231600581,-2.492431964189365,0.47248801852142314,0.0057345200867020074,-0.006000394282002759
1785122902.7999823,0.1241726159049716,-0.00426160022719246,-2.4942764293977984,0.4730667906924183,0.006593376909165374,-0.0074398642695606525
1785122902.8049693,0.12138478695988124,-0.004360668133251533,-2.4962968650717556,0.4736535129718787,0.007452235921462079,-0.008953267872749701
1785122902.8100996,0.11859983756981893,-0.004469168352941459,-2.498500180190594,0.4742379315069626,0.008324356536409849,-0.010562404795807957
1785122902.8147194,0.11581775515126752,-0.004586094763090798,-2.50089900143298,0.47481710902276675,0.00918744168245733,-0.012249823569574273
1785122902.820537,0.11304338758764977,-0.004711539561647748,-2.503483483281504,0.4753876857848185,0.010043463152715301,-0.014007664624600541
1785122902.8281627,0.11027564803951423,-0.004838560155994047,-2.5062657738054543,0.47593997760284884,0.010913321090429058,-0.01585624401065115
1785122902.8314323,0.10751486218041693,-0.0049691295280992025,-2.509249895190968,0.4764777984705457,0.011765610143165309,-0.017750970067184037
1785122902.8356037,0.10476331555258918,-0.0051023511139711595,-2.5124301641443822,0.4769991694589652,0.012619274524272419,-0.019682642152017506
1785122902.8411987,0.10202363941245476,-0.0052355328855850074,-2.5157948416116365,0.4774992771278738,0.013502722157539712,-0.021660509251145023
1785122902.8450265,0.0992912689597638,-0.005366823198925973,-2.5193632208669174,0.47797883043804923,0.014405763209538326,-0.02366009616813021
1785122902.8500323,0.09657083258688576,-0.0054987151331366895,-2.5231589914024215,0.4784351373350072,0.0153822432315476,-0.025605664263534715
1785122902.8547492,0.09386299073348063,-0.005623810477610377,-2.5271462834672422,0.4788618324037633,0.01648246822133966,-0.02753039915832205
1785122902.8624861,0.09116224728668465,-0.00574052421545384,-2.531309447982971,0.4792649415680435,0.0176828718026224,-0.029417646098026006
1785122902.8702831,0.08846678305242134,-0.005854715971799276,-2.5356236846299276,0.4796532011506971,0.018979268051538035,-0.031233683833407733
1785122902.8717506,0.08577572155168198,-0.005969247788465067,-2.5400705758910394,0.4800314074519426,0.02036727866747738,-0.03296295395809346
1785122902.8757026,0.08308976166815678,-0.006085843962459231,-2.544629746448646,0.4804025075311468,0.021842772692578054,-0.03459917155757172
1785122902.8801394,0.08040913426886552,-0.0062027638875773354,-2.549287115142048,0.48076318914302113,0.023431290541971277,-0.03616678972829951
1785122902.884614,0.07773292332804406,-0.006321860350516122,-2.5540372241899423,0.48111474180462893,0.025121830462390103,-0.03766428586514865
1785122902.8910766,0.07506193208511698,-0.0064449922092636655,-2.5588620465693364,0.481459726875394,0.026884268809641416,-0.039084917061138355
1785122902.8956223,0.07240027773627683,-0.00657235308734444,-2.5637983544631275,0.4817905153158262,0.028727080018761463,-0.040406352236623345
1785122902.8997703,0.06974575012757041,-0.006705324287837974,-2.568817938972007,0.4821113782751783,0.03063166182078926,-0.04162268457886999
1785122902.9045346,0.06709554265042306,-0.0068454804727235115,-2.573878740280804,0.48242799012801907,0.032578681345123185,-0.04273567697259842
1785122902.9106092,0.06444738885615704,-0.006994278038048243,-2.578950117178112,0.48274330869775905,0.034557020310527646,-0.04374951441519635
1785122902.91502,0.061799465054606,-0.0071530227760410086,-2.5840078372940236,0.48305858769121857,0.036557206041302796,-0.04467014511489976
1785122902.9196353,0.05915031892949159,-0.007322888446831048,-2.589031435648814,0.4833740096285114,0.03856967841351353,-0.04550482959107216
1785122902.925859,0.05649880257563357,-0.007504947290114745,-2.594002817310925,0.4836890846731472,0.04058455650440295,-0.04626173136957094
1785122902.9319007,0.053844011032434615,-0.007700197763976317,-2.598905520512671,0.484002907987992,0.04259176185015552,-0.04694953575311066
1785122902.9343889,0.051185229801455824,-0.007909585632231418,-2.603724333983385,0.4843143298862737,0.04458118322470327,-0.04757710553702123
1785122902.9421856,0.04852184348585898,-0.008133899779063746,-2.608444841211718,0.4846220428109237,0.046542534937689714,-0.04815336692823433
1785122902.9463675,0.04585325641730225,-0.008373714512633931,-2.613053112404933,0.48492471282711097,0.04846781816091537,-0.04868686353889565
1785122902.9495015,0.04317858702447996,-0.00862938827699917,-2.617532456028237,0.48522134900084457,0.05035614161260003,-0.04918884223973671
1785122902.9552214,0.04049746806842734,-0.008901451627144974,-2.6218725986037237,0.48551062092308583,0.052204037103780944,-0.04966600341831632
1785122902.9633348,0.0378096875580826,-0.009190516815188388,-2.62606500441514,0.4857913839650414,0.05400895264212803,-0.05012267181948753
1785122902.9701939,0.03511965960171763,-0.00950125435640763,-2.6301056738964728,0.486047724215574,0.0559101068093576,-0.05048243961068878
1785122902.9752614,0.032403535737136425,-0.00983573254064834,-2.634028450059706,0.48626899729776024,0.05738981149281547,-0.05092393091200025
1785122902.979535,0.029683983306933122,-0.01019168788619014,-2.6377966964742563,0.48647201518387095,0.058928335787776655,-0.05137147116542303
1785122902.9841912,0.02696340727322187,-0.010572230344025896,-2.641401505410448,0.4866534318008534,0.06053191399720391,-0.05178651943642778
1785122902.990269,0.024223799259938613,-0.010987250035064162,-2.644893516345905,0.48678270084144337,0.06181725873769501,-0.0522806278204394
1785122902.9945002,0.021487691730181644,-0.011426423064082187,-2.648184558651481,0.48688866233794775,0.06338027393106749,-0.05275192843218518
1785122903.0003402,0.018734411251727097,-0.011895222228864908,-2.6513230973111543,0.48695140160782824,0.06469221178530869,-0.053286118400971944
1785122903.0051804,0.015966878027503986,-0.012400662400626702,-2.654347735456632,0.48696769153080616,0.06570787568414942,-0.05396827574956823
1785122903.0111394,0.01321231157613419,-0.01294518989551122,-2.657248459994834,0.4869311443579032,0.06695315691969417,-0.05462169364270073
1785122903.0144868,0.01046053383696667,-0.013518721305867133,-2.660031407984624,0.48686127552546954,0.06803426205374367,-0.05530361862137143
1785122903.019554,0.0077214187554369455,-0.014137617398268017,-2.662727711879663,0.48673030670067635,0.06909379843153501,-0.0559705795731268
1785122903.0251493,0.004989914589568498,-0.014795927228324944,-2.6653492466546,0.48655211821882866,0.0698920428676847,-0.05669821576380733
1785122903.0299766,0.0022845239834179965,-0.015503664898033192,-2.667896945954528,0.48631275935460927,0.07074791363083066,-0.05737492076971127
1785122903.0347807,-0.00040112471756149426,-0.01625328201267713,-2.670377071415965,0.48602899828881596,0.07137322696807795,-0.05807239376591464
1785122903.0419755,-0.00303892613014765,-0.017049583244352084,-2.672740163779431,0.4857046304966078,0.07228255211453671,-0.05859360619286635
1785122903.0449927,-0.005650486409398706,-0.01787932217525755,-2.6749424832451965,0.48536476708171195,0.07297627918849811,-0.059064767178929965
1785122903.0493946,-0.008234146222456152,-0.0187495373288899,-2.6770355099989143,0.484998296618525,0.07341994931783605,-0.05955203202414645
1785122903.0546737,-0.010777521956560185,-0.019662038824032935,-2.6790356791422556,0.484605701239456,0.07375156317117776,-0.060019384359434054
1785122903.0597756,-0.013271454771338731,-0.02061818518952399,-2.6809474278376872,0.4841873725500689,0.07403034790281739,-0.06043450470716615
1785122903.0655608,-0.015708533688703088,-0.021618980412504575,-2.682767848539517,0.48374484231623055,0.07425653680656792,-0.06077427425849805
1785122903.0741744,-0.018082598153111352,-0.022664331219439643,-2.6844924362924085,0.48328102163365483,0.0743985152077689,-0.06102602182223242
1785122903.0799468,-0.020388176661287456,-0.0237536984377756,-2.686115501075345,0.48279971327286536,0.0744201300554514,-0.0611844056501661
1785122903.0813675,-0.02262018014772604,-0.024886386826691705,-2.687630697432016,0.48230506480725005,0.07429178225241326,-0.06124866145820249
1785122903.0849257,-0.024773936622882544,-0.026061592753503452,-2.6890317689484284,0.4818010959073533,0.07399262476693338,-0.061220674912656925
1785122903.0906255,-0.02684530053060884,-0.02727845475057432,-2.6903127810123086,0.4812914326706414,0.07350934561431578,-0.06110410733367247
1785122903.0943997,-0.02882995324405711,-0.028535738216312907,-2.6914641884321227,0.48077917785580404,0.07283378591034856,-0.060899189237974265
1785122903.0997837,-0.030724885826914686,-0.029832593342727795,-2.692483078460095,0.4802669361870442,0.07196242282066001,-0.06061668535407777
1785122903.1049933,-0.03252783819213957,-0.031168285811428526,-2.693367172953086,0.4797567864388655,0.07089446412498661,-0.06026749996586358
1785122903.110306,-0.034236964719371175,-0.03254206268311708,-2.6941137713718026,0.47925027343600524,0.0696307795498335,-0.05986156805267021
1785122903.1154113,-0.035850804605843875,-0.03395316650507149,-2.694720495998044,0.4787484225643754,0.06817338633884878,-0.0594090689840685
1785122903.120162,-0.03736825241833226,-0.03540084667820857,-2.6951856619092234,0.47825176022921134,0.06652511830800123,-0.058920868941251134
1785122903.1258974,-0.038788530348795196,-0.03688436981859585,-2.695508454205783,0.4777603383276264,0.06468940935344497,-0.05840857461371834
1785122903.1299994,-0.040111162069266786,-0.03840302957733383,-2.6956890013557766,0.47727376254281717,0.06267014492948372,-0.05788439190764814
1785122903.1341174,-0.04133594770843062,-0.03995615563058272,-2.695728387740842,0.4767912244170008,0.060471554457278996,-0.05736089117657313
1785122903.1418095,-0.04246293935787137,-0.04154312161282652,-2.6956286286146636,0.47631153685175737,0.05809813083848134,-0.056850734383779855
1785122903.1450121,-0.04349454813028276,-0.043161996587182304,-2.6953634127701807,0.4758335765635561,0.05554547589648196,-0.056374551082134
1785122903.1502905,-0.044428308296790765,-0.04479722576833693,-2.6948714418346045,0.47537054610800455,0.052995339751691226,-0.05587138906922186
1785122903.154979,-0.045273863585296815,-0.04644824320563641,-2.694163117618398,0.47493336719243734,0.05055927413760734,-0.05530549378142938
1785122903.1599424,-0.046041534105984834,-0.04811760770796387,-2.693266026748131,0.4745261746405852,0.048224481116957305,-0.05467180954600052
1785122903.1642091,-0.04673876748769466,-0.04980600187642493,-2.692199871710896,0.4741516734375633,0.045961921665573724,-0.05396700319467166
1785122903.1705356,-0.04737103258321876,-0.051513134325961316,-2.69097913463702,0.4738117538478565,0.04374537398600975,-0.053188296754939766
1785122903.1753411,-0.04794283876653041,-0.053237537182544585,-2.6896069285233954,0.4735078200205341,0.04155188222765976,-0.05233298339732254
1785122903.180065,-0.04845761426246101,-0.05497821693437079,-2.6880914353950898,0.4732404833556558,0.03937168023092246,-0.05140044072397222
1785122903.1839955,-0.048916848342120435,-0.056732235824723636,-2.686447989840904,0.47301213051828556,0.037179969139932975,-0.0503795859370492
1785122903.1908562,-0.04932338618585766,-0.058500731663714375,-2.684675209832959,0.4728141788531586,0.035084422208983605,-0.049315787177913524
1785122903.1960557,-0.049681220850340296,-0.060281154159345804,-2.6827192384442022,0.47266480440214437,0.03297423936445442,-0.04816534040383035
1785122903.1999207,-0.0499902209140228,-0.06207102777458513,-2.6806191264173513,0.4725703471296887,0.03083202144529958,-0.04692140979539629
1785122903.2060165,-0.050253410254734066,-0.06387251284597342,-2.6783917952156493,0.47250843410593935,0.028925919311036444,-0.045686255062008956
1785122903.2109828,-0.05047449212379509,-0.06568470059302715,-2.6760849967205185,0.47249189836329264,0.02696364774994817,-0.04437549860337011
1785122903.2143853,-0.050653404097579555,-0.06750629250599262,-2.673712815122898,0.4725091181021653,0.025121501316073568,-0.04304029107089358
1785122903.2195048,-0.050796065557403396,-0.06934167519747407,-2.6712811191986305,0.47255417704168,0.023369753201152244,-0.04169830981733359
1785122903.2261798,-0.050902998097926776,-0.07118701964343062,-2.6688229398775385,0.4726376466116693,0.021541978054885995,-0.04028348563460559
1785122903.2297163,-0.05097371155897338,-0.07304013213855957,-2.6663420958184103,0.472747313960051,0.01981595432793088,-0.03885172267055065
1785122903.2341158,-0.051012611632939776,-0.07490672378439281,-2.6638237277188472,0.47286297021118145,0.018379330628284438,-0.037497649369668436
1785122903.245298,-0.05102522347404219,-0.07678619125879675,-2.6612992803396147,0.4730050907558916,0.016808413692966026,-0.036099151130307344
1785122903.248463,-0.051010691417348666,-0.07867599849102777,-2.6587787351835472,0.47316849788058796,0.015224077725222432,-0.03467355983407808
1785122903.2509465,-0.05096910539861439,-0.08057490841685654,-2.656209418013703,0.4733516563231754,0.013746520374841018,-0.03326526320935753
1785122903.255203,-0.05090523357131945,-0.08248734311942257,-2.65359701156059,0.47354060941317,0.01248265829821089,-0.03193957155325737
1785122903.2615147,-0.0508214826078016,-0.08441137931223407,-2.6509976324150206,0.47374763846589046,0.011149255287927732,-0.03060569375288403
1785122903.2644544,-0.050718086808445216,-0.08634555931165738,-2.6484279871685326,0.47396071700656095,0.00988011278725705,-0.02930385353892231
1785122903.271051,-0.05059975430459227,-0.08829466628181538,-2.645885625941602,0.4741638514389758,0.008786096707728609,-0.028093583236026475
1785122903.2758718,-0.05046943888705956,-0.09025473053903955,-2.643404619865097,0.4743715140368745,0.007589353199966381,-0.026876141310079954
1785122903.282912,-0.05032967179326282,-0.09221837461585491,-2.6409880517058344,0.47457454341042277,0.006448282884273244,-0.025681245383287022
1785122903.2849674,-0.050182346807847215,-0.09418421851071633,-2.6386396548775046,0.47476478619019025,0.0054318082656293135,-0.024535236656588563
1785122903.290734,-0.05003279566628626,-0.09615748402924124,-2.63635070027495,0.4749294718082218,0.004613236526305684,-0.023486887028720593
1785122903.2952993,-0.04988539965100499,-0.09813739469013168,-2.6341583848335106,0.47508463651711047,0.003672590218041895,-0.022439229411255965
1785122903.2998886,-0.04974045306634137,-0.10012163754287999,-2.632064451552917,0.4752213566414139,0.002752342546702019,-0.0214181395858584
1785122903.3049421,-0.049598135560479456,-0.102107772824956,-2.630067821269427,0.47533334109232245,0.0019294295831153905,-0.020438182080580427
1785122903.3110392,-0.04945939514620622,-0.10409777198134258,-2.6281736469535297,0.4754103017806647,0.0013052047277477383,-0.0195385452501662
1785122903.314868,-0.049325768513950756,-0.1060938952729377,-2.626407041963491,0.4754611965542089,0.000616045766254817,-0.018650297000042594
1785122903.3235533,-0.04919463228682596,-0.10808327641655865,-2.62478726526614,0.47550592507316575,-2.226272033355592e-05,-0.017834603622829907
1785122903.3263555,-0.049070800842724575,-0.1100625169125119,-2.6233056270462307,0.47553962647652587,-0.0005659118411628434,-0.017115131107058378
1785122903.329477,-0.048957269584772714,-0.11203189966642892,-2.6219607462397123,0.4755520952744579,-0.0010415011440292915,-0.016476855582755887
1785122903.33472,-0.048858567372006514,-0.11399853923126761,-2.6207438974650485,0.475529603826259,-0.0014184525198338081,-0.015934990019160468
1785122903.3401136,-0.04877818385656137,-0.11595987871468784,-2.6196738394103476,0.475486752911489,-0.0019896938938142312,-0.01536895218045651
1785122903.3454173,-0.04871649292724386,-0.11791535146379412,-2.6187844169803847,0.4754102318758486,-0.002605720780566846,-0.014785635211018312
1785122903.3511028,-0.04867434274350011,-0.11986383835283264,-2.618056132810727,0.475295847773737,-0.0031950904371711893,-0.014189505662972283
1785122903.3561318,-0.04865284144351365,-0.12181346324070828,-2.6174602056786274,0.475133385600477,-0.0036358632192752057,-0.013635303432385339
1785122903.359607,-0.048656965457340204,-0.12375965715359476,-2.6169971756345314,0.47494764273630824,-0.004338749213176898,-0.012996041076224653
1785122903.364964,-0.04868591066900799,-0.125699196009734,-2.616659989038832,0.4747406956980024,-0.005181157432793227,-0.012268763864624862
1785122903.371442,-0.048738887622107215,-0.1276304012787787,-2.6164413762976597,0.4745097240517951,-0.0060392055623982215,-0.011478437971670998
1785122903.3751297,-0.04881574077406769,-0.12955154414734704,-2.6163366260794283,0.4742533091492469,-0.006860362084099517,-0.01064426532816103
1785122903.3800704,-0.048916661187779986,-0.13146107320028538,-2.6163429669252944,0.4739712078456679,-0.007629644952532386,-0.009780610392687423
1785122903.3842077,-0.04904201501755359,-0.13335770175660205,-2.616459153904773,0.47366411704583394,-0.008350616231654347,-0.008897975916956555
1785122903.3928325,-0.04918997378717185,-0.13525083283788764,-2.616686270667246,0.4733223464468633,-0.008931202360462066,-0.008061881472714298
1785122903.3972707,-0.04936395459097022,-0.1371325557452908,-2.617036158260227,0.4729672426170599,-0.009800198703813667,-0.007166963497667555
1785122903.4002678,-0.04955767216434875,-0.13899023240743036,-2.617579253041622,0.47261064326565655,-0.010737007754737871,-0.006267158038146699
1785122903.404866,-0.04977561139273568,-0.14081883057798822,-2.618285891625792,0.47226215972250557,-0.011617433494470992,-0.0054256985889954805
1785122903.4098635,-0.05002031217254009,-0.14262088298561204,-2.6191301527170983,0.4719180911443786,-0.012493704035333085,-0.0046230658892358915
1785122903.4143205,-0.05028810351846171,-0.14439934336448923,-2.6200988158823924,0.47157762021186916,-0.013377484033590861,-0.0038556655416961292
1785122903.4201305,-0.05058146846113554,-0.14615029178533992,-2.6211953061325475,0.47125089436087453,-0.014181376267444484,-0.0032298121383877534
1785122903.4268482,-0.05090729423569243,-0.14786466347475158,-2.622430339713479,0.47095207955500873,-0.015104606748856497,-0.0027035335313259526
1785122903.4301991,-0.05126284495810639,-0.14954953717294447,-2.623802483254381,0.4706745901917184,-0.016059203460301395,-0.0022961996528991367
1785122903.4346142,-0.051652442146947405,-0.15119666264594783,-2.6253208887946453,0.47042859975449236,-0.01715314730047964,-0.0019726473550058464
1785122903.4429274,-0.05207832726595911,-0.15280283322332128,-2.6270049105584374,0.4702127960190181,-0.018293921346343275,-0.001743543173698158
1785122903.4454315,-0.05254710843645723,-0.15436593001844537,-2.628937710862018,0.4700241219448083,-0.019312728166006855,-0.0016353380775986765
1785122903.4494946,-0.05305281035396654,-0.15589043617282222,-2.631115123259508,0.46986356925268546,-0.020175259254680732,-0.0016362098572828357
1785122903.4555786,-0.05359936020728823,-0.15737163210345734,-2.6334801412911375,0.4697372184307985,-0.020994507157295082,-0.001698465358636177
1785122903.4626632,-0.05418705329729196,-0.15880963053640232,-2.636004297047647,0.46964710348146016,-0.021817676738949167,-0.0017932419406658262
1785122903.465162,-0.054818229601143874,-0.1602022966578709,-2.6386582594649304,0.46959274806596135,-0.022602266626524103,-0.0019009965688372083
1785122903.4754243,-0.055492236803230156,-0.16155081415057423,-2.6414288117365725,0.46957122289950964,-0.02329216936760876,-0.0020145799563183555
1785122903.4788606,-0.0562087496246857,-0.16285664379777198,-2.6443058849499326,0.46957949031579,-0.02386175568937006,-0.002126860983298362
1785122903.4821932,-0.05696211536286193,-0.16412831330962868,-2.647301669132292,0.46961259325004656,-0.024310046651335366,-0.002242263251232172
1785122903.4850025,-0.05775986461663706,-0.16536102173333259,-2.650384308390253,0.4696735990768286,-0.024761107268973383,-0.0023233506143931935
1785122903.4909434,-0.058601696391992274,-0.16655701120665126,-2.653546297558937,0.46975817165665806,-0.025140347381830665,-0.002369265681980336
1785122903.4952528,-0.05948324982618542,-0.1677135002384013,-2.6568066808762056,0.46985492830995124,-0.025320712823346574,-0.0023457992064880003
1785122903.499777,-0.060416511058901445,-0.1688367364201663,-2.6601755461303487,0.469968427501216,-0.025344826791557355,-0.0023113487562965583
1785122903.5048254,-0.061400039501919586,-0.16992565394887288,-2.663629364220612,0.4700993330161586,-0.025162068166805215,-0.002240915444490896
1785122903.5112305,-0.0624232950353414,-0.17098906401786063,-2.667168433923561,0.47024961264362697,-0.02482018095536595,-0.002119711463858813
1785122903.5143,-0.0634955630321019,-0.17202111163175882,-2.670729026682865,0.4704253993362793,-0.024437872157343637,-0.0019296786149896293
1785122903.519059,-0.06461710921450435,-0.1730203039179804,-2.6742990464891636,0.4706229252223621,-0.024007993274442828,-0.001661422456880944
1785122903.5270128,-0.06578625906468204,-0.17399012372495765,-2.6778700036847614,0.4708446771887484,-0.02345079544622751,-0.001346571821362453
1785122903.531259,-0.06700360170038515,-0.1749301283303626,-2.6814387637017414,0.4710861029633363,-0.022858945450386185,-0.0009797600477201795
1785122903.534903,-0.06826891792930491,-0.17583798934432873,-2.6850041748421516,0.4713429587137204,-0.02223324941067665,-0.0005580496141727947
1785122903.540688,-0.06958024471085743,-0.17671836031977703,-2.688564664674179,0.47161879207678936,-0.021504793227312854,-0.00012044765320782494
1785122903.5469105,-0.0709377709963895,-0.17757141509376798,-2.6921210721211937,0.4719097466685914,-0.020755517350399853,0.00033614425810717975
1785122903.550279,-0.07234287102842928,-0.17839273790870266,-2.695690511917814,0.47220755804264014,-0.020044132562387598,0.0008340189286223422
1785122903.55539,-0.07379210515104828,-0.1791872241848139,-2.6992639685476862,0.47251673759632,-0.01925043183504513,0.0013374622375672018
1785122903.5607028,-0.07528668815940782,-0.17995052955164753,-2.702838209297417,0.4728312827692712,-0.018473039973784487,0.0018696206901751679
1785122903.5642684,-0.07682217565807936,-0.18069007545277896,-2.7063979508860756,0.4731573036549687,-0.017616746032085583,0.002385554431803122
1785122903.5706773,-0.07839782124400281,-0.18140640916733644,-2.709941736186487,0.47349252388724405,-0.016770735580120613,0.002885784956681271
1785122903.5761948,-0.0800144758661203,-0.18209443347799698,-2.7134741638508824,0.47383030958799666,-0.016005929207865408,0.003394210495206346
1785122903.5805035,-0.0816676135266163,-0.18276092741755898,-2.716988286140255,0.4741767023134437,-0.015172330910754163,0.0038651242067106735
1785122903.5837488,-0.08335652199044363,-0.18340667199180652,-2.7204860481966024,0.4745280221492545,-0.014345941827008622,0.004306585822213244
1785122903.5909572,-0.08508120610428101,-0.1840298373245961,-2.7239767664898586,0.4748776329207332,-0.013603542216806453,0.004742405737846617
1785122903.5952995,-0.086841691622634,-0.18463228215088143,-2.7274658578368616,0.4752258452493588,-0.012841777139186916,0.005146945110679294
1785122903.5995295,-0.08863589986662128,-0.1852170402562647,-2.7309421792896935,0.4755745406479799,-0.012055985501849309,0.0055145529916295725
1785122903.6049943,-0.09046299952547605,-0.18578359176852213,-2.7343979035247927,0.4759219167334711,-0.011301275461199769,0.005858991846180487
1785122903.6103342,-0.09232505027888353,-0.18632673556602317,-2.737839689990951,0.4762642963514188,-0.010636793922546114,0.0061993625255668755
1785122903.6144466,-0.09421946647481812,-0.18684714770598868,-2.7412594186634114,0.4766035537587616,-0.009935068835383164,0.006524334378248356
1785122903.618776,-0.09614255432638696,-0.18734970957975428,-2.7446391764706415,0.4769404513347251,-0.009207947887077364,0.00682474553653852
1785122903.625327,-0.09809394706452569,-0.1878343233550844,-2.747974674884434,0.47727281575440633,-0.00851476951218354,0.007106230983135943
1785122903.6310034,-0.1000783417946103,-0.18829174369487184,-2.751284196602695,0.47759694093165334,-0.00788609916338807,0.0073851169506932825
1785122903.634618,-0.10208798071494642,-0.18873219128156044,-2.7545359902252655,0.47791698481361394,-0.007196360692758528,0.007634316998053776
1785122903.6466572,-0.10412274839098039,-0.18915554650479452,-2.757725136406032,0.4782307211050557,-0.0065226280854747565,0.007859481646967838
1785122903.6538012,-0.10618230887835285,-0.189561969028414,-2.760846866735451,0.478536310951903,-0.005902193856022168,0.008064236508412398
1785122903.6553075,-0.10826433983725366,-0.18995042854478508,-2.7638884294336976,0.47883354900126335,-0.005341868601983747,0.00825792480394646
1785122903.656225,-0.1103687046045667,-0.1903215976295524,-2.766849682057753,0.4791206149402172,-0.00485715754195603,0.008432848138073282
1785122903.661012,-0.11249564108685788,-0.19067650326662866,-2.769731211269805,0.47939563941937036,-0.004453014501617696,0.008582140499552781
1785122903.6651313,-0.1146482771112495,-0.19101101116201344,-2.772543839637343,0.4796563092279232,-0.004143342464805789,0.008708658348497914
1785122903.6715453,-0.11682491501983464,-0.1913263792776616,-2.7752808550649184,0.4799046446261495,-0.003801013757628033,0.008798493848465042
1785122903.6759496,-0.11902215723611446,-0.19162783133247147,-2.777924050906812,0.4801410885875251,-0.0034330210430011405,0.008844527860743624
1785122903.6792738,-0.12124015794320529,-0.19191553836184402,-2.7804686452132454,0.48036435220720997,-0.003082283543496847,0.008849864562138623
1785122903.6847973,-0.12347895026401409,-0.19218977606620155,-2.7829099067422063,0.48057346701070813,-0.0027676594043138675,0.008816686022597116
1785122903.6902232,-0.12573852146018882,-0.1924508486086161,-2.785243218959652,0.4807677154844578,-0.0024952076781659667,0.008746502989690324
1785122903.6946683,-0.1280181656854491,-0.1926995402681683,-2.787439494480873,0.48095134564922726,-0.0022770266925635934,0.00863396176145535
1785122903.7006276,-0.13031775703687856,-0.19293641593985866,-2.7895051997943225,0.4811237242664554,-0.0021163167419390285,0.008475825854888768
1785122903.704832,-0.1326372358778648,-0.1931618630044135,-2.7914500549997205,0.48128286042733776,-0.0020045034370735166,0.008271783253596785
1785122903.7099533,-0.13497645082400564,-0.1933762176925946,-2.7932780658641616,0.4814274141042566,-0.0019308691314449081,0.008022214439154981
1785122903.7142937,-0.13733525429765983,-0.19357974065769123,-2.79499030704971,0.48155662722062614,-0.0018859190248833757,0.007727613899986531
1785122903.719307,-0.13971353347540666,-0.1937726341832089,-2.796586337374092,0.4816701659169104,-0.0018612766202062135,0.007388628068184989
1785122903.725689,-0.14211121837857457,-0.19395505570824892,-2.7980649458987275,0.4817679966349351,-0.0018494651843013268,0.0070060871894197735
1785122903.7298255,-0.144528280044479,-0.1941271266393004,-2.7994245583595667,0.48185029977331906,-0.0018437571706041251,0.006580994141153292
1785122903.734543,-0.14696472359294602,-0.19428893930507157,-2.8006634642203525,0.48191740922804716,-0.001838040967029362,0.006114496278389372
1785122903.741922,-0.14942057910313716,-0.19444056304629267,-2.8017799481207866,0.4819697690260204,-0.0018266999011776045,0.005607852630220709
1785122903.7451332,-0.15189589191401248,-0.1945820497288192,-2.8027723697326334,0.48200790110443914,-0.0018045086448648634,0.005062401639617645
1785122903.7500658,-0.15438985410141143,-0.19471397151804712,-2.8036042847029967,0.4820393678762404,-0.0017832453187770813,0.004471814436580052
1785122903.7555583,-0.15690227814521496,-0.19483676436513037,-2.8042892460654416,0.4820646184654794,-0.0017669809715676282,0.0038323543183540138
1785122903.7614496,-0.15943306072702318,-0.1949506705574743,-2.804845640810804,0.48208181750027423,-0.0017470283024384116,0.0031441951261031056
1785122903.7654343,-0.1619819940796934,-0.1950558627407154,-2.805283968386634,0.4820897978042401,-0.001712748490401945,0.0024086105936713693
1785122903.7736216,-0.16454883455126101,-0.19515245347388815,-2.80561055171903,0.4820879649165476,-0.0016545041494531968,0.0016273779414401359
1785122903.7777932,-0.16713332679699955,-0.19524050756311773,-2.8058294950364644,0.482076160995669,-0.0015643094052292259,0.0008024921434789013
1785122903.7804036,-0.169735208822213,-0.19532005375540482,-2.8059437298505276,0.4820545400181188,-0.001435679760566392,-6.396893043784001e-05
1785122903.7852905,-0.17235420935489637,-0.1953910949144707,-2.805955581173213,0.48202346753700426,-0.0012632917168674024,-0.0009699098830616806
1785122903.7904887,-0.1749900426136127,-0.1954536167065339,-2.80586707835995,0.48198344438945895,-0.0010426690210408166,-0.0019132534959277598
1785122903.7972894,-0.17764171370759316,-0.19550803171709843,-2.805645631818906,0.48194181503211087,-0.0007854172533688275,-0.0028983018637780008
1785122903.7994087,-0.18030864396323548,-0.19555469443747783,-2.8053080465367515,0.4818989641867803,-0.000495971950016545,-0.003927928119039278
1785122903.8049958,-0.18299032939264548,-0.19559379541215982,-2.8048758449652316,0.48185297206296157,-0.00016714383545549642,-0.005001561186960123
1785122903.8118134,-0.1856861979915479,-0.1956254588735823,-2.804362631390055,0.4818024937053075,0.0002098824631094359,-0.00611751906924452
1785122903.8157566,-0.18839565518334705,-0.1956497577968621,-2.80377773178812,0.4817466835300523,0.0006428250380329032,-0.007273640779192426
1785122903.819683,-0.19111809616893766,-0.19566672918952094,-2.803128114727798,0.48168507857807186,0.0011376996611250196,-0.008467602662223081
1785122903.8258836,-0.1938529057577505,-0.19567638734216752,-2.802419418343984,0.4816174899834232,0.0016989648684246617,-0.009697074515757619
1785122903.8309326,-0.19659945449821387,-0.1956787346651877,-2.8016565073864688,0.4815439154724789,0.002329854573843625,-0.010959796324336617
1785122903.834088,-0.19935857095479428,-0.19567418640109058,-2.800852773636306,0.4814628367954098,0.003053280244577801,-0.012260747313875534
1785122903.8445807,-0.2021350776560787,-0.19566797776072867,-2.800040115714481,0.4813836428129901,0.003780993115837572,-0.01354536211106698
1785122903.8470428,-0.20492500626371413,-0.19566252562191896,-2.799209370183698,0.4813171037272828,0.004454160913157511,-0.014758509698820305
1785122903.8497508,-0.20772996978670993,-0.19566014400432966,-2.79836165348981,0.48126114080490634,0.005158479210875647,-0.015939986806678533
1785122903.8557167,-0.21054553822198166,-0.19566183019756436,-2.797500094419408,0.48122086454368884,0.005853306155401077,-0.017056742391361842
1785122903.860869,-0.21337083197846793,-0.19566714332216614,-2.796657373109749,0.4811875382752736,0.006631184746023936,-0.018134522567023692
1785122903.8643358,-0.21620440124492094,-0.1956780401154022,-2.7958517883163885,0.4811644188592483,0.007440495397462383,-0.019142214949040955
1785122903.8710253,-0.21904106997782202,-0.19569437456031435,-2.7950811463231386,0.48115217542685507,0.008267016234204819,-0.020068113689384427
1785122903.87529,-0.221879802125743,-0.1957153992554473,-2.7943667623117703,0.4811414528070989,0.009190968797848366,-0.020951191840052202
1785122903.8799772,-0.2247173500453292,-0.19574150260572826,-2.7937107971008412,0.481133303433886,0.010168052141393014,-0.021780603995723898
1785122903.883918,-0.22755453317418683,-0.19577483307568086,-2.7931378356084826,0.481127208897354,0.01118044929082831,-0.022551570724748192
1785122903.8921006,-0.23038565560480434,-0.19581567517467802,-2.792636547760564,0.4811264212028229,0.012186427759295685,-0.023246323011555586
1785122903.8953185,-0.2332104192087682,-0.19586344408122328,-2.7922299238269463,0.48112056096540057,0.013283227695630707,-0.02391421291598608
1785122903.8993845,-0.23602608143443543,-0.19592057483129782,-2.7919142749651753,0.481118212527866,0.014353939039293072,-0.024511514221466794
1785122903.905466,-0.23882870467626421,-0.19598554557277648,-2.79169171782493,0.48111180488885436,0.015475278592395133,-0.02507796629529093
1785122903.9115164,-0.24161925683246585,-0.19606034708724737,-2.7915838631277525,0.4811009990998713,0.01662254005082903,-0.02561218819186206
1785122903.9158437,-0.24439366787091388,-0.19614562373697114,-2.7915839309317985,0.48108835025651026,0.017763670808093324,-0.02610296654763902
1785122903.9191601,-0.24715085411534213,-0.19624201658348916,-2.791702664973759,0.4810713621982889,0.018917190302313484,-0.026563706105971484
1785122903.9267159,-0.2498881913760816,-0.1963504301481183,-2.791938147755202,0.48105222731140407,0.02005146222105023,-0.026985722296426772
1785122903.9303334,-0.2526053015167671,-0.19647067203743557,-2.7923048327611224,0.48102500549363764,0.021229425700832475,-0.027401547158891378
1785122903.9355025,-0.2553000883314968,-0.19660491361327695,-2.792795683025846,0.4809983812055474,0.022351438222547374,-0.027769956379055768
1785122903.9426043,-0.25797205056843003,-0.19675267619530273,-2.793423787253088,0.4809658977116096,0.02350607182836454,-0.02812747271672766
1785122903.9463646,-0.2606191474220831,-0.1969159120581274,-2.7941810046887268,0.48093576316933884,0.02460860399442983,-0.02843617514427014
1785122903.949812,-0.2632362383460716,-0.19709111222073833,-2.7950942146888496,0.480896470192062,0.025761299269577383,-0.028723517268805104
1785122903.9538636,-0.2658258003375906,-0.1972794502820169,-2.7961653651942884,0.4808482763111307,0.02696487940030076,-0.02900508123255723
1785122903.9611607,-0.2683930371011889,-0.19748752913810463,-2.7973904734234707,0.48079586917259104,0.02806489109206961,-0.029282388064942242
1785122903.9646182,-0.27094128599061895,-0.19772542057673856,-2.7987843030897737,0.480731922490753,0.0290149878368705,-0.029593982073211213
1785122903.9704695,-0.2734505113453515,-0.1979804938713104,-2.8002831103366495,0.48068136647884074,0.0301110741288231,-0.02982325052801833
1785122903.9761658,-0.27592898742683675,-0.1982571854456335,-2.8019047455272297,0.4806354829281538,0.0311620853747287,-0.030036251068200244
1785122903.9799283,-0.27838212945720914,-0.19856433829490672,-2.803673780892938,0.48057938332307953,0.03208912365946092,-0.030303666330016747
1785122903.9839127,-0.28079163489216463,-0.1988874641572041,-2.805531945240622,0.48054060797528325,0.03315026888113922,-0.03048837490708163
1785122903.989744,-0.2831759591371749,-0.1992411029373697,-2.8075303931341304,0.48049500559207586,0.03398116664852701,-0.030725635962462153
1785122903.9947205,-0.2855261784605615,-0.19962470524090348,-2.8096794626984845,0.4804408566541255,0.03472672629188612,-0.030980592307089567
1785122903.9998913,-0.2878243099527717,-0.2000234290399848,-2.8119118059002917,0.48040141478176396,0.03570059781899673,-0.03115090220820816
1785122904.004166,-0.2900926913476011,-0.20045164100690296,-2.8142638372628377,0.4803586699999931,0.03638559552274309,-0.03135671845154175
1785122904.011035,-0.2923255683942617,-0.20091003835422797,-2.816716528897872,0.480314131353345,0.036891595445097326,-0.03157887852574507
1785122904.0149763,-0.2945092180018939,-0.20138637272865145,-2.819216663935439,0.48028467309665746,0.03748620093062936,-0.03174400326101198
1785122904.0195172,-0.29665686820550297,-0.20189335651638052,-2.821803222514008,0.4802532836502347,0.03789475650885682,-0.03194123408071196
1785122904.0256736,-0.29876652852999247,-0.2024277230840047,-2.824451494026446,0.4802250948966249,0.03806308876735565,-0.03214250362170688
1785122904.030539,-0.30082074500903366,-0.20297985083788753,-2.827121389260459,0.480208366177675,0.038459729153482634,-0.032300074968082584
1785122904.0346992,-0.3028387805484905,-0.20356220990661703,-2.829856604772129,0.4801901113160233,0.03861695427141247,-0.03249539047047651
1785122904.0419788,-0.3048168092101676,-0.2041752124651439,-2.8326456388799315,0.4801723977379705,0.03857058324144233,-0.03269692831808641
1785122904.047875,-0.3067394101142727,-0.20480235751158313,-2.8354616096948475,0.4801692288582349,0.038599733022537656,-0.032805052897873575
1785122904.0502958,-0.30861858649079693,-0.20546008019024511,-2.83833949821317,0.48015516351941934,0.038519905193200345,-0.032969067927695585
1785122904.0542378,-0.31045115963330494,-0.2061424406424207,-2.841227471660532,0.48014281155049715,0.038331714407359885,-0.03314124820280284
1785122904.061152,-0.3122447919011528,-0.20685398643696942,-2.844125727802189,0.48012678705057915,0.0378772348806552,-0.033361623154349145
1785122904.0648775,-0.31398395711808247,-0.2075905266096057,-2.8469641047874283,0.48012612653306636,0.037469353787894094,-0.033529054483467935
1785122904.075002,-0.315672929210882,-0.208345682189338,-2.849711121473724,0.48015158667227104,0.037000387162243346,-0.033611919555458315
1785122904.0773773,-0.3173302724248437,-0.20912860503580163,-2.852430581746813,0.4801759259431683,0.03617659411656872,-0.033759281670917116
1785122904.082749,-0.31894224756389344,-0.2099357837326547,-2.855077691606811,0.48020786351877687,0.03535475433409564,-0.03390860192372496
1785122904.0847454,-0.32051195675964117,-0.2107610333040572,-2.8576260630712587,0.4802567689815168,0.03447147749402083,-0.034018080178898284
1785122904.0924554,-0.32204529800111964,-0.21160384005853092,-2.860077663986803,0.48031885878518715,0.03349930667402787,-0.03411086381738942
1785122904.09633,-0.3235471713735465,-0.21246457832814583,-2.862438463487417,0.48038946975880326,0.032419563701147534,-0.03420848344965885
1785122904.0999122,-0.325022239128014,-0.21333581659633372,-2.8646853125402334,0.48047075067730016,0.031232048829597427,-0.03430112325005896
1785122904.104246,-0.3264732458777901,-0.21422141838172898,-2.8668196751577275,0.4805577939369139,0.030019299194952127,-0.03440345023720717
1785122904.1103568,-0.3279028110994257,-0.21511903162524929,-2.8688442813631023,0.48065327128579377,0.028753064447544496,-0.03448739642858787
1785122904.115595,-0.3293124301017432,-0.21602672554406713,-2.870760752314537,0.4807563317915966,0.027484242238306505,-0.034545248832657964
1785122904.1202161,-0.33070399997804795,-0.21694607389412604,-2.8725691111103853,0.48086237941810056,0.02626542208545682,-0.03459026167669097
1785122904.1272516,-0.33207984467085855,-0.21787611302674664,-2.8742690963001487,0.48097105946343244,0.025073111161042595,-0.03461396854728319
1785122904.1303775,-0.33344223755374747,-0.2188134856667207,-2.8758596149120685,0.48108427341163823,0.023862667681399767,-0.03459664936698853
1785122904.1349554,-0.3347920529126961,-0.21976046764904897,-2.8773413382862723,0.48119570872559925,0.022742627871660596,-0.03456291288196945
1785122904.1410186,-0.33613149293648265,-0.22071567169519776,-2.878713639461159,0.4813054514996881,0.021661936881033052,-0.03450399893606452
1785122904.1461804,-0.33746223035591777,-0.2216759114400978,-2.879975397237813,0.48141427808455933,0.020608202742174703,-0.034408118776446936
1785122904.1502533,-0.3387887245818904,-0.2226450370930217,-2.8810941073576433,0.4815234071673126,0.01958534464489708,-0.0343017769951585
1785122904.1551442,-0.34011233409401836,-0.22361615435213722,-2.8820844979902596,0.4816402429234866,0.018506731872786265,-0.034129661140658844
1785122904.1602988,-0.34143203519686693,-0.2245888147719245,-2.8829648942597172,0.4817572393856682,0.017514948668098492,-0.0339068197551352
1785122904.1640823,-0.342747436780759,-0.22556566463696737,-2.8837476996339744,0.48186510721899883,0.016722937151105444,-0.03366530221144643
1785122904.1710942,-0.34406053467367215,-0.22655083677487362,-2.8844423911875934,0.4819602850198907,0.016033432017812373,-0.033412370797579374
1785122904.177056,-0.3453733018628572,-0.22753509505099595,-2.885051506582844,0.48205280581212484,0.015274990705920493,-0.03308720420439205
1785122904.1791909,-0.3466851044688239,-0.22851860700195958,-2.885578802500796,0.4821378600322136,0.014579098585053497,-0.03271009782506522
1785122904.1850095,-0.34799503835037937,-0.22951070194231105,-2.8860326912689023,0.4822038246406218,0.014086295840872317,-0.032339679140071895
1785122904.1895607,-0.3493062388719113,-0.23050295065484513,-2.8864099496081352,0.48226198379260016,0.013507706335286772,-0.03191498560548053
1785122904.1952226,-0.3506169911713678,-0.23149132453307056,-2.886681658915627,0.48231762413442547,0.012937237502140382,-0.031425009138906924
1785122904.1996539,-0.3519266678307816,-0.23247956128406438,-2.886863680210075,0.4823641596904816,0.012504028385306691,-0.030910226388082628
1785122904.204344,-0.3532370296006575,-0.23346783429673268,-2.886973975182556,0.482401565272254,0.012103182618633837,-0.030368316222114226
1785122904.2102778,-0.3545481491607421,-0.2344568535858953,-2.8870238715770484,0.48242716617535736,0.011779391987607437,-0.029810817515221133
1785122904.214756,-0.35586098891993656,-0.23544651849037027,-2.88701997219858,0.48244156496249757,0.01146017276779822,-0.029233218351508973
1785122904.2193787,-0.35717559989202147,-0.2364343105664431,-2.8869650563271474,0.4824458128488523,0.011162552998546743,-0.02862981452120911
1785122904.2254927,-0.3584900696331366,-0.2374311227051125,-2.8868790664370145,0.48242997665743786,0.011020871499303045,-0.028054665889261955
1785122904.2302911,-0.3598070186837528,-0.23842810173297965,-2.886751301657916,0.4824048915150341,0.010774764451258554,-0.027453102455615542
1785122904.2343102,-0.3611259186058718,-0.23942296924659004,-2.8865769292418317,0.4823712203615429,0.010502992641564316,-0.02682471179436062
1785122904.2438383,-0.3624451785416437,-0.24041977917810656,-2.8863645127170807,0.48232443975491185,0.010324688811786577,-0.026197338194800832
1785122904.2463849,-0.36376434224737486,-0.2414231818288401,-2.8861246285138016,0.4822628480335595,0.01019172995990064,-0.025584831905680196
1785122904.250657,-0.36508503431309725,-0.24242382424247702,-2.885822359228383,0.48219798546826487,0.009984901195999712,-0.02494716516201389
1785122904.2553089,-0.3664060365353983,-0.24342252212731455,-2.8854665571970646,0.48212792368597307,0.009802796146272948,-0.024297881766529684
1785122904.2626946,-0.3677259833539736,-0.24442299677293403,-2.885075640102118,0.4820477736155702,0.009727116238478467,-0.023661221579627034
1785122904.2658067,-0.3690448238223982,-0.2454298550333846,-2.8846673832670056,0.48195609314071625,0.009689777810088939,-0.023045195716456055
1785122904.2776825,-0.3703637655781771,-0.24643471504079698,-2.8842278483546404,0.4818611154282071,0.009569582580210793,-0.022407926913400694
1785122904.2814617,-0.37168156753144377,-0.2474382169556551,-2.883760974694279,0.4817607734396128,0.009459014578678622,-0.021762952133606156
1785122904.2850053,-0.37299687754739125,-0.24844368566618213,-2.8832770059233748,0.4816513220065486,0.009433847806648537,-0.021133594443299177
1785122904.2927392,-0.3743095780365032,-0.24945527753652835,-2.8827888469158682,0.48153196577410534,0.009430967430056926,-0.020528168061097484
1785122904.296369,-0.37562087549898476,-0.250465043440331,-2.8822734393776077,0.481412171414305,0.00933687869908539,-0.01990828371653041
1785122904.2992167,-0.37692960403501813,-0.2514735360051177,-2.881737506269208,0.48129004060615715,0.009237677428550754,-0.01928697652696988
1785122904.3040109,-0.3782346338381185,-0.25248373297609045,-2.881195619281554,0.48116150853507583,0.009204269903677944,-0.0186863273851479
1785122904.3102226,-0.37953647329660556,-0.25349536626681746,-2.8806539292932176,0.48102860804535225,0.009153918531473662,-0.01809696662550473
1785122904.3157778,-0.3808347218068938,-0.25451065423240427,-2.8801226836041764,0.4808900318215231,0.009107984032803195,-0.017527730328142754
1785122904.3194435,-0.38213001586482104,-0.2555247665786316,-2.8795945492285164,0.48075107834092334,0.00898877865334684,-0.016952844635063212
1785122904.3259804,-0.3834214742250214,-0.25653791438811224,-2.879073668419508,0.4806099694489943,0.008862161007369453,-0.016384213095950305
1785122904.3303263,-0.3847082161682133,-0.257557041258057,-2.878582043986286,0.48046064006273925,0.00880481962009122,-0.01585636020726128
1785122904.3340547,-0.38599213797025145,-0.2585768133044306,-2.8781113346638802,0.48031205975040375,0.008631216475441825,-0.015324092825871516
1785122904.339692,-0.3872726215954168,-0.25959550048304036,-2.8776601139713254,0.4801645016030865,0.008394825092896394,-0.014788247411571328
1785122904.3468904,-0.388548985262019,-0.2606130579124499,-2.8772223461707775,0.480017735672004,0.008149773486140514,-0.014261206169073596
1785122904.3488019,-0.38982086487258083,-0.2616293232492408,-2.876806929500099,0.47986999148234877,0.007919128993664443,-0.013752421891228918
1785122904.3541665,-0.3910884021181681,-0.26265069834578797,-2.8764437351856014,0.4797147638528005,0.0077564822113606715,-0.013292881507060535
1785122904.3605034,-0.39235380982708773,-0.2636727559152158,-2.876128868361804,0.4795619196905079,0.007461189172334118,-0.012828265462850855
1785122904.3644042,-0.39361645701743264,-0.2646938337256508,-2.875862867472985,0.47941114060479817,0.007087426029453516,-0.01235924010594482
1785122904.3690186,-0.39487574295996436,-0.2657136866000662,-2.8756505829296675,0.47925990428460497,0.006692555346041398,-0.011898657725720192
1785122904.3774538,-0.39613144672365647,-0.26673191143145414,-2.875496509072048,0.4791064113536554,0.006301049669182226,-0.011456112119653535
1785122904.3800387,-0.39738363538415344,-0.2677502693699546,-2.8754119176160016,0.4789473270616037,0.0059489946621039385,-0.011049591507229211
1785122904.3842714,-0.39863388836893787,-0.2687687615149638,-2.8754026301163624,0.47878624227850053,0.005541543614698004,-0.010660587684104314
1785122904.3925161,-0.39988231353205056,-0.2697851375605619,-2.875465815842942,0.4786250875875051,0.0050757508705816705,-0.010280175114375047
1785122904.3965168,-0.40112939905857986,-0.2708031272415705,-2.8756184981657325,0.47845998087721,0.004608690108492654,-0.009929467463190171
1785122904.4004798,-0.4023780119334146,-0.2718200835486371,-2.8758665741583447,0.4782954610426971,0.004036837396523773,-0.00958225019543095
1785122904.4048328,-0.40362742052933975,-0.2728352439956408,-2.8762044941749068,0.4781307047623874,0.003431321561614909,-0.009240680686705801
1785122904.411697,-0.4048768869600408,-0.2738493495701043,-2.8766315923289927,0.47796411040414244,0.002852434636847848,-0.008915354886834098
1785122904.4150565,-0.40612743167410625,-0.2748617687402704,-2.877146278944727,0.4778000518509178,0.002226225596909566,-0.008586833397352403
1785122904.4191148,-0.4073789310888879,-0.27586995761055416,-2.877741233063183,0.4776410543192009,0.0015544012610524578,-0.008246343174172211
1785122904.4261508,-0.40863121906028,-0.27687318630907354,-2.878416069754043,0.4774864138258412,0.0008708505548373953,-0.007901931093094648
1785122904.4320753,-0.40988501807575295,-0.2778747249951282,-2.879184316967246,0.4773332558631724,0.00020822607025337725,-0.007572060132550191
1785122904.4351501,-0.4111415214924677,-0.27887068984478375,-2.8800356642545464,0.4771886756597632,-0.000537237511614475,-0.0072228161490461495
1785122904.4432466,-0.41240059424584097,-0.2798606610491757,-2.8809706907322616,0.4770513533369314,-0.0013144025713141356,-0.006864200379695066
1785122904.4455247,-0.4136624149038036,-0.28084415483680747,-2.881990179735299,0.47692038088717276,-0.0020996310643228346,-0.006503737350934604
1785122904.4491584,-0.4149256315233027,-0.2818190684990617,-2.883139801359115,0.4767886211521717,-0.0028625049934538236,-0.006134599014927559
1785122904.4544837,-0.41619064100317854,-0.2827873116182909,-2.884400370783693,0.4766574224084229,-0.003582234676446591,-0.005775050773903665
1785122904.4598882,-0.4174594977988682,-0.2837484454185521,-2.885742107123144,0.4765337535220237,-0.004342822388000276,-0.005423493159100126
1785122904.4650178,-0.41873374415064646,-0.284700293492928,-2.887143177530273,0.4764232332108059,-0.005154070459539622,-0.005073696761653021
1785122904.469388,-0.42001419137614904,-0.2856430135283959,-2.8885941611176182,0.47632798787862457,-0.005987157450756828,-0.00472997279560941
1785122904.4800394,-0.42130160045509785,-0.28657107057155884,-2.890105502105484,0.4762457228048932,-0.006862610738939547,-0.004375232684344688
1785122904.482234,-0.42259504696303024,-0.28748447143106975,-2.8916747546827772,0.4761830716822702,-0.0076366352937342384,-0.004043134171176694
1785122904.4843435,-0.4238947922750594,-0.28838427921536397,-2.893296225089617,0.47614462025791776,-0.008263673972571205,-0.0037573064488987625
1785122904.4889522,-0.42520192869638485,-0.28927097095049653,-2.894966249211319,0.4761317781425104,-0.008761284162538418,-0.0035256468214142607
1785122904.4973533,-0.426518177922237,-0.29014457385312464,-2.8966904840568435,0.4761428638418024,-0.009158660502795951,-0.0033465561299527353
1785122904.499639,-0.4278451729850106,-0.2910055164225745,-2.8984612999153283,0.47617661917370896,-0.00948602104996884,-0.003211317644255215
1785122904.5038927,-0.4291842920607682,-0.2918542281778235,-2.9002711699444474,0.47623189045865166,-0.009763965065742529,-0.003111733198203292
1785122904.510388,-0.43053652227446104,-0.2926923197927569,-2.9021128580871056,0.4763081801376123,-0.009995726711015817,-0.0030458007090833016
1785122904.5158622,-0.43190308231147095,-0.29352006879276155,-2.903983678684113,0.47640357057681226,-0.01021267481005035,-0.0030053106186156532
1785122904.5192003,-0.43328501546038123,-0.29433724325967137,-2.905883293892668,0.4765159054086978,-0.010433761959024778,-0.002981863355807701
1785122904.5255325,-0.43468332368675583,-0.2951424528382532,-2.9078145699119067,0.4766424616423501,-0.010676378690499458,-0.002964574226931715
1785122904.53041,-0.43609831119786174,-0.29593562842043714,-2.90977788642519,0.47678231211285127,-0.010905991310233365,-0.0029529624821026924
1785122904.534738,-0.4375303145923141,-0.2967174257262705,-2.911771849243208,0.47693473487474936,-0.011118771914102285,-0.002947715076769647
1785122904.5410614,-0.43897983282651776,-0.29748730629103864,-2.913797799957209,0.47709805309269404,-0.01132682817002253,-0.002944343702424439
1785122904.547228,-0.44044730668671617,-0.2982445585127318,-2.9158665582541636,0.4772692890419772,-0.011531891987159662,-0.0029378130493528934
1785122904.549984,-0.44193297330479486,-0.2989886168322438,-2.9179742570518887,0.47744772458751594,-0.011733400779130855,-0.002923580029813044
1785122904.5564482,-0.4434370058979321,-0.2997189794306661,-2.920116040680002,0.4776330509852134,-0.01193267396959196,-0.002898458351337285
1785122904.560741,-0.4449595372240056,-0.30043517867013325,-2.922289444346274,0.4778246909503504,-0.012130824967580913,-0.002859919125413417
1785122904.5671656,-0.44650063600752,-0.3011368784680722,-2.9244929554481947,0.4780218779800797,-0.012328550398243033,-0.0028057211218713834
1785122904.5698295,-0.4480603041967612,-0.3018237991416789,-2.926725522334879,0.4782237900485363,-0.012527880975330972,-0.002734180674786678
1785122904.5806477,-0.4496384831135724,-0.3024956870634946,-2.9289863198214645,0.4784295921807451,-0.012731583320109246,-0.002644132575948106
1785122904.5844438,-0.45123506470130115,-0.3031523235845764,-2.931274569626493,0.4786384419227479,-0.012942420723595924,-0.0025347860999285323
1785122904.5898018,-0.45284990646375534,-0.30379352853099906,-2.9335894352782015,0.47884949656771464,-0.01316288098856398,-0.0024056464234405604
1785122904.5968246,-0.4544829550038116,-0.3044189004733666,-2.935937712328579,0.4790607480894969,-0.013392316956021853,-0.002255466688731123
1785122904.6001883,-0.4561340412028824,-0.30502823207372537,-2.9383143314715485,0.4792719108505434,-0.013628538620515001,-0.00208269805262978
1785122904.6047163,-0.45780301068579954,-0.3056214313062157,-2.940713203160862,0.4794829689075142,-0.01387260879010557,-0.0018868417144376633
1785122904.6097603,-0.45948974056470504,-0.30619844605905944,-2.9431300396838846,0.47969367496823045,-0.01412653959311968,-0.0016680784077396564
1785122904.614852,-0.4611941212988937,-0.30675926682702864,-2.94556142420739,0.47990365107010863,-0.014392210521154193,-0.0014270499242572331
1785122904.6201394,-0.4629164933569208,-0.30729968558840787,-2.948013442197349,0.48011010925313274,-0.014688400853771186,-0.0011516552514975293
1785122904.6264508,-0.4646518359808013,-0.30782290562014547,-2.9504839844770263,0.48031069140673993,-0.014845531525083553,-0.0008365541493303403
1785122904.6308224,-0.46640497926331004,-0.3083272641603272,-2.952969073329172,0.480503108768137,-0.014995642304012444,-0.0004844055208852845
1785122904.6346474,-0.46817902198361616,-0.30881506203486886,-2.955452367978575,0.48069375461390973,-0.01521677709757739,-0.00012997098437627963
1785122904.6412544,-0.469966135042151,-0.30928291388192225,-2.957955030392638,0.48086911624794465,-0.015342900221260655,0.0002893440175849182
1785122904.6452212,-0.471778907367017,-0.3097347689772394,-2.9604515976681065,0.48104046698789993,-0.015608266404481232,0.0006961763571080314
1785122904.6511343,-0.4736077027813384,-0.3101674706497091,-2.962961177512933,0.4811952223719742,-0.015795608127097845,0.0011633482062730239
1785122904.6551952,-0.4754584174269353,-0.31057960979046506,-2.9654694498236402,0.4813390316289376,-0.016031872610379982,0.0016655758008538688
1785122904.6614406,-0.47733267273727603,-0.3109674060534461,-2.9679767710459966,0.4814723774070479,-0.01629174509342549,0.0021994326743749364
1785122904.6645565,-0.47922284648768554,-0.31133542129814346,-2.970475781392151,0.4815916766256204,-0.016411723627953335,0.002781634388775635
1785122904.671138,-0.4811343806167642,-0.3116849785371808,-2.9729471987637592,0.48170327549446473,-0.016551143404636752,0.0033757110688179947
1785122904.6777678,-0.48306108202233344,-0.31201041671183133,-2.9754179870032975,0.48178884328242316,-0.01657605044560766,0.004062369150507308
1785122904.6833432,-0.4850189399562297,-0.31231575660344196,-2.9778410383354266,0.4818715884102702,-0.01683745110130837,0.004719072858051445
1785122904.6875148,-0.4869986941891895,-0.31259747796087234,-2.9802350950516012,0.48194790928624104,-0.017073809787776083,0.0053764848168498585
1785122904.6899786,-0.48899251901112833,-0.31285611172863864,-2.982611537211679,0.4820022640827731,-0.017077993092219943,0.00610174448893121
1785122904.695587,-0.49101053960428487,-0.3130959617661057,-2.984932141380495,0.48204889630135,-0.0171272679620808,0.0068160937452213235
1785122904.6992323,-0.49305333875311474,-0.3133153092094737,-2.987192728432475,0.4820872572646541,-0.017257815024188137,0.007522842587973568
1785122904.705775,-0.4951158130121029,-0.31350961393814064,-2.989413444859311,0.48211094138926647,-0.017310327574905,0.008256009448615554
1785122904.712033,-0.49719863750741733,-0.31368087407149786,-2.9915857708712412,0.48211970643240326,-0.017257090193292822,0.009007595451653638
1785122904.7149968,-0.49930859472612465,-0.31383632405592876,-2.993667771865128,0.4821293773472176,-0.0173049813199794,0.009694468129494614
1785122904.7197177,-0.501436570767983,-0.3139696944611948,-2.995694078440434,0.48212590409360345,-0.01725801091098326,0.01039397367024588
1785122904.7257667,-0.5035866793313823,-0.3140818214199041,-2.9976486100294983,0.4821159108033133,-0.01717244397124448,0.011070179715175963
1785122904.7300055,-0.5057582831328205,-0.31417626311669306,-2.9995181942627513,0.48209954099896596,-0.01704345157942588,0.011718370037398571
1785122904.7356179,-0.5079531186204704,-0.3142520874957268,-3.001293977663684,0.48208367506428657,-0.016959819335121654,0.012309704950632699
1785122904.7412004,-0.5101641026548864,-0.3143107090646472,-3.002982128921439,0.4820641288610295,-0.016745349850502224,0.012872190216386362
1785122904.7459707,-0.512393439519287,-0.31435241295367633,-3.004576511496653,0.48203802036025706,-0.016469197886633917,0.013413532257640292
1785122904.7502747,-0.514641627337984,-0.3143737539130172,-3.006074916112594,0.4820105789129437,-0.01618921133428665,0.013917585211076534
1785122904.754524,-0.5169049684744818,-0.31438090656748313,-3.007462198450513,0.48198384850970155,-0.01583153273721865,0.014369127488326246
1785122904.7600179,-0.5191833170872104,-0.3143748327094722,-3.0087346407111264,0.48195634144694166,-0.015441537520470111,0.014771620069499855
1785122904.76481,-0.5214772832530878,-0.3143520723402119,-3.009898556659068,0.4819276738811245,-0.015026657965432164,0.015127123501086595
1785122904.769378,-0.523784038321061,-0.3143191031241038,-3.010937567251568,0.48190066323185715,-0.014549811043577547,0.015420467490452679
1785122904.7756917,-0.5261035427428593,-0.31427550897709805,-3.011851756786839,0.4818747362798973,-0.014082768063408824,0.01565447595536283
1785122904.7833052,-0.5284356905856565,-0.31421981458902104,-3.0126446559932814,0.48185010209452656,-0.013629547445751258,0.015829038564700467
1785122904.7853854,-0.5307789068787082,-0.31415465574491225,-3.013310731115828,0.48182783420006925,-0.013169726153038849,0.01593895932697687
1785122904.789606,-0.5331335773192987,-0.31407778242592904,-3.0138561087712747,0.4818072216392782,-0.012730056373108058,0.015988610288497386
1785122904.794631,-0.5354972365809825,-0.31399265263783166,-3.014242782365644,0.48179406201530744,-0.012320754237655829,0.015974795877828053
1785122904.800457,-0.5378694414642802,-0.3138999602407152,-3.014487122593666,0.4817872392752251,-0.011929160213589187,0.015893538632233237
1785122904.8044553,-0.5402499946097837,-0.31380159064575447,-3.0146070691604914,0.481784107229175,-0.011565178708376584,0.01574192428288404
1785122904.8108056,-0.542639059222102,-0.31369512898811136,-3.014621755526389,0.4817799766630591,-0.011274820654633536,0.015533861789312297
1785122904.814348,-0.5450362017566265,-0.3135776876835605,-3.0145476125348853,0.481771992593759,-0.011011502439727129,0.015276966959533159
1785122904.8197794,-0.5474405703398161,-0.3134555315906243,-3.0143802170414955,0.48176335889176747,-0.010697275309036018,0.014948577161567434
1785122904.8262482,-0.5498524765319951,-0.31332809974424874,-3.014126866283911,0.48175201764928044,-0.010387797712095482,0.01455754233893682
1785122904.8316321,-0.5522721329441274,-0.31319503061114556,-3.013794319261087,0.48173635112714175,-0.010108953538206043,0.014111602198453277
1785122904.8360264,-0.5547000971894158,-0.3130534916888465,-3.013394189349638,0.4817138303709565,-0.009889727821149184,0.013624914786285738
1785122904.8449147,-0.5571359218988796,-0.31290386072448617,-3.012931211728039,0.48168510176445656,-0.009661858631798864,0.01309526042576445
1785122904.8474317,-0.5595793702917975,-0.31274830961276034,-3.0124052784490023,0.481650894275622,-0.009421654094542304,0.012520549898391593
1785122904.8503325,-0.5620306022721591,-0.31258445198821466,-3.011798246528231,0.48161418569745496,-0.009223741718769864,0.011912528464376317
1785122904.8549097,-0.5644893094981828,-0.31241280509237185,-3.0111266731125688,0.4815751286080751,-0.009014128833364212,0.011266271142392708
1785122904.8604815,-0.5669555293317957,-0.31223538766886505,-3.010406454871158,0.4815325348803039,-0.008789581216719737,0.010577759096742436
1785122904.8655849,-0.569429550292204,-0.31205178900736513,-3.009651524390779,0.481484070011584,-0.008574268185622517,0.009853895425672976
1785122904.8704498,-0.5719115562216248,-0.3118617169793044,-3.0088719242052004,0.48142815370252146,-0.008376842401400422,0.009100855011532707
1785122904.8755515,-0.5744016730882917,-0.31166493486343616,-3.0080753952650374,0.48136380279528346,-0.008198075424694426,0.008324145040626613
1785122904.883742,-0.5768999921159315,-0.31146123274129006,-3.007268218981853,0.48129049941307406,-0.008034936376388746,0.007528683402010471
1785122904.8859277,-0.5794065806939757,-0.31125041725098507,-3.006455669697171,0.48120808704584905,-0.007882749147727472,0.006718869243288853
1785122904.8909261,-0.5819214878936998,-0.31103230906180873,-3.0056422562127474,0.481116689923135,-0.007736308759977687,0.005898638253632334
1785122904.8949788,-0.5844447458536948,-0.3108067469822215,-3.004831865187311,0.4810166551439955,-0.007590365599771845,0.005071528317593284
1785122904.8996165,-0.5869762782181365,-0.31057371826086894,-3.0040183862776453,0.48091020772396925,-0.007442399295192092,0.004239706302112731
1785122904.9039505,-0.5895160662443415,-0.3103331877554616,-3.003209205754787,0.4807976743847887,-0.007289316970425318,0.0034050686113330482
1785122904.9099638,-0.5920640695565571,-0.31008511543229544,-3.002412523420599,0.4806789337085766,-0.007126236117233374,0.0025697702143957124
1785122904.9152913,-0.5946202090134084,-0.30982949082389105,-3.0016338691991358,0.4805541515051668,-0.006948232257031977,0.0017358685067153927
1785122904.919452,-0.5971843760311775,-0.3095663354977227,-3.0008771774132996,0.4804237194378902,-0.0067508608187627035,0.0009052097190303289
1785122904.9263556,-0.5997564345754051,-0.30929570605211676,-3.000145377907591,0.48028819547392154,-0.006530252869601466,7.937893750501027e-05
1785122904.9297056,-0.6023362202972599,-0.3090176964114951,-2.999440734623903,0.48014825387363386,-0.006283063313409852,-0.0007403160091093257
1785122904.9348266,-0.604923538855556,-0.3087324390750532,-2.998765050531136,0.4800046451033728,-0.006006386445880475,-0.0015528427985159053
1785122904.943751,-0.6075181643041769,-0.3084401053313146,-2.9981198006405214,0.47985816400092396,-0.005697680471408667,-0.0023574335497293236
1785122904.9488335,-0.6101198378826856,-0.30814090457641563,-2.9975062253309535,0.47970962434656583,-0.005354711659315211,-0.0031535689699990575
1785122904.9515953,-0.6127303045772003,-0.3078360815083259,-2.996928975817961,0.47955925768349117,-0.004987347382865032,-0.003949832504826233
1785122904.9552236,-0.615348840709205,-0.30752573899533053,-2.996386884137453,0.4794082466954654,-0.004582704137717754,-0.0047376332170709495
1785122904.961757,-0.6179742409432625,-0.30720971443390493,-2.9958784449153875,0.4792578073574426,-0.0041317960898809925,-0.005509656159609841
1785122904.9654832,-0.6206055870652618,-0.30688800840076425,-2.995403172422683,0.47910893154210915,-0.003632051325342497,-0.006262780623719298
1785122904.970176,-0.6232467663046933,-0.30656406077407494,-2.9949873134221754,0.478958770791657,-0.0030412457954526535,-0.007011275483532648
1785122904.9755287,-0.6259005622278866,-0.3062416047036286,-2.994641669769153,0.4788250529249695,-0.0025638781202271,-0.007663049931952872
1785122904.985277,-0.6285630247390923,-0.3059210714325996,-2.994354827679725,0.4787142209164007,-0.002194988278103189,-0.008188268020858218
1785122904.987231,-0.6312305880986969,-0.30560211759105266,-2.9941251386832053,0.47861984629062587,-0.0018146859382012484,-0.008622603256543857
1785122904.9903455,-0.6339004777377552,-0.30528415058209873,-2.993951200142999,0.4785367814154298,-0.001371270682172317,-0.00899459977481127
1785122904.9943388,-0.636568501432768,-0.30496558107352517,-2.9938352851933407,0.47846049313837286,-0.0008364021116822434,-0.009317474354191781
1785122905.0005322,-0.6392341441454399,-0.30464662143055027,-2.993781527740872,0.4783871682157236,-0.00020966384054497552,-0.009620563815016518
1785122905.0044699,-0.6419005782928666,-0.3043306159072222,-2.993806036298479,0.4783210659185043,0.00042827818082964583,-0.00989023118062733
1785122905.011705,-0.6445660123714825,-0.30401914577082056,-2.9938981574141237,0.4782674882093951,0.0010291947782880841,-0.010106711855534259
1785122905.0146952,-0.6472281944337983,-0.3037122958379754,-2.9940562695986603,0.4782218618043793,0.0016509442332284618,-0.010298150225528784
1785122905.020181,-0.6498878780429472,-0.3034116744746501,-2.9942949659543805,0.4781793526839639,0.0023338162104479935,-0.010490623884792412
1785122905.026222,-0.6525445697193614,-0.30311897308363184,-2.9946122786783307,0.47814748876361024,0.0029738057938870034,-0.010646617799824992
1785122905.0320761,-0.6551955182494534,-0.30283416220588744,-2.995004109153503,0.47812361224729194,0.0036145934065710517,-0.010781926050645606
1785122905.0358772,-0.6578393337180599,-0.3025575064525874,-2.995473692202893,0.478102580127022,0.0043067724937860385,-0.010924183913251987
1785122905.0423002,-0.6604757260737685,-0.30228987139306623,-2.9960241177038327,0.4780857800270046,0.005004450980630236,-0.011066254021847806
1785122905.045862,-0.6631048503147298,-0.30203264788207324,-2.9966643740332892,0.47807057873929565,0.005734881105056847,-0.011221364841718182
1785122905.050324,-0.6657257912664657,-0.30178664752403356,-2.997401105722857,0.47806187935498,0.006411543409839333,-0.011356378824974773
1785122905.05485,-0.6683359936166298,-0.30155151328222846,-2.9982253070436435,0.47805803020740967,0.0070782484740709185,-0.011483907034918956
1785122905.0618849,-0.6709342417153189,-0.3013272664665699,-2.9991333003887894,0.47805550708044003,0.007784085700332823,-0.011627857296049404
1785122905.0656044,-0.6735222057932848,-0.30111568999746596,-3.000133912625864,0.47805457828989695,0.008510640024200891,-0.011788877167205275
1785122905.0693398,-0.6760987263350078,-0.3009170127299847,-3.0012190921346176,0.4780624257834188,0.009175794558422424,-0.011932230917886817
1785122905.0768409,-0.6786615216731732,-0.3007306114344545,-3.0023828937604087,0.4780769702305476,0.009830039236939762,-0.01207147624874156
1785122905.0872817,-0.6812111416988232,-0.30055731117936435,-3.003633834896902,0.47809342367195895,0.010533282503753424,-0.012231826698046244
1785122905.0967607,-0.6837472347649698,-0.3003973645500484,-3.0049674604506915,0.4781178781349208,0.011201438760755808,-0.012381807835355172
1785122905.0996945,-0.6862698422225749,-0.3002515301047017,-3.006389744444331,0.47814687626249536,0.01189288139965142,-0.012538920620623598
1785122905.1020815,-0.6887781639111298,-0.3001205281823523,-3.007918298221853,0.47818209478127255,0.012547147723362993,-0.012676970792392276
1785122905.1044152,-0.6912704746375413,-0.30000470156589276,-3.0095407710506334,0.47822139323933865,0.013212918012151843,-0.012816396684896678
1785122905.11089,-0.6937473340578446,-0.2999064257143874,-3.011252787235639,0.4782639572484644,0.013889776300980672,-0.012972576779038052
1785122905.114881,-0.6962092091032088,-0.2998249810924351,-3.0130437787540254,0.47831475847573285,0.01450423171045741,-0.013126150551554602
1785122905.1194537,-0.6986552132128077,-0.29975798512181295,-3.0148986843872505,0.47837809736654363,0.015022848699096725,-0.013258819577636168
1785122905.1275537,-0.7010838784313119,-0.2997055969830213,-3.01681293044192,0.4784504586317552,0.015532544160955723,-0.013391463421496583
1785122905.133017,-0.703495774755449,-0.2996696874264842,-3.0187903694518172,0.4785302237446959,0.016034845430550695,-0.013532804876294425
1785122905.1362042,-0.7058903215460824,-0.2996480465538534,-3.0208203056617555,0.47861981212844934,0.01650093749595373,-0.013670047259612423
1785122905.140616,-0.7082764015663935,-0.2996481387274207,-3.0229352959464943,0.47870394561269003,0.016813337470524742,-0.013873399557630922
1785122905.145426,-0.7106394066714238,-0.2996618282472215,-3.0250878464700417,0.478799406717068,0.017171642879753785,-0.014047008391700358
1785122905.1502697,-0.7129810474031478,-0.29969400584015654,-3.027310310580995,0.4788969359875151,0.017618592132246175,-0.014227364798134934
1785122905.154948,-0.7153116787036304,-0.29974737024020515,-3.029613574440777,0.4789878021732832,0.017872640798163475,-0.014463054913454764
1785122905.160131,-0.7176187161802189,-0.29981552162692404,-3.03194431122547,0.47908772668895233,0.018156069501333312,-0.014675975067901203
1785122905.1644096,-0.7199054775054218,-0.2999001827052197,-3.034300265759753,0.47919621476180413,0.018432734116454626,-0.014880156159825587
1785122905.1699443,-0.7221814708762909,-0.30000146486382984,-3.036691055573917,0.4793036680007018,0.018497400658861504,-0.01512333758463011
1785122905.1752348,-0.7244339323057721,-0.3001209900123245,-3.0390942077485166,0.47941640832003624,0.01869567839872796,-0.01536686471617834
1785122905.1808279,-0.7266669186478627,-0.3002533486249807,-3.0414953479739206,0.47954111815892025,0.01883802633176942,-0.015580805993091125
1785122905.189351,-0.7288895578664593,-0.3004040263683425,-3.043921523418114,0.4796610233945171,0.018838106180195623,-0.01584651197519067
1785122905.1957207,-0.7310904035897325,-0.3005725148375694,-3.046347296046829,0.47978655202736264,0.018917483235088045,-0.016100500631381725
1785122905.2001247,-0.7332727931495415,-0.300751736926634,-3.048752606124229,0.47992390063314666,0.018945320040066622,-0.016315010280173733
1785122905.2042332,-0.7354427314577795,-0.30094622171670615,-3.0511578177498904,0.48006105421409584,0.0189183286408875,-0.01655013655566809
1785122905.210616,-0.737597594429423,-0.30116109982620826,-3.0535709688828154,0.48019376737035757,0.018889683850769605,-0.01681115958963127
1785122905.2150538,-0.7397345322007662,-0.30138667019485454,-3.055958696725196,0.48033496836319833,0.018827531902662727,-0.0170281501865026
1785122905.2193215,-0.7418553177112004,-0.3016254602985806,-3.0583270604745914,0.48047949135284795,0.018808868947035515,-0.017227560163144976
1785122905.2252254,-0.743969604205826,-0.30188557425654633,-3.060712493156539,0.4806111146149418,0.01864633614052801,-0.017484993033486447
1785122905.2308242,-0.7460660062063721,-0.30215650827438156,-3.0630659835870278,0.4807475280591372,0.01847709098292596,-0.017696000987196127
1785122905.235072,-0.7481468779282149,-0.3024375110776498,-3.065386143521392,0.48088665061309965,0.018336997583771313,-0.01787269451658976
1785122905.2460053,-0.750214046233348,-0.3027370317400787,-3.0676919990406666,0.4810205142105394,0.018296272869547207,-0.018056333587458062
1785122905.2472885,-0.752270083532443,-0.3030470383248159,-3.069966254763908,0.48115657573050047,0.018135444049951103,-0.01820541816356849
1785122905.2495587,-0.7543153435362439,-0.30336521158679053,-3.0721986661871363,0.48129455498631163,0.01791173775229656,-0.018320548847556427
1785122905.2543752,-0.7563498683136181,-0.30369527685692765,-3.074397432205638,0.4814289260406036,0.017726950640159132,-0.0184258315152024
1785122905.2620041,-0.7583748846922613,-0.3040416511164299,-3.076573259602852,0.48155684072814736,0.01753055259377415,-0.018531577472634023
1785122905.2652004,-0.7603912776115341,-0.3043950843009175,-3.0787058240479834,0.48168451539058127,0.017217523445063016,-0.018600008502256047
1785122905.2714152,-0.7623987728703477,-0.3047562226053056,-3.08079494825491,0.4818089440834526,0.016885044428561855,-0.018642351690620954
1785122905.2758791,-0.7643971898215078,-0.3051289088696498,-3.0828473399052028,0.4819255195339408,0.016614726511537056,-0.018679363829271323
1785122905.2821865,-0.766387382834893,-0.3055117494740934,-3.0848593404682174,0.48203508762754677,0.01632147221935168,-0.018704366199184853
1785122905.2843258,-0.7683696938267666,-0.30590704473936303,-3.086833303651254,0.4821357636060795,0.016036469731447348,-0.018725538847868203
1785122905.2986655,-0.770345064461331,-0.30630729473558366,-3.08875210795079,0.48223282307994664,0.015683732081147705,-0.018713295090168867
1785122905.2991638,-0.7723135813733759,-0.3067127094836493,-3.0906140470991983,0.4823252104484943,0.015344372788727372,-0.01867179205230361
1785122905.3014374,-0.77427531573223,-0.3071330506503623,-3.092448953046589,0.48240453232536457,0.015110024296275034,-0.018634807361526423
1785122905.30473,-0.7762320389519625,-0.307559135660945,-3.0942313381108986,0.4824796904104148,0.01477554054110512,-0.018559759720031207
1785122905.3112206,-0.7781839382607756,-0.307988466945819,-3.095946658508991,0.4825528416352937,0.014399971305697343,-0.01844076489234183
1785122905.3150382,-0.7801309985176769,-0.30842135418427447,-3.0975901396773935,0.48262351396694103,0.014047850656136148,-0.018283710088258468
1785122905.3201315,-0.7820732730044773,-0.3088578859411122,-3.0991591507662903,0.48269123571828587,0.013748753966555873,-0.018093304709014293
1785122905.3253338,-0.7840105549865302,-0.3093020338367294,-3.100660414418296,0.4827534570731097,0.013544215366742052,-0.017885000958479422
1785122905.3315144,-0.7859434236597629,-0.30975853913454965,-3.102102670765761,0.48280986274154614,0.013344480671780255,-0.01766394315746255
1785122905.3344975,-0.7878731842586976,-0.3102167419935487,-3.1034617074270483,0.4828673651232153,0.013038393275803205,-0.01739438935889409
1785122905.3400602,-0.7897994345706824,-0.310677438368438,-3.1047371244571624,0.48292435519953036,0.01271429318390681,-0.01708457378032791
1785122905.34489,-0.7917221872158814,-0.3111405824662458,-3.1058987694329554,0.4829852792106208,0.012418099198552768,-0.0167382965034605
1785122905.3504357,-0.7936411874973417,-0.31160643100530594,-3.106961639122042,0.4830477776193465,0.012172956238582503,-0.016359574259324754
1785122905.355293,-0.7955562360879045,-0.31207524138749054,-3.107944519248701,0.4831081631433497,0.011984357467724787,-0.015952688942632492
1785122905.3612652,-0.7974672255368072,-0.3125471900876584,-3.1088589369836237,0.4831639306898282,0.011849424967155743,-0.015521404655210543
1785122905.3646584,-0.7993739821157826,-0.3130262815707852,-3.1097202555468213,0.4832110867451657,0.011795230584193678,-0.015081698780662385
1785122905.3690422,-0.8012771332481158,-0.31351148520526223,-3.110531441674209,0.4832510736108667,0.011706480181442496,-0.01462380765654857
1785122905.3767512,-0.8031766497791056,-0.3139992921555246,-3.111287789823367,0.48328565978634797,0.011571459493277125,-0.01413680034483777
1785122905.379879,-0.8050722089474988,-0.3144902583933599,-3.111992352308446,0.48331375254269765,0.011429714277881005,-0.013626124161947209
1785122905.3844779,-0.8069635578568479,-0.3149847488363955,-3.11264777001455,0.4833346255334227,0.011299506608920037,-0.013096251612950393
1785122905.3914258,-0.8088504872047728,-0.315483030149803,-3.1132564051058105,0.4833478444785382,0.01118742011812067,-0.012550914563454604
1785122905.3959725,-0.8107328691009339,-0.31599150494215117,-3.113832995771005,0.4833500981923814,0.011115735901136422,-0.012010647422847211
1785122905.3990092,-0.8126113382555928,-0.31650279151280997,-3.1143457153143483,0.4833505662110487,0.01096412279766147,-0.011445961169844534
1785122905.4049547,-0.8144854662774749,-0.3170175049387033,-3.1148044992902104,0.483347897373874,0.010784354547680447,-0.01086120117848365
1785122905.4108016,-0.8163549252294761,-0.3175360586659187,-3.1152213393592842,0.48334010458052296,0.010599796567502658,-0.010260577307486498
1785122905.4142983,-0.8182194971037762,-0.3180587044859794,-3.1156036874853217,0.48332598913436536,0.010419245938792406,-0.00964760392611304
1785122905.420042,-0.820079031582543,-0.31858561576425826,-3.115956521725737,0.483304915067272,0.01024423537600633,-0.009025140943890534
1785122905.426543,-0.8219334249328878,-0.31911692518652207,-3.1162834121021414,0.4832766383973356,0.010072715790296494,-0.008395545385458242
1785122905.4300008,-0.8237826085566194,-0.3196527421055069,-3.1165870838849634,0.4832411942381112,0.009901059000780576,-0.00776077738588095
1785122905.4343364,-0.8256265428411829,-0.320193159063841,-3.1168697205388782,0.4831988201155292,0.009725116179615143,-0.007122473992547963
1785122905.4401577,-0.8274652139397989,-0.32073825272144485,-3.117133131491478,0.4831499014161501,0.009540749293550746,-0.006482001144100616
1785122905.4455578,-0.8292987008506251,-0.32128787461624925,-3.117369339123985,0.48309663383375895,0.00934483937642177,-0.005839980675181654
1785122905.4500768,-0.8311270473392521,-0.32184206535748905,-3.1175841807152413,0.4830391790711473,0.00913699420891064,-0.005196431952840855
1785122905.4547977,-0.8329503115508572,-0.3224008757229094,-3.117784513300027,0.4829772722032322,0.008914048057309724,-0.004551874955553716
1785122905.462478,-0.8347685784468627,-0.32296431327986325,-3.117974732913249,0.4829109328651753,0.008672104525906632,-0.003906980660248708
1785122905.4646153,-0.8365819549632386,-0.32353235958206406,-3.1181578579504214,0.4828403792348504,0.008407668715788831,-0.0032623527606762824
1785122905.4693048,-0.8383905694667555,-0.3241049757394429,-3.118336111975598,0.4827659617114395,0.00811784617565868,-0.0026184526079377247
1785122905.4754891,-0.8401945718714281,-0.32468210381921786,-3.118511244597888,0.48268811398697775,0.007800247867993025,-0.0019755882506222126
1785122905.4798243,-0.8419941334833978,-0.325263667068429,-3.118684713771555,0.48260731743989993,0.007452848531985043,-0.001333927584933438
1785122905.4841006,-0.8437894465467417,-0.32584957000331355,-3.1188577937556032,0.4825240752221241,0.00707387660506635,-0.0006935169755334431
1785122905.494986,-0.8455807236680566,-0.32643969864162137,-3.1190316424507247,0.4824388933151829,0.006661747565890061,-5.429787632672793e-05
1785122905.5009642,-0.8473681972676845,-0.32703392089753525,-3.1192073459716805,0.4823522666357651,0.006215031221607776,0.0005838805358689955
1785122905.5016987,-0.8491521332989197,-0.32763200567881406,-3.1193834381894128,0.4822650779681405,0.005732583506499496,0.0012213042081395027
1785122905.5042758,-0.850932814297492,-0.32823377462415526,-3.1195620991942725,0.48217767246376547,0.0052146821649085105,0.001858648217630455
1785122905.5111248,-0.8527105403580465,-0.32883904880853887,-3.119745839526344,0.4820902438316051,0.004660665246935619,0.0024964654022711454
1785122905.514602,-0.8544856273621211,-0.3294476291127871,-3.119936587315678,0.4820030068037698,0.004069517702448226,0.003135233068077261
1785122905.5188034,-0.8562584052604653,-0.33005930259641536,-3.1201359705646325,0.48191617979632745,0.0034403250986725573,0.0037754301857208013
1785122905.5249193,-0.858029217977412,-0.33067384517576226,-3.1203454688190617,0.48182997291259283,0.0027724025225360537,0.004417569575634847
1785122905.5303905,-0.8597984235254117,-0.33129102299670876,-3.1205664963448556,0.4817445800466955,0.0020653019386202686,0.005062206420226412
1785122905.5346804,-0.861566393913166,-0.33191055231801253,-3.1208003397430226,0.48166016577260035,0.0013186947839403456,0.005709875890962206
1785122905.5407045,-0.863333524057425,-0.3325321137247978,-3.1210481941360113,0.4815768987295425,0.0005332756480160275,0.006361281623461713
1785122905.5467386,-0.8651002282047137,-0.3331554195382715,-3.121313316575579,0.4814946179877345,-0.0002896115282760542,0.007017268863826397
1785122905.550578,-0.8668669443121758,-0.3337801758428218,-3.121596009014679,0.48141362484690675,-0.0011487423571173647,0.007678715105325136
1785122905.555145,-0.8686341213621589,-0.33440608788385273,-3.1218964267081097,0.48133427348404056,-0.002042675290602937,0.008346595331179598
1785122905.5615547,-0.870402210747582,-0.3350328683770016,-3.1222152958783007,0.48125681887998556,-0.002970103782501283,0.009021847662969222
1785122905.5651085,-0.8721716635173955,-0.33566023594172545,-3.1225536913090086,0.48118144264484464,-0.003929953588657627,0.009705293269598281
1785122905.5691414,-0.8739419228274025,-0.3362870726012785,-3.122918805689639,0.48110647152661523,-0.0049448705748596665,0.010406588735633958
1785122905.5766323,-0.8757088932073773,-0.33691006132275153,-3.123331595025856,0.4810342836301146,-0.005965685516628243,0.011109846044794638
1785122905.5799584,-0.8774716999400024,-0.3375277886041652,-3.123796377396131,0.4809745329372121,-0.006885490929077268,0.011761025107876721
1785122905.5840065,-0.8792312454079905,-0.33813919699872685,-3.1243168167230833,0.4809310468006698,-0.007703230136481153,0.01233767088899071
1785122905.5913901,-0.8809902632888141,-0.33874409858339294,-3.1248889925786765,0.48090511244925965,-0.008444629259827342,0.012831745228672722
1785122905.5977702,-0.8827521193288337,-0.3393429312788052,-3.1255098635507386,0.48089151573850647,-0.009190430844238097,0.01326996142278871
1785122905.6007173,-0.8845179558476922,-0.33993561921412696,-3.126197227295715,0.4808834743509892,-0.009988505650041755,0.013677599435839186
1785122905.6047678,-0.8862876095826026,-0.3405212040770964,-3.1269524404769515,0.4808828650727114,-0.010802136269702545,0.014045590030110851
1785122905.6111906,-0.8880616030139066,-0.3410988867724196,-3.127772653577881,0.4808911463404631,-0.011620834537056583,0.014369854647630749
1785122905.6144166,-0.8898407805475377,-0.3416680982476681,-3.1286568523733336,0.4809082969541111,-0.012449902232872116,0.014652826598188895
1785122905.6201346,-0.8916260879667876,-0.3422284519362934,-3.129604960627704,0.4809335571490247,-0.013296231841001071,0.014899847664393019
1785122905.6252801,-0.8934191435837899,-0.34278007714193703,-3.130613868853016,0.4809660752593525,-0.014162062052891776,0.015116505691901936
1785122905.6304169,-0.8952205953338378,-0.34332244775406184,-3.131687399324107,0.48100280352376534,-0.0150709346865964,0.01531902345220215
1785122905.634115,-0.8970311891523038,-0.3438553946461122,-3.132826106608855,0.4810439832784002,-0.016002427537105044,0.015505749453984493
1785122905.640952,-0.8988460958665833,-0.34437734832997496,-3.134044585834393,0.4810826808695911,-0.01685260727913771,0.01571012105690517
1785122905.6461515,-0.900666569469301,-0.34488306442571715,-3.135376326742137,0.4811100313106296,-0.017616202434111463,0.015948740337148746
1785122905.64967,-0.9025036335214394,-0.345371928278721,-3.136792514617102,0.4811345606394718,-0.01848622187492706,0.016179367584173807
1785122905.654661,-0.9043543150207631,-0.3458455838850507,-3.1382797179437447,0.4811589296580237,-0.019372717854385154,0.01640820915650647
1785122905.66247,-0.9062089034212981,-0.34629811442068037,-3.139864657734937,0.48116548741307735,-0.020128784351193744,0.016716786422919166
1785122905.6650517,-0.9080842868002026,-0.3467330446594712,-3.1415008560941713,0.4811738385366145,-0.021021448580954488,0.01700926464997387
1785122905.6697905,-0.9099669732536525,-0.3471445244837372,3.1399607912699703,0.4811651149226933,-0.021809220273526726,0.017373302977649968
1785122905.6759467,-0.911874721557856,-0.3475378478596569,3.1381997488724616,0.48116165758584234,-0.0227533161705538,0.01770042530447582
1785122905.6804166,-0.9137825907850765,-0.34790305642030156,3.136333767726461,0.48113206197140435,-0.02342160719418621,0.018140464955466066
1785122905.6844594,-0.9157246407690385,-0.3482467193730915,3.134443212693093,0.48110756412569944,-0.024380796715294896,0.018521722446360803
1785122905.6946619,-0.9176782655747708,-0.34856508852046564,3.132483311786441,0.4810725465917022,-0.025180316202735142,0.01893794078062599
1785122905.697905,-0.9196381445005192,-0.34884890960406895,3.13042316968803,0.48100937566287266,-0.025749263826933984,0.019454588163465285
1785122905.7005236,-0.9216327032744405,-0.34910524825575073,3.128317617609663,0.4809415543388132,-0.026491166086378692,0.019927086439062443
1785122905.704706,-0.923651802993431,-0.34932707080381525,3.126142800321369,0.4808580704398859,-0.027206610094736208,0.020423040694807597
1785122905.7110007,-0.9256945978096476,-0.3495151536943644,3.1239180721362056,0.4807642882615879,-0.027829657692811812,0.020930982080683537
1785122905.7145905,-0.9277527224846847,-0.3496604283068996,3.121616882818412,0.48064463479631203,-0.028206963887091437,0.021520871996178265
1785122905.7194211,-0.929851556423698,-0.3497721284265409,3.1193199062534642,0.48052589678680596,-0.028741459562366473,0.02205503637296919
1785122905.7255352,-0.9319679634235295,-0.3498390986348411,3.116967857214495,0.4803862694264155,-0.029020514721201793,0.022650419624052447
1785122905.7328198,-0.9341266062575478,-0.34987119199495426,3.1146384963026463,0.4802504791244413,-0.029428476950001576,0.02317808153279443
1785122905.7354224,-0.9363053781700713,-0.34985664043521214,3.112271043336399,0.4800970561120605,-0.02957547864459832,0.023753203199169712
1785122905.7415829,-0.9385084423602164,-0.34979026480365677,3.109865739756347,0.47992014781582004,-0.02949552401740111,0.024388313533054
1785122905.7465749,-0.9407652902843957,-0.349679680987829,3.107452066078451,0.47974594639560064,-0.029500632918022126,0.02491483691541451
1785122905.7492616,-0.9430624726584865,-0.3495142261564205,3.105030949555635,0.4795711246221281,-0.02937905065002294,0.02539036444782238
1785122905.7546422,-0.9453956848816668,-0.3492953969295584,3.102638967076218,0.47940032476406796,-0.0290751592687043,0.025833550638793723
1785122905.7613275,-0.947763990336136,-0.34902020621533053,3.1002908808216363,0.47922965394969985,-0.028602570786831066,0.02627711477753603
1785122905.765481,-0.9501768967013426,-0.3486936780824098,3.0980742331279822,0.47908291558153965,-0.02817448539800467,0.026626594134269075
1785122905.7700057,-0.9526116624470153,-0.348316672299584,3.095918579758779,0.4789339000399467,-0.027368639038809543,0.027026767961956497
1785122905.7777903,-0.9550868523330895,-0.34788617564536634,3.0938977299963093,0.4788028982965014,-0.02658168756166411,0.02736912513005126
1785122905.7814736,-0.9575911834537345,-0.34740626234204625,3.0919921978880174,0.4786849194867282,-0.02563204734619084,0.02769256824672285
1785122905.7850876,-0.9601230217998185,-0.34687700632148366,3.0902011382897157,0.4785770448919258,-0.02451632849392372,0.028010528839273487
1785122905.7962666,-0.9626869127776112,-0.3462988949053601,3.0885536457284655,0.4784883116595239,-0.023371491923457097,0.028276742340177748
1785122905.7997077,-0.9652774277330972,-0.34567515466241405,3.0870318490065136,0.4784153802098169,-0.02209827818024502,0.028506235833859833
1785122905.8037393,-0.9678904169829531,-0.34500853429212697,3.0856356915676253,0.47835414460114767,-0.020666809982570915,0.028720397656282412
1785122905.8110905,-0.970522810559368,-0.3443021195652895,3.08437333003006,0.47830209040723476,-0.019111798599531094,0.028928705320732384
1785122905.815833,-0.9731722941875123,-0.34356151734434043,3.0832610224675348,0.4782585512434773,-0.017492736709590378,0.029127286617920252
1785122905.819508,-0.9758361546415314,-0.34278895827957057,3.082302337122469,0.4782227703888939,-0.015855978476158883,0.029310206733467063
1785122905.8278937,-0.9785122493543886,-0.3419867576722842,3.081499977458491,0.4781935231805724,-0.014228228261110169,0.02947213337584687
1785122905.8327947,-0.98119880047912,-0.341157280955113,3.080856120774162,0.4781692851655669,-0.012624255429651555,0.02960826382126128
1785122905.83481,-0.9838942703174323,-0.3403029225452721,3.0803725399027324,0.47814834960301555,-0.011051607595215375,0.029714346172412795
1785122905.843653,-0.9865972881886655,-0.3394261042723819,3.0800506082721992,0.47812892522432526,-0.009513609090236923,0.02978656528391004
1785122905.846067,-0.9893039514757612,-0.33853184816839377,3.079947531872129,0.4781163290160164,-0.00804969390717966,0.02982236877346972
1785122905.8505003,-0.9920125363036768,-0.3376224170280496,3.0800429347400837,0.4781088352584125,-0.006661738972318482,0.029808837948205553
1785122905.8548596,-0.9947227472020216,-0.3367009937022253,3.080309971629332,0.47810291968479895,-0.005326325774143705,0.029733406597225034
1785122905.8610358,-0.9974349455870979,-0.3357727069492336,3.080736011315218,0.47809630757721344,-0.004061365271153908,0.029584494453273748
1785122905.8656132,-1.0001489742478025,-0.33483203821488267,3.0813007289742425,0.47807987250893436,-0.0029805772367557364,0.029393434937317924
1785122905.8691063,-1.0028641430516216,-0.333880919558765,3.08199425067032,0.47805336796553366,-0.001965339309327232,0.029148195945304257
1785122905.87581,-1.0055794799072677,-0.3329238691446168,3.0828145639838382,0.47801845407808685,-0.0009422603252302223,0.02883068076173889
1785122905.8809614,-1.0082940293175715,-0.3319666916463341,3.083765340627357,0.4779754976616663,5.92929636997343e-05,0.028431176645007546
1785122905.8841212,-1.0110088390102896,-0.3310019852370395,3.084824114286981,0.47791954910577034,0.0009356495783829728,0.027971133964367442
1785122905.8903024,-1.0137223624575726,-0.3300324468332208,3.085989351833176,0.4778528870579012,0.0017937986976041217,0.027437240088470538
1785122905.899388,-1.016432831301698,-0.3290647241611088,3.0872711309666996,0.4777766400915941,0.002626203805180189,0.02682164135355551
1785122905.90125,-1.0191399883619903,-0.3280993267889802,3.0887069464699697,0.47769727293818964,0.0033439471380846963,0.026131645956487454
1785122905.9037416,-1.021843405591106,-0.32712835984470723,3.0902642210282063,0.47760746686238015,0.0038532506691644915,0.025402510912347423
1785122905.9102356,-1.0245425933108725,-0.3261591948667883,3.091922526076995,0.4775107215758266,0.004351780334688733,0.024600496684199814
1785122905.9146104,-1.0272379027273928,-0.3251935612329765,3.0936656891119663,0.4774056393100869,0.0047905970601086,0.02372606950645902
1785122905.9193177,-1.0299292034077971,-0.32422269323595915,3.095470482415642,0.47728430071507527,0.005067304771457038,0.02281960896955032
1785122905.9250119,-1.032616163970431,-0.3232538929224659,3.0973356773456615,0.47715290459703474,0.005377390702838387,0.021847791842420895
1785122905.9316814,-1.0352994144245722,-0.32228859145713024,3.099256112662311,0.47701169918600184,0.005661319710754808,0.020812615683158293
1785122905.934984,-1.0379797707157616,-0.32132263314825027,3.1012192369225353,0.4768573861874521,0.005831329624895751,0.019736865596495554
1785122905.9406774,-1.0406571061411323,-0.32035630637682955,3.1032196361777107,0.4766913635161704,0.005963572126475034,0.018619502373446443
1785122905.945797,-1.0433343654319145,-0.31938726763869,3.105263509978373,0.47651697065311904,0.006007288970989556,0.017469497964656362
1785122905.9512196,-1.0460196139815303,-0.31842450134132655,3.107307550866241,0.47635448918090784,0.005935434454092212,0.016357893233436397
1785122905.954606,-1.0487134080007874,-0.31747307172639844,3.1093502636446013,0.476207314850724,0.005725879350539712,0.015329914244649722
1785122905.9599893,-1.0514115343324733,-0.31652565990027137,3.111373347390671,0.47606232470876836,0.005421021140797831,0.014379639036266835
1785122905.9647384,-1.054110611211401,-0.31558487939933805,3.1133745752446513,0.47591662949901237,0.005155880852650995,0.013461880555327908
1785122905.9692667,-1.0568087714163863,-0.314648304017703,3.115338544172428,0.4757679562673532,0.00494773782908069,0.012564250667687559
1785122905.9761362,-1.0595099388122984,-0.3137214267368463,3.1172509017918495,0.47562524659086547,0.004720581927003941,0.011723398634118663
1785122905.9802456,-1.0622122595768526,-0.31279771006882645,3.1191064116333984,0.47547827168297463,0.004431316133444809,0.010951621553692295
1785122905.9847815,-1.0649152799650299,-0.31188138235672164,3.1208863179067503,0.4753359281621457,0.004209178863081695,0.010229033950182535
1785122905.990932,-1.067620617233649,-0.3109797799731555,3.1226008988603784,0.4752000983929908,0.004032873858261708,0.009555850517207677
1785122905.9990876,-1.0703253785437072,-0.3100907968167217,3.124250068653374,0.47506283141977157,0.0038736759849889576,0.008905613981832594
1785122906.0018466,-1.0730253633338784,-0.3092032071119804,3.12580566279534,0.47491459042617706,0.003649654634147918,0.008309183486731205
1785122906.0040247,-1.0757233297645412,-0.3083270037430602,3.1272671524187423,0.4747691516785913,0.003498841821878485,0.007757590496560423
1785122906.0112972,-1.0784189466686591,-0.30746566653034435,3.128650324229884,0.47462340307171624,0.003413398602874236,0.007214060175188374
1785122906.0148368,-1.0811111445582076,-0.3066138602428637,3.129947171559265,0.4744725610931712,0.0032945137546234226,0.006678771543022658
1785122906.018924,-1.0838024960936967,-0.3057703646448459,3.131143609339362,0.47432138192660045,0.00313637800172316,0.006195972653189892
1785122906.0261202,-1.086490891143257,-0.30494349637231455,3.1322589534810943,0.47417301351099667,0.0031201204928495187,0.005703908829420626
1785122906.0322394,-1.0891750895810088,-0.3041317181011035,3.133289669814,0.47402503383125144,0.0031653031615289464,0.005189104055688241
1785122906.0343716,-1.0918581385649802,-0.3033373618821262,3.13422702343674,0.4738828963815087,0.003175988523744434,0.0046907455713028085
1785122906.0408733,-1.0945383601198428,-0.30255879823906395,3.1350763491916362,0.47374065192157594,0.003144575683091323,0.004204699456127708
1785122906.0458603,-1.0972126829338942,-0.3017894759987551,3.1358219571076744,0.47359367307918393,0.0031195468014702764,0.003724685649860439
1785122906.0491445,-1.0998829317607575,-0.30103830312954816,3.13644222336086,0.4734518094355137,0.003191122218047545,0.003238477877663162
1785122906.0545766,-1.1025483441115236,-0.3003057514784534,3.136955903885031,0.47331502103615025,0.0033024505846829606,0.0027417977871609257
1785122906.0627968,-1.1052107331264511,-0.29959351521236,3.1373725091980504,0.4731875888144771,0.0033946479952175527,0.0022615772873095436
1785122906.0655673,-1.1078688867909836,-0.298898723017846,3.1376974608438033,0.47306483854927434,0.003453791452716923,0.0017963327168895825
1785122906.069164,-1.1105231304233565,-0.2982195760077815,3.137924906159856,0.47294903472102295,0.0035104343900927803,0.0013694818732411925
1785122906.0763464,-1.1131729286100618,-0.29756339417325967,3.1380661233531546,0.4728454029298521,0.003648380995530697,0.0009529484482698981
1785122906.079989,-1.1158178669863237,-0.29692708356073,3.1381192980295896,0.4727513579226064,0.003795900563767184,0.0005668602054819723
1785122906.0840712,-1.1184575252539701,-0.29631570053940187,3.138093391861567,0.47267116897431527,0.003993360730444771,0.00019790278612841732
1785122906.0904784,-1.121090982738931,-0.29572459198755535,3.137975397629422,0.47259949884891994,0.0041901383684220615,-0.00014510824533762255
1785122906.0979533,-1.1237182479868395,-0.29515923469186905,3.1377733856937646,0.4725417780621603,0.004422658433443556,-0.0004702157411590782
1785122906.100516,-1.1263373573614412,-0.29461492955041013,3.137457580485323,0.47249010475338743,0.004619609154410951,-0.0007591190583734617
1785122906.104476,-1.1289483114302725,-0.2940945448906942,3.1370344269873858,0.47244886485331666,0.004818926762750807,-0.0010149488503985232
1785122906.1117861,-1.1315508540676662,-0.2936010288897984,3.1365295463531853,0.472421249250122,0.005053838857198572,-0.0012368534139493722
1785122906.114521,-1.1341434164358746,-0.2931331503018593,3.1359485524138337,0.47240317254406244,0.005317776287572569,-0.001444680212744819
1785122906.1188517,-1.13672618966692,-0.2926922200034849,3.1352937930119706,0.4723974183716918,0.0056023219078504775,-0.0016305420225352053
1785122906.1253808,-1.1392988441829162,-0.2922809448734512,3.134572878593821,0.47240573009104564,0.005882115122322112,-0.0017945320354354952
1785122906.1308312,-1.1418603880139082,-0.29189506798000225,3.1337799222561413,0.47242429360145705,0.006111345436752535,-0.0019220128782491141
1785122906.1341333,-1.1444092703838797,-0.2915395297377026,3.132927150928549,0.4724550386787012,0.006357442408143534,-0.0020359385842944853
1785122906.139406,-1.146944190564646,-0.291209860944415,3.1320084144768487,0.47249327473802416,0.00656304816260398,-0.0021251420567599947
1785122906.146484,-1.1494619728909186,-0.2909124482949054,3.1310074579855005,0.472539778204836,0.006739433087771171,-0.0021992814107887806
1785122906.1496615,-1.15196310009186,-0.2906440129072546,3.1299324260741965,0.47259331891693107,0.006842374852987421,-0.0022586691862389297
1785122906.1540434,-1.1544470852259014,-0.2904039561924191,3.128804443521241,0.47265470272349225,0.006919165201728117,-0.0023156039096718112
1785122906.1613262,-1.1569137034778942,-0.29019141078685845,3.1276382116150243,0.47272281160510476,0.006950776983254615,-0.002374180724911611
1785122906.164789,-1.1593621351990955,-0.29000571993610647,3.1264454963535773,0.47279735241551546,0.006966567897751305,-0.0024413391030056624
1785122906.169747,-1.1617914081109098,-0.2898486236741811,3.125241664844333,0.47287698737195605,0.0069459536364795856,-0.0025195872761110114
1785122906.1754622,-1.1642022509451964,-0.28971364397988375,3.124021130060301,0.4729596198907065,0.006870272382241968,-0.002603818037752807
1785122906.181498,-1.1665925803363684,-0.2896057684631209,3.1228041619252767,0.47304571482984903,0.0067737872230161,-0.002700096761656914
1785122906.186046,-1.1689630258102155,-0.28952121537498443,3.121589263540534,0.47313337292548563,0.006615439682036455,-0.002800117408329274
1785122906.1904318,-1.171313856230757,-0.28945521471349545,3.120372133109524,0.4732229531130571,0.006442907304551026,-0.00290348168869551
1785122906.2003458,-1.173642731985789,-0.28941399809291335,3.1191782649981383,0.47331554314676666,0.006266178925087868,-0.0030099681956269647
1785122906.2045684,-1.1759514988970208,-0.28939686913282014,3.118006284414204,0.47340732906047256,0.006044719002519715,-0.0031248736666401222
1785122906.2107325,-1.1782418688208443,-0.289402330487868,3.1168483215736384,0.47349493391333003,0.005798812155098884,-0.0032514240985259714
1785122906.21453,-1.180514415870676,-0.2894231050911075,3.115704249433885,0.4735833704759653,0.005548271161081532,-0.0033774884559864076
1785122906.2201662,-1.1827643276322812,-0.2894645778375595,3.114610478143473,0.47367242605643417,0.0052834112952990855,-0.0034833042460483085
1785122906.2260578,-1.184993207195413,-0.289527098300186,3.113555510037074,0.4737565890591579,0.005048696473933056,-0.003587067892909382
1785122906.2329228,-1.1872028875645024,-0.28960469183212056,3.112534818790053,0.4738400067346732,0.004814246285655692,-0.003681677613780508
1785122906.234706,-1.1893896238633093,-0.2897010378071571,3.111580925920363,0.47392264505049353,0.00454135609401691,-0.0037435716989834777
1785122906.239265,-1.191556929269435,-0.2898134327691671,3.1106692924416435,0.4740005794844974,0.0043162248394509346,-0.0038023937016797376
1785122906.2471607,-1.1937031235855573,-0.28994110324230843,3.1098302863967597,0.4740786577953293,0.004064035264196588,-0.003831968858302013
1785122906.2499657,-1.1958283602425588,-0.290085850706038,3.1090608455751636,0.4741532392671915,0.003826432284705041,-0.0038387083379590506
1785122906.255405,-1.1979336993337786,-0.2902439681016269,3.108356228428569,0.4742251049611084,0.0035990850228100526,-0.00381831157732841
1785122906.2611783,-1.2000189865340936,-0.29041623995855326,3.107719267768208,0.47429393926663976,0.003381554615549076,-0.003770605664597848
1785122906.2662508,-1.2020844168050815,-0.2906061363378305,3.107143789736153,0.4743562778034136,0.0032194904725692352,-0.0037126922636642108
1785122906.2697902,-1.2041300782083848,-0.2908095177518119,3.1066391993009437,0.4744164844649047,0.0030103329960597626,-0.0036236818217709223
1785122906.2751017,-1.2061551455193453,-0.29102464987284316,3.1062088472481437,0.474473975219029,0.0027937978676085095,-0.0035088479019350968
1785122906.2810788,-1.2081597490384248,-0.2912563669919898,3.1058396783254283,0.47452363917656454,0.002641422754466753,-0.0033975964812258917
1785122906.284184,-1.2101444586856063,-0.2915018880908799,3.105534736184674,0.47456890563833765,0.0024449998381331525,-0.003276441069011545
1785122906.2895179,-1.2121086492357296,-0.2917560343278072,3.1053028334220505,0.4746127814912334,0.002186542296293763,-0.003133672520376391
1785122906.2953224,-1.2140476224044117,-0.2920191656538707,3.105169533943343,0.4746541764585129,0.001914310585508981,-0.0029527994850748395
1785122906.3030558,-1.2159629975039394,-0.2922958961276446,3.1051105231796536,0.47468785388751505,0.0017014268361737596,-0.0027689990885761055
1785122906.3051734,-1.2178577953803302,-0.29258342079633387,3.105112006716136,0.4747173545701457,0.0014459174472444454,-0.0025782213805270477
1785122906.3105876,-1.2197329525585043,-0.2928767591307834,3.1051719950065326,0.47474550298764906,0.0011339314697838623,-0.0023749198657657318
1785122906.315128,-1.2215889368690762,-0.2931751163598315,3.105281693956662,0.4747703068022393,0.0008325944810099131,-0.00217522980653474
1785122906.319788,-1.2234262933264013,-0.29347944999636255,3.1054297425067876,0.474789009163147,0.0005919170788433053,-0.001997502173421222
1785122906.3251505,-1.225246363333357,-0.2937925128025446,3.105601462813093,0.47479976833373827,0.00038774406752511883,-0.0018545103729500504
1785122906.3314977,-1.227049834307925,-0.2941074369295828,3.1058042242163624,0.4748078520283418,0.00011574066766841879,-0.0017211995921497711
1785122906.334584,-1.2288367476972528,-0.29442366577373524,3.1060327450293723,0.47481192709613995,-0.0001602519543212068,-0.0016050469030417667
1785122906.3391347,-1.2306076867750468,-0.29474228747539244,3.1062781357865155,0.47481065394666394,-0.0004333864695847238,-0.0015137231876007887
1785122906.3485436,-1.2323621400560383,-0.29505993426838184,3.106559974384443,0.47480677756642053,-0.0007398946719011305,-0.0014279378080922262
1785122906.3506956,-1.2341010454266756,-0.29537575958198586,3.1068674344724867,0.4748001348333862,-0.0010629497397339766,-0.0013460242102924856
1785122906.3542228,-1.2358256141019732,-0.29569099518249403,3.1071817443336807,0.4747881765632588,-0.0013522647336102916,-0.0012804377206350808
1785122906.3631983,-1.2375368576923889,-0.29600177164271246,3.107499476628437,0.4747736725053102,-0.0016656189022215796,-0.0012167259698238752
1785122906.3661082,-1.2392350959388043,-0.29630619919009865,3.1078156594183732,0.474756177216529,-0.0019693623404480054,-0.0011565669716579942
1785122906.3695743,-1.2409210696424608,-0.29660720871058494,3.108115876209821,0.4747322961978445,-0.002213279674369685,-0.0011170293430336927
1785122906.3760786,-1.2425958518282647,-0.2969032367574145,3.108396371856732,0.4747036055926434,-0.002461139887472749,-0.0010901150134780184
1785122906.3813336,-1.244259996126815,-0.2971900635496223,3.108660427450488,0.4746728043145371,-0.00275040141329578,-0.0010616790163031087
1785122906.3841789,-1.2459137269547633,-0.2974674278042662,3.1089036674362434,0.4746387528136536,-0.003028385190162705,-0.0010370974980714244
1785122906.3908484,-1.2475577049899402,-0.29773707905035485,3.1091177636483023,0.47459992980412247,-0.003281661235027518,-0.0010244966016595533
1785122906.3950882,-1.2491926386296357,-0.29799480535739964,3.1093055034329997,0.4745589099617532,-0.0035551885397172127,-0.0010115363370345723
1785122906.402662,-1.2508188960322288,-0.29824214613692235,3.109460917149532,0.47451407578544935,-0.0038026152170497988,-0.001007027374685744
1785122906.404356,-1.2524371478904741,-0.29847834821151703,3.1095833384900873,0.47446611993660315,-0.004048130536859075,-0.0010083569893733614
1785122906.4105396,-1.2540479589919808,-0.298700308297476,3.1096770635294098,0.4744170122069012,-0.0043129167015997436,-0.0010061055161534067
1785122906.4148688,-1.255651770117727,-0.29890969141022955,3.1097369334609817,0.4743652887245039,-0.004550242994779499,-0.0010084116766511015
1785122906.4195788,-1.2572493001422556,-0.299106120842888,3.1097620679485707,0.4743115910017954,-0.004779831224711587,-0.001013219925124605
1785122906.426452,-1.2588412117070293,-0.29928690621007287,3.1097567872140313,0.4742577458612474,-0.005021046284422241,-0.0010121629381937478
1785122906.430069,-1.2604279386126342,-0.2994539920505245,3.109716215424981,0.4742024531977454,-0.005231718851188616,-0.0010128194817907914
1785122906.4343736,-1.2620102784705747,-0.29960726909257984,3.1096400272084677,0.47414632708394605,-0.005431920331108394,-0.001013575879914397
1785122906.4416132,-1.2635890256474542,-0.29974422494109537,3.1095334139445368,0.47409100463333,-0.005640229059187575,-0.001007141930394372
1785122906.4465814,-1.2651646249134796,-0.2998670436304151,3.109392073948615,0.4740351193925143,-0.005816080447836948,-0.0010013656422856174
1785122906.4493854,-1.266740975492428,-0.2999755980919666,3.1092019586900506,0.4739798021911765,-0.005975063617793738,-0.0010148524661030517
1785122906.4547224,-1.2683181195572193,-0.3000671824229893,3.108973850617154,0.47392682979909656,-0.006130840702749446,-0.001034677170745085
1785122906.461644,-1.2698946496002372,-0.30014419946486304,3.108710544795669,0.47387511169503227,-0.006247498396567995,-0.0010581255006296524
1785122906.4649704,-1.2714702204029245,-0.30020686685434855,3.1084172257604714,0.4738252281654841,-0.006348461653232293,-0.001078836566100524
1785122906.4700675,-1.2730448374217047,-0.30025476161781733,3.1080994608810912,0.47377775644672765,-0.006446535702245445,-0.0010923426686913588
1785122906.475818,-1.2746186964288453,-0.30028587472580537,3.1077654958132315,0.4737336309410641,-0.0065487043357231305,-0.0010930418121762868
1785122906.4805903,-1.2761916298883331,-0.3003028254903399,3.107413421612748,0.4736911388603084,-0.00661382660373261,-0.0010892873598376902
1785122906.4847088,-1.2777640466795779,-0.3003059241880769,3.107046366956009,0.47365052171045907,-0.006665120456802573,-0.0010805178188862624
1785122906.4893308,-1.2793364254374515,-0.300294884901977,3.1066681044606996,0.4736122889652817,-0.006717464123006102,-0.0010645612960385102
1785122906.4954531,-1.2809066721094846,-0.30026820156890627,3.106272882216803,0.47357622272089805,-0.006763423454028743,-0.0010265043252137116
1785122906.5020037,-1.2824746951263817,-0.3002284238514003,3.105858751163355,0.4735433808510762,-0.006810313010162071,-0.0009713668212658613
1785122906.5037835,-1.2840430100728168,-0.30017537409600503,3.105437885504905,0.47351402605379184,-0.006862709878174915,-0.0009091992763420386
1785122906.510774,-1.285612785619151,-0.300110060108412,3.1050157391179583,0.4734874136089204,-0.006902739481472797,-0.0008487333714550354
1785122906.5157087,-1.2871850191071923,-0.30003354327575055,3.104595653709201,0.4734634167703184,-0.006936203192703548,-0.0007933334562035942
1785122906.5194845,-1.288760789340687,-0.2999461758029477,3.1041824910408287,0.47344169633186445,-0.00696521834857371,-0.0007453283225586274
1785122906.5266178,-1.2903409477206433,-0.2998483915130742,3.10378025493607,0.4734216917897084,-0.006987710613095004,-0.0007067617318376909
1785122906.5312474,-1.2919262071957323,-0.29974061660547946,3.1033923833214563,0.4734028162286888,-0.007001887877472419,-0.0006789411597477921
1785122906.5352113,-1.2935172404222357,-0.2996233158261994,3.1030217407431766,0.4733845961009056,-0.007007106858210843,-0.0006620898598511257
1785122906.5418,-1.295114714800142,-0.299497025964901,3.1026706999417764,0.47336663837645965,-0.0070031592041466485,-0.0006557455825856931
1785122906.5454805,-1.2967193118958011,-0.2993623226215802,3.1023429078427656,0.47334856405538167,-0.006989796962327588,-0.0006591333367646509
1785122906.549832,-1.298331667332796,-0.299219774066867,3.1020395266547562,0.4733300753439482,-0.0069671051109815064,-0.0006712484059329598
1785122906.5547302,-1.2999523838677665,-0.2990699523816938,3.101761143070623,0.4733109495818887,-0.006935436937562838,-0.0006909652675467949
1785122906.5613832,-1.3015820371755833,-0.2989134334246491,3.101508426587535,0.47329101497070036,-0.006895251215200385,-0.0007171202202024741
1785122906.5653064,-1.3032211296673768,-0.2987512900993269,3.101281596053126,0.47327023665829576,-0.006848064249491571,-0.0007481489897592318
1785122906.5695975,-1.3048702358345332,-0.29858426654901216,3.1010809905980237,0.47324863934072,-0.006795999155325042,-0.0007824945778152
1785122906.5757165,-1.3065299002366555,-0.2984129581284751,3.100906826202263,0.4732262179092155,-0.00673971930067232,-0.0008189187002127471
1785122906.579737,-1.3082006188387856,-0.2982379127537397,3.100758967664909,0.4732029772383156,-0.00667901474802553,-0.0008564252326755013
1785122906.5848446,-1.3098828278327357,-0.29805968547206524,3.1006369908345652,0.47317896704216933,-0.0066128377396920375,-0.0008943445492799095
1785122906.5910182,-1.3115769079356676,-0.29787884472486725,3.1005401254211544,0.47315427934479576,-0.0065400350970015505,-0.0009322494654660484
1785122906.5961409,-1.3132835543095824,-0.29769508152111707,3.1004771466661882,0.4731287647450803,-0.006454803402136045,-0.00097118685439455
1785122906.6036947,-1.3150030587242485,-0.297509208614368,3.100445524744507,0.4731033632376362,-0.006339657314470245,-0.0010156376702500963
1785122906.6114678,-1.3167367091770246,-0.2973226975406637,3.1004440200261247,0.47307723176950667,-0.006216452806632584,-0.0010583987174978713
1785122906.612519,-1.3184833828207199,-0.2971354346139434,3.1004624050815845,0.47304751370332937,-0.006113840384250008,-0.0010838757899124382
1785122906.6150622,-1.3202428227683414,-0.29694829671048206,3.1005001203678395,0.4730173109291303,-0.005983497905565836,-0.0011078125919481993
1785122906.6190047,-1.3220155707619705,-0.29676209172010676,3.1005574058543344,0.4729866840206417,-0.005837982998406527,-0.001128915684074879
1785122906.6260734,-1.323801375913681,-0.2965770679077908,3.1006305828072596,0.47295407824785884,-0.0057031774207976504,-0.001138069421796451
1785122906.630308,-1.3256006975832877,-0.29639442173359487,3.1007232405121634,0.47292227814356874,-0.0055398871862784365,-0.001149011242123703
1785122906.6343343,-1.3274130863958091,-0.296213987600709,3.1008296611593784,0.47288744864168264,-0.005409820333051964,-0.0011406554749501107
1785122906.6422906,-1.3292375470915812,-0.29603611602062485,3.1009483753412037,0.47285235635647865,-0.005263120508469432,-0.001128200486298247
1785122906.6467733,-1.3310750521460648,-0.2958619020168056,3.1010835449013787,0.472817877565634,-0.005104870265996459,-0.001114857623699516
1785122906.6504536,-1.3329247994635904,-0.29569046810971156,3.101236865032137,0.4727825213871783,-0.004947383886207217,-0.0010954836175124066
1785122906.6541069,-1.334786508304105,-0.29552231516560035,3.1014067183003475,0.4727478694364399,-0.004774390543437519,-0.0010785744477328166
1785122906.6617744,-1.3366604580472472,-0.29535828945995785,3.1015912656238123,0.4727136833927811,-0.004601051872909106,-0.0010615066145216315
1785122906.6653216,-1.3385448188119464,-0.2951978902684437,3.1017810198962,0.47267822336559706,-0.004440980622775578,-0.0010364043206329198
1785122906.669307,-1.340440210502149,-0.29504227713938985,3.101979718855261,0.47264342888699323,-0.0042743348034052836,-0.0010129171168008113
1785122906.6756582,-1.3423449303278923,-0.29489078035870614,3.102179055415378,0.47260750901299425,-0.004119052783128739,-0.0009826920781978053
1785122906.6804736,-1.3442597240968834,-0.29474447533825293,3.1023835666917448,0.4725723115610687,-0.003957522534366904,-0.0009549001443220738
1785122906.6844628,-1.346182997680189,-0.2946026554212147,3.1025856241681793,0.47253596050482827,-0.0038085504556764605,-0.0009208871729635407
1785122906.6904545,-1.3481155652634935,-0.29446635835241836,3.10279015700154,0.47250021191221686,-0.003655028361486399,-0.0008894885673498209
1785122906.6948133,-1.350056029058327,-0.29433461598360083,3.102992765354791,0.4724632502992931,-0.003512627750488238,-0.0008530953754128846
1785122906.703452,-1.352005152288165,-0.29420839122009335,3.103197546094264,0.4724268268144341,-0.003363982569213665,-0.0008207350757640351
1785122906.7058377,-1.3539607888524305,-0.2940865037344889,3.1033929417190325,0.47238797728494347,-0.0032412722366516574,-0.0007784825824951141
1785122906.7106752,-1.3559234731097323,-0.2939701087251819,3.103584842310266,0.47235174678270825,-0.003074984871767753,-0.0007533276091460289
1785122906.7154448,-1.3578941101747488,-0.2938595477863241,3.103773548148389,0.4723144450254797,-0.002934695557586517,-0.0007247345654958933
1785122906.7191694,-1.359870497047048,-0.29375367387335416,3.103948826965862,0.4722735190753407,-0.0028349294655633833,-0.0006811354567042401
1785122906.726169,-1.3618530867254757,-0.29365352683922175,3.1041173825533455,0.47223433750226684,-0.0026983833836448415,-0.0006512124526025277
1785122906.7305794,-1.363841401659662,-0.29355844830470607,3.1042735528175633,0.4721924768908017,-0.002598078480925045,-0.0006117386537718602
1785122906.7383986,-1.3658344192574106,-0.29346827855409824,3.1044158284427046,0.47215059053281105,-0.0024864277656037703,-0.000577950934029892
1785122906.7418134,-1.3678332038221888,-0.2933836315285807,3.1045491143154664,0.47210899514419424,-0.0023740097677773875,-0.0005506084965275056
1785122906.7456682,-1.369839043796218,-0.29330434953970874,3.104664892241323,0.47206463904180396,-0.0022924399552922492,-0.0005337538144256063
1785122906.749812,-1.3718509091933695,-0.29323017210021246,3.1047648933435434,0.472020151557379,-0.002205157187024533,-0.0005345431237551535
1785122906.7543354,-1.3738676902720042,-0.29316066052944795,3.1048491606763715,0.4719744353912803,-0.002135225849617404,-0.0005374597928512816
1785122906.7600982,-1.3758878443303622,-0.2930952033977303,3.1049151701332818,0.4719278174699915,-0.0020759124811758262,-0.000539691341537765
1785122906.7653782,-1.3779104294529358,-0.2930333598923015,3.104962265350813,0.47188102348034444,-0.0020204367392498614,-0.0005427150446903362
1785122906.7697866,-1.379935106656145,-0.2929749288346243,3.1049917895088264,0.47183464810427933,-0.001964951642365515,-0.0005483415144200825
1785122906.7764876,-1.381961902647244,-0.29291965965202943,3.105003489534033,0.47178682423099677,-0.001936163731719306,-0.0005459670296344627
1785122906.7791045,-1.3839899792393588,-0.2928669435051355,3.1049947754544984,0.47173757479875383,-0.0019237359065861907,-0.0005360349683570059
1785122906.7846856,-1.3860187353826423,-0.2928163389961458,3.104965119539207,0.4716876583952654,-0.0019142619175202625,-0.0005227638557088653
1785122906.790378,-1.388047686846907,-0.29276744888525774,3.1049142784563295,0.471637490336612,-0.0019032345912851024,-0.000508490219123658
1785122906.7951765,-1.3900733008139852,-0.2927202322029163,3.10483344049351,0.4715878193426133,-0.0018947386601765352,-0.00047560580022409937
1785122906.8016067,-1.3920960329911578,-0.2926745241209249,3.10472541889373,0.4715390790992787,-0.0018924149164554853,-0.00043239513447453976
1785122906.804534,-1.3941171224384277,-0.2926300797286953,3.10459488961816,0.4714914283110606,-0.0018962769282648288,-0.00038909162609280953
1785122906.8148866,-1.3961373329445625,-0.2925866623799717,3.104445018514686,0.47144494815101035,-0.0019052688074401958,-0.00035106218967874913
1785122906.8167446,-1.3981571315245584,-0.29254404168315484,3.1042781280472704,0.47139967614850603,-0.001918128736804524,-0.0003209069029256463
1785122906.8199778,-1.400176799415459,-0.29250199248798137,3.1040960713610457,0.4713556220015842,-0.0019337124706475031,-0.0002996289353397649
1785122906.8272996,-1.4021965015064863,-0.29246029417990843,3.1039004423693863,0.47131277463729965,-0.0019510831240049822,-0.00028729449598764533
1785122906.8301537,-1.4042163298756756,-0.29241873025019305,3.103692693245044,0.4712711054856193,-0.0019695094704123704,-0.000283413700213411
1785122906.8347805,-1.4062363310218797,-0.2923770881903332,3.103474199169714,0.4712305704327666,-0.001988434847542206,-0.0002871683459107321
1785122906.8405025,-1.4082565227573907,-0.2923351597078319,3.103246292773434,0.4711911115545677,-0.002007441414884102,-0.00029755475362633647
1785122906.8448417,-1.4102768469072249,-0.2922928279670385,3.103002395231404,0.4711529863387,-0.0020271534284059776,-0.0003132670366977784
1785122906.8504128,-1.4122973178211558,-0.2922499089857177,3.1027461695314047,0.471116338214375,-0.0020475776398983653,-0.00033309849970100176
1785122906.8541512,-1.4143179488607376,-0.2922062040682718,3.102482773702275,0.47108115794095323,-0.0020682538024405146,-0.0003559629486317473
1785122906.8600879,-1.416338732554129,-0.2921615277245513,3.1022158529343407,0.471047388658694,-0.0020887487970048632,-0.0003808519216489849
1785122906.8653898,-1.4183596517557302,-0.29211569814100136,3.101948122377912,0.47101495232188834,-0.00210862549625728,-0.0004068899973079779
1785122906.8691468,-1.4203806762492392,-0.2920685404242251,3.1016817297228845,0.470983758395759,-0.002127511036228561,-0.0004333292884193849
1785122906.8759844,-1.4224017629358976,-0.29201989302683157,3.101418474268,0.47095369927055103,-0.0021452017534874177,-0.00045950705727908366
1785122906.8816493,-1.4244228619868768,-0.29196960669248573,3.101159909172243,0.4709246528671603,-0.002161616690075138,-0.0004848476588100744
1785122906.884429,-1.4264439223917025,-0.2919174460445044,3.100908550172563,0.47089647384858124,-0.002176615268926013,-0.0005089469906576508
1785122906.8898416,-1.4284649088564032,-0.2918629869830188,3.100668990604614,0.4708690457234278,-0.00219075536880054,-0.0005313192251849114
1785122906.8961055,-1.4304857756252602,-0.29180612262037686,3.10044185445276,0.47084230637559643,-0.002204849420893746,-0.0005512060327309556
1785122906.9024944,-1.432506472270802,-0.2917467563066776,3.100228000345724,0.4708161431559925,-0.0022186534945908346,-0.0005682308220994825
1785122906.9040153,-1.4345269412046444,-0.29168480740156444,3.10002818717848,0.4707904173718432,-0.002231613376283114,-0.0005822625713794113
1785122906.9102707,-1.4365471195591277,-0.2916202122175109,3.0998429665675507,0.47076498167938063,-0.0022432123240866686,-0.0005933265892012206
1785122906.9151583,-1.4385669423611334,-0.2915529230786056,3.0996727120213574,0.4707396899220576,-0.0022530669552673966,-0.0006015550492762919
1785122906.9197865,-1.440586344428939,-0.29148290860575043,3.0995176376544524,0.4707144037899893,-0.002260936049538825,-0.0006071519468189361
1785122906.9264326,-1.442605261280421,-0.29141015653560715,3.0993778093783324,0.4706889995171199,-0.002266720217885836,-0.0006103577093774232
1785122906.9313276,-1.4446236324564248,-0.29133467042200534,3.09925316160364,0.47066336855075985,-0.002270396971320869,-0.0006114417038991794
1785122906.9349575,-1.4466414019815788,-0.291256468321431,3.0991435079170593,0.47063741755371025,-0.002271978691847639,-0.0006106940574539509
1785122906.9399626,-1.4486585181960332,-0.29117558242452063,3.0990485495498685,0.47061106871155584,-0.0022714951173882785,-0.0006084150113919324
1785122906.9453154,-1.4506749337188596,-0.29109205853867975,3.0989678838595873,0.47058425974967244,-0.0022689850786328405,-0.000604905320880753
1785122906.9503684,-1.4526905753634758,-0.29100595034061144,3.0989066513091017,0.4705572131755826,-0.0022671430125870634,-0.0005990727375747999
1785122906.9551613,-1.4547055134678375,-0.290917483108233,3.0988621375970395,0.47052992113788294,-0.002264121194091772,-0.0005907362192931936
1785122906.9618,-1.4567197935867113,-0.2908268143979033,3.0988307021776067,0.47050219482643385,-0.0022583666698921816,-0.0005804930918539091
1785122906.9653642,-1.4587334062611108,-0.2907343303524586,3.098806840279405,0.470473771041565,-0.0022488303243674897,-0.0005693014462168504
1785122906.9692717,-1.4607462665237207,-0.2906401405359254,3.0987880020469505,0.47044437599237515,-0.0022354946152672106,-0.0005583207910452433
1785122906.9765847,-1.4627583037920286,-0.29054427858385706,3.0987729748002972,0.4704138719483118,-0.002219300771284659,-0.0005481836033066334
1785122906.9809856,-1.4647694785483545,-0.2904468084937957,3.0987607304599365,0.47038221078193587,-0.0022011393290707563,-0.0005392195735497811
1785122906.9853835,-1.466779770621385,-0.2903478130716587,3.0987503666021547,0.4703494073377519,-0.002181715136134895,-0.000531574051927446
1785122906.991293,-1.4687891831833808,-0.29024728949885337,3.0987421320773705,0.4703154963595367,-0.0021612378218683523,-0.00052541487408823
1785122906.9985178,-1.470800455579227,-0.2901451974265257,3.098739493602884,0.47028143107134895,-0.0021484168906343343,-0.0005342482220858457
1785122907.004543,-1.4728132040015733,-0.29004224599738515,3.0987360819770133,0.4702477522819155,-0.002137121991874101,-0.0005485784837798025
1785122907.0109913,-1.4748254783464612,-0.2899378303311518,3.098733344811105,0.47021525009908405,-0.0021278905251840767,-0.0005561870819432192
1785122907.0150726,-1.4768367905106055,-0.2898330703527911,3.098725516854804,0.4701811552683186,-0.0020849339149776047,-0.0005668822413175859
1785122907.0194244,-1.478846735291701,-0.2897278658298974,3.0987116276715154,0.470146630403664,-0.002035821510583406,-0.0005729588703489973
1785122907.0258641,-1.480854856754269,-0.28962224672547365,3.0986908350761,0.47011222228733257,-0.0019895913324185347,-0.0005711761681009032
1785122907.0299382,-1.4828603992319502,-0.28951582013930643,3.0986644554948706,0.4700789163030029,-0.0019575986848620374,-0.0005570022344151994
1785122907.0346963,-1.484862585767617,-0.2894089676009075,3.0986314354185365,0.47004487615108165,-0.0019056837938648884,-0.0005409171881400113
1785122907.0408316,-1.4868615633912778,-0.2893021343724134,3.098589344143035,0.47001005852544203,-0.0018454157191822675,-0.00052402482413987
1785122907.044796,-1.4888544804690949,-0.28919520405825133,3.098537327675278,0.4699749024550638,-0.001786180949908895,-0.0004880270563269802
1785122907.0512023,-1.4908415537684632,-0.2890882022214907,3.0984762223513678,0.46993955518816,-0.001735881388587472,-0.0004404311448880955
1785122907.05465,-1.492823799960261,-0.28898126131848156,3.0984067532502833,0.46990415028505955,-0.0016973538316191305,-0.00039036970399888426
1785122907.061048,-1.4948019430453996,-0.28887453484563735,3.0983293166477304,0.46986876612897616,-0.0016696306763871933,-0.00034275395880682696
1785122907.065303,-1.4967765120013923,-0.2887681733987761,3.098244168751729,0.4698334561461965,-0.0016505101055527376,-0.0003001480851848679
1785122907.0699315,-1.4987479050163963,-0.2886623164097105,3.0981515187822612,0.4697982626932414,-0.0016376806372031048,-0.0002637898296795877
1785122907.075633,-1.5007164324059217,-0.2885570898905829,3.09805157419497,0.46976322286246686,-0.0016291596393664968,-0.00023414695760622014
1785122907.0810063,-1.5026823455165028,-0.28845260632584674,3.0979445618864716,0.4697283704769011,-0.0016234155079680622,-0.0002112241715466732
1785122907.0852613,-1.5046458561864486,-0.28834896523911063,3.097830737267197,0.4696937364257804,-0.001619352499412679,-0.00019473724067605076
1785122907.0913622,-1.5066071497398317,-0.288246253906703,3.097710387144302,0.4696593483840215,-0.001616243597154083,-0.00018421690945033702
1785122907.0970232,-1.5085663847217217,-0.28814456067178107,3.0975806978612606,0.46962522615536656,-0.0016137352857966561,-0.00017914286751411613
1785122907.1009393,-1.5105237139393892,-0.28804395095816715,3.0974429529646477,0.46959143411035564,-0.0016116472593170428,-0.00017889746161211764
1785122907.1080763,-1.5124792826441025,-0.28794447675126283,3.09729906782375,0.4695580536614463,-0.0016098884586474714,-0.00018279271954339035
1785122907.1118972,-1.5144332281276855,-0.28784618121490096,3.097150400250682,0.46952515810330087,-0.001608455486903167,-0.00019012103158873718
1785122907.1157653,-1.5163856813907837,-0.2877490985031295,3.0969979873803757,0.46949280433065316,-0.001607405805212891,-0.00020018151223460463
1785122907.1195552,-1.5183367679674702,-0.28765325383974505,3.0968426753120566,0.46946103013678403,-0.001606832171280742,-0.00021230015684969782
1785122907.1259172,-1.5202866082782776,-0.28755866372044697,3.096685190916337,0.4694298543114313,-0.0016068424339741006,-0.0002258452683458241
1785122907.1294038,-1.5222353177438235,-0.28746533617319475,3.096526182029974,0.4693992781409108,-0.0016075450731471979,-0.0002402389490148385
1785122907.134045,-1.524183006801155,-0.28737327104869703,3.0963662401036243,0.46936928758649266,-0.0016090396410035164,-0.0002549651663468418
1785122907.1428468,-1.5261297809062433,-0.28728246032954147,3.096205912942729,0.4693398557472409,-0.0016114109995359308,-0.0002695747949452869
1785122907.147109,-1.5280757405679972,-0.2871928884539412,3.0960457117568856,0.4693109453811826,-0.0016147263329205751,-0.00028368800393943595
1785122907.152628,-1.53002097692419,-0.28710453861448854,3.0958845572659657,0.46928250828005535,-0.0016190651678129877,-0.0002970267646160703
1785122907.1559842,-1.5319656316917736,-0.28701690010487785,3.095728544455334,0.4692544035861594,-0.0016233463346524643,-0.00030994745671727205
1785122907.1601493,-1.5339097838685505,-0.28692978822431486,3.0955802709320905,0.46922664780644474,-0.0016285752833364846,-0.000321912296047358
1785122907.1654172,-1.5358534817877372,-0.2868431788227194,3.095440226471797,0.469199250594772,-0.001635086628331166,-0.0003324606751723313
1785122907.1694477,-1.5377967694328216,-0.2867570413355014,3.095308699747153,0.46917218436669855,-0.0016426620221163984,-0.0003413849637844615
1785122907.1764615,-1.5397396901467912,-0.2866713389757334,3.0951858386141704,0.4691454038460459,-0.001650981685471647,-0.0003486194805725479
1785122907.1797714,-1.541682288821254,-0.2865860321133489,3.0950716756861225,0.46911885396205255,-0.0016597556352053286,-0.0003541933954316176
1785122907.1849837,-1.5436246115875063,-0.2865010786180719,3.094966150484462,0.469092475488725,-0.001668773110705093,-0.00035819742526276417
1785122907.190662,-1.5455667054392106,-0.28641643439429765,3.094869124312536,0.4690662086658276,-0.0016778986911293952,-0.0003607623291868867
1785122907.195491,-1.547508617945836,-0.2863320539722051,3.0947803908879856,0.4690399956132065,-0.0016870520951559201,-0.0003620442291805477
1785122907.2010589,-1.5494503853226433,-0.28624790264697475,3.0947021662058547,0.46901390678144167,-0.0016973440804680005,-0.00036158792029808933
1785122907.2082374,-1.5513921052311206,-0.2861640106563087,3.0946331477737608,0.4689879079322166,-0.001707896176269016,-0.00035937298320672724
1785122907.211952,-1.5533338614323102,-0.2860803680481432,3.094571620785234,0.46896188141529743,-0.0017179966493109991,-0.0003557334806408275
1785122907.2151914,-1.555275713862944,-0.28599693257591263,3.0945163967876157,0.46893569550988995,-0.0017273798807858971,-0.00035108526536011713
1785122907.219465,-1.557217706708481,-0.2859136457096944,3.0944665790177486,0.4689092236007816,-0.0017359827000246254,-0.0003458634859497595
1785122907.2264235,-1.559159874540445,-0.28583044105652616,3.0944214358703355,0.46888235478067597,-0.0017438355297370604,-0.0003404829003791791
1785122907.2293353,-1.5611022458297472,-0.2857472484147703,3.094380329101297,0.4688550017770534,-0.0017510427980724304,-0.00033530136387275667
1785122907.2346945,-1.563044844250687,-0.2856639973547047,3.094342651711665,0.46882711990474935,-0.0017578876886139836,-0.0003305282440446468
1785122907.2394578,-1.5649877012508207,-0.2855806264964941,3.094307817971194,0.4687986955508123,-0.001764551823768438,-0.0003262850472629845
1785122907.2455938,-1.5669335181378092,-0.28549722270236094,3.0942766281313334,0.4687705507000704,-0.001780879063937507,-0.0003358047597156357
1785122907.2503273,-1.5688811042600297,-0.2854135811192892,3.094247582293781,0.46874400415358675,-0.0018067028504198377,-0.0003464080609492421
1785122907.2545455,-1.570829903406298,-0.2853302994759508,3.094218178853426,0.46871606075784084,-0.0017982458570955464,-0.00036512116566940814
1785122907.2620676,-1.572779480226539,-0.2852473357551676,3.0941863188075462,0.46868823431597,-0.0017845145484710926,-0.0003800921591463484
1785122907.264244,-1.5747289771159125,-0.2851643434066397,3.0941511819902683,0.4686620689488068,-0.001785376592843402,-0.00038183600171961163
1785122907.2699835,-1.5766774635870389,-0.2850814551640217,3.094112511134573,0.46863550624399797,-0.0017635000015997482,-0.0003808196843697571
1785122907.2765005,-1.578625150028107,-0.28499889441729626,3.094068735223591,0.46860857179592447,-0.0017325700264301477,-0.00037693480667134056
1785122907.2799845,-1.5805719132035199,-0.28491660594048923,3.094018864325929,0.4685822892322166,-0.0017097487740098463,-0.00036531621627955803
1785122907.285076,-1.582517130592954,-0.2848345773705013,3.0939593935822107,0.4685578789701831,-0.0017081818186389722,-0.0003404785760284692
1785122907.2911608,-1.5844600601329237,-0.2847525733202905,3.0938942066533457,0.468533161007819,-0.0016884403256094273,-0.0003148156846617346
1785122907.296407,-1.5863985530430555,-0.2846697177610004,3.093832185745028,0.4685094337881053,-0.001656374195933875,-0.000272802207091536
1785122907.3002157,-1.5883333749022515,-0.2845870032950875,3.093764872202765,0.468489635907299,-0.0016061725590296992,-0.00022473616923800115
1785122907.306086,-1.5902650208876543,-0.2845040587166032,3.0936892609054114,0.4684725039336249,-0.0015915206984193346,-0.00016072825692310682
1785122907.3105183,-1.592195204128477,-0.2844227829531827,3.0936001255079626,0.46845551413038,-0.0015496786931117855,-0.00010689088494926574
1785122907.31556,-1.5941233594102358,-0.2843418432181761,3.0934922661708275,0.46843799182795154,-0.001557686371713872,-3.828442770605759e-05
1785122907.3195436,-1.596049037392158,-0.2842615815263704,3.093364101557769,0.4684202023300764,-0.0015436679724574146,2.2567630594649424e-05
1785122907.3256166,-1.5979742837701418,-0.2841831299208361,3.0932178964890293,0.4684041612295679,-0.0015038872932497782,6.639966280914589e-05
1785122907.3297029,-1.5998985095276352,-0.28410520031972053,3.0930503402310063,0.4683886461458581,-0.0015140275570830598,0.00012074111010515385
1785122907.3353229,-1.601822412773786,-0.28402892546533737,3.0928664842983857,0.46837444629934394,-0.0014963884540558634,0.0001616935203469555
1785122907.3425386,-1.6037460140362743,-0.28395382816246695,3.092658275358387,0.46835873265645,-0.0015029564831644416,0.0002056631699781412
1785122907.3457224,-1.6056687722295235,-0.28387933556885986,3.0924331716730666,0.4683464494090991,-0.0015102778262826972,0.0002471827296122819
1785122907.3503819,-1.6075918420718815,-0.28380674631564023,3.092182210898726,0.4683323595133802,-0.0015096789285057271,0.0002798132071501708
1785122907.3543072,-1.6095145628867114,-0.2837348011168624,3.0919078929823063,0.4683188039398595,-0.0015370208797982066,0.0003158648253314755
1785122907.3613272,-1.611436541335588,-0.2836635267683417,3.091612769573489,0.468305428754407,-0.0015435598540615063,0.0003405380021618656
1785122907.3653452,-1.613359657518327,-0.2835937820458395,3.0913014535181134,0.4682940252747772,-0.0015322022090786273,0.00034845114821097924
1785122907.369535,-1.6152832531412857,-0.28352404849966967,3.0909727069480772,0.4682836254277538,-0.0015755408676093661,0.00036786322589023047
1785122907.375302,-1.617206717358332,-0.2834544949183664,3.0906271165893875,0.46827412043358924,-0.0016041707631736706,0.00038083838702468437
1785122907.3804717,-1.6191314166647792,-0.2833854951599432,3.090270975886932,0.46826838821686045,-0.0016248003814700713,0.00038485239710538154
1785122907.3853154,-1.621056537898213,-0.28331599687624986,3.089902068606675,0.4682620146211339,-0.0016544261420637797,0.0003901118900190289
1785122907.3891993,-1.6229825854656823,-0.2832464224306112,3.089518473104278,0.46825727340952134,-0.0016774279295277133,0.0003904587376790714
1785122907.3948889,-1.6249099208171567,-0.2831766015200215,3.0891229472164516,0.4682571203553375,-0.0017018103590300795,0.00038843100543708
1785122907.4004114,-1.6268385482560068,-0.283106691812303,3.088708729111869,0.46825512041831435,-0.0017296959100765454,0.0003863805066679996
1785122907.4070694,-1.6287681345705893,-0.28303586406498354,3.0882835834551625,0.4682552699212273,-0.0017724015234784872,0.0003887808206847504
1785122907.4099183,-1.6306994178876817,-0.28296429481032737,3.0878642184432508,0.46825779257521993,-0.0017807603869353344,0.00037939137411637376
1785122907.4144602,-1.6326321695399562,-0.2828908044164516,3.0874464226956526,0.46826088812124683,-0.0018265075671324653,0.000382859273614171
1785122907.419573,-1.6345658528046225,-0.2828156826066926,3.0870318303616013,0.4682649766922047,-0.0018500976864965124,0.0003835698678004348
1785122907.4254444,-1.6365022194340058,-0.2827397839268402,3.086627496285563,0.46827226625597623,-0.0018523557582526254,0.0003757349526715505
1785122907.430774,-1.638439944319341,-0.2826612860049231,3.0862296721698717,0.4682816200411588,-0.001901747723765428,0.00038755622983375825
1785122907.435253,-1.640378812613292,-0.2825805486308871,3.085840954070345,0.4682926193509647,-0.001935431598938082,0.0003996604797585036
1785122907.440195,-1.642319830259284,-0.2824989026530937,3.0854626564581924,0.4683057322143982,-0.001921502435826902,0.0003974016321251916
1785122907.4460402,-1.6442631397315095,-0.28241531959659505,3.085090839436376,0.46831829520589763,-0.0019325787065500534,0.0004024225894360134
1785122907.4507565,-1.6462088630979037,-0.28232990777726685,3.084732503934111,0.46833505882172183,-0.001953611870200061,0.0004126872369048
1785122907.4543524,-1.648156306538304,-0.2822418980135293,3.084383958309202,0.46835089825257986,-0.0019929523751000787,0.000433877650018419
1785122907.460413,-1.6501049814288877,-0.28215201026309755,3.0840406275096,0.46836634534739935,-0.0019979865255545927,0.00044910098816387345
1785122907.464811,-1.6520563019407204,-0.28206079647088367,3.0837074629468577,0.46838458838094543,-0.001989880158593652,0.0004574371678269698
1785122907.47023,-1.6540093583036826,-0.28196739837574425,3.08337925780734,0.46840089137602614,-0.0019913853768706185,0.0004699689656182709
1785122907.475943,-1.6559645329369368,-0.28187191454413435,3.0830615294259403,0.46841900901939526,-0.001988817111893563,0.0004801907172884082
1785122907.4793036,-1.6579220236360572,-0.28177463414204995,3.082751275105537,0.4684354043868603,-0.0019883219819111855,0.0004908366777212629
1785122907.485184,-1.6598813074914311,-0.28167474788039465,3.082448746392406,0.46845134394183124,-0.002006337525997762,0.0005081848900376634
1785122907.49031,-1.6618431008987937,-0.2815736455592117,3.082156467750974,0.4684672296432314,-0.001987374109388466,0.0005134740288962032
1785122907.4956563,-1.6638094230413296,-0.28147042640466013,3.081871562440162,0.46848148278439217,-0.002021374678863043,0.0005200792128671648
1785122907.5004454,-1.6657788804829932,-0.2813650016856623,3.0815982283553596,0.46849558027693056,-0.0020555361190446137,0.0005267846210379347
1785122907.5089025,-1.6677507676834507,-0.2812584485318386,3.081329831054208,0.4685073466855266,-0.0020385845807688483,0.0005239636552494757
1785122907.5105557,-1.669726054322372,-0.2811515768140378,3.0810691948806204,0.46852002394177145,-0.0020101916574964385,0.0005218899543694131
1785122907.5161002,-1.6717033795530116,-0.28104433396098033,3.0808029773491783,0.46852899413342824,-0.0019933482697542765,0.0005343625503497237
1785122907.5243163,-1.6736815342501126,-0.28093616206616173,3.080534544229778,0.4685369089427958,-0.0019843974830937843,0.0005609086686842711
1785122907.5267751,-1.675660826725237,-0.2808278824062629,3.0802632507089824,0.4685417482952721,-0.0019446979242100423,0.0005848496352051733
1785122907.5303133,-1.6776402980763416,-0.28071876448080474,3.0799898645791592,0.4685467890458323,-0.001920841676234636,0.0006203506443876106
1785122907.5374227,-1.6796214004985996,-0.2806108340942418,3.0797142088406275,0.4685500593832009,-0.0018676708167443628,0.0006479310611321173
1785122907.542486,-1.6816025931605916,-0.28050194152344043,3.0794369787842215,0.46855098873944295,-0.0018710561922907743,0.0006993651900300003
1785122907.544612,-1.6835814337560016,-0.28039316400981606,3.079153495712608,0.4685481127239749,-0.0018439053930470585,0.0007631444970196508
1785122907.5503018,-1.685557086341442,-0.28028289732321787,3.0788695962272823,0.46854499880872347,-0.0018210267606981391,0.0008379971830615212
1785122907.5551198,-1.6875313125088791,-0.2801728760988315,3.0785829360938464,0.46854031809017294,-0.0017584224805108925,0.0008939107805842795
1785122907.5605175,-1.6895054915760468,-0.2800626696160724,3.0782943024166785,0.46853352608970766,-0.001735037065387253,0.0009484509512538008
1785122907.564004,-1.6914785410816968,-0.2799509529840041,3.0780062292372765,0.46852614815458654,-0.0017547476655057643,0.0010085919991520726
1785122907.5699449,-1.6934515511759767,-0.2798394461049724,3.0777166773136644,0.46851726363665175,-0.001742387161032478,0.0010483624316328425
1785122907.5754976,-1.6954255004078174,-0.2797277249127409,3.077426028543377,0.4685063626047091,-0.0017629222859389298,0.0010871774596810282
1785122907.5793073,-1.6973990431511201,-0.27961456898733844,3.0771367126989175,0.46849508631842446,-0.0018137707377037485,0.0011325695893793064
1785122907.585691,-1.6993726369967823,-0.27950124275232363,3.0768442594340746,0.4684817523258441,-0.0018327257522536083,0.0011636847358264999
1785122907.5901642,-1.701346304510756,-0.2793870172561842,3.0765516581965517,0.4684692900943265,-0.001856340943991929,0.0011901989947293438
1785122907.594937,-1.7033209871643546,-0.2792729780187159,3.0762636053178944,0.46845726456633296,-0.0018455912502161186,0.0011986955420455554
1785122907.6011548,-1.7052968238001334,-0.2791583793546582,3.0759729773949167,0.4684424293411096,-0.0018609176045451148,0.001209281914266284
1785122907.6096673,-1.707272847505639,-0.27904235809707606,3.0756853544339564,0.46842834294227903,-0.0018928380771742383,0.0012242885730467882
1785122907.613272,-1.709249629595225,-0.27892570884942236,3.0754006608831292,0.4684130772041101,-0.0018924077598959815,0.0012262927161327758
1785122907.614782,-1.7112280539363196,-0.2788091325319852,3.0751171788842067,0.4683995636087281,-0.0018765586706040954,0.0012180217542793487
1785122907.6206696,-1.7132078458310038,-0.2786913329844669,3.0748395913230024,0.46838713901058904,-0.0019027486098109193,0.0012208416158418294
1785122907.6252062,-1.7151888836517841,-0.2785731805580927,3.0745605679131196,0.46837270943980486,-0.0019148077053626408,0.0012201123350511166
1785122907.629636,-1.7171708806456814,-0.2784539587227979,3.074283105592482,0.4683597411536983,-0.0019358690929076362,0.0012226038072224088
1785122907.635138,-1.7191534704320282,-0.2783336505414945,3.0740093087231384,0.4683471354594599,-0.0019298832017344946,0.0012173322413278423
1785122907.6401029,-1.72113845096225,-0.2782130260125716,3.0737461022581267,0.46833637403429595,-0.0019044435691664156,0.0012009480306752927
1785122907.6452906,-1.7231244797158514,-0.2780904121904037,3.073489211811035,0.46832621543999636,-0.001929245630650257,0.00120232234417928
1785122907.6510687,-1.7251118108789223,-0.2779667759328895,3.0732373751295787,0.4683154238860939,-0.0019303984672148615,0.0011989210507507974
1785122907.6546407,-1.727100250568904,-0.2778420585918094,3.072985442376172,0.4683071413494789,-0.0019399770918232286,0.0011995224368114982
1785122907.661401,-1.7290905042592113,-0.277717021517187,3.0727401868102655,0.4683008781719542,-0.0019158043827575547,0.0011888165701972662
1785122907.6643746,-1.7310825476855376,-0.27759095529522415,3.0724932891503007,0.46829330149193715,-0.0019187022823855514,0.0011865617104017177
1785122907.6703978,-1.7330751993679026,-0.2774631661501202,3.072247302989933,0.46828780528531344,-0.0019386221027832564,0.0011939110785580433
1785122907.6757088,-1.735069341362758,-0.2773352743780526,3.071999631091457,0.4682830321948651,-0.001912178498537325,0.0011866874624490377
1785122907.6800776,-1.7370653196075294,-0.2772062392323962,3.071752549669369,0.4682792151038098,-0.0019249025135554911,0.001190092019693807
1785122907.685399,-1.7390620330994242,-0.27707576135693784,3.071505270201205,0.4682745858298687,-0.0019307777755562811,0.0011954226465152994
1785122907.6894546,-1.741059897649698,-0.27694432498680854,3.0712551414642055,0.4682703984706165,-0.0019247634196180117,0.0011979643859146485
1785122907.694973,-1.7430591817296384,-0.2768119241472064,3.0710101293737053,0.46827006819929573,-0.0019185517221904196,0.0012003207353056481
1785122907.7007496,-1.7450597692976904,-0.27667867168607974,3.0707593797142088,0.4682672445851411,-0.0019182351932871238,0.0012056306153767086
1785122907.7103481,-1.7470611710861386,-0.2765440083555158,3.070505354435766,0.46826593326806126,-0.0019336815770508243,0.0012179188161955531
1785122907.7124305,-1.749064053208023,-0.2764090553410645,3.070252830723278,0.46826615690585394,-0.0019139996417471274,0.0012195646296378783
1785122907.7140343,-1.7510683057816039,-0.2762730799669129,3.0699936493063134,0.4682646155865272,-0.0019193047021057086,0.0012295189884791238
1785122907.7210839,-1.7530727271399311,-0.2761352943016188,3.069732701685885,0.4682649187572709,-0.0019392977363776596,0.0012484461483352927
1785122907.7260807,-1.755078253792177,-0.2759973154511539,3.0694674901214962,0.4682658196161744,-0.0019112522589153664,0.0012520423089644695
1785122907.7298582,-1.7570846763889383,-0.27585777293168523,3.069202789193586,0.46826763436573393,-0.0019176511177030303,0.001265718657875593
1785122907.7351649,-1.7590919548927324,-0.27571755571675144,3.0689306662455267,0.4682674391256856,-0.0019086101492916778,0.0012752331683865807
1785122907.7408092,-1.7611002985909563,-0.27557650382034055,3.0686565737576625,0.46826993601079986,-0.001898920376647298,0.0012835377446172695
1785122907.7468069,-1.7631123400521755,-0.27543480739598214,3.0683794101429056,0.46827130163052094,-0.001910907322943052,0.0012832053210137834
1785122907.7500167,-1.7651267353834637,-0.27529223508276435,3.0680998758335374,0.46827259886289624,-0.0019449470302902552,0.0012902106645916829
1785122907.7558455,-1.767143220488673,-0.27515011844506754,3.0678132443877875,0.46827225825355584,-0.001943391644800886,0.0012939756335228205
1785122907.761667,-1.7691603519472752,-0.27500765414537093,3.067525084169149,0.4682738467825258,-0.0019463634739631845,0.0013114933708056951
1785122907.7700248,-1.7711771673201764,-0.27486499094340244,3.06723596389063,0.4682758742909899,-0.001926757428652555,0.0013342339524220447
1785122907.7713273,-1.773194378901983,-0.27472326421826593,3.06694019168887,0.4682762510128256,-0.0018706995031277734,0.0013515971360652083
1785122907.7757108,-1.775212799831592,-0.27458268981473505,3.066645718021897,0.46827947943699827,-0.0018324074185310565,0.0013777819009895874
1785122907.7810516,-1.7772299105662146,-0.27444144160003,3.0663532228800827,0.46828185865626787,-0.0018336580418772774,0.0014286432058887623
1785122907.7860456,-1.7792465562121496,-0.27430157459752275,3.0660541467385176,0.4682807239521192,-0.001797617299842438,0.001474855159042864
1785122907.789158,-1.7812629946272276,-0.27416292741762244,3.065749153298062,0.46827986900785,-0.001771855936919792,0.0015282932155195445
1785122907.7954843,-1.7832770289183066,-0.2740239952332227,3.0654676572065718,0.46828699353990155,-0.0017971114522312163,0.0016071409591875232
1785122907.799285,-1.7852907232277848,-0.2738876871676367,3.0652012222083354,0.46829981954778516,-0.001720327675640235,0.00165522600532238
1785122907.807824,-1.7873031023742574,-0.2737516989902244,3.0649371926537885,0.4683165324680803,-0.0017488689203826768,0.0017386633147519815
1785122907.8132994,-1.7893113007061618,-0.27361563097703345,3.0646656568301642,0.4683341690530942,-0.0017526759884552358,0.0018228398354827194
1785122907.816894,-1.7913197632806788,-0.27348292011417163,3.0643783822632398,0.46835408850621874,-0.001658069996453019,0.0018667368624120514
1785122907.820088,-1.793327192039491,-0.2733507951938983,3.064075925842411,0.4683777891925069,-0.001697538182362403,0.0019502895252874344
1785122907.8248034,-1.7953306904363266,-0.2732189591908455,3.063753857816442,0.46840240327565263,-0.0017272171659659212,0.002038140451790329
1785122907.8324566,-1.7973338942379433,-0.27309020048813204,3.0634110970707424,0.468430641166788,-0.0016834636567548077,0.002095428105163424
1785122907.8354368,-1.7993362889978017,-0.2729628926042843,3.063043457201281,0.4684589345896646,-0.0017195818863726907,0.0021747037880583144
1785122907.840272,-1.8013352697084781,-0.27283610234068134,3.0626503031556633,0.46848901921446007,-0.0017719420839095936,0.0022645906235688133
1785122907.8451355,-1.8033331200603284,-0.27271192460066107,3.0622334227369326,0.4685230226405146,-0.0017586895350539245,0.0023289652493968713
1785122907.8512847,-1.8053299507283516,-0.272589060430635,3.0617871958532654,0.46855509110707666,-0.0018049118421797005,0.0024079433484018786
1785122907.8547275,-1.8073238340890971,-0.2724666767221943,3.0613129579946734,0.46858886948739326,-0.001884586597964657,0.0025008739870071317
1785122907.8605227,-1.8093158562947584,-0.27234654613131565,3.0608069336265493,0.46862268252667877,-0.0018764555365565771,0.002563411840901434
1785122907.8655944,-1.8113067937063214,-0.2722277419139751,3.0602790528340664,0.468662362926555,-0.0019128612603915348,0.002632854515821723
1785122907.8708506,-1.8132965544500097,-0.2721102691069567,3.0597232680034967,0.46870102292787164,-0.001965829829261906,0.002705145515909523
1785122907.8758101,-1.8152832637239764,-0.27199312726008085,3.059141138951012,0.4687407849329794,-0.0020168609296605114,0.0027789102052169236
1785122907.8796868,-1.8172706126132185,-0.27187911233411943,3.058533785786827,0.4687841733652519,-0.0020075412833932688,0.002824350826159133
1785122907.8851676,-1.8192563551583032,-0.27176490628692446,3.0579072008926254,0.4688296041998102,-0.002102108775596604,0.002902599576178875
1785122907.8898776,-1.8212406247779027,-0.27165215980770335,3.0572473783576237,0.46887120647237984,-0.002136585660923175,0.0029642759761026602
1785122907.8948488,-1.8232212841020607,-0.2715393928118278,3.0565560585762936,0.46891805504278633,-0.0021682443315248255,0.003038735346521482
1785122907.9003477,-1.8252011358630058,-0.2714285127212841,3.055838705097523,0.46896513031325426,-0.0021585178861920407,0.003099962156948667
1785122907.9088755,-1.8271789520926076,-0.2713166563915771,3.055096737819132,0.46901289305084626,-0.0022410198497521063,0.0031897405532049236
1785122907.91185,-1.829154197705335,-0.271204702453395,3.0543383216932822,0.46906241619347644,-0.0022726579523122082,0.003261879169474704
1785122907.9143443,-1.831131541510264,-0.2710952142184182,3.053562301635674,0.4691112317175356,-0.002265636807313588,0.0033036531658075866
1785122907.9201586,-1.8331086803916605,-0.27098448925574975,3.0527691736119573,0.46916185064539806,-0.002369117955293433,0.003374297525644462
1785122907.9259129,-1.8350845758839267,-0.2708733932452742,3.0519652884048436,0.4692153091570905,-0.0024246218916016728,0.0034291138889139846
1785122907.9298468,-1.8370629498959399,-0.2707638068224446,3.0511519351137864,0.46927014148823604,-0.002453295276325646,0.003461722690806456
1785122907.9360826,-1.8390410315211239,-0.27065249346155645,3.050326647469067,0.46932455771861037,-0.002537573783147004,0.0035102993673633903
1785122907.9422526,-1.8410210025343616,-0.2705418488140983,3.0494906141871683,0.4693813310352786,-0.0025838116979087157,0.0035407987730087997
1785122907.9454515,-1.8430015954247512,-0.27042969732475364,3.048655465571577,0.4694426583190317,-0.0026643372431986866,0.0035807473248444348
1785122907.9501727,-1.8449826601043764,-0.2703168052256964,3.047800618694427,0.46949865216917763,-0.002706441232614704,0.0036081642627536553
1785122907.954751,-1.846966817435537,-0.2702045780369745,3.0469403337890926,0.4695586883819873,-0.0027231117149188596,0.0036181099424820026
1785122907.9611282,-1.8489520588770558,-0.2700892527010215,3.0460817175759303,0.46961939166745653,-0.002836482788354063,0.00365967875281083
1785122907.9648628,-1.850937963798702,-0.2699728303853882,3.0452154941115537,0.4696762033677362,-0.002892096980159009,0.003689267005941703
1785122907.970366,-1.8529258387476,-0.26985530787110606,3.0443599795364014,0.46973907433292195,-0.002924730324794913,0.003708849539984485
1785122907.9768674,-1.8549146625496042,-0.2697349747937765,3.0435114092780595,0.4697988566940855,-0.002984081560548667,0.0037386403093450913
1785122907.9798155,-1.8569052599817948,-0.2696135591972574,3.0426581311769274,0.4698548090741645,-0.0030097891577394583,0.0037571773724456464
1785122907.9853094,-1.858898472700831,-0.269490425658211,3.0418199907341843,0.4699179048687703,-0.0030412238354977847,0.0037739826653481905
1785122907.9907885,-1.8608925609458646,-0.26936315252422577,3.0409963979646357,0.4699799712345445,-0.00313005866035485,0.003814114246883741
1785122907.995177,-1.8628880818907236,-0.2692345766368317,3.040178692394015,0.4700377549599357,-0.0031315313234989636,0.003831245106182179
1785122907.9998786,-1.8648870099411603,-0.2691044232668386,3.0393708256028455,0.47009628941286147,-0.0031494764590729485,0.0038476984432598027
1785122908.0074635,-1.8668873892078264,-0.2689698718617732,3.038579323698333,0.470156000223093,-0.0032394186002595174,0.003891879807025442
1785122908.0105095,-1.868889058027916,-0.2688328080957366,3.0377987975177265,0.470214124334395,-0.0032715075751824124,0.0039253367520658685
1785122908.0146222,-1.8708941181949517,-0.2686939928345195,3.0370367060330374,0.4702720212920716,-0.0032895181695390607,0.00395221341686315
1785122908.0202744,-1.8729009739864473,-0.2685513216857297,3.036283188618495,0.47032579189025037,-0.003352655458828336,0.003998443980336014
1785122908.0250616,-1.8749088575741413,-0.268405066894529,3.0355456067901296,0.4703802708287082,-0.0033831814420883935,0.004041932641844421
1785122908.0294597,-1.8769207987543841,-0.268257460128736,3.0348246961942595,0.47043387591666297,-0.003396007622349625,0.004075843885869468
1785122908.0357385,-1.8789336428297485,-0.26810430108376004,3.0341200865475564,0.4704854926600732,-0.003479939111487934,0.004140348032497156
1785122908.0449147,-1.8809482521781098,-0.26794904530158115,3.033426416531683,0.4705335737144165,-0.003475569660673282,0.004182956472978209
1785122908.0476677,-1.8829647988761873,-0.26778956533357523,3.0327496900709403,0.470581678363351,-0.0035099406647181274,0.004236211705494036
1785122908.0506504,-1.884985456507735,-0.26762714922111713,3.032097824221849,0.47062928696075035,-0.003522972574951641,0.0042688203266106
1785122908.0556297,-1.8870112932158538,-0.2674623933446165,3.031459033086951,0.47067366027832236,-0.003535269459112425,0.004294033321879425
1785122908.060448,-1.8890399872969117,-0.267293599125935,3.030839982450859,0.47071789673635456,-0.0035974827520537105,0.0043438769586575336
1785122908.0647974,-1.8910711902980528,-0.2671224630365643,3.030227873341975,0.47075667810364097,-0.0035999272407003006,0.004389101219960966
1785122908.0708368,-1.893105727009742,-0.2669494648290314,3.0296355185404353,0.47079872626449604,-0.0035913451833544984,0.00443982314273718
1785122908.0757399,-1.895141615971148,-0.26677239669949887,3.0290606253276335,0.47083680281191176,-0.003635096324446082,0.004522168427563423
1785122908.0796378,-1.8971787884527154,-0.2665933403248108,3.0284902283383053,0.47086679821330657,-0.003616127204956708,0.004599810308765763
1785122908.0854445,-1.8992178286911459,-0.26641220285820244,3.0279238560888158,0.4708953904163453,-0.0036026020100647107,0.00468622494670092
1785122908.0894938,-1.901257303719294,-0.26622815437639374,3.027371816337825,0.47092707503498205,-0.0035993460840498914,0.0047854766731559
1785122908.0943406,-1.9032959844287374,-0.2660422355353289,3.026830018154766,0.47095536947343913,-0.00355369137995648,0.004891239781192005
1785122908.1011164,-1.905334166389287,-0.26585473224675776,3.026284707084724,0.470973903192952,-0.0035222631179588006,0.005007783265951564
1785122908.1080425,-1.9073715078910034,-0.2656636499343678,3.0257492351263418,0.47099076392971806,-0.0035408526024932837,0.0051386549509321415
1785122908.1104906,-1.9094076643377136,-0.26546949045866014,3.0252269370606872,0.47100507221083937,-0.0035393277356647857,0.005260375324653273
1785122908.1153817,-1.9114448096591434,-0.2652745291268829,3.0247146010717834,0.47101647200202,-0.003494162637494118,0.005353675950029833
1785122908.119785,-1.9134830800337281,-0.2650765979512378,3.0242196910651677,0.4710274108213525,-0.003516179457739672,0.005452543752400233
1785122908.1256447,-1.9155213967792133,-0.26487571115148895,3.023740968647199,0.4710354135221285,-0.0035384887631091013,0.005544861357966603
1785122908.1295102,-1.9175618665711243,-0.2646739482683194,3.023279092709643,0.4710413885837941,-0.0035331373437213873,0.005615200275883009
1785122908.1348417,-1.9196031492771013,-0.2644690874067473,3.0228334943525383,0.47104416393720205,-0.003563171862120838,0.005689311606788751
1785122908.1393685,-1.921645913412514,-0.2642624288147976,3.022399907012254,0.47104414849562365,-0.0035819487278291205,0.005752315652503052
1785122908.145278,-1.9236897050327737,-0.26405345427301924,3.0219995349707554,0.47104725675957426,-0.003582920378189737,0.005804326170875982
1785122908.1503274,-1.925735954326793,-0.2638429649997942,3.021624867800876,0.471052513965783,-0.003572867828568485,0.005844310714355482
1785122908.1557708,-1.927784058607557,-0.2636299322556898,3.02126567003362,0.47105859555826485,-0.0036126477416092567,0.005895546331340354
1785122908.161212,-1.929832869006295,-0.26341445253155565,3.0209166340591778,0.4710653328185945,-0.0036154618050282645,0.005934975876842346
1785122908.1646082,-1.9318857390506234,-0.2631983255169646,3.0205742965650364,0.4710722562880102,-0.0036020980778791838,0.005959117716045781
1785122908.1703002,-1.933939330724391,-0.26297854053416914,3.020233579816633,0.4710786883969565,-0.0036637207715130115,0.00600902484579088
1785122908.175961,-1.9359926581488245,-0.2627556431065284,3.0198906725224988,0.4710841340738646,-0.0036760558356836634,0.006046059168424137
1785122908.1812677,-1.9380496534153842,-0.2625322815656683,3.0195433507221945,0.47109106295478886,-0.003605087213767683,0.006044854662711197
1785122908.1854572,-1.9401094416849687,-0.2623059158220437,3.0191907051033446,0.47109922740515525,-0.003643997491663176,0.006072134543731199
1785122908.1907306,-1.9421699343346392,-0.26207638788352877,3.0188348398819187,0.47110959668926883,-0.003685398106091931,0.006105275419626482
1785122908.1946762,-1.9442310298520777,-0.26184382865840145,3.0184748250313294,0.47111816145034924,-0.0036960365769973403,0.006130014065809963
1785122908.2007751,-1.9462955385894043,-0.261610126624277,3.018101980445308,0.4711257613565959,-0.0036562469066486114,0.0061311738562712026
1785122908.2081902,-1.9483622880121727,-0.261373371364118,3.0177173915014976,0.47113728856924647,-0.0036806735995920594,0.006150763242890122
1785122908.2111013,-1.9504315410436155,-0.2611342741708702,3.017330575373957,0.47115226185056364,-0.0037200597807325003,0.006177022821634161
1785122908.2150617,-1.9525009700850893,-0.2608915230376653,3.0169283184488935,0.4711628891343502,-0.0037629418400996198,0.006212239728950708
1785122908.2202172,-1.954572261515881,-0.26064672467551586,3.0165055192276786,0.4711737191086093,-0.003751678068836753,0.006229540845008262
1785122908.224905,-1.956644939084873,-0.2603987376844056,3.016072781221607,0.4711893574067449,-0.0037595580861675775,0.006251241728794706
1785122908.2290125,-1.958718472949927,-0.26014743727397066,3.015624846072226,0.4712036228531612,-0.003764472701630968,0.006272230754369518
1785122908.2357697,-1.9607950552879032,-0.2598944540048888,3.015157317257119,0.4712186378369927,-0.003742231459020517,0.0062793360416476
1785122908.241674,-1.9628735751935242,-0.25963835379379824,3.0146783856624726,0.4712376489673044,-0.003766547719123157,0.006301429444061033
1785122908.246177,-1.9649520179579263,-0.2593779026119082,3.0141681412228856,0.47125355972927635,-0.0038039873229748166,0.006333365864190208
1785122908.2492962,-1.9670326161647473,-0.2591157855437568,3.0136327470307256,0.471265741989096,-0.0037602515293953024,0.006337185577460768
1785122908.2575943,-1.9691156091970148,-0.25885086129543344,3.013074918441549,0.47127615425287966,-0.0037555752460125286,0.006349858744947249
1785122908.2596774,-1.9712005000620636,-0.25858350147481834,3.012512182236067,0.47129070368111065,-0.0037642720127139856,0.006368359516328719
1785122908.2651994,-1.9732867255272757,-0.25831351174330053,3.011938569563029,0.4713035230155994,-0.0037716215846677155,0.006390052444369573
1785122908.271038,-1.975373959802006,-0.2580412770315644,3.0113617899993086,0.4713187487009371,-0.003748592315628514,0.006404214055139779
1785122908.2748117,-1.97746503266589,-0.25776838668456376,3.0107843686498157,0.4713354674168504,-0.003720899546687068,0.006410536693889791
1785122908.2793226,-1.9795569501794814,-0.25749210317309157,3.010205129361085,0.47135257589311136,-0.0037657170846036743,0.00644565284481881
1785122908.2850873,-1.9816494549704298,-0.2572137826185422,3.009621450792635,0.4713696759571392,-0.00377232067571808,0.006475058101965463
1785122908.29044,-1.9837423915543264,-0.2569335533804437,3.0090394560777147,0.4713903625126439,-0.003736970988905583,0.006491792820227485
1785122908.2949517,-1.985838713992141,-0.2566529185474912,3.0084604995896265,0.47141329490316475,-0.003695196214613245,0.006497434611794132
1785122908.299435,-1.9879377024639981,-0.25636981838278416,3.0078918729523205,0.4714387323094957,-0.003743384789163122,0.0065197761235228115
1785122908.3071709,-1.9900386517844786,-0.2560857845147784,3.0073313264995956,0.4714668047277042,-0.003742591703974433,0.006525462967626186
1785122908.310242,-1.9921413633649079,-0.2558003598300382,3.0067732486900884,0.47149697893592957,-0.003753656755855651,0.006535493566349551
1785122908.315226,-1.9942452758815774,-0.2555140500113772,3.006218793752251,0.47152908397597715,-0.0037299591084162735,0.00653979520125663
1785122908.320866,-1.9963500119464779,-0.25522629422478244,3.0056628349576955,0.4715624810652082,-0.0037235919489431958,0.006555409468945116
1785122908.325135,-1.9984549262889175,-0.2549370306640292,3.0051052391840902,0.4715951839454668,-0.0037205384145063336,0.00658046627619411
1785122908.3293684,-2.000560656965453,-0.2546470565996775,3.004547723792808,0.47162999477514217,-0.003717584408249618,0.006611960775692758
1785122908.3361185,-2.002665534323809,-0.25435535015494,3.0039849820171667,0.4716631076647068,-0.003722759908220649,0.006656830931714524
1785122908.3414762,-2.0047707196787217,-0.2540632392932724,3.0034217029407975,0.47169882061009405,-0.003716486506298746,0.006703433272778399
1785122908.3454468,-2.0068754565005364,-0.2537699411276615,3.0028510277592813,0.47173350072030157,-0.003724377346759991,0.006760056823213072
1785122908.349823,-2.0089802994986727,-0.2534756070518434,3.0022644597415336,0.47176038760118816,-0.003716308726247185,0.006818549957397074
1785122908.3565001,-2.0110848466100792,-0.25318043490180914,3.0016741706313845,0.4717873977674086,-0.003738124290699437,0.0068958170529110924
1785122908.3600433,-2.0131877775956637,-0.2528845893799421,3.00108856606185,0.4718150388847104,-0.0037523847757116795,0.006982677245302623
1785122908.3654149,-2.015289925162283,-0.2525896905770736,3.000513759681054,0.47184179534548776,-0.003710576954245746,0.007056327648930602
1785122908.3693752,-2.017392281448809,-0.2522955065994375,2.999940289421329,0.4718645963489417,-0.0036842140350864102,0.0071340527611250685
1785122908.3747764,-2.0194932791594384,-0.25200133230323407,2.999377115251231,0.4718886622526638,-0.003693693202375556,0.0072280293298057005
1785122908.3807716,-2.021592981156925,-0.2517083276106838,2.998831599568893,0.4719134703115257,-0.0036830486593523483,0.007318644435403915
1785122908.3844078,-2.023690690453737,-0.25141567353210886,2.9982975876123255,0.471933311651187,-0.0036631466968459,0.007407930830515357
1785122908.391088,-2.025787926613763,-0.25112476091723385,2.9977697401956993,0.47194979443121515,-0.003631426311532634,0.007489868094714311
1785122908.3945858,-2.0278814384940134,-0.25083470170154226,2.9972593376470424,0.47196886630301826,-0.003605665073478456,0.00758813809408038
1785122908.399686,-2.029971515523426,-0.25054566416627494,2.996764595843046,0.4719861348679852,-0.0035800358618299317,0.007689734312698195
1785122908.407021,-2.03205906428273,-0.2502578662031072,2.996284419500843,0.4720032168982475,-0.0035572897639494973,0.007784502606470625
1785122908.408969,-2.0341452461509837,-0.2499714207949193,2.9958157435974693,0.47201759652651076,-0.0035516428921153914,0.007871268669987061
1785122908.4145417,-2.0362294051334224,-0.24968570572443768,2.9953578812844612,0.4720306724514756,-0.003564136909274661,0.007953507352414211
1785122908.4194586,-2.0383128893946427,-0.2494018763520622,2.9949154892117003,0.47204483902887057,-0.003572763131491095,0.008020966958713897
1785122908.4245336,-2.0403953962471664,-0.2491190205986312,2.9944810205529797,0.4720557220927722,-0.00360009433550183,0.008084041943729095
1785122908.4292793,-2.0424765283938666,-0.24883727628764565,2.9940614868125226,0.47206758849622715,-0.003625002785600124,0.008138663314694324
1785122908.4345882,-2.0445576647391106,-0.24855731172895282,2.9936504883989983,0.4720753515119653,-0.003636785201169288,0.008178197255614406
1785122908.4398794,-2.0466381224497354,-0.24827805751134718,2.993248578858554,0.47208270413622905,-0.0036846798524327344,0.008222631926434314
1785122908.4450696,-2.048717151100497,-0.24799978604332282,2.992875848442069,0.4720936402648196,-0.003715796892369842,0.008260545502066678
1785122908.4500988,-2.050796509427974,-0.24772359890179632,2.9925292753799995,0.4721054819782456,-0.0037126089251498426,0.008280135668375994
1785122908.4557548,-2.052876169886987,-0.2474484817443536,2.992182900671938,0.4721134296002114,-0.0037500726273864116,0.008306468551377117
1785122908.4606695,-2.0549548861436904,-0.24717364925071958,2.9918407817569532,0.4721254397934755,-0.0038049968938577987,0.008337746203877748
1785122908.4646564,-2.0570337585353657,-0.2468997295695983,2.991506845365578,0.47213936902877623,-0.0038562526536016317,0.008364148743577613
1785122908.4697251,-2.059110554015132,-0.24662470427026348,2.99117003531238,0.4721492272396521,-0.0039345025013356036,0.008400860411821793
1785122908.4754815,-2.061186084861185,-0.24634957284177808,2.9908221573397933,0.4721554037556477,-0.003961703696091018,0.008418422374093558
1785122908.4805658,-2.0632621651004333,-0.24607493978319586,2.9904723637154755,0.4721643314437024,-0.003949057987846008,0.0084132106557883
1785122908.484834,-2.06533906029733,-0.24579928445089433,2.9901127039055617,0.47217085532252084,-0.004017382398088156,0.008426256534942056
1785122908.4902408,-2.0674148462100925,-0.24552187804212441,2.989742325844912,0.4721764732549874,-0.004107597773533678,0.00845055709192286
1785122908.495303,-2.069490753646267,-0.2452440221800923,2.9893637166944536,0.4721818147666412,-0.004141753387622677,0.008457215198058225
1785122908.5004258,-2.071567020507156,-0.24496461690684537,2.9889836507416034,0.47218871967212755,-0.004189644082165957,0.00846799339925198
1785122908.5091333,-2.0736446719100883,-0.24468405982534286,2.988606320678631,0.4721989255693501,-0.004242467569490478,0.008481411818480354
1785122908.514461,-2.0757229370366175,-0.24440157735276596,2.9882054909497646,0.47220467498136415,-0.004307388937018809,0.008505629363112402
1785122908.5183911,-2.077802675805069,-0.24411782693191697,2.9877927193965927,0.4722168897246514,-0.004346977863129141,0.008526970369966611
1785122908.5224648,-2.0798828248353214,-0.2438310987270744,2.987359131099189,0.4722276763417077,-0.004434203705745915,0.008571515919663444
1785122908.5255668,-2.0819622976595427,-0.2435414282739685,2.9869031518170157,0.4722392296285878,-0.004479551848667028,0.00861321830517227
1785122908.5321732,-2.0840436760139602,-0.2432502891839562,2.9864276714307634,0.47225052126404504,-0.0044657801964858275,0.008635401017899558
1785122908.5348544,-2.0861277569180854,-0.24295692807264294,2.985926356883784,0.4722614815485925,-0.004490353901272832,0.00866843666845523
1785122908.5403497,-2.0882126406114176,-0.242660161396421,2.9853981395997993,0.4722733345602127,-0.004540996027774451,0.008718512537905405
1785122908.5448537,-2.090298729304373,-0.2423606412465598,2.9848425432184014,0.4722863344506652,-0.004569944167915678,0.008767875952533387
1785122908.5500302,-2.092387145595804,-0.24205886355669132,2.9842505611592447,0.4722961263127649,-0.004587393880694762,0.008815634786790354
1785122908.555596,-2.094478378232056,-0.2417550197818165,2.9836372956171036,0.4723121568369213,-0.004594662404140639,0.008862114849492786
1785122908.5601027,-2.096571291789646,-0.24144760694831577,2.982997916463407,0.47232749564683696,-0.004658768498617722,0.008933221018971413
1785122908.5655177,-2.098664706179924,-0.24113686116485353,2.982333597629386,0.4723450361942188,-0.004685929573837291,0.009002525890955577
1785122908.569192,-2.1007603340511407,-0.24082369177541083,2.981653008009623,0.47236570869075245,-0.0046762021135639585,0.009060238747463234
1785122908.5757296,-2.1028584633132543,-0.24050805384601737,2.980941424266752,0.47238448625289803,-0.004647603385852881,0.009111895907770068
1785122908.580087,-2.1049602521547532,-0.24019007968513884,2.980212618953081,0.4724088816703512,-0.004651025189919088,0.009171925357105095
1785122908.5850043,-2.107062858352397,-0.23986792087807685,2.9794558599158734,0.47243370797971035,-0.00469774461384058,0.009255500101826629
1785122908.5900688,-2.1091675211707788,-0.23954364708623768,2.9786828214317067,0.47246534324682365,-0.0046673468842491515,0.009318983734912925
1785122908.594516,-2.1112754137349685,-0.2392168706597581,2.9779001317918783,0.4724996760196712,-0.004650380341538272,0.00938551659447943
1785122908.6008773,-2.113385278547726,-0.23888685641273233,2.977084722054848,0.4725306767333802,-0.004650449682927488,0.009463756310202262
1785122908.6091936,-2.1154979475542697,-0.23855471193365924,2.9762513889739584,0.4725717384156306,-0.004616463606627219,0.009534680825211785
1785122908.6117015,-2.117614283115079,-0.23822030291174848,2.975401071782803,0.4726171870035772,-0.0046137576302551836,0.00961734354982274
1785122908.6157892,-2.119730902884525,-0.2378815404554318,2.974520261496046,0.47266209166329,-0.004651363460829172,0.009726045099631804
1785122908.6200106,-2.1218490770047396,-0.2375407031508048,2.9736206372464498,0.47271408472987053,-0.004596907225071265,0.009811064548275896
1785122908.624803,-2.1239700537797113,-0.2371974419909961,2.9727039491880647,0.472768301888071,-0.004550155607084947,0.009895598409101487
1785122908.6294334,-2.126091558211317,-0.2368503365879202,2.971761005998768,0.4728219398697679,-0.004518054699789506,0.009989733175912396
1785122908.6342905,-2.12821526574314,-0.23650091363794454,2.970800751968608,0.47287836106982256,-0.004459181832856886,0.010073766339112748
1785122908.6417594,-2.1303399789637423,-0.23614836856641605,2.9698106984422874,0.47293336203033615,-0.004383524164044661,0.01015395841711653
1785122908.6456275,-2.132471637388191,-0.23579583372081986,2.968783585789204,0.47299136121128194,-0.004310930516261519,0.010209068103673839
1785122908.6492693,-2.1346079465753065,-0.23544012426601313,2.9677200824394587,0.4730461337544243,-0.004355623357628792,0.01029685001833431
1785122908.6554332,-2.1367461281350373,-0.23508166669824046,2.9666290738928143,0.47310035841126274,-0.004403975281001751,0.01040449476923821
1785122908.659472,-2.1388854055234097,-0.23472174672982737,2.9655215159910795,0.4731578249106186,-0.004388900726098688,0.010510856084191368
1785122908.665611,-2.141026834273037,-0.23436129074432327,2.9644081852497206,0.47321854387761714,-0.004341973083494892,0.01061583345268211
1785122908.6698387,-2.143168298895549,-0.2339982419377384,2.963282810846095,0.4732780592741128,-0.004317970864836747,0.01074120760121793
1785122908.6753469,-2.1453108874800857,-0.23363523255764246,2.962157675918264,0.4733414999099941,-0.004237313888778548,0.01085709965600506
1785122908.680325,-2.14745379132276,-0.23327031831168654,2.961027823639452,0.4734031224557518,-0.004202851482631531,0.010994006259482136
1785122908.6849995,-2.14959565957494,-0.23290368577583861,2.959892276319703,0.47346442641229886,-0.0041629722041686065,0.011141040632529017
1785122908.692627,-2.1517378797210513,-0.2325377334299737,2.958761600272691,0.4735297966993368,-0.004064899298861884,0.011273512286612082
1785122908.6965873,-2.153879888136983,-0.23217052361703316,2.957630280118612,0.47359343298497,-0.004016216410360394,0.011422936034215188
1785122908.7008693,-2.1560189110272754,-0.23180232178974094,2.9564846369691753,0.4736549719865608,-0.00394294310119418,0.011583391201406544
1785122908.7109578,-2.1581561231297055,-0.23143416210087792,2.955336524522367,0.4737150969725181,-0.003863549718783516,0.011745215305691014
1785122908.71466,-2.160292131183337,-0.23106553175659886,2.954193062675589,0.47377250062843385,-0.003821547410469904,0.011914145626912988
1785122908.7199416,-2.162426667212319,-0.23069678604931496,2.9530586067640967,0.47382853716214307,-0.0037851897960934815,0.012082097522632
1785122908.7268817,-2.1645609351928408,-0.2303299832251134,2.9519432349657295,0.47388616941674605,-0.003724014033461713,0.01223369279384194
1785122908.7300954,-2.166694797732124,-0.22996449775385971,2.950847078048361,0.4739437513264887,-0.0036721651373973286,0.012378608037657786
1785122908.7348611,-2.168828423425248,-0.22960034943109472,2.949772020324054,0.47400050959003937,-0.0036460354492972723,0.012521549964364146
1785122908.742156,-2.1709615964068183,-0.22923822093613697,2.9487203524186762,0.4740576273194115,-0.0036114334611953313,0.012655502652081584
1785122908.747184,-2.1730944194266493,-0.22887789949892706,2.9476930678785447,0.4741139281566849,-0.0035960571930615296,0.012787003231659981
1785122908.749531,-2.1752266468377903,-0.22851993778484156,2.9466918963211395,0.4741702910588248,-0.0035715462001429414,0.012910302476902415
1785122908.7551868,-2.177358288425889,-0.2281641345856772,2.945719841366545,0.47422581289198834,-0.0035673205279354793,0.013032809180845562
1785122908.760237,-2.1794896428587527,-0.22781140459416677,2.9447793802535074,0.4742815491483493,-0.0035595024357060563,0.01314781117507483
1785122908.765176,-2.1816196280978786,-0.2274600269611747,2.9438638379604902,0.4743345690467897,-0.0035825217646358993,0.013269430071456964
1785122908.769545,-2.18374894343623,-0.22711184871293705,2.9429787137258834,0.47438738800353064,-0.003590692175903033,0.013382455161814412
1785122908.7762518,-2.1858766250862973,-0.2267650676142145,2.9421182665948797,0.47443699510434484,-0.0036265616830505254,0.013502119005767388
1785122908.7803612,-2.1880034614164914,-0.22642176323010024,2.9412912862150997,0.47448575993130965,-0.003648946452255684,0.013614476050539084
1785122908.784834,-2.19012852264511,-0.22608052086661928,2.94049744749665,0.47453092937794655,-0.0036989077967290447,0.013733683871747228
1785122908.7923908,-2.192252432769071,-0.22574258289682841,2.939736380666573,0.4745748250142378,-0.0037376518642645035,0.01384620879998979
1785122908.7985024,-2.1943741700164634,-0.2254069239815154,2.939016291432922,0.4746161683571274,-0.003806047176865276,0.013967965418962263
1785122908.8000782,-2.1964942750972387,-0.225074063976519,2.93832934701319,0.474657476960436,-0.003863741001095712,0.014084056643002035
1785122908.8050134,-2.198612355977587,-0.2247429265939231,2.937667334098179,0.4746962154762039,-0.0039402715646673645,0.014204693237522584
1785122908.812736,-2.200728567842412,-0.22441330679950924,2.9370291338565506,0.4747310723762899,-0.004049892701826181,0.01433473501639395
1785122908.8149831,-2.2028422150740465,-0.22408472868794746,2.9364101447063335,0.4747621007733604,-0.004169788455299819,0.01447154815791743
1785122908.819239,-2.204954332028791,-0.22375836202221683,2.9358118856373636,0.4747912687293976,-0.00427407171246702,0.014603540631164142
1785122908.8258138,-2.2070642428313696,-0.22343237879916836,2.9352278365218636,0.4748154025656495,-0.004410514842407501,0.014747471361560198
1785122908.830985,-2.209171946861734,-0.22310718425566578,2.9346579985371575,0.4748357706540474,-0.004547695422839148,0.014895686175375747
1785122908.8343542,-2.2112780610675418,-0.22278353420186517,2.9341047238132663,0.4748538151128736,-0.004667872225422717,0.015040304889859578
1785122908.8413203,-2.213383039732885,-0.22246072999185773,2.933566894930709,0.4748676476937302,-0.004816393055078662,0.015192446619581097
1785122908.847879,-2.2154861132093324,-0.22213859205887534,2.933058834094617,0.47488008970565937,-0.004982235156121395,0.015356961363562953
1785122908.8508718,-2.217587492623489,-0.22181751657903173,2.9325737909893905,0.47489383975575916,-0.0051232756254326155,0.015518417747348039
1785122908.8561738,-2.219689080434471,-0.22149782414802913,2.932106191758784,0.4749078287849892,-0.005270636891463557,0.015678024312192722
1785122908.8607702,-2.221789245607114,-0.22117732086210187,2.9316396194114724,0.4749170528891215,-0.005476988638817309,0.015858642085865307
1785122908.8646255,-2.223887798571729,-0.2208559988419167,2.9311692866146957,0.4749239453514403,-0.005685550032550055,0.016043852621931875
1785122908.8693964,-2.225985496045037,-0.22053415803975884,2.9306945288934028,0.47493063813894193,-0.005869266677324379,0.016220854005810165
1785122908.8767822,-2.2280845090619756,-0.2202121717560853,2.930218537723824,0.47493655879749164,-0.0060642204289061,0.016394000260424136
1785122908.8801873,-2.230183371823793,-0.21988765045423045,2.929729669243112,0.47493709062734185,-0.006319348671186548,0.01658829939326413
1785122908.8843431,-2.232282000688993,-0.21956108173457964,2.9292270629369965,0.47493520351133617,-0.006570385792223536,0.016787420111893905
1785122908.8904119,-2.2343806280970866,-0.21923245554677948,2.9287098146899604,0.47493244863867456,-0.006802220060946941,0.016983796067293545
1785122908.897231,-2.2364801872347866,-0.21890214411793962,2.9281800931440918,0.47493073779737566,-0.007003094488591848,0.01716894086862162
1785122908.9004319,-2.238581422353475,-0.21856937405923618,2.9276361279124767,0.4749280582125074,-0.007225126850209808,0.017356083610801838
1785122908.9052758,-2.2406839995241246,-0.21823362643497188,2.927074226171106,0.4749243805243628,-0.00745746306249654,0.017546206816840142
1785122908.9138587,-2.2427887172997023,-0.2178954433318276,2.926496431652972,0.47492207824674093,-0.0076673500358197064,0.017727797158431997
1785122908.9158323,-2.244896214852159,-0.217554120160331,2.925901323782289,0.4749193519239609,-0.007899580125076137,0.017913112488702553
1785122908.9199522,-2.247006019410437,-0.2172091754802696,2.9252855244086957,0.4749163815141164,-0.008139114255826278,0.018102268908842378
1785122908.9265444,-2.2491195870214535,-0.2168615596117224,2.924654165216098,0.47491592920256265,-0.008355068905139488,0.018282406333308965
1785122908.9297802,-2.2512360809110947,-0.21650966213637535,2.92400033981467,0.4749147831933263,-0.008598252201162674,0.01847284812402214
1785122908.9345748,-2.2533554174522057,-0.2161536881901889,2.92332383634442,0.47491511977714057,-0.008829447558177295,0.01866282549863158
1785122908.9444864,-2.255479070965112,-0.21579445255376337,2.922629864813565,0.47491943656174224,-0.009028801213875606,0.018840967102384157
1785122908.9474826,-2.257606167252668,-0.21543036370127688,2.9219115237518283,0.4749242694774169,-0.009252403058113505,0.019027789722234706
1785122908.9507003,-2.259738032111478,-0.2150625945211847,2.921174625821023,0.4749330518333766,-0.00945071250232178,0.01920618870919993
1785122908.9558241,-2.261876092266506,-0.21468920986466838,2.9204067588816502,0.474941400135826,-0.009686819528841992,0.0193847240151532
1785122908.9610581,-2.264020023805572,-0.21431092480950692,2.9196114175756454,0.474951018866679,-0.009908162352276718,0.01956210005739285
1785122908.9645185,-2.2661695457992175,-0.2139287577331832,2.918795451558533,0.47496414912559837,-0.010082550859175714,0.019735956469597436
1785122908.9713945,-2.268324393065397,-0.21354211364486878,2.9179600474765155,0.47497879350990363,-0.010261411270161487,0.019923351509405423
1785122908.9770715,-2.2704833327441234,-0.21315063875937518,2.9171036584276804,0.47499497227441767,-0.0104324662552286,0.02012632277079293
1785122908.9797087,-2.27264648542051,-0.2127552266753391,2.91623044765042,0.4750152683542789,-0.010561464437997797,0.020331949702738113
1785122908.9842088,-2.2748138787329806,-0.21235529959939525,2.9153400458470937,0.4750376435908945,-0.010700564716665804,0.020552734646011053
1785122908.9910824,-2.276984440774371,-0.21195057037880335,2.914429836724547,0.4750620710701773,-0.010836522641564247,0.020788092393397455
1785122908.9955642,-2.279156305586155,-0.2115414556393818,2.9134862765560525,0.4750881531527711,-0.010922771357524836,0.02103098996154107
1785122908.9997737,-2.281330285439871,-0.21112764199681175,2.9125181687033566,0.4751141161086092,-0.011025473455265186,0.021286354619751174
1785122909.0055747,-2.283506543115029,-0.2107093555468587,2.9115343124226105,0.47514084418512553,-0.011137426009302528,0.02154844249728076
1785122909.0132592,-2.2856854219566016,-0.2102874728794587,2.910542039624194,0.47517025984975414,-0.011238186824473967,0.021807165399729544
1785122909.0152102,-2.2878671217396698,-0.20986251056298938,2.9095457620302705,0.47520338882804264,-0.011323654895394844,0.02205757753168122
1785122909.0193608,-2.2900523656484384,-0.2094355537792578,2.9085513770892963,0.4752419076087851,-0.011378836401932619,0.022290970429514632
1785122909.026241,-2.2922414698113114,-0.20900611512515793,2.907559570430834,0.47528324854629805,-0.01145963748865391,0.02252211014329591
1785122909.029616,-2.2944336295097454,-0.20857469679393514,2.906576419269408,0.4753270682585964,-0.01154802197671463,0.02275161930934394
1785122909.034431,-2.2966283645419705,-0.20814103500903405,2.9055950358627585,0.4753743741731537,-0.011621661450855875,0.022972416501325272
1785122909.0415256,-2.2988269962642525,-0.20770706673147907,2.904626622613638,0.4754267866407938,-0.011664950727570523,0.023174801624079658
1785122909.0450125,-2.3010283110738063,-0.2072717986031331,2.903674396586398,0.4754798387736486,-0.011737685704859198,0.023380078628934958
1785122909.0493164,-2.3032323037979188,-0.20683625824355503,2.9027379582796184,0.47553632692326475,-0.011781081686283076,0.02357046221691023
1785122909.0548208,-2.3054389851116825,-0.20639995227844798,2.9018178946077064,0.47559379359181936,-0.011844413688066572,0.023758553833716792
1785122909.0605142,-2.3076472534022865,-0.2059627882497121,2.9009144872301134,0.47565179514982364,-0.011909028619717356,0.023944205394767434
1785122909.0645711,-2.3098580188856745,-0.2055259615012128,2.9000269000444185,0.47571255667595386,-0.011943183466199114,0.024113358032992763
1785122909.0702996,-2.312070004437909,-0.20508808668477532,2.8991555862697007,0.47577160040675653,-0.012007554882215032,0.024288546519678954
1785122909.0758588,-2.314282740490277,-0.20464988881092464,2.898301222044222,0.47583041172363544,-0.01205860206796245,0.024458755661021292
1785122909.0801895,-2.3164972563319726,-0.20421236288424974,2.897462793680936,0.4758906344153954,-0.012080696224159542,0.02461322007602362
1785122909.0849042,-2.318712332440604,-0.2037739267137203,2.8966393911898476,0.4759475535700989,-0.012138066130069335,0.024775845197437557
1785122909.0909832,-2.320927703185798,-0.20333561671258985,2.895834326434542,0.47600265355544435,-0.012186529823261044,0.024935867342683965
1785122909.0970013,-2.323144333087473,-0.20289816872024335,2.8950489831240733,0.4760582694175805,-0.012211474543143325,0.025084578537790045
1785122909.099952,-2.3253608653491384,-0.2024600913159723,2.8942799366885503,0.47610972596896406,-0.012275058143102466,0.025245578511778038
1785122909.1049898,-2.3275774957921995,-0.20202225410537145,2.893523278579384,0.47615960371460336,-0.012316419635688731,0.02540067705640744
1785122909.1149585,-2.3297944562988055,-0.20158402057959082,2.892777220476848,0.4762051963600984,-0.012385982974828843,0.025562875406147316
1785122909.1210382,-2.332010879057553,-0.20114519621877572,2.8920405368788535,0.4762460330632218,-0.012465070240705796,0.025732148484817165
1785122909.1254306,-2.334226673588726,-0.20070622264946844,2.8913137989627784,0.47628317098430556,-0.012531139049354649,0.025900940241471288
1785122909.1306815,-2.336443189572032,-0.20026798249650177,2.8905964036202088,0.47631820020229027,-0.012575494320927166,0.02606006534405237
1785122909.134709,-2.3386594210909504,-0.19982881119843146,2.889887218286424,0.47634658563504545,-0.012663518637801026,0.026233917121283163
1785122909.1430407,-2.340875181122996,-0.1993892614328158,2.8891862458705746,0.47636997644811363,-0.012751963146366724,0.0264124774213809
1785122909.1462827,-2.3430904785564883,-0.19894951796726804,2.888493709245251,0.4763891095046831,-0.01283136433628514,0.02659149129266482
1785122909.1493516,-2.3453053677776894,-0.19850977683548854,2.887812981047099,0.47640479551780796,-0.012903498564796336,0.026770085292019394
1785122909.155902,-2.3475200781942402,-0.19807029497036815,2.8871464666671915,0.47641733139748976,-0.012971084146125411,0.026946786030168916
1785122909.1613688,-2.3497347723836635,-0.19763095422862648,2.8864934078437865,0.4764265533030574,-0.013041064964856918,0.027121878525956905
1785122909.1650777,-2.3519495895122824,-0.19719157604198498,2.885852627262539,0.47643228905041873,-0.013117740825879475,0.02729617817520427
1785122909.1695595,-2.3541646888132512,-0.19675204005304742,2.8852234735967515,0.47643445467113904,-0.013202667897059303,0.02747041048869662
1785122909.1770296,-2.3563802460401417,-0.19631226450276645,2.8846054904952547,0.4764331370034519,-0.013295219332309939,0.027644732481318397
1785122909.1805732,-2.3585963831929546,-0.1958721391750011,2.8839983169124617,0.47642854013555697,-0.013394643102047462,0.02781903601699816
1785122909.1853294,-2.360813173083686,-0.19543152831007884,2.88340166742708,0.4764209376184588,-0.013500291246063537,0.027993130079282277
1785122909.1908875,-2.3630306559925685,-0.19499028131140797,2.8828153074464944,0.4764106491580199,-0.013611530981777885,0.02816678872525437
1785122909.1971998,-2.3652512747613,-0.1945482422223614,2.8822410133637737,0.4763986633609646,-0.013737416225984168,0.02832880891319447
1785122909.1993766,-2.3674745119901806,-0.19410509062394293,2.8816753747284096,0.47638500072877615,-0.013868199430709298,0.028487448543846154
1785122909.2047355,-2.369699135819417,-0.19366020099497058,2.881112912300457,0.4763695520277007,-0.013996698271033045,0.028650588509388022
1785122909.2118988,-2.3719244177630503,-0.19321344727518774,2.880552730081739,0.47635254806280364,-0.014118899371083484,0.02882099473761199
1785122909.2193835,-2.3741498407505417,-0.1927646584006215,2.879994320763529,0.4763342538262374,-0.01423545342578486,0.02899965978308217
1785122909.222968,-2.376375031139844,-0.19231366301256728,2.8794373617993902,0.4763149572237234,-0.014348297901884728,0.02918666004368213
1785122909.227246,-2.3785997142348974,-0.19186030648363875,2.8788816110881283,0.4762949581620464,-0.014459332027043486,0.02938160171583268
1785122909.2299078,-2.380823684657086,-0.19140445611087592,2.878326853876148,0.4762745586181246,-0.01456999093120559,0.029583854388221323
1785122909.2340791,-2.383046786293387,-0.19094600141259033,2.877772876132119,0.47625405375128355,-0.014681188802720005,0.029792675284645832
1785122909.2425387,-2.3852688985359998,-0.19048485253489905,2.877219451701329,0.476233724076381,-0.014793394783521206,0.030007277220193817
1785122909.246572,-2.38748988709926,-0.19002097511388455,2.8766673577128707,0.4762139031793507,-0.014907492366057857,0.030227505016427247
1785122909.2500508,-2.389709695128753,-0.18955430455305788,2.8761158615176443,0.47619477772665086,-0.015022883680139803,0.030452649187681688
1785122909.2556632,-2.391928298749638,-0.18908478051098151,2.875564073301304,0.47617648923682704,-0.015138924814690239,0.03068183537294174
1785122909.2612576,-2.394145681070824,-0.18861236000453235,2.875011330999599,0.4761591660319498,-0.015255189364892629,0.03091427235415718
1785122909.2655776,-2.396361828930655,-0.18813701422241264,2.8744570947962025,0.4761429155840661,-0.015371337427067353,0.0311492460863936
1785122909.2701375,-2.398576731414404,-0.18765872628421879,2.8739008919480744,0.47612782006794196,-0.015487058767610015,0.031386114342969194
1785122909.2765613,-2.4007903791627463,-0.18717748953876592,2.873342288246524,0.4761139342956536,-0.015602054761793245,0.03162430304620444
1785122909.2795124,-2.403002764003955,-0.18669330622678149,2.872780873672599,0.4761012853558455,-0.01571603760071738,0.03186330377546119
1785122909.2844748,-2.4052138786963417,-0.18620618641773212,2.872216255676046,0.4760898734618444,-0.015828735287428924,0.03210267171075376
1785122909.2909198,-2.4074237166910004,-0.18571614716160942,2.8716480565802898,0.47607967365734755,-0.015939897051789696,0.032342023443701816
1785122909.296516,-2.40963022525809,-0.18522291520755363,2.8710635232299713,0.47606940686195987,-0.01603293305135722,0.03258551079478807
1785122909.2993674,-2.41183367418887,-0.18472661478069363,2.8704688995998118,0.4760597804165145,-0.016123519837839335,0.03282392979295197
1785122909.3045816,-2.414034805367624,-0.1842275056492698,2.869871713838264,0.4760516683349811,-0.016221424276545795,0.03305069275493417
1785122909.3104055,-2.416234075822222,-0.18372582552124397,2.8692761852274944,0.4760455602553114,-0.01632772382912393,0.03326309350171644
1785122909.317253,-2.418431772453939,-0.18322177069170592,2.868684687524946,0.4760416939275654,-0.01644012730869018,0.03346034965596924
1785122909.319374,-2.420628068705261,-0.18271549440144588,2.8680986191064357,0.4760401230352999,-0.016555645023623337,0.03364270419520356
1785122909.3256876,-2.422823066052687,-0.18220711216338928,2.867518832761949,0.47604076472098705,-0.01667158728815522,0.03381094722935913
1785122909.3296504,-2.425016819384093,-0.18169670821326409,2.866945860637788,0.4760434345151075,-0.016785869706494448,0.03396615898799519
1785122909.3386614,-2.4272094206952795,-0.18118453927089007,2.86638161726085,0.47604793562647413,-0.016896264814412098,0.03410923887913154
1785122909.3461504,-2.4294008746604874,-0.18067065589455458,2.865826691942723,0.47605392739748464,-0.01700311929824457,0.034241656735440926
1785122909.3494186,-2.4315911469595757,-0.18015504523986595,2.8652810439857217,0.4760610330921315,-0.017106314390752712,0.03436487651862645
1785122909.3507237,-2.4337797741246012,-0.17963811412031777,2.864759663132631,0.47606998565943026,-0.017212336086793876,0.034487877942335134
1785122909.3650217,-2.435966874724952,-0.17911972997712655,2.864256637465026,0.4760798539477072,-0.01731458470301404,0.03461294139744051
1785122909.3677986,-2.4381527942297665,-0.17859963085173192,2.863763598975684,0.47608947910216487,-0.017409129695809655,0.0347397819262542
1785122909.3707895,-2.440337854630785,-0.17807760784366103,2.863275389862851,0.47609798650693586,-0.017495814935877936,0.03486839316322175
1785122909.3861046,-2.4425223327732413,-0.17755349379717308,2.8627886645041105,0.4761047186841837,-0.01757585565343526,0.03499891658128151
1785122909.3888857,-2.444706457921274,-0.1770271551380445,2.8623011342735603,0.47610919200570784,-0.017650708213627988,0.035131530818365266
1785122909.3904784,-2.4468904169405308,-0.1764984850818839,2.8618111544303173,0.47611106757263916,-0.01772162224563979,0.03526638117282683
1785122909.4006991,-2.4490743617428823,-0.17596739788075585,2.8613174940243,0.4761101299347092,-0.017789520651470995,0.035403542922773146
1785122909.4022899,-2.451258416656675,-0.17543382407018956,2.8608192044308662,0.47610626991998745,-0.017855017023041084,0.03554300764001331
1785122909.4035838,-2.4534426848344117,-0.17489770666816973,2.8603155415498547,0.4760994695930318,-0.017918477619702326,0.03568468357339173
1785122909.4064145,-2.455627184684179,-0.1743590675468973,2.8598084529811176,0.4760899754264437,-0.017981203027115023,0.035829702375384
1785122909.4141657,-2.457812019139126,-0.1738178441146443,2.8592964939633583,0.4760778123213143,-0.018042208078074905,0.03597803228740869
1785122909.416457,-2.4599973219425952,-0.17327395862307549,2.8587779149004637,0.47606301718757565,-0.01810085198279712,0.03612917226523709
1785122909.4264278,-2.462183218336514,-0.17272734746489074,2.8582515968189197,0.47604571351297725,-0.018157040692693648,0.03628264785287267
1785122909.4308908,-2.464369822694442,-0.17217795810994346,2.8577168015331167,0.4760260883350781,-0.018210857755460948,0.036438007254889986
1785122909.436504,-2.4665572391698434,-0.17162574698377608,2.857173032635319,0.4760043745891424,-0.01826239959227747,0.03659481890811263
1785122909.4458046,-2.468745563441438,-0.17107067787721447,2.8566199557114005,0.4759808371812391,-0.01831171751782723,0.03675267352337809
1785122909.4517856,-2.470934884669581,-0.17051272074910703,2.856057350553059,0.47595576163203934,-0.01835880942840342,0.03691118949105857
1785122909.4655793,-2.473125347830763,-0.16995178910437975,2.8554828172869997,0.47592927940812507,-0.018402658864619118,0.03706884837011276
1785122909.4668906,-2.475317009838408,-0.1693878841895969,2.8548971670857073,0.47590178207647404,-0.018444130190866097,0.03722515579256291
1785122909.4727387,-2.477509890224506,-0.16882103005211985,2.854301621747076,0.4758736919513216,-0.01848368812190319,0.03738004918739743
1785122909.4748776,-2.4797040091264138,-0.1682512461141752,2.8536969524541576,0.4758453800503504,-0.018521265543757208,0.03753346891028431
1785122909.4768655,-2.481899391901735,-0.16767854927062434,2.853083683474251,0.47581717304095666,-0.018556620520569153,0.0376853759744854
1785122909.4800136,-2.4840960222852884,-0.16710235312797578,2.852463636948041,0.47578953425357545,-0.018592111242464855,0.03783490484209004
1785122909.4819508,-2.486293730850916,-0.1665216934849729,2.8518399121972866,0.47576309627660757,-0.018627114121434897,0.03798053625411752
1785122909.4880285,-2.4884926019181073,-0.16593785648847043,2.8512097577355755,0.4757376732767897,-0.018654881229388676,0.038124326512446446
1785122909.4935138,-2.490692673024183,-0.16535088471096843,2.850573273724329,0.47571337808331865,-0.018675362710910526,0.038266604585950575
1785122909.4983163,-2.492893928651472,-0.16475950368031594,2.8499336449422326,0.47569065229325186,-0.01869584509678714,0.03840584052237991
1785122909.501057,-2.495096505325089,-0.16416510630762804,2.8492850308860933,0.4756689987380131,-0.01870542855299671,0.03854279124353074
1785122909.5059211,-2.497300521787354,-0.16356757960474258,2.8486286640809317,0.4756485059817248,-0.01871061721106413,0.03867746586244117
1785122909.5144472,-2.4995057810791494,-0.16296523753310274,2.8479708493294487,0.4756299282174729,-0.018718211700692797,0.03880764334756435
1785122909.520245,-2.5017123188316512,-0.16236025441511162,2.847307821082257,0.47561279309544197,-0.01871583982384167,0.03893674086086597
1785122909.5211568,-2.503920243374247,-0.16175248807012216,2.846640283484098,0.47559705559662735,-0.01870996271704787,0.03906513276688064
1785122909.5303671,-2.506129382521188,-0.16114019405492408,2.845973487496531,0.47558330078413324,-0.018707114797750654,0.03919036615316152
1785122909.5326421,-2.50833975102109,-0.16052492910032093,2.8453044674232406,0.4755711030075197,-0.018697525837143687,0.03931483056410698
1785122909.5348835,-2.5105513891656597,-0.1599067234547105,2.8446334301197598,0.4755603351373077,-0.018683434676415478,0.039438919301319056
1785122909.5426357,-2.512764332786863,-0.15928564745246637,2.84396055514778,0.4755508664977757,-0.01866611477405598,0.03956295408260534
1785122909.5477593,-2.5149785286076267,-0.1586612120419208,2.8432875911874183,0.47554276886828334,-0.01864755278535771,0.0396862968129494
1785122909.5514984,-2.5171941246649983,-0.15803476522502016,2.8426113844693113,0.4755354830508271,-0.018624091379658973,0.0398111157504726
1785122909.5566175,-2.5194135261431465,-0.1574040983839734,2.8419331610384555,0.47552956776437244,-0.01861102911531008,0.03992092492772132
1785122909.56016,-2.5216362611835894,-0.15677153967849464,2.841247778480871,0.47552412817528045,-0.01858791700785011,0.04002686514698357
1785122909.5656993,-2.5238610723444235,-0.15613576192727574,2.8405600060126996,0.47551924550379593,-0.018561630104166147,0.040135342588620615
1785122909.5690718,-2.526086962349931,-0.15549712890658343,2.839870787697361,0.4755147628667391,-0.01852695847041114,0.04025049495192238
1785122909.577321,-2.528313462050699,-0.1548576681358798,2.8391757996434253,0.47550988896709345,-0.0184794825027656,0.0403769680260301
1785122909.5801165,-2.5305400028872502,-0.15421533429007123,2.8384808571259805,0.4755050990283307,-0.01843480363499741,0.040512066581604125
1785122909.5853083,-2.5327660689752314,-0.15357054203207837,2.837786358946832,0.47550037396083134,-0.018388045626164383,0.040655621163102354
1785122909.59292,-2.534991473430276,-0.1529246962927817,2.8370892418869333,0.47549521883483564,-0.018337034445549693,0.04080898788246774
1785122909.5974457,-2.537215843680187,-0.15227663792545304,2.8363932356921495,0.4754899956770625,-0.01828868209917542,0.0409693599698013
1785122909.5995865,-2.539439103671631,-0.15162781763782943,2.8356942506824385,0.47548418554181,-0.018238689300480504,0.04113730410551253
1785122909.6048892,-2.541660875094596,-0.15097644549392905,2.8349980300404773,0.4754784213529753,-0.01819626415778715,0.04130876311420568
1785122909.6125057,-2.5438810463848034,-0.15032488122575408,2.834299928645811,0.47547213492131346,-0.018149275697168194,0.041485918613496035
1785122909.615239,-2.546099414220931,-0.14967176071837757,2.833603958484461,0.47546570424409385,-0.018109389587678975,0.0416657633911661
1785122909.6194398,-2.548315806479732,-0.14901808377953538,2.8329086525694027,0.47545895530086685,-0.01807020846811126,0.04184844129043266
1785122909.628847,-2.55053008459842,-0.14836398025839947,2.832214272423015,0.47545187023136126,-0.01803316855353019,0.04203306971975556
1785122909.6318855,-2.552742018047643,-0.1477089944244111,2.831522784198251,0.4754446534230546,-0.0180001187090668,0.04221785623607189
1785122909.6345053,-2.5549515140697125,-0.1470539677018342,2.830832582379018,0.4754370739751035,-0.017968160099621103,0.042403085905267764
1785122909.645727,-2.5571583949518333,-0.1463983261290379,2.8301456495295683,0.4754293085666626,-0.017941596109991877,0.04258704820234872
1785122909.6464117,-2.559362445353422,-0.14574238926142705,2.8294620612324803,0.475421354330033,-0.017916153908329093,0.042769275740721265
1785122909.6547418,-2.5615612015132716,-0.14508786710930033,2.82878131993698,0.4754126012884794,-0.01788243873258208,0.04296436786119957
1785122909.662018,-2.5637549356703246,-0.1444328014603327,2.8281093903441548,0.4754038977857202,-0.017858670110775594,0.04316081879801415
1785122909.6636832,-2.5659447185029367,-0.14377809208452164,2.827443998380302,0.4753952450645661,-0.01784162656969561,0.04335124934805076
1785122909.6659148,-2.5681313413259246,-0.14312369504106834,2.82678476715453,0.4753866810274885,-0.01783450495256258,0.04353155861544633
1785122909.6697261,-2.5703153868034025,-0.1424704037034464,2.8261295270529123,0.4753779880233517,-0.017832380913863997,0.04370109767669361
1785122909.6782904,-2.57249712000923,-0.14181685864481527,2.825481709034168,0.4753695408097802,-0.017840796963081003,0.04385735004692489
1785122909.6811633,-2.574676728615068,-0.14116326140831384,2.8248410709124068,0.47536128535206346,-0.01785433176051404,0.04400074265485156
1785122909.6846201,-2.576854414971438,-0.14051040644087118,2.824205574960331,0.47535290442842365,-0.0178669773758709,0.044133166769611806
1785122909.6903872,-2.579030374444763,-0.13985812328073527,2.8235752094228794,0.47534425526051227,-0.0178823050505084,0.044255497113783654
1785122909.697344,-2.5812046086506135,-0.13920577474753126,2.822951796075386,0.4753354644542359,-0.017900991224923394,0.04436776880130157
1785122909.6999876,-2.583377079675596,-0.1385534533732324,2.8223374263665324,0.4753265942535045,-0.01792128867359048,0.04447234242213848
1785122909.7041216,-2.585547818471244,-0.13790113747406005,2.8217312010167097,0.4753174501501959,-0.017941157789578308,0.04457071537434698
1785122909.7116532,-2.5877168882108075,-0.13724876069358177,2.8211318976799387,0.4753078075354079,-0.0179597609763565,0.04466397266776879
1785122909.715672,-2.5898843489316876,-0.13659624549597238,2.820538771044643,0.4752974925361603,-0.017977118524021497,0.044753174045426274
1785122909.7199438,-2.5920502523937525,-0.1359435115218536,2.819951339597161,0.47528637529696716,-0.017993563832633803,0.044839327743547056
1785122909.728064,-2.594214640979298,-0.1352904797876204,2.819369267797779,0.4752743650038583,-0.018009485670938262,0.044923368269183084
1785122909.7322354,-2.5963775484246714,-0.13463707460412797,2.818792300131094,0.47526140583920823,-0.01802521963493186,0.04500614114337862
1785122909.7347767,-2.5985390012504315,-0.13398322431214474,2.818220223617192,0.4752474733247453,-0.018041012889467602,0.045088393832628824
1785122909.7440562,-2.6006990203325233,-0.13332886144842063,2.817652846102537,0.4752325707660996,-0.01805702231938633,0.04517077139015905
1785122909.748121,-2.602857561270253,-0.132673957851138,2.81709235664196,0.4752168985803611,-0.01807404094748747,0.04525508726991896
1785122909.7509425,-2.6050146566523074,-0.1320184284073816,2.8165376238949955,0.4752004037359862,-0.018090973678087215,0.045342071005832575
1785122909.7543852,-2.6071703768638854,-0.13136217640819822,2.8159871439982744,0.4751830150561771,-0.01810728059224548,0.045431910882088
1785122909.761604,-2.6093247919840334,-0.1307051138554333,2.8154399283208322,0.4751647205693535,-0.01812298078153099,0.04552472368761568
1785122909.7653053,-2.6114779665924126,-0.13004716172598546,2.814895273513673,0.47514555151284965,-0.018138255393546066,0.04562055752503422
1785122909.76947,-2.6136299587357033,-0.12938824959512363,2.8143526365109848,0.47512557075205425,-0.018153274068545264,0.045719392527734735
1785122909.7779636,-2.6157808206340016,-0.12872831482059294,2.813811565790965,0.4751048640977319,-0.018168137093995833,0.045821144503404763
1785122909.7814035,-2.617930599962328,-0.1280673015481356,2.8132716630580217,0.47508353348902954,-0.01818287062843003,0.04592567171633173
1785122909.7846956,-2.620079341177627,-0.12740515972106245,2.812732561559823,0.4750616914169002,-0.018197441941596868,0.046032783783347825
1785122909.7901738,-2.622227086677447,-0.12674184419067253,2.812193913637049,0.4750394562387288,-0.01821177893399023,0.04614225162165164
1785122909.797739,-2.6243763104563467,-0.12607687965823713,2.811654126172928,0.47501715335452827,-0.01823327831050767,0.04624155779213328
1785122909.8002326,-2.626526489665837,-0.12541028351135167,2.811111631886364,0.4749945540452538,-0.018251945513880475,0.046338668150797194
1785122909.8045146,-2.6286764616618994,-0.12474212226582557,2.810565763764681,0.47497145956415565,-0.018262211720274965,0.04644142947700287
1785122909.8116176,-2.630825411739469,-0.12407239598521579,2.810016202715367,0.47494780670909886,-0.018263570775192483,0.046553345700904095
1785122909.8145819,-2.632972756843852,-0.12340108677724387,2.80946275942914,0.47492361596138927,-0.01825738554356453,0.04667562770437878
1785122909.819711,-2.6351180720821716,-0.12272818017080574,2.80890527634223,0.4748989592055355,-0.018245460411505526,0.04680827531565174
1785122909.8278265,-2.6372610430124,-0.12205367389838712,2.8083435873482254,0.4748739390805192,-0.01822945609535899,0.04695065135666324
1785122909.8310583,-2.6394014338654723,-0.12137758070885797,2.8077775048980578,0.47484867520651947,-0.018210694449841518,0.047101789522962574
1785122909.834619,-2.641539065889686,-0.12069992829041122,2.807206819646787,0.47482329453121275,-0.018190135209497055,0.04726056294701617
1785122909.8407195,-2.643673802300095,-0.12002075779821941,2.806631305397088,0.47479792424539197,-0.01816842140004188,0.047425779771186255
1785122909.8474305,-2.645805537644748,-0.11934012175986178,2.8060507258299956,0.47477268642121057,-0.018145945715796658,0.04759624023036796
1785122909.8506835,-2.647934226846847,-0.11865806189183402,2.8054634212288128,0.4747475926752294,-0.018122544708521583,0.04776998910413276
1785122909.855861,-2.6500597960243253,-0.11797466403247235,2.8048697332507397,0.47472280819411494,-0.018098990109213075,0.047945712041397526
1785122909.8611147,-2.652182161355307,-0.11729002789584432,2.804270228820556,0.47469850317041223,-0.018075578760524475,0.04812244435264191
1785122909.8649662,-2.6543012494502305,-0.11660425303537811,2.8036651712491234,0.4746748036001194,-0.018052202842240166,0.04829929836862962
1785122909.8694663,-2.6564169987962174,-0.11591743705361521,2.8030546620208643,0.47465179859008483,-0.018028626554069043,0.04847547287543372
1785122909.8794112,-2.658529359098568,-0.11522967449561879,2.8024387186826556,0.4746295455624316,-0.018004615128836093,0.048650262882945904
1785122909.8819318,-2.660638289876024,-0.11454105627908286,2.801817318333171,0.4746080743183668,-0.017979985048364757,0.048823066053878504
1785122909.8849926,-2.662743758934635,-0.11385166947297701,2.801190422388017,0.474587390564646,-0.017954615852594,0.04899338533672152
1785122909.8916104,-2.664845740980241,-0.11316159728052136,2.800557991005165,0.47456747922262404,-0.017928445390004363,0.04916082830009867
1785122909.8990395,-2.66694421645315,-0.11247091913467219,2.799919991688473,0.4745483076551077,-0.017901459436492375,0.04932510381901966
1785122909.9003139,-2.6690391705881744,-0.11177971085381004,2.799276404524011,0.4745298288405066,-0.017873680645401666,0.049486016688879
1785122909.9043796,-2.67112799851742,-0.1110888453881084,2.7986415492584746,0.4745134085535158,-0.01783463246905266,0.04966012236399503
1785122909.910729,-2.673211014218378,-0.11039790127642309,2.798010432324323,0.4744990911447167,-0.017792060533685775,0.04983984527232826
1785122909.916039,-2.675289458963626,-0.10970638222558675,2.7973755202279333,0.4744863175189606,-0.017752362901968292,0.05001677404076814
1785122909.9197319,-2.677364394792561,-0.10901401337755402,2.796732181954093,0.47447453420352886,-0.01771776970258582,0.05018729858037641
1785122909.9285028,-2.6794367223683215,-0.10832063277351509,2.796077446352092,0.4744632497379651,-0.017688472319710345,0.05035024305920028
1785122909.930783,-2.6815071975205025,-0.10762613172008248,2.7954093079656532,0.4744520683979116,-0.017663691338450978,0.05050557266586217
1785122909.9346638,-2.683576447213306,-0.10693042116807341,2.794726337914238,0.47444070542462874,-0.01764227481143384,0.05065371470999552
1785122909.9420285,-2.6856473508280456,-0.10623436523281464,2.7940227853378143,0.47443175912141244,-0.017601203301409567,0.050781159854046264
1785122909.9462755,-2.68771820853634,-0.10553641450734833,2.7933177553052664,0.4744189308600584,-0.01764214911321102,0.05093537597593145
1785122909.949955,-2.6897884951135134,-0.10483682015970312,2.792602719026756,0.4744052501430773,-0.017679453558686248,0.051098768922913755
1785122909.954947,-2.691858081605801,-0.10413522215012573,2.7918687682360854,0.47439190857384583,-0.01768946625885756,0.0512616171064952
1785122909.9608305,-2.693927090916991,-0.10343116898793848,2.7911105163103764,0.47437942957987833,-0.017672706736590504,0.051419524938842734
1785122909.9643784,-2.6959968856942127,-0.1027247807440649,2.790321138271384,0.4743703359113474,-0.017605465269895832,0.05155827821986818
1785122909.9702063,-2.6980682509577587,-0.10201479366601791,2.789502147460145,0.47435965360528654,-0.017595888917206443,0.0517072883821953
1785122909.9765449,-2.7001399499814105,-0.10130092817883407,2.7886544007557954,0.4743465554234773,-0.017616043636344426,0.05187053328131364
1785122909.9793346,-2.7022118553951726,-0.1005833298530266,2.7877752514690908,0.4743333497627421,-0.017621940426954228,0.052035664644580766
1785122909.9842453,-2.70428517642064,-0.09986240241117575,2.78685953323265,0.474323707423463,-0.017572923004493222,0.052183887166201606
1785122909.9917178,-2.7063605786319838,-0.09913698938759348,2.7859100303435196,0.4743131719876569,-0.017575775574608068,0.052343246186076275
1785122909.9953268,-2.7084366939021898,-0.09840689783673066,2.784928551889551,0.4743012587055906,-0.017602406632297216,0.05251685560215718
1785122910.0001013,-2.710513544837993,-0.09767168327878344,2.7838904721078803,0.4742874449171331,-0.017619581798863557,0.0526853612018486
1785122910.0045435,-2.7125929394252943,-0.09693299025558885,2.7828042332267375,0.4742757047595228,-0.01759193287536538,0.05283018235529493
1785122910.0099907,-2.714675644806839,-0.09619037945378939,2.781686825641998,0.4742630090064591,-0.017626246772434333,0.05297974848634392
1785122910.014546,-2.716760272161943,-0.09544417260857234,2.7805487159188678,0.4742497722548141,-0.017689385015825905,0.053138188042947565
1785122910.0196905,-2.7188464430732173,-0.0946952765146731,2.7793942264858664,0.4742392223442758,-0.017733191416478587,0.05329286401479264
1785122910.0281951,-2.7209339870632885,-0.09394498131196309,2.7782234564330084,0.4742329595283017,-0.017743901993322077,0.05343901143024174
1785122910.0315335,-2.723022840470781,-0.09319320025424588,2.777038815502449,0.47423201099613954,-0.01773269018287618,0.053573775863921626
1785122910.0341666,-2.7251127588976063,-0.09243921761741054,2.775844839193209,0.47423723453831784,-0.017709079725909727,0.05369503713807555
1785122910.0394323,-2.727204965419884,-0.09168553136994603,2.774633962383384,0.4742507069270762,-0.01763921480094493,0.053792649021966205
1785122910.0452907,-2.7292999560805784,-0.09092940656560276,2.7733908999094767,0.4742645621243715,-0.017649644072812998,0.053888989131787426
1785122910.0496721,-2.7313967839665136,-0.09017170617885592,2.772131358588575,0.47427794085844593,-0.017713889215494914,0.05398932029296958
1785122910.0546222,-2.7334952940131734,-0.08941491129858088,2.770867268140781,0.4742938563748018,-0.01777494219395875,0.05408469064256679
1785122910.0611625,-2.7355951748807037,-0.08865982779284994,2.7696078222612504,0.4743141714242263,-0.017820838608890683,0.05417013046754583
1785122910.0648482,-2.737695790667827,-0.08790542380420059,2.7683641319320773,0.4743404085345724,-0.017857100401106985,0.05424116747175695
1785122910.0691745,-2.7397969865615894,-0.08715469896334287,2.7671323534556533,0.47437223374987747,-0.01787332489297201,0.05430119596976105
1785122910.0769842,-2.7418982304268007,-0.0864060354093433,2.765920606835725,0.47441013140673705,-0.0178891653014461,0.05434800228052638
1785122910.0809543,-2.743999035116568,-0.08565992639202712,2.7647308684933716,0.47445387990988364,-0.017902032729499525,0.054382730295664296
1785122910.0846548,-2.7460991325288884,-0.08491733194855465,2.763562209815859,0.47450275033061395,-0.01791321045963395,0.05440785879693164
1785122910.0899825,-2.748198064112159,-0.08417755470090951,2.7624183563626006,0.47455636621455266,-0.017930667198615063,0.05442358619684032
1785122910.0954878,-2.750295425248765,-0.08344227108527812,2.761313945577735,0.4746160437759649,-0.01794151579631202,0.054437655329595665
1785122910.099741,-2.7523926862061803,-0.08271019436590192,2.7602409783251507,0.47468448303312777,-0.01792765962929855,0.05443348450543552
1785122910.1042423,-2.754487401511559,-0.08198145670771864,2.7591907881375373,0.47475091197276226,-0.017994254800638366,0.0544618159692126
1785122910.112529,-2.7565787048225223,-0.08125460092784093,2.7581606534927547,0.4748174714637669,-0.018072768493631503,0.05450245173530888
1785122910.1143963,-2.7586673917042046,-0.08053078255585171,2.757143176370106,0.47488705704983125,-0.01809963451437497,0.054533992867753234
1785122910.1198986,-2.760753644598329,-0.07980853927601948,2.75613883119241,0.47495415240194877,-0.01818722100210367,0.0545835544537817
1785122910.1294756,-2.7628359889540786,-0.07908844988202657,2.7551454770570456,0.4750168227466049,-0.018299756759855196,0.054656218413156155
1785122910.1317222,-2.764913940597007,-0.07836931062948096,2.7541660025018624,0.47507709764487066,-0.018400530293071683,0.0547368276192589
1785122910.133854,-2.766988888192072,-0.07765389838947218,2.75319152458528,0.4751373202895369,-0.01843983906929961,0.05480916649359837
1785122910.1388867,-2.7690609762458473,-0.07693911662471806,2.7522295383042468,0.4751927579630861,-0.01854376064594068,0.0548983388841365
1785122910.1458774,-2.7711310563376244,-0.076223922113246,2.751272158066811,0.4752404934071523,-0.01869468697139969,0.05499633698238057
1785122910.1493664,-2.773199190485915,-0.07551114751606894,2.7503168341830686,0.4752810233519518,-0.018828871939672313,0.055102919991757995
1785122910.1542559,-2.775264421541846,-0.07479976614526399,2.749373945764879,0.47531581659655703,-0.018940364993678748,0.05521703412699691
1785122910.1608162,-2.7773260412930156,-0.07409029947812734,2.748446659079782,0.47534544893274255,-0.01902776653745489,0.055338982946680305
1785122910.164803,-2.7793834588113393,-0.07338295883150253,2.7475371613819717,0.47537027842873164,-0.0190979806333137,0.05546816655690552
1785122910.169221,-2.781436190407056,-0.07267782628685547,2.746647063381736,0.4753905595054485,-0.019158803502808203,0.055603460899560316
1785122910.175623,-2.7834838384621983,-0.07197493150960894,2.745777617419901,0.475406506104165,-0.019216511589448152,0.055743448807352096
1785122910.1799476,-2.7855260701236153,-0.07127428220745774,2.744929837237087,0.47541832488903624,-0.01927542884212496,0.05588656823282237
1785122910.1845486,-2.7875625995242896,-0.07057587440673933,2.744104564984029,0.475426230945673,-0.01933818228464137,0.05603121202123572
1785122910.1893072,-2.789593174175122,-0.06987969436110238,2.7433025096297037,0.47543045338744194,-0.019406122260194673,0.05617579751757874
1785122910.1970472,-2.791615395248657,-0.06918623633789901,2.742517986009137,0.47543056960070584,-0.01947112648369256,0.05632647220471485
1785122910.2000077,-2.7936295856962587,-0.06849549541585964,2.7417560524984568,0.47542762130303173,-0.019546937325572212,0.05647229306044028
1785122910.204329,-2.7956365674449697,-0.06780740646877115,2.7410218350998288,0.47542267480965067,-0.01963981992368578,0.05660426638317681
1785122910.211722,-2.797636817012309,-0.06712195961814449,2.740318260344708,0.47541647530927456,-0.01974880320333529,0.05671792922498325
1785122910.2147486,-2.799630600122333,-0.06643914007902332,2.7396470574057665,0.4754095454272623,-0.019870443671004333,0.056811286670331834
1785122910.219441,-2.8016180498798526,-0.06575890231167024,2.739009279746368,0.4754022462518221,-0.02000094801551454,0.056883737520265536
1785122910.2296596,-2.803599213420171,-0.0650811610936201,2.7384055775709406,0.47539481628816066,-0.020137003132406198,0.056935504241928
1785122910.232231,-2.8055740807447536,-0.06440579079290995,2.7378363407959063,0.4753873979407998,-0.020276005760978523,0.05696732046684974
1785122910.2344775,-2.8075426032997877,-0.063732628450036,2.737301774758622,0.47538005706073183,-0.02041603615218627,0.056980250323796736
1785122910.2391338,-2.8095047064884286,-0.06306147844895582,2.736801941126404,0.4753727985557679,-0.02055574048197862,0.0569755756071834
1785122910.2460225,-2.811460012694098,-0.06239230856335486,2.7363483537427387,0.4753664423907251,-0.02069602619969451,0.056961358499340455
1785122910.2500222,-2.813408490121998,-0.061724692237080936,2.7359360871942533,0.4753604068356105,-0.02083060556613564,0.05694093117949614
1785122910.254955,-2.815350299657981,-0.0610581052393749,2.7355583904183347,0.47535391527273335,-0.020957117325096634,0.05691521736712664
1785122910.2615733,-2.8172856107728657,-0.06039204758430531,2.7352110276578916,0.4753464040670849,-0.021076262153725805,0.0568851234203338
1785122910.2654655,-2.819214572215843,-0.05972604756670174,2.7348911415084163,0.47533746600263127,-0.0211896345761879,0.05685153709181707
1785122910.2698596,-2.821137305621868,-0.05905966255007521,2.7345966402081476,0.4753268145143205,-0.02129875368004655,0.056815287608883686
1785122910.275525,-2.823053908380293,-0.058392477229869844,2.7343258652782447,0.475314259830212,-0.021404731923390027,0.05677711001711733
1785122910.280216,-2.824964459410156,-0.057724100605938335,2.7340774100039766,0.47529969167262914,-0.021508238946912162,0.05673762282794705
1785122910.2851515,-2.826869025242487,-0.0570541628247666,2.733850019398191,0.4752830656045333,-0.021609577088853974,0.05669731734515935
1785122910.2905242,-2.828767663738692,-0.0563823079623522,2.7336424796305665,0.4752643910591784,-0.021708786212944427,0.05665655753245704
1785122910.2949553,-2.830662550534904,-0.05570770498706578,2.7334623367883935,0.47524458373225204,-0.021815060790676483,0.05660902124851433
1785122910.2992222,-2.8325532306638492,-0.055029985363525116,2.733303127683634,0.47522288053777456,-0.021913428941965598,0.05656458049866226
1785122910.3041847,-2.834438794576869,-0.05434882579104054,2.7331578202060016,0.4751984715545988,-0.02199628029107408,0.05653083830284805
1785122910.3107462,-2.8363186853270754,-0.05366383760558434,2.733021878950751,0.4751709243787042,-0.02206357613076402,0.05651095333362401
1785122910.314585,-2.8381925631476737,-0.05297463840797468,2.7328921974232823,0.47514007336618475,-0.022117945116886435,0.0565056779931061
1785122910.3192136,-2.840060227750001,-0.05228088016869698,2.7327664883700282,0.4751059379749151,-0.022162372182995663,0.056514460743122795
1785122910.3282177,-2.841921572602746,-0.051582257284857616,2.7326429412597437,0.47506866743267034,-0.02219931097364838,0.05653603833445429
1785122910.3312173,-2.8437765575258527,-0.05087850693766907,2.7325200413640114,0.4750285022377931,-0.022230463787596556,0.05656876129476289
1785122910.334201,-2.8456251916207975,-0.05016940623145752,2.7323964734541604,0.47498574558451057,-0.022256836402809916,0.05661078180363717
1785122910.3450449,-2.847467522165859,-0.0494547682720278,2.732271069890471,0.4749407409483132,-0.02227888320901729,0.05666016932860728
1785122910.346839,-2.849303627056204,-0.048734438185293084,2.732142781986919,0.47489385385527005,-0.022296662011933345,0.05671498718428099
1785122910.3495142,-2.8511315048114363,-0.048008733285070236,2.732000205418864,0.47484453553299494,-0.022300723322141412,0.05677924537874613
1785122910.3548093,-2.8529517848061308,-0.04727760978848145,2.7318483439062398,0.4747941175139442,-0.022306590418468945,0.056840954493236666
1785122910.3617709,-2.8547655555566624,-0.04654102951576693,2.731693146218216,0.47474397145683495,-0.022321215797537347,0.056890780481064454
1785122910.365705,-2.8565735667542818,-0.04579903568274753,2.731537701992077,0.4746950465087837,-0.022343472239696134,0.0569239770085146
1785122910.3700426,-2.8583763715480432,-0.04505169213632637,2.731383599964722,0.4746479922493768,-0.022369595287019213,0.05693828712205418
1785122910.3762093,-2.860174406404399,-0.04429905835888096,2.73123163803096,0.4746032348999223,-0.022395574378604698,0.05693286404218285
1785122910.3799288,-2.861968036601739,-0.04354118149893606,2.7310821957870495,0.4745610267545664,-0.022418055075923874,0.05690770525371439
1785122910.3843577,-2.863757582706456,-0.042778096126476504,2.730935430752601,0.474521480801669,-0.02243455859828016,0.056863345471480045
1785122910.3899343,-2.8655433364077485,-0.0420098271614461,2.7307913821973995,0.474484597243195,-0.0224434191936836,0.05680068046650847
1785122910.3957114,-2.867325588220402,-0.04123638043112807,2.7306492311775337,0.47445022946918186,-0.02244349054601095,0.056720419274685
1785122910.4006896,-2.8691045921597866,-0.04045778483548043,2.730509238523793,0.47441825159504497,-0.022434633191768735,0.05662375504105737
1785122910.4041097,-2.8708805807423534,-0.039674076308655895,2.730371767892296,0.4743884928169702,-0.02241681217137117,0.05651216624380851
1785122910.4114308,-2.8726537798226173,-0.03888529268741961,2.7302369985521318,0.47436072659818496,-0.022390035843067556,0.05638720686495788
1785122910.4148676,-2.874424412431006,-0.0380914760933227,2.7301050088255336,0.4743346889264636,-0.022354412452630906,0.05625046018578504
1785122910.4193661,-2.8761927004294656,-0.037292674967814306,2.7299758218806307,0.47431009319912953,-0.022310150662582403,0.05610350189744672
1785122910.4291313,-2.8779588650622716,-0.036488945728264464,2.7298494314368646,0.4742866424700346,-0.022257537396573254,0.05594786841874507
1785122910.4308128,-2.879723126952513,-0.03568035401074483,2.7297258166329623,0.4742640395224774,-0.022196910955257276,0.055785029384950155
1785122910.4346051,-2.8814857058270733,-0.034866975499379824,2.7296049509392937,0.4742419950720613,-0.022128637501159905,0.05561636431123113
1785122910.4396162,-2.883246820116947,-0.034048896371419723,2.7294868076964383,0.474220234317788,-0.022053093532512055,0.055443143658508956
1785122910.4449584,-2.885011113767152,-0.033225212840131566,2.72938434214709,0.47419977050776224,-0.021987998067088975,0.0552499650907115
1785122910.4507108,-2.886777733836164,-0.032396033548799906,2.729289043963344,0.47417890152225717,-0.021906650294191345,0.055056565639053826
1785122910.4544387,-2.8885448084374286,-0.03156158118099502,2.7291919582496704,0.4741558992017715,-0.021795765359278272,0.054879450425916784
1785122910.4615867,-2.8903111683045664,-0.03072194758474762,2.729088272758555,0.4741296674112617,-0.021655975290519894,0.054726238893335
1785122910.465878,-2.892076074750817,-0.02987719677913545,2.7289752844976234,0.47409954901604734,-0.02149275628275894,0.05459978832926522
1785122910.4695625,-2.8938390643150944,-0.02902741562895908,2.7288514179185137,0.474065200351912,-0.02131232034108594,0.05450036432079783
1785122910.4744484,-2.895599855093317,-0.028172731892797384,2.728715715899118,0.4740265099774304,-0.021120025333723525,0.05442678932947182
1785122910.4801102,-2.897358288611301,-0.02731331728199175,2.728567574701912,0.47398354262126785,-0.02091994137500477,0.05437706669653098
1785122910.4843476,-2.8991142925686186,-0.02644938392986905,2.7284066051268474,0.47393649748801653,-0.020714904845735956,0.05434873416842551
1785122910.4893222,-2.900867856124702,-0.025581178279837892,2.728232558922026,0.47388567506803364,-0.020506743556638694,0.054339076807760775
1785122910.4954343,-2.902619061771148,-0.024708939319048526,2.7280430664094975,0.47383129477733765,-0.020296160095015815,0.05434404633742513
1785122910.4991975,-2.904367961550422,-0.023832989711138192,2.7278388983769744,0.4737738856607403,-0.02008477452647632,0.05436042366724652
1785122910.5044146,-2.9061145930914125,-0.022953676368108304,2.7276211550837246,0.473714038211075,-0.019873245877264224,0.05438549589340245
1785122910.5105293,-2.9078590081377644,-0.022071349657071047,2.7273904984524346,0.47365231452208506,-0.019661517898028107,0.054416664720924324
1785122910.514378,-2.909601274276739,-0.021186358966132534,2.7271473604021645,0.4735892438482174,-0.019449254347640176,0.05445149392496772
1785122910.5200195,-2.911341473290773,-0.020299049260418388,2.7268920516064603,0.4735253177395862,-0.01923606828945965,0.054487752816202974
1785122910.5278134,-2.913079698407608,-0.01940975873939479,2.7266248191190554,0.47346098573311474,-0.019021631261458945,0.054523449938930095
1785122910.531372,-2.9148160514493933,-0.01851881730232205,2.726345876610169,0.47339665209675214,-0.01880571646887387,0.05455685659121387
1785122910.5350926,-2.9165506402900916,-0.017626545575453734,2.726055419912079,0.4733326738494083,-0.01858820823133252,0.054586520994231044
1785122910.5436149,-2.918283578655071,-0.016733255706731523,2.72575362997693,0.4732693644366735,-0.018369037750273678,0.054611250534241755
1785122910.5466092,-2.920014986978652,-0.015839253362507494,2.7254406389869077,0.4732070232033366,-0.018147973277040635,0.05462996598979763
1785122910.548982,-2.921745061635026,-0.014944742836758331,2.7251117649232954,0.4731455150138154,-0.01792504368949636,0.05463936273768342
1785122910.55486,-2.9234738963542704,-0.014050084039827713,2.724769255608973,0.4730852258961548,-0.01770277710438165,0.05463835397670482
1785122910.5621483,-2.9252015077209155,-0.013155661422133445,2.7244160487119684,0.47302657847443774,-0.017482133167629286,0.05462706060303895
1785122910.5650632,-2.9269279032838194,-0.012261835858805989,2.724053954415652,0.47296986860353596,-0.017262907838044305,0.05460579752205878
1785122910.5700705,-2.9286531024055726,-0.011368950499077064,2.72368406713835,0.47291535561245057,-0.017044111475651533,0.05457473001331972
1785122910.575835,-2.9303770950906913,-0.01047730341317515,2.723307032423358,0.47286326108701626,-0.016825175099489498,0.05453402125405428
1785122910.58308,-2.932099844496547,-0.009587153739328369,2.7229232169362763,0.4728137627468238,-0.016605989196491144,0.05448392173091059
1785122910.5853653,-2.933821294336478,-0.008698730151707268,2.722532802775199,0.47276699478368434,-0.016386759803399372,0.05442479564971942
1785122910.5895412,-2.935541373878169,-0.007812236874686269,2.7221358421189183,0.4727230490639999,-0.016167898052106843,0.05435713007283059
1785122910.5957725,-2.937260029577983,-0.006927768372256624,2.7217288798995636,0.4726815232033687,-0.01595155059441463,0.05428046308388855
1785122910.599746,-2.938977272386114,-0.006045622536690158,2.7213136297570566,0.4726424527921653,-0.015738995064001907,0.054195476965792404
1785122910.6048276,-2.9406930458239753,-0.005166100419646419,2.720892156750948,0.4726059893178514,-0.015530323552719298,0.05410321587951745
1785122910.6111612,-2.942408499535814,-0.004290214254634404,2.720462469195935,0.472574803580528,-0.015290814837517652,0.05399074432028229
1785122910.6148233,-2.944123762030141,-0.0034169655430240525,2.7200285190097415,0.4725438140246503,-0.015129817355686439,0.0538892296209789
1785122910.6202385,-2.9458370952099466,-0.002546529024335755,2.719592967828669,0.4725119820763386,-0.01501061117462917,0.05380408033505253
1785122910.6281102,-2.9475480348474394,-0.0016796758200418149,2.7191547904614852,0.4724816565599299,-0.014880542038420526,0.0537226122368712
1785122910.6337736,-2.949256284439701,-0.0008167370811802862,2.718713494740213,0.47245404417287556,-0.014728173767920192,0.05363885828336638
1785122910.636044,-2.950961661616504,4.213298676637527e-05,2.718268817117798,0.4724296542871149,-0.014557442549497118,0.0535505769310845
1785122910.6424682,-2.9526640567491467,0.0008968386900640545,2.7178205777624163,0.47240858385473355,-0.014376216828493256,0.05345749666756528
1785122910.6464114,-2.9543607241106735,0.0017468341985103705,2.7173411938357424,0.4723876790217505,-0.01418639772255491,0.053363032420191116
1785122910.6498036,-2.9560527590793555,0.002591409887728102,2.7168463891308603,0.4723682795280672,-0.014019395306875616,0.05325323755461082
1785122910.6550434,-2.9577415310508646,0.0034298562957039247,2.716354402623459,0.4723522209947977,-0.013887004194741369,0.053119753441426394
1785122910.662619,-2.959427737402282,0.004261490436403479,2.7158757892462813,0.47234053633620177,-0.013786925133662383,0.05296014906084297
1785122910.6652234,-2.961111718699658,0.005085704256636026,2.715416914514229,0.47233372956603226,-0.013712269780956077,0.05277487061492211
1785122910.6696923,-2.962793630856562,0.0059019741093476585,2.7149817069137505,0.47233202096019394,-0.01365523434840135,0.05256535840171902
1785122910.6756456,-2.964473466400404,0.006709899867069748,2.7145726364238345,0.4723354331022279,-0.013609810512081044,0.05233348284288152
1785122910.6811233,-2.9661510960069815,0.007509195813885865,2.7141912979345517,0.4723438181913328,-0.01357219662586633,0.05208139336394849
1785122910.684524,-2.967826311812531,0.00829966768848977,2.7138387320209145,0.472356887986985,-0.013540330949316396,0.05181140311872627
1785122910.6891854,-2.969498856308554,0.009081194230630446,2.7135156078297915,0.4723742384923823,-0.013513398894516162,0.05152592978096512
1785122910.6982648,-2.9711684425281777,0.00985371249850066,2.713222331910446,0.4723953725014198,-0.013491405789730558,0.05122745578093384
1785122910.7015467,-2.972833343482698,0.010616589756728226,2.712965099813039,0.47242064540394724,-0.013464947521939625,0.05092632054477527
1785122910.7040014,-2.974495859566822,0.011369176779468963,2.7127370039804295,0.4724530551495755,-0.013417015332420153,0.05060334395112447
1785122910.7133892,-2.9761538140515307,0.012114069493783245,2.7125426527220124,0.4724837246328469,-0.013470102214898647,0.05030139415555942
1785122910.7161481,-2.9778069915955916,0.012850680904653005,2.7123779128904006,0.4725150103282111,-0.013538576365007424,0.050002409395264555
1785122910.7192562,-2.9794552878668132,0.013578987533212331,2.7122403158962576,0.472547821154018,-0.013596902181141636,0.04969864024299606
1785122910.7264504,-2.9810986740332046,0.014299196681094433,2.712128242169606,0.47258222719081505,-0.01364335094396479,0.049387880336373646
1785122910.7301254,-2.9827396683492453,0.015010402355347797,2.712036472555263,0.47262089607736885,-0.013660587229084661,0.049055251499253855
1785122910.7339158,-2.984375923286106,0.01571526325982719,2.7119710932795615,0.4726551115226473,-0.01376943549636062,0.04874756586742199
1785122910.7394922,-2.9860071594749336,0.016413107627125986,2.711929545678066,0.4726871611659849,-0.01388729611915982,0.04844974702756781
1785122910.74681,-2.987635423649966,0.017104414017784786,2.711918759276401,0.4727189160407335,-0.013999270070892786,0.04814804393603809
1785122910.7491596,-2.9892601359861977,0.017789460470664178,2.7119324537080343,0.4727497730533092,-0.014091148168622504,0.04784992046845423
1785122910.754483,-2.9908815014092935,0.01846778304693848,2.711961500222084,0.47278095320751956,-0.014131850843804328,0.04755060311672797
1785122910.7615168,-2.992499185135861,0.01914099693354442,2.7120049082357043,0.47280681061265134,-0.014230634397068717,0.047282043181450316
1785122910.7649784,-2.994111471885976,0.01980961525397457,2.71206201150714,0.47282562024184555,-0.014361012950012969,0.0470507310312159
1785122910.769638,-2.9957179959415488,0.020473436486058632,2.7121302645483008,0.4728389087020549,-0.01448074323658505,0.04684577316603571
1785122910.7760456,-2.997318630712826,0.021132622664877677,2.712208245147183,0.4728473524483054,-0.014583306278503246,0.04666159250334644
1785122910.7806945,-2.9989134117463063,0.021787458595886093,2.7122951204328296,0.4728511872438268,-0.014674167272423475,0.04649532883954772
1785122910.7838578,-3.000502508787816,0.02243823063570597,2.712390290682055,0.4728505315541246,-0.014759926356177198,0.04634496610512177
1785122910.7904894,-3.0020861282814115,0.023085225098718066,2.712493121720517,0.4728456035177524,-0.01484536829645693,0.04620825173511566
1785122910.7954626,-3.003664294812633,0.023728678508660648,2.712608705089789,0.47283709056927486,-0.014935221995469664,0.04608607165401658
1785122910.7995472,-3.0052371477433786,0.02436900280219287,2.712734205751293,0.47282509730197114,-0.01502904743913167,0.04597716212091301
1785122910.8040168,-3.0068048950188606,0.025006644273729582,2.712865965670964,0.4728096828798933,-0.015126859242744295,0.04587913439884568
1785122910.8110929,-3.0083677392503523,0.02564202713191252,2.713001631463442,0.47279103931159067,-0.015229092303366009,0.04578964991711282
1785122910.8145514,-3.00992586689233,0.026275554258470165,2.713139593958772,0.4727694505437019,-0.015335947027403922,0.045706488791875756
1785122910.8193762,-3.011479446851203,0.02690761024629336,2.71327867184934,0.47274525992510175,-0.015447210741564844,0.045627591202581315
1785122910.8283925,-3.013028631044334,0.02753856790478359,2.7134179120505277,0.4727188452759594,-0.015562349597049744,0.04555108449572919
1785122910.8314965,-3.0145735568805394,0.028168792793896984,2.713556524449169,0.4726906077503601,-0.015680712802331444,0.04547525782258945
1785122910.8346384,-3.016114352351412,0.0287986425049735,2.7136938297323874,0.4726609528779085,-0.015801485907085962,0.04539859141021995
1785122910.839626,-3.0176511401546184,0.02942846663045142,2.7138292247595115,0.472630275882879,-0.01592372494471925,0.045319775907221756
1785122910.8476074,-3.019181777150307,0.030058058824431962,2.713957459436627,0.4725983849516909,-0.01603756616287144,0.04524712694393278
1785122910.8516135,-3.0207069020422934,0.03068782437975298,2.7140813335733363,0.47256625453427303,-0.016154600292555728,0.04517085198842077
1785122910.8601143,-3.0222276990641563,0.03131821707581225,2.714203723930647,0.47253482883565034,-0.016280265554646393,0.04508252710113711
1785122910.86251,-3.023745008948151,0.03194959219662787,2.7143259394528845,0.4725047430009433,-0.016413559988322248,0.04497826739093548
1785122910.8658292,-3.025259457230255,0.03258226784383622,2.7144484872761616,0.4724764134330553,-0.016551308529072425,0.04485665453070133
1785122910.8693624,-3.026771531038695,0.03321655100275186,2.7145714652036155,0.47245009483318307,-0.01669004962874427,0.04471764114885037
1785122910.8768384,-3.028281626198328,0.03385274689740988,2.7146947624174596,0.4724259176001905,-0.01682676801107942,0.04456196136103738
1785122910.8811293,-3.029790076952501,0.034491160609552096,2.714818161813903,0.4724039140457269,-0.016959095959180465,0.04439080405253036
1785122910.885167,-3.0312971752834277,0.03513209524907981,2.7149413919593095,0.4723840382886458,-0.017085289639345858,0.044205623203679004
1785122910.8897905,-3.032803183869996,0.03577584862175567,2.7150641532159,0.47236618240534234,-0.017204125402629944,0.04400802063711325
1785122910.8952408,-3.034313940972203,0.036424496574498096,2.7151562955409254,0.47234923863335554,-0.017318159291921438,0.043757374081951905
1785122910.899909,-3.035827918950072,0.03707770147554644,2.715226061866714,0.47233322221789165,-0.017424530525039016,0.04346874230952377
1785122910.90435,-3.0373421393365008,0.03773464794616438,2.7152875530715592,0.4723183523369702,-0.01751973854967622,0.043163334691884825
1785122910.9101698,-3.0388545294672253,0.038394814801723486,2.715349119199696,0.47230483157061787,-0.017600276767716826,0.04285236795605197
1785122910.9153547,-3.0403635192932215,0.039057837058584795,2.715416122203275,0.47229276449446755,-0.0176649234806062,0.04254191374814234
1785122910.9191713,-3.041867899891811,0.0397234330556705,2.715492154021338,0.47228215275751556,-0.01771393887688637,0.042235230306250156
1785122910.9278958,-3.0433667329462213,0.04039136797092216,2.715579658196109,0.4722729103605064,-0.017748282430544167,0.04193396657687593
1785122910.9302864,-3.0448592830758905,0.041061428943887784,2.7156803316839104,0.4722648784176042,-0.017769167524670122,0.04163882187510723
1785122910.9345336,-3.046344966589096,0.04173341042017701,2.7157953692274424,0.4722578397856207,-0.017777815521590197,0.04134990576962993
1785122910.9409864,-3.0478233132773296,0.04240710599548939,2.715925617565901,0.472251532988141,-0.017775328971400238,0.04106693674974612
1785122910.946789,-3.049299019405823,0.0430835810537086,2.7160682173162733,0.4722462845139773,-0.017775491174787786,0.04076088664506725
1785122910.948844,-3.050770430421689,0.04376227137441255,2.7162223224627877,0.4722411414969925,-0.0177631749111956,0.04044689274647353
1785122910.9546416,-3.0522346902820447,0.04444238221976763,2.716388688877877,0.47223511199143975,-0.017729797603810195,0.04014106617929383
1785122910.9608996,-3.053689771552373,0.04512333171431627,2.7165681641794635,0.47222749172959044,-0.01767494425989564,0.03985044756454368
1785122910.9642484,-3.055134179125138,0.04580464034884465,2.7167614795379467,0.47221778428618716,-0.017601280543758722,0.03957713074650263
1785122910.9695878,-3.056566768064911,0.04648587677221397,2.7169691993892355,0.4722056457082536,-0.017512226378297597,0.03932051249523962
1785122910.9751098,-3.0579866300154306,0.04716663199969642,2.7171917333006705,0.47219084558406604,-0.017410981856731768,0.03907853450735683
1785122910.979863,-3.059393021205612,0.04784650827144995,2.717429368073639,0.4721732388610106,-0.0173001925707408,0.038848381612238074
1785122910.9852786,-3.0607853160163017,0.048525115571193114,2.717682302673615,0.4721527446954041,-0.017181901320405764,0.03862688487926572
1785122910.9898417,-3.0621629764898364,0.04920207212258674,2.7179506794742436,0.47212933003627106,-0.01705761567530068,0.03841076300991021
1785122910.9957902,-3.0635318052185494,0.04987922429491087,2.718186945433591,0.47210221146437686,-0.016915020195493822,0.03814058030474025
1785122911.0002468,-3.064888760027666,0.05055560613361999,2.7184041892610122,0.47207233455496184,-0.016767194087098515,0.03782289249311066
1785122911.004419,-3.0662293391623274,0.05122952395151233,2.718624834012041,0.4720405591388961,-0.01662167209711731,0.03747610208197202
1785122911.011085,-3.0675502747774694,0.051899559847661356,2.7188626462065755,0.47200730326668583,-0.016479011950148115,0.03710974115377627
1785122911.0143123,-3.0688491137175364,0.05256451958630386,2.719126352982195,0.4719727066176241,-0.016337483357704043,0.036728290373333174
1785122911.0185628,-3.070123946170864,0.05322338457080215,2.719421707108919,0.4719367295523266,-0.016195075557484513,0.036333415800903185
1785122911.0260868,-3.071373229649727,0.05387527243320406,2.7197526768482945,0.4718992142029426,-0.016050195434762573,0.03592526412508883
1785122911.030692,-3.0725956743659477,0.054519407248350596,2.7201221381571026,0.4718599239544462,-0.015901786197749696,0.035503205983228536
1785122911.0341845,-3.073790168272116,0.05515509849818847,2.7205322816368374,0.47181857070677347,-0.01574923245131875,0.03506626048347766
1785122911.0410118,-3.074955727900949,0.05578172717683785,2.720984854434954,0.4717748349620095,-0.015592219959133381,0.03461333715680406
1785122911.0458777,-3.0760975519533167,0.05640059183805396,2.721443400625,0.47172768109742635,-0.015426056164607023,0.03409312163141311
1785122911.0493948,-3.0772125075846875,0.057010549803521535,2.7219188176351876,0.4716769599952102,-0.015259689017084563,0.0335154362704511
1785122911.0547967,-3.078296068690392,0.05760990813151853,2.7224295076418756,0.47162256183246537,-0.01509645868570844,0.03289969706601717
1785122911.0612273,-3.0793448779660646,0.05819727029727742,2.7229870897095063,0.471564177840073,-0.014935367613856089,0.03225649787503494
1785122911.0648491,-3.0803563475182694,0.05877147647608389,2.7235991765485212,0.4715013914598666,-0.014774358215384774,0.03159144285615821
1785122911.069268,-3.0813284037729525,0.0593315549961272,2.724270967817879,0.47143373857788407,-0.014611532273572824,0.030907335136753124
1785122911.074872,-3.082259323410027,0.05987668551506342,2.7250061718051763,0.47136074817018836,-0.014445448352609804,0.03020541687618907
1785122911.081372,-3.0831476271483074,0.06040617284886055,2.725807542933125,0.4712819701207491,-0.01427506838573726,0.029486068988742085
1785122911.0850983,-3.0839920106485454,0.0609194294595095,2.726677197718611,0.47119699407130045,-0.014099615926310849,0.028749206956362763
1785122911.0892105,-3.084791299467871,0.061415964400005726,2.727616801771469,0.471105461637418,-0.013918448876792111,0.027994507500140244
1785122911.0958626,-3.0855491421474333,0.06189606960716558,2.72864621618503,0.4710091453792672,-0.013755350699443536,0.027203331738869595
1785122911.1003506,-3.0862636792434572,0.06235916290605902,2.7297582886693172,0.47090677637951,-0.013585554576923817,0.02639224807467994
1785122911.1044111,-3.0869320021410234,0.06280475961734021,2.730943627684453,0.4707968019752497,-0.01339367919023245,0.025575545656896105
1785122911.111508,-3.0875519507479927,0.06323262730293376,2.7321972088743283,0.4706783056100155,-0.013177726861184314,0.0247591798687105
1785122911.11447,-3.088121844152655,0.06364266056364139,2.7335162298844984,0.470550831819462,-0.01294077154064062,0.023944789028193008
1785122911.1193528,-3.088640320013628,0.06403483468302945,2.7348990047726134,0.4704142579607335,-0.012687153345324397,0.023131768867001787
1785122911.125938,-3.089106242092999,0.06440918433982086,2.7363443707735846,0.47026870817719785,-0.012420664232215599,0.022318403313114812
1785122911.1303527,-3.089518649349026,0.06476577846150082,2.7378513346209776,0.4701145018878346,-0.012143883274467611,0.02150254446791841
1785122911.134089,-3.0898762625209266,0.06510540231724626,2.739419779147418,0.46995197418589135,-0.011857193416575342,0.02068255102113088
1785122911.1401303,-3.090176616742363,0.06543002908886547,2.741044870558976,0.46978367379383407,-0.011589772884204182,0.019870981890254314
1785122911.1456225,-3.0904235388736225,0.06573919633258873,2.7427355084683516,0.4696209735057959,-0.011406093302785856,0.019115474156026477
1785122911.1493893,-3.0906224492842376,0.06602991942798656,2.7444678346203077,0.4694705862250537,-0.011278781608684355,0.018451349592508614
1785122911.154884,-3.090776098058348,0.0662992925775628,2.746213692953842,0.46933673255409786,-0.011188016257832507,0.01789651618647885
1785122911.1599047,-3.0908861122391222,0.0665450929953345,2.747953656903187,0.46922183835982734,-0.011118668105884057,0.01745481374701234
1785122911.164579,-3.090953413409071,0.06676556825295192,2.7496735353034345,0.4691271208865339,-0.011060567277930176,0.017121898333557414
1785122911.1694968,-3.090978501535472,0.06695924377593912,2.7513622721080986,0.4690529221209491,-0.011007435253524657,0.01688854825804915
1785122911.1756508,-3.0909616332772023,0.06712483508622197,2.7530107991242363,0.46899894513966506,-0.010956285691213402,0.01674278063264937
1785122911.1818523,-3.09090280890068,0.067261560016272,2.754607880500207,0.4689644364801875,-0.010906892354117051,0.01667128871729283
1785122911.18388,-3.09080163707686,0.06736956431103495,2.756136223079089,0.46894846535178686,-0.01085970661939798,0.016659650587376448
1785122911.1887865,-3.090658084161267,0.06744817488913786,2.7575899887439417,0.4689498770042115,-0.010816133761851933,0.016693490908686555
1785122911.1962059,-3.0904722479527447,0.06749636762563449,2.758954093693166,0.46896744922929395,-0.010784535302337389,0.016757970170223027
1785122911.2006385,-3.090244284896394,0.0675135444412361,2.7602274031661604,0.4689997432703006,-0.010770326482033533,0.01684013032935461
1785122911.2036877,-3.089974459553821,0.067499333487459,2.761411511099644,0.46904508920828053,-0.010775052959869427,0.016929263899825745
1785122911.2103622,-3.0896631662011984,0.0674534574750295,2.7625068580143446,0.46910172045526105,-0.010799152051346026,0.017016343030462084
1785122911.2146842,-3.0893109276300215,0.06737575130372124,2.763513500104854,0.46916784095543357,-0.01084262425015808,0.017093911965128997
1785122911.2194228,-3.0889183910175233,0.06726617027593489,2.764431537376698,0.46924167318757215,-0.01090527787867617,0.017156012682564396
1785122911.2308142,-3.08848632184781,0.06712479393297015,2.765261346733811,0.4693214938770871,-0.01098680405343025,0.0171981114569074
1785122911.2356212,-3.0880155968736425,0.06695182701885735,2.766003703381362,0.4694056612072485,-0.01108679024949021,0.017217011634508964
1785122911.236948,-3.0875071963875036,0.0667475983465366,2.7666598373512175,0.46949263562776916,-0.011204716866099643,0.017210748038328765
1785122911.239657,-3.0869621958390816,0.06651255810962753,2.767231451472035,0.46958099539430304,-0.011339953430825958,0.01717846416842466
1785122911.2472525,-3.0863808120149208,0.06624646981346977,2.767677802041484,0.469671038331558,-0.011500590143931995,0.017115601558470913
1785122911.250278,-3.0857648901213475,0.06594981672274725,2.768013347114959,0.46976285831604414,-0.011692080465741085,0.017020034773332846
1785122911.2544913,-3.0851160975878082,0.06562281515874906,2.7682609740941255,0.46985580646772995,-0.01190463206600518,0.016893302838236937
1785122911.260752,-3.0844357927044306,0.06526581639226267,2.7684359993980032,0.4699487410220985,-0.01213400794455979,0.01673665249202547
1785122911.265186,-3.0837248630447736,0.0648795105137837,2.768546810247297,0.4700401289113159,-0.012382451337008247,0.01655001976928824
1785122911.2700064,-3.0829840032427236,0.0644631847811192,2.7686003524661773,0.4701261857055091,-0.01266476399724576,0.016322402561212222
1785122911.2761638,-3.082215093040417,0.06401774565223542,2.7686064590755826,0.47020657822837186,-0.01296592381767425,0.016062079169329543
1785122911.280386,-3.0814195659548553,0.06354490097376753,2.7685726039962044,0.4702811956299311,-0.013280015707997113,0.0157775156422698
1785122911.2855473,-3.080598709143573,0.06304631313477178,2.7685057734031697,0.47034963186106704,-0.013604082534275988,0.015474992695764248
1785122911.289863,-3.0797538291074944,0.06252354374729933,2.768412255905487,0.4704114675174781,-0.01393470020093059,0.015160039703448173
1785122911.2967837,-3.0788855294531667,0.06197774618507246,2.768265501332979,0.4704667510772344,-0.014274609827729125,0.014832272783016257
1785122911.3001325,-3.0779954473223157,0.06141009402918667,2.76807951283327,0.4705161220791154,-0.014616213969067596,0.014496739125428319
1785122911.303854,-3.0770851674457815,0.06082192804408769,2.7678742580237,0.470559496680506,-0.01495516266580208,0.01415789610058552
1785122911.3098652,-3.076155992735724,0.06021468501066393,2.767663606065161,0.4705963338170927,-0.015291441444426295,0.01381832619304102
1785122911.314612,-3.0752090142641375,0.059589993323385645,2.767458071970922,0.4706258846490258,-0.01562708180653051,0.01347945575576093
1785122911.3192182,-3.0742451853379813,0.058949716409400665,2.7672662973610307,0.47064740868073385,-0.015962314755115427,0.013142337833277859
1785122911.333029,-3.073265503394314,0.05829573543043506,2.7670952216175992,0.47066036104441117,-0.01629384592382492,0.012808475542782322
1785122911.3355062,-3.072271009572569,0.057629966049166974,2.76695055348046,0.4706643776506349,-0.01661746728708638,0.012479588058661575
1785122911.3393712,-3.0712627747000867,0.056954373162127224,2.7668370827022883,0.47065924729762804,-0.016929280062033068,0.012157400174828801
1785122911.3501222,-3.070241882718609,0.05627095118892797,2.766758468478217,0.47064488663557114,-0.017226087700085022,0.011843451400938163
1785122911.352449,-3.0692094462603445,0.055581709891224046,2.7667188700821006,0.47062132041020294,-0.017505386873317937,0.011539130792172291
1785122911.3548243,-3.068166584010677,0.054888687301472575,2.7667220660142493,0.47058866683935824,-0.01776512419536013,0.011245528634166438
1785122911.3598866,-3.0671144139271926,0.054193941912235984,2.766771226199532,0.4705471219323345,-0.018003715188521823,0.010963431794200682
1785122911.364914,-3.0660540456679963,0.05349955022161779,2.76686900081196,0.47049695118644796,-0.01821992309890262,0.010693373854102694
1785122911.36988,-3.0649865880388196,0.05280759296600333,2.767017545522708,0.4704384810245663,-0.018412712667747418,0.010435670187808433
1785122911.3754632,-3.0639131664529398,0.05212011472476896,2.7672186061690693,0.4703720774263311,-0.018581303264895092,0.010190420823570117
1785122911.3803418,-3.0628349170001394,0.05143911096787893,2.767473543399184,0.47029813975822765,-0.018725008037455724,0.009957484014390044
1785122911.385123,-3.061752976269614,0.05076653623812836,2.767783283904509,0.4702170908973974,-0.018843315112720114,0.009736498350277087
1785122911.3894157,-3.0606684807406777,0.05010429901172199,2.768148332443424,0.47012936376162734,-0.01893596431676864,0.009526937765538548
1785122911.3955264,-3.0595825895671713,0.04945505652716612,2.76859435761122,0.470036125816142,-0.01900286458488824,0.009332026635854291
1785122911.4006934,-3.0584967260661364,0.048820492436561044,2.7691145700392386,0.46993835280608515,-0.019041599598641438,0.009151612387331516
1785122911.4038146,-3.057412286473987,0.048202088733033076,2.769696479569361,0.46983678437020415,-0.019053347421548135,0.008984836077352723
1785122911.4100335,-3.0563306259218073,0.047601495736091216,2.7703319836326292,0.46973239179106085,-0.01904383041742234,0.008829640744587603
1785122911.4160178,-3.055252905337701,0.047020372176193176,2.77101692382866,0.4696265602895939,-0.019021240909055645,0.008681716482726852
1785122911.4198318,-3.054180059100479,0.04646023526440844,2.7717507770796326,0.46952070359187364,-0.018990879323617364,0.008536182012122378
1785122911.4267364,-3.0531122174991543,0.04592435402604386,2.7725281293339097,0.4694182002275119,-0.018965748636996214,0.008377719506499058
1785122911.438392,-3.0520518262233245,0.045412160824045686,2.773350861927847,0.46931823409624596,-0.018867448121904506,0.0082112359398654
1785122911.450049,-3.051000826477923,0.04492216715635897,2.774222448992076,0.46922122238183556,-0.018697670774148103,0.00803680334473498
1785122911.4509904,-3.04995969761676,0.04445574655560773,2.775142901528301,0.46913072829133606,-0.01850615129054081,0.00783885183359349
1785122911.4515023,-3.0489295832758048,0.04401238835601558,2.7761335798681395,0.4690457803946935,-0.01822474523978729,0.007631126144026037
1785122911.453767,-3.0479118125281093,0.04359187882036021,2.7771900711092523,0.4689687415643662,-0.017905450425303157,0.0074071208604867475
1785122911.4606323,-3.046908937997846,0.04319125436478128,2.7783058328220016,0.4688986660258155,-0.017524014298158534,0.007174060149062406
1785122911.4655683,-3.045920847290726,0.04281395627083365,2.779471993464909,0.4688413077401463,-0.017162828867509517,0.006906069787266973
1785122911.4698644,-3.0449504623977766,0.04245419874210092,2.7806879000956064,0.4687914804355997,-0.01672744594690154,0.006630911898607299
1785122911.474957,-3.0439975956062746,0.04211560483145832,2.7819496480555643,0.4687558390803476,-0.01632784992170524,0.006317323083874884
1785122911.4815571,-3.043064786244647,0.04179175820806012,2.7832571533199193,0.4687279923997736,-0.015859026126899347,0.00599825725433463
1785122911.4839633,-3.0421515576758735,0.0414865459314699,2.784607365880409,0.46871500677129363,-0.015445420096788226,0.00563933963619491
1785122911.4906957,-3.0412602915473195,0.04119304220785916,2.7860002270504216,0.4687096496611435,-0.01497279074964908,0.005276908000932034
1785122911.4957833,-3.040388907161446,0.040916169795629544,2.787453790510368,0.4687181127733281,-0.014550605846835337,0.004889402763164089
1785122911.4998255,-3.03954016195686,0.040651761372141694,2.788959664756805,0.4687348855887976,-0.014063458403952633,0.004506968300674849
1785122911.5041618,-3.038715388429911,0.04039423999512163,2.7905053136236813,0.46875776617545234,-0.013576508092260665,0.0041403715826712015
1785122911.5099075,-3.0379138691442824,0.04014966732356807,2.7920783620428953,0.4687962520059996,-0.013231958471526618,0.003740542837583644
1785122911.515382,-3.0371377040766943,0.039916294961917335,2.7936716379781963,0.46884706873837007,-0.012917175697369542,0.0033222461384964856
1785122911.5191445,-3.036388326014957,0.039692606292529235,2.7952792359548275,0.4689074858421006,-0.012575451562839284,0.002897839863004932
1785122911.5273476,-3.0356679674310603,0.03946848072107408,2.7968990712648343,0.4689668156261772,-0.012101294832171027,0.002519247083082477
1785122911.5333583,-3.034973533282542,0.03924946025159527,2.7985226362807865,0.4690365436651353,-0.01178932956017607,0.002125839352447015
1785122911.5374935,-3.034305628413758,0.0390363236203758,2.800144099087857,0.46911656427933407,-0.011571087639220755,0.0017138930793763937
1785122911.539925,-3.0336652589173085,0.038827559742883155,2.8017588111505054,0.46920351698312895,-0.011361128653922496,0.001296891587838951
1785122911.5457273,-3.0330531351175236,0.038619095021220635,2.8033715875640817,0.4692909607985935,-0.011066252989730435,0.000907602888697523
1785122911.5498552,-3.032468694263844,0.03840568862898665,2.8049761660898316,0.46937651113965495,-0.010775561418125674,0.0005561053932911492
1785122911.5537455,-3.031909981986727,0.038194008379478554,2.8065606261569833,0.4694698259816319,-0.010644833586306848,0.00018914256856959548
1785122911.560386,-3.0313781439423506,0.03798273673081687,2.808118255139201,0.46956742147324004,-0.01056089966434069,-0.00018004045326644886
1785122911.5663188,-3.0308737617491537,0.03777088544581758,2.8096433677310717,0.46966650915398556,-0.01046578827637316,-0.0005409194576882386
1785122911.570227,-3.030397434919384,0.03755075791059414,2.8111323221925737,0.4697582576959289,-0.010268922380747513,-0.0008523909036030174
1785122911.5762684,-3.0299461093356186,0.037326490073690405,2.8125809198763525,0.4698531816351188,-0.010216298331865306,-0.001171693373663595
1785122911.580708,-3.0295201134851646,0.037099091310453844,2.813985114685518,0.46995086352728027,-0.010242932015236258,-0.001500903753905365
1785122911.58517,-3.0291199606185533,0.03686804333606173,2.815341125814193,0.4700482221579386,-0.010273656409855251,-0.001827593850562766
1785122911.5908551,-3.028745752534124,0.036633030499857465,2.8166455972702145,0.47014288429019646,-0.01027306867976433,-0.0021422707282828164
1785122911.594759,-3.0283971631846462,0.03638957411998589,2.8178976026701426,0.4702292578134704,-0.010197841757087866,-0.002418544187112975
1785122911.6001582,-3.0280723787952195,0.03614156031401666,2.819095091532474,0.4703143351910302,-0.010190641860287184,-0.002694173673496318
1785122911.604575,-3.0277714874355577,0.03588505089642796,2.8202356609712673,0.4703926632901923,-0.01016702846546456,-0.0029441643890666604
1785122911.609872,-3.0274931402190206,0.035623505758839415,2.8213181459479224,0.4704699195011632,-0.010224062642857917,-0.0031995964182809458
1785122911.61473,-3.0272376139924395,0.03535698386139407,2.82234079216629,0.4705437251594807,-0.010293730757024477,-0.0034502432311415182
1785122911.6191728,-3.0270047918242424,0.03508085903860346,2.8233026331092637,0.47060773023112645,-0.01029783114450969,-0.0036654325592226965
1785122911.6258588,-3.02679231546257,0.034798562829877575,2.8242048458797115,0.47067033734416236,-0.010412503018036636,-0.003889397739675163
1785122911.6320856,-3.026600374796578,0.03451166308374742,2.8250472054460873,0.47073127552444133,-0.010582891473683397,-0.004122108200787833
1785122911.6405234,-3.026429206129623,0.03422070837189197,2.825829377074698,0.47078839958667806,-0.010750570423993423,-0.00435314209084211
1785122911.645277,-3.0262787203877766,0.033926361772950296,2.8265514872947732,0.47084022889551075,-0.010888840778571635,-0.004574849257235312
1785122911.6505005,-3.026149325287997,0.03362719121972306,2.827198712345855,0.4708853611727322,-0.0109712508616519,-0.004782365785417095
1785122911.6544776,-3.026039242640133,0.03332336598238214,2.8277789592966744,0.4709264327464227,-0.011078626825885854,-0.004991549859864021
1785122911.6679294,-3.025947450574168,0.03301516333055876,2.828305998445487,0.47096288461662617,-0.011187760431776012,-0.005201323498918661
1785122911.6692321,-3.025872215688254,0.03270291741948069,2.8287878823355865,0.4709959134036918,-0.01133546234688836,-0.005419058232496367
1785122911.6718378,-3.0258126336532984,0.0323889031858097,2.829225499375824,0.47102618674088975,-0.01150997640288931,-0.005648795351992656
1785122911.6790113,-3.0257681625851407,0.03207381637161428,2.8296232162944,0.4710522885629772,-0.011676325523827434,-0.005883213664993048
1785122911.6864839,-3.025738167471345,0.03175492759672607,2.8299941425019033,0.47107113346268886,-0.011802139748717109,-0.006106272354553804
1785122911.6875744,-3.025720890937002,0.03143619444831389,2.830333954828439,0.47108757217003544,-0.011972278519464098,-0.006341128768852682
1785122911.6933224,-3.0257159739470096,0.031118259902599345,2.8306462291471295,0.47110062260777646,-0.012147217327752183,-0.00658127953744041
1785122911.7013419,-3.0257229911559143,0.030798683123752266,2.830942582758972,0.4711077346753544,-0.012292499945789319,-0.006812132877342961
1785122911.7025523,-3.0257403788376034,0.030481143782597673,2.8312192120636186,0.47111337381870916,-0.012480396584540041,-0.007053962863873039
1785122911.7063909,-3.0257683150138504,0.030165998877137612,2.8314640790280365,0.47111847252580596,-0.012681046275738985,-0.0073098183777095494
1785122911.7115607,-3.025806218958875,0.029853799417712497,2.831685939460679,0.47112260200452993,-0.012870661764163892,-0.007576382236394904
1785122911.8761132,-3.0270092053189717,0.024575838721874757,2.84044338435165,0.4711357654853607,-0.015382807722184253,-0.013860794267690213
1785122911.891554,-3.0270470520171937,0.02384388111769174,2.8440868871249325,0.47127804219090735,-0.015603330892565354,-0.014986471170684813
1785122911.9007082,-3.027038597972134,0.02368046537231206,2.8450849892717733,0.4713301675242968,-0.01564976712716829,-0.015254687747974099
1785122911.9476159,-3.026686040816819,0.022538755001389726,2.8553543684936913,0.4720408583484093,-0.01592504668109303,-0.01746347211787975
1785122911.962373,-3.0265603241504553,0.022349963437860946,2.857843093086724,0.47224158825916085,-0.016000603490557902,-0.01794590783975286
1785122911.9717522,-3.0264242876438816,0.022175691092230897,2.860348870139497,0.4724546601779142,-0.01605616334122819,-0.018400933932716915
1785122911.9736254,-3.02635408994356,0.022095034847876758,2.8616084505534922,0.47255970829112465,-0.01613526064074355,-0.018648114612581587
1785122911.975537,-3.0262840909769255,0.022018342411703654,2.8628641758740643,0.4726692204413404,-0.01616475562103407,-0.01887562768029574
1785122911.9794798,-3.0262138520940765,0.021945493173723837,2.864113784258681,0.47278014777095045,-0.016204944135028918,-0.019098872536802477
1785122911.986901,-3.026143398041282,0.021875320917608645,2.8653490256818426,0.47289364750323387,-0.016231081414380333,-0.01930920667834125
1785122911.9904776,-3.0260736983077803,0.02180945477595084,2.866578142987603,0.4730052862422015,-0.016291471125944087,-0.019527374773355338
1785122911.992082,-3.0260043255878513,0.021744752954858435,2.867782606683977,0.47312061824347734,-0.01630050706677569,-0.01972021157386878
1785122912.0044158,-3.0259348112448046,0.02168287157852197,2.868971522085561,0.47322982684775744,-0.01639562361737502,-0.01993896859245072
1785122912.0126133,-3.025867409600571,0.021624700092480707,2.870147277310679,0.4733354591662539,-0.016495865924078458,-0.020165051617119626
1785122912.0152876,-3.025803218957557,0.021570198884101225,2.8713068007095264,0.47344067794809613,-0.016556749762656597,-0.020378100166410708
1785122912.0217793,-3.025741166398259,0.021516316087213515,2.8724328330589377,0.47354924522387654,-0.016547330970426665,-0.020556303128696565
1785122912.0326757,-3.025622698558684,0.02141649235325375,2.874614529663629,0.4737478661692687,-0.016702135696234598,-0.0209537463279581
1785122912.0341244,-3.025568670469861,0.021370159833725276,2.8756657288902256,0.47384371344580745,-0.016735858214509666,-0.021134133923387036
1785122912.051571,-3.0254668264102813,0.021280394391897918,2.8776977566901354,0.4740192588951277,-0.016844736966864463,-0.02144990580476796
1785122912.0554512,-3.025416196361408,0.021236037570810384,2.878694734145618,0.47409041763892623,-0.016958801828513118,-0.02158361569588955
1785122912.058422,-3.0253682075982704,0.02119205616877845,2.879659609366704,0.4741517071489172,-0.01706507678401395,-0.02171018327637806
1785122912.0627837,-3.0253246386392774,0.02114830601285897,2.880580810004782,0.4742047448048216,-0.017148181751666172,-0.021829102635713152
1785122912.0669615,-3.0252868155999733,0.021104862082431404,2.8814506936096547,0.4742504809826856,-0.017208924783725016,-0.02193967262910762
1785122912.1480012,-3.0252234785024337,0.020860259359847696,2.885400726719384,0.47439144184533044,-0.017327853900936024,-0.022334042267747392
1785122912.1769173,-3.025308914656275,0.020758818256185405,2.886551747080132,0.47438447290742136,-0.01724342410285617,-0.02210708021614834
1785122912.1982052,-3.025767824886579,0.020689303384447976,2.88685366264638,0.4742736971693987,-0.016983333898100774,-0.021294396668933506
1785122912.2375634,-3.0267301330231104,0.0208280329481594,2.885144837462834,0.47402750414999784,-0.016502975824341515,-0.02001597884561404
1785122912.241981,-3.0269895046148854,0.02088887037450638,2.8845772929959193,0.47396083313120935,-0.016373048914540812,-0.019701393638060737
1785122912.2529004,-3.027578245944016,0.021049540156042035,2.883230096258923,0.47380960393184607,-0.016076289267408523,-0.019010714192789508
1785122912.2544065,-3.027908100924457,0.02115122314258414,2.88245414268683,0.4737248251972615,-0.015911221491160702,-0.018635107567414686
1785122912.2560508,-3.0282612754167664,0.021269441980631663,2.8816131281553496,0.47363417310358036,-0.015739616079797646,-0.018237894975843504
1785122912.257606,-3.0286379006798385,0.021405124928270187,2.880709351762143,0.47353787272808523,-0.01555708419818062,-0.01781813577587983
1785122912.259056,-3.029038181901197,0.021558902900510823,2.8797450440753445,0.47343598589971053,-0.015359839893082077,-0.017375752267417104
1785122912.261031,-3.029458392193076,0.021730458554077292,2.8787354427716356,0.47332859925454096,-0.015148178305036399,-0.01688249612835714
1785122912.2624958,-3.029896730588382,0.02191942476305126,2.8776780080655686,0.473216679175276,-0.014933853924152047,-0.016327273619833906
1785122912.265367,-3.0303531359945794,0.02212593955294693,2.8765689508317847,0.47310095383840894,-0.014721175360131988,-0.015712262512724624
1785122912.2673812,-3.030831526678065,0.022352049989953215,2.875409533187259,0.4729805686161116,-0.014494807612864811,-0.015064132698534034
1785122912.2686164,-3.031339857784114,0.02260238161265977,2.874211098825301,0.4728523827989019,-0.014220011354373606,-0.014428258327081606
1785122912.2701166,-3.0318795981052564,0.022878272476479874,2.872970492868612,0.4727161051242165,-0.013909488776700491,-0.013800241199725314
1785122912.272062,-3.032450529432214,0.023180043105043905,2.8716836008604694,0.47257230147437485,-0.013578135304331291,-0.013168941447308211
1785122912.274968,-3.033052652170593,0.023508093419280597,2.87034887998722,0.47242141782318203,-0.013232642938599368,-0.012528040873261615
1785122912.276238,-3.0336860670185195,0.023862863579981845,2.8689662061834897,0.4722638111188282,-0.01287530580019599,-0.011873766781983349
1785122912.2772176,-3.0343528350663016,0.024243760638849476,2.867556984552756,0.4721076836061358,-0.012595653162840413,-0.011242577855397479
1785122912.285473,-3.035050954059957,0.02464555782840247,2.8661377073781105,0.47196186985382843,-0.012405824223033724,-0.010670200298056631
1785122912.2864711,-3.0357784191952604,0.025064081465875285,2.864717557849972,0.47183104313957225,-0.012279437865941302,-0.010171623765801387
1785122912.2900364,-3.036534132210799,0.025496428503238005,2.8633041517914317,0.47171779843884537,-0.012191816156581789,-0.00975232903439317
1785122912.2958739,-3.0373176083693894,0.025940465125260465,2.8619042049797936,0.4716233569844888,-0.012123691994980371,-0.009411855961408214
1785122912.301511,-3.0381351427469383,0.026395852052345677,2.8605346021600853,0.4715486981902044,-0.012069532086428312,-0.009186272792752019
1785122912.3135705,-3.038985121888763,0.026860487474288364,2.859197424682584,0.4714941578900152,-0.01202445512317723,-0.009054028727797552
1785122912.314669,-3.039864593607679,0.02733216719933515,2.857892558311761,0.47145917854520963,-0.011982497072797995,-0.008986804093474954
1785122912.318504,-3.040771713756758,0.027809109362267197,2.856621720301395,0.4714426255528749,-0.011939646023220174,-0.008965098258285677
1785122912.3211136,-3.0417052817048367,0.02828981163116789,2.8553874888238027,0.47144295091578153,-0.011893900008982975,-0.00897463668695257
1785122912.3263752,-3.0426644550481394,0.02877296237748344,2.8541927501237487,0.47145831506834285,-0.011844836866344924,-0.009004428160707822
1785122912.329604,-3.043648572955239,0.029257385582355102,2.853040382477257,0.4714866833472225,-0.011793087841839942,-0.009045722801795306
1785122912.336945,-3.044657046242665,0.029742006892784282,2.8519330768401265,0.47152590538233824,-0.011739880325649208,-0.009091449372600112
1785122912.3458614,-3.0456892894194496,0.030225833050025765,2.8508732363458784,0.4715737822080515,-0.011686692036981165,-0.009135902082030446
1785122912.349828,-3.0467471928555856,0.030708428652243554,2.8498794921098582,0.4716283903784011,-0.01164006079763078,-0.009187681997720097
1785122912.3548398,-3.047829515895562,0.03118863545171692,2.848948874483992,0.4716878851467412,-0.011603407961010444,-0.009237128136454444
1785122912.3622348,-3.0489343642069944,0.03166526412359564,2.848074838014923,0.471750342741549,-0.011576242755733823,-0.009274158677751027
1785122912.3658373,-3.0500601482225513,0.03213731148511043,2.8472535262502063,0.4718138631920292,-0.011557092579830647,-0.009293130986236681
1785122912.3713424,-3.0512054239049884,0.03260391775811179,2.8464825033681307,0.47187662920730705,-0.011544396295579346,-0.009291242184105278
1785122912.3758616,-3.0523688018468134,0.033064340419708814,2.845760041050822,0.4719369503942108,-0.011536842458126667,-0.00926757474149903
1785122912.38019,-3.053548897133114,0.03351793791685102,2.8450847187199946,0.47199329563756776,-0.011533439752329937,-0.009222501862891872
1785122912.3854194,-3.054744303506665,0.03396415933479401,2.844455201813831,0.4720443155819549,-0.011533474440935762,-0.009157295462510288
1785122912.3893764,-3.0559535819800194,0.03440253767507669,2.8438701218770914,0.4720888566583382,-0.011536432823197792,-0.009073850490677797
1785122912.4014933,-3.057175257969562,0.03483268529305049,2.8433280152250053,0.4721259678437037,-0.01154192449279209,-0.008974478671094101
1785122912.4042025,-3.0584082623850684,0.03525435311097363,2.8428539278850695,0.4721547739002083,-0.011553889064983653,-0.008858620517904325
1785122912.4055936,-3.0596512110406944,0.035667144103742984,2.8424393455482777,0.47217473147210676,-0.011571354939207908,-0.008727694638833014
1785122912.4136992,-3.0609026258750127,0.03607084605710048,2.8420700988351335,0.47218543226257365,-0.011592986487627768,-0.008584067073373423
1785122912.4176927,-3.062161041771896,0.03646540958308622,2.841736528558764,0.47218657079678866,-0.011617284872641893,-0.008430182142699532
1785122912.42273,-3.0634249849121264,0.036850858385546005,2.8414317019713065,0.4721779723884621,-0.011642264338991199,-0.008268629732658697
1785122912.427075,-3.0646929626015753,0.03722728518332117,2.8411503094952604,0.47215958613283115,-0.011666072468463597,-0.008102011910482137
1785122912.4301484,-3.0659634639395903,0.03759485047607431,2.8408880288073446,0.4721314772075135,-0.011687218402200267,-0.007932833564011865
1785122912.4358397,-3.06723496550849,0.037953779079827644,2.8406411619757366,0.47209381873264705,-0.011704582287970056,-0.007763423695947712
1785122912.4417872,-3.068505938580336,0.0383043556025858,2.8404064280681074,0.47204688183753124,-0.011717343386823724,-0.0075958795079841285
1785122912.4515758,-3.06977485916411,0.03864690892577425,2.8401808077246735,0.4719910215077673,-0.011724862883252947,-0.007432036179249008
1785122912.4550023,-3.0710425624792075,0.03898261895326663,2.83992558974172,0.471927355805818,-0.011723776134099645,-0.007297247060000291
1785122912.460961,-3.072306505413981,0.03931174462697685,2.83964672002144,0.47185683177742826,-0.011712685656674953,-0.0071882433456513925
1785122912.4663825,-3.0735634833026118,0.039634512947238215,2.839357196936414,0.4717800815516967,-0.01169181882104108,-0.007097280829579203
1785122912.4698453,-3.07481078388924,0.039950801635596306,2.8390645145412505,0.47169791384054965,-0.0116638788696455,-0.0070194588137163115
1785122912.475861,-3.076046083598106,0.040260618153573464,2.8387726770915522,0.47161115801856734,-0.011630953311485176,-0.006951823542610641
1785122912.4814055,-3.0772673300478397,0.04056406070776687,2.8384836508358173,0.47152063366604274,-0.011594315909230182,-0.0068924596755098886
1785122912.4851084,-3.0784726656232655,0.04086129111448026,2.838198200982292,0.4714271254317431,-0.011554546856249426,-0.00683999566916158
1785122912.4927156,-3.079660377988149,0.0411525152982659,2.8379163810551513,0.4713313640976566,-0.011511740315190892,-0.0067933414422474735
1785122912.4971688,-3.0808288683261487,0.041437968831119984,2.8376378237995543,0.47123401378923246,-0.011465699270302592,-0.006751554097025672
1785122912.5009537,-3.081975753050552,0.04171833618981279,2.8373041151854896,0.4711370914775744,-0.011419376202407162,-0.006719855801311355
1785122912.5044665,-3.083099347966904,0.04199358283458874,2.8369291223695523,0.47104219606714187,-0.011375872069668383,-0.006700124053325451
1785122912.5107968,-3.0841982639262033,0.04226353002023134,2.836538597560534,0.47095015766265763,-0.01133501389780709,-0.0066923403430787206
1785122912.5144093,-3.0852711335339116,0.04252809075682117,2.8361481573405327,0.4708616046927453,-0.011296773982266688,-0.006695915653638599
1785122912.5199168,-3.086316654472502,0.04278723130153982,2.8357674377885274,0.4707770077119856,-0.01126098258425394,-0.0067098959828643615
1785122912.5254772,-3.0873336083919587,0.043040947848460104,2.8354024801405227,0.4706966989706757,-0.011227248644895315,-0.006733074911156689
1785122912.5304687,-3.0883208676601486,0.04328925215841258,2.8350571151424364,0.4706208828227778,-0.01119499402897866,-0.0067640737690818084
1785122912.5364041,-3.0892773961590523,0.0435321623138495,2.834733776508819,0.47054964472999744,-0.011163531522824241,-0.0068014104585576276
1785122912.543628,-3.0902022473497026,0.04376969640660567,2.8344339858701773,0.470482961965688,-0.011132145257975632,-0.006843561469844615
1785122912.5462055,-3.0910945613390637,0.0440018679890022,2.8341586466200916,0.47042071660959245,-0.011100154532308676,-0.006889016366596255
1785122912.5545733,-3.0919533916143207,0.04422874953098067,2.8338958516129176,0.4703630508196875,-0.01106886341932086,-0.006937469082510255
1785122912.5573947,-3.0927780041571546,0.044450243845873295,2.8336488803815647,0.4703099126836345,-0.011038517763807753,-0.006988242582012261
1785122912.561744,-3.0935677800093355,0.04466622723344684,2.833423292684193,0.4702610608800726,-0.011008489470850383,-0.007040274902689123
1785122912.5651991,-3.0943221652818202,0.04487658754447782,2.833222285167781,0.4702161841754384,-0.010978112769831076,-0.007092505973867063
1785122912.5694654,-3.095040676840638,0.045081214276303794,2.833047593433277,0.4701749320421968,-0.010946879482420131,-0.00714390291105539
1785122912.5753684,-3.095722901608372,0.045279984210398874,2.8328999515958317,0.47013696625486295,-0.010914768551202355,-0.0071933426148204855
1785122912.5806642,-3.0963685250034043,0.045472765546398466,2.8327795051282534,0.4701019435148602,-0.010881667770885574,-0.007239802578098943
1785122912.5845258,-3.0969773236451905,0.04565942082198423,2.8326860180336384,0.47006951121683127,-0.010847339856393372,-0.007282435334909137
1785122912.5917614,-3.097549155185191,0.04583980750821489,2.832618980542459,0.4700393133795156,-0.010811511793822675,-0.007320578723347834
1785122912.5959249,-3.0980839519103283,0.046013778607049596,2.8325776767301543,0.4700109973399062,-0.010773931842949839,-0.007353753719387673
1785122912.6009693,-3.098581674914857,0.046181110815994804,2.8325721683949485,0.4699845608898415,-0.010739346220643976,-0.007377402046489972
1785122912.6041417,-3.0990427714187474,0.04634157126483458,2.8325979796456147,0.46995975950878327,-0.010703382944293894,-0.007389807640221968
1785122912.6107225,-3.0994676497732834,0.046495002486935895,2.832648569327302,0.4699361479971265,-0.010662335039399232,-0.0073915004854346895
1785122912.615031,-3.099856631148245,0.046641285823692306,2.832719498205747,0.4699132366951881,-0.010614834977410618,-0.007383599625137677
1785122912.619182,-3.100210004508556,0.04678032343862656,2.832807545793118,0.46989053041322393,-0.010560797220235901,-0.007367551590194427
1785122912.6256404,-3.1005280619926108,0.0469120310470488,2.8329102198496154,0.46986755303996414,-0.010500809635250196,-0.007344969348301234
1785122912.629893,-3.100811106897818,0.047036346028662496,2.8330254348404385,0.46984390602871995,-0.010436284443176949,-0.007317315551013475
1785122912.6352122,-3.1010594877758515,0.0471532103284535,2.8331512569314903,0.4698193345849056,-0.010369201831172107,-0.007285582501593472
1785122912.6427724,-3.101273650262461,0.047262540519572654,2.833285861935755,0.46979367312310244,-0.010300948407065814,-0.007250565559384661
1785122912.6454067,-3.1014541259663435,0.04736424218549444,2.833427527535631,0.4697668254123007,-0.010232501787872795,-0.00721292941293675
1785122912.655245,-3.101601538261888,0.047458119609405776,2.8335841520907463,0.4697388458830542,-0.010166676630431666,-0.007170539178669247
1785122912.6606643,-3.101716809440356,0.04754407219433336,2.8337516428801472,0.46970957442576733,-0.010100440674884175,-0.0071235136299340395
1785122912.6650665,-3.101800762600762,0.04762211593219659,2.8339241033308795,0.469678901620475,-0.01003327645882725,-0.0070726538922780205
1785122912.671266,-3.101854215492035,0.04769225342333904,2.8340973891343686,0.46964678868614546,-0.009965654332315178,-0.00701865183150623
1785122912.675373,-3.10187801567143,0.04775447258075826,2.834268423663045,0.469613247309659,-0.009898313152552239,-0.006962122070354073
1785122912.680212,-3.101873048991437,0.04780875525999026,2.8344348083452053,0.4695783326463952,-0.00983207393566968,-0.006903587200416542
1785122912.6857708,-3.101840242557498,0.04785508314432281,2.8345945994221777,0.4695421354711317,-0.009767727177658246,-0.006843478220554683
1785122912.6924932,-3.1017805644827323,0.0478934418430232,2.8347461780659136,0.46950477429519755,-0.009705974194924345,-0.006782140739766301
1785122912.69691,-3.1016950224267035,0.04792382136463484,2.834888177405943,0.46946638623126946,-0.009647386933946313,-0.006719834617403513
1785122912.7006567,-3.1015846626503123,0.0479462123496218,2.835020089630047,0.469427119662999,-0.009592559227966431,-0.006656607304005839
1785122912.7040792,-3.101450571708705,0.04796062871241945,2.8351407425927118,0.46938712399446847,-0.009541802763823598,-0.006592552164797071
1785122912.711318,-3.101293859757887,0.047967100385173427,2.835248980004708,0.4693465501075589,-0.009495384267268925,-0.006527776346959844
1785122912.715588,-3.1011156538992446,0.047965666848778385,2.8353438698589613,0.46930555771511834,-0.009453682890173521,-0.00646229375431244
1785122912.7200136,-3.100917100855116,0.047956372677617036,2.835424620026463,0.4692643282486878,-0.009417242295560506,-0.006395958777196147
1785122912.7256482,-3.1006993800079856,0.04793927311985189,2.8354906086936054,0.46922303901902085,-0.009386406655078037,-0.006328591484375529
1785122912.7297251,-3.100463694872948,0.04791443651592896,2.8355413670773504,0.46918185366041587,-0.009361349923609928,-0.006260011399796338
1785122912.7353897,-3.100211265269519,0.04788194539153046,2.835576561650995,0.469140917624152,-0.009342132642051571,-0.006190051656807487
1785122912.7417614,-3.0999433213986114,0.04784189717170727,2.83559598114481,0.469100355474667,-0.009328742721077461,-0.006118568613781255
1785122912.7465925,-3.09966120919794,0.04779430594792962,2.8356125264792746,0.46906002465336777,-0.009321624918899608,-0.006043387615656732
1785122912.7555258,-3.0993663367138367,0.04773933100072477,2.8356231112338652,0.46901969969331353,-0.009317915945966907,-0.00596408565933973
1785122912.769086,-3.099060001599116,0.047677215323549356,2.835622000499208,0.4689792070589073,-0.009316814239494863,-0.005881074489207016
1785122912.777234,-3.0987434270123195,0.04760819829646327,2.8356056253684585,0.46893845341260865,-0.009319259039543986,-0.00579456795926216
1785122912.7815623,-3.0984178289565363,0.047532509014361776,2.8355718029185075,0.4688973997780225,-0.009326289886435295,-0.005704721904096036
1785122912.7831757,-3.0980844282593156,0.04745037428429552,2.8355192855076106,0.4688560265082849,-0.00933849562677127,-0.005611764167224279
1785122912.7849815,-3.0977444404569314,0.04736202276028216,2.8354474419882747,0.4688143268789314,-0.009356119697377015,-0.005515980781095124
1785122912.787438,-3.0973990707106114,0.047267695824285694,2.835356043557065,0.46877230750426657,-0.009379128995863854,-0.005417718076654218
1785122912.7919493,-3.0970495131850004,0.04716777921204217,2.835244769316099,0.4687300769074611,-0.009406223364136471,-0.005317768997668301
1785122912.7968876,-3.0966968808219626,0.04706277104563799,2.835113229089513,0.4686879186932407,-0.009434127495974871,-0.0052176073634258285
1785122912.7975101,-3.09634521559508,0.046954267072827995,2.8349938002840407,0.4686479481580661,-0.00945678811996367,-0.005133681915686075
1785122912.8004725,-3.0959948414577285,0.04684304924845599,2.8348754607138473,0.4686132550425231,-0.009464058966394278,-0.00505981038223589
1785122912.8066547,-3.095645524277468,0.0467290853960618,2.834751219749605,0.4685875280717422,-0.009458540891901157,-0.0049825755632116045
1785122912.8127298,-3.0952978781986693,0.046612781736310734,2.8346145667094684,0.4685565712097405,-0.009415708969764793,-0.004897291713123543
1785122912.8185153,-3.0949512664115817,0.04649464865223475,2.834459968069981,0.46852550748912464,-0.009315751273709486,-0.004816947155726388
1785122912.8477228,-3.0946076063819197,0.04637464679579007,2.8342921295388246,0.46849649944297755,-0.009216626744888117,-0.0047217391423064695
1785122912.8501747,-3.0942649955842074,0.04625281207984333,2.83410428347857,0.4684664918439948,-0.009108497713600358,-0.004604634782412017
1785122912.85214,-3.0939227939107687,0.04612956305667332,2.833897119195191,0.4684328108743483,-0.008923392472087706,-0.004496643994239144
1785122912.8536415,-3.0935838624666423,0.04600451818353812,2.833687336490315,0.46840154471522305,-0.008697218312124812,-0.00439566547379568
1785122912.8553863,-3.0932470082206165,0.04587862002206055,2.833455797219775,0.4683667138954554,-0.008543784124915292,-0.00425332980859909
1785122912.856631,-3.092907275101951,0.045752000268150975,2.833196226707836,0.4683395691217681,-0.008366659293078513,-0.004100601210218738
1785122912.8578537,-3.0925630216181896,0.04562226813757127,2.8329032933876195,0.468315472875721,-0.008070669649773172,-0.003957339976041654
1785122912.8629174,-3.0922178420211504,0.04548970413275492,2.832587597776097,0.4682877478556308,-0.00780179378683808,-0.0037922421780965656
1785122912.8659918,-3.091870301360905,0.04535553889902444,2.8322508280446375,0.4682592601649161,-0.007557543251548931,-0.0036175842060679193
1785122912.8709118,-3.0915226092801005,0.04521965085374854,2.8319170185638294,0.4682354565173454,-0.007306955159207879,-0.0034567913674034547
1785122912.8753362,-3.0911754215412754,0.04508223894788158,2.8315940251859235,0.46821740659119804,-0.007048967478022059,-0.003312133783638062
1785122912.8803809,-3.0908286575819695,0.04494413553823712,2.831280641171614,0.4682020505732761,-0.0068323272222972214,-0.0031649296415458277
1785122912.8858275,-3.090481288578651,0.044805554541119126,2.8309800262108626,0.4681924645588758,-0.006611194016169695,-0.003029447385675202
1785122912.8900216,-3.090135804758997,0.04466545068387074,2.8307108717363527,0.46819220560484437,-0.006352220997342092,-0.002920528008570274
1785122912.8965578,-3.089786126935426,0.04452617213704171,2.8304489108811066,0.46819218277392755,-0.0061679759102170875,-0.0027677063081505294
1785122912.901793,-3.089432451142262,0.04438634768086125,2.8302104279134315,0.4682040263599812,-0.005879713163060714,-0.0026442723913524505
1785122912.904302,-3.0890797337068037,0.044245829520248685,2.830010259007151,0.46822475725364676,-0.005570369402862573,-0.0025444049850616222
1785122912.9098663,-3.0887271244611405,0.044106803102004134,2.82983518443438,0.46824596613436326,-0.005340669758684353,-0.0024310033688884724
1785122912.9272184,-3.088375922207538,0.04396836243379987,2.8296955349061466,0.4682717021653671,-0.0051119002354448,-0.0023298467995332
1785122912.9287968,-3.0880257753055873,0.04383074598364872,2.8295913782689857,0.4683031543164253,-0.004850610725850515,-0.0022505660416313913
1785122912.967366,-3.087675899939322,0.04369540396038856,2.829515573081059,0.46833639472002775,-0.00461537969451091,-0.0021744638862546406
1785122912.969377,-3.0873291199164825,0.043560501839001994,2.8294849163979423,0.46837695271997504,-0.004324656081685335,-0.0021326063407673653
1785122912.9711258,-3.0869835689853633,0.04342859932564458,2.8294835726659446,0.4684160413295151,-0.004097406483848216,-0.002080446945814568
1785122912.9726183,-3.0866402415758944,0.04329866946020646,2.829519211577453,0.468457553954576,-0.003858323088758431,-0.0020417291853768666
1785122912.986889,-3.086295363796854,0.04317124764538088,2.8295949088193084,0.46850367466838316,-0.003561433429949476,-0.0020072775792441787
1785122912.9886029,-3.0859507023891424,0.043047296418548466,2.829709144728642,0.46855006880402394,-0.0032929812278054884,-0.001964793801466692
1785122912.9903357,-3.0856066774298228,0.04292697270114949,2.8298564675088453,0.46859813878065004,-0.0029971634688740374,-0.0019375487607949926
1785122913.0067356,-3.0852655642868023,0.042810724618822446,2.830036076383511,0.4686443317351825,-0.002739515697589842,-0.0019141322877485286
1785122913.0076907,-3.0849249005035166,0.042700274488184344,2.8302890171796506,0.4686970819250678,-0.0024251725014161644,-0.0019001091069655253
1785122913.011075,-3.084588646864659,0.042595105536827695,2.83060536868725,0.46875913466506475,-0.0021100094511871553,-0.0018907477153699052
1785122913.017268,-3.0842521443596462,0.042499323234873,2.8309355702811305,0.4688172620828849,-0.0018931833259441748,-0.0018432266829342826
1785122913.0229375,-3.0839216883989096,0.0424074727903595,2.831289696879707,0.4688782186495084,-0.0015046333400182163,-0.0018586731165439014
1785122913.0351481,-3.083599790923662,0.042320067249490854,2.831654363308675,0.46893951771952525,-0.0011304433603302132,-0.0018934052087545867
1785122913.038688,-3.0832814863473823,0.042240807633915876,2.8319988768199367,0.4689885961114607,-0.0008520573099814422,-0.001905705391124761
1785122913.0394273,-3.0829699080535438,0.042165265387555786,2.832334639336408,0.4690396525815961,-0.0004699905207094217,-0.0019654758718889768
1785122913.0462685,-3.0826676020032826,0.042093126681912764,2.8326615710104517,0.46908483608958895,-6.15958690452286e-05,-0.002064536692552919
1785122913.049117,-3.0823734132085696,0.04202613763390776,2.8329743596253847,0.46911779640355467,0.00021452506027578935,-0.0021502328410158253
1785122913.054323,-3.08208173608783,0.041962479715759636,2.8332737152754524,0.4691472978527,0.0005357776157755087,-0.002237837430855679
1785122913.0586486,-3.0817955105940564,0.041901575267581495,2.833552634528304,0.4691779161468456,0.0008827091931787955,-0.002348604290523963
1785122913.0638626,-3.081516827687554,0.0418434561472062,2.833806243104976,0.4692030995264823,0.0012143496178869922,-0.0024858879821245718
1785122913.0715482,-3.081241465800099,0.04179076769250529,2.8340259985770486,0.46921285089283954,0.0014177404910358567,-0.002609235940989213
1785122913.0734963,-3.0809726530258885,0.04174090966681149,2.834202856738112,0.469223626281934,0.0017195742100733823,-0.0028009247121609537
1785122913.0780456,-3.0807123284192515,0.04169438330278703,2.834334567731366,0.4692318033256022,0.002003173466424956,-0.0030357259318990254
1785122913.0907183,-3.080461830133212,0.041651115099136944,2.834419398888792,0.46923462021031676,0.0022174046754696664,-0.003294327977606241
1785122913.0923712,-3.0802159367236603,0.041613383601552006,2.8344518807725834,0.4692236822137882,0.0022878872885355927,-0.003532012546419012
1785122913.0933328,-3.0799771896648096,0.041578507573823496,2.8344245017984715,0.46921479410798406,0.002461642727903078,-0.003830768202629133
1785122913.0981748,-3.079743650369968,0.04154651418640847,2.8343340180116257,0.46920547948920005,0.0026432574132945383,-0.004148611355351903
1785122913.1099782,-3.0795172760665275,0.04151750830007001,2.8341795738631723,0.4691931433823774,0.0027735146108080386,-0.004478409206439553
1785122913.1149185,-3.0792952426667943,0.0414921277901586,2.833970923318025,0.4691699529414501,0.0027761630208408554,-0.004792127154454607
1785122913.1182058,-3.0790804162916343,0.04146982262614789,2.833685137320882,0.46915070012452875,0.002869381202837753,-0.005172189940863722
1785122913.1259344,-3.0788751636035747,0.041451124592997025,2.8333231945008412,0.4691319903366172,0.002953159423153469,-0.005598971890229737
1785122913.1270247,-3.0786811625211574,0.041436145189244315,2.832886051447951,0.4691113995357736,0.0029810495381438025,-0.0060561175107711855
1785122913.1301515,-3.078497532920935,0.04142528070451063,2.8323814682027604,0.4690831560808067,0.002881893388166454,-0.0065097664629523095
1785122913.144056,-3.0783217328967574,0.04141849195367184,2.8318015339475378,0.4690544517738996,0.0028155327031202672,-0.006997911531853142
1785122913.148037,-3.0781562925418595,0.04141591323259833,2.8311370132402756,0.46902925527591977,0.002791305356032395,-0.007537612441703819
1785122913.1510565,-3.0779981345063696,0.04141670717153093,2.830360084890905,0.4690053440279952,0.0027271215666996233,-0.008077079815569285
1785122913.155715,-3.07784982107633,0.04142092187284557,2.829479683562378,0.46898178122765993,0.002596818858562957,-0.008611349080370395
1785122913.1611767,-3.0777127606340846,0.0414293698281486,2.828516589269344,0.46895413544868847,0.0023472248760391164,-0.009125334043746016
1785122913.1663086,-3.0775860988191908,0.04144242675860792,2.8274720712247534,0.468929645939733,0.0021319171125881594,-0.009663489574726772
1785122913.1763377,-3.0774732444473636,0.041460605952030986,2.826343285394874,0.46891229510193005,0.001961255361062662,-0.010246901484351562
1785122913.1803858,-3.0773762550924477,0.041485439826723106,2.825132249380805,0.46889955919833004,0.0017705934460833775,-0.010863064968029435
1785122913.1874905,-3.0772962752508035,0.04151881888092316,2.82383760748624,0.4688891089605557,0.0015311775517912983,-0.011503464787835552
1785122913.1898153,-3.0772321325867833,0.04156027213015043,2.8224607722827555,0.4688766664843596,0.0011975381571906031,-0.0121354164270287
1785122913.1913748,-3.077182099032883,0.04161081791770593,2.820996163344411,0.46886833339521244,0.0009146455183306974,-0.012792743591875934
1785122913.1966584,-3.0771483627499068,0.0416703532769948,2.8193945595190564,0.4688654957224941,0.000645412170164657,-0.013472550473028526
1785122913.2014637,-3.0771328354565317,0.041739588879894034,2.817679321927183,0.4688683619711337,0.00036960682257331504,-0.014150240198520453
1785122913.2099657,-3.0771372961072054,0.04181976143834101,2.8158818040108504,0.4688777816671652,8.772766598461127e-05,-0.01481482651374801
1785122913.2158234,-3.077161656671799,0.04191255701954302,2.8140178430232248,0.4688916910690964,-0.00023450532917231634,-0.015445272234886691
1785122913.2211175,-3.077205383821752,0.04201890175182384,2.812096947795675,0.4689149312162324,-0.0004999214131493499,-0.016063851589792642
1785122913.2222042,-3.0772707365665806,0.042139546592695164,2.8101313169170856,0.4689500469328112,-0.0007074571906944265,-0.016684485149601455
1785122913.2254305,-3.077358882817995,0.0422755722266909,2.8081283717965646,0.46899539514829935,-0.0009012157493051471,-0.017299136054179327
1785122913.2325594,-3.0774707129547254,0.042427834243181826,2.8060941598401654,0.4690495297149182,-0.0011022777513408266,-0.017902157569499796
1785122913.2386355,-3.077603579822785,0.042599726154192316,2.8040206744464276,0.4691077438130181,-0.0013477720239263133,-0.018474223232493182
1785122913.2448628,-3.077759521031331,0.042789062881458916,2.801921893145019,0.4691772820076821,-0.0015093731237085276,-0.01905817517581911
1785122913.2510676,-3.0779395418509394,0.042996891223913425,2.7998021081403075,0.46925569629059477,-0.0016429949260973412,-0.019646115831020664
1785122913.254236,-3.0781386734530667,0.043221869975908336,2.797602201718001,0.46933989217094446,-0.0018045033065748224,-0.02017609356191148
1785122913.258344,-3.07835990569696,0.043465179290995616,2.795347225267651,0.46942996899671563,-0.001974935931082439,-0.020648126542164733
1785122913.2600968,-3.0786074707103466,0.04372875958705842,2.793072956635629,0.4695259824671591,-0.0021376562253029832,-0.021077822537312583
1785122913.2652092,-3.078884365007886,0.04401435619346167,2.7908020989218416,0.46962740050715085,-0.0022873555430624835,-0.02147509370747867
1785122913.272401,-3.0791915630503093,0.0443264569069377,2.788542300689066,0.46973137402203985,-0.002450475965880289,-0.021836035730525314
1785122913.2770264,-3.07952990180338,0.044665514891879116,2.7863051909513774,0.46983969681048704,-0.0025283599070004678,-0.02218022678001347
1785122913.2808826,-3.079901845435262,0.04503000141393463,2.7841068370971427,0.46995337013493627,-0.0025192073671767034,-0.02252240498563912
1785122913.2865028,-3.0803087266480444,0.04542134625630863,2.7819539677201606,0.4700704463193213,-0.0024650062363467565,-0.022860930239955935
1785122913.295199,-3.0807516820041636,0.04584070472890536,2.779852245730427,0.47018915950704293,-0.0023873975488723272,-0.023194359623788866
1785122913.2964606,-3.0812317008506582,0.04628904212812276,2.7778065357859556,0.47030793199981136,-0.00229639209572976,-0.023521481534913614
1785122913.3013077,-3.081753462183192,0.04676699532473997,2.77578370769189,0.4704226600181864,-0.002225359125318516,-0.02384212071328246
1785122913.3066685,-3.0823173307769816,0.04727569376916018,2.773805258057014,0.47053422151639396,-0.002131877871486726,-0.024133447381797648
1785122913.3186972,-3.0829228179251245,0.04781646085122903,2.7718966481972247,0.47064384693317474,-0.001993797308776424,-0.024382064743621618
1785122913.3213897,-3.083569936501164,0.04839049386008323,2.7700736202840814,0.47075187197243523,-0.0018104013556238616,-0.024583300063287905
1785122913.3270478,-3.0842589755048624,0.04899878310956225,2.7683465024186433,0.4708580750440601,-0.0015881418313005598,-0.02473678242691632
1785122913.333615,-3.0849903852927123,0.049642092385649705,2.7667225071035446,0.470961895423081,-0.0013345419709579625,-0.024844237959607968
1785122913.3367548,-3.0857625930034613,0.05032820593314947,2.7651916054163923,0.47106034504299055,-0.0010659692607601445,-0.02489475992784277
1785122913.341534,-3.0865780424292737,0.05104867923446786,2.763777766075097,0.4711569343121741,-0.0006788281799555698,-0.024914983670984887
1785122913.3467684,-3.087443447924132,0.05180538376139407,2.762508691267205,0.4712504799715275,-0.00023662755754484286,-0.024945866684002053
1785122913.3505251,-3.0883578113466412,0.05259795181757387,2.76138190953354,0.47134048128002304,0.0002253322370283132,-0.02497500316233257
1785122913.3551016,-3.0893187136209077,0.05342532862184747,2.760389071178108,0.47142640130902824,0.0006914875577375721,-0.024984995666619794
1785122913.3620431,-3.0903247362492907,0.05428643664669322,2.7595251802192062,0.4715076470405748,0.0011552678880807656,-0.024967807132816544
1785122913.366501,-3.091375225820641,0.05517943614294621,2.758788820183756,0.4715838109553315,0.001617005265367409,-0.02491970997417789
1785122913.3711634,-3.0924703376421334,0.05610117527120976,2.7581829119433636,0.47165500544453764,0.0020797395236672716,-0.024837826048871265
1785122913.3755016,-3.093610144741674,0.057050623514034844,2.7577052323872593,0.4717208550417925,0.0025369981652817587,-0.024723675110398986
1785122913.3810647,-3.0947948063799036,0.05802650218542892,2.757353495426256,0.47178090328132566,0.00298553490601574,-0.024579959930416347
1785122913.3856952,-3.0960245669762507,0.059027266321310876,2.7571242066102664,0.4718347036113328,0.0034241009720621077,-0.024409847835984065
1785122913.3897002,-3.0972997041048766,0.060051235912524314,2.7570134652055764,0.4718818816955652,0.0038525471159130634,-0.024216504219446273
1785122913.3974066,-3.0986278918110455,0.061098646715258303,2.757080380129365,0.4719249025958907,0.0042772595702551845,-0.024065688132698063
1785122913.4017797,-3.1000067702503395,0.062166498239275274,2.7573011476156206,0.4719639766307385,0.004668676279416439,-0.023950051214849097
1785122913.4067445,-3.1014321198477144,0.06325107634035254,2.75764072432142,0.4719985082311132,0.005020969220369627,-0.023848314573162166
1785122913.4109933,-3.1029009449057354,0.0643491276074673,2.7580774880300356,0.47202813687192197,0.005343127359952437,-0.023748533945476352
1785122913.4305468,-3.1044110401732063,0.06545775655290378,2.758597325199615,0.4720527155028879,0.005647309463221106,-0.023644066701172136
1785122913.4409838,-3.1059607087465726,0.06657431211154712,2.7591900327483523,0.47207224158118605,0.0059439647511032,-0.023531376509755866
1785122913.4436831,-3.1075485633980433,0.06769633844615461,2.759847632873127,0.4720867955863187,0.0062404358568208486,-0.023408792143921494
1785122913.4448724,-3.109173397478571,0.06882153588308845,2.760563427502211,0.47209649920160013,0.006541128801840311,-0.02327577602085215
1785122913.4494083,-3.1108406174951693,0.06994947489658193,2.761371860007013,0.4721026142145185,0.006848222465628585,-0.023181475230201993
1785122913.459109,-3.11254696995832,0.07107737216141595,2.762256802534451,0.47210558877346503,0.007152132072393314,-0.023114090950856665
1785122913.4628465,-3.1142876218161053,0.07220205088513021,2.7631944274289233,0.472105344044862,0.007452667396655301,-0.02305355872423139
1785122913.465614,-3.1160588407674243,0.07332073856494115,2.764168295338126,0.4721016825420312,0.007754323571075837,-0.022989401562198895
1785122913.4709742,-3.117857582816052,0.0744309811384766,2.7651662844678184,0.4720943179411126,0.008061773312342493,-0.022916591266265343
1785122913.4756067,-3.1196814429390813,0.07553023704719064,2.766179328128126,0.4720828453735641,0.00837783112359347,-0.022833460206073623
1785122913.4799976,-3.1215285277386227,0.07661557831478967,2.767201005203986,0.4720666657794108,0.008701800685139099,-0.022740621863931984
1785122913.4860373,-3.123396392394442,0.0776853392532922,2.7682246717986887,0.4720453553789365,0.009033765766657657,-0.02263844960749528
1785122913.4929574,-3.125282793910995,0.07873799379406238,2.7692443877156734,0.4720185627080982,0.00937394706329211,-0.022527520136926316
1785122913.495903,-3.127192300449913,0.07977259413245458,2.7703177291068717,0.4719894272777291,0.00973057122255385,-0.022461804748940526
1785122913.5003948,-3.1291216408422615,0.08078781625563482,2.771424566592018,0.4719589931698705,0.010059934630840728,-0.02243056067252768
1785122913.5075371,-3.131064550740086,0.08178185856694768,2.772530256252526,0.47192516882938634,0.010370968466251301,-0.02241204365194898
1785122913.5106359,-3.1330156181483737,0.08275280575268924,2.7736115791448044,0.4718856590876967,0.010684446808161765,-0.02239607672618676
1785122913.5158179,-3.134968507521077,0.08369844601758646,2.7746478965691974,0.4718391884281846,0.011009381817108714,-0.02237460796720285
1785122913.522406,-3.1369196658970737,0.08461795264002278,2.775636364111988,0.4717791904524657,0.011406949311982916,-0.022371132537023476
1785122913.5252547,-3.1388661251946006,0.08550993701659555,2.7765642827946726,0.4717076146412339,0.011820837461460372,-0.022367523407085522
1785122913.540375,-3.1408043330515545,0.08637293350022204,2.777419158803503,0.47162729306931644,0.012206395795544351,-0.022344390917797777
1785122913.5442257,-3.1427317731925974,0.08720346420333445,2.778178874472839,0.4715346546629474,0.012625838694220043,-0.02231944465167186
1785122913.5464835,-3.1446472618567896,0.08799938211226827,2.7788599333250645,0.4714372438541153,0.012999537876333822,-0.022279599735760578
1785122913.55034,-3.146545442463075,0.0887609044139322,2.7794580453164928,0.471337951274891,0.013316207186164887,-0.02221430754534447
1785122913.5557418,-3.148425695808955,0.08948578626125817,2.779949960097532,0.47123223082510596,0.01362131622409064,-0.02214391235017685
1785122913.5611205,-3.1502849734553253,0.09017529002079978,2.7803347449224445,0.47112563593528145,0.013827501888473056,-0.022038740701578217
1785122913.5655255,-3.152123868097763,0.09082622351237915,2.7805982913611516,0.4710124198545927,0.014049768828095463,-0.02193212054768792
1785122913.5707355,-3.1539398609066307,0.09144016614825871,2.7807472684384984,0.47089882750836776,0.014213041983249542,-0.021795797558282422
1785122913.5777092,-3.1557332015628976,0.09201704239055299,2.780781049568054,0.470788350057263,0.014272915167955124,-0.02161681090138639
1785122913.580629,-3.1575028144134687,0.09255664243527778,2.7807111419067687,0.4706788423579804,0.01433506030688405,-0.021415426567444787
1785122913.5853283,-3.15925607882882,0.0930552717507329,2.780515215009842,0.4705693694154255,0.014362691914678821,-0.021200365891345503
1785122913.5923452,-3.160987421944947,0.09351837172407368,2.7802154150392724,0.47047919404870553,0.014145904042879867,-0.02087767682352626
1785122913.5958123,-3.1626950670724407,0.0939447068383179,2.77981678150006,0.4704031276474508,0.013869385730199241,-0.020485345797885808
1785122913.6017275,-3.1643781118278445,0.0943343284201939,2.7793159573695894,0.47033608931662624,0.013619551375961053,-0.020053202828840492
1785122913.6064425,-3.166046221556863,0.09468389240878174,2.778726398346235,0.47026093701924127,0.013587075958908918,-0.019677930127498425
1785122913.6097212,-3.1677005245021035,0.0949985622053562,2.7780468577588073,0.47020794790290493,0.01326148067396695,-0.01920249159867521
1785122913.6155872,-3.1693383340315826,0.09527755009368835,2.7772754796231576,0.47017861324732585,0.012767073369108236,-0.01862783131746118
1785122913.6217897,-3.1709585310960398,0.09552052884118735,2.7764193353971396,0.4701671799625171,0.012246347137640395,-0.01799205980113639
1785122913.6298764,-3.172560768247215,0.09572805579023926,2.775484875779041,0.4701690777130245,0.011762962145443322,-0.01732531346720237
1785122913.6340482,-3.174156330522291,0.0958969535483861,2.7744851443372514,0.4701642675284481,0.011513918629622791,-0.01673331256374715
1785122913.6437106,-3.175746507125762,0.09603316994543955,2.773409184250767,0.47018564980571187,0.010915897874862917,-0.016035992005580983
1785122913.6465433,-3.177328183709178,0.0961361308848996,2.7722507563207652,0.47023342193661677,0.010111416846456134,-0.015232248244040935
1785122913.6497889,-3.178899755821501,0.09620606123724122,2.7709907151834314,0.4702963601311919,0.00926285316436637,-0.014363296384836743
1785122913.6581151,-3.1804593543377258,0.09624634432290756,2.7696535252278536,0.47036926083358443,0.008447741707698775,-0.01345825598914954
1785122913.6620178,-3.1820067005876433,0.0962594892594579,2.7682592535596293,0.47044926303373596,0.007699362389750755,-0.012538119371848063
1785122913.6662605,-3.183549884682529,0.09624586545915102,2.7668347933009847,0.47052453199028144,0.007110176978663638,-0.011664507580274682
1785122913.6750395,-3.185087449845566,0.09620925637097408,2.7653581847766393,0.4706169719992113,0.00632844627129998,-0.01071834596570665
1785122913.6777754,-3.1866179796113694,0.09615184309310139,2.7638289774423024,0.4707199602729311,0.005478569528886963,-0.009719247910654556
1785122913.6823442,-3.188145437695607,0.09607675457708921,2.7622527061537716,0.4708207051554419,0.0047519172225988,-0.008730741222433436
1785122913.6872153,-3.1896672441687994,0.0959850226430225,2.7606127319443976,0.4709440690656569,0.0039554832809836574,-0.007681819279131081
1785122913.6978064,-3.191181454020626,0.09587671873606897,2.7589135234921183,0.4710869638333691,0.0032426313038935836,-0.006618310620300393
1785122913.7002933,-3.192686740355746,0.0957531992770161,2.7571578186033103,0.47124591467970894,0.00266147046124864,-0.00557054912107078
1785122913.705017,-3.194183087689132,0.09561878801322257,2.755316947346127,0.47141695192984007,0.002242830366874037,-0.0045735591594043895
1785122913.7108276,-3.195669568048778,0.09547586875796335,2.7534013952761796,0.4715981105563385,0.001956119571471547,-0.0036369318042365883
1785122913.7147374,-3.197151709839183,0.09532494230931957,2.7514382145022998,0.47177994979479987,0.0018301585108530972,-0.0027960082299965704
1785122913.7201061,-3.1986273332290804,0.09516849284142612,2.749414368264764,0.4719807533747463,0.0015651205964508346,-0.001942684382677803
1785122913.7258494,-3.200095221504278,0.09500661301053859,2.747336411825556,0.4721954764155562,0.0012718262686861842,-0.0010880327664265401
1785122913.7302604,-3.2015546097766134,0.09483994456292205,2.745208945415942,0.4724198321010133,0.0010048506878445433,-0.00023965387899573855
1785122913.73574,-3.2030051048923407,0.09466936085154877,2.743035135663714,0.4726502145167845,0.0007868617939701978,0.0005981467444287074
1785122913.7424846,-3.2044465976497,0.09449579608681298,2.74081707709527,0.4728836130804752,0.0006231332038666915,0.0014238799457069859
1785122913.751463,-3.205879179126272,0.09432015738717432,2.738556056685062,0.4731175308143881,0.0005101077071677464,0.0022382839025356653
1785122913.7596319,-3.2073095238148857,0.0941401798371837,2.7362123372104565,0.4733431526678119,0.0005127382466049992,0.0030031976101195876
1785122913.7655385,-3.208734095357125,0.093961585583215,2.7338104684833953,0.4735750326582908,0.00038459691449255684,0.0038002147517249914
1785122913.7662866,-3.2101514917506373,0.09378384540227587,2.7313614716145853,0.4738100884471829,0.0002095094530142414,0.004624177429898198
1785122913.769707,-3.2115605633606457,0.0936068514538985,2.728872161986935,0.4740457065288789,3.045693722988369e-05,0.005470801760321181
1785122913.7777758,-3.212960378864737,0.09343069602835961,2.7263468582019748,0.47427975409830336,-0.00013329357672988608,0.006336902173304453
1785122913.7803879,-3.214350179574868,0.09325554585481073,2.7237883515541093,0.47451054667724923,-0.0002758410126331966,0.007220334745526038
1785122913.7868977,-3.215729332469615,0.09308157242697586,2.7211984773675804,0.4747367958388502,-0.0003984173441411591,0.00811980087422476
1785122913.792451,-3.2170972872160983,0.09290891549146067,2.718578467663868,0.47495755148490554,-0.0005056942188222476,0.009034603794831272
1785122913.7972274,-3.2184535396597553,0.09273766608054913,2.715929180085514,0.4751721464938501,-0.0006036643750311557,0.009964412222084688
1785122913.800829,-3.219797956169935,0.09256863059503413,2.7132397357117273,0.4753797630034627,-0.0006876437568858278,0.010901891209923102
1785122913.807902,-3.2211297636978062,0.0924017483928014,2.7105155170785533,0.4755806937763457,-0.0007706358187245421,0.011846622575736878
1785122913.8103018,-3.2224480896553307,0.09223663752418702,2.7077635858649076,0.47577537306205064,-0.0008635898877009311,0.01280030617780365
1785122913.8147182,-3.2237521285143305,0.09207292497082077,2.704988415032795,0.47596414367381246,-0.0009725782601501316,0.013763875598766084
1785122913.819868,-3.2250412085752687,0.09190995684753499,2.7021964883570777,0.47614727133506507,-0.001101640424111547,0.014737824241824684
1785122913.825119,-3.2263147702653776,0.09174651352547827,2.6993999203801167,0.47632527396833263,-0.001249949599333523,0.015720572739326685
1785122913.8306293,-3.2275718884332707,0.09158226876482502,2.6965999675036225,0.47649884400625586,-0.0014162880728601302,0.016708978905818232
1785122913.8350806,-3.2288116920013286,0.0914169107472944,2.6937978736427177,0.4766683867329534,-0.0016036773991097008,0.017701121526236978
1785122913.8440099,-3.230033339255797,0.09125012566454167,2.690994887034846,0.476834148472226,-0.0018159618557134216,0.018695653133963114
1785122913.8469515,-3.2312360025089024,0.09108159226352304,2.688192288261705,0.47699629182048287,-0.0020565476105586546,0.01969146595982744
1785122913.854644,-3.2324169399374445,0.09091281685400046,2.6853421565018496,0.4771522915971373,-0.0022817881861569226,0.020675388437484097
1785122913.8577216,-3.2335750299058637,0.09074315426409854,2.6824667499055526,0.4773044926035201,-0.0025346895602813115,0.021632840637186113
1785122913.8609054,-3.234709674225001,0.09057120398485889,2.6795953228916956,0.47745542706841,-0.0028442000403414236,0.022558884058438956
1785122913.8657095,-3.2358201628397376,0.09039569883767067,2.6767458177711,0.4776065833991746,-0.003215720885555503,0.023452653888380588
1785122913.8701992,-3.236905726788188,0.09021553031188072,2.6739299562236867,0.4777587524102639,-0.0036450808072177837,0.02431493501534899
1785122913.8768218,-3.237965563054371,0.09002974082181334,2.6711559958231472,0.4779122466149676,-0.004125237840585303,0.025147108163178757
1785122913.8807719,-3.238998848759833,0.0898375056682892,2.668430233257875,0.47806704141429274,-0.004649187406029049,0.025950701808469822
1785122913.8950994,-3.240004751503314,0.08963811427467344,2.665757830944142,0.4782228703186682,-0.005210994822868482,0.026727203370687878
1785122913.8987043,-3.240982438128981,0.08943095419833401,2.6631432754735567,0.47837929319697425,-0.005805964458054623,0.02747797746955571
1785122913.9008937,-3.2419310825358374,0.08921549880985097,2.6605906338916716,0.47853574807634147,-0.00643045805519745,0.02820422692877377
1785122913.905907,-3.2428475047077545,0.08899213423964945,2.6580704507458095,0.4786891091094761,-0.007049742603893303,0.028904992380694605
1785122913.9120429,-3.2437309283270466,0.0887602628979152,2.6556005125914717,0.47883988364936847,-0.007691006631701479,0.029568814715878217
1785122913.9185789,-3.2445811982633694,0.08851900543367927,2.653202916358619,0.47898891042821634,-0.008371483515324954,0.030190414528851635
1785122913.9251018,-3.24539794545133,0.08826764224705665,2.6508918301521036,0.47913630443177474,-0.009091723649744502,0.030769050677252274
1785122913.9296,-3.2461806870015675,0.08800563225021893,2.648677022770041,0.47928170205008774,-0.009845526126681612,0.03130595301363696
1785122913.9331918,-3.246928878454879,0.08773260822800384,2.6465657622443874,0.47942442939696284,-0.01062475347291879,0.03180309410951984
1785122913.946507,-3.2476419404922385,0.08744836914595051,2.6445637860367115,0.47956361899771816,-0.011421414883364315,0.03226259659086652
1785122913.9481084,-3.2483192570096677,0.08715290173637741,2.6426754748437,0.4796983029757512,-0.012228345938097379,0.03268639414713865
1785122913.9500375,-3.248960189406187,0.08684635251243425,2.6409043881362986,0.47982747380067114,-0.01303941013035726,0.033076107010894064
1785122913.9509575,-3.249560615287978,0.08652784178552196,2.6392568616187457,0.47994948933280634,-0.013839565576359866,0.03345231316885321
1785122913.965871,-3.2501206878825433,0.08619807369237376,2.637735767634436,0.4800637026566949,-0.014629567122113156,0.03380553500578957
1785122913.9670415,-3.250641395500234,0.08585815613257161,2.6363424238839817,0.48016964348241215,-0.015410151640576894,0.03412500627389196
1785122913.9823244,-3.2511232065439857,0.08550914711095628,2.635077988038052,0.480266725747237,-0.016178862712171227,0.034405566870948735
1785122913.9835842,-3.2515662769952285,0.0851521248783062,2.6339434758186266,0.4803543001330459,-0.016931793285362012,0.03464501745864875
1785122913.9852061,-3.251970556769569,0.08478825453865078,2.6329394099778622,0.48043168723403656,-0.017664642808605625,0.03484273930531287
1785122913.986523,-3.2523358559256113,0.08441882326945054,2.6320655531153188,0.4804982148442908,-0.01837295980150141,0.03499888913790947
1785122913.9931078,-3.252661923622315,0.08404520466315889,2.631321407115201,0.4805532579697171,-0.019052162066184923,0.03511389748803934
1785122913.9975111,-3.252948480361332,0.08366886058966976,2.6307062515853326,0.4805962466172047,-0.019697901910694784,0.03518829635817592
1785122914.0001123,-3.2531902435768085,0.08328760670979243,2.630266329114284,0.4806295704912171,-0.02032372602525096,0.03526726502232901
1785122914.0077436,-3.253388847340868,0.08290402795329535,2.6299841434295796,0.48065319248432364,-0.0209029965235028,0.03534058239440233
1785122914.012758,-3.253547063039182,0.08252169708916625,2.629835033226871,0.4806662343379188,-0.021421557598823516,0.03538926299943677
1785122914.0150607,-3.253666743905576,0.08214363310671226,2.6298042835871485,0.4806680742775956,-0.021877788962059604,0.035402330778800305
1785122914.0273213,-3.253749186586115,0.08177250969100787,2.6298823342726547,0.4806582890866658,-0.022274471637745267,0.03537361162272805
1785122914.029569,-3.2537953683492193,0.08141076232505397,2.6300625278054484,0.48063659162817074,-0.022615203940060554,0.035299905259808584
1785122914.0343893,-3.25380610677005,0.0810606356738067,2.630339917461974,0.4806027893287955,-0.022902855091055167,0.03517988321340847
1785122914.0412138,-3.2537821556339974,0.08072420721130016,2.630710842460936,0.4805567752847241,-0.023138922594135334,0.035013324709844335
1785122914.0468175,-3.253719228445783,0.08039897315979554,2.631223958082758,0.48050201430958334,-0.023348452422256385,0.03484776169358935
1785122914.050661,-3.253619941956654,0.08008841599440761,2.6318595294076634,0.48043902148418816,-0.02351345958988273,0.03467197174352921
1785122914.056721,-3.253487552357549,0.07979795305144087,2.6325885443185353,0.4803677371281283,-0.023625449397692032,0.03446340938558672
1785122914.063658,-3.2533248394932275,0.07953030554126289,2.633393151171486,0.4802873555389771,-0.02367738200347148,0.0342130340765942
1785122914.077275,-3.253134227311201,0.0792877782370902,2.6342609577211187,0.4801972619671425,-0.023671524166018726,0.03391639584574896
1785122914.0792062,-3.252917836661039,0.07907237477252502,2.635183456460107,0.4800969530642061,-0.023613610682499363,0.03357206256500807
1785122914.0811262,-3.2526776097632744,0.07888584856693856,2.636154338665714,0.4799860215799111,-0.02350950909602109,0.033180395859496
1785122914.0875542,-3.2524153922875603,0.07872974170634804,2.637168626862945,0.4798641288406882,-0.02336385080159115,0.032742904291632645
1785122914.0917602,-3.252132983177687,0.07860541596641746,2.638222208922436,0.4797309883485745,-0.023179831116018346,0.0322618456671829
1785122914.0973945,-3.2518321612720067,0.07851408329021592,2.63931155053964,0.47958636386422865,-0.022959520488984433,0.03173992487232446
1785122914.1018417,-3.2515147018902275,0.07845682286679272,2.6404335292478107,0.47943006305893354,-0.022704111030480444,0.031180109068921283
1785122914.107034,-3.2511785536503957,0.07843203881128995,2.6416052327512904,0.4792625375077979,-0.022420056221611924,0.03061464197327903
1785122914.110532,-3.2508268046864757,0.07844099253412784,2.6428179686793314,0.47908344611363335,-0.02210622924489821,0.030036736650585035
1785122914.1152763,-3.2504634823386653,0.07848546338198525,2.6440595145550367,0.4788922878213132,-0.02176240960909074,0.02943527448320805
1785122914.125108,-3.2500919639014576,0.0785667565687008,2.645321626316764,0.4786886693234062,-0.02139021374869187,0.02880544694744629
1785122914.1283052,-3.249715211713267,0.07868582907146776,2.6465984422520608,0.47847228294905436,-0.020991557019426125,0.028145931433294424
1785122914.1321008,-3.2493359168440756,0.07884337364810402,2.647885587475536,0.4782429019259899,-0.02056805901829868,0.027457297719829202
1785122914.1344178,-3.248956587442465,0.07903987610830486,2.6491796648286665,0.47800038320192584,-0.020120924398996348,0.02674110658511503
1785122914.1451323,-3.2485796031913297,0.07927565441489226,2.6504779596634163,0.47774467249076985,-0.0196510187758402,0.025999396061547882
1785122914.1500103,-3.2482072487825793,0.07955088508420233,2.6517782637283673,0.4774758087851619,-0.019158996970602547,0.02523438505660746
1785122914.1535513,-3.2478378368747522,0.07986538367916639,2.653090653424682,0.47719547015861524,-0.018636991949883785,0.024469480137396558
1785122914.1607273,-3.2474739424971393,0.08021954857475361,2.6544071766667794,0.4769051994000257,-0.018067366579691737,0.023689841704641175
1785122914.1655238,-3.2471197754131738,0.08061357651751973,2.6557224663363193,0.4766070667491586,-0.01743193621757244,0.02287431095691984
1785122914.1674345,-3.2467808359461894,0.0810476005394188,2.657039552287649,0.47629990622027607,-0.016775948887329292,0.022027759084321506
1785122914.1784465,-3.246457729363771,0.08152262510145475,2.6583458757171807,0.4759812686720546,-0.016122702224119805,0.021164127335358156
1785122914.1861408,-3.2461529883462106,0.0820379631121169,2.659643359836551,0.4756544281292389,-0.015433120171872176,0.0202700589007112
1785122914.188482,-3.245869444127528,0.08259304934384912,2.660935610434065,0.4753209658797559,-0.014713862031724584,0.019344418910599175
1785122914.1917524,-3.245604956702328,0.08318898126319521,2.662209904293536,0.47498029513407425,-0.013969770829651717,0.018397065930194235
1785122914.1965826,-3.2453640044701504,0.08382257935612875,2.663482658700871,0.47464118359634033,-0.01311525750360581,0.01739027784222313
1785122914.1998005,-3.2451463439501733,0.08449548934622018,2.6647480263008787,0.4742986884116304,-0.0122857516059496,0.01636270188592318
1785122914.205856,-3.2449463991939616,0.08520860217969502,2.665990445863043,0.4739531385057208,-0.011430629214433288,0.015323103061399137
1785122914.2111516,-3.244768582570067,0.08595723338124836,2.667230886635323,0.473617030935407,-0.010414377942475196,0.014211286218484213
1785122914.2152362,-3.244614026337472,0.0867417107020861,2.6684720133710202,0.4732885261599742,-0.009353885477613968,0.013047426711242215
1785122914.2202702,-3.244483116760237,0.08756159553527759,2.6697161938764276,0.4729665986496509,-0.008302692445963778,0.011847303263486802
1785122914.2262046,-3.2443694292705536,0.08842001602355569,2.6709442618497454,0.47264430864388585,-0.0073420094218318,0.010656056181179926
1785122914.2313762,-3.244274798789083,0.08930795764176924,2.6721424556001105,0.4723499810473965,-0.006388566015514284,0.009472531558345113
1785122914.2349143,-3.244208987111974,0.09022012058524187,2.6732857752881016,0.47209686024626224,-0.005538840948800423,0.008377570509488787
1785122914.2411125,-3.244176902908834,0.09115499880662448,2.674352157680276,0.47188571767184984,-0.004859920120202352,0.0074347518159844144
1785122914.2453175,-3.24418045468648,0.09210799116025935,2.6753320871930946,0.47172587824766493,-0.004156413970848619,0.006619534332142167
1785122914.2504032,-3.2442217787683667,0.09307227143496384,2.676211733620105,0.47162320861071605,-0.0034091438025964016,0.005932070070813598
1785122914.2552824,-3.244303604458583,0.09404607955075087,2.676991924108221,0.47157440652280186,-0.0026796043655551442,0.00537166092657251
1785122914.2615714,-3.2444282140834213,0.09502787321484829,2.6776772261658857,0.47157516613832123,-0.0019916534479711458,0.004926181794008179
1785122914.2654545,-3.244588930173827,0.09602069218288599,2.6782421126883134,0.4716123199962377,-0.0014267000879418824,0.004623014802816476
1785122914.2700694,-3.2447901170385856,0.09701612815791164,2.6787077931791443,0.47169881258664287,-0.0006990165270990591,0.004351223442073006
1785122914.2831964,-3.2450323150442735,0.09801313415400996,2.679072224607306,0.4718268902471411,7.272614110035969e-05,0.00411013968889843
1785122914.2858665,-3.245315525591368,0.09901015999425651,2.6793333161179995,0.47198919248063964,0.0008253588419835147,0.0038969331870160593
1785122914.2950938,-3.2456392869630672,0.10000544326734208,2.679488956056586,0.47217885192582415,0.001528049058174727,0.0037068226300634006
1785122914.2977052,-3.2459993098958044,0.10100001283100617,2.6795241300047716,0.472383909871713,0.0020932280574208952,0.0035619457949186044
1785122914.300271,-3.246391085230406,0.101988995564774,2.6794066637908442,0.47260605620055485,0.0027019427534554,0.003422757837332704
1785122914.3068728,-3.24681768352219,0.10296892836421094,2.679156205397828,0.47284704133423794,0.0033851491023435703,0.0032503306510830833
1785122914.311129,-3.2472797977217502,0.10393994394160043,2.678785821488245,0.4731007632265692,0.004067125879176454,0.0030467130687394472
1785122914.315091,-3.247777664636507,0.1049017393647031,2.6783035804271544,0.47336173822466293,0.004708705111100414,0.0028137924709319
1785122914.3207476,-3.2483111310847237,0.10585385689735513,2.677714928213344,0.47362515324348614,0.0052920136377920144,0.002553023228329361
1785122914.3268764,-3.248879682593437,0.10679603511942835,2.677024753667199,0.4738869476522769,0.0058125920911363815,0.0022658115548489406
1785122914.330182,-3.2494826469493496,0.10772818017140579,2.676237658214068,0.47414406366615686,0.006277425518543037,0.0019550710861995237
1785122914.3370197,-3.250119282963159,0.10865031512859466,2.6753578796274806,0.4743942451447746,0.006697738249084098,0.0016246631015265933
1785122914.3435001,-3.2507887828793374,0.10956255688642483,2.6743894701375774,0.4746358236321103,0.007084724592695278,0.0012788140815225297
1785122914.3480954,-3.2514896666097077,0.11046152802781309,2.673294720286429,0.47486593425228213,0.007413709341118708,0.0009460978662637351
1785122914.364231,-3.2522199113599926,0.11134921148905495,2.6720835146966984,0.47508040287046,0.007646521795670597,0.0006401625454210089
1785122914.3661482,-3.252978297754903,0.1122263833957074,2.6707775006514063,0.4752837563640619,0.007919946507430631,0.00032727482304423255
1785122914.3675394,-3.2537669297358494,0.1130931106369255,2.669399710337382,0.4754791571247094,0.008254054027159834,-1.118390602940552e-05
1785122914.3722625,-3.2545915158589804,0.11395101256280622,2.667948990845567,0.475659666409344,0.008532152579318724,-0.00039359941612522636
1785122914.3807266,-3.2554489573544085,0.114798630037502,2.666440953471582,0.4758238747032467,0.008807489683457554,-0.0008042789226571796
1785122914.3852584,-3.256335095025599,0.11563738783621953,2.664898798061322,0.47597776206976045,0.009125272483033419,-0.0012043877739384026
1785122914.3949378,-3.2572611096125925,0.11646835970704093,2.663300212743039,0.4761088977570469,0.009317912321009713,-0.0016439618634617027
1785122914.3986654,-3.2582142661588236,0.11729056932143071,2.6616861313831524,0.4762292148964109,0.009579307487187936,-0.0020530868870122752
1785122914.4030955,-3.2592061387978273,0.11810370947891118,2.6599966314891454,0.4763257454236346,0.009706832356670369,-0.002469074583674125
1785122914.4084404,-3.260228592642348,0.11890586054989936,2.658273502067523,0.47640777963221953,0.009855881685408298,-0.002835535296782826
1785122914.4143736,-3.261283896827382,0.11970034650759213,2.6565397072447348,0.4764757677355184,0.009979513311594886,-0.003157802865443771
1785122914.421119,-3.2623736974564106,0.12048928670895884,2.6548104012427474,0.47652955057346186,0.010055107698505676,-0.003442834609408398
1785122914.4223313,-3.2634992092782187,0.1212742580511406,2.6530971707703195,0.4765686591284091,0.010072873459120687,-0.0036976092355648707
1785122914.4277368,-3.2646614076590796,0.12205668993891636,2.651410364966926,0.47659283854404655,0.010034611188916607,-0.003926798219074275
1785122914.4411948,-3.2658612233822564,0.12283787826240786,2.6497592707776945,0.4766022610207135,0.009949332679967253,-0.004132092521371228
1785122914.443837,-3.2670995764160122,0.1236190695128283,2.648152402731,0.47659735258620783,0.009826621596837825,-0.0043134074301909055
1785122914.4496717,-3.268377392137121,0.12440149767841759,2.646597667445798,0.4765786754026948,0.009674108745469095,-0.0044697196435083
1785122914.4523487,-3.269695608523456,0.12518639019921377,2.6451024430146437,0.476546853868113,0.009496982248541515,-0.004599606299612276
1785122914.4560637,-3.271055131614223,0.12597483607677007,2.643671750208716,0.4765024012800437,0.009296905574888754,-0.004700486697471915
1785122914.4624085,-3.2724569690518064,0.12676804454212998,2.642312672874468,0.47644594298570503,0.009076546800549418,-0.004770967296292851
1785122914.4653695,-3.2739011442403365,0.12758362916593444,2.640988194891108,0.476387106454907,0.0089525664470904,-0.004848989317900674
1785122914.4711733,-3.2753852775024157,0.12840985450669384,2.639738724812871,0.47632704444620916,0.008940393183021525,-0.0049259395552193564
1785122914.476331,-3.276910174387164,0.1292431886930967,2.6385855368420987,0.47626239439589935,0.008949988672950692,-0.004981503853278144
1785122914.481323,-3.278477237263539,0.13008455020532275,2.6375360246367787,0.4761916003912021,0.008939482596049299,-0.00500660294640618
1785122914.4855757,-3.280087763801309,0.13093464345032768,2.6365964231366754,0.476113521841187,0.008889712615654707,-0.004995293182928047
1785122914.495021,-3.2817429275683105,0.13179403512592264,2.63577197442012,0.47602731708456947,0.008793298934455934,-0.004943984094338954
1785122914.5033672,-3.283443778262561,0.1326631944082345,2.6350670317686813,0.4759323712392363,0.008648700245806232,-0.004850849106649187
1785122914.5075555,-3.285189647213207,0.13355480289770003,2.634426067194966,0.47584105459549575,0.00862022409953819,-0.004754608991769576
1785122914.511391,-3.286975954092773,0.13445991956461967,2.6338860053565463,0.4757502978339,0.008618218771858678,-0.004634105937366162
1785122914.5152285,-3.288804353430147,0.13537572403327838,2.6334726169307636,0.4756543219382674,0.008568182206926183,-0.004472198960950463
1785122914.5203803,-3.2906789890903236,0.13631355625497224,2.6331619057870683,0.4755627037475713,0.008603794984871694,-0.004323122167068597
1785122914.526448,-3.2925967061276107,0.13727192331472093,2.6329650870470793,0.475477173338953,0.008690249625835894,-0.004187845286254745
1785122914.5308595,-3.2945561028537598,0.13824543286185562,2.6329060571098664,0.4753901535833817,0.008724392431939855,-0.004028831284508675
1785122914.5348687,-3.2965591739930344,0.13924036967680836,2.632967424846879,0.47530871055335017,0.008801176545270498,-0.003880916901333513
1785122914.5428417,-3.29860308293379,0.1402552103250553,2.6331538304948436,0.4752326066973307,0.008884679878063862,-0.003737975930760372
1785122914.5460672,-3.3006855473108647,0.14128915885956217,2.633466918797603,0.4751615690822591,0.00895493295366068,-0.003596309421707921
1785122914.5498476,-3.302804832767412,0.14234150906917248,2.633986332093413,0.47509501709884094,0.008973121423568806,-0.0034636729233856888
1785122914.5563831,-3.3049586225683782,0.14341020811668792,2.6346893156338584,0.4750337383321117,0.008932039124935853,-0.0033404284723348903
1785122914.560098,-3.3071454474518522,0.1444945097550862,2.6355318019306737,0.4749777040234139,0.008836514458973647,-0.0032278236139217445
1785122914.5647566,-3.309363845126192,0.14559393801089274,2.636484113473487,0.47492672375324657,0.008699882544962453,-0.0031267104265362
1785122914.5693803,-3.3116123930920005,0.14670803785621436,2.6375250330757956,0.47488057684068075,0.008536790361171982,-0.003037741801179452
1785122914.5763187,-3.313889671002841,0.14783641480882442,2.6386381051266796,0.47483905864045484,0.008358832904618856,-0.0029614638221868257
1785122914.5802548,-3.3161942638576454,0.14897871250188216,2.6398096495657093,0.47480195372773565,0.008174552863187962,-0.002898176796873771
1785122914.584765,-3.3185247635328685,0.1501345899279123,2.6410276613968886,0.47476900669562866,0.00799003661546898,-0.00284785146174858
1785122914.5920913,-3.320879770847539,0.15130370291866937,2.6422812057747196,0.4747399163496878,0.007809599504020367,-0.0028101769298562473
1785122914.5972674,-3.3232578943127944,0.15248569410076893,2.643560082616358,0.47471433164365223,0.007636172427848275,-0.002784594360620998
1785122914.6037245,-3.3256574194554145,0.15367985579607152,2.644920742059638,0.4746915800157587,0.007451729082995602,-0.00277508944612984
1785122914.6081119,-3.328076970321844,0.1548848581922974,2.6463353004737,0.474671597025796,0.007255804904921604,-0.0027845484921919473
1785122914.611576,-3.3305151322213806,0.15609988019927415,2.6477629245982555,0.4746538650137348,0.007054140699754,-0.0028125512275569975
1785122914.615078,-3.3329704553259645,0.15732420354655458,2.6491755694393997,0.4746375990396102,0.006853920444801387,-0.0028578579296060546
1785122914.6191647,-3.3354414773005012,0.15855714210065233,2.6505528980928297,0.47462192554966837,0.006661483808647992,-0.0029187695086150558
1785122914.6263688,-3.3379267156757155,0.15979806419630987,2.6518793044732156,0.4746059983351026,0.0064811498408040595,-0.0029934457080422945
1785122914.6299822,-3.340424680570698,0.1610463722332096,2.6531422985005944,0.47458902741101827,0.006315800290674691,-0.003079925303436127
1785122914.6349654,-3.3429338806855378,0.16230148918696213,2.6543315905083436,0.47457029309226234,0.006167268751688617,-0.0031761655803148985
1785122914.6428814,-3.345452824426512,0.16356285168661253,2.655438562182,0.4745491559318841,0.006036576069865348,-0.0032801057285999765
1785122914.6458905,-3.3479800194139795,0.16482990591021907,2.65645595761496,0.47452506361077623,0.005924107080320801,-0.003389732188187992
1785122914.6494853,-3.35051414693131,0.16610244476554623,2.657319818715782,0.47449794297587033,0.005839358198510981,-0.003498053730200416
1785122914.6556892,-3.353053789053092,0.16738025135643003,2.6580416424217863,0.4744685051627545,0.005786803206002969,-0.003601971366380991
1785122914.6598377,-3.3555975996881973,0.16866297060222937,2.6586450755507207,0.4744369025202897,0.005761694473897031,-0.0037000320009449154
1785122914.6649091,-3.358144258440345,0.16995024054109512,2.659144137328288,0.47440312111537214,0.005756090125350414,-0.0037905044638213803
1785122914.6699572,-3.3606924557149545,0.17124164982370943,2.6595475291114705,0.47436716054948563,0.0057633762874043735,-0.0038719015758420486
1785122914.676845,-3.363240881499711,0.172536727716975,2.659861058929826,0.47432908090730175,0.005779043238521237,-0.003943240781800359
1785122914.6804624,-3.3657882173219007,0.17383495667590051,2.660089037793942,0.4742889972067404,0.005800229303374633,-0.00400412822767636
1785122914.6848438,-3.368333137515387,0.1751357832085092,2.6602350740049805,0.47424706445523807,0.0058251951024615835,-0.00405470309373523
1785122914.6925213,-3.370874315518496,0.17643862718700096,2.6603025239726876,0.47420346194314816,0.005852895972630817,-0.004095528983818115
1785122914.6945786,-3.373410432241565,0.1777428897353046,2.660294744508989,0.4741583799309314,0.005882683014631966,-0.004127475888738853
1785122914.7021148,-3.3759401758573944,0.1790479596753596,2.6602165786668737,0.4741119902632779,0.005914003211457385,-0.004151729461688311
1785122914.704987,-3.3784622662209016,0.1803532112834469,2.6600713503361657,0.4740644651368947,0.005946574300780071,-0.0041695036125349244
1785122914.7108328,-3.380975452250228,0.18165802072372045,2.6598623418632803,0.47401597105175114,0.00598009859200318,-0.0041820022565959075
1785122914.7153177,-3.383478516698204,0.18296176789647264,2.6595933084840815,0.47396666406140575,0.0060143131723214335,-0.004190415531019631
1785122914.7199602,-3.385970283071652,0.18426383747347508,2.6592683653711964,0.47391668881932714,0.0060489883676403235,-0.004195878779245201
1785122914.7253706,-3.3884496186627384,0.18556362354104491,2.6588919074879507,0.4738661740478212,0.006083870551196649,-0.0041994393075859724
1785122914.7310479,-3.390915438271258,0.18686053057274765,2.6584685433335578,0.4738152328189188,0.006118730885395515,-0.004202025187416957
1785122914.7349794,-3.3933667074868086,0.18815397162497433,2.6580030353683877,0.47376396516649594,0.006153382382760977,-0.004204420761760712
1785122914.7412221,-3.3958024433102474,0.18944337039406958,2.657500254952003,0.4737124573988988,0.0061876319842498655,-0.004207271385273357
1785122914.7451458,-3.398221714631232,0.1907281625983346,2.6569651410348585,0.47366078252143545,0.006221275716356731,-0.004211088974970802
1785122914.750445,-3.4006292333297914,0.19201094865910884,2.6563853617750994,0.47360893083668165,0.0062548503918974435,-0.004255110132490432
1785122914.7552547,-3.4030226230221206,0.19329035488747662,2.6557711586452224,0.4735572596542746,0.006294307505020785,-0.004325887825607819
1785122914.7607486,-3.4053982024064493,0.19456429472706738,2.6551359684727913,0.4735058678141774,0.0063381476661662235,-0.0044039348335574964
1785122914.7651482,-3.4077532457973607,0.19583118710325947,2.6544898323164823,0.47345465947301674,0.006382438940714771,-0.00447846359198944
1785122914.7700605,-3.4100856466212295,0.1970897538987744,2.6538407442087117,0.47340346884549184,0.006423879349774347,-0.0045438058271506186
1785122914.7757611,-3.4123937057565614,0.19833890547219787,2.6531954003756275,0.4733521218298423,0.006460477041640243,-0.00459734224016912
1785122914.7802055,-3.4146759996529457,0.19957767473380175,2.652559616480151,0.4733004642482949,0.006491382449884762,-0.004638288980202009
1785122914.7846286,-3.4169312989492613,0.20080517873163123,2.651938559773972,0.4732483732475105,0.006516518640783701,-0.0046669711259061065
1785122914.789998,-3.419158518865994,0.20202059625422403,2.6513368774021293,0.4731957606510618,0.006536247146531661,-0.004684375012954125
1785122914.7966015,-3.4213533387869375,0.2032210165659983,2.650708604567321,0.47314307032070063,0.006542128867964976,-0.004660861349367366
1785122914.8041005,-3.4235163223484437,0.2044060880770855,2.650070866468579,0.4730909227968022,0.006534673221703395,-0.004606448041588476
1785122914.8090441,-3.425648941802446,0.20557607035247039,2.6494504320786776,0.4730394201552635,0.006515821758697496,-0.004536021924460453
1785122914.8121784,-3.427752114334127,0.20673098728349282,2.648864772032964,0.472988459013124,0.0064863817268133745,-0.004458051877771664
1785122914.8144903,-3.4298264235198723,0.20787070724602352,2.6483257169573076,0.47293786526609927,0.006447303873453288,-0.0043775200324242276
1785122914.820464,-3.431872255604065,0.2089950037897029,2.647841545342889,0.47288745564593104,0.006399898357194141,-0.00429747799726174
1785122914.8267164,-3.4338898856384645,0.21010360086854504,2.6474181893379893,0.472837062047632,0.006345704076557293,-0.00421986058177771
1785122914.830659,-3.4358795330723466,0.21119620566002695,2.647059941084336,0.47278653874415905,0.006286299129507211,-0.00414590768494931
1785122914.8424726,-3.437841397934394,0.21227253164897794,2.6467698737863246,0.4727357628541781,0.006223152666792579,-0.004076385479514445
1785122914.848404,-3.4397756842117015,0.2133323143246072,2.64655009843939,0.47268463286899487,0.006157539303369608,-0.0040117083464429595
1785122914.851982,-3.4416805217450728,0.21437444774629644,2.646435578893576,0.4726332720255478,0.006097527841927276,-0.00394071946016755
1785122914.853333,-3.443556479684255,0.21539916913929624,2.6464177676609495,0.4725818339734181,0.006043849304346225,-0.0038686026485461418
1785122914.856928,-3.4454046712161848,0.21640695810048297,2.6464808239795126,0.4725304017305797,0.005995331277224443,-0.0038015396459096383
1785122914.8631635,-3.4472259545771573,0.21739815629181672,2.646614343920545,0.47247911985779567,0.005951831846936661,-0.003742679698150719
1785122914.8654962,-3.4490210594320145,0.21837302732327074,2.6468109927216408,0.4724281787425694,0.005913588960538975,-0.0036934546492039507
1785122914.8704,-3.4507906497476157,0.21933180882432235,2.6470651264979383,0.4723777635648554,0.005880453839019101,-0.003654135176468906
1785122914.8771405,-3.452535363900338,0.22027473930141875,2.647372008278866,0.4723280309282002,0.005851856156983927,-0.003624208670061018
1785122914.8819983,-3.4542558389352753,0.22120207150864127,2.647727362876779,0.4722791013790832,0.005826989889051188,-0.0036026505365403055
1785122914.8847637,-3.4559527238301007,0.22211407893426088,2.648127126515611,0.4722310597508485,0.005805001995225948,-0.003588123878778895
1785122914.8912168,-3.457626685526908,0.2230110586115355,2.64856731048026,0.4721839585948351,0.005785117169936018,-0.00357912736803786
1785122914.8987234,-3.459278410620766,0.22389333198935266,2.649043932020696,0.4721378223916803,0.005766697712781794,-0.0035741047605904433
1785122914.9086516,-3.460908325270487,0.22476140989212073,2.6495869924530844,0.47209288126337023,0.00575528308501529,-0.0035733607146754545
1785122914.9228551,-3.462516948015891,0.22561576108644596,2.6501834608845667,0.47204931796935456,0.005751118365698532,-0.003576546118871332
1785122914.92473,-3.4641049030030517,0.22645679188867335,2.6508134722915386,0.4720071896116001,0.00575231461669742,-0.0035825946450412805
1785122914.9334927,-3.4656728403167856,0.22728491925867317,2.651463196915826,0.4719665086951337,0.005757098587916087,-0.0035904206235706
1785122914.9414368,-3.467221435559171,0.22810057390499752,2.6521223850587905,0.47192725031543137,0.0057640131820686676,-0.003598971067047708
1785122914.9559455,-3.4687513886213743,0.22890420070231893,2.652782980054056,0.47188935641508384,0.005771916315827658,-0.0036072552606548013
1785122914.96355,-3.470263422021231,0.22969625769947313,2.6534383297247213,0.47185273952161844,0.005779926733020307,-0.0036143651446932366
1785122914.9676456,-3.471758191321521,0.23047726399952345,2.654092669050812,0.4718173379468423,0.005788693918142994,-0.0036199612417935475
1785122914.9700828,-3.473236406051755,0.23124771042361766,2.654738392450759,0.4717830585376168,0.005798162733539554,-0.003623721550926403
1785122914.9784002,-3.4746988177924543,0.23200807873802043,2.655366445854084,0.4717497613971936,0.005807509893761809,-0.0036251838253132476
1785122914.9808376,-3.4761461959067694,0.23275885738624805,2.6559700028260886,0.47171728160981313,0.005815904686267097,-0.003623906985210223
1785122914.9896803,-3.4775793261202885,0.23350054038088874,2.656543693094044,0.4716854394611507,0.0058226722540041225,-0.0036195117046456684
1785122914.9918125,-3.478999008339538,0.23423362640631068,2.65708316415209,0.47165404847907144,0.0058273230108212325,-0.0036116990098858186
1785122914.9978175,-3.4804060910106003,0.23495860012177577,2.6575803646218885,0.47162290887723646,0.005829083780324954,-0.0036000470104040616
1785122915.0022736,-3.4818014168961486,0.23567596624951873,2.6580334915346016,0.47159183178425795,0.005827618397937965,-0.0035842662609378018
1785122915.006192,-3.4831858253599077,0.23638623868037448,2.658442174990965,0.4715606450403006,0.005823005335017447,-0.003564263065278318
1785122915.0119035,-3.4845601598334333,0.23708993316031307,2.6588057353779995,0.4715291919292429,0.005815435106633011,-0.0035400620565448717
1785122915.0160518,-3.485925265796668,0.23778756681745938,2.6591234734566673,0.471497332406868,0.00580512370197172,-0.0035117799588087846
1785122915.0195627,-3.487281989285097,0.23847965772830598,2.659394830423005,0.47146494388689825,0.0057922815463272515,-0.0034796058109244506
1785122915.0260131,-3.488631175691483,0.23916672455144516,2.659619474554336,0.4714319217053879,0.005777105317817923,-0.0034437846185863294
1785122915.0342705,-3.489973668704016,0.23984928617067386,2.65979734570076,0.47139817927763056,0.005759778278870681,-0.00340460317452322
1785122915.0397184,-3.4913103634297684,0.24052767506871892,2.659928712072639,0.47136373506716456,0.005741744359186385,-0.0033619302949120717
1785122915.0425968,-3.492642299464622,0.24120196458343734,2.660014321218947,0.4713288450607816,0.005724996081202542,-0.0033147052197998682
1785122915.045427,-3.493970371424601,0.24187282261304965,2.660055135459376,0.4712935257785651,0.00570712294963787,-0.003263290335285363
1785122915.0499427,-3.4952955460522803,0.24254132930995398,2.6599932849227863,0.4712573233446577,0.005680731816620473,-0.0032060326966495464
1785122915.0553644,-3.4966188108393497,0.2432080916560306,2.659845445142369,0.4712203321162176,0.00565099072892013,-0.0031434025472064303
1785122915.0613747,-3.4979411031176206,0.2438736448393562,2.659640297065219,0.47118248901097076,0.005620149205129572,-0.003075810565211823
1785122915.06473,-3.4992633124666996,0.24453858892818972,2.659396306551009,0.4711436160529117,0.005588028134935335,-0.0030030836452102304
1785122915.0766592,-3.500586276225407,0.2452035547963649,2.6591260004398616,0.47110354049796677,0.005555027848551709,-0.0029252210730472804
1785122915.082037,-3.501910803427293,0.2458691585633266,2.6588384392559394,0.47106215784258065,0.005522572541253907,-0.002842663396357842
1785122915.0859783,-3.50323767177589,0.24653600516806268,2.658540579961928,0.4710194067721198,0.005492099028707635,-0.0027561016029571156
1785122915.0924745,-3.5045676289758387,0.24720469047598514,2.6582380586987067,0.47097525312487376,0.005464670275969998,-0.0026663456099818156
1785122915.0968492,-3.505901513377391,0.24787579357469622,2.657915472630528,0.4709295779892843,0.005441253064930986,-0.0025733394837774612
1785122915.101323,-3.5072400908220103,0.24854993260686734,2.657582191594568,0.4708822868261577,0.0054226305849906144,-0.0024773876791810245
1785122915.1049151,-3.508584058844821,0.24922773588324523,2.657251190075409,0.4708332943586944,0.005408678948980819,-0.0023790628261122974
1785122915.1104105,-3.5099340941261477,0.2499098091006897,2.656931542966249,0.4707825344597348,0.005399307815287899,-0.00227908114879904
1785122915.1167552,-3.5112908493916963,0.2505967366446835,2.656629927367568,0.47072995555529595,0.005394396416153636,-0.0021782084225596874
1785122915.1208987,-3.5126549530216185,0.25128908153948387,2.656351477778082,0.470675521375358,0.005393778509370596,-0.0020772062732403907
1785122915.1251166,-3.514027009681783,0.2519873846349702,2.6561002776100557,0.4706192136715408,0.005397246103331728,-0.0019768004557542134
1785122915.1309538,-3.5154076011785107,0.2526921633416897,2.655879644743426,0.47056103494998486,0.005404559702060203,-0.0018776618212061266
1785122915.142586,-3.516797287193624,0.25340391010662855,2.655692299722727,0.4705010102530632,0.005415459807165968,-0.0017803951407396874
1785122915.146435,-3.518196581642351,0.2541230882184096,2.6555446549859933,0.4704392496296882,0.005429387170937957,-0.001685701252079448
1785122915.1516757,-3.5196059928544408,0.254850119976181,2.655437426984892,0.4703758787323949,0.00544598663187648,-0.0015941640190523447
1785122915.1544995,-3.5210260133785654,0.2555853981038459,2.6553700874439894,0.47031101932494046,0.005465041827187283,-0.0015062007163973525
1785122915.159975,-3.522457113709861,0.2563292859293374,2.655342477005026,0.4702448049231141,0.0054863490573537335,-0.001422122312442051
1785122915.1650798,-3.5238997430984784,0.2570821153839969,2.6553545253753654,0.4701773806281457,0.005509705464720433,-0.001342152289376044
1785122915.1692038,-3.5253543295150958,0.25784418529201014,2.6554060972967886,0.47010890048884757,0.005534908476874473,-0.0012664401040101327
1785122915.1752732,-3.526821301352433,0.25861573964729234,2.6554969824460413,0.47003953491934,0.005561620243946296,-0.001195115416601264
1785122915.179965,-3.528301075245066,0.2593969646487983,2.6556268364518916,0.4699694854403744,0.005589038560147704,-0.0011283622199391333
1785122915.1842194,-3.529794021158727,0.26018801294401056,2.6557950500176357,0.46989896828865174,0.0056162161193264405,-0.0010663656691887432
1785122915.1903367,-3.531300470362714,0.26098900092418253,2.6560007550534754,0.46982819865152503,0.0056423720782985175,-0.0010092669513507974
1785122915.194945,-3.532820423552811,0.26180015574190435,2.6562624200026,0.4697577724103692,0.005666188456229559,-0.0009575033085066964
1785122915.2002327,-3.534354163587939,0.26262148596401763,2.65657350441625,0.46968809691372304,0.00568940847688474,-0.0009110563566576938
1785122915.2038298,-3.535902067369416,0.263452886214506,2.6569235425001736,0.4696194446362845,0.0057124857188296475,-0.0008698555279147428
1785122915.2098796,-3.5374644349054543,0.2642942235680001,2.657305396800283,0.46955209865739916,0.005734210965291079,-0.0008339885352792788
1785122915.214759,-3.5390414687552503,0.2651453647364554,2.6577136867058524,0.46948631787280587,0.005753272130964606,-0.0008035215927543067
1785122915.2196522,-3.54063331705569,0.26600615835449326,2.6581440649778414,0.4694223151442136,0.005768917903625729,-0.0007784192861518175
1785122915.224842,-3.5422403036041366,0.266875967304588,2.65858978862933,0.46936042831372293,0.005782946785233909,-0.000757674628454023
1785122915.2298877,-3.5438626138316534,0.26775456856496443,2.659046457483244,0.4693008879090627,0.005794304968545604,-0.0007404984287748904
1785122915.2352505,-3.5455003470923714,0.2686418044492071,2.6595107378332075,0.46924377629986225,0.005802270110027004,-0.0007264582417249229
1785122915.2451253,-3.547153603818871,0.26953743704241606,2.6599796627677583,0.46918916659168697,0.005806083776625792,-0.0007155105737217751
1785122915.2503808,-3.548824669497359,0.27044277162157515,2.660460580312286,0.46913718286757233,0.005805064714958229,-0.0007269983021096262
1785122915.2551143,-3.5505129973055123,0.2713568634382646,2.6609481654152436,0.46908778966235104,0.005801899897051174,-0.0007535971525667942
1785122915.2602422,-3.5522173556009307,0.27227841065284036,2.661435217641869,0.4690409695260007,0.0057959798431504814,-0.00078577866872768
1785122915.26517,-3.553936753898898,0.2732064115992799,2.661916435422212,0.4689966889681052,0.005785825328857506,-0.0008186142870582787
1785122915.2688982,-3.5556703727246934,0.2741400383351849,2.6623877447953554,0.4689548673438326,0.005770485385157788,-0.0008496706555082449
1785122915.2747943,-3.5574175097865606,0.27507856901332456,2.662845913407734,0.4689153695436992,0.005749719472700736,-0.0008778700773885226
1785122915.2794359,-3.5591775397049847,0.27602135103402,2.663288323597693,0.46887800968482296,0.0057237991880039,-0.000902875360524681
1785122915.2847514,-3.5609499007835432,0.27696777529035843,2.6637129177112158,0.4688425967368153,0.005692828529290507,-0.0009249355011141198
1785122915.2901266,-3.5627340606252025,0.2779172413387568,2.664118117592212,0.46880895825647906,0.005656786395876818,-0.0009447308674454257
1785122915.2942955,-3.5645274994829252,0.27886739846545006,2.6645034393323708,0.4687780811675988,0.005606115684690535,-0.0009483245711628702
1785122915.3000903,-3.5663301250503285,0.2798176580225958,2.664869169402566,0.4687505019754339,0.005541555960395032,-0.0009457235516446225
1785122915.3045208,-3.5681433594088348,0.28076886305623033,2.6652085456327788,0.4687261765676976,0.005467128014543044,-0.0009461531717334062
1785122915.3095357,-3.569966885119215,0.2817209876807622,2.665527329954206,0.4687017162082597,0.005415933955430797,-0.0009390488819560795
1785122915.3145716,-3.57180017581504,0.28267330205358804,2.6658256049974467,0.4686787177927864,0.005359112352823981,-0.0009371058543249306
1785122915.3189735,-3.5736432786773316,0.28362554455137595,2.6661003564038475,0.4686583805357175,0.005281890170623678,-0.0009489577925140619
1785122915.3257332,-3.575496500926539,0.28457817782013534,2.6663513526147296,0.46863773004245796,0.005220996282908901,-0.000960575801922625
1785122915.3314524,-3.577358801205406,0.2855303529023323,2.6665822287828904,0.4686170323843132,0.005160782652371706,-0.000975285194801301
1785122915.3341386,-3.5792305088742693,0.2864823440215978,2.666786721321005,0.46859748035435006,0.005085145418114417,-0.0009992818836591423
1785122915.340815,-3.5811107076066038,0.2874336718245843,2.66697190040419,0.4685761038196124,0.005025133219611244,-0.001018536183605168
1785122915.347428,-3.582998466561508,0.28838346305987683,2.6671388348863654,0.46855490455369575,0.004950959385522556,-0.001044262347658492
1785122915.3515005,-3.5848941403940424,0.289331256474542,2.667276794208281,0.46853583422626044,0.0048390199051328376,-0.0010883940503932197
1785122915.3549843,-3.5867976618028417,0.29027717037847894,2.667389640137233,0.4685162689687953,0.004730170721653841,-0.0011370423257463667
1785122915.35939,-3.588708557799182,0.29122118601299996,2.6674790703935836,0.46849677877535817,0.004612801073149935,-0.001191975578364106
1785122915.3661814,-3.5906253773803316,0.292162558414261,2.667556162042582,0.468474972212448,0.004510649689736914,-0.001241188141940085
1785122915.3705657,-3.592547288620341,0.29310055061324186,2.6676208956018064,0.46845408573659686,0.00438155588360738,-0.0013009697358184378
1785122915.375805,-3.594474178869181,0.2940354617767231,2.6676754495169104,0.4684319385540801,0.00425919936491092,-0.0013593370165135713
1785122915.3804295,-3.596405124831935,0.2949666982620177,2.667722118850831,0.46840995535768276,0.004120974281821219,-0.0014234814609454364
1785122915.3846197,-3.5983399558586644,0.2958945684754397,2.6677625389582897,0.4683862820872762,0.003993557490214782,-0.0014830085397928127
1785122915.3902893,-3.6002777112197806,0.2968184876419042,2.667798748819766,0.468362603633622,0.003851615380845812,-0.001545955683134909
1785122915.3947499,-3.602218183160196,0.29773879596384556,2.6678286302919743,0.46833835868070645,0.003722193559847503,-0.001601748866304036
1785122915.4009902,-3.6041610785655696,0.2986558245670482,2.6678527724995043,0.4683156681806582,0.0035874500201252438,-0.0016542019446970245
1785122915.405458,-3.6061049031191446,0.29956874658280863,2.667882391648014,0.46829368536188815,0.0034805894428825306,-0.001688063973304076
1785122915.4104729,-3.608049102637921,0.30047765059247894,2.6679131383931716,0.46827332470760535,0.0033297591202647255,-0.0017297531015565738
1785122915.4147253,-3.6099934409114374,0.3013831795628338,2.667952799771156,0.4682533941496394,0.0031741463810779536,-0.0017687788389411686
1785122915.420066,-3.611937561880885,0.30228575864274077,2.6680058799711452,0.4682351351473329,0.003053353847751867,-0.0017896662518160369
1785122915.4260144,-3.61387992753785,0.3031849905690418,2.6680763904827876,0.4682189864966261,0.002899923148782814,-0.0018151022827721372
1785122915.4305086,-3.6158213417744465,0.3040825468208084,2.6681645981361863,0.46820485202709394,0.002745821536113408,-0.0018383693587699496
1785122915.4354422,-3.6177611647237486,0.3049775991542826,2.668268862747977,0.4681924740374041,0.002640328655711978,-0.001836943431652713
1785122915.4417434,-3.6196977803130483,0.3058698609460653,2.6683977384016058,0.4681823800467489,0.0025224442438493964,-0.001832826409737387
1785122915.4515305,-3.6216317479758926,0.3067604065004915,2.668541363537143,0.4681771121624013,0.0023495260681866584,-0.0018467784097758184
1785122915.4553761,-3.623563620922449,0.30765032052425517,2.6687094274248535,0.46817183503727583,0.0022439989283241815,-0.001834969742604627
1785122915.4603887,-3.6254914835441916,0.3085386412085251,2.6689057610789604,0.46816800347519516,0.0021311747692102398,-0.0018190479587130621
1785122915.466273,-3.627415618875122,0.30942537262435943,2.669118771605168,0.4681700722043916,0.0020074422660405792,-0.0018055567996354941
1785122915.4703918,-3.6293357796040713,0.3103113910888957,2.6693546398146926,0.4681752713402993,0.0018828872927099333,-0.0017930879301797846
1785122915.4759843,-3.6312522243332017,0.31119768745016246,2.6696090371805834,0.4681830813584266,0.001752253729136797,-0.0017835442418289327
1785122915.4819906,-3.6331648057699137,0.3120838961086891,2.6698812374909213,0.46819345046538247,0.0016703247930211192,-0.0017553831756208207
1785122915.4868684,-3.6350726869579773,0.31297038536252464,2.6701755115875114,0.4682081604270661,0.0015739144394775297,-0.0017306947363734146
1785122915.4977038,-3.636975579345647,0.31385615197785555,2.670478754548842,0.46822750710175737,0.0014713296371318184,-0.001707461845988962
1785122915.49895,-3.6388739140399644,0.31474382296565406,2.6708068624130514,0.4682457973064983,0.0013606354198679596,-0.0016914861848768782
1785122915.50101,-3.640767750208758,0.3156328080126601,2.6711609900375066,0.4682699344708781,0.0012764046322889246,-0.0016701592887630812
1785122915.5044954,-3.642657123644156,0.31652301993528614,2.671521495628383,0.46829831535635563,0.0012089193487306912,-0.0016428074542068495
1785122915.5110707,-3.644541371082264,0.31741544327902466,2.671907897864503,0.46832400714270916,0.0011455758712277393,-0.0016135720379479002
1785122915.5150595,-3.6464199653184908,0.3183079075418642,2.6723027539796624,0.4683569717385372,0.0010987609060581773,-0.0015787019137620138
1785122915.5213258,-3.6482933892479057,0.31920320734133556,2.672703649006714,0.4683901148231031,0.0010040331734912486,-0.001564898259576343
1785122915.5280402,-3.650161881552221,0.32010041484836116,2.673120895054133,0.4684236562569235,0.0009653894784492912,-0.0015358835635215886
1785122915.5325537,-3.6520244502847126,0.32099862296611054,2.673546182716321,0.46846241740589284,0.00091319197253089,-0.0015131250621973817
1785122915.5360777,-3.653882162041752,0.32190017809805144,2.673974087250109,0.4685030254723806,0.0008426167157631622,-0.0015026136211165522
1785122915.5396285,-3.655734431884737,0.3228020743437454,2.6744064313584195,0.46854561141990947,0.0008436278235378021,-0.0014683773949165267
1785122915.5508647,-3.6575807757778627,0.32370688440859896,2.674839028210446,0.4685890644734174,0.0007578790265882378,-0.001467296609551363
1785122915.5631042,-3.6594228428493385,0.3246146692124157,2.6752782817115044,0.46863125474620093,0.0007468197785718788,-0.0014471195515206035
1785122915.5641086,-3.661259286208956,0.3255239934270322,2.675723204165155,0.4686753894464395,0.0007396108554639428,-0.0014240252769467214
1785122915.565761,-3.6630903536253574,0.3264361293118356,2.6761709791466695,0.46871900322625404,0.0007078023353376902,-0.001411002812586519
1785122915.56938,-3.664916336708845,0.32734906297853034,2.676613598744263,0.4687633530516887,0.0007356479198184366,-0.001378325884499916
1785122915.575455,-3.666735937864307,0.32826361499940476,2.6770570019002586,0.46880499243342727,0.0006923095614809359,-0.0013704817555418337
1785122915.5802188,-3.6685514803342976,0.3291825558052389,2.6774955659062,0.46884609024575186,0.0006603346336633385,-0.0013681931816308783
1785122915.5864122,-3.670362377071858,0.33010191935406474,2.677927963536981,0.468887677278299,0.0007218699703151092,-0.001331882882252799
1785122915.5901415,-3.6721671592565173,0.33102277249219436,2.6783569972254155,0.46892780775386955,0.0007110974583698186,-0.0013169485063176847
1785122915.5955195,-3.6739675586574454,0.3319459843598568,2.678770330609486,0.46896835290672695,0.0007121953948264963,-0.0013026692831219584
1785122915.601397,-3.675763254696053,0.3328705846333675,2.6791606933225696,0.4690099384273734,0.0007481793008489767,-0.0012750968167523386
1785122915.605905,-3.677553659652806,0.3337945885327869,2.679513057732273,0.46906212322258195,0.0007615374745968081,-0.0012526550443259074
1785122915.6106257,-3.679340102746456,0.3347217035942376,2.679852590694185,0.46911070571444247,0.0007336207815627526,-0.0012479459271930754
1785122915.6153016,-3.681123002510131,0.3356503433660282,2.680203585640671,0.46915896944177876,0.0007809097198919187,-0.0012169668180423202
1785122915.6196852,-3.682901462990636,0.33657860305368514,2.680544531698457,0.46921632310007844,0.0008165963358981251,-0.0011837150338030935
1785122915.6262736,-3.6846765642204087,0.3375100849684846,2.680889642460247,0.46926917892200304,0.0008150299882872711,-0.0011625312332879118
1785122915.6296341,-3.686447987271478,0.3384406930949927,2.6812471805810287,0.46932175105067964,0.0008958597943603431,-0.0011079065141921453
1785122915.6346886,-3.6882151843026207,0.3393721844202456,2.6816111065640484,0.46937690362110307,0.0008920480928716227,-0.0010792343459380875
1785122915.6395516,-3.6899801262633956,0.3403059234597674,2.6819804516865804,0.4694302661140088,0.0009155913082650503,-0.0010436292685112897
1785122915.6453366,-3.691741791492068,0.3412393944352416,2.6823699666853607,0.4694804206282962,0.0009810597316657523,-0.0009881982156974233
1785122915.650192,-3.6934998237329464,0.34217248808836276,2.682763844874751,0.4695347839804332,0.000987254569184648,-0.0009495641270404239
1785122915.6573763,-3.6952558381354055,0.34310754040183955,2.6831772352912604,0.4695869248021789,0.0010076153680312816,-0.0009102957206562526
1785122915.6614323,-3.6970095088687644,0.3440411633421862,2.683596285197212,0.46964121764674044,0.0010755734936573477,-0.0008509690718877821
1785122915.664675,-3.6987601586414356,0.3449753911792132,2.684040489293104,0.4696892238772188,0.001091187509533544,-0.0008077484222710337
1785122915.6702156,-3.700509125909558,0.3459093729930065,2.6844941603256047,0.4697424753602979,0.0011138594375181483,-0.0007659123657060546
1785122915.675944,-3.702257370165107,0.3468461851461555,2.6849641187883684,0.46979131036405036,0.0011360892389715943,-0.0007260694514404935
1785122915.6795344,-3.7040044290373553,0.3477816271079611,2.6854568552823195,0.4698397870036632,0.0012511797864808913,-0.0006481873266247894
1785122915.6844313,-3.7057490716968147,0.3487147497677003,2.6859538196495745,0.46989267289786635,0.001301573135715591,-0.0005839630190134714
1785122915.6903958,-3.707491687031162,0.34964808460005553,2.6864779603313376,0.469937454627388,0.0012950139264613523,-0.0005417026636984417
1785122915.6957843,-3.709234244404023,0.35058300998599035,2.687027092464926,0.46998465744870654,0.0012921033493399146,-0.0005090071827714514
1785122915.7003603,-3.710977727454021,0.35151746393860595,2.6875830991694727,0.47003311811555654,0.0013815861698648442,-0.00044483462195912625
1785122915.7049468,-3.7127201300539814,0.3524506773870904,2.688165108759069,0.47007521336416047,0.0014667709194148345,-0.0003724569570201308
1785122915.7104673,-3.714461184871444,0.3533824572271139,2.688768309895689,0.4701187720618911,0.0014946590939206852,-0.00031759172992681435
1785122915.7152479,-3.716202401004774,0.35431379098604565,2.689374220300584,0.47016577499936113,0.001488439884653401,-0.00027914915039747997
1785122915.7208242,-3.7179447214158703,0.3552458834557284,2.690002613913695,0.47020777251371654,0.001541628634945717,-0.00022629522516343046
1785122915.7261376,-3.7196875965025673,0.35617534099843884,2.6906357251252144,0.4702536283083936,0.001621213798227838,-0.00015997501393166344
1785122915.729803,-3.7214307366955643,0.35710620055765474,2.6912815739500786,0.4702973514067986,0.0016181501343011941,-0.0001202362843619899
1785122915.7341743,-3.7231757354116004,0.3580353260209512,2.691939224472203,0.4703407423258959,0.0017147630973237797,-4.7420176683137417e-05
1785122915.741616,-3.724920479095088,0.3589614658493434,2.6926080403596697,0.4703853713051557,0.0017565394756650992,1.5255626369260532e-05
1785122915.7453039,-3.7266667654683965,0.3598895368035997,2.69328851248802,0.47043109184329884,0.001750882229923426,5.448061702335617e-05
1785122915.750994,-3.728415382505929,0.3608142294860872,2.693976018696404,0.47047546056012923,0.001849594243359989,0.00013076605843445735
1785122915.7577953,-3.730164161231092,0.36173835749126837,2.6946814119505786,0.47051679899353865,0.0018594546681900844,0.0001828343207811449
1785122915.7607982,-3.731915365924014,0.36266120017124714,2.695386389037527,0.4705623925711375,0.001902767691644046,0.00024093149117688495
1785122915.7651114,-3.7336677441923647,0.36358098474026534,2.6960965574908995,0.47060745004743587,0.001930835059138069,0.0002984983144046041
1785122915.769987,-3.735422414704697,0.3645019009766818,2.6968118539225183,0.4706521854666043,0.001940626798268648,0.0003434053413361615
1785122915.7757251,-3.7371794077266918,0.3654185983432295,2.6975264871757876,0.47069947781408056,0.002002759015993289,0.0004087877453457983
1785122915.7796721,-3.738938406563215,0.36633513231770776,2.6982400148380252,0.47074583005909826,0.0020159734905466184,0.00045881091437253725
1785122915.786674,-3.7406995841334254,0.3672497817926882,2.69896031043413,0.47079107912777024,0.002036632473675459,0.0005111412518446073
1785122915.7903867,-3.742463553407036,0.36816287743555043,2.699673890252787,0.47083827802862155,0.0020567944113291862,0.0005634175865302507
1785122915.7962584,-3.744231532681067,0.3690745494840626,2.7003893337397638,0.4708854776338981,0.002112564489037247,0.0006141307685387258
1785122915.8003635,-3.7460029160491204,0.3699866650591419,2.7011064813115104,0.47093191098333703,0.002135160930149596,0.0006486821183372327
1785122915.8053868,-3.7477773904505463,0.37089666696801693,2.7018227654151525,0.4709781029235376,0.0021701215043137155,0.0006922016402695224
1785122915.8108876,-3.7495544582513074,0.37180695987397105,2.7025354014777196,0.47102651013626745,0.0021574350583619738,0.0007256543670720992
1785122915.8144548,-3.751334853665586,0.37271497239577034,2.703246194569408,0.4710748445516888,0.0022155427365623346,0.0007907982507492542
1785122915.820179,-3.753117158873385,0.3736192864846527,2.703945786525005,0.47112540988068147,0.0022497125411873892,0.0008662534811623717
1785122915.8257704,-3.754900582740045,0.37452424282600744,2.704648412593956,0.47117127841463674,0.0021972599108185885,0.0009226100956545365
1785122915.8294613,-3.756686848824989,0.37542718108497974,2.705345104096647,0.4712193576078072,0.002207881388270329,0.0010019665007271537
1785122915.8366024,-3.758474543327445,0.3763271093127375,2.7060386666737815,0.4712672065621755,0.002207673325778581,0.0010903360708909497
1785122915.83994,-3.7602643151754744,0.3772256982583001,2.7067219943966467,0.47131629321534463,0.00221375770595455,0.0011855098664147476
1785122915.8469968,-3.7620552206548443,0.37812208587288904,2.707409387187945,0.471361758607279,0.0022200014471629665,0.0012893510493655628
1785122915.8525453,-3.763847219463698,0.37901678420241564,2.7080866332489326,0.4714108711306534,0.0021843922193803445,0.0013843497950979298
1785122915.867852,-3.7656416011497873,0.37991061250423713,2.7087532247982056,0.4714597376122998,0.0021991964871765223,0.0014953309403057055
1785122915.8728464,-3.7674369030043433,0.3808008549881041,2.709420862978759,0.4715041140413888,0.0022273831266647563,0.0016227215026920095
1785122915.8758366,-3.7692324802942805,0.38169081294628077,2.710095852148753,0.47154834281493874,0.0022051876407947015,0.0017344764505018697
1785122915.8814452,-3.771029833410322,0.3825791181105747,2.7107549247820346,0.4715984276439302,0.002205069696814469,0.0018518264689200525
1785122915.888588,-3.772828522746741,0.383463387084512,2.7114072454489153,0.4716448579209846,0.0022560641233253156,0.001993478623966356
1785122915.895833,-3.774626443556578,0.3843470332197194,2.712070787587164,0.4716850556557229,0.0022197522816825455,0.0021117743656938223
1785122915.900775,-3.7764253186141206,0.38522936807775165,2.7127280003139584,0.4717303793629617,0.002187779117466224,0.0022227747132985247
1785122915.9045124,-3.778224242979119,0.38610789390962835,2.713371675443109,0.47177616623225904,0.0021862611621566584,0.002356701607245886
1785122915.908441,-3.7800218552890237,0.38698306808398314,2.7140234090197275,0.4718158539133046,0.00216940337760173,0.0024941177331375417
1785122915.911467,-3.7818190390851476,0.3878558508862899,2.7146690009266905,0.47185792953572675,0.002103236000590332,0.002607904239223583
1785122915.9186006,-3.7836176333926415,0.3887299213824304,2.715315465022773,0.47189724271242633,0.0020768666818784423,0.002712712247636995
1785122915.922873,-3.7854177627246615,0.38959923396148977,2.7159642181504506,0.4719358564580966,0.002145628720868411,0.002840751968019406
1785122915.9268422,-3.7872183055361908,0.3904657223526852,2.7166039156536717,0.4719777296539373,0.0021514987508858825,0.002944222601106866
1785122915.9304497,-3.789019356665299,0.3913321128112408,2.7172544938265903,0.4720127613102409,0.0021226271593665687,0.0030233556845843087
1785122915.93554,-3.79082228626942,0.39219741886154885,2.7179014213738446,0.47205146119444774,0.002110500558522486,0.0030897617900823033
1785122915.9435787,-3.79262729062946,0.3930589522923589,2.7185475703700983,0.4720886126846396,0.0021539412100831812,0.003166376461463291
1785122915.949832,-3.79443317757782,0.39391943744404434,2.719189774773795,0.472125385714866,0.0021143455788916648,0.003211528972682544
1785122915.9558723,-3.796241135057221,0.3947800162479814,2.719843802581946,0.47215678071893813,0.0021034289439600313,0.0032502603007311254
1785122915.9579408,-3.798051533871432,0.3956385542546849,2.720491257721692,0.4721924465803418,0.002104430338146733,0.0032851789535370004
1785122915.9658175,-3.799864053639998,0.3964945691062729,2.7211430788590647,0.4722242456434086,0.0021184865858425166,0.003322583193532327
1785122915.9783914,-3.8016785783365665,0.397351973651978,2.721800222575901,0.4722563716302417,0.0020856488986277662,0.0033366258022865633
1785122915.9852755,-3.8034963199746867,0.3982058476011739,2.722459277304299,0.4722886110476094,0.0021358369192754764,0.0033751972526406613
1785122915.9860916,-3.8053159841471427,0.3990573485698547,2.723112319159005,0.47232343981773217,0.002133789857059205,0.0034020142524000285
1785122915.992959,-3.8071375208365144,0.3999085754925187,2.72377880689769,0.47235162048046103,0.0021029433884252437,0.003417674597317009
1785122915.997043,-3.808961904297067,0.40075867691928013,2.724444545910207,0.4723838294768417,0.002081914090579164,0.0034307629939807115
1785122916.0029705,-3.8107896002871158,0.4016068175746583,2.72508130851557,0.47242026392999964,0.0021024659963688815,0.003459541406725981
1785122916.0074375,-3.812619222726496,0.40245288598405493,2.7257204058744158,0.472457378922378,0.0020959884898850783,0.0034867454819243705
1785122916.0107226,-3.8144517343162274,0.4032972733977498,2.7263534293328893,0.47250291116558785,0.0020729238734318624,0.0035107757379544877
1785122916.0164845,-3.816286817479283,0.4041392715217355,2.7270017529921597,0.47254683152320687,0.002054903227393916,0.003541974058070208
1785122916.019837,-3.8181245071607144,0.40497889633107254,2.727672978837806,0.4725924154948545,0.0020455337660717056,0.0035791678102352208
1785122916.0249503,-3.819964972012102,0.405816736796387,2.728355236392575,0.47264219972141064,0.0020112413731035476,0.0036120397434423316
1785122916.031472,-3.8218080726451387,0.40665262489814613,2.729075889066349,0.4726855876032413,0.0020020884665336823,0.0036569637259937712
1785122916.0352478,-3.8236533764920204,0.40748536988384565,2.7298197675384017,0.4727347490185515,0.0019654286712008,0.003698178879304765
1785122916.040095,-3.825501461047836,0.4083178095175321,2.730585476375789,0.4727841567409023,0.0018937280611323966,0.0037284256777250654
1785122916.0476174,-3.827352965727684,0.40914726415288066,2.7313935017530686,0.47282861581309477,0.0019167647974080242,0.003792072124773822
1785122916.0501363,-3.829206298732559,0.40997367488839126,2.732229778730864,0.47287675024678627,0.001889127446443817,0.0038491536758561945
1785122916.0548363,-3.8310621830155727,0.41080026822244975,2.733101518176317,0.47292214535666627,0.0018402677245711529,0.0038988899008294557
1785122916.0602138,-3.83292025809292,0.4116220623216487,2.734009928215965,0.4729688942919845,0.0018302455739516073,0.003966889473005132
1785122916.0648513,-3.834780144158326,0.4124431396789462,2.734944750606874,0.47301861056217726,0.0017453294942473185,0.004011074579019677
1785122916.069512,-3.8366435212179995,0.4132635595354985,2.7359097682683564,0.4730676557641363,0.0017252890388687095,0.004071144627418216
1785122916.076817,-3.8385088417072515,0.41407923404171854,2.736910633333019,0.4731166991733076,0.0017309919764829675,0.004149107566274444
1785122916.081755,-3.8403756670667795,0.41489445855729284,2.7379370597065997,0.4731682021821975,0.0016498516439364197,0.004200974367123184
1785122916.0852554,-3.842245212922572,0.41570768202155595,2.738999024686373,0.4732189652175412,0.0016224757644000387,0.004266393385592002
1785122916.0916831,-3.844117149699222,0.4165185842561708,2.7400859683117673,0.47327208921660957,0.0016090345968639136,0.004338506875975203
1785122916.096071,-3.8459906285102834,0.41732832763492805,2.7412021694689397,0.4733254827616378,0.0015445887562935648,0.004397782020732437
1785122916.0999012,-3.8478689434509685,0.41813685510422777,2.7423867339118813,0.4733717907524474,0.0015575012809837228,0.004464089172153327
1785122916.1080575,-3.8497505953223805,0.4189444481190953,2.7436137777389513,0.47341576760411025,0.001559248117864279,0.004532363081943528
1785122916.1114256,-3.8516343467980505,0.41974974225644723,2.744864327574307,0.4734577755034186,0.001523484679613722,0.004605231354186966
1785122916.1162307,-3.8535187536305813,0.42055880427306963,2.7461310016564076,0.47349632641495104,0.001406534306181945,0.0046572280724378485
1785122916.1195915,-3.8554053805628414,0.4213664188331177,2.747402635659146,0.4735362026753844,0.0013593161354765436,0.004731648588807086
1785122916.1250257,-3.857293576762137,0.4221732539908637,2.7486632442398427,0.47357994977615236,0.0013363226760191454,0.004821382055425962
1785122916.1300774,-3.8591826935142266,0.4229773235452069,2.7499138702794776,0.47362503380769316,0.001318259252665352,0.004928644607526618
1785122916.1343985,-3.8610719544403067,0.4237795689608316,2.7511476391713745,0.47367245291063037,0.0012669840279601117,0.005039605879232382
1785122916.1398344,-3.862960834024378,0.42458262230644445,2.7523630684139277,0.4737202487977028,0.0011706049345366065,0.005142406798139173
1785122916.1461813,-3.864849648603633,0.42538619486954826,2.7535765473290703,0.4737650769705275,0.001101888938212409,0.005249716702990777
1785122916.1496131,-3.866738634269713,0.4261893078552141,2.754763979276065,0.4738165453363148,0.0010549112131528133,0.005363420883623002
1785122916.1547728,-3.8686279507639085,0.42699197397388694,2.7559214164662444,0.4738709675430146,0.0010492195024741535,0.005490710299115094
1785122916.1601691,-3.8705172969408794,0.4277912269720114,2.7570549462714538,0.47392482462047475,0.0010719844580670695,0.005639481328604564
1785122916.164085,-3.8724051853840034,0.42859061797021775,2.758153407984434,0.47398236265311916,0.0010251118186175065,0.005778622153621791
1785122916.1691105,-3.8742923560178264,0.4293878072595317,2.7592216408835233,0.47403905127443885,0.0009866197208335385,0.005925468022156763
1785122916.1774344,-3.876177308682588,0.43018716787809985,2.7602569982628933,0.47409619528660607,0.0008701870954844095,0.006051114104518527
1785122916.1807013,-3.8780610083484612,0.4309889259903821,2.761271493410847,0.4741494338693334,0.0008005424236778113,0.0061742015225840635
1785122916.1841905,-3.879944163995356,0.43178996434361133,2.76224960145824,0.474206101713204,0.0007930539348981723,0.006308885215331303
1785122916.1898363,-3.8818262720952874,0.4325905170307972,2.763190882230594,0.4742644884905354,0.0008082566999015806,0.006451122313777168
1785122916.19479,-3.883705295848275,0.4333890530927723,2.7640868808129078,0.47432474533875096,0.0008100508716003106,0.006608122736633247
1785122916.1989934,-3.885581022398494,0.43418675478234564,2.764939116844571,0.47438736500409395,0.0007752062051270242,0.006761797542081931
1785122916.2038174,-3.88745461164859,0.43498168729334497,2.765760486451921,0.47444749399932024,0.0007701211309391984,0.006921036930886826
1785122916.2105243,-3.8893254921522744,0.43577656028989753,2.766548279410445,0.4745086790834718,0.0007110857035085132,0.007055668897142753
1785122916.2145648,-3.891194800045702,0.4365714877038702,2.7673053288072538,0.47456757135576744,0.0006667796394941037,0.007176393581499176
1785122916.2196093,-3.8930621027901537,0.4373666077725683,2.768052209716513,0.4746188509205633,0.0006302491328519016,0.007282576475142511
1785122916.226915,-3.894927930032496,0.43816206441800426,2.7687723726055893,0.47467197043324655,0.0005864795747332041,0.007366685562133076
1785122916.2314417,-3.8967931345586497,0.4389579025256251,2.7694671866386638,0.4747232018696307,0.0005800434136901335,0.007441347140960055
1785122916.235535,-3.898657357153213,0.43975340719909795,2.7701480543521315,0.4747690007565432,0.0005800155063284938,0.00750726039897824
1785122916.242792,-3.900520990592729,0.44055073029071934,2.770809630945352,0.47481244864696637,0.0005980484103584955,0.007560416598647282
1785122916.2480726,-3.9023844860304906,0.44134645586692856,2.7714557514996594,0.47485248213845355,0.0006490700194005983,0.007616454596558891
1785122916.2503664,-3.9042475958785725,0.44214264116192503,2.772073091589666,0.4748916733811999,0.0006919929867338357,0.007663933028812803
1785122916.2546191,-3.906110285001876,0.44293698725385544,2.7726732826534746,0.47492787735271785,0.0007323180858562375,0.00770935871777954
1785122916.2608073,-3.9079725744586113,0.4437323748446968,2.7732524441038082,0.4749633017384128,0.0007332116750077818,0.0077355710850183544
1785122916.2645278,-3.9098353264731114,0.4445275920407494,2.773831681461767,0.4749903583552086,0.000771783395183152,0.0077642966382662415
1785122916.269708,-3.911698386920538,0.44532083220972807,2.774407104801788,0.4750157953081903,0.0008205859667989168,0.0077951578579957305
1785122916.2797394,-3.9135618110022103,0.4461147310669996,2.7749714074422323,0.4750411042582242,0.0008440633307618766,0.007813406416647344
1785122916.283706,-3.915426429624728,0.4469060505426362,2.7755356671345774,0.47506022859311026,0.0009202282431359436,0.007846013848127987
1785122916.2860699,-3.9172914770855436,0.44769676504608374,2.776094764236216,0.4750771761436295,0.0009568655815432586,0.007868452909376898
1785122916.2952306,-3.91915768162901,0.448484671369358,2.776656108598189,0.4750881204454758,0.0010198617750993258,0.007899427501384233
1785122916.2966466,-3.921024501490705,0.4492715465282281,2.77722050042301,0.4750952119168616,0.0010395246775477085,0.007918357211403266
1785122916.2991047,-3.9228929111966955,0.4500583346737588,2.777759903688443,0.4751055834035447,0.001051605910565969,0.007932947760386732
1785122916.3055615,-3.924763119269302,0.45084310283592854,2.778289477123165,0.475117474542184,0.0011045212373206165,0.007962214784509283
1785122916.3102696,-3.9266351895232403,0.4516262455486099,2.7788220143803946,0.47513037103482536,0.0011645762560000689,0.007995483491681101
1785122916.3147116,-3.92850902127228,0.452407316027179,2.7793680241492624,0.47514330271610206,0.001214177363963405,0.008027884862103075
1785122916.319977,-3.9303848828907983,0.45318501811043815,2.7799382655725804,0.4751531531658392,0.0012860709830513272,0.008069257573960731
1785122916.3318834,-3.932262981355399,0.45396013152285314,2.7805330466156053,0.47516108000028956,0.0013539174182610398,0.008109945530098353
1785122916.3328242,-3.9341427727112865,0.4547302671308215,2.7811646759124153,0.4751661529951868,0.0014163183088865146,0.008152397424039155
1785122916.3350706,-3.936024935008033,0.45549809016432913,2.781823639019711,0.47517240755024054,0.0014322591123598636,0.008175893261656382
1785122916.3668926,-3.9379106968677267,0.4562630978247318,2.782514491580575,0.47517504514274783,0.001488283400789262,0.008207251742632676
1785122916.3678017,-3.939799224212776,0.4570229271733909,2.7832485117906263,0.4751741221075252,0.001557377929171223,0.008247136274210932
1785122916.3702826,-3.941690967684478,0.457780581356787,2.784029046115137,0.4751722646404824,0.001584297696796825,0.008270840582180066
1785122916.3765485,-3.9435867759180523,0.45853323159882564,2.784860943877044,0.47516412251755824,0.0016626071449913128,0.00831029336077739
1785122916.3818986,-3.945486024328889,0.45928306768528365,2.785728725031541,0.47515655573689175,0.0016928635345712572,0.008337960028322306
1785122916.3859153,-3.947389448577438,0.46002927473733934,2.7866309638220788,0.4751479675726608,0.0017333457763880748,0.008369941955379991
1785122916.3897018,-3.949296996216425,0.46077197342072523,2.787564702989574,0.4751402035856289,0.0017666660155375106,0.00840268708953731
1785122916.3978624,-3.951209081087317,0.46151227979313825,2.7885240778335207,0.47513469928851904,0.0017925938381974653,0.008434165579784771
1785122916.4028726,-3.9531255270482353,0.46224830990037236,2.7895226904669292,0.475129516118069,0.0018190611403242143,0.008470911072528196
1785122916.406834,-3.9550465788668556,0.4629832339104611,2.790544660947778,0.47512862182638455,0.001810401959582839,0.008496692725515117
1785122916.4106858,-3.9569729390862927,0.4637141199910034,2.791594723345656,0.4751274007711375,0.0018540699663811572,0.008542006032991423
1785122916.4154518,-3.95890346347631,0.4644413288365331,2.792668655799518,0.4751306379150979,0.0018623850031719738,0.008585846224306415
1785122916.4209447,-3.9608385429185793,0.4651676446617727,2.7937540210959386,0.4751413992713433,0.0018251868763058529,0.008616209740676872
1785122916.4250185,-3.962779172635915,0.4658923794297315,2.794851680873567,0.4751556605958234,0.001826490810040487,0.008657505716095833
1785122916.431727,-3.964724649282518,0.46661337501550243,2.7959682940800135,0.47517290241447274,0.0018455488700730768,0.008713840343526956
1785122916.4346337,-3.9666747302596677,0.46733281893678946,2.797095319567432,0.47519638774539796,0.0018433849835662523,0.008769507942401155
1785122916.441918,-3.9686293404189836,0.46805077025548264,2.7982318397648576,0.47522614726948953,0.001823190261164557,0.008825123472705686
1785122916.4465659,-3.9705884150186948,0.4687659793358907,2.7993650727253114,0.4752628881675187,0.001822850257532574,0.008893431188363986
1785122916.4494386,-3.9725517781460202,0.46947932090102895,2.8004988818718966,0.4753082215667428,0.0018146464068528507,0.008964451150066726
1785122916.4549422,-3.974519083040082,0.47019056024394135,2.801644055086624,0.4753613908388909,0.0017867189089694844,0.009034536117300856
1785122916.460918,-3.976490939408014,0.4709012411647583,2.8028007564550377,0.4754207931027775,0.0017640938313511433,0.009106730712877908
1785122916.4649549,-3.97846719066196,0.4716072447101551,2.803988005872744,0.47547961400505223,0.0018202929519521073,0.009211742457554076
1785122916.4692686,-3.9804462578582536,0.47231086529912647,2.8051998546674444,0.47554535061680686,0.0018079121217061758,0.009305791025814629
1785122916.474866,-3.982429015319066,0.4730136118783859,2.806432238403117,0.4756164339950291,0.0017796867388499618,0.009394780089714491
1785122916.4801579,-3.9844160869878587,0.4737143989382998,2.8076906858851896,0.4756878126687817,0.0018103421947726216,0.009503183131926697
1785122916.484587,-3.9864060478064074,0.47441025502627854,2.8089873311556017,0.4757592042976458,0.0018552720841318183,0.009629402743406424
1785122916.490035,-3.988398570176861,0.4751051746900039,2.8103086126945183,0.47583647912223104,0.0018384569884083378,0.009741019522872135
1785122916.497118,-3.99039459040882,0.47579970106520375,2.8116534605536554,0.47591614537000704,0.0018354665969649046,0.009855458856234145
1785122916.4995084,-3.9923941624335293,0.4764893714083891,2.813043134893119,0.4759908965943523,0.0019204388279312162,0.01000442314751676
1785122916.5036778,-3.9943955461697565,0.47717726462313503,2.8144660526974046,0.47606881400599393,0.001937987510588677,0.010144191040160205
1785122916.5101342,-3.996399477491774,0.4778650513486671,2.815913363820614,0.4761493707234102,0.0019399194928370802,0.01027928489402482
1785122916.5151715,-3.998406618571494,0.47855147305817763,2.817387559759571,0.4762283014238739,0.002002148299918423,0.010433264431775979
1785122916.5200956,-4.0004157625348915,0.47923358925306175,2.8188978559424798,0.4763055220696282,0.0020809724045311134,0.01060613853197224
1785122916.5253131,-4.002426340805847,0.47991593030559965,2.8204289921226393,0.4763872685543962,0.002098329059844186,0.010765233650285288
1785122916.529728,-4.004439262916389,0.48059718237195453,2.821984212714489,0.47646889410616416,0.002153459210304142,0.010935185354578469
1785122916.534182,-4.006453873209789,0.4812774815959619,2.823563271867309,0.4765515717739477,0.002204635336109494,0.011109217674571608
1785122916.5401952,-4.008470189456558,0.4819553480399456,2.8251702385523387,0.4766333802304121,0.002283059374650719,0.011296921981459405
1785122916.5462608,-4.010487993238271,0.48263255093100066,2.8268294206694424,0.476711633922507,0.0023566020136107386,0.011482955145936053
1785122916.5494633,-4.012507479686381,0.48330827542558363,2.8285274125584516,0.4767853836539,0.002441285257507104,0.01167633978848147
1785122916.5578265,-4.014528335339322,0.4839822864672988,2.8302454868613443,0.47685695128820654,0.0025156406338890666,0.011877317092251599
1785122916.561079,-4.016549747504361,0.48465929780840983,2.8319607367917947,0.4769314819142547,0.0025463002181509097,0.012067708819647667
1785122916.5650814,-4.0185728604823705,0.48533480264510714,2.8336755931691413,0.47700465946677634,0.0026340793528271313,0.012276833601653731
1785122916.5714486,-4.020596476721007,0.48601035745495513,2.835381876085488,0.47708000766281705,0.002692688426691264,0.012489574447243575
1785122916.5760925,-4.022619935997283,0.48668984548904043,2.8370664398244645,0.47716078904029363,0.0027086639114330445,0.012690589077803
1785122916.5808387,-4.024644024953963,0.4873714558773758,2.8387300897187786,0.4772437215945503,0.0027701645262378826,0.012898212500513186
1785122916.586023,-4.026668823349913,0.48805141122094237,2.8403794659865556,0.47732612672680574,0.002877219694354582,0.013126388433082095
1785122916.5906188,-4.028692630008648,0.48873480451287865,2.842001587303635,0.47741348815698803,0.002924640296333422,0.013344704424184834
1785122916.6065595,-4.030715627243406,0.48942266291483383,2.843592040056779,0.4775050289995427,0.0029700126784533757,0.013555823855794697
1785122916.6104512,-4.032738580362944,0.4901097734132148,2.845150626216719,0.47759712741501725,0.0030948314338534776,0.013788103962097571
1785122916.6152864,-4.03475987241457,0.4907998488247407,2.8466737398375614,0.4776946595021688,0.003176355346943253,0.014011960396361822
1785122916.6203303,-4.0367797044125915,0.49149409686583145,2.8481640154312733,0.4777961043371367,0.0032597443310695214,0.01422839963523745
1785122916.627076,-4.038799021255807,0.4921868681074088,2.8496379608785025,0.47789469610916413,0.0034300903935488526,0.014467403705745395
1785122916.6385415,-4.040816145829517,0.49288244311882295,2.8510886391669783,0.47799536606746995,0.0035533039414065715,0.014697467048047643
1785122916.6460898,-4.042831634552958,0.49357878459204035,2.852521416344529,0.4780949627028193,0.0036934353610700134,0.014931188380283867
1785122916.6480412,-4.044845193178261,0.49427754410672703,2.8539333576630463,0.47819415241133356,0.0038361533720821257,0.015161430174898575
1785122916.6539335,-4.046856944943683,0.4949771035028471,2.8553235331845226,0.47829194765134747,0.003993900395928793,0.015395747514179204
1785122916.6637094,-4.048866374467925,0.4956792163220757,2.8566911783763707,0.4783898965361878,0.004128941050326086,0.015622601644640393
1785122916.6658287,-4.050874090616749,0.49638339534860315,2.8580406059529335,0.4784854015777085,0.004299095728677938,0.015851340193819036
1785122916.6673243,-4.0528802163286946,0.49708531066022643,2.859384911137236,0.478575078158781,0.004509041457353123,0.016096110052180177
1785122916.682816,-4.054883531234611,0.4977900507775065,2.8607137726290404,0.47866474869846765,0.004648050525447862,0.016322889058188163
1785122916.6837611,-4.0568848056443905,0.49849864172798003,2.862024791245411,0.4787530013612473,0.004783792982851959,0.01653714571150107
1785122916.6905093,-4.058885212089598,0.4992058275522721,2.863330907304892,0.4788337066357177,0.005006516884814826,0.016769934314784088
1785122916.697893,-4.06088359845073,0.4999155999146484,2.864624127697658,0.47891189322179173,0.005193464391306449,0.01699325083041647
1785122916.6992238,-4.062880910471442,0.5006245934097204,2.8659121565013055,0.47898364847983205,0.005423087938265275,0.017227332204944355
1785122916.7015505,-4.064876394397475,0.5013362307976771,2.867183414009877,0.47905392846469835,0.005607056900600019,0.017449436509750588
1785122916.7054582,-4.066870965567107,0.5020472615340811,2.868447399805281,0.47911870689692937,0.00582985664268649,0.017680562171230443
1785122916.7128465,-4.068864030710208,0.5027607239390459,2.869699319798947,0.47918192024340056,0.006010844315947034,0.017898199729019966
1785122916.7277977,-4.070856618535714,0.5034760146287829,2.8709411997688687,0.47924099940502674,0.006223673218006694,0.01811543371739732
1785122916.7314732,-4.072848973350631,0.5041891445547366,2.872184198944416,0.47929307818517114,0.006480145360755469,0.018347169687499422
1785122916.7367864,-4.074840364425893,0.5049045763980746,2.873417908371593,0.47934396921944816,0.006679084043084324,0.018562764236417624
1785122916.7428455,-4.076831820245055,0.5056204118614089,2.8746464447431617,0.47939067592068096,0.00689872202142462,0.01877898250784541
1785122916.7472236,-4.0788236313318755,0.506335407872281,2.875873068513871,0.4794323839405642,0.007145266812449875,0.019001126721603766
1785122916.7507613,-4.080815494362879,0.5070523829240104,2.8770889128630044,0.4794732479334886,0.007351473471846697,0.019210236408658016
1785122916.7554228,-4.082808416016891,0.5077681941041384,2.878302304717712,0.479509223958895,0.007602619801625494,0.019429099122731924
1785122916.7624416,-4.084802076253528,0.5084843958596432,2.8795106082070663,0.47954327958785975,0.007834796459650477,0.019642602249179637
1785122916.7666876,-4.086796933638062,0.5092007363786367,2.880714627817498,0.4795751428570427,0.00806472140994769,0.01985330045465272
1785122916.7730517,-4.088793192935201,0.5099160493645439,2.8819176917832587,0.4796044511738749,0.008294514277879375,0.0200643188018454
1785122916.7771535,-4.0907913218226035,0.5106324273875373,2.8831139327889255,0.4796328270407231,0.008519385678273242,0.020268702980371346
1785122916.7822309,-4.092791698100289,0.5113461924011065,2.8843132604474855,0.47965720581452015,0.008776206092207214,0.020484178469484454
1785122916.7878249,-4.094794026808588,0.5120611543609039,2.885505665286533,0.479682834004839,0.008981678623652744,0.020684547083844887
1785122916.7953367,-4.096799393063673,0.5127742244498735,2.8866986611543077,0.47970530027731223,0.009230378641234186,0.020895060346322342
1785122916.796743,-4.098807360372461,0.5134859500279596,2.887891404779492,0.47972725501960595,0.009457454656055983,0.02110309409717701
1785122916.8077898,-4.10081875866282,0.51419815063768,2.8890992011062777,0.47974618148755116,0.009678115836848586,0.021302371210293134
1785122916.8119242,-4.102834644949275,0.5149074121894891,2.8903190690273597,0.47975878879579,0.00993905436109316,0.021515172990230345
1785122916.8146474,-4.104854560417707,0.5156153655124895,2.8915346234376442,0.47976854290279164,0.010185337908161339,0.0217344008439857
1785122916.8172693,-4.106878394658337,0.5163227223539477,2.892736263098316,0.47977767045139985,0.01040411494686538,0.021956815927047985
1785122916.820378,-4.1089061673612814,0.5170297456783411,2.89391820505432,0.47978765362956266,0.010597242366626836,0.022180785601767273
1785122916.8326886,-4.110937923542443,0.5177364881817637,2.895076828629504,0.4797994798745163,0.010770542296830294,0.022405412210134864
1785122916.8422503,-4.112973703925391,0.5184429041960009,2.8962098201684383,0.47981379581404177,0.010929746592942716,0.022630122375926875
1785122916.8533127,-4.115013536081565,0.5191489033757392,2.8973157019732,0.47983100093198033,0.011079326149442358,0.022854502146201067
1785122916.8544686,-4.117057433937119,0.5198543762511814,2.898393566561715,0.47985130695513495,0.011222419772818773,0.023078238794844087
1785122916.8683445,-4.11910487499341,0.5205601524067794,2.8994172107147556,0.4798801741549221,0.011343030142516286,0.023297884066197566
1785122916.870069,-4.121156528977712,0.5212666425460325,2.9003954435752277,0.4799170281871989,0.011467873993895638,0.023513539584899778
1785122916.8711367,-4.123212076627926,0.5219711393243442,2.9013521441801187,0.47995751155860206,0.011620954485078357,0.02373595027666668
1785122916.8760073,-4.1252720031939765,0.5226751521815264,2.902290876860793,0.48000165734848016,0.011786113441982668,0.02395591436147046
1785122916.8865476,-4.127335949118835,0.5233747044877959,2.903230172242548,0.4800446760608426,0.011995988353720058,0.02419137031766437
1785122916.8883896,-4.129403675216836,0.5240733819590885,2.9041634870739634,0.4800916522618043,0.012151707795322816,0.024410046142013676
1785122916.889458,-4.131476026533286,0.5247679617424202,2.9051030004284053,0.48013617054204377,0.012360550050054316,0.024642143714157086
1785122916.9056225,-4.133552647516141,0.5254598733495002,2.9060476094160217,0.4801808186831304,0.012552177887519333,0.024870766637080984
1785122916.9075108,-4.135633899405126,0.5261488805728393,2.9069956073052587,0.48022510980581873,0.012744854221383717,0.02510093935286344
1785122916.9146187,-4.137719555525147,0.5268336376439706,2.9079556707064853,0.4802680090573859,0.0129377724563321,0.02533560954735096
1785122916.916775,-4.139810389600899,0.5275163394931578,2.908924650536466,0.4803104761021212,0.013124387455464489,0.02556678500205482
1785122916.9257996,-4.14190611047723,0.5281930667909305,2.9099183616985127,0.4803480672216471,0.013348182620876694,0.025815238018234272
1785122916.927447,-4.144006541871804,0.5288664341328203,2.910931014432425,0.4803855174132028,0.01352702055602176,0.0260541541820467
1785122916.933978,-4.146112343776778,0.5295361942860182,2.9119646395268006,0.48042124164096467,0.013700220113160872,0.02629107583369842
1785122916.9409895,-4.148223510328837,0.5302011613014599,2.9130246000517714,0.4804541054153741,0.013876778610987158,0.026531299370082393
1785122916.945146,-4.150340941952265,0.5308636495636891,2.914104122891836,0.48048529445413013,0.014053544130960225,0.026768911049212057
1785122916.9500556,-4.152464327657672,0.5315198770283647,2.9152166022077735,0.480510705342585,0.014273229145082006,0.02702562170084908
1785122916.9548557,-4.154593087181574,0.5321715988625705,2.916357623384263,0.4805354209957805,0.014445078512151151,0.02727478547504693
1785122916.963551,-4.1567284887217495,0.5328207282847249,2.9175243106127415,0.48055903631887104,0.0146030938419542,0.027515883883178854
1785122916.9696345,-4.15887049210042,0.5334636964723131,2.9187264298964077,0.48057726315534555,0.014802865970982767,0.027773122895020357
1785122916.970494,-4.161018610027181,0.534102380885739,2.919956459446891,0.48059496146849745,0.014962139865472334,0.0280236485650232
1785122916.9780827,-4.163174004986605,0.5347387849857695,2.92120573649227,0.4806126038028736,0.015113015630980926,0.028268334483298962
1785122916.9808342,-4.165336487147829,0.5353692347612979,2.922485063498615,0.4806260991323749,0.015307939103723188,0.02853119700276215
1785122916.9945426,-4.167505474378822,0.535995553863584,2.9237884685123863,0.48064036753905354,0.015461091867181994,0.028788189859814014
1785122916.9961548,-4.169681494212825,0.5366173840599129,2.9251156827639764,0.4806544213319562,0.015615285067391266,0.029046812276073867
1785122917.0137517,-4.171864842382377,0.5372373908820078,2.92645764543087,0.4806716106115748,0.015726609009142654,0.029291386007051952
1785122917.0170994,-4.174056262444654,0.5378523728194868,2.9278230014355526,0.4806857080098748,0.015908434907227993,0.029557068476001584
1785122917.0182354,-4.1762551715524,0.5384616200439788,2.9292300296725626,0.480695971997501,0.01609314133611843,0.02983108593040081
1785122917.0196269,-4.178461375221238,0.5390663864346193,2.9306658162510986,0.4807048297744511,0.016248082668719344,0.03010499498694387
1785122917.020843,-4.18067477971529,0.5396674619206538,2.9321166890796593,0.48071458382135523,0.016371297602820557,0.030376564179138428
1785122917.021673,-4.1828953918457135,0.5402663641558233,2.9335711423627133,0.48072780201754994,0.016454511137038406,0.030639654815196198
1785122917.025668,-4.185123722195485,0.5408625704971651,2.9350252480614674,0.48074307260651633,0.016555990321056452,0.03090738073552947
1785122917.035399,-4.187359310360264,0.5414554470404985,2.93647787539159,0.4807607894891191,0.016661990020403056,0.031181229884858545
1785122917.0461693,-4.189601794307096,0.5420465693905645,2.937922374032238,0.4807835525392995,0.016736328734049732,0.03144974692426929
1785122917.0475383,-4.191851503834705,0.5426353058807337,2.9393579523167905,0.4808095659350786,0.016830411192107004,0.03172411915070579
1785122917.0638433,-4.194107841918786,0.5432209176480035,2.9407855932902596,0.48083886376555823,0.016927003059689062,0.03200462837794188
1785122917.0659797,-4.196370689244752,0.5438059143304815,2.9421998280787007,0.4808734973534967,0.016995458486369578,0.032277554497184745
1785122917.0786862,-4.198640048517875,0.5443874924800779,2.9436054363673247,0.4809098000471694,0.017093983394735262,0.03256234130045735
1785122917.0818725,-4.200915211583477,0.5449664326439384,2.944998455662997,0.48094951633291616,0.017179715335164103,0.032849855094991935
1785122917.0958078,-4.2031960919696685,0.5455452476838908,2.946370459759673,0.48099472323075937,0.01723352781706563,0.0331287024522387
1785122917.0985174,-4.205482637710429,0.5461210145085187,2.947727819246359,0.4810414629873129,0.017317962817257195,0.033418932362951334
1785122917.1012473,-4.207774180493034,0.5466957435223379,2.9490650720548035,0.4810923639458723,0.017374211134452224,0.033704858529648184
1785122917.1101525,-4.210070840173826,0.5472691102812832,2.9503791881732724,0.48114516333173113,0.017452779970016763,0.03399684357182031
1785122917.1470294,-4.212371926688579,0.5478416544378312,2.9516691391593444,0.4812008872894385,0.017515006335373708,0.03428701206514685
1785122917.1520545,-4.214677287395688,0.548413568756571,2.952925494781768,0.4812579959026148,0.017600095774553348,0.034583816775121526
1785122917.153753,-4.216986123421686,0.5489851758743364,2.954150138055002,0.4813178357019258,0.017663429029069762,0.034876856413383145
1785122917.1547031,-4.21929853337319,0.5495558566815713,2.955345308872243,0.48137828013944733,0.017747111367622977,0.035173677151123954
1785122917.1684432,-4.221613799197539,0.5501263610791759,2.9565111371496866,0.481440363552999,0.017809939481109933,0.03546481656957781
1785122917.169598,-4.223934188633514,0.5506970631086527,2.9576465549860207,0.48150199731899285,0.017910585973732886,0.03575044605172162
1785122917.1765447,-4.226258658644501,0.551267337498818,2.95875400284783,0.48156223523333874,0.018016742759036246,0.03603866332451011
1785122917.179908,-4.228586439011756,0.5518388696886555,2.9598361331715415,0.4816227184171785,0.018090812864180413,0.03632295351970857
1785122917.1874382,-4.230916977491749,0.5524086025700259,2.960895990740006,0.48167857195445873,0.018196883797987364,0.03662867168415572
1785122917.2034159,-4.2332492781589695,0.5529773370548066,2.961933350166915,0.48173108048263863,0.018286712326615953,0.0369464978031366
1785122917.2069113,-4.235582862105745,0.5535451952993024,2.962948728629678,0.4817803989956306,0.01835724583582531,0.03727264534429938
1785122917.208824,-4.237917952018487,0.5541137013027354,2.9639378663090583,0.48182844868149033,0.018405718425027383,0.037599867161052236
1785122917.2096817,-4.240254239889665,0.5546806684699315,2.964902624811343,0.4818706788575894,0.018498118955136044,0.03794906503150733
1785122917.218888,-4.242591155922314,0.5552462441277357,2.9658481814168405,0.4819080773263499,0.01859328921259833,0.03830957005455714
1785122917.2259116,-4.244928496858046,0.5558104557483328,2.9667776912269237,0.48194078757988523,0.0186829215821661,0.03867628535272197
1785122917.227051,-4.247266242107705,0.556373322473659,2.9676931798961896,0.48196857496505996,0.01877008671118439,0.03904701879802044
1785122917.229856,-4.249605045254373,0.5569364173905045,2.9685967350680618,0.4819923593293587,0.01885139563302375,0.039414228545204266
1785122917.2478466,-4.251945065915362,0.5574972601754596,2.9694892919421725,0.4820074206600904,0.018992394007585137,0.03980150233509378
1785122917.2501755,-4.254286024697127,0.5580564143122849,2.970371989085073,0.48201559706194336,0.019138889179345888,0.040198025463882
1785122917.2513113,-4.2566278606911725,0.5586141056648364,2.971245109410482,0.482018071843774,0.019274037308673525,0.04059724568422305
1785122917.259195,-4.258970584613648,0.5591703348888218,2.9721090939455665,0.48201567747491164,0.019396042357245895,0.04099516366545429
1785122917.2624164,-4.261314213871352,0.5597249863197393,2.9729644084974924,0.48200905781496717,0.019508037601071466,0.04138928253119636
1785122917.2667358,-4.2636583604031895,0.560278098867002,2.9738051533595384,0.4819989725673492,0.019618751029965943,0.041781762342099994
1785122917.2757444,-4.266003168996597,0.5608295238791344,2.9746341872971747,0.4819855472801716,0.019728011364327135,0.04217198067656537
1785122917.278621,-4.268348911593727,0.5613790684145085,2.975455497456795,0.48196884821194985,0.019834387413773327,0.04255825668624018
1785122917.2848363,-4.2706957577875695,0.5619266496776951,2.9762714943698225,0.4819490227973575,0.019937371969630573,0.042939256063083436
1785122917.2906425,-4.273043793227901,0.5624723226557523,2.9770834115622864,0.48192623853041966,0.020037767638854693,0.04331403668905902
1785122917.296749,-4.275393122938036,0.5630158782706215,2.9778928373317672,0.4819006367614477,0.020136861701980896,0.04368214319235288
1785122917.302631,-4.277743799670082,0.5635571657637106,2.978700998783857,0.481872397211471,0.020234564569009423,0.04404319669387791
1785122917.304598,-4.280093315946112,0.5640951856825965,2.9795035319805394,0.48184177549492346,0.02032568916604816,0.04440990442556312
1785122917.3104599,-4.282442088091269,0.5646298662681218,2.9803017655958524,0.48180887060524985,0.020417797975447908,0.04477488793176386
1785122917.3136337,-4.284791316704039,0.5651616037964065,2.981098494264009,0.48177368302132484,0.02051388271809849,0.045130684538222755
1785122917.3159275,-4.287141950325191,0.5656907556896558,2.981896234695513,0.4817363451069399,0.020611731042064187,0.04547327177838314
1785122917.3317308,-4.28949464758749,0.5662175652967342,2.982697004482183,0.48169700757073347,0.020708762829762983,0.04580084842862438
1785122917.3357103,-4.291849854841376,0.5667421909067838,2.983502405214845,0.48165581426408743,0.020803149691939988,0.04611287727441978
1785122917.3462443,-4.294207878322451,0.5672647292024966,2.9843137625043266,0.48161289502293075,0.020893821159417864,0.04640952888935651
1785122917.3532672,-4.296568931661643,0.5677852337805971,2.985132215994389,0.4815683607057183,0.020980304841049156,0.04669138758529142
1785122917.3566556,-4.298933169937873,0.568303726369248,2.9859588243864317,0.48152230036136245,0.021062535229394795,0.046959259064139745
1785122917.3687065,-4.301300705381034,0.5688202072986602,2.9867945040697768,0.48147478454039666,0.021140794639202994,0.04721412324785507
1785122917.3771138,-4.303671624393579,0.5693346612448963,2.9876401079037733,0.4814258639468934,0.021215560451358258,0.047457055661673214
1785122917.3786588,-4.30604599978888,0.5698470619698385,2.988496455580671,0.4813755730246684,0.02128744007750149,0.04768916363352638
1785122917.379609,-4.308423897533674,0.5703573766148815,2.9893643378765966,0.48132393483623287,0.021357116498981192,0.04791154747817796
1785122917.3825676,-4.310805380332044,0.5708655688362412,2.9902445203799966,0.4812709649965729,0.02142529364659342,0.04812527547713401
1785122917.3858666,-4.3131905098248415,0.5713716011143838,2.9911377451184027,0.4812166752899485,0.021492658975574626,0.04833136549360323
1785122917.3993542,-4.315579347895888,0.571875436436369,2.9920447303543236,0.48116107700940247,0.021559859255215013,0.04853077177119943
1785122917.4094887,-4.317972169039727,0.5723769333868833,2.992970182067587,0.4811041128032302,0.02162466095882403,0.04872191629000836
1785122917.4104626,-4.320368952896408,0.5728760223634927,2.9939133875921273,0.48104595394792715,0.021688874861978263,0.048905426698860346
1785122917.4143622,-4.32276962111367,0.5733726769787384,2.9948728771478597,0.48098677935688444,0.02175405868786627,0.04908268792356637
1785122917.4176278,-4.325174130634365,0.5738668756146112,2.9958479418923294,0.4809267274782939,0.021820791797004715,0.049254868143911064
1785122917.4203591,-4.327582462117868,0.5743585985397429,2.9968382894396326,0.4808659128234278,0.02188922373851124,0.049422952710413845
1785122917.4222064,-4.329994612397735,0.5748478262311806,2.9978438494306676,0.48080443878857726,0.021959344763236806,0.04958778867169492
1785122917.4260683,-4.332410592159993,0.5753345364041239,2.9988646739509823,0.4807424112275056,0.022031069280644862,0.04975010858810834
1785122917.4373407,-4.334830419916502,0.575818703591412,2.999900860631971,0.48067994788535184,0.022104290072504928,0.04991056343276915
1785122917.4458463,-4.3372541183627344,0.5763003004641838,3.0009524970917276,0.48061718088741706,0.022178966376538267,0.05006976900720796
1785122917.4581704,-4.339681715592681,0.5767792975766303,3.002019637973334,0.4805542605735643,0.022255143983055066,0.050228329955637724
1785122917.4613082,-4.3421132466978545,0.5772556638898463,3.0031022923053663,0.48049136074663223,0.022332932536155366,0.05038684693528922
1785122917.4679062,-4.344539287571426,0.5777230853885864,3.0042349085608815,0.4804158817874519,0.022277996210963793,0.0506002306409262
1785122917.4706326,-4.346975757394547,0.5781871491953426,3.0053783898809163,0.48034194078044523,0.02234379746845916,0.05079080919380462
1785122917.4760067,-4.349419804142668,0.578648454154158,3.006531718744363,0.48027050485467504,0.022453561507332766,0.05096527724155887
1785122917.4860582,-4.3518697196682075,0.57910710692501,3.007694615582987,0.4802020014858684,0.02257252725973781,0.05112895115613153
1785122917.4865952,-4.3543245111124955,0.579563004731299,3.0088669105460393,0.4801366299823875,0.02268707019253106,0.051286056421098014
1785122917.4906294,-4.356783639099929,0.5800159345770806,3.010048195529556,0.48007451414044805,0.02279387328841438,0.05143993639739015
1785122917.50131,-4.359237343413886,0.5804590457189456,3.0112715591740886,0.48000306310342666,0.02275942977653217,0.05164743899451551
1785122917.5182536,-4.361701537710929,0.5808979661744046,3.012496911402533,0.47993631498845535,0.022833107145808173,0.05183361797520973
1785122917.541543,-4.364173431993102,0.5813329373985758,3.013722733571572,0.4798751159641681,0.022939423018673678,0.05200671868807377
1785122917.5426216,-4.366651441287969,0.5817638885742532,3.014948433070201,0.47981981125669537,0.023042924961862804,0.05217360171175213
1785122917.5452054,-4.369134699575727,0.5821906407995306,3.0161737075405677,0.47977046159232334,0.023129606132957805,0.052339626598985375
1785122917.5518196,-4.371616752643199,0.5826098154461749,3.017414311031702,0.4797205807172611,0.02310911487392584,0.05254042183729471
1785122917.5616999,-4.374103078358001,0.5830209468239641,3.018664509329205,0.4796705747216744,0.023097141611830466,0.05276125327289848
1785122917.5970616,-4.376598676864917,0.5834275210898037,3.019906938716569,0.4796273117974393,0.023143644876090032,0.05297118708580744
1785122917.5987232,-4.379101323531121,0.5838296750666626,3.0211424918056933,0.4795906900341001,0.02320075631571415,0.053176421439577834
1785122917.6002119,-4.381609697207394,0.5842273592442969,3.0223719678586582,0.47956031210264927,0.023248490772194135,0.05338179338209341
1785122917.6018274,-4.384123027715382,0.5846204793174011,3.023595910276595,0.47953565256927333,0.023280988572048095,0.053590880741526584
1785122917.6027586,-4.386640867423204,0.5850089594000109,3.0248146175242177,0.47951613745358024,0.023298888612338066,0.05380622957809676
1785122917.6158934,-4.389153086110454,0.5853862467308792,3.0260575355038237,0.47948891486943535,0.02317728859085616,0.05408562212761825
1785122917.6176684,-4.391675552825102,0.5857588578682075,3.027285996364015,0.47946680133337777,0.023162255383506317,0.05435414058917028
1785122917.6186402,-4.394205488406779,0.5861272056266786,3.028502275069162,0.47944961334451464,0.02318600438270057,0.05461683011670833
1785122917.6229136,-4.3967411995259065,0.5864914069883541,3.0297083088838064,0.4794368457355231,0.02321688836906478,0.054877628291071526
1785122917.634002,-4.399281654492931,0.5868514622212265,3.0309054473716803,0.47942787735015135,0.02324246509434773,0.055139442445931476
1785122917.6399045,-4.401826225170156,0.5872073444558914,3.0320945365684713,0.4794220660509083,0.023259854418897816,0.0554042747531931
1785122917.6429875,-4.40437451941431,0.5875590398026421,3.0332760443324993,0.47941879151904837,0.023270371521796958,0.05567340473823187
1785122917.6458235,-4.40692627553807,0.5879065589740091,3.034450174877663,0.47941747173973887,0.023276761275217724,0.05594756954562626
1785122917.6583004,-4.4094812992816586,0.5882499361002049,3.0356169548364247,0.47941756870409835,0.023281904622372323,0.05622710832074681
1785122917.6661527,-4.412033423068744,0.5885860125490477,3.0367905445306214,0.47941256703934026,0.023206700122433057,0.05654321705819407
1785122917.667022,-4.414588020935282,0.5889146877832169,3.037963300286112,0.47940264019203827,0.023160149013140594,0.0568792882789777
1785122917.6719024,-4.417150193785495,0.5892397142556757,3.039119464255147,0.4793942139279402,0.023186995983308135,0.057203288512599045
1785122917.6863213,-4.419717842433303,0.5895613158677652,3.0402614262429437,0.47938713520135134,0.02323997981530864,0.057518681626774794
1785122917.6875305,-4.422289651187718,0.5898794912224323,3.0413907804484195,0.47938104910674234,0.023297658923160224,0.05782806619736
1785122917.688465,-4.424864803736833,0.5901941552769089,3.04250846061013,0.479375553127402,0.02335156420353678,0.05813334079797636
1785122917.6895828,-4.4274427965850975,0.5905052062252882,3.043614907544574,0.479370265533182,0.023399324243177744,0.058435855497891556
1785122917.7000275,-4.430022511501908,0.5908136666215095,3.044680574277998,0.4793690294774816,0.02342303435908221,0.05874337235999951
1785122917.7011988,-4.432603433774902,0.5911182021287313,3.0457192335916377,0.4793724293012297,0.023427214227988397,0.05905183696580884
1785122917.7108867,-4.43517947400349,0.5914140410796096,3.0467648956854725,0.4793731664197804,0.02334447453409401,0.059386802452265686
1785122917.7217145,-4.437757938709825,0.5917031318513151,3.047822068064703,0.47937318192440564,0.023272448808340097,0.05971585097237303
1785122917.7255383,-4.440343765111008,0.5919861473273718,3.048875163395668,0.4793698470116049,0.023367456833186997,0.06005074804333701
1785122917.7312276,-4.44292365524427,0.5922563487305966,3.0499636603884905,0.47935298276787064,0.023374271220819278,0.060434682700584316
1785122917.7376556,-4.445513736428456,0.5925219325713158,3.0510509764863016,0.4793368968441824,0.023485567798691705,0.06078379129403643
1785122917.7407687,-4.448105671440989,0.5927818153409503,3.052165239743082,0.47931800414532033,0.023516484404621636,0.061120666198684934
1785122917.7457466,-4.45070285636228,0.5930327841482687,3.053295659698765,0.47928856848654205,0.023664300804437457,0.061475374561551964
1785122917.7516541,-4.453302533447003,0.5932757318096523,3.054448995624838,0.4792516598746946,0.023785251776598147,0.061834848998153426
1785122917.7613378,-4.455907884772865,0.5935112224993561,3.0556205699140877,0.47920949707507493,0.023917221088322626,0.06217882855872664
1785122917.7651267,-4.4585113368531175,0.593735058791737,3.0568303295796206,0.47915610695278615,0.023947367575516777,0.06253818570639023
1785122917.7667928,-4.4611332579951295,0.5939547193905402,3.058043832606328,0.4790974683152482,0.024199492815771016,0.06279132987689696
1785122917.7778146,-4.463752027155065,0.5941681281915587,3.059309444161722,0.47901961611659766,0.024266353082603886,0.06299951820746559
1785122917.7834516,-4.4663818362532055,0.5943826373700897,3.060573727330928,0.47894220025846923,0.024406476662970838,0.06317352825824726
1785122917.789484,-4.468999584995453,0.5945816700511711,3.061895978245182,0.4788452791525682,0.024322588437196067,0.06343334633139275
1785122917.790153,-4.471636088535924,0.5947660741263163,3.0632079245775583,0.47874070277723946,0.02448641038807652,0.06360927273711488
1785122917.7969618,-4.4742879613903686,0.5949449735194712,3.0645070684913263,0.47863262777938037,0.02466505860653566,0.06367649001794708
1785122917.8001418,-4.476946433986525,0.5951187037926632,3.065795140419498,0.4785302788376364,0.024672382327619792,0.06371292294505589
1785122917.8067904,-4.479609144072041,0.5952847338219346,3.067123761115411,0.4784062884344639,0.024634083787736898,0.06368064043698704
1785122917.811602,-4.482270248420276,0.5954439275150699,3.0684568818104583,0.47828020678029254,0.02439455023837236,0.06365669169069088
1785122917.815386,-4.484937866566514,0.5955953963929362,3.069773176012862,0.47816055728117113,0.024087423695005838,0.0636265258256658
1785122917.8240263,-4.487617042608173,0.5957368344259615,3.0710958541856894,0.47802719801338506,0.023899769993232546,0.06351028093125996
1785122917.8428688,-4.490287443286593,0.5958753297641552,3.072446614338278,0.4778908409505317,0.023375422813969052,0.06343470052744116
1785122917.8489313,-4.492966216406211,0.5960020039335638,3.0738162965839178,0.47773108901487277,0.02306927067577951,0.06331087586273348
1785122917.8521605,-4.495645574759161,0.5961232540455051,3.075171984442414,0.47757080840429383,0.022653837498409678,0.06321916993468464
1785122917.8548126,-4.498330541447249,0.5962356492622426,3.0765228193271845,0.4774053760069884,0.022252670165177874,0.0631168652065045
1785122917.8607433,-4.50101530620018,0.5963428705955607,3.07787420615325,0.4772330574940114,0.021752477048597573,0.06299922660445777
1785122917.864344,-4.503703166815216,0.5964438265620878,3.079236170720491,0.4770450190436852,0.021298064446904814,0.06281848375216183
1785122917.8694112,-4.506382858843548,0.5965421599993785,3.080591156441421,0.4768609748576665,0.02061345262063276,0.06267650571998794
1785122917.875024,-4.509063269103817,0.596634765824751,3.0819457650639257,0.47667802455691516,0.01991622792331764,0.06251939793937343
1785122917.8795187,-4.51174808312881,0.5967233454254841,3.0833249598989108,0.4764654472362037,0.01946903695588093,0.062260809120826585
1785122917.8848827,-4.514419581707036,0.596812261160891,3.0846973900623755,0.4762536529297183,0.018779657309489023,0.06206818910810606
1785122917.891093,-4.517083655178695,0.5968970536768452,3.086057548537455,0.47605033372415845,0.017959726947001983,0.06193789686089074
1785122917.8955574,-4.519752714745077,0.596973718388128,3.087445774194515,0.47582792631245974,0.01739721374765621,0.06171799370937908
1785122917.900469,-4.522410594086475,0.5970537251886839,3.088848779235029,0.4755977567251941,0.0166732516188769,0.06148128959131452
1785122917.9045224,-4.525057988004034,0.597134769431034,3.090241941140681,0.4753758841094698,0.015788912112155738,0.06129185341270854
1785122917.909861,-4.5277087778217044,0.5972127188297641,3.0916483314208767,0.47513637340444265,0.015172551220739131,0.06100649231536396
1785122917.9144428,-4.530346269196711,0.5972974251399287,3.0930546457711956,0.47489186656836635,0.014396535045664356,0.060705999363609195
1785122917.9190943,-4.532971299483417,0.5973856720677531,3.094441358849111,0.47465859669272525,0.013458497736502652,0.060457343411607384
1785122917.9250064,-4.535597809677795,0.5974734311768155,3.0958366004217845,0.47441050258907735,0.01278825686248104,0.0601181301100927
1785122917.9296865,-4.538209349136764,0.5975699206923742,3.0972284069771265,0.474159648577786,0.01196893924617859,0.05976711619484109
1785122917.9343722,-4.540810660858856,0.5976709708455742,3.098608911036317,0.4739126795728033,0.011115244611383792,0.05942421384016609
1785122917.941338,-4.543406153889212,0.5977786622875945,3.1000063128519946,0.4736461056024507,0.010422909109731189,0.05897658311417926
1785122917.9447207,-4.545981618553772,0.5978965600952316,3.101386891366618,0.4733902311205749,0.009477680771515257,0.05858258015148892
1785122917.9493911,-4.548547460599258,0.598018641840194,3.1027536614486437,0.4731418807034171,0.008556828891290785,0.05820919834785453
1785122917.9539955,-4.551106864782092,0.5981478121664868,3.104135424383146,0.4728771862252079,0.00783163478828839,0.05774285274231178
1785122917.960495,-4.553649929272975,0.5982873719679529,3.10551064050179,0.47261467871810625,0.007019131947956279,0.0572827999596552
1785122917.9656935,-4.556176544742296,0.5984374258659416,3.1068788856858776,0.472355014851304,0.006130973313971264,0.0568320403975413
1785122917.9697447,-4.558692283483904,0.5985956940598369,3.108248975077472,0.4720916856561552,0.005338087493780618,0.056351881792792276
1785122917.9755473,-4.561192780379852,0.5987634256239943,3.1096105240377128,0.47183360400916674,0.0045202905776843055,0.05588878839417919
1785122917.979272,-4.5636806635771885,0.598941004337965,3.1109769928363784,0.4715707976902517,0.003790154354240863,0.05539314068019408
1785122917.9851704,-4.5661498093431705,0.599131238461345,3.112339997064499,0.4713105288535124,0.0029892078923034943,0.0549080423634925
1785122917.9900153,-4.5686044935543295,0.5993302561357191,3.1136940457532876,0.4710578412963806,0.0022103245544006903,0.054449171375937556
1785122917.99581,-4.571043016126401,0.5995397207321205,3.1150410300412354,0.47081099273922916,0.0014311278707143246,0.05400973705287199
1785122918.0000508,-4.573469596536179,0.5997582307963801,3.1163926305071055,0.47056234446832584,0.0007894961281548266,0.053547674229633004
1785122918.0043957,-4.575876561044453,0.5999879739465451,3.117729877474233,0.4703276995385778,4.891001898354224e-05,0.05314700603300061
1785122918.0108256,-4.578271356981666,0.6002245649880383,3.1190599815319775,0.4701025519127731,-0.0005914093444586617,0.0527740872637241
1785122918.0143895,-4.58065094910463,0.6004709415858057,3.120388572594176,0.4698834299655221,-0.0011848656906260078,0.05241687893792851
1785122918.0191774,-4.583014585865376,0.6007258908338758,3.12170452061849,0.4696797182821305,-0.00178790282633633,0.05211901446536763
1785122918.0261655,-4.585364841361342,0.6009873523022755,3.123007132169907,0.46949266415798285,-0.0023456403914213562,0.05188045051096497
1785122918.0296855,-4.587703027185077,0.601254415915358,3.1242974360575717,0.46932215894279994,-0.0028295838392441066,0.0516964113135496
1785122918.0348754,-4.590029789200784,0.6015266640276089,3.1255769352424205,0.4691675151221032,-0.0032265917897122964,0.051560584132465156
1785122918.042108,-4.592345551122554,0.6018034478601013,3.126845814078161,0.4690278418792462,-0.003534056900002603,0.051466539112128215
1785122918.0442195,-4.594653143160405,0.602084502081839,3.1281043183847004,0.46890314754128626,-0.003761216353082334,0.05140095376964267
1785122918.0490787,-4.596952404384876,0.602369254852942,3.129355226333353,0.46879307139198734,-0.003938828567012468,0.05137413382965281
1785122918.054945,-4.599242692446727,0.6026570083639682,3.1306005618004757,0.46869751129731374,-0.004087054644305845,0.05139704413920852
1785122918.060854,-4.601523808049739,0.6029470818114563,3.131841728900751,0.46861660813034767,-0.004214968492844431,0.05147632678882805
1785122918.0659,-4.603795817218265,0.6032388379906801,3.1330800071096956,0.4685505280988603,-0.004324734904812914,0.05161566918990077
1785122918.0700586,-4.606058926939399,0.6035317156118201,3.134316818189182,0.4684993148280292,-0.0044143765577805815,0.051816458870403044
1785122918.0751886,-4.608313388871314,0.6038252529779427,3.13555379367155,0.46846284357177825,-0.004480075475226799,0.052078362010079926
1785122918.0792227,-4.610559449210423,0.6041190863615363,3.1367927580703365,0.46844082502685697,-0.0045175446433346,0.05239979505298257
1785122918.0848124,-4.612797330353462,0.6044129221867711,3.1380357301847943,0.4684328242576804,-0.004522702537548484,0.0527782827199461
1785122918.0896428,-4.615027225271751,0.604706532804658,3.139284825343948,0.46843828997058956,-0.004491951875039613,0.05321069170225173
1785122918.094221,-4.617247372059222,0.6049994749326776,3.140553432813387,0.46845591958995947,-0.004430127528825983,0.05369624946241213
1785122918.0995617,-4.619458322406634,0.6052919734120847,-3.1413487556170274,0.46848633016876834,-0.004316367359490012,0.054219506480815624
1785122918.1041467,-4.621660950398965,0.6055844180962265,-3.140056988510297,0.46852995729733027,-0.00414146727971938,0.054768724296584054
1785122918.110491,-4.623855785303356,0.6058771445833548,-3.1387591642982735,0.46858668691707134,-0.0039060288966330345,0.05533675088631725
1785122918.1145916,-4.626043173262702,0.6061704202375024,-3.13745617478819,0.46865603979211745,-0.0036141361197594645,0.05591884254646296
1785122918.119834,-4.628223364625874,0.606464436325481,-3.1361480169086837,0.46873730044430517,-0.0032707274064715523,0.05651150748499391
1785122918.1252818,-4.630396553717012,0.6067593226596059,-3.1348342466876176,0.4688296187876971,-0.002880758726249608,0.05711183322154323
1785122918.1298892,-4.632562891418025,0.6070551343551188,-3.133514167537327,0.468932097027079,-0.002448795391998629,0.05771706141903707
1785122918.1344707,-4.6347224737956605,0.6073518370454504,-3.13218702006025,0.4690437951281521,-0.0019784418646070826,0.058324638560796324
1785122918.1422093,-4.636875353587872,0.6076493198088975,-3.130852072691426,0.46916374732247995,-0.001472602169050422,0.058932204627611666
1785122918.1455734,-4.639021549841207,0.6079474060810789,-3.1295086716790173,0.46929097710148987,-0.0009337304168725528,0.05953759405602221
1785122918.1496325,-4.641161089285782,0.608245850545353,-3.1281538299535487,0.4694241085227529,-0.000361607231288094,0.06013807402402833
1785122918.1554773,-4.643294006016427,0.6085445296386478,-3.1267885715908124,0.46956218838150526,0.0002424576114599818,0.0607319077706326
1785122918.1605804,-4.645420264731798,0.608843258630545,-3.1254143904490284,0.46970442233516746,0.0008755985988746957,0.06131767555514088
1785122918.165422,-4.647539791430872,0.6091417404733006,-3.124032436401898,0.4698500247601682,0.0015349091366135548,0.061893861648037646
1785122918.1690662,-4.649652513462254,0.6094395714041095,-3.1226437882441935,0.4699982608644899,0.0022166727078854623,0.06245913466232938
1785122918.1754982,-4.651758376621906,0.6097363159608279,-3.1212494066868395,0.47014847619519506,0.0029161293408881926,0.06301260199549627
1785122918.179648,-4.653857342816802,0.6100315199982436,-3.1198501809487613,0.4703000593540572,0.0036284230940975375,0.06355364092446243
1785122918.1851096,-4.655949382914262,0.6103247232959168,-3.1184469509918267,0.470452414198554,0.004348973679701543,0.06408176141719668
1785122918.1909573,-4.658034467905324,0.6106154723887046,-3.117040522175218,0.4706049521285719,0.005073456608441796,0.06459655578238467
1785122918.1946564,-4.660112765187447,0.6109035250776771,-3.115614179361313,0.47075488664485154,0.00580931473939737,0.0650930180067255
1785122918.199383,-4.662184391340381,0.6111892596241206,-3.1141777344634134,0.4709012748160822,0.0065666737793921735,0.06556953857385572
1785122918.205658,-4.664249294097736,0.6114729318916081,-3.1127430218013905,0.47104422322356204,0.007338940012475132,0.06602636173955083
1785122918.2102206,-4.666307303726687,0.6117545880311678,-3.1113174268662553,0.4711839479723818,0.008114519128795962,0.06646364293140554
1785122918.2142432,-4.668358187259632,0.6120341599925668,-3.109905970506831,0.4713206571517901,0.008882381680485232,0.06688138442035343
1785122918.2197537,-4.67040168623573,0.6123115140442509,-3.1085123360503637,0.4714545180764741,0.009633962453707682,0.06727940454859101
1785122918.225652,-4.672437535393354,0.6125864613728691,-3.10713935074552,0.47158564412624887,0.010363153622218096,0.06765745407177816
1785122918.229907,-4.674465476288508,0.6128587860822811,-3.1057892957768645,0.47171409210562154,0.011065669962337207,0.06801538992888717
1785122918.234665,-4.676487610992745,0.6131268196823111,-3.104457840072953,0.4718331386240857,0.011827815708930288,0.06831812328706005
1785122918.2444186,-4.678499499959246,0.6133949429089154,-3.103141407818719,0.47193945014587474,0.012544075822596222,0.06855978732134224
1785122918.24747,-4.680499506123759,0.6136631417712544,-3.101852766435176,0.4720420039553891,0.013143839410246268,0.06878528925418974
1785122918.2500882,-4.682492479187829,0.6139280683150823,-3.100578497875616,0.4721268965312358,0.013816606153408566,0.06892375283559936
1785122918.2551336,-4.684470892941065,0.6141946373673363,-3.099329343879544,0.4722070645440897,0.01431819894171143,0.06905128776279842
1785122918.2600846,-4.686443877965818,0.6144565631724429,-3.098084964043369,0.4722606126739241,0.01498751752134483,0.06905391845000462
1785122918.2650218,-4.6883990839793555,0.6147241143092713,-3.0968517846219688,0.4722972275856941,0.01546078865114479,0.06900330494431689
1785122918.2692366,-4.690337850151795,0.6149936888160493,-3.0956453714090744,0.47233071732611936,0.015735874545051626,0.06896424087331661
1785122918.2755039,-4.692270312905716,0.6152582014323774,-3.0944456153468543,0.47233908168986544,0.01618260813581958,0.06881934649076235
1785122918.2792504,-4.6941888834407735,0.6155264680260288,-3.093237880615212,0.4723109473987768,0.016647010436327193,0.0685340161523581
1785122918.2850792,-4.696084123358649,0.6158029630979848,-3.0920529331132274,0.4722769940169975,0.016770779514363354,0.06827066095004045
1785122918.289888,-4.697969939594323,0.6160770636247651,-3.0908721573320928,0.47221682565856354,0.017025559051485877,0.06791217120326949
1785122918.2948267,-4.699840089944233,0.6163560156615434,-3.0897015671063226,0.472133372352861,0.017199415358522253,0.06748067975888522
1785122918.3000078,-4.70169385112745,0.6166384930087017,-3.088542708386169,0.4720272064818581,0.01728819706683889,0.06699533388518257
1785122918.3043244,-4.70353183835732,0.6169248540667217,-3.0873796539913987,0.4718860889741282,0.017387544871591228,0.0664086712670021
1785122918.3105457,-4.705347820277881,0.6172171502488086,-3.086235440402455,0.4717328155372822,0.01726603604776944,0.06584177536877689
1785122918.3150291,-4.707151398670537,0.6175102091224188,-3.085077072925736,0.4715379020449367,0.01733377536149169,0.06514122018264877
1785122918.319156,-4.708927024987777,0.6178149814957389,-3.083929218631466,0.4713264489961637,0.01709301157261858,0.06444838327088831
1785122918.3251836,-4.710686821705788,0.6181212957804306,-3.082780398815874,0.47108888420588946,0.01693584100216962,0.0636912930074887
1785122918.3323555,-4.71242358306966,0.6184348305189086,-3.0816350758950195,0.47083141551535274,0.01667308927009987,0.0629034258258005
1785122918.336732,-4.714139593801439,0.6187548136273969,-3.080479624058389,0.47054427927092335,0.01643822450984718,0.06202740216592445
1785122918.347596,-4.715829569652881,0.6190820589387839,-3.079342129521842,0.4702530203772978,0.016005010069116483,0.06118249599986779
1785122918.351096,-4.717500199644247,0.6194129987201594,-3.078200240378899,0.46993952824779056,0.0156614035310099,0.060263160358564626
1785122918.3562188,-4.719145812107541,0.619749350486811,-3.0770785626916504,0.4696261482471216,0.01517763338480397,0.05937427510434736
1785122918.3614204,-4.7207721874565785,0.6200885349878537,-3.0759518129344174,0.4692942099587335,0.01481414112363524,0.05840877643449601
1785122918.3653243,-4.722370930785427,0.6204340654060871,-3.0748539271356825,0.4689733229815532,0.01422592755593673,0.05751117805138629
1785122918.3703609,-4.7239523174513085,0.6207776648232448,-3.0737699375168828,0.46865250940091474,0.013751305727196303,0.05660207689267767
1785122918.3758712,-4.7255136621616085,0.6211208599249923,-3.072707747180287,0.4683395739173303,0.013291434895080315,0.05571341522433995
1785122918.3799515,-4.727054405058021,0.6214646094805878,-3.0716646125239495,0.4680337398397879,0.012838861294625135,0.05483448199340111
1785122918.3856547,-4.7285754919267795,0.6218063720128462,-3.070653601493634,0.46774599867903177,0.0123655295615688,0.05400815259358053
1785122918.3902576,-4.730080380852333,0.6221414628803924,-3.0696808151667105,0.46747813887553064,0.01194122197093119,0.05322964398596582
1785122918.396714,-4.731571271923611,0.6224670738780707,-3.06875854331425,0.46723187111801123,0.01157469205008197,0.05250188439085151
1785122918.3998823,-4.733050255490408,0.622781580254646,-3.06788528824165,0.4670082004801086,0.011242865295583217,0.05182739101144975
1785122918.4061365,-4.734519271539957,0.6230839301620935,-3.067056657754185,0.46680797908010063,0.010921974109157991,0.05120867961017845
1785122918.4104924,-4.735980061436701,0.623373384766821,-3.0662689654968722,0.46663195613529623,0.010595953589976495,0.050648729958592674
1785122918.415045,-4.737434190347441,0.6236494231695846,-3.065518678852801,0.4664806346263733,0.010256694577676929,0.05015014102893847
1785122918.4206722,-4.738883059803375,0.6239117024267673,-3.064802164959808,0.4663542123861005,0.009902359277740446,0.04971476755684198
1785122918.4258432,-4.74032792963421,0.6241600372106473,-3.0641155729626544,0.46625257940147496,0.009535370038693793,0.049343553699078
1785122918.430003,-4.74176996648011,0.624394395982334,-3.063454591474731,0.4661754702929423,0.009159469087949013,0.049035871834547495
1785122918.4353209,-4.743210188956855,0.6246148091886577,-3.0628144060803213,0.4661225355098165,0.008779743715204109,0.04878952908557121
1785122918.443458,-4.744649439060425,0.624821327313734,-3.062189855128687,0.4660933067300115,0.00840268756398804,0.04860129183138175
1785122918.450414,-4.746088402525515,0.6250140216094844,-3.0615755220172574,0.4660872023869655,0.008035371100830864,0.048467153639388014
1785122918.4556215,-4.74752498089053,0.6251930880413191,-3.0610102522319815,0.4661105444166307,0.0076386296088478975,0.04840300585488635
1785122918.4610243,-4.748960352735449,0.625357069526692,-3.0604628911279113,0.4661668595292933,0.0071866173166086995,0.048378679841173416
1785122918.4652884,-4.750399949659569,0.6255057398484413,-3.059899090517993,0.4662513560810722,0.006792423903328481,0.04839582962997797
1785122918.4699416,-4.751841072074352,0.6256359839589462,-3.05931698763964,0.46634883142096506,0.00659220821990144,0.048512720244190455
1785122918.4760163,-4.753284294992812,0.62574895668612,-3.0586896948708118,0.4664680612974914,0.0063779921581672006,0.04866347973967889
1785122918.4799626,-4.754732298709503,0.6258448829573094,-3.058003110242476,0.46660727156071197,0.006199343313853824,0.0488441046507396
1785122918.4854891,-4.756185001877111,0.6259223763433501,-3.057256195344238,0.46675757892345243,0.006166588031329507,0.04908880006975251
1785122918.492026,-4.757641547412602,0.6259819540810102,-3.0564363415134688,0.46692335934632917,0.006140821559362268,0.049360080158960484
1785122918.4961298,-4.759106271052241,0.6260252139847279,-3.055530246450177,0.4671052453117518,0.006159771421616618,0.04964593567508089
1785122918.5006585,-4.760575349374299,0.6260487440580431,-3.0545274307771657,0.4672862584800076,0.006372066309498825,0.050001683589596946
1785122918.5054445,-4.762048836213311,0.6260555054421368,-3.0534223101558,0.4674777458499508,0.006553483488842188,0.050355027995831775
1785122918.511081,-4.763527577768646,0.6260454604074527,-3.0522270317238838,0.46767691048489224,0.006802779947062847,0.050719130607409936
1785122918.5154588,-4.765012669001734,0.6260201960497435,-3.0509409852203166,0.4678881697947774,0.007054446173872307,0.05106663569298689
1785122918.520187,-4.766504925583637,0.6259797432033773,-3.0495700158044827,0.46810744443342733,0.007385614336194729,0.05141573154595107
1785122918.5263557,-4.768001118597964,0.6259221622045125,-3.048126444693376,0.4683277458219111,0.007849982371231797,0.05179748712171696
1785122918.5300684,-4.76950266973441,0.6258500644379889,-3.0465986539529633,0.46856014637042004,0.008269483097502566,0.05214780740615777
1785122918.5375593,-4.771010360609978,0.6257631411779058,-3.0449914679266494,0.468800167282761,0.008738424286016674,0.05248689398480538
1785122918.5477827,-4.772522259930186,0.6256603973392675,-3.0433122453437917,0.4690440079542308,0.009274276648080004,0.052829513621427654
1785122918.5487764,-4.7740380792987045,0.6255416861580375,-3.0415638168991244,0.4692906977379292,0.009886305178548521,0.053176404919123274
1785122918.5556154,-4.775559570630508,0.6254113649496155,-3.0396937180859673,0.469543726279691,0.010441743229633128,0.05345840097286542
1785122918.5607216,-4.777086286347804,0.6252643744783712,-3.037734404678613,0.469786596988597,0.011235750349487766,0.053760468291965006
1785122918.5668952,-4.778615173790864,0.6251023398975994,-3.0357168889176496,0.47002546041951726,0.01207084394859178,0.05405806299011631
1785122918.5703783,-4.780144915637113,0.6249274870083356,-3.033658890499918,0.47026792536965406,0.012832075438398354,0.05431595622219563
1785122918.5754244,-4.781678638071792,0.6247445659951739,-3.0315638936110285,0.4705246882255346,0.013432844163132163,0.05448169521204358
1785122918.580547,-4.78321533097918,0.6245490258756371,-3.029456268540836,0.4707784085041657,0.01420136660189572,0.05465059433499751
1785122918.5855668,-4.784751714427342,0.6243411332480255,-3.027345297087796,0.47103189389450434,0.014991960268288824,0.05480582777784054
1785122918.5932374,-4.786290458029563,0.6241262227803349,-3.025225990969594,0.47129783382781154,0.01562903766436387,0.05487960795425674
1785122918.5958748,-4.787830143087898,0.6238991903222328,-3.0231181328495804,0.47155857909817817,0.01642885799260984,0.0549658929642913
1785122918.5989997,-4.789367333573338,0.6236601866781999,-3.021026793480189,0.47181709041033404,0.017228413569291102,0.05504373463324227
1785122918.6056147,-4.790904766990553,0.6234149096117432,-3.018945963512756,0.47208628913154893,0.017846633193724374,0.055042316600648664
1785122918.6109376,-4.792441032894066,0.6231577719409711,-3.0168935651535778,0.47234834789651786,0.018609165139236182,0.05505539505076822
1785122918.6150348,-4.793974082080712,0.6228907298409889,-3.0148714655165536,0.4726095944143391,0.019307089478882194,0.05504444929162066
1785122918.6193955,-4.795503659870178,0.6226132494640684,-3.012885177950667,0.4728676222623906,0.019998906141548277,0.05501932832510841
1785122918.6259356,-4.797031693596446,0.6223300283303902,-3.010931489063788,0.47313099387762714,0.020539328800645875,0.05493089526215173
1785122918.6297216,-4.798556494183901,0.6220350452886724,-3.009024974917447,0.4733822180336314,0.02123148145721878,0.05486955888677739
1785122918.6347818,-4.800074799812535,0.6217286894766824,-3.007168704995095,0.47362491438672083,0.021887593598446168,0.05480981933365113
1785122918.6401925,-4.80158960958896,0.6214175918644671,-3.005355740841578,0.4738722980901565,0.022320831266437517,0.054677429591563895
1785122918.6455503,-4.803101600744063,0.621095799668492,-3.003626467059945,0.47411032243756357,0.022866793117758247,0.05455851139691968
1785122918.6493287,-4.804610343946247,0.6207659988381992,-3.001965599570227,0.4743458032208071,0.023321403668813977,0.054417194426265955
1785122918.6591449,-4.806115073774043,0.6204274909283509,-3.000361705364868,0.4745740318063761,0.023733363195817047,0.05427318749197831
1785122918.6628456,-4.807613272718604,0.6200783145053623,-2.998810769835009,0.4747906152165063,0.024105931171832826,0.05414219846181008
1785122918.6657476,-4.80910797310716,0.6197221902529206,-2.9973038798079186,0.47499942761312164,0.024411108570049196,0.053997884211798935
1785122918.6702516,-4.810594408485946,0.6193524499520973,-2.9958487364234894,0.47518721873304504,0.024781927259505926,0.05390350723403146
1785122918.6766503,-4.812074132273359,0.6189748408617397,-2.994435942194249,0.4753670663383444,0.024979033203938628,0.05378285069862169
1785122918.6797094,-4.813548038175115,0.618589112044481,-2.9930663481991853,0.4755353382660738,0.02511079746279971,0.0536509408276198
1785122918.6854901,-4.815015148776965,0.6181950881061972,-2.991741494847181,0.47568892954040093,0.02520994018327197,0.05351966256891439
1785122918.6901507,-4.8164788620820485,0.6177970031302246,-2.9904570049335133,0.47583218818392276,0.025260250132205047,0.05336386819062663
1785122918.6951962,-4.817932647171117,0.6173890199168004,-2.9892271085083344,0.47595459622908304,0.025371688596275907,0.0532547173836977
1785122918.7016287,-4.819376969702145,0.6169752774022815,-2.9880432118898654,0.4760692337576762,0.02531148476729871,0.053113322465590175
1785122918.7072902,-4.820818344775533,0.6165606424921118,-2.9868958323649775,0.47618208769358056,0.025111276232634067,0.05290068023813839
1785122918.7100298,-4.822255025005988,0.6161374298115397,-2.9857968015038296,0.4762722545429554,0.025123309745874373,0.052725256486480514
1785122918.714752,-4.823684643836766,0.6157068386323071,-2.984743082612179,0.47634661957647045,0.0251055007909453,0.052546511739257354
1785122918.7199304,-4.825108290455031,0.6152723201398247,-2.9837280366033117,0.4764157301265306,0.024900617936921776,0.052307570747253763
1785122918.7257297,-4.826531789306407,0.6148382878457824,-2.9827451618294547,0.476484519131124,0.024560100139740394,0.0519852845724639
1785122918.7296002,-4.827953313226585,0.6143972294598299,-2.9818058583643063,0.47653319587197174,0.024422191417488262,0.051688509340267495
1785122918.737099,-4.8293704647067885,0.6139500944772824,-2.98090758590618,0.47656813556445227,0.02426307826631207,0.05138390872596042
1785122918.7408483,-4.830784101059887,0.6134999674661417,-2.980044170227895,0.476599334509342,0.023935503874384895,0.051020765998912324
1785122918.7448275,-4.832199711308277,0.613050447619647,-2.979221563722791,0.4766339165474239,0.02348013973852037,0.05058225025946698
1785122918.7499192,-4.833615088075002,0.6125948492682558,-2.9784468617017197,0.4766528987695466,0.0232143290148202,0.05017486171389184
1785122918.7585084,-4.83502749112274,0.6121334011995664,-2.9777084435868417,0.4766622582742344,0.02292834723795935,0.0497642952996918
1785122918.7607481,-4.836440376268973,0.611670567956931,-2.9769887760745837,0.47667514368957903,0.022453492574142826,0.049281990436294394
1785122918.7654696,-4.837854587118793,0.6112031677527412,-2.976290341578941,0.47668104807511086,0.022032161015723525,0.04878860396806007
1785122918.7696662,-4.839269217977363,0.6107295309447422,-2.9756126545776396,0.47667671337563566,0.021690592989446186,0.04830513659477473
1785122918.7769635,-4.840683425437576,0.6102508077714692,-2.974949193039781,0.47666931707233634,0.021270100473427457,0.04779632925390526
1785122918.7800908,-4.842102245595548,0.6097706902031833,-2.9742900382996607,0.47666555949639505,0.0207557929965128,0.04723279427299818
1785122918.7849038,-4.843523537922339,0.609282985106722,-2.973646248148651,0.4766482009996628,0.0204364126008785,0.04671298840842667
1785122918.789934,-4.844944542952334,0.6087882917937675,-2.973013703536378,0.4766245037359578,0.020101414635985842,0.04620159613057967
1785122918.7955794,-4.846368392716604,0.6082905691506055,-2.9723863445879912,0.47660900561689046,0.01958746543789099,0.04563473560750553
1785122918.798861,-4.84779768192963,0.6077883990817158,-2.9717644812305073,0.47659303301308215,0.01913033718956346,0.04506628953721454
1785122918.804885,-4.849228060552986,0.6072780057286215,-2.9711518240038624,0.47656863557518686,0.018784505516411774,0.04454027882203663
1785122918.8107395,-4.850662127837782,0.6067636009796241,-2.9705293479109676,0.47655177220529843,0.018298700583541754,0.04397405607985967
1785122918.8145242,-4.852100334786566,0.6062428111097126,-2.9699007595356393,0.4765337024607551,0.017871948408883506,0.04341934698842767
1785122918.819409,-4.853541477904533,0.6057145001203191,-2.9692663660596534,0.4765124113972287,0.017517184152337842,0.04289038091782115
1785122918.8257911,-4.854987242341954,0.6051814168090354,-2.968614007584656,0.4764987087770897,0.017060248971887727,0.04233262818777473
1785122918.830556,-4.856437851758943,0.6046420440880165,-2.967946989412843,0.4764843790129413,0.016672761996640962,0.04179474441160441
1785122918.8360338,-4.857892001005905,0.6040967897966422,-2.967262118736593,0.4764674326997449,0.016353162339554382,0.04128990145823547
1785122918.8404272,-4.859351435723875,0.6035480199017559,-2.9665483869468483,0.4764587718527777,0.01593234360865491,0.040762213638941364
1785122918.8449762,-4.86081849248562,0.6029947995742508,-2.96580959213086,0.4764514808208037,0.015592224607275629,0.04025380852156169
1785122918.849664,-4.862290988222417,0.602433938741415,-2.9650503928944207,0.4764385292325969,0.015378064096737174,0.03978948055308902
1785122918.8579383,-4.863770735563309,0.60186989101021,-2.964257879397011,0.4764355468011192,0.015032678870870057,0.03929494243951235
1785122918.8601167,-4.865257115348965,0.6013006206937158,-2.9634395541789407,0.476434825862152,0.014732155478860151,0.038822905734751376
1785122918.8646107,-4.866748251198571,0.600725294553797,-2.9625991116783967,0.47643469442963554,0.01448794468981336,0.03838792277346171
1785122918.8699715,-4.86824506170517,0.6001463642345571,-2.961728130073191,0.47644491072916423,0.014146490958091056,0.03794078867807272
1785122918.875277,-4.869749263365859,0.5995631579011795,-2.9608312374886565,0.47645869749474307,0.013876752415873475,0.03752153891367566
1785122918.879878,-4.871256271054581,0.5989731612196494,-2.9599178572052183,0.47647001361894575,0.013707528737891194,0.03716248414627971
1785122918.8840759,-4.87276782670748,0.5983798988409883,-2.9589742869596076,0.47649348399584984,0.013413345461348264,0.03678525369434461
1785122918.889399,-4.874285882443565,0.5977827043884241,-2.958005126247226,0.4765220825091836,0.013175027878138793,0.03642921391884489
1785122918.8945484,-4.875806316990121,0.5971790036949198,-2.957011685485872,0.4765483789638625,0.013032884941965646,0.036124590093465817
1785122918.8996806,-4.877331036180397,0.5965726906135799,-2.9559855603417895,0.4765860953033577,0.0127763817225388,0.03579745309190515
1785122918.9052048,-4.8788619999348715,0.5959633184759174,-2.9549356015785504,0.47662877236479756,0.012579768493663695,0.035485828003376976
1785122918.9095964,-4.880396229273047,0.595349590727927,-2.953870214159904,0.47667286316096685,0.01244570699094446,0.03520849958175976
1785122918.9145744,-4.88193579946673,0.5947339175658894,-2.9527851764168167,0.4767241551405632,0.012303228125447405,0.034934728962259305
1785122918.9192061,-4.883478017449666,0.5941147990483724,-2.9516873883877404,0.47677850313453324,0.012189936648481494,0.03468513199641658
1785122918.925543,-4.88502501131098,0.5934943285690186,-2.95057203788079,0.4768407667180955,0.012057324567020007,0.03443275330809741
1785122918.9298093,-4.886575777472708,0.5928717761439445,-2.949443790822755,0.4769069802554436,0.011958761814976578,0.03419695924673217
1785122918.9344566,-4.888129893461835,0.5922475680168842,-2.9483028159617017,0.47697781972678127,0.011871125349817605,0.03397172623996485
1785122918.939891,-4.88968817246549,0.5916230316418902,-2.947146335247249,0.4770561734525399,0.011750338070748673,0.033739199226331874
1785122918.9449353,-4.891246514094759,0.5909965845603491,-2.9459913791080297,0.47713463743237533,0.011719735705362971,0.033554447128342366
1785122918.9493096,-4.892805857361398,0.5903699685471794,-2.9448236792770466,0.4772236813270786,0.011602496949306053,0.033349838185046186
1785122918.9588068,-4.894368714147723,0.5897428428706636,-2.9436434321678977,0.47731659232432705,0.011546671543063013,0.0331503263413283
1785122918.9611638,-4.895933986610621,0.5891148843151626,-2.9424521249966253,0.4774102913238005,0.011552926227568329,0.03296421838026616
1785122918.9654827,-4.897502536321462,0.5884874212702026,-2.941243155844226,0.4775091557873958,0.011532269831845887,0.0327625818135885
1785122918.9696808,-4.899072762641561,0.5878585612345644,-2.940023852037035,0.4776047421091554,0.011611162666358353,0.03258677145124677
1785122918.975931,-4.900645448473862,0.5872307107137826,-2.938782839793719,0.4777077308597023,0.011591405810011429,0.03237542722197741
1785122918.979421,-4.9022236204863585,0.5866044881177412,-2.9375193835077247,0.47781496057980744,0.011572678550663133,0.03214415928290289
1785122918.9852142,-4.9038038468985565,0.5859755191078679,-2.9362339863756657,0.4779130599337965,0.011721902253247284,0.0319620414418838
1785122918.9932985,-4.905384104993674,0.5853464878451843,-2.9349291821406447,0.47801255917001473,0.011793275382325389,0.03176864915634622
1785122918.9963696,-4.906967932548622,0.5847199105176585,-2.9335842703845176,0.4781171236209988,0.011758610782298385,0.031525742887963316
1785122919.0007641,-4.908557602741196,0.5840958809638874,-2.9322107055440245,0.4782207458083325,0.01176676183534482,0.031267699846482803
1785122919.0050268,-4.910149821575948,0.5834688486654053,-2.930816460881423,0.4783123491173445,0.011956787680035752,0.03105986938909325
1785122919.0111575,-4.911742586936991,0.5828420418696182,-2.929407959401048,0.4784027724801828,0.012069660571886019,0.030846815208400644
1785122919.0155106,-4.9133391192001215,0.5822196238354674,-2.927990689615025,0.47849940617981596,0.012059696219072104,0.030591940550632045
1785122919.019815,-4.914938137468621,0.5815980251895662,-2.9265682387766634,0.47859295921261735,0.0121033720178695,0.03034690517911624
1785122919.0250082,-4.916538898415478,0.580976915980208,-2.9251306056912285,0.4786853871872075,0.012143716681116174,0.030101626368248625
1785122919.02943,-4.9181428144628825,0.5803589968701197,-2.9236937370772615,0.4787784262739428,0.012166758470576277,0.029847847204247213
1785122919.034655,-4.919746994710658,0.579741000757284,-2.9222470583333537,0.47886897581900306,0.012191227809289683,0.029601545962003446
1785122919.0402396,-4.9213546452641745,0.5791280894629798,-2.9208052118599848,0.4789642588248221,0.012133145502798533,0.029324590327871665
1785122919.045807,-4.922965907911248,0.5785180624040238,-2.9193667928172387,0.4790557142913066,0.012150625913700286,0.029059437204332354
1785122919.0497828,-4.924576493427905,0.5779069940143003,-2.9179267800023836,0.47913959300504644,0.012229247368013308,0.028825693499752454
1785122919.0571918,-4.926188099315157,0.5773003048020225,-2.9164903479941797,0.4792281970828031,0.012169590655531984,0.028558345212984913
1785122919.0598855,-4.927802971825706,0.5766990040783929,-2.9150671370800816,0.47931923110107955,0.01208170794052339,0.028271232007366847
1785122919.0651107,-4.929418162636448,0.5760967265492565,-2.913640019115441,0.4794023889584954,0.012114499565977812,0.02801953460896409
1785122919.0693333,-4.9310346698432355,0.5754989560161555,-2.9122237266259807,0.47948727507200184,0.012063185577552779,0.027751482023359322
1785122919.075781,-4.93265322690946,0.5749048544250853,-2.910819891954508,0.4795701277072828,0.012035047364393621,0.02748761680262143
1785122919.0794957,-4.934271014632632,0.574311379428671,-2.9094178405458413,0.4796484281647491,0.012021607420010717,0.02724040353296886
1785122919.0850577,-4.935890974526539,0.5737243049822912,-2.9080367041277113,0.4797294904914194,0.01192961977843957,0.026970759853985483
1785122919.090029,-4.937512929881445,0.5731408380709604,-2.9066714949826076,0.47980647740779697,0.011901168465334145,0.026715331698177098
1785122919.0964096,-4.939132824122125,0.57255648587279,-2.905307528083249,0.4798760373112552,0.011924522536031375,0.02649296751454197
1785122919.0992842,-4.940752612497145,0.5719775695717672,-2.9039618934193214,0.47994928163036354,0.011814504354144722,0.026243049803213837
1785122919.1070576,-4.942374301943608,0.5714047856185427,-2.902640026878392,0.48002402711917874,0.01167295947178595,0.025976342317809126
1785122919.1103315,-4.943997664806182,0.5708356109867256,-2.90133579226807,0.48009372943501644,0.011615330154882716,0.02572694028170202
1785122919.1144428,-4.945618746067884,0.5702657034369389,-2.90003191067614,0.48015498620125263,0.0116178921016875,0.025511053299915355
1785122919.1194375,-4.947239514985398,0.569701275502965,-2.8987454077212984,0.4802186990073421,0.01149603012268528,0.0252693165922805
1785122919.1247683,-4.948861930146035,0.5691429987993958,-2.8974822459192335,0.4802830161545441,0.01134553914106038,0.025011548907349416
1785122919.1292381,-4.950485811084714,0.5685884253379916,-2.89623686314783,0.48034189279614087,0.011275694560112366,0.024769849543393792
1785122919.1351147,-4.952107451643355,0.5680334044407882,-2.894992953621893,0.48039225408731406,0.011263447200040766,0.02455937475916183
1785122919.14148,-4.953728796536513,0.5674838206612778,-2.8937667578740576,0.48044448205945683,0.011134508953537724,0.02432415455899007
1785122919.1451676,-4.955351755452173,0.5669397892736995,-2.892597460985869,0.48050308989325546,0.01096714258692336,0.024078515914845472
1785122919.1489866,-4.95697586041813,0.5663993504864185,-2.891462821048823,0.4805603865523229,0.01086415832549184,0.023857849743751353
1785122919.1552455,-4.95859730689547,0.5658602210500912,-2.8903282704734505,0.4806128049752338,0.010785206197017347,0.02366231949722933
1785122919.1590927,-4.960219327943499,0.565325212495506,-2.8891963001326646,0.48066716218820615,0.010625059004600096,0.023444980268756303
1785122919.1643648,-4.961843418330806,0.564793652564308,-2.888060659644558,0.48071812813141,0.01048236178530327,0.023227891208509013
1785122919.1689887,-4.9634692271919825,0.5642640077751019,-2.886910777665049,0.4807592795256162,0.010436913915879196,0.023040960580070123
1785122919.1753259,-4.965092020503012,0.5637333600150849,-2.8857244637523705,0.48078835998550473,0.010453351581605584,0.022890986606217988
1785122919.179505,-4.966713989652534,0.5632048435249531,-2.884511975323,0.4808178295543081,0.010344576725322184,0.022709614324235985
1785122919.1846576,-4.968337771138814,0.5626784584541967,-2.883277002571683,0.4808457874638787,0.01020214695550342,0.022507671186541182
1785122919.1897688,-4.969964984342569,0.562153890097874,-2.8820196925460837,0.48086846322258614,0.010099235618638359,0.0223067116318059
1785122919.195204,-4.971595387404337,0.5616298366886159,-2.8807357760373593,0.48088110344176915,0.010099263753073977,0.02213602137349204
1785122919.1990063,-4.973224401537447,0.561103561621676,-2.8794054599428653,0.48088229551352724,0.010160358267187003,0.022002438232747196
1785122919.2048337,-4.97485419268631,0.5605782165692762,-2.8780400604053527,0.48088478387483397,0.010095630757026613,0.02183923056703447
1785122919.2096388,-4.976487334615662,0.5600538221084661,-2.8766443027442588,0.48088727224231176,0.009992076434572124,0.02165665962531439
1785122919.2149987,-4.978125386394004,0.559530065717509,-2.8752194001585707,0.4808865681827448,0.00992024847945402,0.021475505531718585
1785122919.2188077,-4.97976521665585,0.5590035893144084,-2.87374860573962,0.4808754330339099,0.009965424259592903,0.021336605943057894
1785122919.2249584,-4.981407760638339,0.5584770216039409,-2.8722405302792176,0.4808649640941345,0.009932433082261487,0.021183712549357407
1785122919.229392,-4.983055269373648,0.5579507166587929,-2.870701401169084,0.48085520941396537,0.00987425309049367,0.021021377042190918
1785122919.2345679,-4.98470766080276,0.5574232161354824,-2.8691271451645557,0.48084143230605325,0.00987967084679696,0.02087921577543654
1785122919.24002,-4.986361710613498,0.5568927867645513,-2.8675062793778032,0.4808239197630311,0.009904683885648113,0.020757919454314308
1785122919.2449796,-4.988020506257329,0.5563623873202086,-2.865844208691187,0.4808097107403376,0.009851284631457602,0.020614249947106113
1785122919.2492545,-4.989685438928429,0.5558316075459196,-2.8641483533495165,0.4807966077662612,0.009806120473520228,0.020467545236700347
1785122919.2553666,-4.991353669379583,0.5552974146532635,-2.862410874283756,0.48077904717906295,0.009857412820015768,0.020355664813193935
1785122919.2594047,-4.993025982785366,0.5547622494758746,-2.860644035018792,0.4807673933248667,0.00983690552727939,0.02022992400238017
1785122919.2646832,-4.994704288651569,0.5542264898924484,-2.858856156972884,0.4807619633648127,0.009794298639962984,0.02009528512503947
1785122919.269048,-4.996386841855933,0.5536879484581657,-2.857039585757197,0.4807579399408043,0.009807371169013604,0.01998167906109839
1785122919.2754996,-4.9980743992562555,0.5531477693754947,-2.8552004528100956,0.4807592830400542,0.009815285519813798,0.01987192934561234
1785122919.2798424,-4.999766614630838,0.5526059312481021,-2.8533392527264194,0.4807674569107424,0.009796044142478418,0.019760995473223894
1785122919.2853248,-5.001465166343334,0.5520631537935748,-2.8514626690724896,0.48078298801207153,0.009770091150214105,0.019649398445255123
1785122919.291053,-5.00316689900588,0.5515162990037691,-2.8495564234755997,0.4807989801799699,0.009829759494114392,0.019574828514839715
1785122919.2955933,-5.004872487158319,0.5509679648039386,-2.847621694658946,0.4808235888655488,0.009809004968503815,0.019486688273927386
1785122919.299313,-5.006583732209668,0.5504185989719634,-2.845668355463038,0.48085682510381733,0.009761399357301626,0.01938886673773114
1785122919.3048434,-5.008301486403273,0.5498680926415707,-2.8437028405610363,0.48089663883088496,0.009741286316858598,0.019297481739563815
1785122919.3104284,-5.010022536464436,0.5493136595258349,-2.84171370293242,0.48093688863449513,0.009820196323939694,0.019246976481360728
1785122919.3146317,-5.011747390666509,0.5487578861597255,-2.839710416482951,0.48098686047057876,0.009828328200074723,0.01918853890434015
1785122919.3193202,-5.013477603430604,0.5482012199711553,-2.837699108784697,0.48104616678441137,0.009811783729780149,0.01912527556576617
1785122919.3252017,-5.0152138562738635,0.5476435685589304,-2.8356816082302063,0.48111211552501726,0.00982088018286316,0.019071767608706373
1785122919.3294013,-5.01695271516618,0.5470820530397896,-2.8336433979453197,0.4811780071937765,0.009926921307015524,0.01906168635274169
1785122919.3343327,-5.018694671400822,0.5465193828900478,-2.8315924981861014,0.48125296817967894,0.00995626528891395,0.019044141635445447
1785122919.3402486,-5.020441261627106,0.5459560076552368,-2.829534001607036,0.4813363168480315,0.00995697002544481,0.019021394199865874
1785122919.3450024,-5.022195426190424,0.5453918153377761,-2.8274650002601667,0.4814242436158252,0.009994286972889725,0.018998310444650807
1785122919.3490968,-5.0239535948633,0.5448232006809132,-2.8253723502966164,0.4815102363402151,0.01012544248777864,0.01901602679727712
1785122919.359176,-5.02571550540709,0.5442537323959404,-2.8232675686918896,0.48160272104746005,0.010174963616516503,0.019035866100989278
1785122919.3613443,-5.027481928418756,0.5436840401615314,-2.8211570739007956,0.4817011237809745,0.01018966696399033,0.019062944470323327
1785122919.3647568,-5.029253024037942,0.5431139770503941,-2.81904268492232,0.4818027485603223,0.010221992977028303,0.019111047124873642
1785122919.3703582,-5.031025344630835,0.5425400364884476,-2.8169104789512005,0.4819012133968715,0.010341454014309595,0.01921116685371107
1785122919.3757606,-5.032799410318208,0.5419656706831778,-2.8147697068082893,0.4820044929996716,0.010386948417434462,0.01931723765410023
1785122919.3797202,-5.034576486855336,0.5413915496921957,-2.812625611172441,0.482111874268533,0.01040729888625553,0.019429914815869823
1785122919.3853247,-5.036357090598729,0.5408176196979303,-2.8104794487747284,0.48222064304112,0.010453941136476857,0.019560331287492037
1785122919.389352,-5.038138083162511,0.5402405023739532,-2.8083173296442334,0.4823245266764569,0.010593951653756357,0.019737538665770098
1785122919.3952358,-5.039920251605944,0.5396637158026865,-2.8061455652875034,0.4824308325732303,0.010668853347955877,0.019915667774400132
1785122919.3993075,-5.041705011421788,0.5390880001287499,-2.8039707746458635,0.4825390940502824,0.010725638449700927,0.02009479136281899
1785122919.4049592,-5.043491960229819,0.5385119672470912,-2.8017910827675805,0.4826452583856295,0.01083780108560484,0.020294613804712286
1785122919.4096076,-5.0452787378145265,0.537934252202232,-2.799599530358766,0.4827485436039065,0.01097107390374155,0.020516176380682583
1785122919.41418,-5.047067773840687,0.5373585544814383,-2.797409794876898,0.4828543988883571,0.011051722004590642,0.020728011208294664
1785122919.4197118,-5.0488598274974965,0.5367846336970852,-2.795223796047219,0.48296008499148224,0.011148088601431396,0.02094233939761665
1785122919.4257522,-5.050653128482315,0.5362100196807822,-2.793033282698458,0.4830611269608941,0.011311972233933598,0.021180257105531453
1785122919.4292638,-5.052447352525759,0.5356356713449292,-2.7908398424811987,0.4831597515448356,0.011478447462511091,0.021427221277917803
1785122919.4345162,-5.0542442368799785,0.5350640334932177,-2.7886527187891756,0.4832590230423205,0.011610196389400466,0.02166481961523359
1785122919.4398425,-5.056043442972952,0.5344934671298771,-2.786468819904388,0.4833548902997243,0.011788414600357223,0.021912740820575722
1785122919.4452584,-5.057840493664612,0.5339228744482407,-2.7842808344339303,0.4834464921655047,0.011974985233029381,0.02218244299228439
1785122919.450496,-5.059638235370607,0.5333554788987126,-2.7821018733696152,0.4835392826661584,0.012113198953698164,0.02243527712233122
1785122919.4594219,-5.061437391220432,0.5327896946681924,-2.7799295843212026,0.4836291320131292,0.012299978745811487,0.022684900917157778
1785122919.4615998,-5.063237473231297,0.5322248137570555,-2.7777606692109753,0.48371549305526285,0.012519971648081078,0.02292964082082176
1785122919.4652698,-5.0650395961894565,0.5316622270987648,-2.7756000168215285,0.4838012064410962,0.012721294357397704,0.02315220469354008
1785122919.4689956,-5.0668454762048745,0.5311026509921981,-2.7734529691208336,0.4838859996424381,0.012931875693393113,0.023353568866441795
1785122919.4754992,-5.068652725997619,0.5305422319451824,-2.7713074404171185,0.48396410421339403,0.01322763033116812,0.023564162581029835
1785122919.480473,-5.070462691045817,0.5299842408371069,-2.769172725742676,0.48404208800319787,0.013471169097833306,0.023749158894777862
1785122919.4844992,-5.072275934377607,0.5294278840079721,-2.7670497443164823,0.4841179181879394,0.013727491537835706,0.023920182343783274
1785122919.4899564,-5.074092460147443,0.5288731738953568,-2.7649392053710726,0.48419197428412253,0.013977676599868484,0.024076006056765225
1785122919.4967356,-5.075910750556965,0.5283177180810671,-2.762836502572279,0.48426128067798846,0.014274036635244958,0.02423542216614268
1785122919.499444,-5.0777320747815695,0.5277640441771155,-2.7607488217924994,0.4843311618453358,0.014512536994273574,0.024370224741040118
1785122919.5043468,-5.07955786818522,0.5272123160868788,-2.7586795351270483,0.4844005324826598,0.014743181180380843,0.024486489785603353
1785122919.5110514,-5.081387731720669,0.5266606240483711,-2.7566243193463316,0.4844653420502503,0.01503468626161043,0.02460659416861793
1785122919.5144463,-5.083218678918482,0.5261061909764296,-2.754571757828427,0.48452355694664395,0.015368089911360438,0.024741846101186776
1785122919.519872,-5.0850527750597605,0.5255527103089791,-2.7525338021421657,0.48458247743310456,0.01561995120957234,0.02485433862949988
1785122919.5251205,-5.086891445890745,0.52500012773332,-2.750514623815416,0.4846409615252324,0.015854020764552026,0.024951742999990287
1785122919.530111,-5.088734337866721,0.5244464906399708,-2.7485105144051265,0.4846950500515457,0.016144137336329797,0.025056825543475478
1785122919.5344894,-5.090578546269244,0.5238890584365538,-2.7465105323832106,0.4847427069853672,0.016475579556365944,0.02518148386856047
1785122919.5399528,-5.092426170282756,0.5233314216728199,-2.7445264806178393,0.4847910968640828,0.016728156784242443,0.025288863327106434
1785122919.546083,-5.094278640802403,0.5227735043390881,-2.74256579241386,0.48483970833465595,0.016963872611073648,0.02538692978871495
1785122919.5493677,-5.0961343979460665,0.522212651342946,-2.7406188092685064,0.48488379570660706,0.017252468092820588,0.02550108439765517
1785122919.5612686,-5.097993258981177,0.5216490750610897,-2.7386836071418466,0.4849247100417024,0.01754638043830248,0.025623274169134583
1785122919.5630188,-5.099855176210561,0.5210826892352866,-2.7367591136739997,0.4849632721330026,0.01782798316480048,0.025748886463782896
1785122919.5649729,-5.101721178675137,0.5205139088473796,-2.73484806396007,0.4850003385953869,0.018097154747604746,0.025873807069953732
1785122919.5696075,-5.103590510658554,0.5199415286212725,-2.732946246146886,0.48503444361721887,0.018372354892492438,0.02600617652138635
1785122919.575645,-5.105464091112744,0.5193663620450283,-2.731056965990048,0.48506762480385973,0.018620648967523936,0.02613573331281818
1785122919.5795758,-5.107340523902225,0.5187860207475995,-2.729172693835792,0.48509596711589803,0.018911315124922494,0.026283878372974242
1785122919.5845978,-5.109221304831116,0.5182026554770208,-2.727300369222508,0.48512458916609397,0.01914887884413187,0.026423838929917624
1785122919.5899556,-5.111107043262697,0.5176152864455743,-2.7254396723146384,0.4851509344913625,0.01940485296692467,0.026570347023152266
1785122919.595531,-5.112995084478529,0.5170218221886773,-2.723583281795455,0.48517272189892663,0.019694304701829216,0.026738699018540465
1785122919.5995681,-5.114887648819403,0.5164247807995217,-2.721739133031792,0.48519647811109423,0.019911220288877138,0.026893347062456333
1785122919.6065428,-5.1167854562013835,0.5158230750993182,-2.7199049102723136,0.4852188715478786,0.020140390958892054,0.02705125707504122
1785122919.6104426,-5.118686768265736,0.5152152609984705,-2.7180721249517803,0.48523780627576146,0.02038839975967594,0.02722231293954641
1785122919.6147454,-5.1205934696989805,0.5146025373001369,-2.716246367415691,0.4852560073767825,0.020621376201347404,0.02739201441688615
1785122919.620155,-5.122503942274381,0.5139833421189223,-2.714420077227406,0.485271234422267,0.020861877949239323,0.02757179584732694
1785122919.6268592,-5.124420091628497,0.5133587793333888,-2.712599143759703,0.48528598586940275,0.021084843289374135,0.02774890253584284
1785122919.6295254,-5.126340324276075,0.5127272825380341,-2.710776309522937,0.4852979532532069,0.02131564311018377,0.027935534688965296
1785122919.6343951,-5.128266572205291,0.5120899826316339,-2.708957765095012,0.48530960574643084,0.02153029854274703,0.028119419968801466
1785122919.6395955,-5.130197208094579,0.511445342216205,-2.7071364166465877,0.4853186539467613,0.021754779454542236,0.028312940571604037
1785122919.645999,-5.132134222498048,0.510794259873213,-2.705309352554605,0.48532619585343706,0.0219650737383501,0.028502256469155496
1785122919.650296,-5.134075472779415,0.5101342531247953,-2.70347185916642,0.4853293015328087,0.022201009466214904,0.028707223599581475
1785122919.65742,-5.136021867840004,0.5094671797893388,-2.701634755354498,0.48533294824468803,0.022386848339918965,0.028907326338482506
1785122919.6598976,-5.137975166664619,0.5087937171580366,-2.6998068575200964,0.48533836456724544,0.02254842104778777,0.029100881535180503
1785122919.6648953,-5.139934022160603,0.508112334269754,-2.6979843413943314,0.4853433088712471,0.02272230668349479,0.029302874152067636
1785122919.6700037,-5.141898495974223,0.5074230336807818,-2.6961686951166834,0.485348301928124,0.022906024816676328,0.02951283886357778
1785122919.6766706,-5.14386931442559,0.506726639646222,-2.694363970543339,0.4853556776504561,0.023064428831003823,0.02972000625353191
1785122919.6793945,-5.145846607812654,0.5060227605277414,-2.6925705302527088,0.48536470873386267,0.023222424312490053,0.02992969035673017
1785122919.6851912,-5.14782956564295,0.5053107688784946,-2.690785800304645,0.48537465085778925,0.023385293270356395,0.030146547898654563
1785122919.6922407,-5.149818167525079,0.5045905167177822,-2.6890098876642123,0.48538551854728207,0.023557675044623916,0.03037105071414226
1785122919.695792,-5.151815411048765,0.5038623943745848,-2.687247732511086,0.4853994675921692,0.023717298882827167,0.030583580063811334
1785122919.6995537,-5.1538210540134175,0.5031260666466235,-2.6854986410121007,0.4854154846763497,0.023881672267678622,0.03079812033985137
1785122919.7048678,-5.155832558563269,0.5023803308454124,-2.6837560582621465,0.4854312963415149,0.024065562664118034,0.031033369896978188
1785122919.7103257,-5.15785000451603,0.5016267654014684,-2.682023831839707,0.4854500028976156,0.024206163193712688,0.03127502333106837
1785122919.714629,-5.159874612862161,0.5008660108579983,-2.680306877099162,0.48547162536302274,0.024332828916765886,0.03152383439197987
1785122919.7197192,-5.1619036848555915,0.5000958083645086,-2.678595608151363,0.4854917438970382,0.024500450735260495,0.03180241735663723
1785122919.7256784,-5.1639377263584505,0.4993177302506449,-2.6768940148590366,0.4855138382590002,0.0246375132087913,0.03209049635190956
1785122919.7294104,-5.165976608751978,0.4985312690876839,-2.6752012949224526,0.48553653610544306,0.024783158561870244,0.032393789773174024
1785122919.7348359,-5.16802105100295,0.4977372190703311,-2.6735203311752915,0.48556106630899026,0.024916555593693684,0.032703901397113246
1785122919.7401578,-5.170069476898191,0.4969341233832672,-2.671844909928895,0.4855844068801168,0.02508049646659142,0.033034809797108336
1785122919.7462747,-5.172123334368118,0.49612314607647756,-2.6701723735656087,0.4856083333041898,0.025224836560468266,0.033367375079930886
1785122919.7497532,-5.174181347863536,0.495302226540795,-2.6685002461583,0.485629710705278,0.025390971486549275,0.03371933323891519
1785122919.7573106,-5.176243784758088,0.4944724229395718,-2.666835216875886,0.48565019679284105,0.025541599875806554,0.03408418435533268
1785122919.7611063,-5.178312186031179,0.49363529234926795,-2.665186030164721,0.4856717840419321,0.025661965720818868,0.03445232560466311
1785122919.764813,-5.180385098791109,0.49278907644332376,-2.6635484902025133,0.4856912363355465,0.025809197762312858,0.0348409937266036
1785122919.7693942,-5.182462564639351,0.4919345173713368,-2.6619249652780606,0.4857099146843812,0.025950537856587273,0.035242010860991387
1785122919.775607,-5.184544610836036,0.49107193607929567,-2.660316953408503,0.4857283416013468,0.026079686497873088,0.035651244389023194
1785122919.779726,-5.186631998363664,0.49020219364703643,-2.6587281768640936,0.48574764947019716,0.026184347373561682,0.036061081347167914
1785122919.7844815,-5.188724631015258,0.4893244826375296,-2.6571578004616256,0.4857654952038127,0.026317575534608964,0.036482600885614974
1785122919.789804,-5.190821755897416,0.48843858234725857,-2.655604033010586,0.4857813187485106,0.026466610110142508,0.03691690054987422
1785122919.7954826,-5.192920493977401,0.4875455842170259,-2.654080368698276,0.4857976030095431,0.026605960108510955,0.03737281654532083
1785122919.7999077,-5.195022691363192,0.4866470070545535,-2.652586822601173,0.48581704831884664,0.026710288947022487,0.03782125779029237
1785122919.8051488,-5.197129335873393,0.4857421888571732,-2.651114767575787,0.4858365266456098,0.026837180791126625,0.038262163200982
1785122919.8097541,-5.199238904238477,0.4848295296287469,-2.6496518209846047,0.48585197810133,0.02702312178970212,0.038706556408734695
1785122919.8145347,-5.201353790400525,0.48391104600495355,-2.648202330559399,0.48586726086574183,0.027192139204756934,0.039127338039620235
1785122919.820137,-5.203473382201863,0.48298572129296985,-2.646760483134763,0.485879671684896,0.0273828875999895,0.03953485288461357
1785122919.825436,-5.205597925416599,0.48205328403093217,-2.6453243407808618,0.48588802264433195,0.027614382202713235,0.03993309208526092
1785122919.8305426,-5.207726645534679,0.48111351043798034,-2.643890033136668,0.4858924888102608,0.027859886259011417,0.040319232119460056
1785122919.8364053,-5.2098616698243445,0.4801678879850949,-2.6424635119250253,0.4858962797979415,0.02807898813019106,0.04067567181889425
1785122919.8436196,-5.211995706090429,0.47921667867031087,-2.6410241676181063,0.48588792746022147,0.028241871894782312,0.0410615900835603
1785122919.8485048,-5.214133380814789,0.47825623390976,-2.6395793847275284,0.48587087326159795,0.028434521506571893,0.041444093367944274
1785122919.8502147,-5.21627970823473,0.4772848670221668,-2.638154377554937,0.4858532877321053,0.02876090666209992,0.0417997273094219
1785122919.8607311,-5.2184335649296605,0.4763052521304343,-2.6367432151317782,0.4858379976953752,0.0291057081970593,0.042116493607697814
1785122919.8662996,-5.220576122902601,0.4753227622943529,-2.635293014372344,0.4857983851519845,0.0292095695567164,0.04252186132956801
1785122919.8694007,-5.222726906891641,0.47432461604428877,-2.6338375065343986,0.48575212065878526,0.02950354266369851,0.042894978293115865
1785122919.8753152,-5.224891304189517,0.4733121764439773,-2.6323906998471363,0.4857086760779606,0.029992744689538418,0.043200862012494914
1785122919.8804576,-5.227060432389158,0.472292012057916,-2.630934327845346,0.4856623923626322,0.03039676375926808,0.04348067496204188
1785122919.8851454,-5.229222974280959,0.47126290317566577,-2.629435101000999,0.48559265306291516,0.03067711828221692,0.04382511514396296
1785122919.8926685,-5.2313945785307405,0.4702174736258485,-2.627927426856847,0.4855189166291498,0.03109660418539121,0.044130897608484175
1785122919.8966005,-5.233569854974768,0.4691584965540792,-2.62638686597662,0.48543452516090885,0.031465222950633746,0.04442134474468068
1785122919.8998277,-5.235758175531565,0.46808021399609245,-2.6248389518248882,0.4853474117829344,0.032008267795175765,0.04466047082647118
1785122919.9052777,-5.237949893086373,0.46698733843701373,-2.6232711780219127,0.48525049898389355,0.03248026329589495,0.04490541172358906
1785122919.9100642,-5.240145974891947,0.46587809044300055,-2.621690205374161,0.4851455145734343,0.03290201562606666,0.04515018028448402
1785122919.9151874,-5.242347282049047,0.4647510000243828,-2.620101567433525,0.4850340871202618,0.03329400525574568,0.04538998355741054
1785122919.9198802,-5.244561728739247,0.46360451649109125,-2.618529917069052,0.4849287147673539,0.03374801225726283,0.04557321710628705
1785122919.9258451,-5.246773415358799,0.46244133933712,-2.616937222112458,0.48480920685396744,0.03403765395444151,0.0458025718356031
1785122919.9296536,-5.249000195820298,0.4612558718074639,-2.615370251227114,0.48469793321160426,0.03444350901419935,0.0459694605145233
1785122919.934685,-5.251224950434381,0.4600514019898102,-2.6137880307779118,0.4845740818755905,0.034702916099381205,0.04618100595712968
1785122919.9396753,-5.253466003818092,0.45882299401253857,-2.612238930904599,0.48446056713545843,0.035088573673462235,0.046326227263464526
1785122919.944906,-5.2557056793374946,0.4575738806912783,-2.6106790480572744,0.484336219411139,0.03532592258211719,0.04651370652534404
1785122919.9494271,-5.257962231963385,0.4562996028374832,-2.609157466649253,0.4842237038506102,0.03568266946730853,0.046633927679918634
1785122919.9546893,-5.260217755292911,0.4550033656527178,-2.60763076322772,0.48410197333744936,0.03588334350811649,0.04679627988155617
1785122919.966157,-5.262483048390876,0.4536823047167008,-2.606140747158314,0.4839817971271546,0.03610305299222488,0.0469433553633677
1785122919.9666965,-5.264759017720324,0.45233790823929676,-2.604693275416926,0.48386700077953776,0.03628879630442906,0.047060060435787546
1785122919.969116,-5.267035210460997,0.4509700945212513,-2.6032629915674663,0.4837440988358213,0.03636526347970014,0.04722044588370326
1785122919.9758627,-5.26933122788437,0.4495712782009559,-2.6019013885062607,0.4836322265790105,0.036674053398917744,0.04731550805624326
1785122919.9795418,-5.271625984312696,0.4481501920724756,-2.6005620376197998,0.48351689369490186,0.036763189165255616,0.047439759746030256
1785122919.9852254,-5.273921086231708,0.4467003654037186,-2.599242180623955,0.4833930256284411,0.036756465913238376,0.04759655663869891
1785122919.991105,-5.276236276218025,0.445220653107634,-2.59799815715938,0.48328607108147553,0.03690360799007599,0.04766360370123616
1785122919.9947987,-5.278552547369073,0.4437149376451123,-2.596777203026014,0.48317694936332334,0.036873715584679244,0.04774130806881318
1785122919.9995174,-5.2808725656334605,0.4421783983135434,-2.595556391911347,0.4830600449618628,0.036785837755856976,0.04783796883250259
1785122920.0053627,-5.283213039864362,0.4406056594999856,-2.594393233479022,0.4829517001347145,0.03690313969677687,0.047869497209402756
1785122920.010593,-5.285553612523418,0.4390055256387061,-2.5932560112867287,0.4828392841407928,0.03679695775598954,0.04793207560889148
1785122920.0148256,-5.287895057160715,0.43737277668036567,-2.592148866977907,0.48271807282543494,0.03655891774444576,0.04803678151048273
1785122920.0198781,-5.290254661785905,0.43570755514013254,-2.591130155277009,0.48261115008212424,0.03642810236083769,0.048076148315748954
1785122920.0254238,-5.292613527730735,0.4340122918164031,-2.5901534613542263,0.4824995769775317,0.03613010076392963,0.04815195174197796
1785122920.0298996,-5.294987747669512,0.43228638312291034,-2.589268365080977,0.48240231953872925,0.03590372294791741,0.048171091798549254
1785122920.0350223,-5.297350946752814,0.4305316017268078,-2.5884036373850505,0.48229097746290106,0.03538047728244208,0.04827844594883585
1785122920.042085,-5.299729683071312,0.4287351884107803,-2.5876488557890136,0.48219204101088126,0.03506037335627047,0.04831965931375263
1785122920.0454054,-5.3021237258940594,0.4269050744177705,-2.587036965541446,0.4821181066385834,0.03484942959380431,0.048267251974899075
1785122920.0491989,-5.304510111788567,0.4250513165829041,-2.5864847275035343,0.4820443163249417,0.0343469522575866,0.048255587167490066
1785122920.0547256,-5.3068904625542235,0.42316595791024875,-2.5859810621910935,0.4819616175128541,0.033687225309887756,0.04829729710695311
1785122920.0623958,-5.309285251694975,0.4212427737266931,-2.5855972277651786,0.481894326043147,0.03320407075242303,0.04826083088568946
1785122920.064806,-5.3116866715348054,0.4192874411274026,-2.585314502533133,0.48184033993883696,0.0327320827354773,0.04817036399945162
1785122920.0695944,-5.314085320351601,0.41730761956335277,-2.5850839261870013,0.4817863199075293,0.032054194463966554,0.04809203642613876
1785122920.0761127,-5.316489479635686,0.41529602417199885,-2.584937805598516,0.48173677343678967,0.03144852869565073,0.04799434006043498
1785122920.0792086,-5.31888825025802,0.4132583206604874,-2.5848323506352675,0.4816774004580002,0.03071368832588248,0.0479476051170759
1785122920.0850687,-5.321291321520718,0.4111905513598569,-2.584801018647714,0.4816189198748445,0.030004353748629548,0.04788690455609619
1785122920.0894873,-5.323698864548656,0.409099447425281,-2.5848319620587046,0.4815621390193349,0.029272738187282033,0.04781056273430338
1785122920.0955298,-5.326110832097252,0.4069904324708375,-2.5849449783417637,0.4815116765359146,0.02847827086118871,0.04771642179881733
1785122920.0991554,-5.328522849839131,0.4048633222385013,-2.5851274428273743,0.4814603489567262,0.027730493084006536,0.04763629022547944
1785122920.1066768,-5.330935914065337,0.4027204732435707,-2.5853536244359328,0.4814107871554525,0.026947831639212282,0.04754241587097771
1785122920.1104841,-5.333348115601073,0.40056119817707797,-2.585610876781654,0.4813573124797603,0.026184262288132133,0.047454582462370755
1785122920.1144867,-5.3357589837862625,0.39838568884035386,-2.585889726413548,0.48129695053196636,0.025467934779638785,0.04738056954114925
1785122920.1198354,-5.338169665050243,0.3961964992961459,-2.5861828434095875,0.48123183378058076,0.024736259839817303,0.047302880718455925
1785122920.1261427,-5.340577995762848,0.3939940102170042,-2.5864815730532875,0.4811554499270572,0.02404775006851357,0.047251132084033365
1785122920.1293445,-5.342985578785086,0.39178152378330533,-2.5867799999534515,0.48107267418631205,0.023309640158193298,0.047194560499181054
1785122920.1360586,-5.3453952078502125,0.3895603925097269,-2.5870752716404715,0.48098397972556434,0.022592818156123767,0.04712800428442428
1785122920.1413004,-5.347802823749011,0.38732706210594026,-2.587366305389015,0.48088179564799005,0.021992986761061473,0.047090604303394956
1785122920.1453881,-5.3502110515456085,0.3850852321258662,-2.587673871028707,0.4807739483143451,0.021396796345631974,0.04704813450716472
1785122920.1493504,-5.352620463537677,0.3828370332785577,-2.587985111417249,0.4806650523940163,0.02074913393695921,0.046980182505044474
1785122920.1551938,-5.355032676771656,0.38058328195625635,-2.5882846801193398,0.48055400116220615,0.02011594679353822,0.04689270852792176
1785122920.162979,-5.357443053816461,0.3783209063110631,-2.588566730189591,0.48043180322349305,0.019588679046853977,0.046832413408081246
1785122920.1650288,-5.3598526321507,0.37605307303326857,-2.5888233624812393,0.4803044592031027,0.01901537562218588,0.04676607696277299
1785122920.1706662,-5.362261203592036,0.3737792704819265,-2.589050803606999,0.48016947862249054,0.018462207963746053,0.0467066535323043
1785122920.175532,-5.364668850669606,0.37150073286229096,-2.5892456826380994,0.4800287409001023,0.017872862843438614,0.046644281780694415
1785122920.180069,-5.367075569598373,0.36921698820436677,-2.5894061725775988,0.47988006848698306,0.017310577033071615,0.04659164030493762
1785122920.1857102,-5.369482810584479,0.36692989252259384,-2.589529812857136,0.47972622679331073,0.016726049312145764,0.04653569918474637
1785122920.1909063,-5.371888086070927,0.36463731894732704,-2.5896165297343576,0.4795624217150032,0.016190164656860163,0.046504182077717275
1785122920.1961088,-5.3742896585171565,0.36233881946673246,-2.5896204054312983,0.4793874159713492,0.015614821069100674,0.04648032083974726
1785122920.1995518,-5.376689189534556,0.3600361057227221,-2.589563175707076,0.47920351325622873,0.014987264920788503,0.04645612794316893
1785122920.2049127,-5.379088431690072,0.3577310089491374,-2.5894726807070514,0.47901400198775834,0.014320314030841453,0.046428329781060027
1785122920.2103875,-5.38148840666076,0.3554248850185817,-2.5893657331049327,0.4788215012362821,0.013628861578046346,0.04639539782068256
1785122920.214924,-5.3838896780195,0.3531188769575355,-2.589252890646416,0.4786281812413283,0.01292377501684248,0.046356195594789464
1785122920.2199442,-5.386292511170083,0.35081403193901456,-2.5891410198119233,0.47843585971608993,0.012211330006896304,0.04630962725582297
1785122920.225219,-5.388696970093387,0.34851134925433047,-2.5890346770679087,0.47824603618697387,0.01149428035048788,0.04625466889782203
1785122920.2294686,-5.39110297906091,0.3462117959647658,-2.5889368622813604,0.4780599018918147,0.010773143720198834,0.046190503144258856
1785122920.2348807,-5.393510361846568,0.343916309449458,-2.588849433399207,0.4778783416788292,0.010047212453686808,0.04611665957900154
1785122920.2402403,-5.39592087688587,0.3416275977930658,-2.588773777409781,0.4777040825720332,0.009301823416756193,0.04602188008688681
1785122920.2447515,-5.398332200870482,0.33934195527696986,-2.5886857105027783,0.47752944459426333,0.008623479050239016,0.04592996369389034
1785122920.249607,-5.400744627463523,0.3370618885593721,-2.588597475068454,0.47735707333133853,0.007946778416621135,0.045832930299581
1785122920.2552147,-5.403158131311624,0.33478958266573206,-2.5885238903737724,0.477189175342241,0.007250387624840579,0.04572920979041953
1785122920.2623682,-5.405572448048785,0.33252668271967534,-2.588473281118439,0.4770270338962147,0.006530402183048332,0.045618300581181805
1785122920.2656922,-5.407987163883088,0.3302745470815949,-2.588450176149237,0.476871299799679,0.005789509484290613,0.04550021150854635
1785122920.2698116,-5.4104017935031345,0.32803438149962566,-2.588456779859631,0.476722174475148,0.005032187822208696,0.0453751982940707
1785122920.2757843,-5.412815822996799,0.32580730722052664,-2.588493808880835,0.4765795214246093,0.0042629341816551244,0.04524369151462619
1785122920.2799556,-5.415228733791877,0.3235943959200462,-2.5885609834770285,0.4764429422200887,0.003485715914689941,0.045106282444477154
1785122920.2850637,-5.417640016172445,0.3213966876460641,-2.5886573301163964,0.4763118348079492,0.0027038875860016017,0.04496371584220612
1785122920.2912993,-5.420049177001842,0.31921519982038554,-2.5887813797215697,0.47618544235346144,0.0019202662603812852,0.044816874589503675
1785122920.2944713,-5.422455744189809,0.31705093134845425,-2.5889313071467783,0.4760628961466694,0.0011372469609271588,0.04466675516276081
1785122920.3004308,-5.424861217563382,0.31490705976697125,-2.5891012145567247,0.47594449067598876,0.00034893725300271086,0.044502068416964864
1785122920.304675,-5.427263009930357,0.312780384070959,-2.5892870798443544,0.4758243599877277,-0.00036208476564473976,0.04435049465110658
1785122920.3103104,-5.429661043840447,0.31067328661375093,-2.5894915755279757,0.47570372340788186,-0.0010621184904725364,0.044204600403228836
1785122920.3148274,-5.432055044555131,0.3085873921332977,-2.5897155803132894,0.4755828430480874,-0.0017702653372504015,0.044061196547350336
1785122920.3198037,-5.434444666557654,0.3065239560811648,-2.589958894488274,0.4754614796391124,-0.002487154572980764,0.043919206527647296
1785122920.3250496,-5.436829551632097,0.30448404812694924,-2.5902206871501954,0.4753391424636343,-0.003207391162131547,0.043778581731504444
1785122920.33022,-5.439209357939039,0.30246863757888187,-2.590499767581566,0.475215237145681,-0.003924683683912302,0.04363971950486011
1785122920.3348374,-5.441583801693384,0.30047862681347054,-2.5907945790261975,0.47508926167534415,-0.00463474357348375,0.043502628465475424
1785122920.3398716,-5.44395257249731,0.29851484122647676,-2.5911033035991218,0.4749608715624235,-0.00533444285071169,0.04336682299224112
1785122920.3449764,-5.446315056076603,0.29657829898158106,-2.591431156569286,0.47483016853629234,-0.006019094133720661,0.043235587297896304
1785122920.3504307,-5.448670813726226,0.2946695839512107,-2.591773307512796,0.4746965264310267,-0.0066886181128547285,0.04310960180971428
1785122920.3548956,-5.451019627018311,0.29278914297729686,-2.592123716258463,0.4745594945499111,-0.007343817301420103,0.0429874736014911
1785122920.363193,-5.453361219771357,0.29093737979101864,-2.5924780200410544,0.47441888803409255,-0.007983365138461878,0.042867838543992794
1785122920.365783,-5.455695264268101,0.28911465689224775,-2.592832865062738,0.4742747138197209,-0.008605161366183148,0.04274952059137466
1785122920.369527,-5.458021403956668,0.2873212968368166,-2.59318552090714,0.4741271372210654,-0.009207173902761613,0.04263150817254678
1785122920.3759022,-5.460339266572053,0.28555758186728025,-2.5935336459449725,0.4739764759490221,-0.009787808243411014,0.04251283475784036
1785122920.3801708,-5.462648453307486,0.2838237338198823,-2.593875145250544,0.4738231645412778,-0.010345613495214515,0.04239264640138559
1785122920.3851416,-5.464948551390004,0.28211991556221194,-2.594208113044477,0.4736677254089116,-0.010879343439860828,0.04227024379141765
1785122920.3892982,-5.467239144181912,0.28044623330215196,-2.5945307978834937,0.47351074688316785,-0.011387972511625395,0.04214510051427102
1785122920.3954709,-5.469519119889271,0.27880315905470077,-2.594858348301315,0.47335324515463073,-0.011864294741368369,0.04202765354187719
1785122920.399528,-5.471788358262926,0.2771905223913573,-2.59518209009904,0.473195182503018,-0.012321728526575183,0.041920826169245105
1785122920.4047563,-5.474046887504833,0.27560790207028113,-2.5954909884634825,0.4730363302852267,-0.012762700888246126,0.041822364748626585
1785122920.4104934,-5.476294619913423,0.2740548443699927,-2.5957780668911115,0.4728767420826541,-0.013184553847664355,0.041730279264918485
1785122920.414524,-5.4785314225390795,0.27253090274949426,-2.5960385476836585,0.4727167421263596,-0.013584422450839554,0.04164337917276184
1785122920.4194732,-5.480757138201001,0.27103563155028976,-2.5962689553236165,0.4725568281043824,-0.013959941554889827,0.04156105475756777
1785122920.4253547,-5.482971601022767,0.26956858040883064,-2.59646661628365,0.47239760751105725,-0.014309420530780301,0.041483112483531405
1785122920.4299278,-5.485174647404786,0.26812929039565786,-2.596629374632856,0.47223975400001306,-0.014631793180711032,0.041409659778974414
1785122920.435159,-5.487366123611071,0.2667172920044942,-2.5967554262477544,0.4720839759128642,-0.01492649485529532,0.041341026844943805
1785122920.441195,-5.4895458909823525,0.26533210473021424,-2.5968432189785458,0.47193099253136034,-0.01519333390687882,0.04127771348082703
1785122920.4458954,-5.491713829527926,0.26397323786524574,-2.5968913900427735,0.4717815155444503,-0.015432382198585738,0.041220351683610656
1785122920.450092,-5.493870253135072,0.2626399013279905,-2.5968890455259523,0.4716360460058044,-0.015647478593959926,0.0411631194949811
1785122920.4569373,-5.49601495504242,0.26133171033035213,-2.5968392740052852,0.4714958080843489,-0.01583199811016722,0.04110540693326224
1785122920.465288,-5.498147628691603,0.2600484125860102,-2.5967466745145824,0.471361925441001,-0.01598348251363653,0.04104911398110682
1785122920.4679925,-5.5002680530644845,0.25878972676702194,-2.596613688011789,0.47123527585876773,-0.016102964400790738,0.040996097522708407
1785122920.4704466,-5.5023760756051825,0.25755533918646456,-2.596441560939841,0.47111654684778115,-0.016192493504103816,0.04094809937479377
1785122920.4758818,-5.5044715983959565,0.2563449094646857,-2.596230867695427,0.47100626982709337,-0.01625411222248503,0.04090674615896871
1785122920.479281,-5.506554567969773,0.2551580786243181,-2.5959817966984438,0.4709048426209943,-0.016289509994584478,0.04087356376904683
1785122920.4855077,-5.508624968106827,0.25399447687042814,-2.5956943090362277,0.4708125457727161,-0.01629997008679161,0.04084998765559295
1785122920.4926302,-5.510682814788996,0.252853730092828,-2.5953682280769717,0.47072955564465846,-0.016286424712791077,0.04083736522904492
1785122920.4958966,-5.5127281526058,0.2517354649041962,-2.5950032915609333,0.47065595583575337,-0.016249536818591804,0.04083695178054047
1785122920.5006125,-5.514763520728686,0.25063823908670163,-2.594593997288488,0.4705919867774402,-0.016188201879446557,0.040836549707349686
1785122920.5059872,-5.5167882425944175,0.24956180611566722,-2.5941398289024074,0.47053721387758457,-0.01610920667988052,0.0408459775809237
1785122920.5109432,-5.518801106905659,0.2485061791438097,-2.5936418112476685,0.4704911492099617,-0.01601558227152175,0.04087512941053431
1785122920.5155823,-5.520801357287649,0.2474712444201127,-2.593100524435268,0.4704533971512703,-0.01590727044820923,0.04092915716880205
1785122920.5200477,-5.522788528052346,0.24645682357013077,-2.5925162335282845,0.47042362024175066,-0.015783075788829017,0.04101053902760099
1785122920.5256283,-5.524762344670214,0.24546270891412483,-2.591888993746812,0.4704015191272215,-0.01564157160974953,0.0411201956555043
1785122920.5301971,-5.5267226622020695,0.24448868337278315,-2.5912187298182383,0.4703868205059584,-0.015481487495556438,0.04125810250725664
1785122920.5350616,-5.528669426270012,0.24353453124555172,-2.59050529416768,0.47037926938355235,-0.015301844347208049,0.0414236347881848
1785122920.539848,-5.530602647629544,0.24260004345341743,-2.589748509403632,0.4703786235938516,-0.01510197114208392,0.041615770206471794
1785122920.5478933,-5.532520705365593,0.24168557273912264,-2.588935152656879,0.47038408209009036,-0.014889401663479816,0.04183393445105235
1785122920.5500786,-5.5344242164454,0.24079106412563353,-2.5880732188662896,0.4703968844134072,-0.014644160816577474,0.04206487734567731
1785122920.5554607,-5.536314142779908,0.23991646318808674,-2.587171771780344,0.47041812397408456,-0.01435825401937602,0.042299881878517076
1785122920.5654435,-5.538191147333413,0.2390617971614474,-2.5862360902369956,0.47044835904261195,-0.014033444053351109,0.04253474137201863
1785122920.5718348,-5.540055719840749,0.2382270998369473,-2.5852694275656862,0.4704877765399103,-0.013674536519303187,0.042767564023260596
1785122920.5728886,-5.541908245197016,0.23741238043772236,-2.5842739412453835,0.470536295951035,-0.013286519740042597,0.04299768094884624
1785122920.5773277,-5.543749041825411,0.23661761265051073,-2.583251188947031,0.47059363897565976,-0.012873537397219371,0.04322509462467907
1785122920.5807939,-5.545578384087035,0.23584273244867876,-2.582202396507512,0.4706593797090033,-0.012438677365857388,0.043450191627752606
1785122920.5853508,-5.547396516000343,0.23508763939074417,-2.5811286049737974,0.4707329834459718,-0.0119840846442066,0.04367358488734787
1785122920.590449,-5.549203660065834,0.2343521989842045,-2.580030752907675,0.47081383834308616,-0.011511171940241762,0.04389601987116174
1785122920.5971196,-5.551001211287933,0.23363536183128164,-2.578880361581071,0.4709006599006671,-0.0110312174924606,0.04409802561177882
1785122920.6002471,-5.5527889194263755,0.23293736196937437,-2.57769084950419,0.4709944312625598,-0.010523811399035429,0.04427562276341766
1785122920.6075904,-5.554566164457542,0.2322588035998704,-2.5764798380007283,0.471095938482266,-0.00998098722660468,0.04443266977954909
1785122920.6107302,-5.556332505047068,0.2316001545976446,-2.575258129585738,0.4712053578044863,-0.009405093087581806,0.04457297739505255
1785122920.6147528,-5.5580876279975655,0.23096173479916243,-2.5740326936254427,0.4713224613563624,-0.008801399657207477,0.04470000528089228
1785122920.619753,-5.559831306677744,0.2303437302412548,-2.5728082949567126,0.47144675087110993,-0.008175084644090485,0.044816821103767314
1785122920.625764,-5.561563370347335,0.22974621424888708,-2.5715883924373633,0.47157754827020176,-0.007530263423244552,0.04492613177330255
1785122920.6301844,-5.563283682903745,0.22916916738266696,-2.570375641537549,0.47171405991793275,-0.0068698903278689456,0.045030320486229285
1785122920.6356041,-5.564992128783748,0.22861249357991167,-2.569172180256472,0.4718554241190119,-0.006195969910692498,0.045131472307613885
1785122920.63956,-5.5666886039365275,0.22807603216818353,-2.567979795287408,0.4720007472979559,-0.005509831239317964,0.04523138819360732
1785122920.6453705,-5.568373137785124,0.2275594564117508,-2.566796593532395,0.47214903842253825,-0.004813628181992207,0.04532927831583571
1785122920.6504688,-5.57004557765559,0.2270625522733111,-2.5656253377017912,0.47229958573416103,-0.004105650284239066,0.04542588099024855
1785122920.6544209,-5.571705733726843,0.22658510486575564,-2.5644691403171644,0.4724517015950134,-0.0033854635404843543,0.04552255153715239
1785122920.6631742,-5.5733534379413,0.2261268394978494,-2.5633302063292116,0.47260467925655875,-0.002653791987192082,0.045620371254158236
1785122920.6662695,-5.574988537111467,0.22568742273204886,-2.5622101944853237,0.4727578220279524,-0.0019117275525921088,0.04572013002920719
1785122920.669087,-5.576610887672786,0.22526646537717798,-2.561110418065009,0.4729104626065441,-0.001160409364668817,0.04582233946854015
1785122920.6769388,-5.578220352067684,0.22486352571966206,-2.5600319586202698,0.473061975671283,-0.00040092150256735204,0.04592725628887035
1785122920.68003,-5.579816796444487,0.22447811237222406,-2.558975732075702,0.4732117857533204,0.0003657175862604713,0.046034908721355836
1785122920.6846955,-5.581400089328859,0.22410968661301947,-2.557942528376192,0.47335937169972503,0.001138534175552028,0.046145123664151175
1785122920.6895633,-5.582970100985398,0.22375766428784313,-2.5569330361881994,0.473504268614588,0.0019165730253832586,0.04625755399302997
1785122920.6957986,-5.584526990500334,0.22342112038650627,-2.555939349783897,0.47364577945170466,0.0026954967163448544,0.04636613641208185
1785122920.7000494,-5.586070474398416,0.22309952178390688,-2.554965400903347,0.4737839057640164,0.0034798258194041667,0.046469137009448394
1785122920.7045608,-5.587600189769035,0.222792406316073,-2.55401633034131,0.47391870801314834,0.0042709502036218745,0.04656682516983755
1785122920.7105465,-5.58911583286809,0.2224992263665252,-2.5530953099370794,0.47405014643480076,0.005067373543524803,0.046659336368245895
1785122920.715363,-5.590616781750861,0.22221841048037058,-2.5522075179181645,0.4741784218709466,0.005871149685424737,0.04674514331159305
1785122920.719968,-5.592101632299783,0.22194677151132816,-2.5513636495830325,0.47430430251827677,0.0066824349686644,0.04682022237840701
1785122920.7254064,-5.593569972817,0.22168392156775732,-2.5505640745373657,0.4744275751775671,0.007486499646462541,0.046885360030486864
1785122920.7307353,-5.595021411415084,0.22142912753956578,-2.5498085981370253,0.4745479792719954,0.00827753807607922,0.04694085598511028
1785122920.7353606,-5.596455601906573,0.22118149996101433,-2.549096961837405,0.47466524294925594,0.009053541159512318,0.046986648429358506
1785122920.740166,-5.597872238813835,0.22094006609234368,-2.5484288677351095,0.4747790926131946,0.009813923637587874,0.04702245126138726
1785122920.7463849,-5.599271053377669,0.22070380859192432,-2.54780399046223,0.4748892618566066,0.010558537134408621,0.04704783106417257
1785122920.74979,-5.600653139017229,0.22047155360419432,-2.5472532761991253,0.4749972643250839,0.011307379743753976,0.04706813006454173
1785122920.7561154,-5.60201830992223,0.22024203902134717,-2.546763377054945,0.475101414432726,0.01203338932853613,0.047094543257328085
1785122920.7655256,-5.603366148689203,0.22001389380678069,-2.5463171480350866,0.475199841405879,0.012722900060280744,0.047131347540906754
1785122920.7688198,-5.604696432988271,0.21978575918454765,-2.545905068493237,0.4752913889045447,0.013376806951567323,0.047178557009790276
1785122920.7712612,-5.606009047713554,0.21955633939013575,-2.5455216346342806,0.47537541252452536,0.014000798007938995,0.04723415982027068
1785122920.775399,-5.607303955682919,0.21932442517709339,-2.54516354652364,0.4754516251039788,0.014600860904245165,0.047295282014146775
1785122920.7800634,-5.608581184013105,0.2190888924607193,-2.544828722433862,0.47551998858021555,0.015181650483721157,0.04735877666610415
1785122920.7855241,-5.609840816601783,0.21884869164691503,-2.544515761936776,0.47558063740987294,0.01574616796911265,0.04742152586180327
1785122920.7924657,-5.6110829889568725,0.2186028354193634,-2.5442236541872694,0.47563382274270394,0.01629596040842359,0.04748059866753881
1785122920.7948687,-5.6123078845009085,0.21835038996233005,-2.5439516205548554,0.4756798702242997,0.0168314845631044,0.0475333363172961
1785122920.7997553,-5.6135122040262155,0.21809276064983665,-2.5437502629922304,0.4757220691550574,0.017360255165908473,0.0476137560104299
1785122920.807712,-5.614697295239785,0.2178287707517437,-2.543603866800294,0.47575948279239927,0.017869906554043313,0.04771778844989094
1785122920.8104205,-5.61586566520956,0.21755581420858647,-2.5434864294534707,0.47579014195996955,0.018357226134070925,0.047833312216432264
1785122920.815169,-5.617019142365638,0.21727130933837796,-2.543382755685499,0.47581258415458694,0.018822829021488404,0.047953037649042234
1785122920.821154,-5.618159875490114,0.21697357847073273,-2.543282392879395,0.4758261210903136,0.019271051657477185,0.04807076008192848
1785122920.8259003,-5.619289670875451,0.21666122689500386,-2.543178291340204,0.4758305119925758,0.019704468137014174,0.048181815523003865
1785122920.8303525,-5.620410062645849,0.2163330538331129,-2.5430654989716612,0.47582582189316164,0.020124466267219938,0.04828271121937324
1785122920.8368044,-5.621522399429248,0.2159879901485523,-2.542940378135663,0.4758123439374891,0.020531300262982267,0.04837077147338252
1785122920.8433702,-5.622627891927713,0.21562505663606057,-2.542800180950663,0.4757905346980137,0.020924577098691152,0.048443976036066205
1785122920.8464007,-5.6237276511067655,0.21524333856206745,-2.5426428039264954,0.4757609618719325,0.021303585311230392,0.048500871234823155
1785122920.8509665,-5.624822978720648,0.21484169758133956,-2.5424554838006515,0.47572356350978595,0.021664152958451657,0.04853576590430921
1785122920.8554497,-5.625914743227865,0.21441942954705132,-2.5422409585712527,0.4756793418436974,0.022008741330868775,0.04854739088256824
1785122920.8668396,-5.627003666753982,0.21397595100031905,-2.542004041526083,0.4756295444769224,0.022337902456226747,0.04853636473595188
1785122920.8676848,-5.62809045341245,0.21351067192058215,-2.5417475120690756,0.47557527510164305,0.02265052021074971,0.04850353675010984
1785122920.8700109,-5.629175810314516,0.2130230041077852,-2.541473078697299,0.4755175116816973,0.022944943077357415,0.04844992656113842
1785122920.8758683,-5.630260452677353,0.21251236908443114,-2.5411818883952972,0.4754571206414031,0.023219538641284787,0.04837669835674045
1785122920.8826668,-5.631345102319805,0.21197820606015516,-2.5408747965218614,0.47539486785665763,0.023472904524645313,0.04828513927352712
1785122920.8868432,-5.63243048284707,0.21141996169138666,-2.540552450378656,0.47533143461156513,0.023703825275518068,0.04817659911225412
1785122920.8900228,-5.63351728994309,0.21083698030641837,-2.5402149407827896,0.4752675308043747,0.023909786142482087,0.04805199368825052
1785122920.8970404,-5.63460590258944,0.21022843200468203,-2.539869308215577,0.47520481195814984,0.02408530158162796,0.04791366396365421
1785122920.9008203,-5.635696716770613,0.20959374982521445,-2.539512520014657,0.4751444199808124,0.0242167094390651,0.04775995499567006
1785122920.9063108,-5.6367927829478885,0.20893291289629443,-2.5391358450929755,0.4750902945685045,0.024271909626575525,0.04757300052760546
1785122920.9111354,-5.637891679997033,0.2082440131164439,-2.5387458250045714,0.4750347094319628,0.02436955618210346,0.04739754368660362
1785122920.9169638,-5.638994960373836,0.20752808435929776,-2.5383363780328705,0.4749842580032731,0.0243843581186182,0.04720063862260239
1785122920.9276378,-5.64010258447468,0.2067838688773226,-2.5379095047961764,0.4749359260044976,0.02440461033763828,0.04700293156445567
1785122920.9296625,-5.641216192028196,0.20601210110065743,-2.5374615344204754,0.47489397563057884,0.024360108439178664,0.046785066614644724
1785122920.9316773,-5.642332327487966,0.20521128793198212,-2.53700052819456,0.47485190599376315,0.024344998711334775,0.04658510680382851
1785122920.9445286,-5.643455763615028,0.20438392404768468,-2.536514238197571,0.4748226480197252,0.024169149655906497,0.04633672152870992
1785122920.9461865,-5.644582924838096,0.20352693537298885,-2.536015369756125,0.4747925441199826,0.024100392250817376,0.046118094227708434
1785122920.9479318,-5.645715499014956,0.20264178715052106,-2.5354962224520743,0.4747675851835297,0.02397058950946088,0.04588100380532768
1785122920.9501994,-5.646852757900979,0.20172832634930415,-2.5349593492312783,0.47474687147131966,0.023824647905792234,0.04563914488463327
1785122920.9561694,-5.6479969452646515,0.2007887773631929,-2.5343988053975885,0.4747392248032867,0.023532412842756954,0.04535496512630374
1785122920.9647183,-5.649143645589582,0.19982059294857463,-2.5338284693740856,0.4747311014920421,0.02334912838488266,0.04510808302291275
1785122920.9666073,-5.650291559353472,0.19882610051118474,-2.533245968381366,0.47472934501701974,0.02308743836130173,0.04486203888190676
1785122920.9693003,-5.651443866886881,0.19780624006603775,-2.532645947244722,0.47473819230083764,0.02275256090015778,0.04459647518327878
1785122920.975766,-5.652594136986045,0.19675941123001897,-2.532041896777065,0.4747463213444173,0.022482360162373354,0.044370848381984615
1785122920.9805188,-5.653747158985311,0.19568940866644394,-2.5314196061724266,0.47476928709889477,0.0220252134712044,0.044099469067421314
1785122920.9851491,-5.6549035708035955,0.19459466203963643,-2.530784192825618,0.47479834967142087,0.021614142789332526,0.043830309211771765
1785122920.9904351,-5.656056192029246,0.19347429159223103,-2.530149306473557,0.4748226877493115,0.021319131064002673,0.043617115035557014
1785122920.9949932,-5.657206794385573,0.19233240114139552,-2.5294862513184246,0.4748529235396454,0.02087757302950303,0.04338020542547034
1785122920.9999413,-5.65836099746945,0.19117046704087753,-2.528793479418516,0.47489569461477615,0.020302285174414774,0.043083072187971465
1785122921.0055974,-5.6595133657328605,0.18998541344072928,-2.528098036040424,0.47493331128687766,0.019906338507100337,0.04282407450675207
1785122921.0125093,-5.660663131530653,0.188780227597303,-2.5274016581330865,0.4749737681609209,0.01946378947464702,0.042558011956009195
1785122921.0157428,-5.661814302306189,0.18755675820560874,-2.526701962291809,0.4750218040893425,0.018965674981066046,0.042259468255654055
1785122921.0203576,-5.662962444373754,0.18631536947271488,-2.526013990596055,0.47506714395104144,0.018544489730128136,0.041980428152267706
1785122921.026129,-5.664112412560356,0.1850602513462263,-2.5253259834861623,0.47512411238828994,0.01796820948770556,0.04164095832633522
1785122921.0296662,-5.665265095594034,0.1837905135001433,-2.524643596712583,0.475184380736943,0.01745358330439653,0.041285205767502754
1785122921.034541,-5.666414357878484,0.18250579405938072,-2.5239791849127733,0.47523788748277995,0.017065036381495965,0.040961987103655735
1785122921.0418963,-5.667565200321735,0.1812105569545702,-2.523318919673622,0.4753002291271611,0.01652755151295984,0.04058317975768206
1785122921.0458152,-5.668713914913706,0.1799024901994351,-2.5226863104434485,0.4753600292046315,0.0160902194899933,0.04021856662466757
1785122921.0499856,-5.669863887020915,0.17858508720576932,-2.5220663522401523,0.4754279192153701,0.015534067666041483,0.03980634098517919
1785122921.0552537,-5.671015987877213,0.17725752784041812,-2.5214566672300625,0.4754955658014422,0.015046586725677165,0.03938589477759612
1785122921.0639787,-5.672163901637551,0.17591929040793142,-2.520864548335006,0.47555298511890437,0.014678986463510683,0.03900261004794661
1785122921.069163,-5.673312715990217,0.17457465632384303,-2.5202726615322093,0.47561605434215304,0.014152027339317174,0.038565461020058756
1785122921.0724413,-5.674463334655317,0.1732224412248758,-2.519683056576138,0.4756771174860926,0.013674618834366548,0.03811369540002879
1785122921.0749233,-5.675611643522596,0.17186259652206773,-2.5191013840799683,0.47573004771822064,0.013268921396815899,0.03767566351915543
1785122921.0801823,-5.676761505039119,0.17049731866272572,-2.5185190762954908,0.47578179153059014,0.01284404067485856,0.03721252734842936
1785122921.0868177,-5.677909160274296,0.16912613667498716,-2.517941989813699,0.47582625839506787,0.012459194976442154,0.03675425180556235
1785122921.0907893,-5.679060330091849,0.1677516707289155,-2.517359044071478,0.47587314859831525,0.012001424432549998,0.03624907358458022
1785122921.097254,-5.680212207246381,0.16637063616600123,-2.516785735563145,0.47590729108224217,0.011733560541206965,0.03576953070346983
1785122921.1022077,-5.6813640413941915,0.16498582814449708,-2.516215064079437,0.4759364303551126,0.011431512014953444,0.03527849579364051
1785122921.1046708,-5.682520070412403,0.16359929944642154,-2.515636465191388,0.4759679429456673,0.011037103478888264,0.03474405132285543
1785122921.1114383,-5.683674990512964,0.1622079656677811,-2.515060014717801,0.4759871572859131,0.01079460214120177,0.034248750419321926
1785122921.11522,-5.684828266045074,0.1608145311307686,-2.5144817907307977,0.47600135573621727,0.010504520067398247,0.03375405418406564
1785122921.1207473,-5.685984868599135,0.15942152725312164,-2.513894376862265,0.47601737887953455,0.010121821516223184,0.033226072421939847
1785122921.1281803,-5.687140595434071,0.1580264455806705,-2.5133048366382225,0.47602097756508394,0.009883252394442184,0.032742686448809434
1785122921.1327748,-5.688295192209053,0.1566314517756776,-2.512711306441176,0.4760194051096702,0.009606852285249304,0.032264927744479276
1785122921.1355333,-5.689453405148052,0.1552384904423377,-2.5121096175476483,0.4760196157376286,0.00925541000789161,0.03175834377523385
1785122921.1420283,-5.690610739623738,0.15384375388965446,-2.511508759147344,0.47600878470548835,0.009053855161275307,0.03129415254387687
1785122921.1453998,-5.6917671077837,0.15244972483242708,-2.5109075172581083,0.4759939137302705,0.008815474857547924,0.030835947777543664
1785122921.149848,-5.692925524967477,0.1510573779403074,-2.5102912080728226,0.47597703417193227,0.008542153240391658,0.030363191111668797
1785122921.1553495,-5.6940849300590894,0.14966567355915925,-2.509668830252577,0.4759547004847879,0.008302611709182657,0.029898017389631354
1785122921.1647546,-5.6952440803089175,0.14827477138754866,-2.5090501637364206,0.47592745963411615,0.008072869515641706,0.02944465324229994
1785122921.1681554,-5.6964044930505064,0.1468864562360087,-2.508441134684984,0.4758990758165976,0.007817948005550445,0.02898897861348081
1785122921.1717124,-5.697566280670267,0.1455009406359748,-2.507846434376812,0.47586950940914097,0.007563050625937605,0.028535997687114168
1785122921.1761582,-5.698728213280287,0.14411763420358542,-2.507270126926591,0.4758368330746247,0.007345667201406639,0.028099641443591606
1785122921.1797636,-5.699892843774813,0.14273957602445192,-2.506712900449239,0.47580774779886326,0.0070552536652638016,0.02764685734923816
1785122921.1857653,-5.701057629156957,0.1413640302614454,-2.506178882706569,0.47577486455262913,0.006846908852968861,0.027219664740695777
1785122921.1924512,-5.702223744303764,0.13999339793235505,-2.505668258251724,0.47574329479945227,0.006608143507562982,0.026792107967387957
1785122921.1960554,-5.70339114907171,0.1386277531232067,-2.5051824123165516,0.47571250356223327,0.00636661424827782,0.02636835759348745
1785122921.1994996,-5.704556747888927,0.1372684547251271,-2.5047271345191735,0.4756829078814095,0.00611528706265919,0.025965467949535203
1785122921.2050014,-5.705720894311,0.13591581771542657,-2.504302710512772,0.4756546132320259,0.0058704337544947735,0.025573898240806716
1785122921.2104461,-5.7068846864854175,0.1345695676097224,-2.503906603301156,0.4756276746591587,0.005642090564677518,0.02518293123866198
1785122921.2148464,-5.70805022056723,0.13323040800163063,-2.503535385207999,0.4756043803184657,0.00540081638570888,0.02477519042714928
1785122921.2207792,-5.709215410467455,0.1318960079217373,-2.503190814509236,0.4755776548869187,0.005265184855377034,0.0243861372693221
1785122921.2259655,-5.710380480580178,0.13056810389282333,-2.5028694536946743,0.47555254998985064,0.0050942792562433505,0.0239864108954319
1785122921.2294922,-5.711549406162462,0.12924835844840876,-2.502566952992282,0.4755338094512574,0.00486204897761538,0.023550638136809094
1785122921.2357204,-5.712718722131745,0.1279333451539799,-2.5022865102664156,0.4755109816586544,0.004743444656914333,0.023134705653323633
1785122921.2392597,-5.713890890329177,0.12662603939767583,-2.502023316111031,0.47549172979297377,0.004568540700749931,0.022697026872594422
1785122921.2478886,-5.715066527683022,0.12532374686913114,-2.501799632099535,0.47547170815701434,0.004480431366473905,0.022265631403335394
1785122921.2499313,-5.71624709393505,0.12402843001079422,-2.5015983750467434,0.47545760237081874,0.004320473840065288,0.021811901341099043
1785122921.25537,-5.717431658530206,0.12273907288462277,-2.501407930560735,0.47544369479645,0.004192579642872891,0.02136915461470613
1785122921.263777,-5.718615427954012,0.12145456876034803,-2.501224080998436,0.4754238523495063,0.0041181341178075075,0.02096789047482861
1785122921.2665448,-5.719801027316212,0.12017748490922207,-2.501034349399595,0.47540717750034694,0.0039331558531714335,0.02055665222259442
1785122921.27088,-5.7209899742229045,0.11890714498044105,-2.5008347944734743,0.4753911291987267,0.0037360035137825828,0.02014822481313413
1785122921.2751834,-5.722178383908028,0.11764109224658448,-2.500628573691115,0.47536571868105076,0.003664661768744725,0.01979453629804042
1785122921.2808375,-5.723365875186183,0.11638120664350458,-2.5004102074450993,0.47533687694217197,0.003554588436775749,0.01946118667742882
1785122921.2854264,-5.724555829742361,0.11512856359820468,-2.500172907684088,0.4753098775736123,0.0033711590634193083,0.019119922358882317
1785122921.292387,-5.725745138417441,0.11388080363791735,-2.4999216722830737,0.47527534532179505,0.003278143233021078,0.018820990608783228
1785122921.295229,-5.726932899996041,0.11264107204302579,-2.499627443180435,0.47523741625474036,0.00311649334951202,0.018532546892420766
1785122921.3008049,-5.728117977380986,0.11140671937656403,-2.499301303920852,0.47519163901227945,0.003013141228361868,0.018272018370270496
1785122921.3054225,-5.729301966667906,0.11017914159365169,-2.498956457501515,0.4751438584687434,0.0028770122923446636,0.01800865763391098
1785122921.3107843,-5.730487912115875,0.10895913009234762,-2.498600309245266,0.4750974907726958,0.0027210430666209577,0.017728232453065637
1785122921.315361,-5.731675699236508,0.10774593096320187,-2.498238954767773,0.47505087481879676,0.0025927061896073877,0.017443968320725763
1785122921.320193,-5.732864836863745,0.10653957680237944,-2.4978759865506146,0.475004426515214,0.0024771492698137144,0.01715721536334124
1785122921.3258686,-5.734056549692827,0.10534069039352188,-2.4975121323527434,0.474960778777682,0.002349399870343283,0.016857347659479535
1785122921.3297596,-5.735252131079655,0.10414928208110623,-2.4971480061118005,0.47492046066931604,0.0022287037250475145,0.016545050578034924
1785122921.3352635,-5.736448955124904,0.10296439390565634,-2.4967880697791296,0.4748794769949114,0.0021550646409060612,0.016243596645172744
1785122921.3418374,-5.737649464545419,0.10178764453394608,-2.496427536556156,0.47484509816086184,0.0020132895534469,0.015915791724288482
1785122921.350385,-5.738858538768705,0.10061645863941085,-2.496087700082012,0.47481665598272366,0.0019232464138332253,0.01556662866443131
1785122921.3509767,-5.7400721400285795,0.09945010736386381,-2.4957619912153786,0.4747891753656044,0.0018863162374588738,0.015235708558246812
1785122921.3573835,-5.741290690293576,0.09829078749807975,-2.4954324322994865,0.4747689111444994,0.0017558565046227263,0.014896037727831178
1785122921.363053,-5.74251437318119,0.09713810662316057,-2.4950922758964094,0.4747530869337773,0.0016039313711807355,0.014565177223504295
1785122921.3648243,-5.743738602344713,0.09598956314620494,-2.494734818810293,0.47473250479179824,0.001547231320883936,0.014291736653728961
1785122921.3697898,-5.7449627124236455,0.09484693505682343,-2.494357237939128,0.4747120745102974,0.0014411037738984406,0.014046751066392133
1785122921.3755813,-5.746189616113104,0.09371170424879655,-2.4939606406325314,0.4746962997095674,0.00125553546287723,0.013805292927790393
1785122921.380019,-5.74741835126977,0.09258223053581137,-2.4935443208190122,0.47467934282778235,0.0011176230021936768,0.013598327702716176
1785122921.3852193,-5.74864489612735,0.09145713846732884,-2.493101864730641,0.4746573596405972,0.0010331273634692601,0.013444339226992504
1785122921.3906708,-5.749872412827715,0.0903393116034871,-2.4926350428877657,0.4746392492107072,0.0008541761576666849,0.013294576302036341
1785122921.3949423,-5.751103363938284,0.08922858276515984,-2.4921452690653805,0.4746231963953165,0.0006655156791218679,0.013152671099795083
1785122921.3991442,-5.752334290636751,0.08812278517400712,-2.491632260309449,0.4746015693912974,0.0005801327062572608,0.013061339216272408
1785122921.4048543,-5.753564895287127,0.08702375348780872,-2.4910976000437577,0.4745797546621372,0.00046346406629447514,0.012993518716491577
1785122921.4105139,-5.754798112374382,0.08593297111782675,-2.490543979101989,0.47456253345467003,0.0002860017498455543,0.012925745900140909
1785122921.4146771,-5.756030775042831,0.08484793871329402,-2.48996844900107,0.47454242014108705,0.00018311859309205351,0.012898924325584262
1785122921.4193807,-5.757263769530044,0.08377009000418573,-2.4893687285681994,0.47452411955650986,5.337989440650466e-05,0.012887512795758154
1785122921.4260802,-5.758498472104106,0.08270032587791411,-2.4887496210886533,0.4745092318931361,-0.00010976340167792656,0.012883110126320516
1785122921.4294555,-5.759733025823286,0.08163726464989675,-2.4881120515337054,0.4744928420543383,-0.00021336312233693106,0.012911796785068012
1785122921.434736,-5.760969465218524,0.08058291022732464,-2.4874565515726865,0.4744807924161746,-0.00036612236801815797,0.01294154454058217
1785122921.4402702,-5.762207359472056,0.07953685351081193,-2.486790473984266,0.47446974639484024,-0.0004885513201166115,0.0129900258328503
1785122921.4451332,-5.763443580429398,0.07850064356415123,-2.486086084180562,0.47445542617969644,-0.0005943463552935749,0.013064124327856004
1785122921.4497328,-5.764678300720419,0.07747462374353438,-2.485357824109509,0.4744399229057323,-0.0006917314252041355,0.013144173571102969
1785122921.4555402,-5.765914729780683,0.07645946069377833,-2.484620242555467,0.47442933944418236,-0.0008132355480848631,0.01319907388129022
1785122921.4622002,-5.767152679797172,0.0754539342674212,-2.483886413963165,0.47442040678738984,-0.000861414092698865,0.013249994053150709
1785122921.4656734,-5.768392099013644,0.07445843305251651,-2.483161820002828,0.4744150017758453,-0.0008801481255238244,0.013289540818407719
1785122921.4699497,-5.769633904981011,0.07347352613385567,-2.482448253407865,0.47441610782037635,-0.0009115852294401373,0.013304010452103441
1785122921.4753387,-5.770878323092988,0.07249882313612895,-2.4817484497374513,0.47442273744739366,-0.0009208588718077729,0.013300604646972854
1785122921.4792924,-5.772126068424796,0.07153458167731815,-2.48106278326378,0.47443590749996295,-0.0009267059468127672,0.013274863299386267
1785122921.4851005,-5.773376610125822,0.07058040251643195,-2.4803929512694363,0.47445394762598486,-0.0009102336150101912,0.013236002070825401
1785122921.4908192,-5.774629857717047,0.06963600329420051,-2.479739334337101,0.4744760055437958,-0.0008634159994142347,0.013188517680396595
1785122921.4954371,-5.775890797265218,0.06870015136456825,-2.47911187054188,0.4745047313940292,-0.0007944715858342058,0.013108236100118376
1785122921.49955,-5.777157795733576,0.06777247530807258,-2.478504459685066,0.4745376509825958,-0.0007073281553901043,0.013020582212252127
1785122921.5049515,-5.778428733691609,0.06685329932694542,-2.477910096765576,0.4745727259030802,-0.0006085741567107196,0.01294453868867919
1785122921.509988,-5.779702755934762,0.06594329024735517,-2.4773239166636705,0.4746101118290585,-0.0005295312183859084,0.012881025993004957
1785122921.5149422,-5.780977678120352,0.0650418038309194,-2.476744672493586,0.47464658351440114,-0.00043747751492012783,0.012846114883676126
1785122921.5195005,-5.782254532900822,0.06414992896964272,-2.4761686430683953,0.4746850019394362,-0.0003841412185391523,0.012822328906191432
1785122921.5255911,-5.783531491267015,0.06326609241535755,-2.475595755717242,0.4747200705563067,-0.0002778428371531094,0.012835818432282018
1785122921.5300617,-5.784807360343811,0.06239035371629411,-2.4750222932338457,0.47475204172945407,-0.00016024708168960546,0.012882190572668865
1785122921.5351422,-5.7860828607655765,0.06152373338457172,-2.4744501972569903,0.4747830373016318,-7.065817292816694e-05,0.012947450649950107
1785122921.5400827,-5.787357804875383,0.06066567154087169,-2.4738795448827773,0.47481146186824846,3.412061248122106e-05,0.013038069614964874
1785122921.546815,-5.788632462924711,0.059815147479751495,-2.4732976638625184,0.4748357611635191,0.00014926884497541018,0.01314736660825614
1785122921.549852,-5.7899069280811615,0.05897235590641154,-2.4727095785709645,0.4748566681205897,0.0002618257728402231,0.013272867709007206
1785122921.554823,-5.791180880877133,0.05813774754644015,-2.4721220339903276,0.4748750440355542,0.0003710205990361203,0.013414668821644223
1785122921.5630481,-5.79245399027755,0.0573116137952278,-2.4715391103737625,0.4748915091417935,0.00048103301272944577,0.01357204917225753
1785122921.5657327,-5.793725918493812,0.05649409112990949,-2.4709631914182135,0.4749065352484186,0.0005963275701579587,0.013743713688220322
1785122921.570193,-5.7949963447019845,0.05568523256630261,-2.470395688514295,0.4749205051048971,0.000720107297791376,0.013927972003822607
1785122921.5759704,-5.796264967658571,0.05488504011065259,-2.469837435643413,0.4749337424364861,0.0008542104012983903,0.014122899581531146
1785122921.5801136,-5.797531501875522,0.05409347949808675,-2.469288908583439,0.4749465263322733,0.0009994186296920604,0.0143264672089296
1785122921.5850005,-5.798795670738921,0.05331048348289902,-2.468750283964793,0.4749590998220027,0.0011557810044858807,0.014536627073530147
1785122921.59062,-5.800057197824638,0.052535950819923974,-2.468221451064707,0.4749716763209315,0.0013228993743254489,0.014751367570287275
1785122921.5958247,-5.801315114924007,0.051770051160223034,-2.4677280632300542,0.4749872410048856,0.00150675945196434,0.014979524296146188
1785122921.5998034,-5.802570211145269,0.05101301377718822,-2.467258816541122,0.47500700575370086,0.001676822889631197,0.015212184395092492
1785122921.604723,-5.803822365732244,0.05026447040239469,-2.4668022857739023,0.4750273337273232,0.0018612335068651366,0.015457454322368638
1785122921.6102471,-5.8050715140939735,0.049523498640592474,-2.466346175708682,0.4750456286168825,0.0020813559510373253,0.015720348924796658
1785122921.6151142,-5.806317247047041,0.04878992154123661,-2.4658840765299628,0.47506144133169276,0.0023147094761964706,0.015996069774058423
1785122921.6194181,-5.807559675202356,0.04806333027634078,-2.4654095926354187,0.4750753362853766,0.002545445214215774,0.016276335389416863
1785122921.6252654,-5.80880021203628,0.047343327124319955,-2.4649209763817677,0.47508789098915577,0.002772522129446157,0.016554784310227486
1785122921.6298287,-5.810038373378972,0.04662900269308095,-2.464417840923248,0.47509558721781875,0.0030420902522820385,0.01684754828620829
1785122921.6347382,-5.8112743544051435,0.04591999637530983,-2.4638975205230054,0.475099824412574,0.0033212176456208745,0.01714546865725093
1785122921.6406817,-5.812508314613611,0.0452157682153802,-2.4633580802967616,0.47510143488060985,0.0036000736446550573,0.01744356214842078
1785122921.6456125,-5.813737612707481,0.04451552647132663,-2.462771209388826,0.4750992080505141,0.0038457321922922504,0.017739394456152278
1785122921.6503196,-5.814962466900096,0.043818750311609894,-2.4621483551222125,0.4750947494819826,0.004083040706157386,0.018019670102360337
1785122921.6552489,-5.816183780785244,0.0431251486615486,-2.4615046854033027,0.4750899854481076,0.004331396444306185,0.018276931533109237
1785122921.6666934,-5.817402132310085,0.04243446958529068,-2.460849019672432,0.4750862722249887,0.0045957858052306745,0.01850881364604705
1785122921.6678107,-5.818617902427691,0.04174644567338726,-2.460186706295547,0.47508452286736846,0.004874656432977278,0.01871552167470552
1785122921.6695545,-5.819831347657309,0.04106077516709046,-2.459521163368438,0.4750853082969539,0.00516405383791609,0.018898571514723767
1785122921.6755853,-5.821042642927431,0.040377119849250936,-2.4588547103839957,0.47508893495018834,0.005459633321649341,0.019060146226677243
1785122921.6802363,-5.822251908224951,0.03969511020379007,-2.4581890208705404,0.4750955047651817,0.005757525789091762,0.019202753835947363
1785122921.684342,-5.8234592260289535,0.03901435317290325,-2.4575253708827027,0.47510496256085216,0.006054619239140165,0.01932903380946193
1785122921.6896532,-5.824664653210503,0.03833444026769321,-2.456864776802582,0.4751171343634345,0.006348564846175791,0.019441638448848452
1785122921.6945724,-5.825872729558082,0.03765277485283611,-2.4562133287930723,0.4751334376650961,0.00665398305114177,0.019520525257329457
1785122921.7021024,-5.827082436234558,0.0369692951057386,-2.455567331192766,0.4751531427870858,0.006953945089912424,0.019584243732822432
1785122921.704978,-5.828291684442847,0.0362844476719873,-2.4549231538438443,0.4751750284193517,0.007236267223366898,0.019650805509003468
1785122921.7113798,-5.82949908164207,0.035598380034940084,-2.4542790431155708,0.4751981432687818,0.007498073023326327,0.01972971415500524
1785122921.715042,-5.830703673883883,0.03491107925082207,-2.453634154521803,0.47522175965860447,0.007740826104038447,0.019825783282878814
1785122921.720054,-5.831904792941455,0.03422245450997354,-2.4529880723830493,0.47524533222210846,0.007967572021641669,0.019941164099338313
1785122921.7253938,-5.833101963036984,0.0335323853306776,-2.4523405749079776,0.47526846390014993,0.008181540879581619,0.020076436442576624
1785122921.7295744,-5.8342948421425875,0.032840748710819635,-2.4516915231175984,0.4752908779547359,0.008385530861419445,0.020231208777107126
1785122921.7352853,-5.835483183801687,0.03214743344117034,-2.4510408120454708,0.47531239433738326,0.008581710497232697,0.020404460088302104
1785122921.7397568,-5.836666811463494,0.031452346660408005,-2.4503883528911734,0.47533290924063837,0.008771627070060215,0.02059474565848546
1785122921.7458372,-5.837841588374352,0.03075647635847366,-2.4497559606862165,0.47535531331001607,0.008945858415698182,0.020825131931968693
1785122921.74935,-5.8390080792818955,0.03005942883795401,-2.4491273005172354,0.47538185890826956,0.009070467800280296,0.02107201456991041
1785122921.7546046,-5.840170319416025,0.029360432527754384,-2.448497543032248,0.47540956533300155,0.00919983914735411,0.021332045978318205
1785122921.7619267,-5.841326717987824,0.028657725847691738,-2.447845732045294,0.47543212646100996,0.009390477966418355,0.021624985087662713
1785122921.7651157,-5.8424778789108585,0.027951754434202728,-2.4471676915282683,0.4754526140342658,0.009569637209071643,0.021925319002163667
1785122921.7696867,-5.843625282092292,0.027242650675662207,-2.4464643747074764,0.4754732934498213,0.00970855740309156,0.022215252526159853
1785122921.7753458,-5.844772104190541,0.02652991905889462,-2.445742106122881,0.4754923720986255,0.009857983857980965,0.02250149302765911
1785122921.779966,-5.8459167015085995,0.025812757163927984,-2.4449989157461265,0.47550429183100273,0.010072005388081052,0.022810662059081912
1785122921.7849665,-5.847059297227043,0.025091785600108444,-2.444233565794376,0.4755130598899402,0.010269560358034049,0.02311912155561285
1785122921.792151,-5.848199673909029,0.024366051350673146,-2.443433917507773,0.47552056925453895,0.010434975569293561,0.023415689921680298
1785122921.7954235,-5.84933943446357,0.023635927946955168,-2.4426025798170463,0.4755278640870453,0.010563556103580132,0.02369390758847898
1785122921.8004463,-5.850477629424612,0.022899875302705503,-2.4417343715860285,0.4755309680993475,0.010724269510763142,0.02397341433459993
1785122921.8048697,-5.85161485615269,0.022157987295079267,-2.4408326267847573,0.47553224504841896,0.010880218766272817,0.024241891345890172
1785122921.810113,-5.852753518633901,0.021410627347276508,-2.4399066193095877,0.47553424853655835,0.011012143175134919,0.024487834600237946
1785122921.8159215,-5.8538922392477755,0.020656235881917374,-2.4389499390725575,0.4755332215066759,0.011179659648030141,0.024733414298527268
1785122921.8189435,-5.855031263003118,0.019895126807832206,-2.4379644512621192,0.47553177016261355,0.011335117027640566,0.02496700577013436
1785122921.825187,-5.856172787176438,0.019127846689068327,-2.4369588828428377,0.475532719038188,0.011455185187333147,0.025176762501022562
1785122921.8301842,-5.857315723656314,0.018353839275115878,-2.435941067846582,0.4755320887754207,0.011603795344689138,0.02538677094149749
1785122921.8352146,-5.858461952485188,0.01757389209408488,-2.4349150806860633,0.4755342911559046,0.011717408181038965,0.025576220586913
1785122921.8392928,-5.8596099576893605,0.01678727527267242,-2.4338846124825686,0.47553576852219087,0.011852630455183862,0.025766610550948806
1785122921.8453543,-5.860761491250288,0.01599465820856781,-2.432842819550833,0.47554013567472586,0.011946868232658557,0.025934134147754487
1785122921.850065,-5.861915167339177,0.015195321097291544,-2.431797373530061,0.47554363425717877,0.012066993578538413,0.02610136850435719
1785122921.8551612,-5.863072429021946,0.014389625555152469,-2.4307485790038648,0.4755506985021309,0.012155460990742151,0.026249227180279864
1785122921.8635626,-5.864231639072603,0.013576914313416713,-2.429703326401286,0.47555766982966174,0.012272108331956128,0.026401049831374902
