t,x,y
1785124102.5048041,3.787331871132365e-05,1.179794858763176e-06
1785124102.505888,3.7873184674690045e-05,1.1797837989591918e-06
1785124102.507629,3.7873046779381314e-05,1.1797723509498413e-06
1785124102.5112104,3.7872914544601615e-05,1.1797613768605728e-06
1785124102.5163946,3.787278190943056e-05,1.1797504711947012e-06
1785124102.522066,3.787264498582879e-05,1.1797392936901627e-06
1785124102.5262961,3.7872510708622906e-05,1.1797284388960636e-06
1785124102.5317478,3.7872384608656635e-05,1.1797182527361754e-06
1785124102.538507,3.787225164663893e-05,1.179707419450271e-06
1785124102.5421894,3.787211582211897e-05,1.179696414325053e-06
1785124102.5475018,3.787198199659998e-05,1.1796855259312306e-06
1785124102.5528774,3.7871848027539904e-05,1.179674709851864e-06
1785124102.5572436,3.787171501949899e-05,1.1796639834549628e-06
1785124102.5626564,3.787158434678376e-05,1.1796534421976778e-06
1785124102.567401,3.7871454477309265e-05,1.1796430445883245e-06
1785124102.5734346,3.787132361969386e-05,1.1796326345161727e-06
1785124102.5772595,3.7871186078995695e-05,1.1796217595935244e-06
1785124102.5823333,3.7871050965323864e-05,1.1796111310334753e-06
1785124102.5878208,3.7870914817268245e-05,1.17960044684398e-06
1785124102.5920584,3.787077616808683e-05,1.1795896232464513e-06
1785124102.5973744,3.787064336640049e-05,1.1795792677444358e-06
1785124102.603435,3.7870507137805825e-05,1.1795685441851389e-06
1785124102.6087713,3.787037641498151e-05,1.1795582747703976e-06
1785124102.6126788,3.7870241930665505e-05,1.1795477207472836e-06
1785124102.6270256,3.787011151725642e-05,1.1795374665577291e-06
1785124102.6299474,3.7869976844662315e-05,1.1795268575231242e-06
1785124102.6333365,3.78698434207929e-05,1.1795164291704591e-06
1785124102.6399696,3.7869706577931384e-05,1.1795056846757792e-06
1785124102.6428895,3.7869570494341945e-05,1.1794950036442972e-06
1785124102.64739,3.786943746646356e-05,1.1794846374257026e-06
1785124102.6531465,3.7869303466560596e-05,1.1794742480367583e-06
1785124102.658154,3.786916873307182e-05,1.1794638247279858e-06
1785124102.6641855,3.786903586222705e-05,1.1794535216511108e-06
1785124102.6675339,3.7868899333556584e-05,1.1794429700053737e-06
1785124102.673167,3.7868766769048365e-05,1.179432732970335e-06
1785124102.6774101,3.786863191424936e-05,1.1794223314904762e-06
1785124102.6825964,3.786849579217083e-05,1.1794118062354632e-06
1785124102.6900988,3.786836194713196e-05,1.1794015897378892e-06
1785124102.6947029,3.786822861537951e-05,1.1793914497257252e-06
1785124102.7011921,3.78680958695383e-05,1.1793812287692497e-06
1785124102.7066152,3.7867960518903376e-05,1.1793708306856924e-06
1785124102.7120347,3.786782990489281e-05,1.1793607581700762e-06
1785124102.7174485,3.7867696126217896e-05,1.1793504427309622e-06
1785124102.7183251,3.7867558188929115e-05,1.1793398241449652e-06
1785124102.7248359,3.7867423789503505e-05,1.1793296081813228e-06
1785124102.7263436,3.7867291446004044e-05,1.1793195367715068e-06
1785124102.731704,3.786715689154385e-05,1.179309282981901e-06
1785124102.7376776,3.7867021098588265e-05,1.179299041946817e-06
1785124102.7428434,3.7866887509492486e-05,1.1792890632275642e-06
1785124102.746987,3.786675332727128e-05,1.1792791233173805e-06
1785124102.7529337,3.786662099278633e-05,1.1792692948767567e-06
1785124102.7576196,3.7866483587855456e-05,1.1792591231442403e-06
1785124102.7624292,3.78663462698532e-05,1.179248946175935e-06
1785124102.7679856,3.78662098386963e-05,1.1792388258693703e-06
1785124102.7737994,3.7866078369479945e-05,1.179229160179461e-06
1785124102.7773015,3.7865944320296036e-05,1.1792194082113095e-06
1785124102.7833066,3.7865814127070796e-05,1.179209776445988e-06
1785124102.789339,3.786568432158561e-05,1.1792002799499156e-06
1785124102.7928298,3.78655485072949e-05,1.1791902511840812e-06
1785124102.7980363,3.786541378686874e-05,1.1791802367591194e-06
1785124102.8033102,3.7865281327592845e-05,1.179170529328877e-06
1785124102.807379,3.786514450938474e-05,1.1791605986479665e-06
1785124102.813374,3.7865009589374085e-05,1.1791508340536191e-06
1785124102.816896,3.786487393184813e-05,1.1791409808491089e-06
1785124102.8330853,3.786474590676477e-05,1.179131714184494e-06
1785124102.8379333,3.7864610280694085e-05,1.1791218960276527e-06
1785124102.8421886,3.786447788751058e-05,1.1791123674978853e-06
1785124102.8459437,3.786434513114106e-05,1.1791027627180996e-06
1785124102.8491044,3.786420654330209e-05,1.1790927378028279e-06
1785124102.8537207,3.786407228451873e-05,1.179083004349928e-06
1785124102.8581376,3.786393946667062e-05,1.1790732954032208e-06
1785124102.862947,3.786380606671603e-05,1.1790634558522259e-06
1785124102.8671715,3.7863670817797896e-05,1.179053430121863e-06
1785124102.8744442,3.786353904009789e-05,1.179043587654183e-06
1785124102.878986,3.786340520717765e-05,1.1790335512322061e-06
1785124102.8827555,3.786327618603522e-05,1.1790237728548349e-06
1785124102.888458,3.786314108361226e-05,1.1790135069702584e-06
1785124102.8912427,3.78630091668626e-05,1.1790034762742004e-06
1785124102.896571,3.786287543388143e-05,1.1789933623465827e-06
1785124102.9019752,3.786274375263295e-05,1.178983318404414e-06
1785124102.9070385,3.7862609309276466e-05,1.1789729766360015e-06
1785124102.911334,3.786247566820942e-05,1.178962674253294e-06
1785124102.917046,3.786234002137271e-05,1.1789522020414984e-06
1785124102.9227092,3.7862211232315017e-05,1.1789424195538402e-06
1785124102.930253,3.78620827831008e-05,1.1789326464379443e-06
1785124102.931588,3.7861948810369386e-05,1.1789225682947793e-06
1785124102.9377134,3.7861814085404274e-05,1.1789124410441213e-06
1785124102.941941,3.786168428083137e-05,1.1789026860676263e-06
1785124102.9477458,3.7861552957840184e-05,1.178892794198152e-06
1785124102.9514527,3.786141670268737e-05,1.1788824721235796e-06
1785124102.9572082,3.7861285582202054e-05,1.1788725760500352e-06
1785124102.9616034,3.7861152284269046e-05,1.1788626120725917e-06
1785124102.9662008,3.786101934056e-05,1.1788525528712828e-06
1785124102.972947,3.786088993010128e-05,1.1788428047487923e-06
1785124102.9777615,3.786075288896312e-05,1.178832377165496e-06
1785124102.9820006,3.78606209910033e-05,1.1788223548509234e-06
1785124102.987447,3.7860487962592316e-05,1.1788123216911227e-06
1785124102.991491,3.786035019272217e-05,1.1788019291872334e-06
1785124102.99746,3.786021863017879e-05,1.1787919963164117e-06
1785124103.0031583,3.7860085160635034e-05,1.1787819529364345e-06
1785124103.008341,3.785995266671446e-05,1.1787719109582427e-06
1785124103.0132806,3.785982358969545e-05,1.1787621158140242e-06
1785124103.016449,3.785968785278079e-05,1.1787517955446066e-06
1785124103.0229402,3.7859558365807134e-05,1.178741942816279e-06
1785124103.031351,3.7859423205769214e-05,1.1787318243816113e-06
1785124103.0337734,3.785928463969067e-05,1.1787213763183068e-06
1785124103.0367293,3.785915548569797e-05,1.17871164303649e-06
1785124103.0417795,3.785902306006987e-05,1.1787016540203967e-06
1785124103.0465705,3.7858887867846196e-05,1.1786915145797159e-06
1785124103.0517955,3.785875288176408e-05,1.1786813484020428e-06
1785124103.0571616,3.785861992407608e-05,1.1786712742715793e-06
1785124103.0617392,3.785848275093666e-05,1.1786609906080896e-06
1785124103.0664363,3.785834996525523e-05,1.1786511759286576e-06
1785124103.0724592,3.78582139668115e-05,1.178641110920487e-06
1785124103.0763426,3.78580818296111e-05,1.1786313469927887e-06
1785124103.0815654,3.7857945526940937e-05,1.1786212109767381e-06
1785124103.0877554,3.785781000752286e-05,1.1786111150479116e-06
1785124103.0929503,3.78576708132241e-05,1.178600729856175e-06
1785124103.0978158,3.7857537619181304e-05,1.178590809182969e-06
1785124103.1041265,3.785740346593879e-05,1.1785807091614591e-06
1785124103.1079588,3.785726716506914e-05,1.1785705096396165e-06
1785124103.1125221,3.785713169044241e-05,1.178560240825557e-06
1785124103.1172051,3.785699945236934e-05,1.1785501943567779e-06
1785124103.123653,3.7856865953715654e-05,1.178540114793317e-06
1785124103.1356564,3.785673480496421e-05,1.1785302367051503e-06
1785124103.140626,3.785659562703347e-05,1.178519904580865e-06
1785124103.1446145,3.785646128347018e-05,1.1785098764064634e-06
1785124103.1483188,3.7856330525541274e-05,1.1785001657038474e-06
1785124103.1540906,3.785618980668269e-05,1.1784897070595914e-06
1785124103.158054,3.785605645615351e-05,1.1784799052432351e-06
1785124103.1625445,3.78559190353954e-05,1.1784697731252374e-06
1785124103.1687427,3.785578357074169e-05,1.1784599093898522e-06
1785124103.174325,3.785564597248627e-05,1.1784499518481894e-06
1785124103.1773655,3.785550965249238e-05,1.1784400711249333e-06
1785124103.1830158,3.785537782979468e-05,1.1784305397619169e-06
1785124103.1877916,3.785524026552221e-05,1.1784205870760187e-06
1785124103.1930077,3.785510239155055e-05,1.178410538637108e-06
1785124103.1985104,3.785497019498646e-05,1.1784008595331861e-06
1785124103.2040055,3.78548371662439e-05,1.1783911524769637e-06
1785124103.208332,3.78547041379899e-05,1.178381425107419e-06
1785124103.2134402,3.785457043934215e-05,1.1783716917039804e-06
1785124103.2171466,3.78544358776228e-05,1.1783616845745263e-06
1785124103.2240572,3.78543030832764e-05,1.1783518302150127e-06
1785124103.2283957,3.7854173567512536e-05,1.178342234897622e-06
1785124103.2399201,3.78540414856481e-05,1.1783323865205328e-06
1785124103.2433481,3.785390831925446e-05,1.1783224231168314e-06
1785124103.2508686,3.785377301274642e-05,1.1783123318063734e-06
1785124103.2548928,3.785363825500414e-05,1.1783023017337696e-06
1785124103.2587295,3.7853500033094945e-05,1.1782919880443123e-06
1785124103.2635293,3.7853365925148396e-05,1.178281896421923e-06
1785124103.2668889,3.7853229827252165e-05,1.1782715918590352e-06
1785124103.2730992,3.785309393894458e-05,1.1782613584029836e-06
1785124103.2773676,3.785295752232233e-05,1.178251035286913e-06
1785124103.282226,3.785282516719778e-05,1.1782410513496297e-06
1785124103.2878773,3.785269202820537e-05,1.178231015776791e-06
1785124103.2931268,3.785255551441641e-05,1.178220707708676e-06
1785124103.2973082,3.785241930533191e-05,1.1782105090334704e-06
1785124103.3038418,3.785228443611013e-05,1.178200418483915e-06
1785124103.307566,3.785215100027951e-05,1.1781904493370314e-06
1785124103.3123763,3.785201522201908e-05,1.1781802774160087e-06
1785124103.317443,3.785188036937559e-05,1.178170272899366e-06
1785124103.323664,3.785174614086128e-05,1.1781604275047187e-06
1785124103.3280177,3.7851617193858264e-05,1.1781509363789237e-06
1785124103.3322496,3.7851484598501044e-05,1.178141177459627e-06
1785124103.342577,3.7851350579791286e-05,1.1781313935860651e-06
1785124103.347698,3.785121741711787e-05,1.1781217358181806e-06
1785124103.352967,3.785108190063801e-05,1.1781118714843336e-06
1785124103.3584862,3.7850948782697385e-05,1.1781022249387124e-06
1785124103.363449,3.785081382235415e-05,1.178092489065439e-06
1785124103.3676171,3.7850682494413325e-05,1.1780829169951717e-06
1785124103.3738933,3.785055101753612e-05,1.1780733584447443e-06
1785124103.3775697,3.785042111974297e-05,1.1780638378930417e-06
1785124103.3816576,3.785028732870315e-05,1.1780540482480241e-06
1785124103.3881004,3.785015509484185e-05,1.1780443944353623e-06
1785124103.392391,3.785001836937265e-05,1.1780343793515435e-06
1785124103.3978205,3.784988983645318e-05,1.1780249642727661e-06
1785124103.4036443,3.7849760184775306e-05,1.1780155714122325e-06
1785124103.4083261,3.784962885681919e-05,1.1780061192105434e-06
1785124103.412881,3.784949573262985e-05,1.1779965384596421e-06
1785124103.4188828,3.784935699647191e-05,1.1779864372486374e-06
1785124103.4244974,3.7849221173449296e-05,1.1779765213756522e-06
1785124103.4271767,3.7849088532502865e-05,1.1779667367113669e-06
1785124103.4344804,3.784895519550664e-05,1.1779569016497732e-06
1785124103.4384885,3.784882106722898e-05,1.1779469394328585e-06
1785124103.4508433,3.784868527952901e-05,1.1779369483660217e-06
1785124103.456131,3.784855522142335e-05,1.1779274836913649e-06
1785124103.4600487,3.784841647492194e-05,1.177917401583317e-06
1785124103.4624789,3.784828056823614e-05,1.177907543387054e-06
1785124103.4680617,3.784814584101982e-05,1.1778978089063033e-06
1785124103.4736657,3.784801452150187e-05,1.1778882106822797e-06
1785124103.479363,3.784788099567059e-05,1.1778785188150754e-06
1785124103.4833488,3.78477467672303e-05,1.177868693685195e-06
1785124103.4876173,3.7847615338868515e-05,1.1778591906203794e-06
1785124103.4925678,3.7847478526993555e-05,1.1778493656138043e-06
1785124103.498336,3.7847344187546396e-05,1.1778396411439891e-06
1785124103.5029325,3.784720692544826e-05,1.1778297732652228e-06
1785124103.5085986,3.784707324170585e-05,1.177820178007274e-06
1785124103.5126042,3.784693539010175e-05,1.177810286068676e-06
1785124103.517761,3.7846802802152795e-05,1.177800744204713e-06
1785124103.5257692,3.7846668066673694e-05,1.1777910376131144e-06
1785124103.528577,3.784653202179719e-05,1.1777813741255237e-06
1785124103.533717,3.784640168126818e-05,1.1777720666960937e-06
1785124103.5385005,3.784626657567616e-05,1.1777623868922047e-06
1785124103.5429325,3.784612976076426e-05,1.1777525460489502e-06
1785124103.556676,3.78459946819824e-05,1.1777428008411607e-06
1785124103.5631177,3.7845863992524966e-05,1.1777333467623619e-06
1785124103.5663323,3.784572739515783e-05,1.177723523127398e-06
1785124103.5684512,3.784559704959534e-05,1.177714209485588e-06
1785124103.5747857,3.784546562385527e-05,1.1777048893829476e-06
1785124103.577874,3.784533129372875e-05,1.1776954311517752e-06
1785124103.5827107,3.784519878936467e-05,1.1776860160833168e-06
1785124103.5894465,3.7845072550287095e-05,1.1776769519854512e-06
1785124103.5934484,3.784493597038348e-05,1.1776672883948473e-06
1785124103.5975654,3.7844801973158006e-05,1.1776578554922715e-06
1785124103.603643,3.78446649455142e-05,1.1776482529377458e-06
1785124103.609308,3.78445285594976e-05,1.1776386534237129e-06
1785124103.612631,3.7844393938859044e-05,1.1776291572175684e-06
1785124103.6175861,3.78442554906605e-05,1.177619238828729e-06
1785124103.6235383,3.784411698436686e-05,1.1776092209475975e-06
1785124103.6272843,3.784398301246565e-05,1.177599520297918e-06
1785124103.6326728,3.7843853348423517e-05,1.1775901123644718e-06
1785124103.6382825,3.784371774689186e-05,1.1775802375819213e-06
1785124103.6433337,3.7843587026859126e-05,1.1775706695256966e-06
1785124103.6489882,3.7843453704526345e-05,1.177561006315514e-06
1785124103.6576266,3.78433171465286e-05,1.1775511101479403e-06
1785124103.6598215,3.7843180813746656e-05,1.1775412367573644e-06
1785124103.6624556,3.784304656374425e-05,1.1775315134983046e-06
1785124103.6665773,3.7842913337089804e-05,1.1775217838985068e-06
1785124103.672902,3.7842778523724974e-05,1.1775118244581587e-06
1785124103.6766014,3.78426486689541e-05,1.1775022011009172e-06
1785124103.6813235,3.784251804581397e-05,1.1774925111820706e-06
1785124103.6874635,3.7842384700133485e-05,1.177482472279549e-06
1785124103.693388,3.784224801626747e-05,1.1774722718194913e-06
1785124103.6983006,3.784212231220558e-05,1.177462816364867e-06
1785124103.7037332,3.7841988021317205e-05,1.177452635751756e-06
1785124103.709044,3.784185133782774e-05,1.1774422781096e-06
1785124103.7129061,3.784171886370831e-05,1.1774322353862105e-06
1785124103.7179813,3.7841591493007134e-05,1.1774225910008884e-06
1785124103.7251623,3.784146039969115e-05,1.1774127442583184e-06
1785124103.728883,3.784132452688342e-05,1.1774026286657998e-06
1785124103.7325218,3.7841194013952364e-05,1.1773927551029929e-06
1785124103.7384458,3.784106007000201e-05,1.1773825877731996e-06
1785124103.742954,3.784092801019384e-05,1.1773724546750488e-06
1785124103.7469523,3.7840790547262795e-05,1.1773619614023116e-06
1785124103.7607427,3.784065683046188e-05,1.1773518132632868e-06
1785124103.762576,3.7840516838755716e-05,1.177341074999816e-06
1785124103.7674072,3.784038240881007e-05,1.1773307808431211e-06
1785124103.7734165,3.784024320261159e-05,1.1773201410163423e-06
1785124103.777805,3.784010795898133e-05,1.177309818444866e-06
1785124103.7819898,3.783997356065619e-05,1.1772995332805473e-06
1785124103.787556,3.7839838750929e-05,1.1772892302183702e-06
1785124103.793241,3.7839702748751005e-05,1.177278757850318e-06
1785124103.798072,3.7839570238069026e-05,1.177268704391479e-06
1785124103.80336,3.7839435371791686e-05,1.17725852591581e-06
1785124103.8080413,3.7839305213508094e-05,1.1772487407047807e-06
1785124103.8133476,3.783917106547423e-05,1.1772386354976194e-06
1785124103.817192,3.78390393177739e-05,1.1772286853455582e-06
1785124103.8248093,3.783891000232627e-05,1.1772189267092552e-06
1785124103.8296075,3.7838777520476055e-05,1.17720892275763e-06
1785124103.833055,3.7838647870349246e-05,1.1771990989182092e-06
1785124103.83754,3.7838514400230994e-05,1.177188943314438e-06
1785124103.843928,3.783838242564748e-05,1.177178866317584e-06
1785124103.8471794,3.7838250670535455e-05,1.1771688158491584e-06
1785124103.8531563,3.783811395826629e-05,1.177158290901375e-06
1785124103.8661973,3.783798018439336e-05,1.1771479260088036e-06
1785124103.8686407,3.78378453107751e-05,1.177137348770656e-06
1785124103.8726046,3.783770752788876e-05,1.1771265247750381e-06
1785124103.8788419,3.783757141266336e-05,1.177115743124833e-06
1785124103.8828087,3.7837438858643616e-05,1.1771051752964738e-06
1785124103.8870106,3.783730354364217e-05,1.177094361501688e-06
1785124103.8921385,3.783716945673083e-05,1.1770835432948548e-06
1785124103.8967288,3.7837029301394465e-05,1.1770722161365995e-06
1785124103.901993,3.783689656208204e-05,1.1770615378607793e-06
1785124103.9074447,3.7836760102877105e-05,1.1770506119042945e-06
1785124103.911426,3.7836627047769145e-05,1.1770399602977728e-06
1785124103.9163573,3.7836497290363905e-05,1.1770294584597454e-06
1785124103.922489,3.783636426429674e-05,1.1770186676888665e-06
1785124103.927279,3.783623581012806e-05,1.1770082486690224e-06
1785124103.931544,3.783610776738694e-05,1.1769978200368993e-06
1785124103.9365542,3.783597706892932e-05,1.1769870551105794e-06
1785124103.9425292,3.783584265795536e-05,1.176975893253781e-06
1785124103.9463975,3.783571077266543e-05,1.1769648758240196e-06
1785124103.9515748,3.783557815642642e-05,1.1769538363179888e-06
1785124103.9567897,3.783544313740239e-05,1.176942520907225e-06
1785124103.9630666,3.783530589262829e-05,1.1769310798057628e-06
1785124103.9667077,3.783516908087652e-05,1.1769197557160631e-06
1785124103.973348,3.7835039974525344e-05,1.1769090645040508e-06
1785124103.9772565,3.783490369667371e-05,1.1768977540132089e-06
1785124103.981991,3.783476717100797e-05,1.176886223750907e-06
1785124103.986616,3.783463050965725e-05,1.1768746974743665e-06
1785124103.9932601,3.7834494061047144e-05,1.1768631269854307e-06
1785124103.9971006,3.783435409007399e-05,1.176851310304913e-06
1785124104.0027666,3.783421559692844e-05,1.176839677647804e-06
1785124104.0085185,3.7834083388194825e-05,1.1768286181883494e-06
1785124104.0117793,3.7833950565868506e-05,1.1768175062783544e-06
1785124104.0175238,3.7833817243915094e-05,1.1768063527245794e-06
1785124104.022595,3.783368412509235e-05,1.1767951871870875e-06
1785124104.0278528,3.783354923940335e-05,1.1767839894302908e-06
1785124104.032035,3.783341881439685e-05,1.1767730314301591e-06
1785124104.0376637,3.7833282512771364e-05,1.1767614708002953e-06
1785124104.0422559,3.783314631136125e-05,1.1767499830165149e-06
1785124104.0462906,3.7833009576385104e-05,1.1767384417103639e-06
1785124104.0513349,3.7832880570658585e-05,1.1767274508950152e-06
1785124104.0565095,3.7832748620994066e-05,1.176716238232543e-06
1785124104.062432,3.783261168970068e-05,1.1767046464810656e-06
1785124104.0699306,3.7832475895441035e-05,1.1766930947125021e-06
1785124104.0727017,3.783233804284414e-05,1.1766815551827438e-06
1785124104.0768626,3.783220639299138e-05,1.1766705918151858e-06
1785124104.0817792,3.783207591836582e-05,1.1766597202985373e-06
1785124104.0874527,3.7831947233391595e-05,1.1766490762458168e-06
1785124104.0932848,3.783181341847375e-05,1.1766381166822675e-06
1785124104.0967114,3.783167769963982e-05,1.1766270240268377e-06
1785124104.1012714,3.783154720849584e-05,1.176616418173085e-06
1785124104.1069212,3.7831413814583346e-05,1.1766054974212384e-06
1785124104.1116478,3.783128028315471e-05,1.1765944797901334e-06
1785124104.1173773,3.783114615842123e-05,1.176583447301911e-06
1785124104.1215472,3.783101539434726e-05,1.176572578219204e-06
1785124104.1272624,3.78308825412747e-05,1.1765614889514748e-06
1785124104.1313374,3.783075067596523e-05,1.176550503632631e-06
1785124104.136724,3.7830616965201186e-05,1.1765393466328728e-06
1785124104.1425505,3.783048663036915e-05,1.1765284888165678e-06
1785124104.1468852,3.78303550855804e-05,1.1765174931320805e-06
1785124104.1512668,3.783021983696199e-05,1.1765062752908668e-06
1785124104.1577687,3.78300825601622e-05,1.1764948154735967e-06
1785124104.1631708,3.782994172167257e-05,1.1764829993932284e-06
1785124104.1665635,3.7829807699621785e-05,1.1764717044172937e-06
1785124104.1723938,3.7829671462602316e-05,1.1764602168226051e-06
1785124104.1770513,3.782953901824992e-05,1.176449016024261e-06
1785124104.1825144,3.782940396978716e-05,1.1764376125663846e-06
1785124104.1869967,3.782926812330806e-05,1.1764262100880144e-06
1785124104.193274,3.782913371550682e-05,1.1764149888398529e-06
1785124104.1970956,3.782900304079113e-05,1.176403999474968e-06
1785124104.202847,3.782886515969047e-05,1.176392405268339e-06
1785124104.2074687,3.782873172122638e-05,1.1763810234642708e-06
1785124104.212065,3.782859256995503e-05,1.1763692427015263e-06
1785124104.2164981,3.782845519105306e-05,1.17635765240297e-06
1785124104.2224889,3.7828321988415624e-05,1.1763464212681001e-06
1785124104.2271318,3.782818675427839e-05,1.1763349768510734e-06
1785124104.232178,3.782805491167704e-05,1.1763238010372312e-06
1785124104.236648,3.782791818731746e-05,1.176312239255823e-06
1785124104.242069,3.78277836813474e-05,1.1763009991144532e-06
1785124104.2466402,3.7827653145444585e-05,1.1762900571465548e-06
1785124104.2515047,3.782751920469777e-05,1.1762788596878286e-06
1785124104.2572823,3.782738644370281e-05,1.1762676835503394e-06
1785124104.2641907,3.782725536481054e-05,1.1762566425517241e-06
1785124104.2670188,3.782711751950036e-05,1.1762449854597526e-06
1785124104.2725317,3.782698289127842e-05,1.176233669915302e-06
1785124104.2769406,3.782684862315889e-05,1.176222421856286e-06
1785124104.2818608,3.78267193510785e-05,1.1762115848636665e-06
1785124104.2864501,3.782658478466089e-05,1.176200378285394e-06
1785124104.2943187,3.782645145140039e-05,1.176189201109205e-06
1785124104.297456,3.7826317298500395e-05,1.1761779217271847e-06
1785124104.3027675,3.7826179925500775e-05,1.1761663796492946e-06
1785124104.3084111,3.782604745914486e-05,1.1761552855302845e-06
1785124104.3139436,3.7825913937918575e-05,1.1761441283070639e-06
1785124104.3181007,3.782578188461198e-05,1.176133078539241e-06
1785124104.323286,3.782564954909367e-05,1.1761220759101756e-06
1785124104.329031,3.7825514658900395e-05,1.1761107802442961e-06
1785124104.3329265,3.7825380498059314e-05,1.1760995419355002e-06
1785124104.3376074,3.78252489751353e-05,1.1760884877810367e-06
1785124104.3429854,3.782511658933765e-05,1.176077317822324e-06
1785124104.3464608,3.782498559677949e-05,1.1760662389113132e-06
1785124104.351596,3.782485304892416e-05,1.176054925962389e-06
1785124104.357802,3.782472314883534e-05,1.1760438226159276e-06
1785124104.3646293,3.782458867434774e-05,1.1760324294137598e-06
1785124104.3668952,3.782445538985929e-05,1.176021271201561e-06
1785124104.3727145,3.782432301842234e-05,1.1760100506377263e-06
1785124104.3769166,3.78241884628187e-05,1.1759987358255664e-06
1785124104.381741,3.782405508394209e-05,1.1759876574284814e-06
1785124104.3871071,3.7823924668363864e-05,1.1759768292730863e-06
1785124104.391842,3.782379071820523e-05,1.1759656617348029e-06
1785124104.3971112,3.782365693931009e-05,1.1759544576694444e-06
1785124104.401922,3.782352482740359e-05,1.1759434203371466e-06
1785124104.4067879,3.7823392449332045e-05,1.1759323171354368e-06
1785124104.412571,3.782325660481852e-05,1.1759209578073502e-06
1785124104.4167008,3.78231248131338e-05,1.1759097859331718e-06
1785124104.4224343,3.782298996473576e-05,1.1758983769055478e-06
1785124104.4278817,3.782285556326759e-05,1.1758869856133124e-06
1785124104.431957,3.782272421262343e-05,1.1758757653769459e-06
1785124104.43758,3.7822593088366116e-05,1.1758645300433674e-06
1785124104.442079,3.782245897637728e-05,1.1758529294884723e-06
1785124104.4470537,3.782232125532358e-05,1.1758409945629888e-06
1785124104.4522047,3.78221853790322e-05,1.1758292852858e-06
1785124104.457529,3.782205177300673e-05,1.1758178445851545e-06
1785124104.4633758,3.782191678813889e-05,1.1758062337537141e-06
1785124104.4661174,3.7821781807463985e-05,1.175794465585989e-06
1785124104.472491,3.782164556373275e-05,1.175782775766029e-06
1785124104.477519,3.7821507352906014e-05,1.1757708795974087e-06
1785124104.4812028,3.7821374992118137e-05,1.1757594650898182e-06
1785124104.4869332,3.78212404271201e-05,1.1757479377872557e-06
1785124104.4928474,3.7821108969775006e-05,1.1757366028941951e-06
1785124104.4970403,3.7820974592253004e-05,1.175724980456537e-06
1785124104.502778,3.782083831677006e-05,1.1757131451822918e-06
1785124104.506638,3.782070235986448e-05,1.1757013515601562e-06
1785124104.5120466,3.782056708640021e-05,1.1756895002904078e-06
1785124104.5163727,3.782043028722905e-05,1.1756775524152133e-06
1785124104.5218527,3.7820294306436786e-05,1.1756656408606203e-06
1785124104.5286818,3.782016078546116e-05,1.175653908207922e-06
1785124104.5319033,3.7820030588666054e-05,1.1756424610590867e-06
1785124104.5368118,3.781989388932148e-05,1.1756304966388487e-06
1785124104.5424256,3.781975780980546e-05,1.1756186086367252e-06
1785124104.5474613,3.781962722343303e-05,1.1756072670273482e-06
1785124104.5522988,3.781949134514933e-05,1.1755954335394728e-06
1785124104.556758,3.78193608205284e-05,1.1755841221108618e-06
1785124104.5647233,3.781922874623039e-05,1.1755727226791198e-06
1785124104.5680308,3.781909646013493e-05,1.1755613913691156e-06
1785124104.5723534,3.7818962976079204e-05,1.1755499818575929e-06
1785124104.5777102,3.781882718538791e-05,1.1755384433686393e-06
1785124104.582179,3.781869588445116e-05,1.1755273474561865e-06
1785124104.5868719,3.781856041979662e-05,1.1755159034382468e-06
1785124104.5923016,3.781842337058006e-05,1.1755043361204613e-06
1785124104.596828,3.7818289527352704e-05,1.1754930650574542e-06
1785124104.6029494,3.781816199847225e-05,1.1754823376703133e-06
1785124104.6072602,3.7818025467530445e-05,1.1754709068935936e-06
1785124104.6128986,3.7817889430212194e-05,1.1754595404399366e-06
1785124104.6167738,3.781775016909456e-05,1.1754479225096767e-06
1785124104.6225567,3.7817614923558004e-05,1.1754365151711777e-06
1785124104.6283233,3.78174812477968e-05,1.1754250960410248e-06
1785124104.6317768,3.781734521846358e-05,1.1754134284591071e-06
1785124104.6369348,3.781720691464059e-05,1.1754015000030385e-06
1785124104.6423538,3.781707654162872e-05,1.1753902600025244e-06
1785124104.6473582,3.781694731401854e-05,1.1753791272835834e-06
1785124104.652009,3.78168156803324e-05,1.1753679474827381e-06
1785124104.660851,3.781668322224158e-05,1.1753566909250557e-06
1785124104.6680949,3.781654952001327e-05,1.1753453179314878e-06
1785124104.6724896,3.78164199709449e-05,1.1753343139102373e-06
1785124104.6777785,3.781628601170407e-05,1.17532296638898e-06
1785124104.6820402,3.7816149682945954e-05,1.1753113824739386e-06
1785124104.6876626,3.781601367923225e-05,1.1752997296470753e-06
1785124104.6922734,3.781587654261013e-05,1.1752880684171389e-06
1785124104.6975305,3.781573668080014e-05,1.1752762007363574e-06
1785124104.7032223,3.7815604859921674e-05,1.1752649829552192e-06
1785124104.707764,3.781546843062708e-05,1.1752533542717582e-06
1785124104.7134018,3.781533522670579e-05,1.175242018874797e-06
1785124104.7309196,3.7815203769399144e-05,1.1752308140806189e-06
1785124104.7368453,3.781506991636233e-05,1.1752194165458404e-06
1785124104.7391105,3.781494138605802e-05,1.1752084097348772e-06
1785124104.7401242,3.781480725458565e-05,1.175196912066343e-06
1785124104.740682,3.781467520167394e-05,1.1751856125009815e-06
1785124104.7448108,3.781453923745811e-05,1.1751739471046848e-06
1785124104.749672,3.781440335459602e-05,1.1751624233875135e-06
1785124104.7531145,3.7814272110006396e-05,1.175151250491854e-06
1785124104.756587,3.781413957806712e-05,1.1751399693284718e-06
1785124104.7633815,3.781400966390543e-05,1.17512892372265e-06
1785124104.7710893,3.781387581748721e-05,1.1751176173342265e-06
1785124104.773154,3.781374432916937e-05,1.1751065191549151e-06
1785124104.7784548,3.7813608253917975e-05,1.1750948938555007e-06
1785124104.782258,3.781347078406402e-05,1.175083102084254e-06
1785124104.7875533,3.781333192946166e-05,1.1750711343146275e-06
1785124104.7927268,3.781320019048716e-05,1.1750596297832702e-06
1785124104.7969766,3.7813069420754144e-05,1.175048086413307e-06
1785124104.8037627,3.7812932031608585e-05,1.1750359359596955e-06
1785124104.8063092,3.7812799603518465e-05,1.1750242859415219e-06
1785124104.8125389,3.781266148391497e-05,1.1750119968121355e-06
1785124104.81779,3.781252901716335e-05,1.1750000805217734e-06
1785124104.822552,3.7812396287540126e-05,1.174988021260459e-06
1785124104.828861,3.7812262962347016e-05,1.174975914762402e-06
1785124104.8328264,3.7812127774397226e-05,1.1749636662983105e-06
1785124104.8377087,3.7811991192031265e-05,1.1749513001268675e-06
1785124104.8417652,3.781185798527694e-05,1.1749391247990322e-06
1785124104.8468094,3.781172953241888e-05,1.1749274449472755e-06
1785124104.852411,3.7811601345396975e-05,1.174915756547463e-06
1785124104.856963,3.7811470027397437e-05,1.174903828664123e-06
1785124104.8628628,3.7811337474166485e-05,1.1748916888684225e-06
1785124104.8680494,3.7811199382764775e-05,1.1748790758786323e-06
1785124104.8726807,3.7811064803539136e-05,1.1748667288956052e-06
1785124104.878102,0.00011144163460675467,7.989094710291961e-06
1785124104.8816082,0.0002323083233253303,1.9165006939905756e-05
1785124104.886736,0.0003787003263259422,3.27698682682215e-05
1785124104.8912706,0.000527546952493482,4.6804515098998565e-05
1785124104.8971138,0.0006914656185813351,6.236261048821225e-05
1785124104.9015455,0.0008538954050438365,7.77727997483516e-05
1785124104.9064627,0.0010211035124093795,9.358232747042091e-05
1785124104.9121487,0.0011909539611609018,0.00010973693539433356
1785124104.9166853,0.0013534060799411094,0.00012523325627138404
1785124104.9223213,0.0015182553768565334,0.00014088359410716395
1785124104.927989,0.0016885628198008613,0.00015698117748450354
1785124104.931778,0.0018541823598268773,0.00017276535841229582
1785124104.9365604,0.002026280850296631,0.0001891619254605767
1785124104.9417498,0.002188326270733497,0.00020452859655354497
1785124104.9467716,0.00235326526255977,0.00022015639436332015
1785124104.9512177,0.002516924453904932,0.00023572533508797914
1785124104.9567285,0.002684086841317806,0.0002515839629559593
1785124104.9630587,0.0028521415808069684,0.0002676370334102433
1785124104.96819,0.0030145197302724703,0.00028313924368532676
1785124104.9722595,0.003181676146536836,0.0002990881674809098
1785124104.9766505,0.003346364472400687,0.000314656076541955
1785124104.9814713,0.003503597277277919,0.0003294945597967934
1785124104.9867058,0.0036713919140264027,0.0003451801810990595
1785124104.9912229,0.003834497918192455,0.00036045620577416165
1785124104.9969904,0.003996930045718317,0.00037569696742044943
1785124105.0018876,0.004157427857434295,0.00039070193085144413
1785124105.0068827,0.004321723615153229,0.0004059398982491408
1785124105.0129328,0.004486044391372113,0.00042116656504227577
1785124105.01727,0.004650890352470486,0.0004364592685014178
1785124105.0220556,0.004818998224789247,0.00045199864065804653
1785124105.0286913,0.004980996044910797,0.00046699765883241807
1785124105.031746,0.005145754365368341,0.0004821280276553154
1785124105.0369782,0.005311971988296467,0.0004973706948190164
1785124105.0417852,0.005488990183805619,0.0005134741633735692
1785124105.046856,0.00565973783512549,0.0005289876505833872
1785124105.0512338,0.005823934275093141,0.0005439986531048259
1785124105.0569208,0.005993124782752912,0.0005593664227240912
1785124105.0625935,0.006174581562441628,0.0005757877141611991
1785124105.0687375,0.0063411045287861175,0.0005909676573532377
1785124105.0716407,0.00651749757085746,0.0006070687169059447
1785124105.0769303,0.006682888336431167,0.0006220736741819603
1785124105.0818496,0.006865358454155849,0.0006388416693597646
1785124105.0864248,0.007037626469038313,0.0006544959000839598
1785124105.0912044,0.007210893253778503,0.0006700501224878647
1785124105.0975652,0.00738958984398731,0.0006860446158452823
1785124105.101583,0.007543858216651943,0.0006997062734642095
1785124105.1065452,0.007731480847763477,0.0007162873914783616
1785124105.1123972,0.007897188690361186,0.0007307326461674364
1785124105.1164806,0.008064630697851552,0.0007452421420745671
1785124105.1219485,0.008228789360286997,0.0007593202166571695
1785124105.1272137,0.00842429087573505,0.0007759862880052237
1785124105.1315782,0.008599457247239178,0.0007907680649556087
1785124105.1364534,0.008770698257734947,0.0008050865765334115
1785124105.1413105,0.008940209456309892,0.0008191821121900901
1785124105.1468856,0.009119175774377646,0.0008338986716038796
1785124105.151642,0.00930078592303511,0.0008486486079244621
1785124105.1568313,0.009481721829083864,0.0008632369127878657
1785124105.1623452,0.009660995271568142,0.0008775165233736529
1785124105.168525,0.009840497306791159,0.000891394538002774
1785124105.1722088,0.010017235991352659,0.000904800421439476
1785124105.177764,0.010194716878335392,0.0009179994745314607
1785124105.1817055,0.010367938172229986,0.0009307499926774778
1785124105.1865013,0.01053338462591749,0.0009426723362935177
1785124105.1913848,0.010728280833339947,0.000956514095656363
1785124105.1976485,0.010898367618122996,0.0009684840963506405
1785124105.2026603,0.011079511027086932,0.000981153077974814
1785124105.206598,0.011249685414934108,0.0009929082255223296
1785124105.2125065,0.011443625029823998,0.0010062992625569029
1785124105.2167583,0.01162078119900238,0.0010183693029888704
1785124105.221948,0.011800082997082306,0.0010303941492017033
1785124105.2269585,0.011983243641611354,0.0010424981652697976
1785124105.2318127,0.012169830468432634,0.0010547566464107613
1785124105.2372475,0.012355151960307575,0.001066766924554069
1785124105.2411938,0.012533738635768977,0.0010781657022088996
1785124105.2470427,0.012714982039372831,0.0010895686793706391
1785124105.25142,0.01290659978068864,0.001101549446519095
1785124105.256204,0.013083759040018152,0.0011124845812934298
1785124105.2623045,0.013275786039067086,0.0011241973939154978
1785124105.2678895,0.013466482041548353,0.0011357352713121177
1785124105.271979,0.01365248027038488,0.0011468139013524636
1785124105.276716,0.013838502108739166,0.001157782182537974
1785124105.28197,0.014025234314151752,0.0011688051150832775
1785124105.2869427,0.014208588513474871,0.0011795497161129237
1785124105.2913225,0.014388369872221585,0.0011901223314646605
1785124105.297561,0.014566580005431418,0.0012005731911585815
1785124105.3018677,0.014755047842356166,0.0012115541639104257
1785124105.307,0.014942293248721032,0.001222345882178376
1785124105.3122017,0.015126661100664206,0.0012327953586706718
1785124105.3164012,0.01532202555681203,0.0012438350730443878
1785124105.322186,0.015506435341739885,0.0012541894380511784
1785124105.3276618,0.01568620713509975,0.0012643785217357276
1785124105.3316834,0.015872620868350912,0.0012748576040256339
1785124105.3363783,0.016054998281201,0.0012850118703620547
1785124105.341531,0.016241795144921748,0.001295450640149565
1785124105.3470156,0.016422979096346935,0.0013054057503858302
1785124105.3516352,0.016604145029923766,0.001315231452924949
1785124105.356851,0.016790485532684044,0.0013251708185377427
1785124105.3624809,0.016985969381456474,0.0013355775938241477
1785124105.3704412,0.017172029265255243,0.0013454257234341732
1785124105.3718433,0.01735707179126446,0.001355123665826126
1785124105.376478,0.017541747442093723,0.0013646923957771689
1785124105.3823698,0.017717629358031055,0.0013737150322005924
1785124105.386878,0.017910048011610006,0.0013835866993292842
1785124105.3912725,0.018096314510330672,0.001393014343766391
1785124105.397958,0.01827938189716685,0.001402233408836745
1785124105.402027,0.018456362855970177,0.001411169006516776
1785124105.4070156,0.018642895555544825,0.0014204665853639672
1785124105.4128478,0.018825427018639908,0.0014295625518754179
1785124105.4172688,0.019001814835095825,0.0014384123084279054
1785124105.422299,0.01918182259612657,0.0014473220585441802
1785124105.426506,0.019376016022102878,0.001456791161567026
1785124105.4329288,0.019560916456464236,0.0014658879153156999
1785124105.4369917,0.019747162755111194,0.0014750694006121093
1785124105.441587,0.019928953755523306,0.001483937897626946
1785124105.4474692,0.020106961144853358,0.0014926375278706953
1785124105.4511385,0.020288258947919864,0.0015012124445476184
1785124105.4566116,0.02047871329623214,0.0015101262881792518
1785124105.4626653,0.020672124223596076,0.001519199999227352
1785124105.4692543,0.02084121917696582,0.00152712049098265
1785124105.4715378,0.021029543402939978,0.0015360909688217246
1785124105.4769673,0.021217339562935606,0.0015449328895031276
1785124105.4819841,0.021387744508115553,0.0015529574176231789
1785124105.4864235,0.021575066090975505,0.0015617379291324332
1785124105.4914086,0.021758097512402656,0.0015704282105252706
1785124105.4974484,0.021937844295315256,0.001578955920910503
1785124105.5020106,0.022134001268644576,0.0015882975211622984
1785124105.5067542,0.022315647842127976,0.0015967934429498998
1785124105.5117743,0.022494900429595163,0.0016049144173742188
1785124105.5165124,0.022682883867102453,0.0016134915566044343
1785124105.5216503,0.022866027035435832,0.0016217943417843811
1785124105.5261416,0.023040697342567765,0.0016296616237690543
1785124105.532017,0.023224818123787953,0.0016378557281107689
1785124105.5367436,0.023400340955241003,0.001645687632110239
1785124105.5413766,0.023581170289537576,0.0016537524061942944
1785124105.5471551,0.023756324692158597,0.001661453948681003
1785124105.5515606,0.023936617732868225,0.001669071947475208
1785124105.556167,0.024119470638872605,0.0016766771887433611
1785124105.5622795,0.024296387931471805,0.0016841189723412514
1785124105.569433,0.024472751395413717,0.0016916067575193914
1785124105.57185,0.02464571640134636,0.0016988799662389354
1785124105.576836,0.02482584820116512,0.0017065022369551989
1785124105.582604,0.024997749765123006,0.001713741707036097
1785124105.586731,0.025179639063816463,0.001721362512458289
1785124105.5914748,0.02535714142978928,0.0017286454717766239
1785124105.5976372,0.025535483148700428,0.001735968444717135
1785124105.6014962,0.02570458676125807,0.0017428853176423348
1785124105.6067502,0.02587967820100318,0.0017499454254955437
1785124105.6119874,0.02606382469233088,0.001757304714967813
1785124105.616898,0.0262300247716932,0.0017639673649953109
1785124105.6220658,0.0264051737156874,0.0017709592677592615
1785124105.6267264,0.026591584920702214,0.0017782997762245405
1785124105.6325312,0.026776735562927496,0.0017853990570606975
1785124105.6364706,0.026955058785125018,0.0017921479247905868
1785124105.6418073,0.02712741629396479,0.0017984983968914671
1785124105.6473956,0.027305332113782423,0.0018048530186283742
1785124105.6516438,0.027497789930476864,0.0018115907371597912
1785124105.6569526,0.02767777921352874,0.0018178699350348613
1785124105.6628265,0.027852269469563685,0.0018239030671674998
1785124105.6683402,0.02803859915270469,0.001830287326147706
1785124105.6717918,0.028219673022811503,0.0018364108436107823
1785124105.6769693,0.02839723573878462,0.0018422831656512218
1785124105.6819725,0.028568746503128566,0.0018478421940546442
1785124105.6868498,0.028748577396442192,0.0018534691273418718
1785124105.691368,0.02891593921229075,0.0018587269855186602
1785124105.6971774,0.029103820103312018,0.001864578520262628
1785124105.7020943,0.029288638368385744,0.001870286946994513
1785124105.7070239,0.02946190276095601,0.0018754361879328055
1785124105.7122564,0.029640796844178578,0.0018805738153500756
1785124105.7168186,0.02981837734343097,0.0018855637660399429
1785124105.722692,0.029996249040313037,0.0018906541742124293
1785124105.7288048,0.03018584657891643,0.0018959074026625347
1785124105.7323058,0.03036093962181131,0.0019007055122728287
1785124105.7369452,0.03053932096639118,0.0019054561179637124
1785124105.7412148,0.030718829054219753,0.0019103165369662594
1785124105.7471511,0.030908340792703506,0.0019153574748197195
1785124105.7518258,0.031088116018379703,0.0019202004797265965
1785124105.757657,0.03126617651088217,0.0019250616099487463
1785124105.7621481,0.031457388134523624,0.0019303245928599835
1785124105.7732573,0.0316391619872892,0.0019351997078553354
1785124105.774781,0.03182376868925043,0.001940095059998042
1785124105.7774327,0.03192778225948897,0.0019429208228824361
1785124105.7822876,0.03197450331666196,0.0019441759593519675
1785124105.7876213,0.03200795086025546,0.0019450908346670067
1785124105.791744,0.032025751498035514,0.0019455759078298468
1785124105.798139,0.03204705970066101,0.0019461618835344566
1785124105.8021667,0.03205306962247119,0.0019463257866893973
1785124105.806841,0.03206313651703437,0.0019465967610151388
1785124105.8117597,0.03206945012907495,0.00194676825567034
1785124105.8171988,0.032088572296659956,0.0019472963765458273
1785124105.822584,0.0320928797782823,0.0019474136230440702
1785124105.8275568,0.032102413817251776,0.0019476730857836452
1785124105.8360555,0.0321087525690461,0.001947841022363978
1785124105.8378618,0.032120268195238874,0.0019481455268614955
1785124105.8419394,0.032127805530764046,0.0019483395243982194
1785124105.8488603,0.03213336469929629,0.0019484790184660975
1785124105.851818,0.03214492909253783,0.0019487660458983023
1785124105.8568785,0.032159256285792324,0.0019491250095475885
1785124105.8621793,0.0321718188104516,0.0019494315579416785
1785124105.8697474,0.03217964417575159,0.0019496200096254278
1785124105.8718364,0.03219272251452101,0.0019499338381191392
1785124105.8765624,0.03220752970380997,0.0019502761205627307
1785124105.882541,0.03221774979836604,0.0019505085904890375
1785124105.887172,0.032229613614684696,0.001950770872776217
1785124105.8926961,0.0322445794462018,0.0019511080452432742
1785124105.8979383,0.0322498754073429,0.0019512287294161884
1785124105.9027438,0.03226274000827103,0.0019515163007319083
1785124105.906756,0.03227244691833001,0.0019517343508472173
1785124105.9134564,0.03229149655504992,0.0019521531436336767
1785124105.917454,0.03230293039055392,0.0019524004651967086
1785124105.9219904,0.032317467016111705,0.0019527214567473402
1785124105.9275079,0.03231637488253864,0.0019526980936615148
1785124105.9328785,0.032335938920956035,0.0019530991461386745
1785124105.9371052,0.032354017106027526,0.0019534692669541578
1785124105.9418304,0.032370885133035515,0.0019538158437924598
1785124105.9485328,0.03237036563867161,0.001953805556870408
1785124105.9515946,0.032381661976606746,0.001954030470169281
1785124105.957987,0.03240115177236914,0.001954395295231093
1785124105.9629836,0.03240809771334659,0.0019545207872951826
1785124105.9733605,0.032414857962344897,0.0019546416683281095
1785124105.9765184,0.03242807745436438,0.0019548747768703776
1785124105.9818532,0.03244747423098504,0.0019551981099859028
1785124105.9873707,0.032447137451406115,0.0019551924998373604
1785124105.9913614,0.03245776060484635,0.001955371396153519
1785124105.9969728,0.03247170779963736,0.0019556089114886287
1785124106.0016081,0.032481143666239325,0.00195577710802587
1785124106.0063837,0.03249347669562311,0.001955993936758676
1785124106.0115767,0.03250143015117408,0.0019561316437605235
1785124106.016631,0.032513231152116615,0.00195633692963154
1785124106.0224605,0.0325255661871274,0.0019565463635379376
1785124106.0265675,0.032538584591196545,0.00195676377785164
1785124106.0328586,0.03254623600287734,0.0019568885072868154
1785124106.037487,0.03255615985126101,0.001957054583644393
1785124106.041695,0.03256777921336327,0.0019572466589253025
1785124106.0478811,0.032570155081926684,0.0019572846238531667
1785124106.0526018,0.0325792764311669,0.001957427749326346
1785124106.0568297,0.0325853573701998,0.0019575227866466312
1785124106.0624616,0.032594738362226774,0.0019576724367124246
1785124106.0674112,0.03259609411694881,0.0019576935700607607
1785124106.0798824,0.032613001577076785,0.0019579556935234088
1785124106.083153,0.03262019791784648,0.001958069557155978
1785124106.0877159,0.032629926877251976,0.0019582252076032597
1785124106.0922573,0.032630899642443534,0.0019582410949714915
1785124106.0978441,0.032642779230755335,0.0019584336441448922
1785124106.1022239,0.032648158938402984,0.0019585131746306297
1785124106.1074975,0.03265667698328807,0.0019586304568492566
1785124106.112179,0.032661381432046756,0.0019586930214932513
1785124106.1180384,0.0326689392436815,0.001958791075004586
1785124106.1230206,0.03266825751733025,0.00195878219819398
1785124106.1270585,0.032679254432429444,0.001958930265641691
1785124106.1331515,0.03267917811051141,0.001958929206903518
1785124106.137931,0.032685062603174615,0.0019590065895446897
1785124106.1422348,0.0326970688613732,0.001959156213418473
1785124106.1473951,0.03270108476376114,0.001959200331430352
1785124106.1519277,0.0327074288106395,0.001959273506206362
1785124106.1572597,0.032714582435888276,0.001959356475034209
1785124106.1630492,0.03272181223130989,0.0019594306956246484
1785124106.1683803,0.03273366568657173,0.0019595386530686814
1785124106.1728628,0.032742962815955574,0.0019596156583664153
1785124106.1831918,0.03274169535165902,0.0019596060320065615
1785124106.1851907,0.032750697176662416,0.00195967494070693
1785124106.1870875,0.03274901096100652,0.001959661981978139
1785124106.1915038,0.03275395464064992,0.0019597005956368835
1785124106.1989982,0.03276491997943618,0.001959792911972922
1785124106.2028835,0.03276810437712919,0.0019598193171602063
1785124106.207069,0.03277901059061095,0.0019599115052078456
1785124106.2131093,0.03277741586749034,0.001959899506112419
1785124106.2170863,0.03278109983635915,0.001959926904966668
1785124106.2226462,0.032782710857679594,0.0019599386409539185
1785124106.2267897,0.03278753897618152,0.0019599671921789316
1785124106.2324996,0.032798330511575206,0.00196002642860822
1785124106.23787,0.03280072408566737,0.0019600393972509797
1785124106.242058,0.032814803497216716,0.0019601014307367754
1785124106.246915,0.03281416472771209,0.0019600985864588415
1785124106.252578,0.03282755231970488,0.0019601573449075376
1785124106.2585416,0.03283455408242322,0.0019601835941913327
1785124106.2625623,0.03283542471241319,0.001960186656518771
1785124106.2677164,0.03284456810530939,0.001960212808543088
1785124106.272369,0.032846050031766286,0.001960215952438245
1785124106.2821178,0.032855006197657945,0.001960227322225474
1785124106.2859359,0.032942350820363925,0.001960352660766498
1785124106.287933,0.0330783883831408,0.001960458408193945
1785124106.2920728,0.03324138551917198,0.001960446270814811
1785124106.2978947,0.033409332465604645,0.0019603777949794617
1785124106.3027854,0.03358325429937624,0.001960237654812536
1785124106.3073127,0.033755304535484934,0.0019599517798510628
1785124106.311811,0.03393572126886009,0.0019596003001345354
1785124106.317701,0.034116386953431936,0.001959280854529447
1785124106.3230507,0.03428929363969673,0.00195886384358909
1785124106.3273087,0.03438829616719418,0.0019585730104999294
1785124106.3329403,0.03443998774370586,0.001958389571023195
1785124106.3382523,0.03446025071395164,0.0019583251734281862
1785124106.3423395,0.03447811848193952,0.001958270997256274
1785124106.3472507,0.034489105931138096,0.0019582281507863177
1785124106.3529654,0.0344955256885944,0.0019582018110095027
1785124106.3586257,0.03449948842406481,0.001958186219437924
1785124106.3635185,0.034498790418222895,0.0019581888936205383
1785124106.3698602,0.034509032584990315,0.0019581388821789994
1785124106.3752823,0.034512729256116974,0.001958118007071246
1785124106.3869343,0.03450578215056661,0.001958164218599728
1785124106.389882,0.03450949992386829,0.0019581380708883875
1785124106.3919642,0.0345206840309581,0.0019580597660870695
1785124106.3980057,0.03451525281183978,0.0019580966312165732
1785124106.4032798,0.03452322897053982,0.0019580399363439693
1785124106.408905,0.034525244328453754,0.001958024049109601
1785124106.4131808,0.03452656473507991,0.0019580136423718725
1785124106.417086,0.034526882088178994,0.0019580110872181116
1785124106.42232,0.0345358410557205,0.0019579313099217874
1785124106.4266202,0.034530100384641396,0.0019579845411640067
1785124106.4320939,0.03453759334174014,0.0019579201900403504
1785124106.437484,0.03453945715290844,0.0019579050052625675
1785124106.4427135,0.03454062477288352,0.0019578953939378228
1785124106.447583,0.03454088737407127,0.001957893087899817
1785124106.453003,0.0345407337065279,0.001957894462305584
1785124106.4569867,0.03454735449455334,0.0019578327351702294
1785124106.4623911,0.03454751064073291,0.0019578312612379325
1785124106.4683414,0.03454586138566065,0.0019578473264279046
1785124106.4731414,0.034540586150458796,0.0019579010875975184
1785124106.478147,0.03454438411781797,0.0019578636991267172
1785124106.493929,0.03455438258363268,0.0019577559469608724
1785124106.4947295,0.03455180697929021,0.001957786719359614
1785124106.4973922,0.03455059055223219,0.001957802655555019
1785124106.5017014,0.03455677652891395,0.0019577205327770994
1785124106.5068314,0.0345575095029403,0.0019577106612263186
1785124106.511773,0.03455594190750336,0.0019577313601530887
1785124106.518906,0.03455068105544731,0.001957799461363937
1785124106.523913,0.034563349574529834,0.001957637751668665
1785124106.527638,0.03455795717676839,0.0019577120238655136
1785124106.5334663,0.03455396984985018,0.001957767744855339
1785124106.538539,0.03456082201919393,0.0019576712421109175
1785124106.5419724,0.03456229873945861,0.001957649634799041
1785124106.5469089,0.03456156699297239,0.0019576613167524544
1785124106.5525384,0.0345518446310334,0.0019578270533994503
1785124106.5571518,0.034562504897738607,0.00195764244452383
1785124106.5616913,0.03456409043251488,0.001957614375920892
1785124106.5674016,0.03455805889420886,0.001957727461378682
1785124106.5727603,0.034563846499584244,0.001957618054840071
1785124106.5766075,0.034558864247182096,0.0019577176043466026
1785124106.582718,0.03456011893990065,0.00195769125133366
1785124106.5892994,0.034559874557381104,0.0019576964922681955
1785124106.5922682,0.03455973649490325,0.0019576994971077406
1785124106.5976655,0.0345587301857907,0.00195772148536455
1785124106.602193,0.03455248211478633,0.001957856539774973
1785124106.6067538,0.034554708456453254,0.001957807751662363
1785124106.6111999,0.03456531944105652,0.001957569434841889
1785124106.6179376,0.03455658923221233,0.0019577671320768573
1785124106.6222916,0.03455167108555225,0.001957880579754426
1785124106.6266365,0.03456762313119943,0.0019575025016595987
1785124106.6319997,0.03456216613614497,0.001957633618787583
1785124106.6376405,0.03455186909046686,0.0019578917319667756
1785124106.641825,0.034546459824593284,0.0019580324715903897
1785124106.6470675,0.03454352263003121,0.0019581114540439416
1785124106.6528032,0.03455605836783167,0.0019577568463129812
1785124106.6580238,0.034547323210264616,0.0019580070559815613
1785124106.6623216,0.03454246629960955,0.0019581491003138507
1785124106.6675727,0.03456012781872577,0.001957612028000644
1785124106.6744084,0.03456615170093191,0.0019574253185247873
1785124106.6769464,0.034547955993141345,0.001957999781083148
1785124106.6819584,0.034538609868678155,0.0019583121832303946
1785124106.6913323,0.03454571449606238,0.0019580701779787655
1785124106.6929107,0.03454916842281837,0.001957948988968487
1785124106.6962972,0.03453504945182874,0.0019584524382659876
1785124106.7025406,0.03452728827350997,0.00195873638640167
1785124106.707481,0.034559092721773925,0.001957523663567156
1785124106.7119372,0.03453863144887702,0.001958339164349644
1785124106.7188451,0.03452775105838354,0.001958793207801004
1785124106.7231348,0.03452146531316174,0.001959059602136944
1785124106.727596,0.034550176062319485,0.0019578027427327995
1785124106.7341573,0.03454292153327064,0.0019581248915738116
1785124106.7371037,0.03452509860715198,0.0019589499863490933
1785124106.7418854,0.034534790615704095,0.001958486283169776
1785124106.7473412,0.03455114473697935,0.0019576620216664492
1785124106.7537363,0.03454509344560433,0.001957982176706193
1785124106.7582119,0.034541731877593074,0.0019581650617060127
1785124106.762625,0.03454475040047091,0.001957995922575414
1785124106.7676926,0.03455727473929952,0.0019572729987851305
1785124106.773476,0.0345503682976245,0.001957680322799816
1785124106.77683,0.03454615291947164,0.0019579388075642284
1785124106.7836733,0.03454276380027601,0.001958152260723612
1785124106.7917252,0.034548970322465,0.001957746769089081
1785124106.7945614,0.03453774206619989,0.001958506928316619
1785124106.796704,0.03453149142692084,0.0019589400950984345
1785124106.8027513,0.034534418208938066,0.0019587299389607535
1785124106.8067715,0.03453545092913932,0.001958653841470735
1785124106.8116486,0.03453547223169187,0.0019586522232892915
1785124106.8181207,0.03452174340403575,0.001959721055386357
1785124106.8223622,0.03451842035293385,0.0019599843531844805
1785124106.8285372,0.034522093211111306,0.0019596845622693038
1785124106.8335812,0.03452326114437823,0.0019595873711528836
1785124106.8377872,0.03452322268518688,0.001959590657365447
1785124106.842334,0.034522555475568324,0.001959648829175621
1785124106.8470063,0.03452047996721685,0.0019598352346829532
1785124106.8536065,0.0345187517090196,0.0019599961254021417
1785124106.857644,0.03451707588313933,0.0019601573501021167
1785124106.8655486,0.03451533787603149,0.001960328790379581
1785124106.8680663,0.03451376075576826,0.001960488111755465
1785124106.8722336,0.03451638289772107,0.00196021891790878
1785124106.8769689,0.034511501238244965,0.0019607319954282193
1785124106.882782,0.03450814261644853,0.0019610903209628613
1785124106.8916233,0.03450555706982129,0.0019613720159154524
1785124106.894836,0.0345033653015071,0.001961615942403607
1785124106.8967721,0.03450899683652357,0.0019609767056892814
1785124106.9018228,0.03451576452137789,0.0019601900597280295
1785124106.906646,0.03451282059290469,0.00196054060724001
1785124106.9116998,0.03451057959129582,0.0019608128832520684
1785124106.9180994,0.03450843167975668,0.0019610774210986888
1785124106.922704,0.03450121571008264,0.001961981077756085
1785124106.9267192,0.03450435878719684,0.001961583111055165
1785124106.9331424,0.034504992161194896,0.001961501805810092
1785124106.93711,0.034504344721431775,0.001961586270420169
1785124106.941231,0.03451062926815605,0.001960755076708001
1785124106.946702,0.03450689537570072,0.0019612531494882317
1785124106.9518154,0.03450390487078885,0.0019616565297625762
1785124106.9566302,0.034501373661973485,0.001962002205874758
1785124106.9619017,0.03449893516191658,0.0019623385389257344
1785124106.9675188,0.03450212535727668,0.001961892142609408
1785124106.9722195,0.03449458802774998,0.0019629643856081997
1785124106.976446,0.034489767590462045,0.0019636617057814244
1785124106.9821467,0.034486212899299214,0.0019641779501509177
1785124106.9905164,0.03448946655147327,0.0019637000358710736
1785124106.991655,0.03449017438458791,0.0019635948621390988
1785124106.9966185,0.03448954929433502,0.0019636890768873756
1785124107.0026252,0.034488232949960056,0.001963889347604284
1785124107.006325,0.034486525545697165,0.001964151579808719
1785124107.011108,0.0344938822315084,0.0019630078766482723
1785124107.0180347,0.0344870056503805,0.001964084746445531
1785124107.0226479,0.03448236617120073,0.0019648216543165275
1785124107.0265024,0.03447881197123202,0.001965391118457173
1785124107.0330677,0.034475834200454254,0.0019658747641168885
1785124107.0371273,0.034473061913551054,0.001966329296448517
1785124107.04207,0.03447042926081854,0.0019667627591261174
1785124107.0470057,0.03447485017969121,0.0019660284022824837
1785124107.052871,0.03447618013773272,0.001965805949796035
1785124107.056927,0.03447586526402286,0.0019658593117665613
1785124107.062461,0.034474650578612966,0.0019660677374092102
1785124107.0677729,0.034472931883326084,0.0019663662890570823
1785124107.0731435,0.03447092595577262,0.0019667199785294276
1785124107.0780418,0.03446869867587579,0.001967115640091856
1785124107.0823727,0.03446637725573744,0.0019675314086524324
1785124107.091996,0.034463979300884275,0.00196796377831274
1785124107.0975187,0.034461542811827055,0.001968405151116984
1785124107.1037548,0.03446725702514728,0.001967361057004711
1785124107.1071763,0.03446921406356442,0.001967001938991969
1785124107.1115787,0.034469200118749974,0.001967004515316442
1785124107.1179278,0.034468179240401804,0.001967195165754237
1785124107.1234982,0.03446657438669626,0.0019674961285597826
1785124107.1278195,0.03446461116984287,0.001967867671896335
1785124107.1318946,0.034462522019046184,0.001968265535737985
1785124107.1376803,0.034460242752296644,0.001968704143867643
1785124107.1421046,0.03445782869875832,0.001969170518308625
1785124107.1467974,0.034455471142473944,0.0019696285738329414
1785124107.1530855,0.03445292895527568,0.0019701295669255297
1785124107.1571808,0.034450466330880045,0.0019706205447201854
1785124107.1617403,0.03444799210822232,0.0019711162329934303
1785124107.167889,0.034445523992027785,0.0019716172089515923
1785124107.174736,0.03444311799349336,0.0019721090756390615
1785124107.177862,0.03444071445651934,0.001972604670961414
1785124107.181782,0.03443834593053062,0.0019730960458974266
1785124107.1878116,0.03443599135753293,0.001973586874091438
1785124107.1953201,0.03443367849907933,0.001974072489904883
1785124107.197776,0.03443145552811797,0.001974541219651366
1785124107.2027361,0.034429257360410755,0.00197500756453591
1785124107.2063692,0.03442713119956379,0.0019754622751907034
1785124107.2111292,0.03442504279990999,0.0019759134136981805
1785124107.2169313,0.034422993059219635,0.001976360136650573
1785124107.2227695,0.03442105023072881,0.0019767853184440728
1785124107.2270453,0.03441909342357309,0.0019772173453473066
1785124107.2329974,0.03441732251527415,0.001977610488428893
1785124107.2374437,0.03441562997231977,0.00197798843205578
1785124107.2427073,0.034413952883551056,0.001978364454382491
1785124107.2470846,0.034412306739924244,0.0019787365644436767
1785124107.2525082,0.03441074397245154,0.00197909269751968
1785124107.2578862,0.03440924712077861,0.001979435932107437
1785124107.2617817,0.034407902863524346,0.001979745811037262
1785124107.2682416,0.03440662845984896,0.0019800420399728375
1785124107.2748005,0.03440543693169123,0.001980320660220007
1785124107.2787077,0.03440427638937756,0.0019805935155357826
1785124107.284239,0.0344032145841891,0.0019808439258992183
1785124107.2880661,0.034402266625634934,0.0019810685906861357
1785124107.2956996,0.03440137722775536,0.001981280474447313
1785124107.2990627,0.034400526554221406,0.0019814842565070963
1785124107.302388,0.03439976159352705,0.0019816684812793265
1785124107.306922,0.03439906841997839,0.0019818363637342904
1785124107.311711,0.03439844409306464,0.0019819885673702077
1785124107.3183231,0.03439785376788411,0.001982133243360985
1785124107.322451,0.0343973292456311,0.001982262443997347
1785124107.3273678,0.03439686935965263,0.0019823761782502658
1785124107.3315253,0.03439646390552765,0.0019824772790718944
1785124107.337562,0.03439608659574912,0.001982572154929314
1785124107.3425808,0.034395783970806795,0.0019826491659906418
1785124107.3462954,0.034395535806402346,0.0019827127880286243
1785124107.3526292,0.03439533959318155,0.001982763382394133
1785124107.3572674,0.0343951958882956,0.0019828008304629253
1785124107.3617733,0.03439509202945015,0.0019828280568801974
1785124107.3669333,0.034395033732054096,0.001982843464387588
1785124107.372973,0.03439501828071317,0.001982847585567052
1785124107.3773322,0.03439502667563972,0.001982845331761622
1785124107.3820562,0.034395073810088994,0.001982832584878255
1785124107.387733,0.03439516470980191,0.0019828077975742858
1785124107.3989623,0.03439530038090278,0.0019827704491984883
1785124107.404523,0.0343954865763077,0.001982718779087646
1785124107.4073033,0.0343957045588459,0.0019826577704984603
1785124107.4121296,0.034395954802690615,0.001982587099836559
1785124107.417648,0.034396254482179006,0.0019825020796550847
1785124107.4235437,0.034396594748089974,0.00198240487257674
1785124107.4294534,0.034396856652507524,0.001982329411014033
1785124107.4331095,0.034397156313443235,0.0019822424200613593
1785124107.438651,0.03439753176493012,0.001982132639755408
1785124107.44212,0.034397965387418954,0.0019820049681028903
1785124107.4474764,0.03439848616087944,0.001981850461653724
1785124107.4534128,0.03439905162369202,0.001981681915466041
1785124107.458304,0.0343996801822063,0.001981492954895771
1785124107.4628062,0.03440037987115723,0.001981281046654611
1785124107.4679396,0.034401078986725356,0.0019810678671897458
1785124107.472335,0.034401806822571226,0.001980844930587787
1785124107.4767454,0.03440259658504102,0.0019806017887645556
1785124107.4823713,0.03440344333653448,0.0019803399385399712
1785124107.4879909,0.03440430528081228,0.001980071274950914
1785124107.4917247,0.03440517986330692,0.001979796716274009
1785124107.5032482,0.03440612614846984,0.0019794985471745666
1785124107.5060086,0.03440705447086689,0.0019792049377762395
1785124107.5079048,0.03440808263284202,0.001978876696718814
1785124107.5114992,0.03440913406316582,0.0019785380082433268
1785124107.5168371,0.03441022076225287,0.001978185860856068
1785124107.5233538,0.03441134956134312,0.001977818444783859
1785124107.5267847,0.03441255071201915,0.001977425045107188
1785124107.5332422,0.03441376497562891,0.0019770256770658633
1785124107.5380454,0.034414989467992305,0.0019766202989842303
1785124107.5414999,0.034416295217714665,0.0019761848610162463
1785124107.5467932,0.03441762587326839,0.001975738670898432
1785124107.5519042,0.034419011412124036,0.001975272261529304
1785124107.5577104,0.03442046041289684,0.0019747814282455012
1785124107.562325,0.03442200005094889,0.001974257421084928
1785124107.5677485,0.0344235523522383,0.0019737248815126437
1785124107.5737562,0.03442515597302774,0.001973171599658069
1785124107.5778885,0.0344267566156619,0.0019726149294750908
1785124107.581654,0.03442845961905949,0.001972018816069809
1785124107.5881793,0.03443029025472905,0.0019713759894264935
1785124107.5927217,0.034432151362287014,0.0019707211396883563
1785124107.5991778,0.03443405333719685,0.001970049718582228
1785124107.6027124,0.034435983255035336,0.0019693652227446698
1785124107.6075397,0.034437968757976806,0.001968658121257747
1785124107.6120584,0.034439978238360223,0.0019679400063325535
1785124107.6166608,0.034442145699212945,0.00196715992534125
1785124107.6228123,0.03444439186206004,0.0019663497574751053
1785124107.6267512,0.03444695465233197,0.0019654225603292167
1785124107.6321125,0.034449533635579704,0.0019644851098055706
1785124107.6372259,0.034452127940050044,0.001963538312709509
1785124107.6434531,0.03445469398246026,0.0019625952834681627
1785124107.6465964,0.03445731374981648,0.001961626576754787
1785124107.65207,0.03445995061737281,0.001960645504619448
1785124107.657407,0.034462673477988266,0.0019596276547401174
1785124107.6616006,0.034465402474988534,0.001958604298240915
1785124107.6670732,0.034468165925968144,0.001957563543108677
1785124107.6737666,0.03447109788612093,0.0019564545576878766
1785124107.6766112,0.0344740611039906,0.0019553323973627826
1785124107.6821327,0.034477124923895014,0.0019541636389024844
1785124107.6875896,0.03448022355516279,0.001952978893380184
1785124107.6919851,0.03449024041362317,0.0019491245416878404
1785124107.700585,0.0344970971173139,0.0019464735173139673
1785124107.704216,0.03450266943761667,0.0019443136593745613
1785124107.706494,0.0345072243254726,0.001942545306798554
1785124107.7113764,0.03451764003956979,0.0019384794757109564
1785124107.7166548,0.034525209471781095,0.001935507735956003
1785124107.723506,0.03453117564226608,0.0019331529092020678
1785124107.7265248,0.03453602452716379,0.0019312317042553177
1785124107.7315724,0.034540536464210334,0.0019294361160429366
1785124107.7374825,0.03454999860516023,0.001925643587424397
1785124107.7416716,0.034556767115421806,0.0019229125827579664
1785124107.7462764,0.034562086612706586,0.001920751384915511
1785124107.7536414,0.03456678914171194,0.0019188340599195122
1785124107.7582166,0.0345783688362385,0.0019140888656689946
1785124107.762059,0.03458593343662405,0.0019109720302652737
1785124107.7669747,0.03459184500632133,0.0019085242877647434
1785124107.7730303,0.03459660778000162,0.001906543922486085
1785124107.7766893,0.03460063300419184,0.001904860374981857
1785124107.7822504,0.03461149447526967,0.0019002882236583535
1785124107.7874744,0.03461881895356717,0.0018971931253771851
1785124107.7914057,0.0346242773423908,0.001894876770802724
1785124107.7982748,0.03462866995191536,0.0018930032102978107
1785124107.8014455,0.034639668093747696,0.0018882979957919165
1785124107.8066363,0.034647021127349735,0.0018851329284392546
1785124107.811521,0.03465243229453293,0.0018827948591711113
1785124107.8170586,0.034656680611739085,0.0018809496756735692
1785124107.8222773,0.03466040525725434,0.0018793235558261679
1785124107.8274581,0.0346688153450946,0.0018756353895713672
1785124107.8318992,0.03467430878932133,0.0018732123408552706
1785124107.8377275,0.034678722406255275,0.0018712564671670461
1785124107.842055,0.03468942600207882,0.00186648981686915
1785124107.8468046,0.03469612542753585,0.0018634925419584605
1785124107.851855,0.03470106066216342,0.0018612744846190435
1785124107.858242,0.03470489418066301,0.0018595412474677253
1785124107.8619301,0.03471300278342531,0.0018558478867886313
1785124107.8677137,0.03471850732782949,0.0018533250231593072
1785124107.8727033,0.03472277812006064,0.0018513584509072807
1785124107.8774402,0.03472602785582673,0.0018498508855042154
1785124107.8821802,0.03473287607758249,0.0018466602382031056
1785124107.8953707,0.03473762063969863,0.0018444436078726768
1785124107.8967154,0.034741429024279756,0.0018426560715556813
1785124107.902371,0.03474840408560769,0.001839365147902333
1785124107.906812,0.0347534362679249,0.0018369742136792326
1785124107.9090831,0.034757260327542186,0.001835143127307744
1785124107.9118595,0.034760496072181075,0.0018335813980917396
1785124107.9170759,0.03476697133990461,0.001830433091809301
1785124107.9235017,0.034771552815009876,0.001828189034017712
1785124107.92689,0.03485297798062724,0.0017881156206456094
1785124107.9317415,0.03497541350476205,0.0017275404111949278
1785124107.9377677,0.035123345707694695,0.0016540673300896092
1785124107.9421704,0.03527585821703677,0.001577826410572011
1785124107.9467611,0.03543095870124192,0.0014998057312003942
1785124107.9522367,0.035594716543538615,0.0014169243577549977
1785124107.9570382,0.035753444222571394,0.0013361085469550571
1785124107.962542,0.03591307377431456,0.0012545070882772832
1785124107.9666505,0.03607287708451517,0.0011724672458844265
1785124107.9740872,0.0362338204920928,0.0010894117848564747
1785124107.976993,0.03639368018626426,0.00100653328605062
1785124107.981865,0.036557137642368946,0.0009214015493014916
1785124107.9876342,0.03671844159770565,0.0008370050047773329
1785124107.9922235,0.036879696982126224,0.000751962432863608
1785124108.0026395,0.037040267931178913,0.0006668535946140004
1785124108.00871,0.03720128014565916,0.0005812071435968012
1785124108.0117793,0.03736815050268335,0.0004918714109834624
1785124108.016343,0.03752637701655107,0.00040673646594518705
1785124108.0232549,0.03768377505493755,0.0003215813713180474
1785124108.0270295,0.03784742266858772,0.0002326896121421454
1785124108.0320733,0.03800929367771563,0.00014441404440631965
1785124108.0383437,0.03817083636900578,5.593575261542629e-05
1785124108.042939,0.03833108065517471,-3.241320213952322e-05
1785124108.0472832,0.03849444437460829,-0.00012292565441395068
1785124108.0525932,0.0386587112508331,-0.00021450314599599676
1785124108.058135,0.03881525389777424,-0.00030211305555325006
1785124108.0624146,0.038973351783885765,-0.00039094987737471186
1785124108.0668752,0.03913215731244717,-0.00048069042470594265
1785124108.0729833,0.03929203315489343,-0.000571613732458473
1785124108.0775921,0.039453408139676016,-0.0006638964155630377
1785124108.0823545,0.039614481582709915,-0.0007564361799341228
1785124108.0880148,0.03977563972552165,-0.00084947441703287
1785124108.091799,0.039941342686812716,-0.0009455027430990625
1785124108.0974734,0.040103034919517486,-0.001039572237648672
1785124108.108027,0.04025803509461173,-0.0011301585128022655
1785124108.1121833,0.04042026216295609,-0.0012254628771084103
1785124108.117614,0.040580843655994014,-0.0013202448667541137
1785124108.123411,0.040737935817225575,-0.001413423233647453
1785124108.1282876,0.040823335843214584,-0.0014642766617337306
1785124108.1327467,0.040868161371820144,-0.0014910551674515015
1785124108.1382005,0.04089928629325908,-0.0015097297667210298
1785124108.1425145,0.04091653754119167,-0.0015201319362659847
1785124108.1476507,0.040933212158753604,-0.0015302391719004313
1785124108.1525128,0.04094241758825919,-0.0015358402373885642
1785124108.158002,0.04095198302238546,-0.001541681946672566
1785124108.1623867,0.040964108842144145,-0.0015491290477102505
1785124108.1670632,0.0409732846205194,-0.0015547896218361995
1785124108.1734629,0.040978331906245655,-0.001557914738572064
1785124108.1795857,0.040990821280374894,-0.0015656918737845672
1785124108.181875,0.04099741502403656,-0.0015698242686825253
1785124108.1876907,0.041009697883949876,-0.0015775560166914995
1785124108.1923096,0.04101958204417633,-0.0015837982657491095
1785124108.197396,0.04102488493153315,-0.0015871586550623982
1785124108.2022421,0.041036379134056784,-0.0015944843544297527
1785124108.212341,0.041045915610306724,-0.0016005860013452713
1785124108.2166288,0.04105645938812261,-0.0016073520753537237
1785124108.2231905,0.04106970999545255,-0.0016158945826241567
1785124108.2268333,0.04107647320033402,-0.0016202702624182588
1785124108.2313113,0.04108583240995825,-0.0016263489967594477
1785124108.2374759,0.041099192190445055,-0.0016350758479702818
1785124108.2419562,0.041108784442400896,-0.001641362733464808
1785124108.246901,0.04111316873485773,-0.0016442443678822592
1785124108.2546856,0.04112532235739405,-0.0016522798870046804
1785124108.2591414,0.041134762492990945,-0.0016585387649187778
1785124108.2623882,0.04114570034360019,-0.0016658137285572693
1785124108.2674131,0.04115938783626095,-0.0016749545165879226
1785124108.2742643,0.041166140362350744,-0.0016794859938788508
1785124108.2776682,0.0411755019496518,-0.0016857883597170852
1785124108.2835958,0.041189641575816026,-0.0016953343188520664
1785124108.289307,0.04120011828527501,-0.001702451602068773
1785124108.2940428,0.04120474077428869,-0.0017056017062575418
1785124108.297688,0.04121754377604984,-0.0017143626100765152
1785124108.3045382,0.04122746762281112,-0.001721170628741593
1785124108.307882,0.04123833973514367,-0.0017286678990774496
1785124108.3184967,0.041247237360772335,-0.0017348306772904673
1785124108.3232496,0.04125582200297274,-0.001740794082056655
1785124108.3272028,0.04126416217523404,-0.0017466036483875405
1785124108.3329144,0.041278202355119295,-0.0017564400565180894
1785124108.3377893,0.04128455215094831,-0.001760912085384048
1785124108.342004,0.04129842748379343,-0.0017707148595707983
1785124108.3468313,0.04131111976463414,-0.0017797192170616338
1785124108.352011,0.041323444493509026,-0.0017884891656870312
1785124108.357851,0.04133389461061883,-0.0017959497133924133
1785124108.3627458,0.04134557714271431,-0.001804319667847224
1785124108.3676996,0.04136108435393904,-0.0018154766514131078
1785124108.3752148,0.04136835986110824,-0.001820727774528859
1785124108.3778174,0.04138234938610554,-0.0018308672516075628
1785124108.3817172,0.04139243797166025,-0.0018382081454405576
1785124108.3885021,0.0414044319079172,-0.0018469798515014916
1785124108.3920937,0.041419289041960364,-0.0018579187040472366
1785124108.3979018,0.04142615439998852,-0.0018629944699528388
1785124108.4031863,0.041439970863858776,-0.001873250916282752
1785124108.4074688,0.04145559921226322,-0.001884891888655433
1785124108.4124906,0.041462738228416625,-0.0018902331154274268
1785124108.4216971,0.04147593560516433,-0.0019001655446040807
1785124108.426366,0.04148574894097741,-0.001907576265053391
1785124108.4288952,0.04149946787019414,-0.0019180046838757777
1785124108.4316244,0.04151141545101449,-0.0019271034299595065
1785124108.4365103,0.04152572457329883,-0.0019380359454378103
1785124108.4416325,0.041539171213309085,-0.00194834372383655
1785124108.4467134,0.04154929988335125,-0.001956134643343706
1785124108.452808,0.041564180845804856,-0.0019676325888593835
1785124108.4577053,0.04157520458691015,-0.001976187997580389
1785124108.4625587,0.04159065106416093,-0.0019882216918913676
1785124108.467,0.04160108837068432,-0.001996387790184156
1785124108.473516,0.041615109489288,-0.0020074283031880765
1785124108.477882,0.04162701705615448,-0.002016842671538571
1785124108.4813797,0.04164154499507089,-0.002028369741766296
1785124108.48789,0.04165113366542301,-0.0020360201474178114
1785124108.4923398,0.041664501811433205,-0.002046743110340572
1785124108.497307,0.041678337914131745,-0.002057905465756477
1785124108.50239,0.04168944237686687,-0.0020669033682180456
1785124108.507692,0.04170261584425049,-0.0020776212384430426
1785124108.5118873,0.04171070346142486,-0.002084225125745952
1785124108.522679,0.04172258668075182,-0.002093981580999904
1785124108.5253828,0.04173530887640018,-0.0021044624833664867
1785124108.5285738,0.04174860338958861,-0.0021154593200454143
1785124108.5333037,0.041759009651889556,-0.002124099350834539
1785124108.5379035,0.04177128448271203,-0.002134347622823098
1785124108.5417926,0.04178353156119642,-0.002144577084517363
1785124108.5465956,0.04179088107007641,-0.0021507386699018247
1785124108.5511644,0.041802442468270876,-0.0021604692933819263
1785124108.557558,0.041815082288236126,-0.0021711474340831336
1785124108.5623507,0.04182759092956433,-0.0021817617598637214
1785124108.5674605,0.041840281369106856,-0.002192587933711228
1785124108.5734034,0.04184754721003224,-0.0021988125232601996
1785124108.5775518,0.041858592716547384,-0.0022083032648513748
1785124108.5821507,0.04187101890786709,-0.002219023503457208
1785124108.587557,0.04188353954026858,-0.0022298476669950253
1785124108.5918012,0.04189628010634534,-0.0022409009168928924
1785124108.596909,0.04190851078669558,-0.0022515432693548994
1785124108.6018603,0.04192030600306068,-0.002261851264587014
1785124108.607364,0.041932263807231265,-0.00227234302188778
1785124108.6124334,0.041944499254894636,-0.0022831343316419388
1785124108.6214447,0.041950746433308886,-0.002288665591334048
1785124108.6255527,0.041961429580711314,-0.0022981578658217514
1785124108.6268938,0.041972669791738,-0.0023081793054394928
1785124108.631726,0.04198496465966417,-0.002319179012533692
1785124108.6372986,0.04199748382890552,-0.0023304347520012006
1785124108.642307,0.04200985224821445,-0.0023415979078278905
1785124108.6469893,0.0420216123865707,-0.002352251237576633
1785124108.651686,0.04203338229183574,-0.002362953544672813
1785124108.6590168,0.0420448440929775,-0.0023734033683905707
1785124108.662747,0.04205595530929756,-0.0023835774892607665
1785124108.6674025,0.04206722739941494,-0.002393935188166284
1785124108.6781175,0.04207765690929573,-0.0024035502685282105
1785124108.6808248,0.042088209402459796,-0.002413318204905018
1785124108.68329,0.04209958045293673,-0.0024238710004507867
1785124108.6871479,0.0421107714777392,-0.00243430013113557
1785124108.6928177,0.04212189138523991,-0.0024446940625886602
1785124108.6973178,0.04213287988629897,-0.002455009902639055
1785124108.7023509,0.04214304054842816,-0.00246458237093268
1785124108.7081742,0.04215309836185679,-0.002474084975104783
1785124108.7122316,0.04216298352889867,-0.002483458507437774
1785124108.7251859,0.04217291358309912,-0.0024928945136397903
1785124108.7294228,0.042182261636949284,-0.0025018099333653414
1785124108.7331138,0.04219119197737988,-0.002510359184384282
1785124108.738063,0.04220007458801826,-0.002518884888928533
1785124108.7423599,0.04220882418516228,-0.0025273216639772446
1785124108.7479365,0.04221713047344523,-0.002535359603887501
1785124108.7519932,0.04222514790024889,-0.002543145638248661
1785124108.7581794,0.04223310200600424,-0.0025509014273811946
1785124108.7629576,0.04224123044503322,-0.0025588603462414817
1785124108.7673125,0.04224906549981234,-0.0025665556851722643
1785124108.7749617,0.04225681362180553,-0.002574186909711525
1785124108.7784214,0.04226423738038856,-0.0025815248983564257
1785124108.7823808,0.04227098450905411,-0.002588227848182198
1785124108.78756,0.04227773479320891,-0.0025949630849226714
1785124108.793092,0.042284240830041515,-0.0026014897808955984
1785124108.7980323,0.042290820850738556,-0.0026081225714054135
1785124108.8037927,0.04229717953145501,-0.002614552508402066
1785124108.8086329,0.04230358676272405,-0.0026210543156834232
1785124108.8128586,0.04230937168353021,-0.0026269459581576312
1785124108.81716,0.04231495311074032,-0.0026326496976637496
1785124108.8306606,0.04232052831902367,-0.0026383764112611814
1785124108.8340275,0.04232538087841337,-0.0026433814488452134
1785124108.8365903,0.042330031992834506,-0.002648198342953154
1785124108.8417702,0.04233445448084049,-0.0026527927820130773
1785124108.8465147,0.042338500093676734,-0.002657007578268019
1785124108.8520055,0.04234236172428149,-0.002661044053495163
1785124108.8587132,0.04231779286151918,-0.002635263966984315
1785124108.8625784,0.04234952538989714,-0.0026687291502681134
1785124108.8670385,0.04236075179657535,-0.0026806222683249405
1785124108.873498,0.04235044618865364,-0.0026696387345469296
1785124108.877325,0.042352335716569794,-0.0026716595903451762
1785124108.8817801,0.0423429107582118,-0.0026615331830183693
1785124108.887375,0.04233241554160668,-0.002650226269579232
1785124108.892975,0.0423066873947516,-0.0026223929513090665
1785124108.8974595,0.04227632807150718,-0.002589449329214414
1785124108.9023972,0.04226425550535267,-0.002576306971017444
1785124108.9082606,0.04224195089829436,-0.0025519661990412714
1785124108.912134,0.04218596158935823,-0.002490595207384464
1785124108.9173548,0.04214909786894495,-0.0024500347149407514
1785124108.9338617,0.042086979198963884,-0.0023814078286078667
1785124108.9350944,0.04205187806747332,-0.0023424552970717416
1785124108.9371018,0.04198797133334258,-0.002271242464134075
1785124108.939818,0.04190946440115441,-0.002183451589865199
1785124108.942184,0.041822428581187905,-0.0020856009845880525
1785124108.9464886,0.041731273254866565,-0.00198251943589306
1785124108.9524424,0.04163582895123994,-0.0018738336884639246
1785124108.9595678,0.04154454896021985,-0.0017693989721282131
1785124108.9622018,0.041451503105810264,-0.0016623873628929388
1785124108.967937,0.04135565225801217,-0.001551411428120185
1785124108.9745774,0.041257447835454014,-0.0014371761048598798
1785124108.977222,0.04116083043001861,-0.0013240476561113134
1785124108.981859,0.0410574486523251,-0.0012021861298511932
1785124108.9874413,0.040954917378763986,-0.0010804741507005162
1785124108.9923744,0.04085404048178145,-0.0009597528768009765
1785124108.997067,0.040754944714584546,-0.0008403788403648878
1785124109.0028136,0.0406600937079968,-0.000725400599048727
1785124109.010577,0.040565038664505025,-0.0006094437086845701
1785124109.0139012,0.04047071510870524,-0.0004934594850189866
1785124109.0179355,0.04037652168074055,-0.00037696147601468523
1785124109.0231729,0.04028604098249717,-0.0002642835652640611
1785124109.033386,0.04019374734324268,-0.00014858283604264974
1785124109.0391035,0.04010256597792482,-3.348823276529013e-05
1785124109.0429995,0.04002072301274664,7.057828743268323e-05
1785124109.0477886,0.03994356650212599,0.00016928148993518137
1785124109.0528684,0.03986541748918071,0.00027012316640138653
1785124109.0585725,0.03978839237036944,0.000370105110445396
1785124109.0641916,0.039709766197251854,0.0004728038005245189
1785124109.0690398,0.039628203227585874,0.0005801205628527826
1785124109.0739822,0.03954517426567927,0.0006902458926806479
1785124109.0773258,0.03946210616056842,0.0008013568538395131
1785124109.0820055,0.039377775784997675,0.0009149436716298595
1785124109.0868971,0.039291624212879336,0.0010318171710341168
1785124109.092179,0.039211285006714544,0.0011415716466185145
1785124109.0970194,0.03912483665183837,0.0012603558298568433
1785124109.1030743,0.0390330965155425,0.0013872305831125092
1785124109.108516,0.03893380517483991,0.0015256208371724382
1785124109.112884,0.03882612428443747,0.0016768461078780989
1785124109.119049,0.03872238725906526,0.0018232818430566772
1785124109.1255865,0.038623770795610066,0.0019636494133272444
1785124109.1288843,0.03853421825818182,0.002091753665236598
1785124109.1407344,0.03844773305249521,0.0022161003261711863
1785124109.1427715,0.038357590787363234,0.0023465829338893975
1785124109.1470616,0.03827282530736771,0.002469903718484646
1785124109.1518457,0.03819137403912732,0.0025888649871393583
1785124109.1580365,0.03812912438357368,0.0026802167692187464
1785124109.1624231,0.03806473793403791,0.0027749362518900704
1785124109.1668391,0.03800218035132074,0.0028673599400370424
1785124109.172061,0.03794430302921273,0.002953238889053892
1785124109.1768827,0.03790108300262863,0.0030175045212275193
1785124109.182071,0.0378700188062432,0.0030637600337501923
1785124109.1873765,0.03784459428090219,0.003101710935526695
1785124109.1931865,0.03782131710923008,0.0031365307319897507
1785124109.1978045,0.037796717882167034,0.003173380854723863
1785124109.2029328,0.03777784805786952,0.003201756898363308
1785124109.2082374,0.037762390494258544,0.0032250465117956185
1785124109.2120357,0.03774524617349993,0.003250952962679879
1785124109.2168925,0.037735317066603255,0.003265991308873681
1785124109.2231443,0.03772545482109962,0.003280998768023796
1785124109.2273552,0.03772208385670353,0.00328614950623227
1785124109.232093,0.03771774957784288,0.003292813184607686
1785124109.2416902,0.03771058467170628,0.003303855253192717
1785124109.243714,0.037716437903391874,0.0032947919727576865
1785124109.2482748,0.037708550230789215,0.0033070823840744626
1785124109.2524192,0.037720256059386024,0.0032887398057669603
1785124109.259706,0.03774011361226407,0.003257363292234835
1785124109.2631636,0.03774259550234719,0.003253408562169264
1785124109.2680159,0.03775489436433428,0.003233663476891188
1785124109.273588,0.03778110576977209,0.003191301431099926
1785124109.2787294,0.03779359348650507,0.003170943842244781
1785124109.2824,0.03780788349750929,0.0031474662537050928
1785124109.2874866,0.037831366081014985,0.003108507777915005
1785124109.2937343,0.03784049637758282,0.003093214029761666
1785124109.296872,0.03786664905588089,0.003048933474515219
1785124109.3019974,0.037898115525518444,0.0029951017393217865
1785124109.30817,0.037914102656818834,0.00296747956040985
1785124109.3121612,0.03794516739336251,0.002913248267793161
1785124109.317063,0.037961854833340566,0.0028838252130211467
1785124109.3242712,0.037993073588596604,0.0028281640163052182
1785124109.331424,0.038019891835964645,0.002779806846879907
1785124109.3451033,0.03804009603131884,0.002742930262350195
1785124109.3540878,0.03806472518923101,0.002697444043715479
1785124109.3572454,0.038083883884261156,0.002661675187097663
1785124109.3600326,0.038105290646353006,0.0026212414296440654
1785124109.3653252,0.03813275678436608,0.002568724982937186
1785124109.370787,0.038154989255178566,0.002525639680146619
1785124109.37547,0.03817611397106482,0.0024841952509170495
1785124109.3781147,0.038204531052147786,0.0024277938640805295
1785124109.3818247,0.038225046915152674,0.002386558419342314
1785124109.3874233,0.03825292172958414,0.0023299751347758174
1785124109.3938878,0.0382769824816565,0.002280704785511773
1785124109.3975968,0.03830301728862269,0.0022268601854497777
1785124109.4027011,0.03833329795397032,0.00216364618037134
1785124109.40782,0.03835476731813281,0.002118509391468172
1785124109.411479,0.03838328533446225,0.0020577753160239396
1785124109.4166682,0.038411033904262426,0.0019981571126198557
1785124109.4250498,0.03843913948115772,0.0019373091593013977
1785124109.4274883,0.03847090231713945,0.0018680387491182896
1785124109.4313366,0.038505340743383756,0.001792358993174715
1785124109.4373007,0.03853866927514143,0.0017188304890099126
1785124109.4433053,0.03857345691036988,0.0016417693348078587
1785124109.449682,0.0385998780652177,0.0015831167795113251
1785124109.4514155,0.03863620161145079,0.001502351966802654
1785124109.4583032,0.038668744736372336,0.0014298261597749443
1785124109.4620001,0.03869557777125277,0.0013698710661092864
1785124109.4669883,0.03873106834874364,0.0012903108511365423
1785124109.4719524,0.0387635000908286,0.0012172859105156924
1785124109.4778476,0.038796338125463355,0.0011431078048832664
1785124109.4830484,0.038840417681798724,0.0010432353798468913
1785124109.4869258,0.038885774860933926,0.0009403995991529424
1785124109.4932928,0.03892027602886412,0.0008623016609842564
1785124109.4967706,0.038965445458976546,0.0007602383785281485
1785124109.502143,0.039000263264623664,0.0006815238141986582
1785124109.5066216,0.03903548673989938,0.0006019668004657453
1785124109.5113773,0.03907484789501565,0.0005131587076502352
1785124109.5167015,0.03911218039134133,0.000428960384268815
1785124109.5221944,0.039148878366060874,0.00034642865299122476
1785124109.528087,0.039187799762641536,0.0002591376433533619
1785124109.5314088,0.039219475103536704,0.00018825571932573777
1785124109.536947,0.03925820737670979,0.00010185897932127327
1785124109.542058,0.039294903650956434,2.0184960941427866e-05
1785124109.5490472,0.039324685419017104,-4.591829650095106e-05
1785124109.5511703,0.03936775863856872,-0.00014134907592269386
1785124109.5561268,0.03940061885165769,-0.00021380469789648995
1785124109.562317,0.03942674849861335,-0.00027129158485725914
1785124109.5665972,0.03945828064356542,-0.0003404169901089015
1785124109.5721724,0.0394920564458829,-0.00041435940458044716
1785124109.577808,0.0395181820906343,-0.00047141601140272685
1785124109.582202,0.03954886958946929,-0.0005383970298166477
1785124109.5879571,0.0395859709333323,-0.0006192232921932294
1785124109.5936258,0.039613404443145046,-0.000678848241721026
1785124109.59768,0.03964289526581386,-0.0007428551746898281
1785124109.6014767,0.039666171141255396,-0.0007934488771989567
1785124109.6076956,0.03969353048732003,-0.000852862196360538
1785124109.6121347,0.03971518587211102,-0.0008999847797022854
1785124109.616795,0.03973908872238923,-0.0009520412174122062
1785124109.622712,0.03975724249476748,-0.0009915828422900536
1785124109.6279073,0.03978009232406721,-0.0010413478533929494
1785124109.632372,0.03979682613710212,-0.001077829805407332
1785124109.6372015,0.03981879172494009,-0.0011257878833439317
1785124109.642486,0.03983544045677945,-0.0011622384624933066
1785124109.6509361,0.03985883133734201,-0.0012134361585512724
1785124109.6541548,0.039876208189458695,-0.0012515067762805996
1785124109.6564467,0.03988916476654106,-0.0012799137029290634
1785124109.6622028,0.03990705047330585,-0.0013192211754762223
1785124109.6670375,0.039919280993865526,-0.0013461933203196368
1785124109.6720061,0.039928795427135844,-0.0013672116680940717
1785124109.677585,0.039936629734130376,-0.0013845533753725286
1785124109.6829991,0.03994907788417761,-0.0014122460520470594
1785124109.6873512,0.03995807564512778,-0.001432341210778322
1785124109.6918242,0.03996461894903004,-0.0014469909454204602
1785124109.697072,0.03996999063732381,-0.0014590441124836175
1785124109.7015872,0.03997894323504702,-0.001479160188470146
1785124109.7073228,0.03998512002360078,-0.0014930863209631606
1785124109.7123187,0.03998975890307895,-0.0015035911559123096
1785124109.7170467,0.039993000449553034,-0.0015109443229227248
1785124109.7224119,0.03999543727200845,-0.001516501287890286
1785124109.7293544,0.03999717093971277,-0.0015204743319329884
1785124109.732273,0.03999836167445846,-0.0015232100463077394
1785124109.7373579,0.03999907810500148,-0.001524863099989636
1785124109.7438283,0.039999362882272634,-0.0015255241102768735
1785124109.7535315,0.03999924941765265,-0.0015252598883117006
1785124109.759059,0.03999128760959677,-0.0015065968682248098
1785124109.7628582,0.03997676891086635,-0.0014723085466432405
1785124109.7683902,0.03996187025504511,-0.0014370205521513969
1785124109.7725327,0.039949170051858315,-0.0014067483847744447
1785124109.7783601,0.03994288284560865,-0.0013916977913418973
1785124109.7828217,0.03993880055352586,-0.0013818765653160678
1785124109.7873201,0.039935501559366725,-0.0013738909522554663
1785124109.7931223,0.039932246706091225,-0.001365957076304541
1785124109.7998927,0.039928862871551896,-0.00135765910487129
1785124109.8024528,0.03992540668316355,-0.0013491190302902204
1785124109.8074043,0.03992181706123983,-0.001340161586288298
1785124109.8129272,0.03991784925032273,-0.0013301971803253213
1785124109.8169475,0.0399134118647187,-0.0013189641933049631
1785124109.8223715,0.03990862913984737,-0.0013067597063306446
1785124109.8296673,0.03991139494009156,-0.0013138973162070793
1785124109.833388,0.0399150203384443,-0.001323349472015008
1785124109.8372982,0.03990455170785006,-0.0012957353590015036
1785124109.844841,0.039896360459989545,-0.0012738809950405654
1785124109.8469565,0.039897589086011036,-0.0012771987224777853
1785124109.8561456,0.03988538445564697,-0.0012438264498025038
1785124109.8588352,0.039876443948466705,-0.001219042826848607
1785124109.8619223,0.039861183971519124,-0.0011760905706393956
1785124109.866497,0.03985239794811244,-0.0011510759365039756
1785124109.8726323,0.03983798207129883,-0.0011094138669599462
1785124109.8779173,0.03983976676099578,-0.0011146514903535487
1785124109.8820348,0.03983796746822285,-0.0011092883872851173
1785124109.8875477,0.03982183216742406,-0.0010604043330862095
1785124109.8926451,0.03982757609856541,-0.0010780969005541252
1785124109.8974495,0.03981308530766049,-0.0010326367564118622
1785124109.9027722,0.039801322164494335,-0.0009951633356125626
1785124109.9071112,0.03978991236033045,-0.0009583053924521555
1785124109.9135044,0.03978500193093839,-0.0009422448311511835
1785124109.917124,0.03976634797523681,-0.0008803759924556371
1785124109.9225159,0.03976759937354963,-0.0008846049048989074
1785124109.9293878,0.03975135396678795,-0.0008291560699053722
1785124109.933448,0.03972807068448391,-0.0007483757835166768
1785124109.9375885,0.03972717405963774,-0.0007452087873470436
1785124109.9433508,0.03971134112201238,-0.0006885888991854712
1785124109.9482396,0.039704060519187366,-0.0006622404055662609
1785124109.9631555,0.039693959960023124,-0.0006251664262996524
1785124109.964511,0.039675057899515684,-0.0005548480776872049
1785124109.9673915,0.03967168050197734,-0.0005421245676462744
1785124109.97248,0.039656435347197795,-0.00048409812874707667
1785124109.9774675,0.039648772858364066,-0.00045455790183176846
1785124109.9814773,0.039647730657956945,-0.00045047988592534637
1785124109.986385,0.03963941271998542,-0.0004175837581069588
1785124109.9934535,0.03963148022891621,-0.0003859207873110391
1785124109.997751,0.03962708671102718,-0.0003682001254957439
1785124110.0030625,0.03962237134752891,-0.00034896794239198606
1785124110.0072186,0.039616391654349735,-0.00032442860416061426
1785124110.0128012,0.03960981813808755,-0.00029729393266212864
1785124110.0175128,0.03960233775747561,-0.00026623562851473025
1785124110.0219197,0.03959450882251251,-0.0002336541901022656
1785124110.028745,0.039581873548060406,-0.00018091198086550792
1785124110.0322545,0.03956860053163032,-0.00012527852588836336
1785124110.0368822,0.03955692526297531,-7.61637750657524e-05
1785124110.0430298,0.03954612107342313,-3.065540352437665e-05
1785124110.0488832,0.039536715598948856,8.956633108057875e-06
1785124110.0521846,0.03952812557775672,4.5105662737640363e-05
1785124110.064731,0.039520621855103376,7.672372216387951e-05
1785124110.0679874,0.03951376911661892,0.00010557564304728731
1785124110.0728292,0.03950724579544588,0.00013296645186850901
1785124110.0782464,0.03949957668493137,0.00016513442736373652
1785124110.0813634,0.039491927249041534,0.00019712597241234084
1785124110.087162,0.039488746583373556,0.00021031391957978502
1785124110.0929592,0.039481941300210106,0.00023835828704321503
1785124110.0978346,0.03947485186099228,0.00026746548183892926
1785124110.1031296,0.039468359385975364,0.0002938973600056968
1785124110.1069684,0.03946660336067088,0.0003010079953416825
1785124110.11225,0.03946166690841252,0.0003208567729133413
1785124110.1174064,0.039456355051661916,0.0003421242109247554
1785124110.122409,0.039455559093661385,0.0003452931535703147
1785124110.1299205,0.03945037601151001,0.0003656421149414927
1785124110.133882,0.039444611830228585,0.0003881635726857454
1785124110.1374032,0.03944858167509408,0.0003728020357627081
1785124110.1422815,0.03944595812902678,0.00038290084167391436
1785124110.1470594,0.039441865495874626,0.00039853875289269576
1785124110.1518126,0.039438145940600654,0.00041261464551194745
1785124110.1571167,0.03943526158653024,0.00042341442337292563
1785124110.16854,0.039433263886572895,0.0004308191166109519
1785124110.1735125,0.03943176249027513,0.00043635390828735944
1785124110.1782122,0.03943233197684892,0.00043428164869964664
1785124110.1823986,0.03943353848617681,0.0004299344346833353
1785124110.1874585,0.03943500518922901,0.00042469673334589444
1785124110.194613,0.039436629369896545,0.0004189563901929158
1785124110.1991858,0.03943849013475353,0.0004124247228560503
1785124110.2037265,0.039440637353829286,0.00040495199307836685
1785124110.2077482,0.039443135795712514,0.00039634788006716917
1785124110.2127855,0.03944595846621782,0.0003867538535479871
1785124110.2172546,0.039449111767851645,0.00037617004491326093
1785124110.2220848,0.039452566595803665,0.0003646863322744412
1785124110.2279124,0.03945832918851666,0.0003457259649913151
1785124110.2328212,0.03946473031365619,0.00032486850209183856
1785124110.2376082,0.0394710804616639,0.000304380691717225
1785124110.2420447,0.03947754035995111,0.00028372764018116974
1785124110.247336,0.039483958252721225,0.0002634119638543422
1785124110.2522368,0.03949028070199152,0.00024360223624019162
1785124110.2567623,0.03949671623127898,0.00022365158227068295
1785124110.2627368,0.03950333604087904,0.0002033434910860321
1785124110.274396,0.039510357671743254,0.00018206578446954382
1785124110.279672,0.03951608456023894,0.00016486589912827036
1785124110.2827492,0.03952714915310004,0.00013188274859294043
1785124110.287071,0.03953969893638519,9.484554929311896e-05
1785124110.2917392,0.03955142225771484,6.051913666977025e-05
1785124110.2980053,0.039561709308496486,3.065184265070059e-05
1785124110.3022294,0.03957332974844905,-2.762694710911544e-06
1785124110.3071582,0.0395845805612735,-3.490764892298796e-05
1785124110.3129423,0.039595730324457006,-6.65167173577839e-05
1785124110.3173814,0.03960670757602265,-9.741051756494624e-05
1785124110.3222551,0.039617165748157455,-0.0001265762135475029
1785124110.330535,0.0396267252849636,-0.00015312207629627429
1785124110.334377,0.039635887540394064,-0.00017840278295462242
1785124110.3378286,0.0396442015893106,-0.00020127993388444364
1785124110.3420885,0.039651693894174965,-0.00022175952905156336
1785124110.3474164,0.03965879674195859,-0.00024111602406328624
1785124110.3526192,0.03966559292162565,-0.0002595714011344041
1785124110.3568258,0.03967258430358635,-0.00027851841879657994
1785124110.3621914,0.03967962032574406,-0.0002975451041796317
1785124110.3667943,0.039686610478309126,-0.0003164391339807187
1785124110.3768036,0.0396941590672968,-0.00033681729349084057
1785124110.3783429,0.03970227680183065,-0.00035878141895548214
1785124110.3811862,0.03971011446138414,-0.00037998562625864976
1785124110.3863664,0.03971842480033003,-0.00040257138853021777
1785124110.3920584,0.03972730172903564,-0.00042681611121224796
1785124110.3971963,0.03973729261439531,-0.00045410316692548523
1785124110.4015338,0.03974814128177679,-0.00048379750219250384
1785124110.4070194,0.039759652194421624,-0.0005153950839806969
1785124110.4131606,0.039771924185636694,-0.0005490652924325327
1785124110.4168968,0.039784928115879865,-0.0005848177503969127
1785124110.423282,0.03979832184414166,-0.0006217505044264957
1785124110.428891,0.039812851834533425,-0.0006617962420220813
1785124110.4325023,0.03982789750689536,-0.0007032417549742184
1785124110.4372706,0.0398436659809751,-0.0007467448656341018
1785124110.4417975,0.03986105740962365,-0.0007947678715782639
1785124110.4472516,0.03987880241703056,-0.0008438732723849936
1785124110.4533794,0.039896864416561595,-0.000893897250408005
1785124110.4570932,0.03991539308576632,-0.0009453937955759353
1785124110.4628055,0.03993492228711194,-0.0009997152166362471
1785124110.4670472,0.039955089674267315,-0.0010558254494320261
1785124110.4829605,0.039975097859324404,-0.0011114602030867127
1785124110.4880686,0.03999608751391319,-0.0011697874134327052
1785124110.492742,0.04001686712018864,-0.0012274595365599414
1785124110.4979773,0.040037912109410635,-0.001285799825927438
1785124110.5021873,0.040059358804748334,-0.0013450268047089785
1785124110.506656,0.040081070336234065,-0.0014046621125919738
1785124110.513117,0.040102751472987794,-0.0014641873454496579
1785124110.5174615,0.04012475646130968,-0.0015244350136428917
1785124110.5221872,0.04014582995366868,-0.0015819141281556268
1785124110.5281348,0.0401663658457685,-0.0016377719100753318
1785124110.5314422,0.040186291995277026,-0.0016917720340635827
1785124110.5364566,0.04020486813684607,-0.0017419116131313916
1785124110.54163,0.040222998335194105,-0.0017906525497265694
1785124110.5475562,0.04024085548663922,-0.0018385426613943753
1785124110.553223,0.04025798237183163,-0.0018841969776531462
1785124110.5573888,0.04027426875808057,-0.001927371245283994
1785124110.5636811,0.04029017834171036,-0.001969338142488772
1785124110.5672126,0.04030489436867153,-0.0020078749070337847
1785124110.5721292,0.040319328746933523,-0.0020454239358100716
1785124110.5780141,0.04033285311417783,-0.0020805331297195253
1785124110.586525,0.04034527506310232,-0.0021125558321329874
1785124110.5890307,0.040356866961091434,-0.002142272397937098
1785124110.5925357,0.0403675316170567,-0.002169452322141856
1785124110.5974371,0.040377766816765935,-0.0021953219852596335
1785124110.6026738,0.04038411423730234,-0.00221126461819777
1785124110.6071942,0.040389158236275105,-0.00222385507151991
1785124110.6134074,0.04039638696099005,-0.0022418054505844013
1785124110.6174986,0.04040202633320244,-0.002255718844804268
1785124110.6230867,0.04040945386683066,-0.0022739850096997333
1785124110.6301775,0.040415833945277674,-0.002289613752556214
1785124110.6331592,0.04042185036858395,-0.002304254463123801
1785124110.6369286,0.04042753523210037,-0.0023180183315005477
1785124110.642104,0.040434888881870114,-0.002335724264626855
1785124110.6472301,0.04044154942792993,-0.002351685271470515
1785124110.6516733,0.040447656627867166,-0.0023662803827010927
1785124110.6573858,0.04045567306864649,-0.002385360827238123
1785124110.6633444,0.040462587843943645,-0.002401792515407663
1785124110.6675272,0.040469144173772835,-0.0024173385917729546
1785124110.6736379,0.04047891423082379,-0.0024404111330307396
1785124110.6784291,0.04048748142786231,-0.002460576581218658
1785124110.6906092,0.0404953946514616,-0.002479100117841607
1785124110.6930556,0.0405018753014014,-0.0024942179433187217
1785124110.697735,0.04050752522944886,-0.0025073133337224366
1785124110.7019203,0.040511679699540934,-0.0025169078255199116
1785124110.7070851,0.040515323339002166,-0.0025252999897817235
1785124110.7122395,0.04051967597901441,-0.0025352932693847572
1785124110.7167668,0.04052319254513311,-0.002543327975997017
1785124110.7220662,0.04052259770650535,-0.002541974448628468
1785124110.729343,0.04052279013027157,-0.00254241054170756
1785124110.7327273,0.04052452739665331,-0.0025463354628986667
1785124110.7375953,0.04052421262911791,-0.002545627071745162
1785124110.7426019,0.040527646251528424,-0.002553314579555532
1785124110.7490554,0.04052701111725535,-0.00255189965933312
1785124110.752786,0.040522555768266154,-0.0025419956687856354
1785124110.7569735,0.04051860927047552,-0.002533260383280259
1785124110.7633493,0.040520609768430124,-0.002537676859968925
1785124110.767523,0.04052335108058676,-0.002543693436831849
1785124110.7717395,0.0405230349601595,-0.002543002660947194
1785124110.7768922,0.04051157997374859,-0.0025181137839175066
1785124110.782928,0.04051263378829577,-0.002520394001210652
1785124110.790737,0.04051106124682909,-0.0025169977470436977
1785124110.7934444,0.040508161797530806,-0.002510752259415026
1785124110.8002574,0.040504499852688614,-0.002502877941962583
1785124110.8027132,0.040509412475317405,-0.00251339509597447
1785124110.807131,0.04050972736771797,-0.002514066940365025
1785124110.8125894,0.04050270838628868,-0.002499160577129568
1785124110.817576,0.040500512409538565,-0.0024945210028926136
1785124110.8221722,0.040501770849241316,-0.0024971733493297614
1785124110.8299034,0.04049981698806352,-0.00249306840481115
1785124110.8320243,0.04049974542831798,-0.0024929186872849427
1785124110.8372874,0.0404899717504637,-0.0024725549697659156
1785124110.8426511,0.04048986949720715,-0.0024723427019689077
1785124110.847929,0.04048699209891014,-0.002466386310924373
1785124110.851798,0.040482818398627926,-0.0024577754551317237
1785124110.8576596,0.04048269932175432,-0.002457530474697281
1785124110.8639078,0.04048620685825828,-0.0024647170836078988
1785124110.8670702,0.04048526470357977,-0.002462795128918047
1785124110.8724713,0.04048180964405075,-0.002455792011023331
1785124110.8783734,0.04048180417635595,-0.002455780971946729
1785124110.8824513,0.040484900333925614,-0.002462015026837663
1785124110.8930142,0.04048366363150497,-0.002459536739034289
1785124110.8983605,0.040480187131015116,-0.002452588865794623
1785124110.9027271,0.04048196368961263,-0.0024561257156486315
1785124110.906817,0.04048214206133102,-0.002456479647921737
1785124110.9132156,0.040479170504193175,-0.0024506104530140306
1785124110.916921,0.04047871275853481,-0.002449709922903938
1785124110.9226043,0.040481011088636575,-0.002454213959437001
1785124110.9267683,0.040478909875124175,-0.0024501033714517846
1785124110.932263,0.04047694146692117,-0.0024462696641357746
1785124110.936734,0.04047428330696614,-0.0024411094248184247
1785124110.9417343,0.04047146987477386,-0.0024356720616406976
1785124110.9474835,0.04047090361775324,-0.002434581341272461
1785124110.9524977,0.04046724450334359,-0.00242755887380476
1785124110.956643,0.04046668018044061,-0.002426480387050554
1785124110.9638379,0.04046283002153012,-0.0024191417887954084
1785124110.9679356,0.04046242810472606,-0.0024183779927707864
1785124110.9739835,0.04046056374646837,-0.002414849323922214
1785124110.9961026,0.04045920403481414,-0.0024122828162410986
1785124110.9986224,0.040456996121425504,-0.0024081290370730314
1785124111.000917,0.04045561103131023,-0.0024055332128340807
1785124111.0024757,0.04045619247547108,-0.002406621309430869
1785124111.0045428,0.04045278088311267,-0.0024002490619859894
1785124111.0086608,0.0404528323081168,-0.0024003446941453397
1785124111.01248,0.0404512561653646,-0.00239743004389391
1785124111.0168061,0.04045010757405669,-0.002395308313076145
1785124111.0233521,0.040450948700427605,-0.0023968592261955192
1785124111.0284114,0.04044751001121569,-0.0023905274672842156
1785124111.0326679,0.04044778651343075,-0.002391035574870826
1785124111.0372546,0.04044913763891045,-0.002393503724182446
1785124111.0422633,0.04044607928748348,-0.0023879321067937194
1785124111.0482426,0.04044647507172645,-0.0023886515826744238
1785124111.0518403,0.04044503832714155,-0.002386049460354133
1785124111.0574,0.04044293243126867,-0.0023822477261456415
1785124111.0631928,0.040443741238999874,-0.0023837046514463556
1785124111.0675044,0.04044255271347715,-0.0023815709106428623
1785124111.072605,0.04044052295882169,-0.0023779402143380497
1785124111.077101,0.04044104923593906,-0.002378878038749685
1785124111.0819058,0.04044242113968065,-0.0023813173962858765
1785124111.0876665,0.04043924567245696,-0.0023756812409209157
1785124111.092269,0.040439699502632556,-0.0023764844578454533
1785124111.1051743,0.04044140323523682,-0.0023794883042764156
1785124111.1084876,0.040440532412143224,-0.0023779566147731283
1785124111.11317,0.040439977223645535,-0.002376982378881697
1785124111.1174262,0.04044162774076488,-0.002379870389503389
1785124111.1234734,0.040443890993681626,-0.002383815391913938
1785124111.128088,0.040441032726197826,-0.0023788542721153
1785124111.1331518,0.04044130443119202,-0.0023793241891852173
1785124111.137669,0.04044269492328936,-0.0023817203148827843
1785124111.1436393,0.040441560896154714,-0.0023797722808080197
1785124111.1480806,0.040442573071206446,-0.002381508050313346
1785124111.1526327,0.040442663600136285,-0.0023816627517188114
1785124111.1570578,0.04044427099630613,-0.002384391488386095
1785124111.1627307,0.040443322070561775,-0.002382784859410911
1785124111.1669967,0.04044272654185185,-0.0023817813648829155
1785124111.1726766,0.04044431581565305,-0.0023844521182709256
1785124111.1781344,0.04044171354594509,-0.002380092745288095
1785124111.1819646,0.04043812469043379,-0.002374108250652725
1785124111.1875753,0.04043466036455039,-0.002368353227798374
1785124111.1921246,0.04043215362461109,-0.002364203846154002
1785124111.198833,0.04043012450253767,-0.002360858317912289
1785124111.209319,0.040426542583641485,-0.0023549769376943748
1785124111.212182,0.0404244663704283,-0.0023515764567639276
1785124111.217762,0.04042287344247656,-0.0023489740930469163
1785124111.2223299,0.04042136639053659,-0.00234652539440871
1785124111.2270753,0.04042048173959391,-0.0023450938895391393
1785124111.2334952,0.0404197870958833,-0.002343972431167305
1785124111.2377892,0.0404237435213947,-0.0023503559046738004
1785124111.2413526,0.04042615339108582,-0.002354229026478715
1785124111.2472718,0.040425889334232135,-0.0023538060218431358
1785124111.2518506,0.04042843286701884,-0.0023578701059024333
1785124111.2577734,0.04042776717945416,-0.0023568104253391415
1785124111.2623732,0.04042951483888752,-0.002359589958450201
1785124111.2681885,0.04042828210505033,-0.0023576345927746414
1785124111.2720113,0.04042978394364461,-0.002360012657100652
1785124111.2767317,0.04043165827630781,-0.0023629698102076123
1785124111.2820084,0.040433040395443626,-0.00236514450307141
1785124111.286622,0.040440155395722745,-0.0023762820004535876
1785124111.2917657,0.040445744748398224,-0.002385013534060887
1785124111.297885,0.04045069470350796,-0.0023927318777056824
1785124111.3021128,0.04045873640512797,-0.0024052438912072946
1785124111.3129284,0.0404580138434526,-0.002404122295939144
1785124111.3195226,0.04046496394193417,-0.0024149033047471003
1785124111.321562,0.04047385954553969,-0.002428664296903394
1785124111.3229914,0.04047995208292108,-0.0024380459971479855
1785124111.3324718,0.04048187244958756,-0.0024409915482087427
1785124111.3384802,0.04048898665968764,-0.002451870990863929
1785124111.3406224,0.04049774932420308,-0.0024652267750698304
1785124111.3431282,0.04050145492953882,-0.002470861644448467
1785124111.3483222,0.04050932497454629,-0.0024827991559998245
1785124111.3516502,0.040518838672003656,-0.0024971873037411083
1785124111.3575864,0.04052357732658782,-0.0025043377483254217
1785124111.3621578,0.04053274083938138,-0.002518115939040523
1785124111.3678932,0.04054336541537224,-0.002534034450003621
1785124111.3727937,0.04054865477626694,-0.002541936077252209
1785124111.3771968,0.04055582725009746,-0.0025526010702253774
1785124111.3826773,0.04056386754253912,-0.002564514022747194
1785124111.389183,0.04057252027475513,-0.0025772735785012557
1785124111.3924403,0.04057659277739336,-0.002583255811233245
1785124111.3984146,0.040585345107191535,-0.0025960351860325986
1785124111.4018714,0.04059534481911979,-0.002610570584710268
1785124111.408988,0.04060628110139321,-0.002626388965246913
1785124111.412774,0.04061425231901371,-0.002637868851075665
1785124111.417618,0.04062485970773332,-0.0026530965187121615
1785124111.4227216,0.04063019415933653,-0.002660718836693764
1785124111.4293454,0.04063788258469818,-0.002671667057813647
1785124111.4331312,0.040646594320612475,-0.002684020684654088
1785124111.4377062,0.040650124583003655,-0.002689008419922701
1785124111.441607,0.040658387011283166,-0.002700626445007714
1785124111.4484954,0.040667661497771304,-0.0027136208113240283
1785124111.452786,0.0406747441361035,-0.0027234892167354607
1785124111.4575953,0.04068420605445237,-0.0027365969966136514
1785124111.4618564,0.040688316815003185,-0.0027422673437763993
1785124111.4678009,0.040696817334758204,-0.0027539463586209725
1785124111.4721973,0.040703373466056327,-0.0027629115323590937
1785124111.476944,0.040711187658212335,-0.002773551928949874
1785124111.483505,0.0407194191216363,-0.002784697082897098
1785124111.487666,0.04072444565880141,-0.0027914750534597933
1785124111.4930606,0.04072571893015726,-0.0027931841594580073
1785124111.4986231,0.0407320008772987,-0.0028015724423657187
1785124111.502955,0.04073997988494753,-0.002812190149477787
1785124111.5092115,0.04074214696503905,-0.0028150638224269144
1785124111.5125465,0.0407482233821781,-0.0028230832312170673
1785124111.5170064,0.04075192351484424,-0.0028279402217641874
1785124111.522124,0.040758120557646986,-0.0028360394947565238
1785124111.5280468,0.040760440863824916,-0.002839055792606739
1785124111.5334866,0.04075938468973518,-0.0028376869878898306
1785124111.5370903,0.04075987904208684,-0.0028383246389295305
1785124111.5413737,0.04076108928042116,-0.002839878556809626
1785124111.5472946,0.04076253763196953,-0.002841727636951849
1785124111.5519829,0.04075952477211862,-0.002837903918318562
1785124111.5568476,0.040759445035116054,-0.0028378031286654523
1785124111.5616508,0.04076013330027557,-0.0028386690396989436
1785124111.567546,0.040760775105305555,-0.002839471978209182
1785124111.575034,0.040761048465636315,-0.002839812653425192
1785124111.57773,0.040758460000352534,-0.0028365984278217386
1785124111.583957,0.04075865114271552,-0.002836834629915852
1785124111.5880518,0.04075919341706003,-0.0028375022039001502
1785124111.593104,0.04075927417401374,-0.0028376012017653986
1785124111.5981007,0.04075863254094359,-0.0028368162154049103
1785124111.6059349,0.04075495038269066,-0.002832328971495681
1785124111.6111135,0.040752316614049905,-0.002829134673140961
1785124111.6143389,0.04074963595365715,-0.002825896184946661
1785124111.6223102,0.04074664673654958,-0.0028222955240400725
1785124111.6253293,0.040743277596562946,-0.002818253353353179
1785124111.627886,0.040739445891584146,-0.0028136711313307273
1785124111.6328595,0.0407389313309618,-0.0028130578445073593
1785124111.6377354,0.04073878190722206,-0.0028128802129176894
1785124111.6427798,0.04073800631080111,-0.002811960827712074
1785124111.6478512,0.04073637176114264,-0.0028100271758781763
1785124111.652595,0.04073380807369562,-0.002807001141638317
1785124111.6583612,0.04073037483231462,-0.002802962592824994
1785124111.6625872,0.0407264893112262,-0.0027984004398951077
1785124111.667676,0.040721979844363154,-0.0027931246933228728
1785124111.677341,0.04071720745670556,-0.0027875544838103067
1785124111.6795022,0.04071233135935532,-0.0027818733100994425
1785124111.68811,0.04071337364738897,-0.0027830850914536314
1785124111.6935647,0.040716101894128935,-0.002786241170314795
1785124111.6975484,0.04071892662879303,-0.002789497523972953
1785124111.7116215,0.04072146044978043,-0.002792413434110452
1785124111.7137978,0.04072353061481527,-0.0027947888854398134
1785124111.7312982,0.04072524402035858,-0.002796750919162556
1785124111.7321332,0.040726861230431434,-0.0027985972518279213
1785124111.7434042,0.040754918765589496,-0.0028305541140226896
1785124111.7572653,0.04076309795254268,-0.0028398666024418468
1785124111.7620175,0.040765431777427266,-0.002842518731484118
1785124111.7663987,0.040780281177508426,-0.0028593283739615028
1785124111.768494,0.04078172397715496,-0.002860959538519637
1785124111.7703426,0.040794780882094726,-0.0028756945088297785
1785124111.7718499,0.04082579547438721,-0.0029106004349692856
1785124111.773581,0.04082857658395254,-0.00291373049813592
1785124111.7760735,0.04085651559301623,-0.0029451271399840934
1785124111.7782907,0.04089564909948397,-0.002989062991255225
1785124111.801174,0.04089938310232536,-0.002993242541656808
1785124111.8025427,0.040928807014058606,-0.0030261825583046895
1785124111.8084595,0.040949635694103696,-0.003049412851975844
1785124111.8097577,0.04094815890100048,-0.0030477698892027168
1785124111.8103986,0.040960335085515984,-0.0030612809261029617
1785124111.811606,0.04097717970336414,-0.003079943082029025
1785124111.8127725,0.04099432739225505,-0.0030989190146962662
1785124111.81854,0.04102993232933543,-0.0031382886204942913
1785124111.832064,0.04105200518448627,-0.0031626140636127594
1785124111.8400693,0.04105017262337304,-0.0031605990995802196
1785124111.8430538,0.04110579919616047,-0.0032217038943747928
1785124111.851978,0.04111112262308102,-0.0032275450896937182
1785124111.8568175,0.04112512592535551,-0.0032428834236849376
1785124111.8583276,0.0411602645352891,-0.0032812705340715897
1785124111.8624449,0.041179983466837496,-0.0033028161846410187
1785124111.8790596,0.04117935425263346,-0.0033021306632970183
1785124111.8802555,0.041237793939848166,-0.0033657467231849357
1785124111.887525,0.041250864527984044,-0.0033799546610808135
1785124111.9108584,0.0412856868700371,-0.0034178102707490667
1785124111.9214742,0.0413636532055304,-0.0035024822239300706
1785124111.9299998,0.04137231836436296,-0.003511875990224597
1785124111.9421844,0.04137245845189043,-0.0035120277402505796
1785124111.9440954,0.04142367358315035,-0.0035674371915381618
1785124111.9662414,0.041456918629947465,-0.0036033412137837944
1785124111.9873853,0.04145683672298816,-0.003603252904499806
1785124111.992854,0.041519854974777046,-0.0036711078133694667
1785124111.9974365,0.04155064394585109,-0.003704150584523632
1785124112.0046034,0.041554539534737256,-0.003708320281152287
1785124112.0142457,0.04161086203369854,-0.003768460235616983
1785124112.0228698,0.04165747444233274,-0.0038181415830355423
1785124112.0305643,0.04166674143644592,-0.0038279961870509695
1785124112.0933952,0.04201098087784098,-0.004190518826771503
1785124112.1079247,0.04208688838178527,-0.0042695835359092054
1785124112.1124284,0.042071876280539086,-0.004253979748022817
1785124112.1144092,0.04212581329520301,-0.004309997677577334
1785124112.1263368,0.04217048868089133,-0.00435634379251571
1785124112.129108,0.042220175467885,-0.004407585976922001
1785124112.1335833,0.04222685896252817,-0.004414462934453279
1785124112.1413321,0.042256345766332214,-0.004444732780868106
1785124112.1460216,0.042276713518491535,-0.004465578552734089
1785124112.1497169,0.04230661581834109,-0.004496139321174787
1785124112.1514452,0.04232481885921304,-0.004514726546044653
1785124112.152889,0.042322525585648994,-0.004512383957081695
1785124112.1552055,0.04234528608028754,-0.004535565034801792
1785124112.1569788,0.042351081566167244,-0.004541464414487277
1785124112.1593,0.0423478852677739,-0.004538213632203039
1785124112.1688094,0.04236205513657266,-0.004552604246689215
1785124112.1719406,0.0423487999854836,-0.004539147170614447
1785124112.173786,0.04239197155496041,-0.004582961880019046
1785124112.1757696,0.04239874540728182,-0.004589833408495926
1785124112.1782804,0.04238738777116278,-0.004578334970536703
1785124112.181075,0.04237729991891425,-0.004568121987911093
1785124112.1868153,0.04236734408742519,-0.004558053914278087
1785124112.190565,0.042375478535339496,-0.00456627326501647
1785124112.1949685,0.04237367508205991,-0.004564447986940554
1785124112.2007682,0.04235736921285918,-0.004547958888854757
1785124112.2062855,0.04234863744868224,-0.0045391443416710675
1785124112.2110994,0.042339708443245014,-0.004530137859047638
1785124112.2224765,0.04232858457616803,-0.004518925462529281
1785124112.2264292,0.042318987023125906,-0.004509282649517271
1785124112.23865,0.04231359476269924,-0.004503872823255007
1785124112.2413738,0.0423053667702759,-0.004495627009223507
1785124112.2472632,0.04229547288349442,-0.004485722191086521
1785124112.2565598,0.04228182097674895,-0.00447207098213741
1785124112.2595856,0.04226846555648071,-0.004458771871933124
1785124112.261523,0.04225906170400578,-0.00444943167552795
1785124112.2681725,0.042244089999343856,-0.004434581090997666
1785124112.2800992,0.04222875873201956,-0.004419435553210637
1785124112.2926257,0.042210264385845,-0.004401204320869866
1785124112.2943022,0.04219033643870435,-0.004381576630848829
1785124112.2958899,0.042171480626985745,-0.004363029483895617
1785124112.3018467,0.042148988053364075,-0.004340939337326632
1785124112.3040493,0.042125162357214536,-0.004317622800455117
1785124112.3051577,0.04210346541422123,-0.004296411502067124
1785124112.3063061,0.04207799039250804,-0.004271526744378425
1785124112.3074312,0.04205137312288771,-0.004245548287382026
1785124112.3086498,0.04202135682279797,-0.004216343560070273
1785124112.3097744,0.041994127251071524,-0.00418992238101836
1785124112.310678,0.04196514845119463,-0.004161827813179785
1785124112.3122046,0.04193288099701578,-0.004130622805344048
1785124112.31847,0.041901220680548634,-0.004100068109560533
1785124112.3224666,0.041870817570723876,-0.004070769009384295
1785124112.3271317,0.04183588170904746,-0.004037206621405991
1785124112.3338792,0.041798065102950435,-0.00400088869322902
1785124112.3372438,0.04176175581693224,-0.003966128350449888
1785124112.3425224,0.04172413463957581,-0.003930260742987859
1785124112.346426,0.04168599408140941,-0.0038939975545017984
1785124112.3527153,0.04164501725534826,-0.003855167088960324
1785124112.357071,0.041606563472237824,-0.003818810022652369
1785124112.3635006,0.041564452157839826,-0.003779049988255647
1785124112.3677688,0.041521399873697615,-0.003738485439350879
1785124112.3737006,0.041479377964968395,-0.0036989778608393386
1785124112.377942,0.04143613382423556,-0.0036583999836095923
1785124112.3819332,0.041392961415803405,-0.0036180290893076724
1785124112.3879762,0.04134695376164966,-0.0035751223744599605
1785124112.395293,0.04130025591301156,-0.0035315836577244765
1785124112.3980699,0.04125179780517984,-0.0034865102492700915
1785124112.4033782,0.041204911085795486,-0.003443017252776911
1785124112.4075644,0.04115697241717614,-0.0033987477875449096
1785124112.4133556,0.0411100155681883,-0.003355469120795175
1785124112.419406,0.04106075329839,-0.0033102216457491264
1785124112.4253833,0.0410115474170227,-0.0032651737346309968
1785124112.430092,0.04096616908695133,-0.00322374505126244
1785124112.4320245,0.04091633004266543,-0.00317846812732209
1785124112.4381866,0.04086760924465938,-0.003134311528177409
1785124112.4417067,0.04082090941859457,-0.0030920770076462048
1785124112.447634,0.04077199434830763,-0.003047983430861886
1785124112.463685,0.040724196902116074,-0.003005025268005224
1785124112.4661508,0.04067598454429375,-0.0029618400635862186
1785124112.4687562,0.04062896752159584,-0.0029197778491305217
1785124112.470683,0.040581515676358704,-0.0028774289898534167
1785124112.4905267,0.04053482062023871,-0.002835827670052529
1785124112.493042,0.04049009285713709,-0.0027960336173939435
1785124112.493976,0.040443137598243944,-0.002754360598475092
1785124112.4945905,0.04039685387556256,-0.00271332166223867
1785124112.498515,0.04034983966831857,-0.002671812224072336
1785124112.5633993,0.040127654992374015,-0.0024772220712037016
1785124112.5644782,0.04008404200316173,-0.0024393083371864787
1785124112.565255,0.040040260382914035,-0.002401336032966566
1785124112.567961,0.03999681466999861,-0.0023637502794305637
1785124112.5723288,0.03995620569710741,-0.002328736755413562
1785124112.5736418,0.03991503616356694,-0.0022933477690347402
1785124112.5745595,0.039872670861356235,-0.0022570169198516932
1785124112.575524,0.0398308477795836,-0.002221226422103142
1785124112.576889,0.039789877458055414,-0.0021862856458759266
1785124112.5779283,0.03974875744146753,-0.0021513664878692763
1785124112.5788796,0.03970844690033812,-0.002117234945288819
1785124112.5796802,0.03966870819016622,-0.0020837645306221193
1785124112.5805175,0.0396400419417107,-0.002059665686110271
1785124112.5821228,0.03961337797536208,-0.0020373449234760825
1785124112.5881543,0.03958530080004577,-0.0020139284486876494
1785124112.5979424,0.03955652439607502,-0.0019900082000818328
1785124112.6032014,0.039525631597199816,-0.0019644037681801093
1785124112.6073816,0.03949379453981167,-0.0019380605787954093
1785124112.6114042,0.039462235266803695,-0.0019120380225975866
1785124112.6171644,0.03943063008020423,-0.0018860713492232731
1785124112.622281,0.039400497122563986,-0.0018613856739986276
1785124112.6274705,0.0393663573775744,-0.0018335374240983535
1785124112.6326473,0.03933127768315348,-0.0018050594052090383
1785124112.637459,0.03929932841760461,-0.0017792509623313288
1785124112.641556,0.039268155711256685,-0.001754148533195103
1785124112.6466928,0.03924111019937779,-0.0017324525995817339
1785124112.6529067,0.03921513265109493,-0.0017117126668571795
1785124112.6568186,0.0391908468413878,-0.0016924327968932931
1785124112.6620576,0.03916809297768574,-0.0016744684987035948
1785124112.667067,0.039147294766402004,-0.0016581220649236241
1785124112.672859,0.03912720289895992,-0.0016424075111430346
1785124112.6774058,0.03909845599091491,-0.0016200582692326808
1785124112.6821966,0.03907103980246479,-0.0015988506875666082
1785124112.6872025,0.039044721179611636,-0.0015785554248411134
1785124112.6921093,0.03902190524509236,-0.0015610382027294793
1785124112.7010844,0.0390024036283541,-0.0015461552443328727
1785124112.702844,0.038985057834275805,-0.0015329962599575132
1785124112.7068446,0.03896975821762121,-0.0015214589266849983
1785124112.7135413,0.038955632899628445,-0.0015108622983588318
1785124112.7197497,0.038942686764730276,-0.0015011906728709785
1785124112.7221756,0.03893097804260187,-0.001492498611029692
1785124112.727681,0.03891462530092243,-0.0014804353804853277
1785124112.7324507,0.03889853230260921,-0.0014686357890792872
1785124112.737725,0.03888433464096016,-0.001458294383113548
1785124112.7415018,0.03887096868804371,-0.001448615246267254
1785124112.7469146,0.038859003146362654,-0.0014400157016950736
1785124112.7521923,0.03884819656110095,-0.00143230479188876
1785124112.7568357,0.038838526274325894,-0.0014254519337919013
1785124112.7616744,0.038829767341394865,-0.0014192748549706523
1785124112.7675993,0.03882146181445635,-0.001413450490042194
1785124112.7724946,0.038814122085892806,-0.0014083394853113848
1785124112.777015,0.03880147572388931,-0.001399577866960018
1785124112.7820437,0.038788396270172415,-0.0013905754678061597
1785124112.787388,0.038776777273569506,-0.0013826285015075318
1785124112.7913582,0.038766682455559046,-0.001375759626197403
1785124112.7988365,0.03875716435632246,-0.0013693292323979488
1785124112.8037071,0.03874872917779708,-0.0013636540057820976
1785124112.8068244,0.03874070083002456,-0.001358268589422861
1785124112.8125772,0.0387335545385521,-0.0013534973883196986
1785124112.816776,0.03872680784434659,-0.0013490189035197822
1785124112.8225927,0.03872060169772709,-0.0013449284472005405
1785124112.826981,0.03871601632996681,-0.001341924641845553
1785124112.833024,0.03871114415116316,-0.001338749467824221
1785124112.838278,0.0387066491148396,-0.0013358401961834259
1785124112.8417103,0.038702422939824434,-0.0013331241655712203
1785124112.846769,0.03869845558345915,-0.0013305891150855113
1785124112.852722,0.03869458960794631,-0.0013281272057692804
1785124112.8567238,0.038690903737807134,-0.0013257859059992785
1785124112.8618324,0.03868735580652302,-0.0013235410887962465
1785124112.8679936,0.03867106689009139,-0.001313270619862123
1785124112.8727632,0.038668737534055246,-0.0013118100810823158
1785124112.878091,0.03867757795663593,-0.0013173328066618366
1785124112.88229,0.038689393952767374,-0.0013246817505759418
1785124112.8886142,0.038672084410446166,-0.0013139633072301153
1785124112.8925147,0.038680635899154804,-0.0013192357091136849
1785124112.899876,0.0386900199152165,-0.001325011223064047
1785124112.9040668,0.03870438213966903,-0.0013338233876872038
1785124112.9070866,0.03870519048921324,-0.0013343178152153547
1785124112.9124296,0.038718753570886666,-0.0013425716835833439
1785124112.9177685,0.0387346225942304,-0.001352211734245725
1785124112.9226503,0.038735945191760095,-0.0013530120582913993
1785124112.927211,0.038791694943237046,-0.0013866541844574942
1785124112.9321208,0.038820695629987634,-0.0014041296533652955
1785124112.9386358,0.03883900700604566,-0.0014151232969164189
1785124112.9422166,0.03885453918301278,-0.0014244057274136468
1785124112.9470615,0.03884982115128987,-0.001421597904845919
1785124112.9525886,0.038882807826510817,-0.001441164400170277
1785124112.9583173,0.038905071185031066,-0.0014543484660714274
1785124112.9635758,0.03892481605293315,-0.001465995051866794
1785124112.9672465,0.03896234261890865,-0.0014880869220414768
1785124112.974782,0.038981527653760464,-0.0014993420370312792
1785124112.9777832,0.03903542669137137,-0.0015308282628067643
1785124112.981429,0.03906173510406489,-0.0015461672247763464
1785124112.989729,0.039081727376176954,-0.0015578088317824191
1785124112.9921105,0.03910609874052305,-0.0015719898044707131
1785124112.9991875,0.03916712688010959,-0.0016074230443445365
1785124113.0024807,0.039177908295910585,-0.001613674575425383
1785124113.0076919,0.03923409528348723,-0.0016462288900826268
1785124113.011901,0.03926011121920942,-0.0016612416411534783
1785124113.021261,0.03929186426366114,-0.0016795149095851748
1785124113.0230978,0.03931047830182099,-0.0016902014883518448
1785124113.0272553,0.039394456751207764,-0.001738246934316627
1785124113.0324576,0.03940899280553648,-0.0017465499706337533
1785124113.039767,0.039424692445285646,-0.001755490699444972
1785124113.0533912,0.03950328490857762,-0.0018001804378218543
1785124113.0544238,0.03951790989998114,-0.001808465581781875
1785124113.0551972,0.03957879448284051,-0.001842964236843766
1785124113.0567915,0.0396222417021926,-0.0018675440705501
1785124113.0618198,0.039633767732012104,-0.0018740411022452636
1785124113.0676913,0.0397249414768172,-0.0019251565714375404
1785124113.0734682,0.039757251790203715,-0.0019432242663433477
1785124113.077363,0.039766950622013325,-0.0019486401744520836
1785124113.0820415,0.03980990374219551,-0.001972585689840831
1785124113.0875385,0.03984589673521625,-0.0019926099460373966
1785124113.09192,0.0398738610126965,-0.0020081703704290703
1785124113.1032014,0.0399222334023062,-0.002035134792103089
1785124113.1062112,0.040037327050602534,-0.002099150408574148
1785124113.1089776,0.04003692090392731,-0.002098924859885253
1785124113.1119647,0.04004078339780023,-0.002101066563745566
1785124113.1174502,0.04011207927948552,-0.0021406132621376367
1785124113.1229815,0.040203007658430476,-0.002190947465852024
1785124113.1273577,0.04021440239741406,-0.0021972451787466312
1785124113.1326847,0.040210466562479646,-0.0021950768416642355
1785124113.1382833,0.04027011968227994,-0.00222793064158725
1785124113.1418183,0.040286875833025634,-0.0022371340552201696
1785124113.1508393,0.04028787549576546,-0.0022376827493305446
1785124113.155642,0.04033349533403463,-0.0022627287977693843
1785124113.158587,0.04041021714087078,-0.00230488446307691
1785124113.1646383,0.04042730889668554,-0.002314256932205417
1785124113.1682048,0.04042072682471046,-0.002310652107271133
1785124113.171854,0.04048685443862438,-0.0023468876165970045
1785124113.1780224,0.04049113862778373,-0.002349233849668988
1785124113.182174,0.04051282973562526,-0.0023611015881951176
1785124113.188273,0.04050921250360517,-0.0023591185970102957
1785124113.1930754,0.04052614033022508,-0.002368406751215952
1785124113.2021625,0.04053681539730831,-0.0023742759948725575
1785124113.2064834,0.040584539000614456,-0.0024005439383652707
1785124113.2093043,0.04058875562153958,-0.0024028685788813338
1785124113.211709,0.04059927919875611,-0.0024086678505552414
1785124113.2176228,0.0406131465620626,-0.002416314547828954
1785124113.222817,0.040624970739897286,-0.002422833412677205
1785124113.228341,0.04063430614375324,-0.002427979367334675
1785124113.2319655,0.040639634156804806,-0.0024309185087947886
1785124113.2373776,0.04064726296104339,-0.0024351368573840306
1785124113.2437131,0.0406556371462163,-0.0024397711527637525
1785124113.2471445,0.04066080076461986,-0.002442634069809735
1785124113.2527452,0.04066786253343081,-0.0024465589417500488
1785124113.2570138,0.040675131789941844,-0.002450609367259074
1785124113.2621388,0.04068168117035729,-0.0024542713182789918
1785124113.267773,0.04068744983286814,-0.0024575092958770057
1785124113.2734647,0.040687064800869095,-0.002457292677598807
1785124113.2775457,0.04066997584824707,-0.0024476543223906915
1785124113.2819622,0.04064832671002912,-0.0024354129191202552
1785124113.28922,0.04062773209446778,-0.0024237308609622826
1785124113.2919602,0.040609081998860444,-0.002413124959447616
1785124113.2985091,0.040592349682924134,-0.0024035878111307966
1785124113.3031719,0.04057636236641983,-0.002394455056644406
1785124113.3073003,0.04056033677780584,-0.0023852749898443785
1785124113.3130827,0.040543172595145,-0.0023754228649585903
1785124113.3179204,0.04052568972492386,-0.002365371959408074
1785124113.3229318,0.04050625301751067,-0.002354161600622106
1785124113.3270068,0.04048508498689407,-0.002341908560466903
1785124113.3337653,0.04046117753188793,-0.002328034853233076
1785124113.3374834,0.04043530550071518,-0.0023129529320255458
1785124113.3419986,0.040406347215652796,-0.002296029964121434
1785124113.3492837,0.04037530482132959,-0.0022777947936349612
1785124113.354181,0.04034199813404233,-0.0022581506520694835
1785124113.3571963,0.04030688712487068,-0.0022373652737082564
1785124113.362352,0.04026904923260509,-0.002214825211942087
1785124113.3672931,0.040229964459703574,-0.002191485875193228
1785124113.3730001,0.04018791285180955,-0.0021662225819006173
1785124113.3785706,0.04014484024523696,-0.0021402503115126427
1785124113.3818653,0.04009808242970391,-0.0021119341903530933
1785124113.3900073,0.040049663652676516,-0.002082504687865978
1785124113.3926532,0.03999932101464872,-0.0020517048210755054
1785124113.404651,0.039946527685589546,-0.0020191983371361834
1785124113.4058347,0.03989400300665064,-0.0019866651068375586
1785124113.407725,0.039840483898582094,-0.0019533013785756606
1785124113.4128242,0.03978341525644946,-0.0019175558983217423
1785124113.422927,0.03972895980619161,-0.0018831700959731255
1785124113.4244452,0.03966999488798728,-0.001845686602321598
1785124113.428038,0.039607578675780505,-0.0018057580830185315
1785124113.4315813,0.03954203177373772,-0.0017635945834264142
1785124113.441757,0.0394785657634797,-0.001722524283017667
1785124113.4442432,0.03941396203388166,-0.0016804753371490707
1785124113.4480703,0.039348567522802136,-0.001637586003381263
1785124113.4519145,0.039281574335311535,-0.0015933088923801898
1785124113.4589124,0.03921697304559623,-0.0015503837177893913
1785124113.4618292,0.039155011580202397,-0.001508942446005165
1785124113.467628,0.03909286690291579,-0.001467126454840005
1785124113.4742186,0.0390322834576394,-0.0014260792677948983
1785124113.479313,0.038971990059089794,-0.0013849937064566783
1785124113.4826865,0.0389123098422402,-0.001344026698273605
1785124113.4891567,0.038852240802261434,-0.0013025788604152761
1785124113.492188,0.038794129026613944,-0.0012622701464011998
1785124113.4985065,0.038737012962877106,-0.001222455141314664
1785124113.5046754,0.03868147810845765,-0.0011835907805271717
1785124113.5075958,0.038626110607096316,-0.001144657291786672
1785124113.5119836,0.038573232474665944,-0.0011073880305783853
1785124113.5173686,0.03852201872628286,-0.0010711794632832787
1785124113.5243323,0.03846997368957897,-0.0010342486505579287
1785124113.5299504,0.03842229624404779,-0.0010003199101216436
1785124113.5332506,0.03837093143630954,-0.0009637030553792882
1785124113.538842,0.03831955823839795,-0.0009270107523808159
1785124113.5417664,0.03826902199944166,-0.0008908055625516092
1785124113.5476315,0.038222927703034766,-0.0008577443017368937
1785124113.5519996,0.03817727702818674,-0.0008249949988506665
1785124113.5578675,0.03813153500484856,-0.0007921895478446786
1785124113.5617254,0.03808728072575285,-0.0007604310079134475
1785124113.5669308,0.038043822857302595,-0.0007291788724071299
1785124113.5736744,0.03800139527575447,-0.0006985959257492943
1785124113.5766795,0.03795701367362475,-0.0006666082936186783
1785124113.5820208,0.037910942895891316,-0.000633429243705188
1785124113.5893884,0.03786574041462361,-0.0006009131676788343
1785124113.591181,0.03782060017612597,-0.000568492937772684
1785124113.59994,0.03777533949749463,-0.0005360241994033325
1785124113.6034613,0.0377329740701481,-0.0005056758851902486
1785124113.6076658,0.037691025386788146,-0.00047560697616670346
1785124113.6133413,0.03764820653633841,-0.00044490670986014025
1785124113.6177864,0.037607124499013565,-0.00041546854611412116
1785124113.6229465,0.03756614168617693,-0.00038611137919284473
1785124113.628406,0.037524946191877684,-0.00035663629776731766
1785124113.631937,0.037485990492920354,-0.0003287580073372506
1785124113.6400347,0.037449111455181996,-0.0003023348804901307
1785124113.6426618,0.03741286294632264,-0.0002763020543851614
1785124113.6472294,0.03737859912745486,-0.00025166587773610123
1785124113.6518369,0.03734641091491266,-0.0002285442249455538
1785124113.6581788,0.03731416441303557,-0.00020536923065119333
1785124113.663567,0.03728426618769588,-0.00018386608513668376
1785124113.667243,0.03725777891835262,-0.00016479833035633494
1785124113.6739585,0.03723189488912929,-0.00014614280571472268
1785124113.6768374,0.03720931811550695,-0.00012986527918528422
1785124113.6830287,0.03719298483740253,-0.00011808243931383693
1785124113.6890137,0.037180329484407026,-0.00010894502655772342
1785124113.6926363,0.03717624624815572,-0.00010599255902247367
1785124113.700895,0.03717913987828762,-0.00010808919342452812
1785124113.7043214,0.037184271299894725,-0.0001118098092628993
1785124113.707298,0.03719006792353366,-0.00011602592678260423
1785124113.7120852,0.03718423952102602,-0.00011177042286208566
1785124113.7186394,0.03718385504061624,-0.00011148844167425843
1785124113.723638,0.03718600756300859,-0.00011307047368130832
1785124113.7276042,0.03718955773515123,-0.00011568593380081898
1785124113.7325435,0.03720440811308738,-0.00012667594807805481
1785124113.7385685,0.03722015841514257,-0.00013834826231615813
1785124113.7418385,0.037233920607296606,-0.0001485915996543372
1785124113.7470143,0.03724571625135369,-0.00015739465366551288
1785124113.754149,0.03725574544013043,-0.00016491683119362684
1785124113.757305,0.03725830874404301,-0.00016684791672799
1785124113.7621803,0.037262180921101375,-0.0001697735977914667
1785124113.7666993,0.03726578205963555,-0.00017250591977233462
1785124113.773873,0.03726850674898568,-0.0001745837878705352
1785124113.7780674,0.037286464009024245,-0.00018837316490049423
1785124113.7821918,0.03730640121103385,-0.0002037662682763901
1785124113.7916417,0.03731948616608724,-0.00021392984575204765
1785124113.7958293,0.03733117428047972,-0.0002230778342907256
1785124113.8071966,0.037341028270689317,-0.00023082855951803212
1785124113.809427,0.03734856869430198,-0.0002368065872631909
1785124113.8121877,0.03735548146300598,-0.00024232085146561953
1785124113.8169513,0.037362481450755644,-0.00024794165101872315
1785124113.823102,0.037374812153676294,-0.000257900274898293
1785124113.8292694,0.037388632184430386,-0.00026914148300000255
1785124113.832621,0.037402051057168775,-0.000280142659847722
1785124113.8406699,0.03741516931657403,-0.00029095504120000437
1785124113.8444154,0.03742800057899746,-0.00030160201751014903
1785124113.847153,0.037442683676925256,-0.00031388803351278214
1785124113.8528743,0.03745630169812626,-0.0003253569150465719
1785124113.8575165,0.03747856330403505,-0.00034422243507585386
1785124113.8632174,0.03749829051933368,-0.00036107479367052944
1785124113.8678718,0.037514568051749714,-0.00037508592977350373
1785124113.873712,0.03753329860043893,-0.0003912930792074489
1785124113.8784888,0.037556315933998434,-0.0004113151688394241
1785124113.8821864,0.037570826639394775,-0.00042400769120598764
1785124113.8869412,0.03758737919967809,-0.00043856538810862664
1785124113.8921242,0.037603087189861766,-0.00045243718140816646
1785124113.9000328,0.03761888247481279,-0.00046647684320727767
1785124113.907991,0.03763748696830172,-0.00048310595657646946
1785124113.909966,0.037654420068536566,-0.000498321108434329
1785124113.912985,0.03766839428337212,-0.0005109023996226744
1785124113.9180055,0.037689661395995395,-0.0005301722490968939
1785124113.923826,0.037705572242144395,-0.0005446457526043065
1785124113.928228,0.03772111401980011,-0.0005588111031295664
1785124113.932035,0.03773442241366689,-0.000570979210724821
1785124113.9375331,0.03774694594501615,-0.000582484461585301
1785124113.941725,0.03776220463738889,-0.0005965409307240292
1785124113.9470658,0.03777598199043169,-0.0006092812366248697
1785124113.9514487,0.03778566266800463,-0.0006182559906470402
1785124113.9577155,0.03779723195590711,-0.0006290158581427379
1785124113.9621732,0.037812633898524094,-0.0006433623293413553
1785124113.9669814,0.03782245063326223,-0.0006525199019561122
1785124113.9734921,0.037831032361480436,-0.0006605381452037672
1785124113.977485,0.037834783863182696,-0.0006640494462073558
1785124113.9818275,0.03784791231080326,-0.0006763943698046085
1785124113.988185,0.03785229295142168,-0.0006805198596198377
1785124113.9920285,0.03785394555167339,-0.0006820775596734384
1785124113.997553,0.03785493220286195,-0.0006830097411261145
1785124114.0087254,0.03786189976853817,-0.0006896144178349608
1785124114.0123687,0.037863991552315,-0.0006915997046784961
1785124114.0174127,0.03786408193068375,-0.0006916856266327161
1785124114.0243382,0.03786322088102434,-0.0006908653681826781
1785124114.0288813,0.037861696173458095,-0.0006894115512886817
1785124114.03363,0.03785862015520038,-0.0006864749585132351
1785124114.037318,0.037854686545464734,-0.0006827128141835348
1785124114.0423021,0.03785004728841661,-0.0006782689312429497
1785124114.0467377,0.03784459607711808,-0.0006730318710355447
1785124114.0516078,0.03783838025083372,-0.0006670430864411291
1785124114.057626,0.03783882271473387,-0.0006674700837103019
1785124114.0624814,0.03783261005013573,-0.0006614672466426676
1785124114.0669098,0.037823581215018665,-0.0006527055883953817
1785124114.0884254,0.037813706400628005,-0.000643086312215901
1785124114.0902436,0.03780545832065548,-0.0006350265564127918
1785124114.0922196,0.03779700099266795,-0.0006267484225800091
1785124114.0934951,0.03778730137627751,-0.0006172262956404355
1785124114.094635,0.03777686524312442,-0.0006069473755508269
1785124114.0978456,0.0377656809473579,-0.0005958834249528614
1785124114.1014678,0.03775341524226803,-0.0005837171656004649
1785124114.109761,0.037740393406262264,-0.0005707623695882598
1785124114.1119173,0.03772709815150582,-0.0005574850823522149
1785124114.1166282,0.03771747899271623,-0.0005478295413543253
1785124114.1225078,0.037702307008820476,-0.000532563297343543
1785124114.1269097,0.03768915212046807,-0.000519269868420946
1785124114.1314914,0.0376845390623663,-0.0005145871977823227
1785124114.137446,0.037672966818726894,-0.0005027815915599947
1785124114.1422052,0.037659407015739305,-0.0004888972908154257
1785124114.146831,0.03764449212641494,-0.00047359006579263173
1785124114.1524022,0.037629466470267214,-0.0004581076529630067
1785124114.1580334,0.03762304963580527,-0.00045146564316226717
1785124114.1625056,0.03761024834447136,-0.00043813806551213323
1785124114.1682477,0.03759559520539734,-0.0004228415627941001
1785124114.174818,0.03758910322765359,-0.0004160420706804376
1785124114.177572,0.0375771295982097,-0.00040346592483732113
1785124114.18226,0.03756454181774597,-0.00039018717540083146
1785124114.1887016,0.03755967422299883,-0.0003850297071674401
1785124114.1924703,0.03754870429831433,-0.0003733495963172054
1785124114.197389,0.037535708968576297,-0.0003594441619105253
1785124114.2014794,0.03753123007550255,-0.0003546334685303586
1785124114.2089264,0.037520982498440526,-0.0003435764129955611
1785124114.211215,0.03750891011408308,-0.00033049980761578235
1785124114.2175696,0.03750167453916128,-0.0003226242006333497
1785124114.2234092,0.037491065848995885,-0.0003110235069957312
1785124114.2274354,0.037488795266856896,-0.0003085320637365886
1785124114.2323303,0.03748072560832026,-0.00029963983082409673
1785124114.2375815,0.03747104324241678,-0.0002889330201098714
1785124114.2422025,0.037469732685421,-0.00028747980047727105
1785124114.2464037,0.03746302895123438,-0.00028001414533307476
1785124114.2521343,0.03745496577452706,-0.0002709969693363997
1785124114.2579763,0.03745120315400727,-0.00026677729284488137
1785124114.2626247,0.03744437081103156,-0.00025908164043510006
1785124114.2684054,0.037437182649351065,-0.00025096367222373684
1785124114.273823,0.037437964869259814,-0.0002518490025069071
1785124114.2778888,0.03743339027567447,-0.00024664084601046975
1785124114.2824259,0.03742744283471145,-0.00023983823496073812
1785124114.2879977,0.037421486177704834,-0.0002330095095606934
1785124114.2924924,0.03742003062451728,-0.00023133748213330114
1785124114.2984087,0.037415801424455414,-0.00022646428918509536
1785124114.3019042,0.037411213729258576,-0.00022115535387343455
1785124114.3106666,0.037406853328675126,-0.00021608417855324157
1785124114.3125777,0.03740305523623096,-0.00021165424205004795
1785124114.3172982,0.037406583129499064,-0.00021578248782017277
1785124114.323645,0.03740534231444571,-0.00021432518532148046
1785124114.32916,0.03740133933812858,-0.0002096012960174082
1785124114.3326879,0.03739709771202332,-0.0002045736561266227
1785124114.3369715,0.03739320929116763,-0.00019994581892235764
1785124114.3426158,0.03738991651308588,-0.0001960077054750898
1785124114.3471525,0.037387076576836854,-0.00019260339306084774
1785124114.351914,0.037384593502739066,-0.00018961960546770058
1785124114.35948,0.03738931737471747,-0.00019531815082484663
1785124114.3638728,0.03738897763072219,-0.0001949067240262358
1785124114.3677335,0.03738703156524939,-0.00019254223941143916
1785124114.376241,0.03738477881818889,-0.00018979809868171677
1785124114.3794475,0.03738104842721426,-0.00018523729362056825
1785124114.3824847,0.03737711432640079,-0.00018041039115056638
1785124114.3900595,0.03737347961231397,-0.00017592745123233693
1785124114.3935993,0.03737011349504008,-0.00017175954215693255
1785124114.3985028,0.037367133391499975,-0.00016805700804203055
1785124114.4039686,0.037364304579162,-0.0001645333085137994
1785124114.4142928,0.03736167024916879,-0.0001612430042843073
1785124114.4186475,0.0373590109259643,-0.00015790998220426253
1785124114.4244442,0.03735644325616486,-0.00015468239899283807
1785124114.4273586,0.03735292284270388,-0.00015024151784361102
1785124114.43174,0.03734926665523174,-0.00014561982973228092
1785124114.4371638,0.03734574210448816,-0.00014115081757740325
1785124114.4431748,0.03734223901207864,-0.00013669113942248767
1785124114.4491763,0.03734642698009813,-0.0001420411800396883
1785124114.4578645,0.03734479002508612,-0.00013994310513251862
1785124114.459639,0.037341151097436,-0.0001352581563991665
1785124114.4632802,0.03733702542494564,-0.00012992715098770284
1785124114.4680412,0.037332754423078054,-0.00012438810523076466
1785124114.476742,0.037328466080875485,-0.00011881443217307524
1785124114.483152,0.037324221791289774,-0.0001132823701013328
1785124114.4870763,0.03731981656979671,-0.00010752257805663985
1785124114.4919348,0.03731535736435933,-0.0001016807303125317
1785124114.5006826,0.03731116155761754,-9.616839169481773e-05
1785124114.5083454,0.037307021753580624,-9.070833288636653e-05
1785124114.5114887,0.03730282410301202,-8.516083419706755e-05
1785124114.5143309,0.03729858013545568,-7.953639480253845e-05
1785124114.519733,0.03729443936744382,-7.402851068162739e-05
1785124114.5223827,0.03729455728757,-7.418575864190861e-05
1785124114.5291257,0.037291012319044886,-6.944153313331363e-05
1785124114.5312486,0.037287320292280296,-6.448115825957665e-05
1785124114.536879,0.03728364607791318,-5.952775744091205e-05
1785124114.5416613,0.037280142282768956,-5.478615683190998e-05
1785124114.5462594,0.037276732429436646,-5.0154124955037685e-05
1785124114.5511298,0.03727362812616535,-4.592510280396416e-05
1785124114.5572774,0.0372707227554422,-4.195479689725533e-05
1785124114.5619733,0.037267915144785536,-3.810393316935009e-05
1785124114.566344,0.03726531420456264,-3.4523801210691686e-05
1785124114.572605,0.037266996026580915,-3.6847377472284354e-05
1785124114.5790303,0.03727483121089275,-4.771031005362244e-05
1785124114.5819082,0.037272528446932456,-4.450757851526205e-05
1785124114.5870836,0.03728860414536532,-6.697015648302946e-05
1785124114.5940318,0.03728749118401841,-6.540816267920033e-05
1785124114.5982535,0.037292577935223885,-7.256755441143344e-05
1785124114.602937,0.03731035206462889,-9.764543665855977e-05
1785124114.608093,0.03732019463647399,-0.00011159712280585119
1785124114.6118624,0.03732010398556711,-0.00011146815891448205
1785124114.6194975,0.037349589166992575,-0.0001536130086977273
1785124114.6224005,0.037361186155905494,-0.0001702886872862292
1785124114.6268926,0.03736528421351739,-0.00017620462323161555
1785124114.631839,0.0373981437643682,-0.0002238805941982005
1785124114.6372173,0.037445581123898626,-0.0002929679567667563
1785124114.64239,0.03747381113180715,-0.00033425386108562654
1785124114.6470804,0.03752031473827387,-0.00040252943733360335
1785124114.6516159,0.03757365843713551,-0.000481183751088004
1785124114.6578016,0.03763315304166039,-0.0005693677882478397
1785124114.662321,0.037696548526883096,-0.0006637058137921667
1785124114.6671567,0.03776257043223492,-0.0007624498008051405
1785124114.6732469,0.037828099957656236,-0.0008609511779191478
1785124114.6775868,0.03789615390006259,-0.0009638479986572123
1785124114.6817362,0.03796546866899021,-0.0010692687801696845
1785124114.6874568,0.03803933884481102,-0.001182185696300672
1785124114.6932442,0.03811233265101765,-0.0012947839585232246
1785124114.697552,0.038185795952488964,-0.0014089008938068142
1785124114.7023613,0.03825899852454393,-0.0015235242140909024
1785124114.708555,0.038331637888902426,-0.001638275465914142
1785124114.7127438,0.03840772715318692,-0.0017592442147517744
1785124114.7213752,0.03848056904607242,-0.0018755845072039807
1785124114.7269645,0.03855173408785893,-0.001990029451071964
1785124114.729693,0.03862496569058779,-0.0021086586269693135
1785124114.7331643,0.03870004105501404,-0.0022310753443443394
1785124114.7372465,0.038774129476337134,-0.0023528498748943637
1785124114.7459712,0.038837477217563296,-0.0024576720612387816
1785124114.7500951,0.038897304864890625,-0.002557475062545862
1785124114.752794,0.03895887792973396,-0.002661146768272377
1785124114.7605236,0.03902149039169724,-0.0027676509290865798
1785124114.7633474,0.03908761554461673,-0.002881145835352026
1785124114.7671623,0.039152849789171426,-0.0029939784910983365
1785124114.7751977,0.039203488071304055,-0.003082357220211066
1785124114.778095,0.03925672473203914,-0.003176123395109239
1785124114.7813857,0.03931260458401662,-0.003275023961476547
1785124114.7874343,0.03937500350419752,-0.0033863537212513745
1785124114.7935166,0.03943948968321071,-0.0035023240109546337
1785124114.7969775,0.03950427073847591,-0.0036198050952585452
1785124114.801461,0.039569164367641664,-0.0037379230716054574
1785124114.8076522,0.03963298851490686,-0.003854741363154787
1785124114.8119497,0.03969344290823752,-0.003965765063080167
1785124114.8212636,0.039753700120282134,-0.004077015459620681
1785124114.8233523,0.03981550473727852,-0.004191744056596694
1785124114.826736,0.03985806149790124,-0.004271012002498217
1785124114.8316193,0.03989589219532244,-0.0043416332727539576
1785124114.8387027,0.03993199157679043,-0.004409301013715868
1785124114.842143,0.0399688076999755,-0.004478494468096706
1785124114.8474576,0.04000471894516991,-0.004546234011286931
1785124114.8529167,0.04003992925866533,-0.004612836471514466
1785124114.8576164,0.040073009433354984,-0.004675486211284416
1785124114.8623652,0.040101953153294866,-0.004730396791264826
1785124114.8672144,0.040130183209704635,-0.0047840013671376505
1785124114.8723636,0.04015611416772859,-0.004833410183065822
1785124114.8794298,0.040173320121311244,-0.00486634986556062
1785124114.882908,0.040187480055228327,-0.004893537012577172
1785124114.8868492,0.04020393186444985,-0.004925215706539497
1785124114.8928616,0.04022435110803106,-0.00496464608583437
1785124114.898113,0.040234396306627486,-0.004984154158502436
1785124114.9024138,0.04025001076115243,-0.005014633825995399
1785124114.90815,0.04026101539332965,-0.005036181346586164
1785124114.9133341,0.04026291251293708,-0.005039918288877215
1785124114.9245164,0.040270954312773284,-0.005055830100972085
1785124114.9305575,0.04027483404752508,-0.005063550894829318
1785124114.935376,0.04027639023720201,-0.005066670007675054
1785124114.939458,0.04028449592073902,-0.0050830447348592656
1785124114.9436803,0.040283009758429564,-0.0050800221069845905
1785124114.947253,0.04028170550486447,-0.005077348670373421
1785124114.9517689,0.040273276494293325,-0.0050599285455676865
1785124114.9563859,0.04027776643747529,-0.005069289216134385
1785124114.9619162,0.04026744974024757,-0.005047576520011699
1785124114.9679646,0.04025218081441664,-0.005015128175815616
1785124114.9727368,0.040251062149702976,-0.0050127279634437204
1785124114.979239,0.04024585220700242,-0.005001422179434458
1785124114.981446,0.0402397291015707,-0.004987952270147894
1785124114.987673,0.040231678120174995,-0.004970014309572962
1785124114.9924178,0.04022214274127574,-0.004948487473363396
1785124114.9979491,0.0402146998607536,-0.004931468028880858
1785124115.0031333,0.040203403959276816,-0.004905337759162357
1785124115.0099277,0.040197004598776606,-0.0048903477458712135
1785124115.0137424,0.04018523534318867,-0.004862433358135477
1785124115.0190845,0.0401751790778089,-0.0048383137943885145
1785124115.0302315,0.040162349590365944,-0.004807095400525722
1785124115.0342228,0.04015463363135811,-0.0047880686818286035
1785124115.0373354,0.04014611227677036,-0.004766809943965639
1785124115.04407,0.040134101142428935,-0.004736472024333857
1785124115.048277,0.04012118519376045,-0.004703468323106714
1785124115.0525894,0.04011635118938575,-0.004690974720529636
1785124115.058008,0.04010604546300078,-0.0046640074277221515
1785124115.0621314,0.04009348492725811,-0.004630793056804176
1785124115.0667257,0.04008832044482859,-0.004617020931906505
1785124115.0720532,0.04007780367994867,-0.004588645974884154
1785124115.0793078,0.04006566193249347,-0.004555605326797789
1785124115.0825768,0.040053818505445635,-0.004523011864814043
1785124115.0879645,0.04003979691699891,-0.004484095952481239
1785124115.0936272,0.04002146127362796,-0.004432828268465714
1785124115.097324,0.04001185955943868,-0.004405773814694288
1785124115.1165733,0.039996052716675785,-0.004360869100102772
1785124115.1183715,0.03998411817980235,-0.004326633710223049
1785124115.120388,0.0399707997232753,-0.0042882168638299755
1785124115.1220992,0.039958733359398445,-0.00425317147081341
1785124115.1245463,0.03994226892043048,-0.004205200795733067
1785124115.1377761,0.03992748796079473,-0.00416191875977107
1785124115.141235,0.03990927372988126,-0.004108232845206792
1785124115.1442075,0.03989169108529924,-0.004056228266674844
1785124115.147273,0.03987223054452516,-0.003998450969776882
1785124115.1517432,0.03985560743080592,-0.003948761517520432
1785124115.1571186,0.03983961959193669,-0.003900686716098362
1785124115.162261,0.039818093198021765,-0.003835736067428117
1785124115.167588,0.039804446645623895,-0.0037943885786262685
1785124115.173248,0.03978304813747606,-0.0037293629599085883
1785124115.1796358,0.03976193970041671,-0.0036649226929159643
1785124115.1826801,0.0397470338711295,-0.003619453405951069
1785124115.1871843,0.039721481128916575,-0.0035414898922320596
1785124115.1932316,0.03969950646166697,-0.003474450217813951
1785124115.1984496,0.039676078059048596,-0.0034029593184678646
1785124115.2034814,0.03965516608711022,-0.003338970189877622
1785124115.2070315,0.039633425884943334,-0.003272218579058303
1785124115.212492,0.03961327720929285,-0.0032104479439808834
1785124115.2172616,0.03959103600869991,-0.0031421489569685443
1785124115.2222416,0.039570652256155595,-0.0030793273131972105
1785124115.2290206,0.0395499238439693,-0.003015430292615379
1785124115.2367573,0.039526748183909104,-0.0029441112629080154
1785124115.2390878,0.03950394571428911,-0.002873902144870032
1785124115.2421083,0.03948068174121138,-0.002802247046013566
1785124115.2472384,0.03945665761725254,-0.002728041905388138
1785124115.2511294,0.039432666554466284,-0.0026539104450960657
1785124115.2578397,0.039416580987825564,-0.002604062424828381
1785124115.263072,0.03939129731914957,-0.0025257410106774365
1785124115.2678626,0.03937504084382196,-0.0024753829584635806
1785124115.2715633,0.03935500587710203,-0.0024134510563027342
1785124115.2774725,0.03933555901043943,-0.002353335576739807
1785124115.2818315,0.039313772477009616,-0.0022860094295408277
1785124115.2876062,0.03929166614392406,-0.002217638615414121
1785124115.2922473,0.03927688459049271,-0.0021718676159655404
1785124115.2972667,0.039260659928356645,-0.0021215476320076126
1785124115.3020375,0.039241982745126094,-0.002063589771229798
1785124115.3070395,0.03922317809695893,-0.0020051479016508812
1785124115.312028,0.039210826536577814,-0.001966643138028239
1785124115.3183918,0.039193945366920856,-0.001913851798677086
1785124115.3221524,0.03917106329774407,-0.0018421733661867967
1785124115.3282661,0.03915766556595195,-0.0017998880997033388
1785124115.3393705,0.039148605041294485,-0.001771299075879827
1785124115.3424416,0.03914240306566053,-0.0017516703861767784
1785124115.3475826,0.039125933118413274,-0.001699278399430474
1785124115.3517168,0.039112082274755725,-0.0016551864905660788
1785124115.3577807,0.03910381984088422,-0.0016287977858791994
1785124115.3626823,0.03909830213897361,-0.00161109191464763
1785124115.3672345,0.039086932961077424,-0.0015744632357616406
1785124115.372952,0.03906915837156805,-0.0015167431108558578
1785124115.3786974,0.039058979120148,-0.0014835388465700183
1785124115.3824346,0.03905303301481271,-0.0014640761956160719
1785124115.3868732,0.03904938237472567,-0.0014520542633734786
1785124115.393403,0.03904705376849934,-0.0014443412992876437
1785124115.3970284,0.03903640314013338,-0.0014088862535078686
1785124115.4032266,0.039030591772758826,-0.0013894381669187484
1785124115.4080827,0.039027540484163875,-0.0013791824878385099
1785124115.4130056,0.03902603025781608,-0.0013740645618793466
1785124115.4181147,0.0390218775655602,-0.0013599118044888032
1785124115.4228427,0.03902003541225694,-0.0013535834275479985
1785124115.4299817,0.03901783223554022,-0.0013459637226174177
1785124115.4327667,0.03901745888217005,-0.001344659998800287
1785124115.4425907,0.03901801468488621,-0.0013466119560841911
1785124115.4485097,0.0390175120378007,-0.0013448367526821023
1785124115.45296,0.03901801871167052,-0.0013466386429930863
1785124115.4583585,0.03901913625882308,-0.0013506587711389084
1785124115.46376,0.03902070090173983,-0.0013563112372134342
1785124115.4692643,0.03902269578495175,-0.001363567761458382
1785124115.4733272,0.039024370769181894,-0.0013697150141343559
1785124115.4791284,0.03902656395893274,-0.0013777871153430165
1785124115.4818578,0.03902916990549625,-0.0013874420424760073
1785124115.4869697,0.03903195985944422,-0.0013978458473136986
1785124115.4925282,0.03903505792298931,-0.0014095081954142307
1785124115.4979537,0.03903844368454407,-0.0014223469214041586
1785124115.5025609,0.039042094758984444,-0.001436263956941442
1785124115.5073245,0.039045799713240556,-0.001450501302916677
1785124115.5121667,0.039049704024331285,-0.0014656213068371515
1785124115.516772,0.03905379192231742,-0.001481535389887812
1785124115.5239096,0.03905801455177791,-0.0014980922051328267
1785124115.5299833,0.03906241626416125,-0.0015154630673376197
1785124115.5319061,0.03906706101822575,-0.001533900025701405
1785124115.5378528,0.03907194891628255,-0.0015534830169355235
1785124115.547074,0.03907715326260763,-0.001574460706190907
1785124115.5488539,0.039082921506233735,-0.0015978627266741423
1785124115.5525944,0.039088795134032475,-0.001621927588187853
1785124115.5575833,0.0390949925162275,-0.001647492498811272
1785124115.563546,0.03910125047970314,-0.0016734732861006661
1785124115.5689535,0.03911133445029362,-0.0017157076679201707
1785124115.5725017,0.039135882367676365,-0.0018192654533580042
1785124115.5787241,0.03916653473689506,-0.0019497124733659746
1785124115.5826688,0.03920211746954281,-0.002102553916397152
1785124115.5877955,0.03924130230216358,-0.00227276711952961
1785124115.5920095,0.03929787552394545,-0.002520383249811114
1785124115.597901,0.03934379094671422,-0.0027227690599618305
1785124115.6024923,0.03939443992261686,-0.0029494376729431314
1785124115.614622,0.03944568081602463,-0.003181606646237752
1785124115.6433966,0.03949695692240204,-0.0034176954666875698
1785124115.6445227,0.03954157048353331,-0.003626058739911214
1785124115.6720638,0.03958777620401447,-0.003844708976314351
1785124115.6731083,0.03964290428043219,-0.004109310628955281
1785124115.6865482,0.03968194794799612,-0.00429897352092617
1785124115.6875806,0.03972585821821964,-0.004516075917268903
1785124115.6916652,0.039776649942696855,-0.004771897912997438
1785124115.6976364,0.03981375278660348,-0.0049629614978247685
1785124115.7027364,0.03982461279642197,-0.0050198485698751795
1785124115.706519,0.03983618589962721,-0.005081823123951325
1785124115.7131,0.039854235783840966,-0.0051802639443128745
1785124115.7173064,0.03987495044732299,-0.005295251559914215
1785124115.7222645,0.03987861358668104,-0.005316001391173313
1785124115.7284315,0.03989138818074056,-0.005390440788965163
1785124115.7324994,0.03990854389760317,-0.0054925343491133375
1785124115.7402613,0.03991133329130149,-0.005509542774047861
1785124115.7432113,0.03992316805475862,-0.005583281996769272
1785124115.7475796,0.039939527163558745,-0.005687681635056098
1785124115.7525167,0.0399432409659597,-0.005712073694319889
1785124115.7573795,0.03995518126033574,-0.005792273440990416
1785124115.7636375,0.039963096563535076,-0.005846474931342081
1785124115.7675552,0.03996960788949277,-0.005892007319247221
1785124115.7723145,0.039975833910878854,-0.005936427390976721
1785124115.7805214,0.039990735022816686,-0.006044718177607786
1785124115.7818508,0.039997121260272654,-0.006092133912353434
1785124115.7877595,0.04000627270712175,-0.006161435108725624
1785124115.7948754,0.040014428533607475,-0.006224611026467725
1785124115.7979386,0.040020192359634325,-0.006270209063235105
1785124115.8018878,0.04002785258257783,-0.006331833114252759
1785124115.8084881,0.04003440645097254,-0.0063850811317163695
1785124115.8130596,0.04004089086974547,-0.006438591252370773
1785124115.8176727,0.040047462245300834,-0.006493866189924566
1785124115.822918,0.04005440317236266,-0.006553039824068576
1785124115.8288422,0.04006194356083955,-0.006618536093804315
1785124115.8317766,0.04006934483290981,-0.006683467721731978
1785124115.8376915,0.04007671117562896,-0.006748493852529953
1785124115.8417,0.04008415530625833,-0.006814423561824523
1785124115.8476062,0.040091010656374444,-0.0068756065387621705
1785124115.8515308,0.040097833393351205,-0.006937250145575332
1785124115.8579829,0.04010451577462624,-0.0069977682452912315
1785124115.8632238,0.04011071770661041,-0.0070543518389134625
1785124115.8668826,0.04011697442152987,-0.0071114956742259145
1785124115.8725903,0.040122752892077986,-0.007164544106128401
1785124115.8770435,0.0401282716020653,-0.007215920778869872
1785124115.8841352,0.040133797924838614,-0.007267654388569271
1785124115.8908758,0.04013886971059588,-0.0073150986977391875
1785124115.8973794,0.04014371816105392,-0.0073606338949894915
1785124115.9010346,0.04014837328568869,-0.007404613075684823
1785124115.9055579,0.04015279592782213,-0.007446188854133051
1785124115.9079087,0.040157074661044484,-0.0074865465736629055
1785124115.9125059,0.040160912599297056,-0.0075229214525942365
1785124115.9169698,0.04016452970833131,-0.007556957659842921
1785124115.9224684,0.04016812660469933,-0.007590498286309266
1785124115.92732,0.040171555385283546,-0.007622230051922429
1785124115.9327073,0.040174776886530435,-0.00765196075058435
1785124115.936718,0.04017769355041022,-0.0076787526838772305
1785124115.9412014,0.040180896387230665,-0.007708490420795728
1785124115.9474905,0.040184017350481334,-0.007737369666283792
1785124115.9515846,0.040190366367928596,-0.007796028621382594
1785124115.9566023,0.0401978932380708,-0.007865550508860767
1785124115.96349,0.04020057245176106,-0.007890350732008425
1785124115.9677317,0.04020625782889924,-0.00794293518894797
1785124115.9735472,0.040210603688581974,-0.007983022188718042
1785124115.9793642,0.04021081642025592,-0.007984982191511572
1785124115.982089,0.040218282216348475,-0.008054468523775718
1785124115.9871693,0.0402186360772221,-0.008057771393725413
1785124115.9996176,0.0402261129868395,-0.008127959722659452
1785124116.0034325,0.04022591963730568,-0.008126136010007404
1785124116.0080426,0.040233303535243445,-0.008196417842564798
1785124116.013727,0.04023227675976027,-0.008186540578382345
1785124116.0170598,0.04023926996854672,-0.008254675187639842
1785124116.022443,0.04023798749601679,-0.008241949410460844
1785124116.0302494,0.04024392899207526,-0.008301475702180415
1785124116.0328164,0.040242131235892584,-0.008283380753332419
1785124116.0379245,0.04024796540182022,-0.008343041498582504
1785124116.0428858,0.0402460999473156,-0.008323827712821063
1785124116.0484297,0.04025174704610219,-0.008382806678639845
1785124116.0527308,0.04024976689021455,-0.008361895568916955
1785124116.0582438,0.040251481591710964,-0.008380245983693562
1785124116.0643756,0.040252061092542236,-0.008386593892957381
1785124116.067306,0.04025461895205716,-0.00841495222870048
1785124116.0725641,0.04025780647225314,-0.008450703194002296
1785124116.0774066,0.040255702191796264,-0.008426741490423847
1785124116.0819001,0.040257111103784854,-0.008443091730573735
1785124116.0872977,0.040255320345200116,-0.008422045188800275
1785124116.0927467,0.04025477434407229,-0.008415524975028637
1785124116.1032019,0.040252625300799184,-0.008389410444956055
1785124116.1078248,0.04025423138673427,-0.00840911997695631
1785124116.1136324,0.040252905133358545,-0.008392717862225927
1785124116.1185563,0.04025105593731431,-0.00836962315037565
1785124116.1225533,0.040249298403215776,-0.008347034997944978
1785124116.1302493,0.040247839575109044,-0.008327828784704897
1785124116.14181,0.04024630694879555,-0.008307216352832145
1785124116.1429868,0.040244984673473705,-0.008289095927985643
1785124116.1436298,0.04024377789007798,-0.008272372231611327
1785124116.1467083,0.04024259279869296,-0.008255486577963489
1785124116.152825,0.04024145140907912,-0.008238648897386163
1785124116.1570795,0.040240291462824464,-0.008221058320079305
1785124116.1625118,0.040238825498590015,-0.008198297152368042
1785124116.1679866,0.040237581804563875,-0.008178045430941056
1785124116.1732051,0.04023476984615585,-0.00813087258196018
1785124116.1785097,0.04023230400673471,-0.008088302722215363
1785124116.1835938,0.040230494967518966,-0.008056259881159891
1785124116.1868577,0.04022900217360898,-0.008028736088548025
1785124116.1915617,0.04022763247521633,-0.00800232323507376
1785124116.1976478,0.040226386893060836,-0.007977173599675062
1785124116.2045333,0.04022518403557251,-0.007951892589316724
1785124116.2071888,0.04022401533448901,-0.007926221091520542
1785124116.2126713,0.040222630806892715,-0.007894020397693803
1785124116.2170084,0.04022143792903324,-0.00786443892998046
1785124116.2217348,0.04022032605921383,-0.007834338699067767
1785124116.2268,0.04021927816869135,-0.007803679964452868
1785124116.231731,0.04021795164566654,-0.007760188345763831
1785124116.2371802,0.04021694116496178,-0.007722728774187133
1785124116.2412622,0.04021604651799889,-0.007685908274616385
1785124116.2474778,0.040215285121736215,-0.007649524893784768
1785124116.2515287,0.040214663562903326,-0.00761324134954293
1785124116.2574692,0.040214105838668926,-0.007575584090949131
1785124116.2637837,0.04021369998128771,-0.007537783046388776
1785124116.26721,0.04021338723446083,-0.007499323737218298
1785124116.2715638,0.04021318814046384,-0.007458891621602546
1785124116.277778,0.040213123816565666,-0.007417204698942577
1785124116.282404,0.04021318478845435,-0.0073736093376367984
1785124116.2868853,0.04021337908271411,-0.007329160686699502
1785124116.2922602,0.04021369906586858,-0.007284852007117633
1785124116.2976325,0.04021422032060769,-0.007237986301550871
1785124116.3030136,0.04021532387307262,-0.007161298326661057
1785124116.3068492,0.04021621650221187,-0.007107469829346413
1785124116.3123577,0.04021713501414803,-0.007060193386637104
1785124116.3176708,0.04021820785531783,-0.007012725269786935
1785124116.3262055,0.04022016676092492,-0.006934905868553463
1785124116.3302455,0.04022190182741229,-0.006876641430733182
1785124116.334684,0.04022356560651088,-0.00682608183495752
1785124116.338875,0.04022596620744354,-0.00676034497849994
1785124116.3424566,0.04022820518690319,-0.006704731470729981
1785124116.347384,0.04023123634392955,-0.006636434386969595
1785124116.3518956,0.0402339981618724,-0.006578168224585235
1785124116.357252,0.04023744255026181,-0.00650981413173774
1785124116.3622417,0.04024216930751778,-0.006421860617635222
1785124116.3667023,0.04024582725780165,-0.006357955247658855
1785124116.3729677,0.04025111541704097,-0.006271572138898416
1785124116.3773582,0.04025624616315659,-0.006191920915807046
1785124116.382308,0.04026022347249714,-0.006132907094142529
1785124116.387139,0.04026440824273908,-0.006074026606345132
1785124116.391322,0.04027204932963911,-0.005970483898169026
1785124116.3978496,0.040277425943986596,-0.0059007705931858065
1785124116.4054565,0.040282542600083036,-0.005836893120246556
1785124116.406792,0.04028986817913998,-0.005747271957557263
1785124116.412527,0.04029579048721227,-0.005677445164137187
1785124116.417082,0.04030397756534237,-0.005585033951819259
1785124116.4218554,0.04031044574230386,-0.005513998912019067
1785124116.4276628,0.040316756559948236,-0.005447042908040163
1785124116.43204,0.0403232887584383,-0.005378968329321805
1785124116.437627,0.0403304196754469,-0.0053062542305538215
1785124116.442611,0.04033817509345836,-0.005228751120385632
1785124116.4489477,0.040346270485266664,-0.005149561207992599
1785124116.4529893,0.040354427341514426,-0.005071161927912896
1785124116.458362,0.04036268504509815,-0.004993190516837814
1785124116.4623694,0.040370604646412823,-0.004920405791489993
1785124116.4667819,0.04037854246619549,-0.0048487050465425684
1785124116.472411,0.04038684390396203,-0.0047744521745865
1785124116.477295,0.040393615778341344,-0.004714560814422972
1785124116.4822454,0.040400010318465934,-0.004658893407488606
1785124116.486933,0.04040698201987023,-0.004598636067224734
1785124116.4913445,0.040413769499036856,-0.004540355270912085
1785124116.4976923,0.04042023235542011,-0.004485655421504292
1785124116.504167,0.0404270118382249,-0.004429454551522259
1785124116.5065541,0.040433504693085064,-0.004376280179998499
1785124116.5121832,0.040440573139366096,-0.004319142784649119
1785124116.5175672,0.040447193685904784,-0.004266708639392784
1785124116.522176,0.04045371539425572,-0.0042158765203084425
1785124116.5266821,0.040459369993669995,-0.0041723270657633834
1785124116.5324316,0.04046582569222753,-0.004123268190989943
1785124116.5369217,0.0404712848155574,-0.00408231674966638
1785124116.5417573,0.04047647821389691,-0.004043591237057265
1785124116.5471613,0.04048201724679134,-0.0040027630282838435
1785124116.5513217,0.04048685852854639,-0.003967366913762288
1785124116.5572517,0.04049141984076676,-0.003934464412517574
1785124116.5613298,0.0404962075231502,-0.003900038696586696
1785124116.567059,0.04050032826191977,-0.003870706995998612
1785124116.5722396,0.040504042673618075,-0.003844609993477216
1785124116.5779362,0.04050867077281201,-0.003812493810380213
1785124116.5863583,0.040512559661558215,-0.0037860536197795837
1785124116.591447,0.040515882329688634,-0.0037638641082172386
1785124116.593508,0.04051877179770688,-0.003744760078291511
1785124116.5978801,0.04052103906424719,-0.00372997325304557
1785124116.607901,0.04052298510978974,-0.0037174742727808714
1785124116.6103096,0.040524373722290785,-0.0037086657807787007
1785124116.6145296,0.04052526460400695,-0.0037030784188812897
1785124116.6218343,0.040525728368348654,-0.0037002223562648856
1785124116.6247642,0.04051905604159924,-0.0037407364924072974
1785124116.62759,0.040511691892194106,-0.0037847669849478097
1785124116.6404672,0.04051318439037671,-0.0037759898233160837
1785124116.6436093,0.040516320146614125,-0.003757763874246246
1785124116.6497023,0.040515521042238864,-0.0037623379909830254
1785124116.653358,0.040513344920476646,-0.0037745868472587765
1785124116.658825,0.040506490094579545,-0.003812534465779103
1785124116.6651256,0.04049687712848712,-0.00386505507415486
1785124116.6679034,0.04049675428978598,-0.0038657171303299732
1785124116.672385,0.04048314671048861,-0.003937747489275064
1785124116.6775744,0.04045740794610432,-0.004072172009019057
1785124116.6822684,0.04042878996894474,-0.004219501546476804
1785124116.6866832,0.0403774498042288,-0.00448068184126699
1785124116.691727,0.04031198847250191,-0.004808786484118134
1785124116.6986012,0.04026686034937585,-0.005032151596017987
1785124116.7017074,0.04020304616853713,-0.005345570364588483
1785124116.708709,0.04013351298242895,-0.005682807514476765
1785124116.7123485,0.04007637746400989,-0.005955081568213761
1785124116.7173717,0.04001668696608888,-0.006235167340531102
1785124116.7219193,0.03994516255617389,-0.006566411712813461
1785124116.7276855,0.039854937885234906,-0.006977151954000462
1785124116.7323253,0.03975250263690022,-0.007436728766324233
1785124116.7366412,0.039642796186117074,-0.007922151502528878
1785124116.742733,0.03956076568591051,-0.008278360557591223
1785124116.7472198,0.03947781608775277,-0.008634027719318349
1785124116.7513118,0.03937688707064496,-0.009061122938164329
1785124116.7590942,0.03926712388991468,-0.009520911227366998
1785124116.7641578,0.03915916014949195,-0.009967817298568283
1785124116.7672257,0.03904222821712936,-0.010446469776679271
1785124116.7735715,0.03892201409541897,-0.01093236930564053
1785124116.7783518,0.03882744851808344,-0.011310742605494127
1785124116.7832866,0.03871077791622134,-0.011771322768313903
1785124116.7885237,0.03858671056155196,-0.012257094997840185
1785124116.791918,0.03846156644434243,-0.012742919883599112
1785124116.799317,0.03833321618719239,-0.013237514049958104
1785124116.8020394,0.03820397695807577,-0.013731365063159272
1785124116.8103087,0.038077146265784706,-0.014211270529483832
1785124116.8123403,0.03795051555154716,-0.014686511218287415
1785124116.8170862,0.03783809661921676,-0.015106339952599674
1785124116.8234665,0.03771513002906173,-0.015563154826530246
1785124116.8280725,0.037576967412134586,-0.01607515987665164
1785124116.8343816,0.037462007528839124,-0.016498982736725554
1785124116.838411,0.037329688114102026,-0.016983860981956214
1785124116.843298,0.03720808220212809,-0.01742966551587865
1785124116.8479202,0.037084568403949754,-0.017883994202085748
1785124116.855353,0.03697630680658328,-0.01828104435014797
1785124116.8582032,0.03687383024512987,-0.018657960383560532
1785124116.862415,0.036754899992858824,-0.019096062496222647
1785124116.867955,0.03664438602799804,-0.019504860255803783
1785124116.8723567,0.0365341061862627,-0.019912450490427672
1785124116.8775187,0.036426818422039896,-0.020310009016594664
1785124116.8823674,0.036340355340623555,-0.020631615867391217
1785124116.8871078,0.03626183027872763,-0.020924358529626094
1785124116.8923488,0.03618270216738583,-0.021220742709867648
1785124116.9000769,0.03611014847375131,-0.021494095040035254
1785124116.902561,0.036039376055460946,-0.021762694046400657
1785124116.909835,0.03596614100528577,-0.02204241604093475
1785124116.9121678,0.03589768322374002,-0.022305248538754107
1785124116.9174397,0.0358349289361407,-0.02254758523840153
1785124116.9225292,0.03577008549251381,-0.022799783168844463
1785124116.9272676,0.03572868868394078,-0.022961701446539872
1785124116.9324732,0.035704207086644534,-0.023057947223401386
1785124116.9373462,0.035683894510632856,-0.02313853917731183
1785124116.9418023,0.03566631252205709,-0.023208487898198907
1785124116.946775,0.03565496765846743,-0.023253972871184216
1785124116.951461,0.03563977089634889,-0.02331521007293934
1785124116.9571235,0.035631436198657405,-0.023348991524933988
1785124116.9619296,0.0356212463943103,-0.023390504192492202
1785124116.967646,0.03561575918450352,-0.023412887962786014
1785124116.9724681,0.035607222593943784,-0.023447854205681243
1785124116.977181,0.035583959873650234,-0.023543451123624846
1785124116.9826927,0.03554072449773278,-0.02372174817858173
1785124116.987828,0.035501902981970083,-0.023883114939405408
1785124116.9918745,0.035463975556956226,-0.02404102251194055
1785124116.998084,0.035424631416941195,-0.024204045322285647
1785124117.0027275,0.035373733439647295,-0.024414775254294835
1785124117.010474,0.03532900611189289,-0.024600492655463158
1785124117.012156,0.03528072434597841,-0.024801123085691438
1785124117.0166855,0.03521918522330017,-0.025056380425497418
1785124117.0223444,0.03517405396213351,-0.025243387010841445
1785124117.026569,0.035127067774214545,-0.025438563144919362
1785124117.0331144,0.03508715871322716,-0.025603865197910795
1785124117.037315,0.03504299574870761,-0.025786457353923643
1785124117.0411413,0.035006973208384216,-0.02593491624245917
1785124117.0477388,0.03495336554323745,-0.026155804460215742
1785124117.0525992,0.0349154207002487,-0.02631123090540081
1785124117.0572586,0.034877031573579756,-0.026467760948777633
1785124117.0618505,0.03484120062252953,-0.02661379324695937
1785124117.0667586,0.03479693975038554,-0.026793284008981344
1785124117.0721273,0.03476155027412805,-0.026936406713333295
1785124117.077127,0.034730339181825075,-0.027061753819733997
1785124117.0827801,0.03468713923361019,-0.027233920622913365
1785124117.0873473,0.03465429146700094,-0.027363450188054812
1785124117.0939422,0.03462121008195557,-0.027492998611198003
1785124117.0977013,0.03459003157620692,-0.027614089311636166
1785124117.1028895,0.03455876019497223,-0.027734686686533255
1785124117.1129315,0.03452662675755532,-0.027857744874896628
1785124117.1170654,0.034493397200703185,-0.027983621354143135
1785124117.1218045,0.03446027857045641,-0.02810769848635308
1785124117.126704,0.03442818266543164,-0.028226742331953235
1785124117.1321468,0.03439743036110026,-0.028340194602262204
1785124117.136619,0.03436496737990273,-0.02845879273644585
1785124117.1411695,0.034333597431120466,-0.028572330215401197
1785124117.1468623,0.034302445045109674,-0.028684027897259965
1785124117.1514308,0.03427789426980559,-0.02877096347131549
1785124117.157604,0.03425412401269805,-0.028854576868481963
1785124117.1639254,0.03423093646726072,-0.028935035339602403
1785124117.1672988,0.03420805768549194,-0.029013544652033735
1785124117.1720622,0.03418938018486382,-0.029076920940619182
1785124117.1770723,0.03417739092130831,-0.029117116895955888
1785124117.1823828,0.034151485444724086,-0.029203309362656298
1785124117.1871018,0.03412971256058525,-0.029275065249463224
1785124117.191612,0.03411813552583477,-0.02931298231441294
1785124117.1975923,0.034101683482432976,-0.0293662547126825
1785124117.2026708,0.034092090390283124,-0.029396952572381653
1785124117.2066073,0.034069146792526254,-0.029469558028152938
1785124117.212092,0.03405387245432269,-0.029517370694765965
1785124117.217797,0.0340467143556035,-0.029539540226384498
1785124117.222172,0.034038308819994756,-0.02956532942366596
1785124117.2269301,0.03405894802162764,-0.02950283857706835
1785124117.2318997,0.03409508627850789,-0.029394437183588126
1785124117.2369044,0.034140340184416904,-0.029259882151547883
1785124117.2412734,0.03418958223936085,-0.029114714881591248
1785124117.2469072,0.034240373745247805,-0.028965801604866778
1785124117.2518363,0.03429384610829493,-0.028810099625006923
1785124117.2567647,0.03434894509782784,-0.028650724682124627
1785124117.2614546,0.03440269587963245,-0.028496833433797164
1785124117.2678678,0.034458618922813954,-0.028337681428129195
1785124117.2715914,0.03451128379834348,-0.028188926579547868
1785124117.2770104,0.03456811097968283,-0.028029186334447394
1785124117.282537,0.03462175670508963,-0.02787962288319806
1785124117.287071,0.03468163935123698,-0.027713230316475667
1785124117.2916782,0.034743309443956566,-0.027542982693499876
1785124117.2976828,0.03479820044784389,-0.027392351352962245
1785124117.301833,0.03485942192071039,-0.02722518672141549
1785124117.3069644,0.03491560528646242,-0.027072391815908873
1785124117.3125656,0.034972924993084645,-0.026917078990450153
1785124117.3172057,0.035031335878089404,-0.026759434834461797
1785124117.3214507,0.035090715131366704,-0.026599865178134213
1785124117.3274553,0.03514751335181055,-0.02644786612314319
1785124117.3331828,0.03520630652191763,-0.026290786911286865
1785124117.3376894,0.035265762497992695,-0.02613235873949401
1785124117.3419511,0.035326572202936,-0.025970541579676355
1785124117.3485656,0.03538432565427448,-0.025817090168205954
1785124117.3518946,0.035447645089401965,-0.025649116682683833
1785124117.3570158,0.03549047953655176,-0.02553565228025088
1785124117.36142,0.03552756467402378,-0.02543747028140909
1785124117.3676853,0.03556096161242296,-0.025349063287959297
1785124117.3722744,0.03559759649733291,-0.025252118974463247
1785124117.3765013,0.03563238824272967,-0.025159941233672874
1785124117.3816543,0.03566411151615903,-0.025075972608109405
1785124117.386886,0.03570047358064877,-0.02497978648927827
1785124117.3911984,0.035733508072373084,-0.024892388349741505
1785124117.3966193,0.03576345953775608,-0.02481329550194775
1785124117.4020422,0.03579361760059014,-0.02473409217462707
1785124117.4065962,0.03581996797033914,-0.02466506190920227
1785124117.412149,0.03584319251939401,-0.02460429078639055
1785124117.4172459,0.03586225264977434,-0.024554507837139798
1785124117.4220672,0.03587821524974861,-0.02451299695059367
1785124117.42678,0.03589549334017721,-0.02446816800796547
1785124117.4318807,0.035912308657356416,-0.02442465560181697
1785124117.4376774,0.03592659198082888,-0.0243879424595303
1785124117.4414074,0.0359375397710629,-0.024359959885858325
1785124117.4467306,0.035945979892502214,-0.024338539641859627
1785124117.452104,0.035956212721653155,-0.02431272915527977
1785124117.4572735,0.03596141200733698,-0.02429969945993275
1785124117.4616249,0.0359680991732714,-0.024283055798943295
1785124117.4675527,0.035973993176359395,-0.024268477112484272
1785124117.472741,0.035974011565294256,-0.024268431999322226
1785124117.4774866,0.035989651214260156,-0.024230411191639555
1785124117.4817607,0.0359963954437961,-0.0242141647409815
1785124117.4876611,0.0359982860827345,-0.024209649750253453
1785124117.491299,0.03600132923349483,-0.02420244781165077
1785124117.4974093,0.03600328287905567,-0.02419786494864257
1785124117.502611,0.0360078747133377,-0.02418721115911926
1785124117.507007,0.036012936226438,-0.02417558219787551
1785124117.5123763,0.03600724003818226,-0.024188519785219326
1785124117.5178442,0.03601416168156608,-0.0241729497118213
1785124117.5219848,0.03600705688330791,-0.024188724365422732
1785124117.5267367,0.03597221037098264,-0.02426535334613469
1785124117.5330057,0.03592297943419607,-0.024372356912265046
1785124117.5373359,0.035856448454812964,-0.024515294112967545
1785124117.5417309,0.035790127828698746,-0.0246562017301127
1785124117.5468128,0.035709501136823384,-0.024825537785426944
1785124117.551737,0.03563206486876058,-0.02498659753458838
1785124117.556607,0.03554970403035767,-0.025155674513421687
1785124117.5611176,0.03546625860036366,-0.025324935953607908
1785124117.5680652,0.03538865526752132,-0.0254805101562854
1785124117.571597,0.03530447339640186,-0.02564733836232342
1785124117.5767508,0.03522238275333117,-0.025808313477256737
1785124117.5818253,0.035134615514197526,-0.02597839156198078
1785124117.5868962,0.035052894953061665,-0.026134840114122457
1785124117.5913813,0.03496318013919498,-0.026304577547533244
1785124117.5964172,0.03487751798613237,-0.0264648575968243
1785124117.6036868,0.03478599552438777,-0.026634373892129637
1785124117.6071062,0.03469085793838257,-0.02680873174509374
1785124117.6123323,0.03460697734424956,-0.026961218725098757
1785124117.617684,0.034511609724525924,-0.02713330152631838
1785124117.6217926,0.03441399103115275,-0.027308002291281448
1785124117.6266208,0.03430901417620955,-0.02749489441174836
1785124117.6330762,0.03421439596622351,-0.027662209230507974
1785124117.637321,0.03410938035200368,-0.027846462332986953
1785124117.6415217,0.03399812789359993,-0.028040651834512025
1785124117.6475415,0.03387651893619766,-0.028251515332826542
1785124117.6524165,0.033773550130308264,-0.028429032595112026
1785124117.6575685,0.03366467733549124,-0.028615968419951208
1785124117.6615834,0.03355686134493385,-0.028799561551052046
1785124117.6678536,0.033440556298033844,-0.028996204405395368
1785124117.672176,0.03333520728356079,-0.029173628558745814
1785124117.6769621,0.03320042285474994,-0.02939952809030599
1785124117.6815078,0.033083120425862256,-0.02959510688496313
1785124117.6872656,0.03294561124542837,-0.029823129019035263
1785124117.6914778,0.03281477259125036,-0.03003961527461304
1785124117.6976228,0.032694101734101366,-0.030238690555261627
1785124117.7033527,0.0325615696730181,-0.030456686956931812
1785124117.7071674,0.0324268722948652,-0.030677489405353704
1785124117.7130535,0.03230664538271834,-0.030873889399171288
1785124117.7181752,0.03214637911454687,-0.031134815919696544
1785124117.7222059,0.03201338995880177,-0.03135078147449213
1785124117.726887,0.031876589685090724,-0.03157218565727894
1785124117.7326245,0.03170079824443324,-0.031856114964209724
1785124117.7367666,0.03156970160993729,-0.03206711709758147
1785124117.7415082,0.03141829881633552,-0.03231023452327671
1785124117.7465537,0.03124784255197547,-0.03258339526039807
1785124117.7524757,0.031101894826097733,-0.0328168448474763
1785124117.756861,0.0309453403784403,-0.03306716780020864
1785124117.7611635,0.03076260561525653,-0.033359569409369454
1785124117.7675595,0.030626831037033037,-0.03357665605520458
1785124117.771756,0.03047226521012443,-0.033823706283112376
1785124117.7770734,0.030284514685242212,-0.03412393208219621
1785124117.7815626,0.030139507945089135,-0.034355215771028055
1785124117.7872965,0.029953468768132,-0.03465159732954563
1785124117.7914534,0.02980040326598414,-0.034894990375160986
1785124117.7977598,0.029620728841912924,-0.03518052727413621
1785124117.8026698,0.02946888953144998,-0.035421573150560194
1785124117.807484,0.02929392994238375,-0.0356991854897157
1785124117.813023,0.029090818367124436,-0.03602141303405989
1785124117.8182375,0.028901038292489186,-0.036322053507613535
1785124117.822176,0.02877578117375203,-0.036520803720061806
1785124117.8270752,0.028594290376000923,-0.036809127338394226
1785124117.8327944,0.028411519791099897,-0.03709947966780089
1785124117.8388367,0.02821826160804399,-0.03740661145827223
1785124117.84145,0.028019839586263376,-0.03772232023238449
1785124117.8474014,0.027816319907171143,-0.038046398926626084
1785124117.852567,0.0276751085723269,-0.03827105437539614
1785124117.856762,0.02752392072246436,-0.038511706199236384
1785124117.861925,0.027341111954510257,-0.03880290253444756
1785124117.8687336,0.02716297828520074,-0.0390870911256664
1785124117.8727808,0.026961860011957422,-0.03940857084758624
1785124117.8771312,0.026770264598538127,-0.039714737067662105
1785124117.882331,0.02656371269832477,-0.04004462068213942
1785124117.8879235,0.026361066095573593,-0.04036887454201628
1785124117.8917232,0.02625602233370035,-0.04053734086628633
1785124117.897037,0.026098334728296944,-0.0407910448616719
1785124117.9031026,0.025915102227374903,-0.04108644557082056
1785124117.9070272,0.025736645300138007,-0.04137513534887947
1785124117.9128153,0.025540200138906073,-0.04169347442266329
1785124117.9187639,0.025346148054811495,-0.04200782156702826
1785124117.9220903,0.02521652915303441,-0.04221828763012189
1785124117.9276397,0.025038589471847464,-0.04250768811352931
1785124117.932194,0.024912779398961336,-0.04271258002093904
1785124117.9377341,0.024748396689679812,-0.042980876758541904
1785124117.9415512,0.02457304397591708,-0.04326763986214642
1785124117.947245,0.024461549186385118,-0.04345062677970971
1785124117.9527047,0.024318864586395848,-0.04368563688423186
1785124117.957134,0.024146575190380923,-0.0439701869353717
1785124117.9618442,0.023977299799810916,-0.044251002974004236
1785124117.9674048,0.02386338927576911,-0.044440600230514334
1785124117.972127,0.02372129749224843,-0.044678197549136885
1785124117.9774194,0.0236167514591905,-0.04485344144753785
1785124117.9818463,0.023558877340097255,-0.04495078024353452
1785124117.9876168,0.023511144537697128,-0.04503125131155538
1785124117.9927168,0.023464532162689605,-0.04511007713203129
1785124117.9968622,0.0234344436856548,-0.045161122897662706
1785124118.0022779,0.02340004034703398,-0.045219688306948884
1785124118.0069556,0.02336208728746768,-0.045284606831090854
1785124118.0119538,0.023340265491638385,-0.04532214664582192
1785124118.0164282,0.02330728654751299,-0.04537900279174146
1785124118.0224879,0.023293782475809818,-0.045402333228956364
1785124118.026623,0.023277513908900784,-0.045430517127485116
1785124118.0322433,0.02325955964637277,-0.04546170141258654
1785124118.0368676,0.02324952868864101,-0.045479195362507725
1785124118.0414152,0.02324150068823393,-0.0454932097370243
1785124118.0460186,0.02323374295820593,-0.04550675960423685
1785124118.0526507,0.023226175568018217,-0.04551997751116553
1785124118.0572731,0.023219419868164764,-0.045531802726375976
1785124118.0615447,0.023213302192491847,-0.04554252918291519
1785124118.0664194,0.02324046974545625,-0.04549490280449104
1785124118.0724964,0.023264797187719857,-0.045452207855266887
1785124118.0788443,0.02322609727393481,-0.045520094362883214
1785124118.0822253,0.023162008051931447,-0.04563247358801408
1785124118.0877025,0.023103314768807556,-0.04573512744448739
1785124118.0914233,0.023039131903636267,-0.04584696973439888
1785124118.096669,0.02297629480668051,-0.0459561467173201
1785124118.102413,0.022902029020778977,-0.04608452445339487
1785124118.109108,0.022840159557632984,-0.04619111939531871
1785124118.1197577,0.022767257334057447,-0.04631632332976303
1785124118.1226103,0.022701012004895674,-0.04642968738649387
1785124118.127326,0.02263833069034368,-0.046536502771709926
1785124118.131421,0.022569233350082058,-0.0466534963245057
1785124118.1374505,0.02251663848796327,-0.046741991285576545
1785124118.1415083,0.022449653468245782,-0.04685423901178849
1785124118.1467302,0.022390467006710532,-0.046952689864854825
1785124118.1522727,0.02233862111833927,-0.04703817467063732
1785124118.1562552,0.022290572794361984,-0.047116723339723145
1785124118.1616282,0.022246484442277264,-0.047188050397774614
1785124118.1669385,0.02219330831647677,-0.04727337167790188
1785124118.172881,0.022129719912877825,-0.04737445544621434
1785124118.176621,0.022060514422066843,-0.047483298179298195
1785124118.181434,0.02200388058320556,-0.04757137622330094
1785124118.1876597,0.02191565958684141,-0.047707138263026236
1785124118.1941123,0.02184067048000504,-0.047821206573955735
1785124118.197832,0.021763081137200584,-0.04793798449136636
1785124118.2024112,0.021685252518520104,-0.04805371683751655
1785124118.2074945,0.021615809161948003,-0.048155798037975976
1785124118.2126582,0.021538320042265753,-0.048268446407685885
1785124118.2234337,0.02145910644578773,-0.04838232445686185
1785124118.2258642,0.021394512230262654,-0.04847417486876247
1785124118.2298398,0.021323917681839003,-0.04857354702817932
1785124118.2328508,0.021232417444625534,-0.04870103978079247
1785124118.2391257,0.021144869619546185,-0.048821712403567405
1785124118.2421505,0.02107430742923119,-0.04891791396448939
1785124118.247586,0.021003468559475606,-0.049013609042808444
1785124118.2547464,0.020929467567668447,-0.04911254610848003
1785124118.25892,0.020866880356042596,-0.049195345832217546
1785124118.2630043,0.020805042441477666,-0.049276301846573466
1785124118.2680235,0.020744484164409386,-0.04935484405183502
1785124118.2725787,0.02068563726208078,-0.049430438426519355
1785124118.2775292,0.020563624844326236,-0.04958568298674188
1785124118.2821596,0.020399994440593622,-0.049792160253307766
1785124118.2882283,0.020216824548629837,-0.05002096129527787
1785124118.2915142,0.0200251861942003,-0.05025814620731778
1785124118.2972612,0.01983547749816516,-0.05049106022505518
1785124118.3020158,0.019647436756395548,-0.05071990580686744
1785124118.3068182,0.019452982214359923,-0.0509548515108597
1785124118.3112154,0.019250706072063334,-0.05119779871540098
1785124118.3176808,0.01906333511252462,-0.05142164399834023
1785124118.3220236,0.018863128631487588,-0.051659145573424665
1785124118.3262718,0.018582842772639167,-0.051988927207291674
1785124118.3316944,0.018263365996538255,-0.052362640824366855
1785124118.337826,0.017939947710566062,-0.05273890390668274
1785124118.3418033,0.017586211482771515,-0.05314846303523869
1785124118.3467638,0.01723899325096075,-0.0535484926135098
1785124118.3518312,0.016885662249460354,-0.053953405972031826
1785124118.3577015,0.016521158284611676,-0.054368882490836844
1785124118.361246,0.016169145063006665,-0.054768238029042994
1785124118.366436,0.015798588972483978,-0.05518702471032984
1785124118.3730016,0.015434711090726323,-0.055596946259749744
1785124118.3768604,0.015003423568797577,-0.0560811321786141
1785124118.3822174,0.01452495153856122,-0.056616771730785505
1785124118.387464,0.014031676367617277,-0.057167452877236374
1785124118.3919897,0.013496052178566535,-0.05776368752173505
1785124118.3971229,0.012970406648537014,-0.058347862345619214
1785124118.4030137,0.01242333323797635,-0.0589546305146415
1785124118.40718,0.011882304361539453,-0.059552671932709154
1785124118.4118316,0.011347054576379134,-0.060143309566873866
1785124118.419562,0.01077559025449502,-0.06077288462593687
1785124118.422223,0.010212251793672009,-0.06139178684069701
1785124118.4267523,0.009592261567165555,-0.06207112802868696
1785124118.4313908,0.008917192903718752,-0.06281114031253512
1785124118.4386516,0.008195947615423638,-0.06360094197622869
1785124118.4416113,0.007487657569613691,-0.06437613885815206
1785124118.4466975,0.0067621554474987,-0.06517047485687832
1785124118.4515135,0.0060254621984532995,-0.06597702459898117
1785124118.4576042,0.005325221312387949,-0.06674331853502331
1785124118.461857,0.004594939978149656,-0.06754214479271214
1785124118.4669664,0.003864106117138323,-0.06834292569490318
1785124118.4732714,0.003129011031425694,-0.06914735993263789
1785124118.4773958,0.0022911911211679708,-0.07006549469837252
1785124118.4812646,0.0014359144603807532,-0.07100335629168852
1785124118.4875958,0.0005654091593428482,-0.07195882157446684
1785124118.4917316,-0.0003191272499289688,-0.07293041552730034
1785124118.4972394,-0.001289076659045576,-0.0739949454344761
1785124118.5019486,-0.0022048817414977925,-0.07500030072251815
1785124118.5070834,-0.0031766470480771207,-0.07606865720303271
1785124118.5113425,-0.004152764396597043,-0.07714415550445093
1785124118.516886,-0.005063161335382238,-0.07814862982295895
1785124118.5222447,-0.0060022132145158506,-0.07918493818582967
1785124118.526918,-0.007018392249599,-0.08030614245362383
1785124118.5315855,-0.008077956058741922,-0.08147540268438526
1785124118.5375504,-0.009125043214649575,-0.0826289745864536
1785124118.541142,-0.010175684864744962,-0.08378430372222177
1785124118.54661,-0.01127425150264636,-0.08499028226017509
1785124118.5517468,-0.012351089579040702,-0.08616955115242732
1785124118.557718,-0.013414958244069745,-0.08733113446547647
1785124118.5618832,-0.014497076505864365,-0.0885087974408117
1785124118.5670748,-0.015572054920845988,-0.08967527567435617
1785124118.572311,-0.016677391659983887,-0.09086787108639151
1785124118.5777528,-0.01771010681768869,-0.09197843160893875
1785124118.5826523,-0.01876324564777557,-0.0931053157831164
1785124118.5901089,-0.01978660386230297,-0.09419553346991848
1785124118.5929372,-0.02082565370465941,-0.09529552669015968
1785124118.5983973,-0.021943093101825763,-0.09647151249270958
1785124118.6033397,-0.023012630282975052,-0.09758749658523452
1785124118.6070936,-0.024103681490680262,-0.09871737287716066
1785124118.611638,-0.025208793843203816,-0.09985256616958382
1785124118.6215413,-0.02629632983136898,-0.10095884056866229
1785124118.624492,-0.027379322732873326,-0.10205086510851664
1785124118.6267805,-0.028496316182101498,-0.10316863527713548
1785124118.6317003,-0.02963605148011563,-0.10429814668813724
1785124118.637696,-0.03081090264346249,-0.10545229154832221
1785124118.6414459,-0.03202813927433084,-0.10663474410305138
1785124118.6479478,-0.03329328533636957,-0.1078500349124179
1785124118.6514366,-0.034535814060170596,-0.10903331817424108
1785124118.6580877,-0.035783614523572614,-0.11020887117389988
1785124118.6616962,-0.03703934325388987,-0.11138145425939551
1785124118.6676865,-0.038331168690953835,-0.11257625093322733
1785124118.6734757,-0.0395580967216338,-0.11370067365417438
1785124118.6768007,-0.040792916519341034,-0.11482263891991887
1785124118.6814706,-0.04211013549803599,-0.11600834338209273
1785124118.6880863,-0.04338594227888154,-0.11714558925441099
1785124118.6915643,-0.04462111091024446,-0.11823674416831542
1785124118.69689,-0.045881531146654074,-0.11933897520908127
1785124118.7019656,-0.047147856787470105,-0.12043564408108726
1785124118.7070522,-0.04841285842364349,-0.12152273122916883
1785124118.7113457,-0.04970378893445427,-0.1226233023345351
1785124118.7175877,-0.05098021651406254,-0.12370367608080005
1785124118.7223804,-0.052220834816253454,-0.12474554050163444
1785124118.727104,-0.05337485819784636,-0.12570602114074947
1785124118.7320812,-0.0544298093380199,-0.1265764518645777
1785124118.737786,-0.05546891254736342,-0.1274272196863941
1785124118.7412965,-0.05650888941510328,-0.12827354514284273
1785124118.7465742,-0.05754733273372862,-0.12911304256288966
1785124118.7517784,-0.05855138792728521,-0.129919696369295
1785124118.7573094,-0.05957757890744347,-0.13073810580753897
1785124118.7617118,-0.060587551214167125,-0.13153868879993016
1785124118.766587,-0.061608182086119734,-0.13234315617250936
1785124118.772955,-0.06265303515255911,-0.13316277393094653
1785124118.7765756,-0.06360940922647865,-0.13390849194292748
1785124118.7818902,-0.06454954507009734,-0.1346355724084913
1785124118.7874432,-0.06544936181557606,-0.13532573539154905
1785124118.7917118,-0.06640134511015751,-0.13605295545499943
1785124118.7971013,-0.06732095330825594,-0.1367517246727835
1785124118.8018858,-0.0682137904932065,-0.1374265389156769
1785124118.8072946,-0.06911981331025263,-0.1381064225953804
1785124118.8122587,-0.07002581544808922,-0.13878390453230757
1785124118.8185697,-0.07092285902484403,-0.13945136414678067
1785124118.822501,-0.0718293935774506,-0.1401219857264144
1785124118.827508,-0.07286312237275322,-0.14088271023010948
1785124118.832475,-0.07398524838351252,-0.141703727599596
1785124118.8375676,-0.0751126132714652,-0.14252194581680916
1785124118.8416755,-0.07626336576485004,-0.14335117044016638
1785124118.8472915,-0.07741762522730143,-0.1441773198150223
1785124118.8522682,-0.07853400923999766,-0.14497200810783367
1785124118.8569822,-0.07967750567823358,-0.14578206180458517
1785124118.8617773,-0.08084541888560233,-0.14660245587554338
1785124118.866997,-0.08204671451771646,-0.14743971515116588
1785124118.873042,-0.08321398601681834,-0.14824947225269233
1785124118.8765,-0.08447585008529439,-0.14911995485088603
1785124118.8816693,-0.08573168356296529,-0.149979402466811
1785124118.887368,-0.08703704685424975,-0.15086639735218205
1785124118.893924,-0.08829610830260777,-0.15171806706054536
1785124118.8964214,-0.08959802028176289,-0.1525913414847839
1785124118.9028134,-0.09090704454420345,-0.1534619333365396
1785124118.9073946,-0.09220980798337572,-0.15432316760555262
1785124118.9114919,-0.09353133605039379,-0.15519235118377808
1785124118.9203968,-0.09484025045268121,-0.156049761198501
1785124118.9256866,-0.09618512148796407,-0.15692738566937664
1785124118.9274046,-0.09750558697929146,-0.15778587145371264
1785124118.9317353,-0.09888516261202643,-0.15867894682873795
1785124118.9372869,-0.10029519562929269,-0.15958820138520982
1785124118.9412847,-0.10165429946408308,-0.16046290723833553
1785124118.9466608,-0.1030533384095244,-0.1613603243467284
1785124118.951881,-0.10440330313578175,-0.16222485970358805
1785124118.9576302,-0.10583011983481329,-0.16313522525563803
1785124118.961725,-0.10724881274173197,-0.16403868991740025
1785124118.9668133,-0.10866107014897858,-0.16493664354574444
1785124118.972485,-0.11006036618415135,-0.16582317184368692
1785124118.976195,-0.11160894243132859,-0.1668010565206833
1785124118.9818397,-0.11320111415580487,-0.1678023583590882
1785124118.9876873,-0.11482993836002131,-0.16882332091077404
1785124118.9926016,-0.11641933613319314,-0.16981507807120316
1785124118.997763,-0.11800552114229135,-0.1708007702725063
1785124119.0023875,-0.11968148108913479,-0.17183578076195316
1785124119.0075645,-0.12131289709389217,-0.17283637308110353
1785124119.0118883,-0.12296302615869213,-0.17384196094633952
1785124119.0173154,-0.12456969407969623,-0.17481365243711014
1785124119.0229719,-0.12621333622776867,-0.17579973213191813
1785124119.0270104,-0.1279695293111726,-0.17684512783368722
1785124119.0314193,-0.12978942042389627,-0.17792008666752412
1785124119.0383465,-0.13156699999167737,-0.17896512311716953
1785124119.0419528,-0.13332942223846747,-0.17999032533115103
1785124119.0469015,-0.1350858960200171,-0.1810051045123265
1785124119.0516956,-0.1368350202345269,-0.18200531125310593
1785124119.0577307,-0.1385248725625035,-0.18296487661129598
1785124119.0615509,-0.1403395449616632,-0.18398558599789397
1785124119.0669818,-0.14214131676518624,-0.184989297099963
1785124119.073258,-0.14395220973678619,-0.18599042253941278
1785124119.07707,-0.14577069848339577,-0.1869860669234671
1785124119.0814607,-0.14761639175088836,-0.18798632120121606
1785124119.0871446,-0.14940764894373426,-0.18894681905302754
1785124119.0916493,-0.15116924125838663,-0.1898830717777475
1785124119.0978715,-0.1529918460076584,-0.1908435567310751
1785124119.1021054,-0.1547873025553085,-0.19178054918443796
1785124119.1066005,-0.15659897433809017,-0.19271928865585994
1785124119.111477,-0.1584067466680879,-0.19364858908066804
1785124119.1172173,-0.16020094632774934,-0.19456403081070273
1785124119.1223633,-0.16200916090024597,-0.19547971535055636
1785124119.127179,-0.1638506299761642,-0.19640545051857866
1785124119.1315026,-0.16569345711602804,-0.19732534942301924
1785124119.1385925,-0.16750420717268705,-0.19822599823940262
1785124119.1431062,-0.16937013763840922,-0.19915089215358692
1785124119.1478975,-0.17123186006649826,-0.20006925359031566
1785124119.152024,-0.17308551296958807,-0.2009792744291592
1785124119.1577113,-0.1749323637086638,-0.20188556283292333
1785124119.1625533,-0.1768474455389445,-0.2028237156975827
1785124119.1678197,-0.17870845461910684,-0.20373374520103094
1785124119.172765,-0.18054170456688828,-0.20462961534165408
1785124119.178418,-0.18244302192359854,-0.20555803334592748
1785124119.1826153,-0.18427562909763895,-0.20645665010064898
1785124119.1884322,-0.18619146525352312,-0.2073983531446716
1785124119.1931632,-0.1880259701647395,-0.2083016123909697
1785124119.197154,-0.18991606678457346,-0.209235420414639
1785124119.2022586,-0.19172171974401975,-0.21013198859016155
1785124119.207311,-0.19357596204095615,-0.2110538541427459
1785124119.2110534,-0.19542489745467992,-0.211978764541026
1785124119.2252684,-0.19727957554279865,-0.21291004047790313
1785124119.2274737,-0.1991402626539364,-0.21384842977347646
1785124119.228878,-0.2010080686439311,-0.21479609886475504
1785124119.2314446,-0.20288167985255773,-0.21575387098902712
1785124119.2379692,-0.20476561054560063,-0.2167235489603332
1785124119.2417462,-0.20664265163545448,-0.217698027213029
1785124119.2467206,-0.2084981738641583,-0.21866660573900598
1785124119.251795,-0.21031367556180278,-0.2196209499899091
1785124119.2574496,-0.21202693279367774,-0.22052714142796073
1785124119.2617226,-0.21377416422446227,-0.2214577300176421
1785124119.2685215,-0.21559613643093964,-0.22243641156194463
1785124119.2739983,-0.21737127976190967,-0.22339545440025252
1785124119.277036,-0.21910099505756114,-0.22433577761082457
1785124119.2832,-0.22088599165836262,-0.22531349673343143
1785124119.2877223,-0.22257330920157886,-0.22624197192302747
1785124119.291563,-0.2242323247158963,-0.2271605930704229
1785124119.2971344,-0.22585166813406382,-0.2280618778715134
1785124119.302455,-0.22747004238558363,-0.22896573144753563
1785124119.3075197,-0.2290562129753804,-0.2298565266409097
1785124119.3113327,-0.2306546070073251,-0.23075873848136197
1785124119.319022,-0.23226694345508572,-0.2316735109239495
1785124119.32352,-0.23390497121677306,-0.23260484685133684
1785124119.327984,-0.23561762709499884,-0.2335805573493687
1785124119.3318305,-0.237347105415889,-0.2345698071784048
1785124119.3382688,-0.23909013893402484,-0.2355699783652815
1785124119.3419564,-0.2407567091703503,-0.23652970683122235
1785124119.3473942,-0.242518586481976,-0.23754760174416079
1785124119.3525982,-0.24421489011828182,-0.23852941474620248
1785124119.357694,-0.24598984933437396,-0.23955845061212455
1785124119.3623788,-0.24777370410322033,-0.24059359747553088
1785124119.3669152,-0.24950585972159617,-0.24160039714064796
1785124119.3734446,-0.2513038789567775,-0.24264481502359722
1785124119.3769891,-0.25295991324063216,-0.2436070092520613
1785124119.382445,-0.2546558239556203,-0.244593049355411
1785124119.389718,-0.25638214068351417,-0.24559549504178643
1785124119.3935862,-0.25810905814615315,-0.24659798246377015
1785124119.3968363,-0.2597777670236189,-0.24756691846980972
1785124119.4034147,-0.26150734823953187,-0.24857184061754278
1785124119.4074378,-0.26325227552774333,-0.24958497826172038
1785124119.411787,-0.26495592721502964,-0.25057156627278104
1785124119.4190176,-0.2666973816250122,-0.2515787446679566
1785124119.424461,-0.26837762804422105,-0.2525483084936889
1785124119.427989,-0.2701356955386502,-0.25355956312837064
1785124119.431168,-0.27184812573468314,-0.25454203961843574
1785124119.437051,-0.2736311642583244,-0.2555624519035639
1785124119.441514,-0.2752908649974437,-0.25650998674393816
1785124119.447271,-0.27703512456922025,-0.2575043123108492
1785124119.451357,-0.2787564621082644,-0.2584821989472841
1785124119.4578667,-0.2804313437847532,-0.25943151296581873
1785124119.4618864,-0.28216533239901587,-0.26041039074313194
1785124119.466622,-0.2838891558082217,-0.2613785346771373
1785124119.4725366,-0.28562721919096734,-0.2623511282551515
1785124119.4771976,-0.28731009867058777,-0.2632890909726854
1785124119.481459,-0.28890636343333026,-0.26417458489755696
1785124119.4879606,-0.2905366907169586,-0.2650731950158116
1785124119.4922485,-0.292168350090786,-0.2659686026954993
1785124119.4970741,-0.29378393949810316,-0.26685099067611673
1785124119.5016606,-0.2953939043977881,-0.2677266112608259
1785124119.5071511,-0.29700370046184377,-0.26859665685879236
1785124119.5126882,-0.2985783978588159,-0.2694453163493797
1785124119.5186357,-0.30021698312207645,-0.2703269223934503
1785124119.523549,-0.30185501067656745,-0.2712051606500154
1785124119.527187,-0.30342286971477284,-0.27203915206647955
1785124119.5313406,-0.30504540350240184,-0.27289724014807354
1785124119.5372097,-0.3066664229538264,-0.2737516682277446
1785124119.5416212,-0.30825757875124216,-0.27458442845628667
1785124119.5470161,-0.3098412356940366,-0.27541031156416107
1785124119.5521853,-0.3114522480958114,-0.2762470159577633
1785124119.559263,-0.31302383861018823,-0.2770621386550965
1785124119.5625334,-0.3146336862573085,-0.27789504591002834
1785124119.5668657,-0.3162703137175726,-0.27873923964940794
1785124119.5729444,-0.31785414041662535,-0.2795499689604488
1785124119.577846,-0.31954105436939184,-0.28040843578350794
1785124119.5817966,-0.32121899520259195,-0.2812584184526752
1785124119.5868492,-0.32302781728429064,-0.2821696925624082
1785124119.5921328,-0.3247737416566728,-0.2830459729118728
1785124119.596809,-0.32653674237282704,-0.2839264267157914
1785124119.6014273,-0.32831982467925624,-0.2848120343929809
1785124119.6087906,-0.3300717009505625,-0.2856784378615526
1785124119.6118422,-0.3318321025696729,-0.2865464929646762
1785124119.620046,-0.3336045736806374,-0.2874157971306668
1785124119.623465,-0.3353587835587113,-0.2882710692567959
1785124119.626878,-0.3371207709014983,-0.28912556690765967
1785124119.631108,-0.33890376167096586,-0.28998538795493345
1785124119.636721,-0.3407781986857557,-0.2908850249763632
1785124119.64247,-0.34256714263393906,-0.29173901574933353
1785124119.6471057,-0.3444490499187775,-0.2926346722840274
1785124119.6521227,-0.3461921290221111,-0.2934608970498288
1785124119.6588635,-0.3480183321296698,-0.29432201584539924
1785124119.6636868,-0.3498567917554653,-0.2951860210358803
1785124119.668237,-0.3516148561246084,-0.29600760631313117
1785124119.6736858,-0.35341223947298817,-0.2968441737110315
1785124119.6778588,-0.3552480164831569,-0.29769631735107915
1785124119.6822076,-0.3570109896898069,-0.29851135359943626
1785124119.6876101,-0.3588517106391291,-0.29935718609128525
1785124119.6920059,-0.36068077616424704,-0.30019603745578005
1785124119.6979983,-0.36245049733133367,-0.3010048322317024
1785124119.704024,-0.36433499817374837,-0.30186482058004843
1785124119.70887,-0.3661528318922874,-0.3026909716797472
1785124119.7118132,-0.3679399083379656,-0.3035014554784495
1785124119.7210474,-0.3697493288987445,-0.3043220341318885
1785124119.7264407,-0.37153475598181096,-0.30513199263985236
1785124119.7285638,-0.37334527565071024,-0.30595398268112756
1785124119.7326238,-0.375136523227294,-0.3067655013928137
1785124119.7375875,-0.37692948412395205,-0.30757769312317773
1785124119.7425315,-0.3787065907243179,-0.30838231169370106
1785124119.7473872,-0.38053932319389305,-0.30921221917545655
1785124119.7522378,-0.38239437872293036,-0.3100522755420179
1785124119.7582266,-0.38424618116498066,-0.31089025230390305
1785124119.76219,-0.38603833467773013,-0.3117011483490729
1785124119.7674687,-0.38786872257426097,-0.3125297868303786
1785124119.772177,-0.3897293072018424,-0.3133720741308662
1785124119.777265,-0.3914525371895084,-0.31414868668772367
1785124119.7822816,-0.3931223708446858,-0.3149013494773075
1785124119.7869396,-0.3947920621281439,-0.3156546082461683
1785124119.791886,-0.396428206047943,-0.31639397389951557
1785124119.7972739,-0.39811219607250986,-0.3171550548514743
1785124119.801878,-0.399798724940015,-0.3179174228771325
1785124119.8079467,-0.40146193132996066,-0.3186702106211487
1785124119.8122416,-0.4031352918157186,-0.31942746677930905
1785124119.8179116,-0.4047620533889439,-0.32016222616832085
1785124119.8220015,-0.4063373343027216,-0.32087446255808477
1785124119.8277898,-0.408025998875005,-0.3216384230985845
1785124119.8318172,-0.4096650139017747,-0.3223784974782763
1785124119.8369184,-0.4113398199645273,-0.3231346353317273
1785124119.842292,-0.41300305821780137,-0.32388456428113815
1785124119.8470051,-0.41466057819634383,-0.3246332479054496
1785124119.853548,-0.4162665663517014,-0.3253579686591059
1785124119.857908,-0.41796128675378064,-0.32612454609212976
1785124119.8633978,-0.4196285517943946,-0.3268782149526199
1785124119.8683658,-0.4212672828015383,-0.3276213228436754
1785124119.8735836,-0.4229396521938066,-0.3283797301871018
1785124119.8771691,-0.4246016498246604,-0.3291328289201713
1785124119.8822992,-0.4263545697956553,-0.32992722002160313
1785124119.887032,-0.4281073770685518,-0.3307206382736719
1785124119.8917003,-0.4298956645386442,-0.3315297295591891
1785124119.8974268,-0.43165758146755095,-0.33232624668503397
1785124119.9016705,-0.43346332375269286,-0.3331419895611862
1785124119.9077706,-0.4352245350914628,-0.33393698267335403
1785124119.9122698,-0.4370666009519054,-0.33476672851624795
1785124119.9209683,-0.43885812737351726,-0.3355721163713638
1785124119.9225395,-0.44077064298162805,-0.3364307471079635
1785124119.9268916,-0.4425075527816365,-0.3372097476761077
1785124119.9318793,-0.4443101465633416,-0.3380160740062883
1785124119.9367657,-0.44615278092871796,-0.33883788712943114
1785124119.941882,-0.44794469851494034,-0.33963497663042275
1785124119.9468696,-0.4497597796228372,-0.3404385389151517
1785124119.9513798,-0.4516205243588338,-0.34126002323670734
1785124119.9575183,-0.4534499831263079,-0.3420664645916405
1785124119.9613419,-0.45525419126947786,-0.3428597146974872
1785124119.9674332,-0.4570960474182527,-0.34366671607945276
1785124119.9751341,-0.45886198713652293,-0.34443543204939686
1785124119.977412,-0.46065525724145595,-0.34521419208812065
1785124119.982113,-0.46248474390564587,-0.3460052670536609
1785124119.9876761,-0.4643237643563309,-0.34679573391339236
1785124119.992145,-0.46625825899391654,-0.3476232707853311
1785124119.996563,-0.4680679290716391,-0.3483936014162739
1785124120.0013077,-0.46988954006154937,-0.34916464677117326
1785124120.0077734,-0.4717305958068923,-0.3499400655863988
1785124120.011916,-0.47359926428700766,-0.3507205283596253
1785124120.0175698,-0.47548616581544384,-0.35150410457402614
1785124120.0221162,-0.4774147559357081,-0.35229871979861804
1785124120.0275924,-0.4792312670761669,-0.3530418461579049
1785124120.0327704,-0.4810591016070476,-0.3537853906290707
1785124120.0374472,-0.48291352449307023,-0.35453496051225764
1785124120.0422268,-0.48480403373929853,-0.35529309777860824
1785124120.0469267,-0.4866288728016038,-0.35602016001841663
1785124120.0520408,-0.4884923248828585,-0.3567577426754906
1785124120.0574934,-0.4903373951083559,-0.3574848769783434
1785124120.062644,-0.4921887398089008,-0.35820934776199514
1785124120.0669165,-0.4941148392129208,-0.35895577414934676
1785124120.07188,-0.4959920674002941,-0.3596785245686098
1785124120.077609,-0.4978974259961024,-0.36040598654934564
1785124120.0821435,-0.4997689040074218,-0.3611151472733051
1785124120.087112,-0.501622639724095,-0.3618123993591165
1785124120.092104,-0.5034672106303915,-0.3624997359372904
1785124120.0968473,-0.5052860724920877,-0.363174108100929
1785124120.1012077,-0.5071524245321425,-0.36386327325084405
1785124120.1077533,-0.5090105393125093,-0.3645443414226902
1785124120.1118112,-0.5108784581280269,-0.3652249072342921
1785124120.1185615,-0.5127581753550725,-0.3659061366577191
1785124120.1217616,-0.5146143472258882,-0.3665747925031593
1785124120.1276984,-0.516467723825289,-0.36723713824795473
1785124120.131706,-0.518156913736702,-0.36783746904032333
1785124120.136809,-0.5199424421152008,-0.36846673700605725
1785124120.1423728,-0.5217044282348896,-0.36908254054087325
1785124120.1468532,-0.5234610581594673,-0.3696923899831789
1785124120.1521115,-0.5252232694563789,-0.3703006860821423
1785124120.1573374,-0.5270531513743664,-0.370927167593099
1785124120.1624682,-0.5288440050021881,-0.3715352075119365
1785124120.166898,-0.5306112208373748,-0.37213035728835564
1785124120.17266,-0.5323631336757723,-0.3727167715667162
1785124120.1775665,-0.5341748007935073,-0.37331950628368143
1785124120.1819327,-0.5360833617741361,-0.37394891373227707
1785124120.1866555,-0.5380228416170353,-0.37458616730568095
1785124120.191776,-0.5400007530858261,-0.37523196318591556
1785124120.1972833,-0.541972159086921,-0.3758709179315977
1785124120.2022188,-0.5439330783434136,-0.3765008389904406
1785124120.2076862,-0.545883495284701,-0.37712213117203464
1785124120.2113647,-0.5479270548887469,-0.37776740645761814
1785124120.2176952,-0.5500210480955562,-0.37842225652881323
1785124120.2217216,-0.5520228244195169,-0.37904574701679367
1785124120.2269444,-0.5540194319699929,-0.379664145459666
1785124120.231564,-0.5560036686685116,-0.3802753606055365
1785124120.2363884,-0.5580052267803263,-0.38088870361555877
1785124120.2430675,-0.56007357235816,-0.3815153933314481
1785124120.246817,-0.562057320247084,-0.3821115503886339
1785124120.2525802,-0.5641756015134758,-0.38274159765778504
1785124120.258837,-0.5661667202774656,-0.3833294048759523
1785124120.2614107,-0.5681927570165313,-0.3839209681289789
1785124120.266571,-0.570259669331448,-0.38451855935516194
1785124120.2726552,-0.5722400295065748,-0.385084915556723
1785124120.2778583,-0.5743333169507528,-0.3856802151057048
1785124120.2814033,-0.5763769856351755,-0.3862558555497629
1785124120.2868633,-0.5784375685010165,-0.38683134225263144
1785124120.2927856,-0.5804751099595387,-0.3873946852687002
1785124120.2966988,-0.5825427928681899,-0.3879595501907036
1785124120.301118,-0.5844973588254024,-0.3884881326732452
1785124120.3077555,-0.5865943081318558,-0.3890517778922283
1785124120.3118262,-0.5885971091956044,-0.3895859579970706
1785124120.318184,-0.5905502775507316,-0.3901014893595475
1785124120.32206,-0.5925016780004869,-0.3906135965431381
1785124120.3275888,-0.5944259850896496,-0.3911152682259225
1785124120.3318844,-0.596303858557376,-0.3916009073458012
1785124120.3372695,-0.5982018909639929,-0.392085990784218
1785124120.3423,-0.6001127490842886,-0.39256917999901214
1785124120.3464942,-0.602047518382792,-0.39305506535285994
1785124120.3525546,-0.6039101359742702,-0.393518829754115
1785124120.3566458,-0.6057376195530175,-0.3939709073076873
1785124120.3617074,-0.6076425695318256,-0.3944385573771143
1785124120.3671558,-0.6094612382808394,-0.39488235945592787
1785124120.3719468,-0.6113083935233231,-0.395330252450021
1785124120.3773365,-0.6131616563128157,-0.3957765655357616
1785124120.3816092,-0.6150305696749534,-0.3962252502441306
1785124120.3873336,-0.6168440917288276,-0.3966606913936756
1785124120.3927343,-0.6186994252993949,-0.39710554813268084
1785124120.3975086,-0.6204604825190098,-0.39752534401256107
1785124120.4060314,-0.622215082991781,-0.39793976222241184
1785124120.410711,-0.6240019096486535,-0.3983605203752238
1785124120.4129832,-0.6257606736476908,-0.3987719186435385
1785124120.4197307,-0.6274982609330713,-0.399176509366365
1785124120.422525,-0.6291943610825689,-0.3995683013887199
1785124120.4282377,-0.6309839830026611,-0.39997840825205777
1785124120.4324632,-0.6327342182521761,-0.40037527153880464
1785124120.4377544,-0.6344999006897631,-0.4007726576818176
1785124120.4420624,-0.6362896017490598,-0.40117075604357766
1785124120.4463708,-0.6379876616374665,-0.4015446648812704
1785124120.45129,-0.6397152387490532,-0.4019194230983734
1785124120.4573328,-0.6415468777719189,-0.40231062936608003
1785124120.4623027,-0.6432776454623037,-0.4026750117807738
1785124120.4669898,-0.645075308232777,-0.40304851736218583
1785124120.4724014,-0.6467930083253377,-0.40339834896062715
1785124120.478783,-0.6486375850897723,-0.4037678681455068
1785124120.48134,-0.6505878467128252,-0.4041513249228416
1785124120.4872074,-0.6525236240989394,-0.40452374250257395
1785124120.4943907,-0.6544609138713967,-0.4048894607525406
1785124120.4975579,-0.6563585205312285,-0.40524096446034585
1785124120.5012748,-0.6582855790872805,-0.40559128562341246
1785124120.506988,-0.6601627155430211,-0.40592477947868394
1785124120.5117846,-0.6620703983420342,-0.40625460851515877
1785124120.518374,-0.6640390955591282,-0.4065866030434337
1785124120.5217183,-0.6660188239688812,-0.4069105103422778
1785124120.5281816,-0.6679111377729684,-0.40721348944462116
1785124120.5315907,-0.6698076460631954,-0.4075091199233226
1785124120.5370462,-0.6716998787164188,-0.407795755634464
1785124120.5422966,-0.6736866208358614,-0.4080891048488122
1785124120.5471277,-0.6756272892271777,-0.4083683352006513
1785124120.5515654,-0.677618996230776,-0.40864663030193354
1785124120.557751,-0.6796616561524025,-0.40892359999225036
1785124120.5617025,-0.681565578572028,-0.40917499706431615
1785124120.5676217,-0.6836032465089765,-0.4094350914216092
1785124120.5729783,-0.6856391168449273,-0.409687668083727
1785124120.5775232,-0.687569644738799,-0.40991995024905525
1785124120.5819006,-0.6895498082255622,-0.4101534808758425
1785124120.5870209,-0.6914515250588568,-0.41037209979793504
1785124120.5934567,-0.6934637556735479,-0.41059483069750446
1785124120.597802,-0.6954164502536927,-0.41080504800774353
1785124120.6023343,-0.6973195716536104,-0.4110028009488266
1785124120.6067727,-0.6992429592274454,-0.41119723147951504
1785124120.61153,-0.7011408425617562,-0.41138343746652656
1785124120.6177807,-0.7031509482081114,-0.41157564882626246
1785124120.6234143,-0.7051084791154397,-0.4117575996509313
1785124120.6290038,-0.7070704171120051,-0.41193480992350906
1785124120.631948,-0.708953239022737,-0.41209986868468584
1785124120.63777,-0.7108985525914857,-0.41226720793343796
1785124120.6427588,-0.7128518345728934,-0.4124309717053664
1785124120.6471803,-0.7148282826854271,-0.4125926164564157
1785124120.6523197,-0.7167896239625007,-0.4127502104456772
1785124120.656922,-0.7187995438494831,-0.4129081191212402
1785124120.6615782,-0.7207456072743071,-0.4130581599174974
1785124120.6670442,-0.7226796502745133,-0.4132046401691849
1785124120.6726203,-0.7246276245393327,-0.4133490954884098
1785124120.677661,-0.7266058498180776,-0.4134941662703725
1785124120.6818864,-0.7285598243337812,-0.41363495298958175
1785124120.6873019,-0.7305241665973317,-0.4137728179822619
1785124120.6913135,-0.7324202945952601,-0.41390352875949943
1785124120.6970336,-0.7343957942115763,-0.4140383156428459
1785124120.7024,-0.7362082598020546,-0.41415968037759987
1785124120.7077901,-0.7381163843638567,-0.4142868892308619
1785124120.7125454,-0.7400413462517442,-0.414413948284587
1785124120.7213974,-0.741956432233529,-0.4145379068757949
1785124120.7235913,-0.7439337854134996,-0.4146639580788375
1785124120.7283318,-0.7459174905226352,-0.41479027918854144
1785124120.7315574,-0.7478801138097282,-0.4149147046517199
1785124120.7370012,-0.7497871997184904,-0.4150345161666687
1785124120.741469,-0.751721716833183,-0.41515334843241064
1785124120.7477338,-0.7537444088202199,-0.4152751618933285
1785124120.7521665,-0.7556507258976981,-0.415387211669038
1785124120.7564795,-0.7575355780281714,-0.41549564888246354
1785124120.7623827,-0.7594777278460535,-0.415605583252912
1785124120.7664814,-0.7614302076808237,-0.415716112674298
1785124120.7724822,-0.7633630956448471,-0.41582525912104257
1785124120.7795107,-0.7651732232500659,-0.4159242993810082
1785124120.7814152,-0.766974439406255,-0.41601972425037864
1785124120.7868636,-0.7687803056814805,-0.4161133900646997
1785124120.792095,-0.7705774803163786,-0.41620519470993195
1785124120.7971098,-0.7723012154106189,-0.41629025363415906
1785124120.8021572,-0.7740329260217254,-0.41637494501097816
1785124120.8077855,-0.7757949923646753,-0.41645917770257374
1785124120.8122203,-0.7774705533649029,-0.4165362021669899
1785124120.8191793,-0.7792138801413401,-0.4166154153284246
1785124120.8230238,-0.7809453644388501,-0.41669059597902713
1785124120.8289828,-0.7827807330372776,-0.4167696222200877
1785124120.8322985,-0.784609195867744,-0.4168463696745732
1785124120.8393598,-0.7865546645144383,-0.4169259288157055
1785124120.8412366,-0.7883971061976575,-0.4170001436059287
1785124120.8473392,-0.7903057870704835,-0.4170744896957521
1785124120.8514843,-0.7922641135145303,-0.41714966851242735
1785124120.8569577,-0.7941871257641318,-0.41722228035597847
1785124120.8626258,-0.7962190982259251,-0.4172980782048031
1785124120.8662295,-0.7981249839005063,-0.41736669194045223
1785124120.8727274,-0.8000090675572001,-0.41743185368265856
1785124120.8786976,-0.8019677001175264,-0.4174972696393093
1785124120.8817363,-0.8039382491109724,-0.4175593167135966
1785124120.8875787,-0.8058565366660171,-0.4176203699833742
1785124120.8917608,-0.8078669163660105,-0.41768232821961504
1785124120.8975039,-0.8098194501103092,-0.4177398987905568
1785124120.9026458,-0.8116566800098859,-0.41779256109332097
1785124120.9071906,-0.8135521591513822,-0.4178436669646809
1785124120.9129658,-0.8155137673266426,-0.41789603747810017
1785124120.9213269,-0.8174729731001769,-0.417945642427488
1785124120.9238873,-0.8194521651439122,-0.4179910559855545
1785124120.929583,-0.8214864056657177,-0.418034509520889
1785124120.9321852,-0.8234633181148663,-0.4180739468721379
1785124120.9378185,-0.8252916051311625,-0.41810811041645696
1785124120.942328,-0.827254894715856,-0.4181420452396151
1785124120.9475079,-0.8293043971989476,-0.41817304605587785
1785124120.9515398,-0.831120517591631,-0.41819977325926366
1785124120.9569826,-0.833109808005735,-0.41822615844791744
1785124120.962844,-0.8350709565819483,-0.4182485181819467
1785124120.9682293,-0.836983343006244,-0.41826812775728517
1785124120.9718885,-0.838978763544393,-0.4182848605420302
1785124120.979186,-0.840988201273306,-0.4182972944764369
1785124120.9817677,-0.8428872620408262,-0.41830812885465923
1785124120.9868634,-0.8448888721462421,-0.4183181720923081
1785124120.9919968,-0.8468017990279599,-0.418326232392189
1785124120.9973433,-0.8488128952281576,-0.41833339047767726
1785124121.0018914,-0.850813233341158,-0.4183381533861879
1785124121.0068977,-0.8527952838593654,-0.41834146387079013
1785124121.0126288,-0.854668091097768,-0.4183422084644354
1785124121.0195396,-0.8567095485981641,-0.4183416639341745
1785124121.023686,-0.858737827562435,-0.4183377506540873
1785124121.0267808,-0.8607591124563708,-0.4183301359963895
1785124121.033701,-0.8627753147858539,-0.4183217226613265
1785124121.036939,-0.8647862375740957,-0.41830874212484953
1785124121.0428507,-0.8668192950135538,-0.4182944449252743
1785124121.047195,-0.8688049948218879,-0.4182777748036509
1785124121.0519173,-0.8707478175900798,-0.4182601698750189
1785124121.0579371,-0.8727243768102914,-0.4182411705962949
1785124121.0675547,-0.8747278137996396,-0.4182185569625656
1785124121.0753462,-0.8766645055736534,-0.41819509227202994
1785124121.0787835,-0.8786374326741799,-0.41816974757663655
1785124121.0833755,-0.8807142140407971,-0.418141748926323
1785124121.0901575,-0.8827256425489145,-0.41811152072788715
1785124121.0970712,-0.88469648545637,-0.4180797324805647
1785124121.0984645,-0.8866735396892887,-0.4180460236388641
1785124121.101626,-0.8886975685790256,-0.41800863754761136
1785124121.10679,-0.8907154424483062,-0.4179678886621566
1785124121.1126397,-0.8926988170371303,-0.41792350992513266
1785124121.116741,-0.8946781964581092,-0.41787595423597534
1785124121.1238282,-0.8966436388414222,-0.4178261962148158
1785124121.127138,-0.89854303366701,-0.41777557552925704
1785124121.1320276,-0.9004926921311691,-0.4177186833953856
1785124121.1402006,-0.9023438064657572,-0.41766271488277906
1785124121.143259,-0.9041438052533388,-0.4176067317739779
1785124121.1480894,-0.9059949611607615,-0.4175464874110566
1785124121.1514,-0.9077787273335073,-0.41748466495718933
1785124121.158889,-0.9095564707752859,-0.4174189785042794
1785124121.1640294,-0.9114382835663385,-0.4173450419233894
1785124121.1671853,-0.9132902287101389,-0.4172689814258458
1785124121.1728745,-0.9151975211441897,-0.4171876134670261
1785124121.1780488,-0.9170338448122348,-0.4171062453143788
1785124121.1826878,-0.9188881853193458,-0.4170193555017636
1785124121.1881862,-0.9207170014094735,-0.4169296780844609
1785124121.1940656,-0.9225890334072057,-0.4168337582544656
1785124121.1971643,-0.9244879344064026,-0.41673191892263894
1785124121.205875,-0.9263192588939471,-0.4166301430189764
1785124121.2186902,-0.9281650480736017,-0.416525577266872
1785124121.2201276,-0.9299749098939606,-0.4164174039302323
1785124121.2208347,-0.93187443278396,-0.4162982001323525
1785124121.2293744,-0.9336879657830821,-0.4161794578418403
1785124121.2320244,-0.9355724486310156,-0.41604961643339833
1785124121.2371843,-0.9375704124809636,-0.41590598582870003
1785124121.2451677,-0.9395914727574437,-0.41575346755285847
1785124121.2496226,-0.9415561553723718,-0.4155991991440936
1785124121.2524915,-0.9436272850864769,-0.41543011670744256
1785124121.2581847,-0.9456029476178781,-0.4152634655477617
1785124121.2653322,-0.9475763506042413,-0.4150908814827191
1785124121.274115,-0.9496070539454581,-0.4149077388411407
1785124121.2756386,-0.9516929183324493,-0.4147148127395148
1785124121.2831037,-0.9536894849559951,-0.41452354178587325
1785124121.2848659,-0.9557825020959049,-0.41431753057050685
1785124121.2870185,-0.9577702771205753,-0.41411736985458814
1785124121.292838,-0.9598609475553409,-0.4139017873448788
1785124121.2980661,-0.9619159730291071,-0.41368302914373595
1785124121.3067145,-0.9640678564905292,-0.41344762592613377
1785124121.3081577,-0.9661526180799413,-0.41321260945316945
1785124121.312432,-0.9681990739264829,-0.41297514535945756
1785124121.317191,-0.9703074038360574,-0.4127252921902391
1785124121.3226247,-0.972386100638809,-0.41247253219197794
1785124121.331383,-0.9744763800119962,-0.41221095948403197
1785124121.3415186,-0.9765254954973547,-0.4119475665727407
1785124121.3429606,-0.9784625078858723,-0.4116923437515369
1785124121.3461418,-0.9805912593976703,-0.41140534082341607
1785124121.3499207,-0.9825695361670165,-0.41113524751406405
1785124121.3533068,-0.984601114685401,-0.4108518261551591
1785124121.3611085,-0.9866574471947018,-0.4105578755904179
1785124121.3647645,-0.9887242922890804,-0.4102563712670781
1785124121.367968,-0.9907216311437846,-0.40995908738894227
1785124121.3723917,-0.9927671967142118,-0.40964928176096044
1785124121.381615,-0.9947521156211931,-0.40934477798031227
1785124121.384473,-0.9966622005103486,-0.4090473166840591
1785124121.3877697,-0.9985780251972143,-0.40874636667600156
1785124121.392077,-1.000536971359491,-0.4084337950441684
1785124121.3989778,-1.0023956322489496,-0.40813320335361797
1785124121.4034007,-1.0042686782302213,-0.407825254752716
1785124121.4074397,-1.006228941896808,-0.4074983047024084
1785124121.4138384,-1.0081285585843334,-0.40717767600182
1785124121.420726,-1.0099903400797745,-0.4068587016381967
1785124121.4257753,-1.0118662594696308,-0.40653427738015957
1785124121.4350147,-1.0137389330147102,-0.4062084823575107
1785124121.4415643,-1.0155680415396353,-0.40588767544377213
1785124121.4431138,-1.017452635657221,-0.40555549971469684
1785124121.447826,-1.0192776287175391,-0.40523245797539664
1785124121.4532428,-1.021170076528913,-0.4048973742867087
1785124121.4619267,-1.0230361639479206,-0.40456708574655065
1785124121.4731956,-1.0249275946184975,-0.40423089674243123
1785124121.481725,-1.0268128507960281,-0.40389491240006226
1785124121.4830341,-1.028778831301021,-0.4035445735293918
1785124121.484492,-1.0307550667037095,-0.4031930394979717
1785124121.4881043,-1.0328299710705557,-0.40282426338205995
1785124121.4927955,-1.0348371835223171,-0.40246602620737004
1785124121.499323,-1.0368259931231842,-0.40211234179171096
1785124121.5053349,-1.0388732405223164,-0.40174930388174235
1785124121.5080793,-1.040894991540856,-0.4013911798373517
1785124121.514422,-1.0429437691322372,-0.4010261983840921
1785124121.519511,-1.0448878458914568,-0.4006791341820865
1785124121.5224125,-1.0469288260241352,-0.40031428998259383
1785124121.5331035,-1.0488593429406619,-0.399969629411253
1785124121.5410447,-1.0508802397646337,-0.39960844847052734
1785124121.5503838,-1.052814665971747,-0.39926295303260867
1785124121.5558932,-1.05482991923799,-0.39890384532562606
1785124121.5589607,-1.0568672999591506,-0.3985395463146546
1785124121.5640697,-1.0588901817556258,-0.39817622241687917
1785124121.5686662,-1.0608975689259537,-0.39781511896510835
1785124121.5831995,-1.062958741740868,-0.39744505813170955
1785124121.5850058,-1.0649662084998575,-0.3970830440080044
1785124121.586584,-1.0669292280626885,-0.39672454088483594
1785124121.5880675,-1.0689000330238123,-0.39636280948255104
1785124121.5944483,-1.0709152021361719,-0.3959891652124835
1785124121.6010618,-1.0728516549041067,-0.39562936963710604
1785124121.6121895,-1.0748780566589862,-0.3952525418894992
1785124121.6137815,-1.076816273805306,-0.3948903985156088
1785124121.6158855,-1.0788023493321208,-0.3945168330938784
1785124121.6202738,-1.0807397447601417,-0.3941500148353628
1785124121.6349058,-1.0826618343560304,-0.3937844408965812
1785124121.636906,-1.0845665943201492,-0.39341815798643315
1785124121.637652,-1.0864688992843778,-0.39305024179498266
1785124121.6428435,-1.0884239134152658,-0.3926699656861976
1785124121.6525934,-1.0902389707328575,-0.3923139605359628
1785124121.6662214,-1.0921157042582612,-0.3919441933265106
1785124121.6742675,-1.0939623909088816,-0.391577953163022
1785124121.6765652,-1.0958374547074134,-0.3912023188364714
1785124121.6888554,-1.0976426018799432,-0.3908369997495753
1785124121.6928415,-1.0995429981086182,-0.390447680405306
1785124121.6945124,-1.101491994830702,-0.39004315189359295
1785124121.6956587,-1.1033482167916404,-0.38965539146731876
1785124121.6986222,-1.105177062994658,-0.38926938140143713
1785124121.7134326,-1.1069547598264322,-0.38889163334931864
1785124121.7149992,-1.1088337659364245,-0.3884877237663347
1785124121.7159832,-1.110657901204882,-0.38809250822359614
1785124121.7276404,-1.112482168487605,-0.38769286239429773
1785124121.7292776,-1.1142767268819924,-0.3872962020652036
1785124121.7308395,-1.1160456063633442,-0.3869012316993945
1785124121.7326229,-1.1179087279636866,-0.38647982435163514
1785124121.7398357,-1.1198364230579605,-0.386041181177421
1785124121.74147,-1.1216513652977045,-0.385626788786413
1785124121.7484648,-1.1234427683850523,-0.3852154841796995
1785124121.7551632,-1.1253662353254046,-0.3847707510861425
1785124121.7585309,-1.1271796083790984,-0.38434845692546943
1785124121.7694426,-1.1290626049610515,-0.38390878110994925
1785124121.7724557,-1.130950070475955,-0.38346625560661574
1785124121.7768202,-1.1327744604176788,-0.3830369600379643
1785124121.787483,-1.1345370486512583,-0.3826211536596929
1785124121.7901902,-1.1362370290260257,-0.38221932458475383
1785124121.7920656,-1.1378959897214145,-0.38182591945833566
1785124121.809602,-1.139529002081348,-0.38143849416288306
1785124121.8112223,-1.1412225119747093,-0.38103661529999894
1785124121.8243976,-1.1428906755011563,-0.3806427480507847
1785124121.826129,-1.1446042277882313,-0.3802390984913072
1785124121.827691,-1.146298760394745,-0.37984298383698023
1785124121.8296163,-1.1480322929377886,-0.3794387536171694
1785124121.8433022,-1.1497088151241943,-0.3790504234206296
1785124121.8449342,-1.1514618477108278,-0.3786460389313096
1785124121.846356,-1.1532191086140173,-0.37824330095521513
1785124121.8481252,-1.1549553337086462,-0.3778495543275927
1785124121.863449,-1.1567444579839359,-0.3774474017659548
1785124121.8825629,-1.15846570687206,-0.37706282811220987
1785124121.8938558,-1.1602461557351673,-0.37666918034992364
1785124121.8969944,-1.162138885145446,-0.3762539055944775
1785124121.8989596,-1.1640542671317209,-0.37583882911511823
1785124121.91136,-1.1659612080555093,-0.3754296388242191
1785124121.9131086,-1.167962434528914,-0.37500434394995297
1785124121.9186893,-1.1699440538022268,-0.3745867822738263
1785124121.9217231,-1.1719585592108663,-0.37416726824847546
1785124121.9237294,-1.1739410848724412,-0.3737578000293835
1785124121.924949,-1.1759215327525805,-0.3733533198762179
1785124121.92886,-1.177975428855543,-0.372937424983168
1785124121.9333696,-1.179952738020804,-0.3725385927609431
1785124121.937021,-1.182019595202227,-0.3721241493301456
1785124121.941623,-1.1840484499173431,-0.37171884797913873
1785124121.9477816,-1.1860431022383113,-0.37131997045036913
1785124121.9515035,-1.188048613114165,-0.3709205248487977
1785124121.957326,-1.190036804530198,-0.3705234438365142
1785124121.9619038,-1.1920692343799735,-0.3701183371270611
1785124121.9676826,-1.1940465407471934,-0.36972317219238326
1785124121.9725895,-1.1960898406895548,-0.36931334732772364
1785124121.977608,-1.1980708271278173,-0.36891495087772347
1785124121.9893537,-1.2000328589791356,-0.36851790496352677
1785124121.9903963,-1.20198484859592,-0.3681206270315588
1785124122.003401,-1.2040378434324268,-0.3676989864590576
1785124122.008642,-1.2060473482892913,-0.3672842011207369
1785124122.012071,-1.208066705814795,-0.3668639484085525
1785124122.0190706,-1.2100338487961644,-0.3664520670390026
1785124122.0210438,-1.2120294085775756,-0.36603030404239595
1785124122.0277078,-1.214037339251105,-0.36560382560875304
1785124122.0289302,-1.2160660489159383,-0.3651699645319633
1785124122.035838,-1.2181617729225171,-0.3647174081549452
1785124122.0382068,-1.2201508840665451,-0.36428343828904736
1785124122.0424235,-1.2219938283734786,-0.36387561491561643
1785124122.049256,-1.2237810578827248,-0.36347644817668495
1785124122.0526223,-1.2256100876295186,-0.36306401666080995
1785124122.0577743,-1.2274905874294013,-0.3626355614722284
1785124122.0625587,-1.2293545282074012,-0.3622067098535811
1785124122.0688136,-1.2311539863142766,-0.36178802098371216
1785124122.077788,-1.2329684722807857,-0.3613633233118974
1785124122.0793643,-1.2348271261093222,-0.3609241588229644
1785124122.0825462,-1.2366000420708727,-0.3605019107162087
1785124122.0880084,-1.2383798337518623,-0.36007594077339916
1785124122.092496,-1.2401623630555307,-0.3596470936244202
1785124122.1072302,-1.2420092374869611,-0.3592014946370435
1785124122.1126652,-1.243847381343138,-0.35875532389554116
1785124122.1164622,-1.2456714938946833,-0.35831022354799386
1785124122.1240897,-1.247493570784624,-0.3578639804500077
1785124122.1256223,-1.2493245836343694,-0.35741209286118736
1785124122.1284912,-1.2512649540091718,-0.35693360688672027
1785124122.132683,-1.2531320963055053,-0.3564725884082829
1785124122.1387143,-1.2551448294155934,-0.3559756558861938
1785124122.142587,-1.2570504181687712,-0.3555067103440492
1785124122.1486769,-1.259058715409209,-0.3550121125656855
1785124122.1527953,-1.260983512546024,-0.35453977552642996
1785124122.1577814,-1.2628789291957625,-0.354074617689189
1785124122.1623998,-1.2649099253206273,-0.3535762426603203
1785124122.1669447,-1.2668680323410073,-0.3530953439507958
1785124122.1721895,-1.2687948542321796,-0.3526238630589799
1785124122.1766424,-1.270710557676319,-0.35215710616022
1785124122.1827168,-1.272624274747172,-0.35169180388364796
1785124122.186497,-1.2745251945307732,-0.3512321923966706
1785124122.191061,-1.2764887097521038,-0.3507603017191666
1785124122.1978433,-1.2783905068026398,-0.3503044793727831
1785124122.2040849,-1.2802408541100818,-0.34986332674563403
1785124122.2069302,-1.2821576230739706,-0.349407820150086
1785124122.2111917,-1.2840500977641245,-0.3489597788349397
1785124122.2170172,-1.2859460788256052,-0.34851107197655
1785124122.222059,-1.2878440608766555,-0.34806247864554496
1785124122.2276042,-1.2896605645329795,-0.34763582930116804
1785124122.232725,-1.291464027785103,-0.34721406881432515
1785124122.236754,-1.293328668914127,-0.3467789132023774
1785124122.241906,-1.2951401994999254,-0.34635812153687123
1785124122.2476528,-1.2968926020598401,-0.345950531281476
1785124122.2515018,-1.2986784067931274,-0.3455390270554616
1785124122.2569785,-1.3004341904120291,-0.3451353956957729
1785124122.2628706,-1.3021412663907375,-0.3447430885455666
1785124122.2675607,-1.3038997957514047,-0.34434115869823234
1785124122.2739983,-1.3057134117784825,-0.34392761271319766
1785124122.276661,-1.307443061109975,-0.3435336212759068
1785124122.2841127,-1.3091566534215198,-0.34314196361588745
1785124122.288025,-1.3108804745793023,-0.3427503716033921
1785124122.2917848,-1.3126455599145022,-0.34235082985943255
1785124122.304039,-1.3143678959259057,-0.3419627047246987
1785124122.3117864,-1.3161455299217062,-0.3415636324365182
1785124122.3129795,-1.3179523869055638,-0.341156235739162
1785124122.3176963,-1.3196864271446773,-0.3407653982765289
1785124122.3231962,-1.3214241054425546,-0.34037528347409174
1785124122.3279102,-1.3231260982046864,-0.3399927913527731
1785124122.3329113,-1.3248024996867325,-0.3396146789622046
1785124122.3382757,-1.3265307419296593,-0.33922564140990175
1785124122.3425987,-1.328277418400312,-0.3388307364719648
1785124122.3472285,-1.329973855971103,-0.33844749268267
1785124122.3519666,-1.3317799128315935,-0.3380389633338685
1785124122.3581028,-1.3334601941747681,-0.33765777924094453
1785124122.3618653,-1.3353005083077936,-0.3372384769615
1785124122.3736985,-1.337093821342742,-0.33683073701602456
1785124122.374208,-1.3388960208258411,-0.3364203312218127
1785124122.3783033,-1.3406868156448382,-0.336012054078986
1785124122.3840227,-1.3424495687236746,-0.3356097314929732
1785124122.3881168,-1.3442497940154565,-0.3351984873922725
1785124122.3919532,-1.3460130441399276,-0.33479661763673985
1785124122.3996181,-1.3477479897947455,-0.3344005917666052
1785124122.4056554,-1.3494966003058477,-0.33400016743048655
1785124122.4123101,-1.3512730590657454,-0.3335940794185958
1785124122.418475,-1.3530937430152068,-0.33317812163662097
1785124122.4233797,-1.354869342633518,-0.3327700077730818
1785124122.4284053,-1.3567601076843652,-0.3323356194183769
1785124122.433859,-1.358662909618407,-0.33189937576111894
1785124122.4375696,-1.3605946836601095,-0.33145608970389323
1785124122.4426637,-1.3625156347936696,-0.3310176575138679
1785124122.4493465,-1.364376958548507,-0.3305923890213047
1785124122.4523323,-1.366321496450498,-0.33014788566028863
1785124122.4573183,-1.368256757199837,-0.32970730963821526
1785124122.463607,-1.3701409262528839,-0.3292777458193224
1785124122.469536,-1.3720547451655873,-0.3288435754729311
1785124122.474122,-1.3739574543833235,-0.32841261797259624
1785124122.477157,-1.3759025125983952,-0.32797329688564386
1785124122.4842021,-1.3777948495152672,-0.3275468239012665
1785124122.4878702,-1.3797268336879045,-0.3271122429861542
1785124122.4918845,-1.3816427290945765,-0.3266804477717893
1785124122.5008404,-1.3835909800329664,-0.3262422802000272
1785124122.50241,-1.3855649601151145,-0.3257988424843015
1785124122.5070763,-1.3874997771763988,-0.32536409214839435
1785124122.515798,-1.389448706774446,-0.32492667210358805
1785124122.5199432,-1.3913515544461277,-0.3244998147039587
1785124122.5224764,-1.3932481303394213,-0.3240752225226623
1785124122.5275803,-1.3951625792941378,-0.3236470886091135
1785124122.5339592,-1.3970851706765064,-0.3232162683732885
1785124122.5396304,-1.3990328175319058,-0.32278162032291197
1785124122.5420103,-1.401044871566599,-0.32233361077988026
1785124122.5476058,-1.402961307627516,-0.3219080330892167
1785124122.5523975,-1.4049025302534763,-0.3214776939472312
1785124122.558255,-1.4069022597338006,-0.3210356127588628
1785124122.561972,-1.408846662489927,-0.3206051513864911
1785124122.6130452,-1.410805441901563,-0.32017159680731166
1785124122.6149743,-1.4127438417654778,-0.31974343589421633
1785124122.6163769,-1.414575754842055,-0.3193381804320839
1785124122.617565,-1.4164220981490485,-0.3189317391060265
1785124122.6184814,-1.4182592629220492,-0.31852633226487
1785124122.6196868,-1.4200821692493957,-0.3181224342300208
1785124122.6207564,-1.4218890226121574,-0.31772242176560495
1785124122.6218638,-1.4236937381988048,-0.3173231269125701
1785124122.62265,-1.4254486011411645,-0.3169352476124657
1785124122.6233635,-1.4272396126147402,-0.31653796240291066
1785124122.6240115,-1.4289954714249438,-0.3161499940235958
1785124122.6245222,-1.4307716081447082,-0.3157564111715546
1785124122.6263366,-1.4325808466415126,-0.31535453846548384
1785124122.6320617,-1.4344038129318748,-0.3149481617212309
1785124122.6370714,-1.4362096163637583,-0.31454698387299945
1785124122.6414628,-1.4380125450513557,-0.3141457012426086
1785124122.6483839,-1.4397693047118816,-0.3137537600952724
1785124122.6515198,-1.4415226459746928,-0.31336190133934644
1785124122.6574442,-1.44326011956854,-0.3129738916607578
1785124122.661532,-1.4450753279421764,-0.3125674673624251
1785124122.6674898,-1.4467958891041135,-0.31218172267280736
1785124122.671358,-1.4485535834229486,-0.31178741615500544
1785124122.6768105,-1.450380304758699,-0.3113771974552528
1785124122.681565,-1.4522183397384893,-0.31096258343458233
1785124122.6872053,-1.454135010474451,-0.31052824712384475
1785124122.6917636,-1.4560961326069384,-0.31008277570092935
1785124122.696676,-1.4580334421833128,-0.3096418479677939
1785124122.7018187,-1.459993989859466,-0.30919492774261165
1785124122.7068129,-1.4618432499911103,-0.3087730768832717
1785124122.7125678,-1.4637780795870166,-0.3083314025145734
1785124122.7193055,-1.4657093687568183,-0.3078889386829643
1785124122.7222464,-1.467648958241417,-0.307443861902006
1785124122.7270033,-1.4695207240653128,-0.3070127840150849
1785124122.7329795,-1.4714670804699714,-0.30656361479809935
1785124122.7381945,-1.4733758998623587,-0.30612141442808116
1785124122.7416523,-1.4753156903109044,-0.305672290611328
1785124122.746658,-1.4773224065242674,-0.30520788015357314
1785124122.752244,-1.4792629791221827,-0.3047568521158219
1785124122.7568996,-1.481177546363381,-0.30431165705688445
1785124122.762262,-1.483097756647936,-0.3038648234700757
1785124122.7676532,-1.4850704957845382,-0.3034048409423958
1785124122.77237,-1.4869772492431352,-0.3029591920790993
1785124122.77698,-1.4889012176570382,-0.30250861184520467
1785124122.7820065,-1.4908208849201214,-0.30206042571980457
1785124122.7866993,-1.4927246040652946,-0.3016132721319914
1785124122.7917328,-1.494652486098651,-0.3011595306081349
1785124122.7969377,-1.4966267035124001,-0.30069635556234
1785124122.8025599,-1.498599669797775,-0.30023157142841467
1785124122.8064432,-1.5005163699336224,-0.29978005511350664
1785124122.81732,-1.5025119806463652,-0.29931044073691854
1785124122.8191848,-1.5043866635379306,-0.29886792504689
1785124122.8220494,-1.5062977767137415,-0.29841602820482976
1785124122.8265982,-1.5081989544859569,-0.29796638980239964
1785124122.8328097,-1.510186512743806,-0.2974946561784233
1785124122.8371766,-1.5121611316373904,-0.2970255163379665
1785124122.8414114,-1.514045609490554,-0.29657673165008475
1785124122.8470795,-1.5159579324643135,-0.29612104834248676
1785124122.852025,-1.5179051902042113,-0.2956569817206301
1785124122.8571224,-1.5199055292432597,-0.29517940159612066
1785124122.8624887,-1.5218266247486638,-0.294720708946294
1785124122.8677046,-1.523814530442836,-0.2942459524411133
1785124122.8719604,-1.5257111548191105,-0.2937924845925316
1785124122.8774662,-1.5275082009244236,-0.29336311916684027
1785124122.8819652,-1.5292797992228964,-0.2929401831481338
1785124122.8869884,-1.531063675676366,-0.29251343935835405
1785124122.8917112,-1.5327768832600726,-0.29210243857787327
1785124122.89608,-1.5345886163338476,-0.2916659114672155
1785124122.9020858,-1.5363790340720853,-0.2912333029378868
1785124122.9066312,-1.5381850169972486,-0.29079668527956354
1785124122.9133272,-1.539930738108408,-0.2903734414940594
1785124122.9178445,-1.5416913553616978,-0.28994832180735786
1785124122.9222226,-1.5434822185871808,-0.2895147579644356
1785124122.9276817,-1.5453355694617763,-0.2890652377062981
1785124122.9326396,-1.5472570095511087,-0.288597222495254
1785124122.9382586,-1.549195322102262,-0.28812554315549216
1785124122.941556,-1.5510834395874404,-0.2876651863017831
1785124122.9466572,-1.5529425133259194,-0.2872124091292728
1785124122.9524527,-1.5549154798135192,-0.2867316052565805
1785124122.957352,-1.5568807029165606,-0.2862528012438993
1785124122.961683,-1.5588190094802234,-0.28577985703966263
1785124122.9679506,-1.5607557892954813,-0.28530769813624385
1785124122.9724634,-1.5627236399274027,-0.2848262677663172
1785124122.9774878,-1.5646528959496404,-0.2843532331752696
1785124122.9819822,-1.566681710578507,-0.28385669708730477
1785124122.986878,-1.568574246324929,-0.2833932499585797
1785124122.9917433,-1.5705311151777581,-0.28291268695349797
1785124122.996731,-1.5724985041120203,-0.2824275068051991
1785124123.002849,-1.5744313610682625,-0.2819517968777618
1785124123.0089016,-1.5763776997467567,-0.2814714605086541
1785124123.0141222,-1.578281853310804,-0.2810018799017597
1785124123.0229986,-1.5802598542998323,-0.28051257762462956
1785124123.0250971,-1.5822219407925875,-0.2800258916650661
1785124123.0307276,-1.5841407536263428,-0.27954834606555146
1785124123.032648,-1.5861188459301736,-0.2790549497172166
1785124123.0373025,-1.5880220215770884,-0.2785791227527374
1785124123.0415785,-1.5899152492831856,-0.2781043963528349
1785124123.0468595,-1.5919176945059181,-0.2776004519663217
1785124123.052767,-1.5938352382794543,-0.27711565714247255
1785124123.0576358,-1.5957952619483715,-0.2766183766071119
1785124123.0618258,-1.5977762060258711,-0.27611502074368743
1785124123.067967,-1.599679381801442,-0.2756283483072693
1785124123.071901,-1.601571669682148,-0.2751429942599752
1785124123.0768294,-1.6034640585228566,-0.27465788469891483
1785124123.0818794,-1.6054688343740675,-0.27414190551861395
1785124123.0877922,-1.6074402980095401,-0.2736314152485288
1785124123.0918117,-1.6093600408376758,-0.27313285900734946
1785124123.0983047,-1.6112837453489053,-0.27263313814826895
1785124123.1034212,-1.613172724976787,-0.2721409356027039
1785124123.1071239,-1.6151289273714018,-0.27162956943973005
1785124123.1149783,-1.617033531957263,-0.2711310117935114
1785124123.117516,-1.6189499073568434,-0.27062762451895545
1785124123.1221864,-1.6208600006189686,-0.2701259578279125
1785124123.127583,-1.6227170063189362,-0.2696359760720829
1785124123.1322718,-1.6245188999122773,-0.26915837071558296
1785124123.137357,-1.6263363777690276,-0.2686764381097455
1785124123.141462,-1.6281766628545167,-0.268186737407577
1785124123.1479383,-1.6299897052271493,-0.26770306796551363
1785124123.1523209,-1.6317142299712144,-0.26724226007938096
1785124123.157653,-1.6334810005575542,-0.26676908578389835
1785124123.162553,-1.635292324538717,-0.2662845914348274
1785124123.1680682,-1.637047379683542,-0.26581409312345733
1785124123.1723921,-1.6389054429719834,-0.265314664855531
1785124123.1774597,-1.640684015299017,-0.2648373418333009
1785124123.1819332,-1.6425205898289206,-0.26434355982209223
1785124123.1873865,-1.644415650207713,-0.2638343909035428
1785124123.191526,-1.6462782919047863,-0.2633332113824812
1785124123.1970484,-1.6482522147096175,-0.26280059590496313
1785124123.2048213,-1.6501855470363895,-0.2622790956997748
1785124123.2069218,-1.6521519752005465,-0.2617470888453679
1785124123.2161524,-1.6540614236335454,-0.26122979700548526
1785124123.2233927,-1.655999678230488,-0.26070579253752424
1785124123.2246222,-1.6578832246522939,-0.2601944867120648
1785124123.2268336,-1.659838223626585,-0.25966235823093176
1785124123.231822,-1.6617457365549717,-0.2591435075016779
1785124123.2378361,-1.6636697968826737,-0.2586201658282021
1785124123.2421758,-1.6656442578747417,-0.2580854160562039
1785124123.248039,-1.667620993997624,-0.2575490315286044
1785124123.2531822,-1.6696032777344374,-0.257010268661145
1785124123.2570004,-1.6715648751171897,-0.25647780399647147
1785124123.26216,-1.6735044143966784,-0.2559510114297796
1785124123.2673903,-1.6754755206802174,-0.25541542620498625
1785124123.2727501,-1.6773866900653598,-0.25489684737290413
1785124123.2771008,-1.6793323856008464,-0.25436839911548287
1785124123.2816484,-1.6811692775169744,-0.253869785421287
1785124123.287636,-1.6830595947124019,-0.25335705383418783
1785124123.292471,-1.6849931155080606,-0.25283330710697954
1785124123.2969677,-1.6869223971291258,-0.2523110111408065
1785124123.3029766,-1.6889059792444419,-0.2517747754249909
1785124123.307247,-1.6908318790091041,-0.25125499302754345
1785124123.3143363,-1.6927742957079694,-0.25073040257795554
1785124123.3171008,-1.6947419064907177,-0.2501974809215573
1785124123.3234036,-1.6966359347451918,-0.24968434440111004
1785124123.3521473,-1.698519296504025,-0.2491750783594849
1785124123.353595,-1.7005272863787364,-0.24863053365135884
1785124123.3545213,-1.70244705832133,-0.2481085420689887
1785124123.3556697,-1.7044326151816245,-0.24756979264195794
1785124123.3569725,-1.7064226352147236,-0.24702838510949163
1785124123.35809,-1.7084043837567982,-0.24648941852303383
1785124123.3591354,-1.7102912513358264,-0.24597468518046436
1785124123.3620107,-1.7122279943266379,-0.24544536476734718
1785124123.3685877,-1.7141069619124545,-0.2449305355164218
1785124123.3729372,-1.7159860415639945,-0.24441551040966045
1785124123.3781352,-1.7179053519686123,-0.24388931569494793
1785124123.3813572,-1.7198494144674041,-0.24335578718486547
1785124123.388189,-1.721756956314576,-0.24283230177404275
1785124123.3931003,-1.7237162138941677,-0.24229494172919455
1785124123.396696,-1.7256067678670823,-0.24177739366818118
1785124123.4028826,-1.7275636702608543,-0.24123974762128678
1785124123.4078972,-1.7295076186033633,-0.2407067452268011
1785124123.4148254,-1.731466642171143,-0.24016995564472202
1785124123.4193566,-1.7334070604803427,-0.23963880421403722
1785124123.4239895,-1.7353754824734475,-0.2390995489434591
1785124123.4293313,-1.7371944226823233,-0.23860138053907518
1785124123.4345222,-1.7389638488611767,-0.23811382549866822
1785124123.438602,-1.740768641118533,-0.23761707283688085
1785124123.4419646,-1.7424813603767226,-0.23714467702548797
1785124123.4468348,-1.7442476891783574,-0.23665861929425067
1785124123.453443,-1.7459645897465363,-0.23618513667933957
1785124123.4574826,-1.747704017079171,-0.2357039683315503
1785124123.4616039,-1.7494331972034247,-0.23522415099913008
1785124123.4672794,-1.751178859389405,-0.234738331147174
1785124123.4730163,-1.7529729022736482,-0.2342384365471646
1785124123.4767938,-1.7547718941650017,-0.2337346379784105
1785124123.482351,-1.7566128762017883,-0.23321863722381908
1785124123.4882278,-1.7584947314306802,-0.23268957899923845
1785124123.4915187,-1.760391534614249,-0.2321563855328352
1785124123.497229,-1.7622172619120398,-0.23164198937772582
1785124123.5039341,-1.764095369102282,-0.2311112179710083
1785124123.5069547,-1.7660029758855265,-0.23057075977245065
1785124123.5142272,-1.7679382941037356,-0.23002187595010892
1785124123.5172467,-1.7698486525076884,-0.22947760615626508
1785124123.5224223,-1.7717997403232086,-0.22892083155087486
1785124123.528497,-1.7736592056962215,-0.2283880801361646
1785124123.5330737,-1.7755909018943183,-0.22783293502211938
1785124123.537895,-1.7775431373747377,-0.227268900302452
1785124123.5419104,-1.779449663565343,-0.22671830173147364
1785124123.5468738,-1.781357306702431,-0.2261690975076774
1785124123.5529382,-1.783229098852021,-0.2256289779253618
1785124123.556845,-1.785144931266294,-0.22507495035417321
1785124123.5617878,-1.7870097639125668,-0.22453336284482941
1785124123.5686066,-1.7889608124995349,-0.22396536571762002
1785124123.5731542,-1.7908884956439588,-0.2234029300513993
1785124123.5771356,-1.7927859669701858,-0.2228477935277098
1785124123.5821655,-1.7947510591017293,-0.2222732893216912
1785124123.5879464,-1.796642356828996,-0.22172023382527956
1785124123.5923166,-1.7985743961248242,-0.22115509740574357
1785124123.5972075,-1.800481868970522,-0.22059589761345688
1785124123.6028347,-1.8023831503200847,-0.220037213271714
1785124123.6089654,-1.8041979795980205,-0.21950267124121756
1785124123.6134038,-1.8061219846110517,-0.21893604912070777
1785124123.6170864,-1.8080503050996592,-0.21836676600448238
1785124123.6235034,-1.8099420326964684,-0.2178094846520734
1785124123.6283932,-1.8118919312410195,-0.2172351039280268
1785124123.632966,-1.813848962849514,-0.21665788605431383
1785124123.6384041,-1.815808715626556,-0.21607823259922965
1785124123.6416726,-1.8177448279586201,-0.21550494342663318
1785124123.6477473,-1.8196663325315021,-0.21493403186192597
1785124123.6526136,-1.8215914627634544,-0.21436267869370948
1785124123.6571298,-1.8234783824483405,-0.21380198368684394
1785124123.66174,-1.825353090259332,-0.21324566387424393
1785124123.6678724,-1.8272458402060603,-0.21268328249363216
1785124123.6724272,-1.8291094533686085,-0.2121302709361349
1785124123.676607,-1.8309860884225864,-0.2115740449886623
1785124123.6818442,-1.8329033017740954,-0.2110055503673493
1785124123.687708,-1.834791521163515,-0.21044384401099273
1785124123.692345,-1.8366477568590949,-0.20989049197290563
1785124123.6976094,-1.8385404788602038,-0.20932671613276205
1785124123.703669,-1.8404680027233014,-0.20875122842901203
1785124123.7069805,-1.8424019178015358,-0.208172146208119
1785124123.7133965,-1.844267868507287,-0.20761297731028514
1785124123.7168698,-1.8461607126794577,-0.20704625691380343
1785124123.7229273,-1.8480502741415779,-0.2064796758891282
1785124123.7279184,-1.8499591614230553,-0.20590456816697605
1785124123.7317648,-1.8519333099670285,-0.2053090952099795
1785124123.7377977,-1.8538203724535416,-0.20473871580369205
1785124123.7422433,-1.8557169376560034,-0.2041658959114835
1785124123.74804,-1.857591407520575,-0.20359858153743784
1785124123.752078,-1.859548551925332,-0.20300659558245812
1785124123.758131,-1.8614535832922665,-0.20242913095064058
1785124123.7624454,-1.863319202569547,-0.2018624574014516
1785124123.7677557,-1.8651954090365692,-0.20129177496447093
1785124123.7735775,-1.8671218357924997,-0.20070252576384626
1785124123.7779841,-1.8690207726353743,-0.2001213046958107
1785124123.782578,-1.87088890535423,-0.1995504911153213
1785124123.7886343,-1.8728340656134816,-0.19895353414773398
1785124123.793585,-1.8748163432877603,-0.1983445460224721
1785124123.7987912,-1.8767224998062495,-0.19775801027057
1785124123.8030598,-1.8786374184688477,-0.19716825981381753
1785124123.8081543,-1.8805411951690822,-0.1965805534975094
1785124123.8188531,-1.8824452507850555,-0.19599080570418084
1785124123.8229337,-1.884331268510051,-0.195404635886262
1785124123.828008,-1.8862630462679943,-0.19480262266612947
1785124123.8322053,-1.8882036273311416,-0.1941980960159603
1785124123.8436089,-1.8901521302709177,-0.1935916180626255
1785124123.8488672,-1.892032636080238,-0.1930070778660064
1785124123.8546076,-1.8939055106078526,-0.19242319307377467
1785124123.8577123,-1.8957976701905734,-0.19183391848452727
1785124123.8633263,-1.8977659239971931,-0.19121861686874772
1785124123.867488,-1.8996291542956947,-0.19063708511900518
1785124123.8738885,-1.9015191177978135,-0.19004565414505403
1785124123.8788235,-1.9033937210041139,-0.1894590865318886
1785124123.8819535,-1.9052495918636836,-0.18887781676753962
1785124123.8897514,-1.9072083336634065,-0.18826296040877039
1785124123.893154,-1.9090867663811197,-0.18767228614779438
1785124123.897471,-1.9109789751632384,-0.1870761305656702
1785124123.9021325,-1.912814567683924,-0.1864979368748518
1785124123.9073133,-1.914713305960022,-0.18589984092303943
1785124123.9120545,-1.9165657593068413,-0.1853148278388303
1785124123.917123,-1.918457908085824,-0.18471851016962565
1785124123.9265215,-1.920384306643694,-0.1841108700859339
1785124123.9277847,-1.9222344476481998,-0.18352809933998343
1785124123.9313447,-1.9241240832317024,-0.18293535926854385
1785124123.9379175,-1.92608369517201,-0.18232006020963895
1785124123.942065,-1.928001924811585,-0.18171767910942138
1785124123.947152,-1.9298902717380193,-0.18112440193139095
1785124123.9534268,-1.9317880687134281,-0.18052916680814848
1785124123.957869,-1.93367387332834,-0.1799391819737765
1785124123.9618368,-1.935590929774889,-0.17933679943902353
1785124123.9683795,-1.9375148451709199,-0.17873212377927095
1785124123.973823,-1.9393991667546144,-0.17813883720587645
1785124123.9783597,-1.9413033248442568,-0.17753895149536822
1785124123.9823406,-1.943206575245082,-0.17693992450728405
1785124123.9875925,-1.9450601043265374,-0.17635654100961265
1785124123.991901,-1.9469897740106668,-0.17574945865492722
1785124123.9980302,-1.9488578658811508,-0.17516185498320774
1785124124.0088096,-1.9507092307904035,-0.17457845306949002
1785124124.0099947,-1.9526357228508462,-0.17397049656249242
1785124124.0142791,-1.9545496909434843,-0.17336659175298302
1785124124.017405,-1.9564546180804596,-0.17276431453637164
1785124124.0307162,-1.9583668204512572,-0.17216003958653897
1785124124.0403016,-1.9601653918251787,-0.1715903413882125
1785124124.0481822,-1.9619201523786296,-0.1710348594789953
1785124124.052765,-1.9636591676464485,-0.17048358059050503
1785124124.0549285,-1.9653762473414629,-0.16993800328901182
1785124124.0590599,-1.967082065140816,-0.16939595708514382
1785124124.0606756,-1.9687905128932015,-0.1688512147399396
1785124124.0626762,-1.9705387041001823,-0.16829260307447982
1785124124.0684237,-1.9722618897894943,-0.1677418819473154
1785124124.0759923,-1.9740012978385606,-0.16718549671302996
1785124124.0778034,-1.9757075694872597,-0.16664092845640288
1785124124.0835698,-1.9774129581714626,-0.16609685710474895
1785124124.0881543,-1.979180201109925,-0.16553487583173987
1785124124.0929382,-1.9808360896438435,-0.16500958480812034
1785124124.0982153,-1.9825894713648613,-0.16445254475164467
1785124124.1025186,-1.9843103916477614,-0.16390459215230888
1785124124.1079695,-1.9859993668101967,-0.1633649536626169
1785124124.1116862,-1.9877036967635204,-0.16281831195912536
1785124124.1171677,-1.9894595897074636,-0.1622542085379533
1785124124.12303,-1.991153313807387,-0.16170960113050017
1785124124.1325037,-1.9928951320808934,-0.16114799230818352
1785124124.1395888,-1.9947029165196797,-0.16056283141795366
1785124124.1420753,-1.9966111148550336,-0.15994428996993446
1785124124.1472435,-1.9984679550714826,-0.15934156496848495
1785124124.1558943,-2.0003942467729825,-0.15871549988224223
1785124124.1585531,-2.0023287917904518,-0.15808623771290692
1785124124.1632555,-2.0041820687116747,-0.1574827261599557
1785124124.1664746,-2.006070032949552,-0.1568691415556557
1785124124.1722574,-2.007985767041885,-0.15624488616147755
1785124124.1767266,-2.0099553403937724,-0.1556023428302203
1785124124.1814544,-2.0118882370564237,-0.15497183998302208
1785124124.1877418,-2.0137537724146504,-0.15436292925258055
1785124124.191483,-2.015669609350362,-0.15373528172505024
1785124124.1970632,-2.017636007199972,-0.1530898980630448
1785124124.202556,-2.0195872686215237,-0.15244829435298557
1785124124.2085295,-2.0214749468844984,-0.15182627695129935
1785124124.2116003,-2.023357459524982,-0.15120685997058397
1785124124.2171862,-2.02519995120187,-0.1505991664736427
1785124124.2233088,-2.027163656325985,-0.14995064573644956
1785124124.2273273,-2.0290254287116145,-0.1493342599103115
1785124124.2344737,-2.030885228560707,-0.14871799160457
1785124124.2383704,-2.0328260117040005,-0.14807256603106958
1785124124.2416072,-2.0347026660341934,-0.14744575742172522
1785124124.2470465,-2.03664779261729,-0.14679341870074136
1785124124.2527308,-2.038534542239166,-0.14615851864031362
1785124124.257471,-2.04050339152303,-0.1454978068767095
1785124124.2618406,-2.0424339827945097,-0.1448492006798594
1785124124.2670202,-2.0443332961135243,-0.14421058313446833
1785124124.273879,-2.0461723075071,-0.14359157567602318
1785124124.2775881,-2.0480689445736964,-0.1429501063614333
1785124124.2815986,-2.049955329339977,-0.14231190171290042
1785124124.2893982,-2.0519235997931484,-0.14164667249958604
1785124124.292483,-2.0538371131370963,-0.14099916668833185
1785124124.2975588,-2.0557247827629452,-0.14035649752180143
1785124124.3021917,-2.0575787807399073,-0.13972667724408233
1785124124.307087,-2.059500350569554,-0.1390735861808472
1785124124.311835,-2.061447691542004,-0.1384115737957278
1785124124.3170755,-2.0633270137888373,-0.13777078698761677
1785124124.323286,-2.06522833454842,-0.13712067617958468
1785124124.327115,-2.067065264672528,-0.13649097801929197
1785124124.3328063,-2.068793896579785,-0.13589675561407363
1785124124.3376474,-2.0705443517186843,-0.13529540607249693
1785124124.3418796,-2.0722442116804443,-0.13471104475076184
1785124124.3462985,-2.073965155489225,-0.13411853474683993
1785124124.3515098,-2.0756576123036496,-0.13353333679259316
1785124124.3578565,-2.0773387653102753,-0.13295129340577658
1785124124.3625655,-2.0790415638633246,-0.13236160588251586
1785124124.3669436,-2.0807336180318448,-0.13177411902237293
1785124124.3739784,-2.0824648535760684,-0.13117296969355713
1785124124.3776546,-2.084187401394671,-0.13057260593018316
1785124124.3847835,-2.0859216943383174,-0.12996805886503884
1785124124.386871,-2.087610044344766,-0.1293782655353576
1785124124.39252,-2.0893606099661626,-0.12876656562396252
1785124124.3992426,-2.0910587475254805,-0.12817276268327032
1785124124.4043918,-2.0927342149241808,-0.12758589534266082
1785124124.4074945,-2.094471416316133,-0.1269781889267235
1785124124.4129858,-2.096211656089235,-0.12636816455588476
1785124124.416731,-2.0979240869969487,-0.12576691984089364
1785124124.4229887,-2.0996543520820787,-0.12515764233598775
1785124124.4270384,-2.1014228613519075,-0.12453403477852565
1785124124.433422,-2.1032984257724077,-0.12387298716123632
1785124124.4368618,-2.105184301172625,-0.12320743822377016
1785124124.4417026,-2.107017069175559,-0.12255768363997495
1785124124.4463701,-2.108928685533034,-0.12187853363485497
1785124124.4516938,-2.1108672069352896,-0.12118819590743322
1785124124.4579365,-2.1127513534433215,-0.12051671940745834
1785124124.4620788,-2.114640887991929,-0.11984373424040594
1785124124.4661355,-2.1165211209861585,-0.11917437253147949
1785124124.4727802,-2.1183595187315003,-0.11851895930373123
1785124124.4769874,-2.120243043815417,-0.1178505136037212
1785124124.481416,-2.1220759326731784,-0.11719901477600117
1785124124.4868546,-2.1240025868761307,-0.1165134853953567
1785124124.4918675,-2.1259032791152483,-0.11583502104013678
1785124124.4973352,-2.1278239417334457,-0.11514845268300442
1785124124.5014026,-2.1297226558115017,-0.1144688927880928
1785124124.507819,-2.131541500132292,-0.11381808545896295
1785124124.5118153,-2.1333909224706877,-0.11315772563451203
1785124124.5164897,-2.1353659239259613,-0.11245135540001047
1785124124.523402,-2.1372357322036364,-0.11178180767811999
1785124124.5266786,-2.1391259115586423,-0.11110453173094414
1785124124.534166,-2.1410453669878495,-0.11041701208316954
1785124124.539358,-2.1428950222912118,-0.10975614037297399
1785124124.5417838,-2.1447965704355227,-0.10907718128565277
1785124124.5471454,-2.146670844845882,-0.10840730868411477
1785124124.5524948,-2.1485870934007814,-0.10772215249456206
1785124124.5580091,-2.1505076622470103,-0.10703482246607016
1785124124.5617144,-2.152393430419443,-0.10635934353582653
1785124124.5675778,-2.1543135112889202,-0.10566972665078922
1785124124.5732493,-2.1561452594341906,-0.10500975510285947
1785124124.5775957,-2.1580576778063927,-0.10432161839457625
1785124124.5817566,-2.1599609045405717,-0.10363747116610501
1785124124.5884132,-2.161862755987662,-0.10295352403780945
1785124124.591847,-2.1637463376061272,-0.10227486155201547
1785124124.5973618,-2.1656673977083143,-0.10158232548642775
1785124124.603858,-2.1675142680977113,-0.10091753619042627
1785124124.6075554,-2.1693920919451157,-0.10024143802071296
1785124124.61186,-2.171273257498402,-0.09956334014740426
1785124124.6169536,-2.173196429111582,-0.09886898231367808
1785124124.6229007,-2.175149570286233,-0.09816498171776608
1785124124.626788,-2.1770256262123,-0.09748885712488188
1785124124.6334896,-2.178911096999333,-0.09681212032301192
1785124124.6372497,-2.180763872987805,-0.09614613457823751
1785124124.641504,-2.1825979041708505,-0.09548693574056098
1785124124.646673,-2.184446214584662,-0.09482213633605396
1785124124.6516495,-2.1863321862483116,-0.09414371449934172
1785124124.6576922,-2.1881677088582956,-0.0934817296856498
1785124124.6618783,-2.1900333184754452,-0.09280900291370045
1785124124.6670096,-2.191964154454077,-0.09211240871692268
1785124124.6734107,-2.1938211814646715,-0.0914406258481827
1785124124.67699,-2.1957107031221055,-0.09075769757591316
1785124124.682316,-2.197587277495739,-0.09007922900314859
1785124124.6875148,-2.199434602285424,-0.08940998199638679
1785124124.6917768,-2.201355436035808,-0.08871148985855548
1785124124.697026,-2.2031688883108265,-0.08805229549077455
1785124124.702962,-2.2050919699893803,-0.08735358938597473
1785124124.7073598,-2.2069989733077966,-0.08665867731078404
1785124124.7115166,-2.208883431416669,-0.08597016395355972
1785124124.71873,-2.210774912113897,-0.08527897049428643
1785124124.7232022,-2.2126765748125523,-0.08458281888444835
1785124124.727637,-2.2145039814170926,-0.08391272426770284
1785124124.735716,-2.21643092644019,-0.08320409817236299
1785124124.7398906,-2.2183557677980934,-0.08249478280445745
1785124124.743613,-2.220233177314929,-0.08180224047787568
1785124124.7470064,-2.222170628932488,-0.08108647063547043
1785124124.7525485,-2.224075739422392,-0.08038241783183724
1785124124.7579737,-2.2259765134022977,-0.07967876740727751
1785124124.7624717,-2.2278442553847646,-0.07898479980158608
1785124124.7675989,-2.2296865133465853,-0.07830011087615829
1785124124.773551,-2.231543388828817,-0.07760808009550611
1785124124.7777114,-2.2334005028788155,-0.07691544138495768
1785124124.7825282,-2.235235951551848,-0.0762308945232541
1785124124.7877045,-2.2371314788960412,-0.0755218470188538
1785124124.7928777,-2.2389902622173263,-0.07482693956946594
1785124124.7980113,-2.240907965016838,-0.07410908247530953
1785124124.8024964,-2.2428087556971814,-0.07339628461799931
1785124124.8074634,-2.2447053846693854,-0.07268475472332768
1785124124.8118706,-2.246606882050767,-0.07197071302792327
1785124124.8170571,-2.2484216788268365,-0.07128937143836561
1785124124.8296611,-2.2502857838705728,-0.07058815588660733
1785124124.8307989,-2.2521608355107148,-0.06988162211400689
1785124124.8420024,-2.254049433660392,-0.06916865356924014
1785124124.8477728,-2.2559626898076655,-0.06844533300349691
1785124124.8520072,-2.2578290779436876,-0.06774019843836034
1785124124.8579574,-2.2597311324013365,-0.06702122374971484
1785124124.8625221,-2.2615792599946953,-0.06632182385542278
1785124124.867324,-2.263375737792781,-0.06564077087246553
1785124124.873701,-2.26527199838089,-0.06491911667790437
1785124124.877442,-2.267153003987224,-0.0642011699030669
1785124124.8820643,-2.2690286459131217,-0.06348433991045822
1785124124.8870192,-2.270914309287812,-0.06276237644586583
1785124124.8923464,-2.272741578095564,-0.06206187397646738
1785124124.8986368,-2.274592485127016,-0.06135429984201051
1785124124.9017448,-2.276430549700088,-0.06065094182536937
1785124124.907565,-2.278338414103616,-0.0599206929018931
1785124124.912209,-2.2802240415563952,-0.05919955681607502
1785124124.9180439,-2.282141747596973,-0.0584670912732348
1785124124.9244404,-2.2840638768354844,-0.05773364989096111
1785124124.9276106,-2.285879279710939,-0.05704075796027412
1785124124.9318354,-2.2877236878561686,-0.05633620357184301
1785124124.9392338,-2.289615105838317,-0.05561370707903646
1785124124.9469516,-2.2914066131540594,-0.05492883243273514
1785124124.9488523,-2.293267215942723,-0.05421911664914893
1785124124.9525023,-2.2952443309889343,-0.053465707880187466
1785124124.9580982,-2.297115652855947,-0.052753350365971334
1785124124.9621308,-2.2990334319640318,-0.05202210480213815
1785124124.9675734,-2.3008947195926006,-0.05131138710076391
1785124124.9763663,-2.3027177550388855,-0.050616020471302946
1785124124.978092,-2.3045760127447483,-0.04990539497967814
1785124124.981443,-2.306493660137101,-0.04917357763507521
1785124124.9900208,-2.308323655098574,-0.04847559113332369
1785124124.9925394,-2.310160006483326,-0.04777565829190811
1785124124.997142,-2.3120217941864665,-0.04706702865211162
1785124125.0019236,-2.3139027105530046,-0.046350886569641335
1785124125.0073147,-2.3157720645598703,-0.0456393378470829
1785124125.0115936,-2.317633381437222,-0.04493080209759388
1785124125.017185,-2.3194751740962007,-0.04423146837449935
1785124125.0224047,-2.3212805717021405,-0.04354681836801606
1785124125.0269043,-2.323162422417724,-0.042833572736548746
1785124125.0330677,-2.3250544124806884,-0.04211586238398819
1785124125.0387383,-2.3268775259225225,-0.041424428886642724
1785124125.0479705,-2.3287526965523857,-0.04071274469408046
1785124125.0558295,-2.3305919226333014,-0.040015636065157935
1785124125.0581558,-2.3324630444211163,-0.03930573064450332
1785124125.0624075,-2.334362423764699,-0.03858564944136119
1785124125.0676413,-2.336277744226966,-0.037859404850474516
1785124125.0742831,-2.33814009774664,-0.03715433210603684
1785124125.0818062,-2.3400539037348396,-0.03642918187855301
1785124125.083148,-2.3419179213668775,-0.035721991318130905
1785124125.0871835,-2.3437340945328136,-0.03503196312621972
1785124125.0914469,-2.3455903589840683,-0.03432617773076177
1785124125.097254,-2.347474695320133,-0.03360997002121289
1785124125.102652,-2.3493559910470907,-0.032894157120371414
1785124125.1073883,-2.351211249496139,-0.03218972712818621
1785124125.112173,-2.353080194035781,-0.03147995453772095
1785124125.1164331,-2.3549405527912337,-0.030774597250969635
1785124125.1227992,-2.356801729238132,-0.030067852215816124
1785124125.1271985,-2.3586368190155476,-0.029370713008137626
1785124125.1321073,-2.360597009827695,-0.028623933169163972
1785124125.1379278,-2.362473662787225,-0.027907528264600842
1785124125.1424713,-2.364367644134849,-0.02718410143874179
1785124125.1492374,-2.366265217515319,-0.02645902643183674
1785124125.1521344,-2.368116988142898,-0.02575007474813979
1785124125.1571207,-2.36998874553954,-0.025034921455203
1785124125.1614914,-2.3718765510461988,-0.024315663312931557
1785124125.1670418,-2.373678352964961,-0.023627368500092685
1785124125.1724758,-2.375557377773215,-0.022906661691347172
1785124125.1762547,-2.3774162933385456,-0.022191442757550174
1785124125.18152,-2.379291898028498,-0.021468241979184486
1785124125.1884604,-2.3812471061758234,-0.02071330112845387
1785124125.1914392,-2.3831077153036793,-0.0199948534421098
1785124125.1970928,-2.3849755833711366,-0.01927357764149498
1785124125.2029269,-2.3868303675843925,-0.01855748729421716
1785124125.2067938,-2.3887295644604647,-0.017824756090951382
1785124125.2115633,-2.390596835414258,-0.017106572161237607
1785124125.2169354,-2.392474553631439,-0.016383784085247415
1785124125.2222846,-2.3942958459282613,-0.015680755281721668
1785124125.227118,-2.3961106183743515,-0.014980832338904697
1785124125.233342,-2.3978886748230175,-0.014294045036587566
1785124125.2367399,-2.399653990772368,-0.013611870218942328
1785124125.241454,-2.401357628063556,-0.012954803477279496
1785124125.2487445,-2.4031022611403046,-0.012281942074062233
1785124125.2512496,-2.404798388406752,-0.011627243152609214
1785124125.2575884,-2.406566982096877,-0.01094328568308308
1785124125.262512,-2.408268324278182,-0.010285802705853657
1785124125.2668517,-2.409973889828798,-0.009625847399228924
1785124125.2739818,-2.4116806987425043,-0.008965712896229576
1785124125.2774446,-2.413447063962709,-0.00828235261664628
1785124125.2815406,-2.415254051903891,-0.007582191629836622
1785124125.2883997,-2.417072654795536,-0.006878249209035429
1785124125.2917938,-2.4189722708860737,-0.00614299313769074
1785124125.2965536,-2.4208281809654384,-0.005424587445625875
1785124125.3022132,-2.4226846903651498,-0.00470525014391873
1785124125.3083324,-2.4246094143616936,-0.003959334231456934
1785124125.3119104,-2.426398233017372,-0.003267919969046595
1785124125.3179092,-2.4282744772309246,-0.002541767819672758
1785124125.3228877,-2.4301247542464277,-0.0018246486366568322
1785124125.3274806,-2.4320697835983887,-0.0010695815413702624
1785124125.3323514,-2.4339408111661043,-0.00034451289935450693
1785124125.339361,-2.4358005116675083,0.000376857430025065
1785124125.341659,-2.4376772048844537,0.0011044754453680447
1785124125.3483891,-2.4395300438546665,0.0018230196919970679
1785124125.3515067,-2.4414346612201947,0.0025630247528754587
1785124125.3583252,-2.4432842565579747,0.0032825909471959945
1785124125.363079,-2.445165836919879,0.0040152753334539515
1785124125.3678665,-2.446967220065009,0.004715460948802886
1785124125.3751028,-2.4488199100375856,0.005435543856831011
1785124125.3770587,-2.4506752102564584,0.006156244371061163
1785124125.3821125,-2.4525057970124196,0.006867060551642157
1785124125.3882306,-2.454345479910705,0.007579971481606535
1785124125.39522,-2.456175455849761,0.008286447441006506
1785124125.3962317,-2.458037697741373,0.009007024340937
1785124125.4026973,-2.4598970950766956,0.009727333626814253
1785124125.408655,-2.4618465013058386,0.010482359522315722
1785124125.4120128,-2.463723355981256,0.011209329660249486
1785124125.416575,-2.4655846754997985,0.011928542260232381
1785124125.4222093,-2.4674746248280157,0.012657169916306806
1785124125.427827,-2.4693397687373655,0.01337671314727063
1785124125.4330244,-2.471205633663159,0.014095655911797407
1785124125.4375966,-2.4731006514093887,0.01482633293530984
1785124125.4415584,-2.4749963546603473,0.015554596975405382
1785124125.450638,-2.476854207709375,0.016268368556774774
1785124125.4517446,-2.478781452863394,0.017008301868173124
1785124125.4579508,-2.4805811184968305,0.017698849790859967
1785124125.4623747,-2.482434343122226,0.018410985970008092
1785124125.467063,-2.4842792940759573,0.01911979409711608
1785124125.4738307,-2.4861065144768637,0.019819392178938435
1785124125.4776852,-2.487981263146554,0.0205371753455644
1785124125.4821248,-2.489872376992831,0.021260997536629304
1785124125.4889367,-2.4916861761772426,0.02195659764201424
1785124125.4915576,-2.4935605077568708,0.02267473511053232
1785124125.4969635,-2.4954340184314434,0.023393062767053354
1785124125.5021691,-2.4972935741285447,0.02410754733909104
1785124125.5110426,-2.4991650775462166,0.02482716183418204
1785124125.51339,-2.5010108742230805,0.02553723296722778
1785124125.5179784,-2.5028767820326494,0.026254929752656572
1785124125.522693,-2.5048305839361227,0.02700726502502123
1785124125.5280883,-2.506678647326896,0.02772034195251255
1785124125.5324578,-2.5084890132987994,0.028418307737866938
1785124125.538392,-2.510358281884726,0.029138720736664958
1785124125.5419223,-2.5122374352664236,0.029862427175019152
1785124125.5498483,-2.514122474414161,0.03058899868697185
1785124125.5520074,-2.515987907294768,0.03130744089459809
1785124125.5574825,-2.517793222192362,0.03200430000479385
1785124125.562344,-2.5196548217290404,0.032723107289235734
1785124125.5674903,-2.521446434336245,0.033417656804961164
1785124125.5728002,-2.523341012010801,0.034152577301186045
1785124125.5778515,-2.5251087914328196,0.03483922402909186
1785124125.5818548,-2.5269970299024584,0.03557218211968418
1785124125.5869186,-2.5288563147893406,0.03629610674723426
1785124125.592022,-2.5307343410228538,0.037026587901132696
1785124125.5976975,-2.5325669249881337,0.03774010168162655
1785124125.6021972,-2.5343533368100872,0.038434619268522985
1785124125.6079266,-2.5362090255330707,0.039156301800189974
1785124125.613193,-2.5380146506792154,0.03985970923352364
1785124125.6177692,-2.539777462656188,0.040546031310520245
1785124125.6223965,-2.541626811785133,0.04126548412352761
1785124125.627716,-2.5435522396176746,0.04201422651711179
1785124125.6314802,-2.5453724537871882,0.04272207091538245
1785124125.6373188,-2.547253720506478,0.04345434169124603
1785124125.6412883,-2.549062912231996,0.04415763191715501
1785124125.6506495,-2.550968278357394,0.04489859878541719
1785124125.6528387,-2.552840822720869,0.04562742353233062
1785124125.656965,-2.554653830941301,0.046331316718266256
1785124125.6619835,-2.5565014774619277,0.04704806983058524
1785124125.6672692,-2.5583741833109936,0.04777408339612456
1785124125.6732342,-2.5602186819175854,0.048488328086945164
1785124125.6766107,-2.5620657551028714,0.04920336110554549
1785124125.682253,-2.5639151495491443,0.049917262407542407
1785124125.6871588,-2.5657659987368517,0.05063076040535626
1785124125.6919534,-2.5676225067924836,0.051346218092390886
1785124125.6977422,-2.5695007196727406,0.05206940566721035
1785124125.701445,-2.571372553636976,0.05278942939372342
1785124125.708219,-2.573222597566369,0.053500283943495285
1785124125.7117927,-2.5750304510468833,0.054193131516844885
1785124125.7168276,-2.57687556480691,0.05489960104919893
1785124125.7235227,-2.5787527400048407,0.055617613674275056
1785124125.728101,-2.5805923563599826,0.056321608938908786
1785124125.7319815,-2.58232663654908,0.056984313609712574
1785124125.7378402,-2.5840267213964734,0.05763522854521725
1785124125.7421603,-2.5857514784382998,0.05829279659649979
1785124125.7479482,-2.5874690888790024,0.05894675806260499
1785124125.7513444,-2.589150863181493,0.05958656992992474
1785124125.7567525,-2.590850225225479,0.06023227786669008
1785124125.7616851,-2.592518032406938,0.060866989541736444
1785124125.7674506,-2.594221227671923,0.061515715263195464
1785124125.7728891,-2.5959545590042556,0.062175640194820456
1785124125.777199,-2.597642270973839,0.06281891635797332
1785124125.7814982,-2.5993675597446644,0.06347563583945608
1785124125.7866857,-2.601039990505995,0.06411269432453799
1785124125.7926438,-2.6027576936208763,0.06476717765017644
1785124125.797691,-2.604405432585423,0.06539434110441665
1785124125.8026667,-2.60612155331022,0.06604720404918013
1785124125.8083856,-2.607785528751422,0.06667950402704227
1785124125.8140452,-2.6094681567838705,0.06731866273974073
1785124125.8178525,-2.6111258935426815,0.06794903125927057
1785124125.822382,-2.6128946244487565,0.06862259011260216
1785124125.8282378,-2.614583547651902,0.06926742808773231
1785124125.8327832,-2.616231259449287,0.06989633520185477
1785124125.8378472,-2.6179721515095133,0.07055877879337014
1785124125.8419297,-2.6197304592815875,0.07122818133593667
1785124125.850026,-2.6213940772150814,0.07186157625953979
1785124125.852327,-2.6230756742070422,0.07250169127215945
1785124125.8569593,-2.624780120363291,0.0731503943459218
1785124125.86278,-2.6265132886621534,0.07381106711420307
1785124125.8668706,-2.628244603083978,0.0744714396763862
1785124125.873262,-2.6299415091997136,0.0751182037298334
1785124125.8773575,-2.6317149032963028,0.07579288832414675
1785124125.8819141,-2.6335424106868563,0.07648795382112969
1785124125.8879004,-2.6354454830491387,0.07721245178743748
1785124125.8925452,-2.637283767618809,0.07791460565909814
1785124125.8972092,-2.6392166845525407,0.07865157623241881
1785124125.902808,-2.641130571138482,0.07938178758334846
1785124125.908436,-2.6430530205668217,0.08011624054962098
1785124125.9117167,-2.6449598608061935,0.08084493160556178
1785124125.9188302,-2.6468470551717447,0.08156334788525696
1785124125.9235024,-2.6487487278765314,0.08228629710307227
1785124125.927759,-2.650566001067354,0.08297644603146494
1785124125.9333165,-2.6524175319990526,0.08367986517453321
1785124125.9395504,-2.654259110245414,0.08437930760914214
1785124125.9430306,-2.6561323461331883,0.08509063587009913
1785124125.954009,-2.6580072744131056,0.08580157919587683
1785124125.9591184,-2.6598276017016036,0.08649274556289013
1785124125.9633827,-2.6617666122349384,0.0872273953150157
1785124125.9682693,-2.6636559199804153,0.08794206070656448
1785124125.974714,-2.665581655756231,0.08867068554439818
1785124125.9775014,-2.6675231815759486,0.0894055244427891
1785124125.982766,-2.6694329750782577,0.09012794614767151
1785124125.9870393,-2.6713282716032785,0.09084431413249998
1785124125.9929445,-2.673202237178804,0.09155381426850621
1785124125.9984624,-2.675052832280803,0.09225288692631539
1785124126.0027606,-2.6769302655205576,0.09296156406479639
1785124126.0076675,-2.6788012602800473,0.09366927965984648
1785124126.0123544,-2.6806517387995012,0.09436739403567877
1785124126.0175753,-2.682506884841258,0.09506761092882807
1785124126.023383,-2.684327237007939,0.09575445769386909
1785124126.0283942,-2.686156940812634,0.09644408542341587
1785124126.033078,-2.6880302141813983,0.09715029527654488
1785124126.0385394,-2.6898852428367754,0.0978494939805898
1785124126.0421643,-2.6917966056796625,0.09856877391016224
1785124126.0476375,-2.693674451783678,0.09927545109043331
1785124126.060463,-2.695537028214282,0.09997661292121389
1785124126.0617476,-2.6973939835791074,0.10067554859537443
1785124126.0653257,-2.6992781069949414,0.10138483499905761
1785124126.0709915,-2.7011284869968195,0.10207914870878804
1785124126.0767019,-2.703036394937179,0.10279459510336678
1785124126.0780756,-2.704896019730053,0.1034925268524513
1785124126.0812695,-2.706706967446704,0.1041718790956957
1785124126.0874155,-2.7085935908077396,0.10488117885838608
1785124126.0916116,-2.7103733239562002,0.10554998012555059
1785124126.097349,-2.7122377270128744,0.10625125896484526
1785124126.1024954,-2.7141404255159567,0.1069689802013941
1785124126.1079931,-2.716038200865972,0.10768615926963483
1785124126.1121728,-2.7178643354982555,0.10837730432198864
1785124126.1182487,-2.7197119970963377,0.1090780424812806
1785124126.1237032,-2.7215409930556502,0.10977304632716499
1785124126.1282225,-2.7233639879977165,0.11046525943253632
1785124126.1316812,-2.725147354705825,0.11114454999439184
1785124126.1397703,-2.7270484774752735,0.1118692857297964
1785124126.1424756,-2.7288562177987092,0.11255911063555787
1785124126.1477165,-2.7307088216291073,0.11326726474521762
1785124126.1562688,-2.732564076136547,0.11397612190593667
1785124126.1593347,-2.7344568589388243,0.11470023141489186
1785124126.1613932,-2.736352473645787,0.11542418436302535
1785124126.1666212,-2.738177992935379,0.11612000760238426
1785124126.1737888,-2.7400310618812234,0.11682445200514072
1785124126.1775272,-2.741953105279637,0.11755536824235864
1785124126.1820376,-2.7438368002452247,0.11827047380687104
1785124126.1875663,-2.745673548208769,0.11896760762619302
1785124126.1918666,-2.7474812873425067,0.11965475963797632
1785124126.1986375,-2.7493629290564594,0.12036855098626671
1785124126.201822,-2.751204653125596,0.12106613065622839
1785124126.2087011,-2.7530457949976292,0.12176074675784776
1785124126.2115736,-2.7548172520511605,0.12242898596940785
1785124126.2167184,-2.7566959500378347,0.12313752511000507
1785124126.2233,-2.7585994538474874,0.1238551738846727
1785124126.229061,-2.7604290489701073,0.1245446650223975
1785124126.2318509,-2.7622391200092884,0.1252258276064253
1785124126.2386868,-2.764104330498563,0.12592561646533904
1785124126.2432194,-2.7660158545247056,0.12664247403441348
1785124126.247388,-2.767872225776521,0.12733849131880776
1785124126.2591593,-2.7697111616429813,0.1280276567446173
1785124126.2616546,-2.771591711479796,0.128731621630521
1785124126.2668803,-2.7734731032879316,0.12943589889744192
1785124126.2731538,-2.775283901368528,0.13011279463770672
1785124126.2777996,-2.7771311848333387,0.1308046529335645
1785124126.2823434,-2.778998835980542,0.13150408177862824
1785124126.2885396,-2.7809084400125252,0.13222001782614526
1785124126.2925818,-2.7828472675528113,0.13294581045599538
1785124126.2973793,-2.784731415356553,0.13364948313245173
1785124126.3043675,-2.786568415414325,0.13433538076003815
1785124126.3078635,-2.7884168939045004,0.1350267309732453
1785124126.3119838,-2.7903230498759823,0.13573879100411054
1785124126.318289,-2.792231127207919,0.13645188929862453
1785124126.3235846,-2.7940423356990918,0.1371290968235686
1785124126.3282537,-2.7959592457255114,0.13784667469373674
1785124126.3317003,-2.797808244932388,0.13853859156858953
1785124126.3379304,-2.7996572199295247,0.13923000631941268
1785124126.3424766,-2.8016169533889816,0.13996225049216585
1785124126.3472087,-2.803494046157457,0.14066432755521935
1785124126.351781,-2.805341938917173,0.14135322469847997
1785124126.3608239,-2.807185734456566,0.1420406513695995
1785124126.364374,-2.8090162126717186,0.14272368481803477
1785124126.3668623,-2.810898679889559,0.14342502952664626
1785124126.3736017,-2.812761872199702,0.14411942975347208
1785124126.3772311,-2.8146322747505352,0.1448178458735116
1785124126.3815844,-2.81652764796505,0.14552583405236094
1785124126.3875892,-2.8184232915648333,0.1462352554875628
1785124126.3923213,-2.8202640288988374,0.1469241122112238
1785124126.396682,-2.822115578616605,0.1476160267837167
1785124126.4037082,-2.8240083782053436,0.14832286126561645
1785124126.4079864,-2.825919272861257,0.1490380746982522
1785124126.4124167,-2.82777995723712,0.14973347168957277
1785124126.4193163,-2.829659090786115,0.15043579101268778
1785124126.4263422,-2.831575149354147,0.151150930052533
1785124126.427433,-2.8334678724609685,0.1518583750104157
1785124126.4318817,-2.835353960854392,0.1525615540646698
1785124126.439097,-2.837255584920504,0.1532710436928992
1785124126.4422572,-2.839160674065608,0.15398097466474336
1785124126.4469125,-2.8410047164238947,0.1546674676730471
1785124126.453138,-2.8428800727968593,0.15536336788163502
1785124126.4634235,-2.8447989664522786,0.15607527513098754
1785124126.4675577,-2.846653245755916,0.15676358767210738
1785124126.4730618,-2.848577553888865,0.1574780649965517
1785124126.4769084,-2.8504756873292107,0.15818196444300894
1785124126.4819546,-2.852355365775086,0.15887866157750696
1785124126.487595,-2.854225153528315,0.15957317613799565
1785124126.492395,-2.8560677081096157,0.16025634148963214
1785124126.4974349,-2.857956680867609,0.16095688837562971
1785124126.5027454,-2.859849624208239,0.1616613846557226
1785124126.5086553,-2.861698978454404,0.16234915753560558
1785124126.5131738,-2.863495621097183,0.1630156428029641
1785124126.5179918,-2.8653095602431433,0.1636895051511817
1785124126.5235026,-2.8672268136891814,0.16440085646403396
1785124126.528988,-2.8691441982526342,0.16511163242447555
1785124126.5321333,-2.8710043152601115,0.16580156052201098
1785124126.5370002,-2.87284772627782,0.16648432425509146
1785124126.541729,-2.874792352951327,0.16720417282626554
1785124126.5467923,-2.876664192124755,0.16789409272203795
1785124126.5515072,-2.878524963582476,0.16858043597308675
1785124126.5579398,-2.880385017185408,0.16926672377274712
1785124126.5719073,-2.882207050764465,0.169938317402839
1785124126.5797489,-2.88405147935423,0.17061908631110442
1785124126.5832448,-2.8859283109087213,0.17131327051815784
1785124126.5890641,-2.887732504683396,0.17198075045106193
1785124126.5933778,-2.889633309385239,0.17268406980890638
1785124126.597519,-2.8914422917663503,0.17335354681967755
1785124126.60349,-2.8933300109956224,0.17405265124053634
1785124126.608107,-2.8952266880409856,0.17475461592537475
1785124126.6121,-2.897094695010055,0.1754461571781198
1785124126.6174083,-2.8990182510718685,0.17615707702418584
1785124126.6250708,-2.900904006554211,0.1768547375839013
1785124126.6294508,-2.9026900178644173,0.17751555692096962
1785124126.6332486,-2.904475109353623,0.17817522343021666
1785124126.6386135,-2.9062632422656987,0.17883620730354147
1785124126.6423833,-2.9079313355417202,0.17945241094930786
1785124126.648601,-2.9096601274251106,0.18009018308988334
1785124126.653801,-2.9113554662080627,0.18071512550200713
1785124126.6590812,-2.9130846602407225,0.18135189925216225
1785124126.6632457,-2.9148037144279777,0.18198512327074104
1785124126.6678758,-2.9165059369634183,0.18261125938069717
1785124126.6793692,-2.9181961637769525,0.18323461780436123
1785124126.6825776,-2.919936051842235,0.18387448002150888
1785124126.687593,-2.921775960868594,0.18455300830575866
1785124126.6928399,-2.9235783485622617,0.18521815685186616
1785124126.6979058,-2.925447046381266,0.18590703931639305
1785124126.7027082,-2.9273204452852863,0.18659621685391922
1785124126.7091012,-2.9291760884342373,0.18727812574073993
1785124126.71256,-2.930999650055814,0.1879469741601539
1785124126.7181313,-2.9328604255188604,0.18862969969759755
1785124126.723363,-2.9347360757013705,0.18931508925025198
1785124126.7283218,-2.936698859899529,0.19003151604567503
1785124126.7316031,-2.938567848304571,0.19071430393710667
1785124126.7385838,-2.9404313523792216,0.19139209777009678
1785124126.741699,-2.942345266280433,0.19208752333702117
1785124126.7477832,-2.944246920034974,0.19277926206469434
1785124126.752006,-2.946197686732454,0.19348802675843071
1785124126.757955,-2.9481227084648114,0.19418754819580397
1785124126.762493,-2.949979600211787,0.1948594721390523
1785124126.768127,-2.9518799223344874,0.19554905221501703
1785124126.7736454,-2.9538226774239917,0.1962530796325724
1785124126.7812078,-2.9556579056442187,0.19691838869967407
1785124126.7844403,-2.957531516836734,0.19759816806848143
1785124126.787537,-2.959381580590663,0.19826784704846537
1785124126.7918606,-2.961308983057964,0.19896504254493508
1785124126.7982938,-2.9631875736771973,0.19964431653927728
1785124126.8022509,-2.9650687161326306,0.20032419204517465
1785124126.808077,-2.966953268384606,0.2010042341564523
1785124126.811893,-2.968869922789987,0.2016946769821719
1785124126.8163404,-2.9708100107932114,0.20239464280970174
1785124126.8241196,-2.9726435598661087,0.20305581106250056
1785124126.8285358,-2.9744504681475217,0.2037074860211085
1785124126.8315768,-2.976283469722459,0.20436824186818442
1785124126.8396485,-2.9781350844716017,0.20503588385065027
1785124126.8414824,-2.980026470060166,0.20571753710623225
1785124126.847021,-2.981934666101135,0.206405849870123
1785124126.8521707,-2.9838070809571007,0.20707875805499906
1785124126.859321,-2.9857066920758535,0.20775985698354393
1785124126.8623688,-2.9876253977715383,0.20844820033514916
1785124126.8677673,-2.9894666748433236,0.2091097775901069
1785124126.8742816,-2.9913241559184236,0.20977903306775314
1785124126.8840623,-2.993171579947517,0.21044428611930383
1785124126.889824,-2.994961513126735,0.2110894963914698
1785124126.8914616,-2.996705897844929,0.21171773861973728
1785124126.897299,-2.9983821432187483,0.2123208384330208
1785124126.9021919,-3.0000762393269,0.21293008410923633
1785124126.9084678,-3.0017624755987162,0.2135377218081091
1785124126.9118292,-3.0034557635427763,0.21414874771855438
1785124126.9167874,-3.005130949351698,0.21475208161963158
1785124126.9233353,-3.006866862665715,0.21537703782453596
1785124126.9280515,-3.008616496637388,0.21600754196054692
1785124126.9322083,-3.0104343381822645,0.21666015410741754
1785124126.9375622,-3.0122907621180035,0.21732714735045158
1785124126.9420202,-3.0141194724217346,0.21798254280635576
1785124126.947384,-3.015937465634316,0.21863419565504968
1785124126.9538348,-3.017823842070129,0.21931026892405378
1785124126.960139,-3.01968693645781,0.21997875610719111
1785124126.9624104,-3.0215891417269174,0.22066217840234373
1785124126.9683115,-3.023502406619693,0.22134949505063253
1785124126.9732661,-3.025421744355368,0.22204079410218727
1785124126.9777682,-3.027272490428401,0.22270833102178572
1785124126.9850411,-3.0291713960762756,0.22339287785785422
1785124126.988001,-3.031104006461781,0.2240900998900633
1785124126.9920986,-3.032975024111252,0.22476529082466362
1785124126.9960678,-3.034780667785633,0.2254149663216047
1785124127.0013642,-3.036678286633987,0.22609583904580483
1785124127.0067048,-3.0385556583879287,0.22677085869778033
1785124127.0115714,-3.04040785797856,0.22743639619684972
1785124127.017793,-3.042278664973176,0.22810571396699653
1785124127.0233161,-3.0441678060768376,0.228782177439763
1785124127.0269513,-3.0460393664983263,0.22944915287623938
1785124127.0315197,-3.047918995403549,0.2301190231907765
1785124127.0372305,-3.0497234151552015,0.23076058539554725
1785124127.0430396,-3.0515523428636095,0.23140989472165335
1785124127.0480773,-3.0534507247874387,0.23208219688677967
1785124127.0532727,-3.0553057699527058,0.23273626299847108
1785124127.0592759,-3.0571899649373355,0.2334013555336867
1785124127.064128,-3.059035683403811,0.2340504684997917
1785124127.0672626,-3.060931811099059,0.23471665570407826
1785124127.0735247,-3.0628548130103566,0.23539185490649578
1785124127.08039,-3.064704894154121,0.2360404307292969
1785124127.0887337,-3.066589813579471,0.23670235379028975
1785124127.0935683,-3.068476633628623,0.23736606510671052
1785124127.0953963,-3.0703933221480564,0.2380381529847152
1785124127.0972364,-3.0723482295092692,0.2387198584362655
1785124127.102665,-3.0742829622764933,0.23939309016851504
1785124127.1070087,-3.076199910053054,0.24005759678058666
1785124127.112204,-3.078119484742187,0.2407234999032262
1785124127.1164324,-3.080013498590625,0.24137801492441952
1785124127.1225348,-3.081927429850335,0.24203863091429278
1785124127.128828,-3.083887314970031,0.24271343294030112
1785124127.1316874,-3.0857434342923433,0.24335058416690042
1785124127.138603,-3.087606337002666,0.24398848157163014
1785124127.14187,-3.089477012791533,0.24462792995147462
1785124127.146244,-3.091404043560468,0.24528542417938565
1785124127.151516,-3.0933216873043956,0.24593932547275835
1785124127.1569986,-3.095149749457277,0.24656111073072562
1785124127.1617384,-3.0970262091624075,0.24719631297952882
1785124127.1667838,-3.0989608083733824,0.2478517510854912
1785124127.175095,-3.100835743143982,0.24848645172055062
1785124127.1771371,-3.102667591473697,0.2491061196795147
1785124127.186684,-3.1045189634736254,0.2497323104219848
1785124127.1960278,-3.1063294216954094,0.25034344322634183
1785124127.1978207,-3.108092286481132,0.2509370703493438
1785124127.204897,-3.1098319752735617,0.25152390852984785
1785124127.2089248,-3.1115577886129318,0.252104688868664
1785124127.212782,-3.113311036386455,0.25269198306484736
1785124127.217042,-3.115010014949374,0.25326090988376737
1785124127.224253,-3.116678078095491,0.2538204162326447
1785124127.2273157,-3.118425127859452,0.25440685283092934
1785124127.232145,-3.1201880864995304,0.25499854840783776
1785124127.2395878,-3.1220244285521366,0.2556142459954025
1785124127.2427273,-3.1238697371025745,0.2562305915212787
1785124127.2478979,-3.1257997191989992,0.25687372992891006
1785124127.252744,-3.127691732578178,0.25750410905286464
1785124127.2593515,-3.1296144589730686,0.25814393843143646
1785124127.2646842,-3.1315130708557324,0.2587750349113169
1785124127.2676067,-3.1333660501079548,0.25938968602770257
1785124127.2736146,-3.135225167632997,0.2600055417228489
1785124127.2769237,-3.1371737711531527,0.2606488010219275
1785124127.2823706,-3.138971837460175,0.26124162324897277
1785124127.2885606,-3.140881323817749,0.26187058157303245
1785124127.2911434,-3.1428228027534355,0.2625092691936821
1785124127.297114,-3.144745220200433,0.2631402287293589
1785124127.3023417,-3.1466742452174223,0.26377332340975124
1785124127.3082097,-3.14856048805288,0.2643906023108361
1785124127.3116195,-3.1505277394821394,0.2650336566174545
1785124127.316936,-3.1523131622090257,0.2656172788310011
1785124127.3238769,-3.154214157676423,0.26623958697218897
1785124127.3269901,-3.156076505613842,0.2668468531007624
1785124127.3329399,-3.1579419191739113,0.26745523628053247
1785124127.3376093,-3.1598816023837593,0.2680891269732116
1785124127.3416684,-3.161759503920967,0.26870178368304753
1785124127.347273,-3.1636406944200264,0.2693130981892838
1785124127.3535557,-3.165547041757039,0.26993188303061383
1785124127.3582397,-3.1674395425210893,0.2705451491452118
1785124127.3632534,-3.1693348984848138,0.27115766332211894
1785124127.3669126,-3.1712296108678206,0.271768176364216
1785124127.3729568,-3.173062514806769,0.2723566730601883
1785124127.3797517,-3.1750170838666056,0.27298206458257884
1785124127.382588,-3.1769248749261196,0.273591719215854
1785124127.3931422,-3.178836180173549,0.27420302373689587
1785124127.397575,-3.1807367145975225,0.2748096705240623
1785124127.4021654,-3.1826324632220624,0.2754148336355622
1785124127.4073935,-3.1845261450679367,0.2760176852646619
1785124127.4115548,-3.18646345579165,0.27663296184447256
1785124127.4165657,-3.1883831940016667,0.277242049551629
1785124127.425617,-3.190342966560093,0.2778625586068737
1785124127.4277987,-3.192137550115962,0.27842997805318337
1785124127.432755,-3.1939191720936915,0.27899409114288765
1785124127.4393237,-3.1957286901364643,0.2795636384615062
1785124127.4417148,-3.197560117463799,0.280137891534211
1785124127.4473674,-3.199297800546763,0.2806799229036868
1785124127.4532862,-3.2010266757991372,0.28121743191009213
1785124127.4568937,-3.202713038313752,0.2817408625912966
1785124127.46182,-3.204417470447284,0.28226985097576424
1785124127.4692051,-3.2061618285672395,0.2828109454269131
1785124127.4774864,-3.2078772019807187,0.2833426864028569
1785124127.4805017,-3.209578856959728,0.28387005930478004
1785124127.4832397,-3.2112923749987887,0.2844015496219989
1785124127.4871938,-3.2129801136787384,0.28492294049844147
1785124127.4986553,-3.2147561287639808,0.2854693866430794
1785124127.5115397,-3.216531360587594,0.2860142853605998
1785124127.5131698,-3.2182586695456137,0.28654332433869284
1785124127.5142994,-3.2199964641698413,0.2870759880801746
1785124127.5164168,-3.221714151555676,0.2876021328996156
1785124127.5224116,-3.2234432315949886,0.28812976501774634
1785124127.5293796,-3.2252311574037837,0.288673033623041
1785124127.532838,-3.2271548914982993,0.28925672755765247
1785124127.5375178,-3.229064392808117,0.28983467237218485
1785124127.5422392,-3.230934103274315,0.290399601124154
1785124127.546874,-3.2328405852993436,0.2909748849935751
1785124127.5521376,-3.2347200019616817,0.2915428949698863
1785124127.5579858,-3.2365884757436674,0.2921053224582626
1785124127.561571,-3.2385095443727545,0.2926821985260315
1785124127.5669572,-3.2404589171959355,0.2932667043341796
1785124127.5741792,-3.242331054511214,0.2938268895436213
1785124127.5779252,-3.2442791310931494,0.2944069557640296
1785124127.581441,-3.246236319725175,0.29498691727312887
1785124127.5894718,-3.2480928013878634,0.29553689864342647
1785124127.5917113,-3.250085308366699,0.29612621584954024
1785124127.598916,-3.2519906791091118,0.29668833281075085
1785124127.601589,-3.253822354362563,0.29722885736232496
1785124127.6071863,-3.255736733406657,0.2977919489082971
1785124127.6294665,-3.2576731440060236,0.2983621949184394
1785124127.6331978,-3.259587906493982,0.2989240511793849
1785124127.638473,-3.26149107097583,0.2994797188919412
1785124127.6422124,-3.263356495442302,0.3000247916672163
1785124127.6479962,-3.265203453405128,0.30056476914649594
1785124127.6545026,-3.2671768856833183,0.3011411900265261
1785124127.6573622,-3.2690556772360777,0.3016870654574815
1785124127.6650414,-3.2709814512603144,0.302243273408816
1785124127.6682541,-3.272904020649099,0.30279672991903905
1785124127.6735053,-3.274814064371473,0.3033446089474754
1785124127.6770582,-3.276716309016118,0.3038871578309352
1785124127.6813586,-3.278509288939086,0.3043977149059496
1785124127.6884332,-3.280273897974417,0.3048986682007318
1785124127.6929817,-3.282013729459173,0.3053907811979599
1785124127.6975286,-3.283797524031338,0.3058930221453121
1785124127.7030344,-3.2856307336952586,0.30640830259829727
1785124127.7090116,-3.287411753745192,0.3069067562271936
1785124127.7151399,-3.2891919168314154,0.30740381302961356
1785124127.7160408,-3.2910088135079545,0.3079087954021989
1785124127.7231998,-3.292752517836096,0.30839300428409
1785124127.726618,-3.294707369483467,0.30893409783294046
1785124127.732752,-3.2965395681048277,0.309440110736754
1785124127.737189,-3.2984158991930603,0.3099568059669428
1785124127.7423456,-3.3003305839123165,0.3104821682208516
1785124127.747343,-3.30223410183602,0.3110052883352061
1785124127.7518969,-3.3041519133940045,0.3115303087568095
1785124127.7570276,-3.3060487293466045,0.31204881335997914
1785124127.7617452,-3.3079667238584145,0.31257237839512453
1785124127.766669,-3.309903042401735,0.31310092614621954
1785124127.7729437,-3.3118474204068566,0.3136299295960074
1785124127.777692,-3.313746670421138,0.3141459712356598
1785124127.7828448,-3.3155836962363576,0.3146442454354473
1785124127.7869625,-3.3174570328912925,0.3151508063145134
1785124127.7916822,-3.319440458285897,0.31568550620473174
1785124127.796972,-3.321362107574082,0.3162021806769437
1785124127.8017733,-3.3232816623244466,0.31671757167219455
1785124127.8070798,-3.3251452045960646,0.31721509485519145
1785124127.815721,-3.327116277563967,0.3177389759156383
1785124127.817278,-3.329024305112047,0.3182460932967522
1785124127.8267546,-3.3309606615059084,0.318758376417471
1785124127.8292272,-3.3328497298861084,0.31925750728876934
1785124127.832574,-3.334811695054917,0.3197757139456976
1785124127.8376594,-3.3368056211951536,0.32030192016505765
1785124127.8432322,-3.338718657426134,0.3208057828205944
1785124127.847239,-3.340696497541444,0.3213247942178187
1785124127.8525546,-3.3425932662833993,0.3218207902230009
1785124127.858417,-3.344528963613802,0.32232402606111105
1785124127.8616846,-3.3464737229642116,0.32282866506024965
1785124127.8667252,-3.3483096355407653,0.3233032227025567
1785124127.8737378,-3.3502343783270425,0.32380020442470087
1785124127.876699,-3.3521903579392682,0.32430306031824835
1785124127.8817847,-3.354114268537768,0.32479604999998735
1785124127.8875947,-3.3560100237132127,0.32527871507592715
1785124127.8924453,-3.3579441606160594,0.3257688952367235
1785124127.8980987,-3.359899077470623,0.3262621873459162
1785124127.9019809,-3.3618217540137065,0.32674746371446745
1785124127.907461,-3.363768527148659,0.3272364377824737
1785124127.9177642,-3.3656629919832253,0.3277099021232056
1785124127.9196575,-3.3676187743493484,0.32819759363133877
1785124127.924866,-3.3696096470288235,0.32869250004034456
1785124127.9266415,-3.3715583565283116,0.3291734753777279
1785124127.9315531,-3.3735440514771455,0.3296618050738358
1785124127.9387975,-3.3754587206139797,0.3301318951336227
1785124127.9417295,-3.377374675758345,0.3306017682443159
1785124127.9476597,-3.3793000561351376,0.3310721202921638
1785124127.951864,-3.381167544875932,0.33152564800687867
1785124127.9576945,-3.3830747728392514,0.33198789519425137
1785124127.962026,-3.385029286547879,0.33245907873482156
1785124127.967226,-3.386978781417744,0.3329268255335618
1785124127.9737716,-3.3888335179940943,0.3333696541787255
1785124127.9776375,-3.3907692047066504,0.3338295063413579
1785124127.981949,-3.392661476478496,0.33427672147909165
1785124127.9884841,-3.3946033937337163,0.3347334222636221
1785124127.9918709,-3.396493892912953,0.33517511826387725
1785124127.9974196,-3.39846284870686,0.3356327848993796
1785124128.0031035,-3.400445096072684,0.3360909069248008
1785124128.009018,-3.4024280923958807,0.33654582135028527
1785124128.0196147,-3.404355013779474,0.33698588578430944
1785124128.0241697,-3.4063061805076424,0.3374276599021461
1785124128.0263982,-3.408227278626617,0.33785996175050226
1785124128.0293002,-3.410180513165626,0.33829952856571194
1785124128.031694,-3.412059230534275,0.33872100722178683
1785124128.0382802,-3.413904247605399,0.33913302596951944
1785124128.0422986,-3.4156425620927386,0.33951894037762265
1785124128.048519,-3.4174117540527393,0.3399091279657342
1785124128.0528386,-3.4192349870100442,0.34030824033055773
1785124128.0577292,-3.4209895728594453,0.3406897842337992
1785124128.0619917,-3.4227986175660043,0.3410825209404255
1785124128.0665977,-3.424544261283228,0.34145915706117347
1785124128.072904,-3.4262615970462984,0.3418287238496059
1785124128.077482,-3.4280653066761415,0.3422164939283311
1785124128.0826287,-3.4298108297948944,0.3425899269598209
1785124128.0892437,-3.431506307895684,0.3429496358486806
1785124128.0915663,-3.4332578413291146,0.3433200969505025
1785124128.0970917,-3.4350611738539296,0.34370025225135237
1785124128.1024866,-3.4368967573111244,0.3440865046243694
1785124128.1067483,-3.438721068949235,0.3444687408127714
1785124128.1150274,-3.4404426664840537,0.34482706188939
1785124128.1171234,-3.442233173876328,0.3451974817916592
1785124128.1236732,-3.4440020889283516,0.3455610253340003
1785124128.1296422,-3.4458677670064013,0.3459421813552538
1785124128.1344044,-3.447797605356074,0.34633610019646843
1785124128.1377523,-3.449652133706756,0.3467129843262899
1785124128.1416776,-3.4516778523529648,0.34712226741601526
1785124128.1462388,-3.453633478753086,0.3475148172272372
1785124128.151282,-3.4557079149815526,0.34792738057310435
1785124128.1572034,-3.45768482928027,0.34831907113761745
1785124128.1617785,-3.4597255634360584,0.3487207103222276
1785124128.1670904,-3.4617459364840606,0.34911704774576074
1785124128.1734526,-3.4636821459109424,0.34949641071225096
1785124128.1769724,-3.465636758593857,0.3498765556308446
1785124128.1826181,-3.4676028363823046,0.3502585751277776
1785124128.1869557,-3.4696056510038398,0.35064559555594316
1785124128.1920638,-3.4715319084158907,0.3510153175272045
1785124128.2002544,-3.47348755952252,0.351388623938339
1785124128.2039993,-3.475383930283268,0.35174875327781513
1785124128.208165,-3.4773576387601275,0.35212161386889096
1785124128.2147255,-3.479253473920496,0.35247738649955673
1785124128.2169693,-3.4812372665232862,0.35284819345119073
1785124128.2235613,-3.483262997221418,0.3532261950710723
1785124128.2274613,-3.4852429648336685,0.3535954584581926
1785124128.2316124,-3.4870980765034187,0.35393955165713564
1785124128.2386363,-3.488880515573643,0.3542689429737496
1785124128.2417326,-3.4907399917569943,0.3546119379247331
1785124128.2470074,-3.4925777939992835,0.35494971150313964
1785124128.2513351,-3.4943734515142366,0.35527873882935157
1785124128.2567217,-3.4962348203314018,0.35561767116218035
1785124128.2623017,-3.4980518833806378,0.35594590163426243
1785124128.2661922,-3.49985186071404,0.3562694831376086
1785124128.2728188,-3.501631748383996,0.3565880533822447
1785124128.276664,-3.5034596621413843,0.35691521103302765
1785124128.2818825,-3.505210156308449,0.35722717492701384
1785124128.2867303,-3.5069949257826876,0.3575429271802237
1785124128.2928905,-3.5087847866311774,0.35785827417752336
1785124128.298407,-3.5106042158423856,0.35817740710716706
1785124128.302335,-3.5124113123850083,0.3584915146542877
1785124128.3078022,-3.5141829512097984,0.3587974412554805
1785124128.3162048,-3.516033359799576,0.35911375426276526
1785124128.3185492,-3.5177839372790567,0.3594113154554614
1785124128.3231447,-3.519552775775995,0.35971172363294607
1785124128.3264482,-3.521344668167381,0.3600152523134902
1785124128.331618,-3.5230552307760736,0.360303194612032
1785124128.3390465,-3.524929185844792,0.36061751475586684
1785124128.3418937,-3.5267621689833666,0.3609205141704683
1785124128.3472292,-3.5285135831514083,0.3612078875063726
1785124128.3521662,-3.530308063028139,0.3614995172301196
1785124128.3569107,-3.532011784909759,0.3617731687132705
1785124128.3627293,-3.533772387211472,0.3620557787940838
1785124128.3677309,-3.5355243816359665,0.3623357203516036
1785124128.3758354,-3.537327603631834,0.36262301160916166
1785124128.378235,-3.5390847017847946,0.3629024567274884
1785124128.3834045,-3.5409507523887314,0.36319671974395495
1785124128.389701,-3.5429196888300547,0.36350592679800625
1785124128.3933945,-3.5448786661833944,0.36381272665327347
1785124128.3969667,-3.5467892899075824,0.3641097791941951
1785124128.4027843,-3.548771125059234,0.36441623517682764
1785124128.4089592,-3.5507893232930545,0.3647264008246413
1785124128.4198594,-3.5527097400388583,0.36501687211492634
1785124128.4240928,-3.554710820631484,0.36531751413768954
1785124128.4265654,-3.5566574405802145,0.36560863488204115
1785124128.432185,-3.5586987648928656,0.36591427772650514
1785124128.4385905,-3.5606885556786425,0.3662095899562713
1785124128.4427295,-3.5626358966375804,0.36649642246572967
1785124128.4477658,-3.564553075153273,0.36677777476222584
1785124128.4551682,-3.566595533266962,0.3670742477952844
1785124128.4569635,-3.568590785333844,0.3673625825348465
1785124128.462638,-3.5705755394896705,0.3676496667229996
1785124128.467365,-3.572513042331906,0.36792915367556767
1785124128.4735963,-3.5744053754406706,0.36820158806177666
1785124128.476911,-3.576434943860129,0.3684927718907975
1785124128.4820766,-3.578425120742243,0.3687788415421775
1785124128.4888165,-3.5804191218088324,0.36906458411799986
1785124128.4946048,-3.5824436525276315,0.36935276186693383
1785124128.496391,-3.5844253144789713,0.3696339184646607
1785124128.5039325,-3.5864735010763673,0.3699233898720153
1785124128.5071611,-3.5885263652833337,0.3702127120959915
1785124128.5124009,-3.5904728328534725,0.3704870932390674
1785124128.5231087,-3.5923851900165613,0.3707549968266491
1785124128.5274682,-3.594328222897116,0.37102539161687326
1785124128.5325556,-3.596262004714241,0.37129270203750087
1785124128.5375998,-3.598232731728523,0.3715637422154502
1785124128.5420887,-3.600122558194171,0.3718218214540004
1785124128.547146,-3.6020976981013826,0.37208998036928126
1785124128.552822,-3.6040627554751157,0.3723553950560967
1785124128.558658,-3.6060270022465435,0.3726193300464862
1785124128.5627255,-3.607994334760069,0.37288179135997196
1785124128.5672004,-3.609932620021002,0.37313810395875774
1785124128.5740943,-3.6119376404317753,0.373401021792685
1785124128.5778182,-3.6138167335610216,0.37364462294785583
1785124128.5817604,-3.6156428164814245,0.3738789250029816
1785124128.5882473,-3.6175001573833314,0.3741145776191415
1785124128.5932615,-3.6193261832954073,0.37434507265237527
1785124128.599583,-3.621189322190252,0.37457884050124723
1785124128.60486,-3.623010334701355,0.37480690438110187
1785124128.6090713,-3.6248306595379844,0.3750340720880759
1785124128.6121893,-3.6266291802216943,0.3752569471103911
1785124128.6188495,-3.6284394789933394,0.3754790768171915
1785124128.631198,-3.6303315511121803,0.3757103223766606
1785124128.634353,-3.632158840057933,0.37593244118145436
1785124128.6371217,-3.634021142610442,0.3761566632062886
1785124128.6414158,-3.635758995447398,0.37636419757400796
1785124128.646668,-3.637525676225565,0.376573997859233
1785124128.6530943,-3.6392979552586975,0.3767840438383464
1785124128.6573741,-3.6411390591611927,0.377001164086396
1785124128.661678,-3.642976492875277,0.3772145154557634
1785124128.667189,-3.644776291511995,0.3774218797152369
1785124128.6734407,-3.646583277146228,0.3776289500689111
1785124128.676747,-3.648408379057534,0.377836537577521
1785124128.6815386,-3.6503281610938427,0.3780525574139886
1785124128.6893349,-3.652269670308938,0.3782690617737694
1785124128.6922042,-3.6542465369788344,0.37848852595096494
1785124128.6984136,-3.6562247514534865,0.3787072221579133
1785124128.7019293,-3.6581927333658464,0.3789234416991966
1785124128.7076144,-3.6601329717025464,0.37913462039638696
1785124128.7126083,-3.662088351752564,0.3793453399793936
1785124128.7183347,-3.664078184220625,0.37955816819516197
1785124128.7240598,-3.6660351247981207,0.3797660165924472
1785124128.7373657,-3.6680162402798677,0.3799742191220517
1785124128.7421129,-3.6699645584011056,0.38017846831832924
1785124128.7451108,-3.6719416273652326,0.38038518458627374
1785124128.7480452,-3.6739354051341557,0.38059072513272457
1785124128.7528698,-3.67589374278715,0.38079067802020283
1785124128.7577186,-3.6778956863051038,0.3809946878777124
1785124128.7624695,-3.6797979765941085,0.38118902245193326
1785124128.7675016,-3.6817796360576573,0.38138979778718546
1785124128.7753036,-3.6837398335759683,0.381586566912706
1785124128.777788,-3.685716432170369,0.38178442063529044
1785124128.7819266,-3.687624324701412,0.3819750762786915
1785124128.790406,-3.68958551102108,0.38216975191297137
1785124128.7947648,-3.6915477903953042,0.38236297180722467
1785124128.798225,-3.6936016388191186,0.38256235226179347
1785124128.803309,-3.695589600762834,0.3827552573709231
1785124128.8081741,-3.6974578702422565,0.38293484478677875
1785124128.8123863,-3.6994374976802993,0.3831244816013811
1785124128.8185956,-3.7013849653158895,0.38330870802647676
1785124128.8238857,-3.7034067051913584,0.3834986574038914
1785124128.8287983,-3.7053375606312167,0.3836785322306225
1785124128.8416605,-3.707315504134915,0.3838614137255082
1785124128.8441222,-3.7093207493272686,0.38404549527248943
1785124128.8470907,-3.7112903970036455,0.3842230504323111
1785124128.854093,-3.713315584358507,0.3844066347225957
1785124128.856977,-3.715291083125846,0.3845842079245637
1785124128.8631816,-3.7172873257806223,0.38476137930541426
1785124128.867491,-3.719164439469886,0.3849269918675193
1785124128.8734286,-3.7210626112109364,0.3850934525809471
1785124128.8775659,-3.723118893295592,0.38527315710260407
1785124128.881875,-3.725117031039079,0.3854457480349824
1785124128.8873475,-3.727090692353004,0.3856147136712797
1785124128.893521,-3.729047498860093,0.3857810443039158
1785124128.8978603,-3.731070883637026,0.3859504250759074
1785124128.902799,-3.7330547767470175,0.3861129671512808
1785124128.9087987,-3.735020655952598,0.3862731060750057
1785124128.91196,-3.737055624857467,0.3864361799106579
1785124128.9173772,-3.7390230610124835,0.3865911946559538
1785124128.924348,-3.741025575704835,0.38674713157877166
1785124128.9274595,-3.7429982009650393,0.386898189000191
1785124128.9319692,-3.7450576945038296,0.3870526853045013
1785124128.9425159,-3.7470889934251357,0.38720251798254535
1785124128.9464803,-3.7490272041359893,0.3873433937063071
1785124128.9524672,-3.7510094320420726,0.3874847644126543
1785124128.9584432,-3.753030756419039,0.3876251124734134
1785124128.9622302,-3.755034259684016,0.38776119855685176
1785124128.9679644,-3.7570135421952915,0.3878941226431531
1785124128.974199,-3.759034637999124,0.38802841526333465
1785124128.9789631,-3.761014229174718,0.38815793859158176
1785124128.9822779,-3.76296581205436,0.38828456644672465
1785124128.9882143,-3.7649703870470557,0.3884118254062716
1785124128.9929671,-3.7669803510235456,0.38853729961156913
1785124128.999082,-3.7689739338364574,0.3886601088364177
1785124129.0037203,-3.7709863219680018,0.3887825951659175
1785124129.0070117,-3.772970484323244,0.3889015958351819
1785124129.0126622,-3.7749757500926937,0.3890198203375218
1785124129.0187225,-3.77696227295268,0.3891328679866971
1785124129.0238419,-3.778944594337198,0.3892443757323355
1785124129.0271373,-3.7809105183605674,0.3893512846361461
1785124129.0317261,-3.7828870258782037,0.3894563494212854
1785124129.0399551,-3.784834753850903,0.38955734562502636
1785124129.0460944,-3.786808929698758,0.3896572208938234
1785124129.0489762,-3.7887783116655243,0.3897534762325197
1785124129.0513995,-3.79077650696692,0.389848644160774
1785124129.0580292,-3.792751151516192,0.3899417041436849
1785124129.0619478,-3.79472440149412,0.39003235733359104
1785124129.066974,-3.796672872626476,0.3901205520160617
1785124129.0734167,-3.798608824194858,0.3902064340343156
1785124129.0778089,-3.800597629878559,0.39029498439113836
1785124129.0817654,-3.8025870561578805,0.39038106539734435
1785124129.0889616,-3.8045583968890986,0.39046513153205525
1785124129.0927172,-3.806496480742109,0.3905450018548373
1785124129.0981717,-3.8084440839160365,0.3906225814419418
1785124129.1049283,-3.8104176582679474,0.3906988900031509
1785124129.1087468,-3.812426106846852,0.3907761312470725
1785124129.112372,-3.814437590143006,0.39085327172855716
1785124129.1174123,-3.8163506967510257,0.3909253767102186
1785124129.1235147,-3.8183486481551503,0.391000609953578
1785124129.1268241,-3.82035590494812,0.3910753352524263
1785124129.1316311,-3.8222846913195454,0.3911468998112822
1785124129.138304,-3.824276292047283,0.3912173367211248
1785124129.1505444,-3.8262493274106433,0.39128407472515475
1785124129.153639,-3.8282876584698164,0.3913527458740777
1785124129.1569076,-3.8303251510173744,0.3914194119798907
1785124129.1614127,-3.832334259903414,0.39148400441745584
1785124129.1668777,-3.8343908887674143,0.39154958298597137
1785124129.1737294,-3.8363129475762037,0.3916099243070437
1785124129.1764855,-3.8382444499865245,0.3916702482048807
1785124129.1822855,-3.840147764522957,0.39172956130043624
1785124129.1875718,-3.8419426596319717,0.3917849446837241
1785124129.1933794,-3.843736747524003,0.3918376058998377
1785124129.198186,-3.8455391975237294,0.3918881077868749
1785124129.2030466,-3.847355561715516,0.391936969928508
1785124129.2072017,-3.849184976295507,0.39198721201257747
1785124129.2115636,-3.8509818918695706,0.3920353757859229
1785124129.2166817,-3.8527069527516082,0.3920805571431376
1785124129.2235198,-3.8545459914701543,0.39212772735125073
1785124129.2270477,-3.8564044352424016,0.39217352112496096
1785124129.231772,-3.8583507833285733,0.39222215967888346
1785124129.2396774,-3.86034027132134,0.39226923738714264
1785124129.2440588,-3.8623050941093315,0.39231317011117206
1785124129.253756,-3.864336684551887,0.3923577369847418
1785124129.2594898,-3.866291551650228,0.39239926728354213
1785124129.2631526,-3.8682739549111917,0.3924400966673609
1785124129.266914,-3.8702453474193668,0.39248008703860476
1785124129.2733328,-3.872210085909716,0.39251780304920714
1785124129.277421,-3.8742574911489593,0.3925548787891301
1785124129.281411,-3.876213807869586,0.39258977332072925
1785124129.2882638,-3.8781398791155985,0.39262129085222114
1785124129.2920601,-3.880109237896929,0.3926515734538987
1785124129.297416,-3.8820802493065414,0.3926798049915001
1785124129.3028321,-3.8840712647704003,0.3927056973806544
1785124129.3085253,-3.8860805106223544,0.39273052663768077
1785124129.3128986,-3.8880154269023954,0.392753434143608
1785124129.3187096,-3.890058295779137,0.3927758061808856
1785124129.32274,-3.892037463289205,0.3927950526919678
1785124129.3269603,-3.894061391123094,0.39281307807248894
1785124129.333069,-3.8960736009594954,0.39282849897214395
1785124129.3377998,-3.89802718117516,0.39284110380712534
1785124129.3431091,-3.8999829014694325,0.39284914358201256
1785124129.347599,-3.9020036505989184,0.3928548083888707
1785124129.3592048,-3.9040182951606477,0.39285849425050506
1785124129.362101,-3.9059943428458257,0.39285894058970255
1785124129.3669791,-3.908043040651466,0.39285619874898886
1785124129.3760147,-3.91001062569626,0.3928509965119535
1785124129.377648,-3.912064008947488,0.39284273895948124
1785124129.3819628,-3.914104884489412,0.39283158056805423
1785124129.3886292,-3.916041878939343,0.39281675655157616
1785124129.3926692,-3.9181241844442143,0.39279843391109015
1785124129.3969085,-3.9200687691188345,0.3927792979195102
1785124129.4030101,-3.922031685458832,0.39275715491691854
1785124129.4081812,-3.924031074475081,0.392733350854974
1785124129.4122128,-3.9260205346919763,0.3927063924189753
1785124129.417039,-3.9280254717592067,0.39267658972040465
1785124129.4234388,-3.92996609073981,0.39264415060235114
1785124129.428744,-3.9319537810699265,0.3926079220468218
1785124129.4329176,-3.9340182564951314,0.3925680309710903
1785124129.4390893,-3.936057606862001,0.39252548794898334
1785124129.4417913,-3.9380998283968025,0.3924785134169386
1785124129.4472134,-3.940057186942451,0.3924307034357863
1785124129.453027,-3.942090872226137,0.39238011104811354
1785124129.463457,-3.94412116152179,0.3923259019311478
1785124129.465355,-3.946094028563549,0.3922713140956474
1785124129.471001,-3.9480057886551245,0.3922158170230544
1785124129.4757447,-3.94992655492247,0.3921579834550408
1785124129.479274,-3.951955326744049,0.39209514755313374
1785124129.4828188,-3.9539574935351114,0.39202854868873993
1785124129.488012,-3.9559790825565266,0.3919573171248675
1785124129.492414,-3.9580162198024404,0.3918809716760092
1785124129.4980798,-3.960057561673654,0.39179866794288265
1785124129.5026035,-3.9621255183908275,0.3917128492902866
1785124129.5077686,-3.9640965552657503,0.3916280401939073
1785124129.5129335,-3.9661271530435336,0.39153855837721463
1785124129.5175164,-3.9681362114457297,0.39144779395574886
1785124129.5265112,-3.9701200237124157,0.3913563549049674
1785124129.5279136,-3.9721658463554204,0.3912590975830526
1785124129.5326076,-3.9741677020752606,0.39116217587232105
1785124129.53848,-3.976280274310572,0.3910582069910855
1785124129.5422094,-3.978348408119806,0.3909548771144429
1785124129.5471716,-3.9803918784965147,0.3908492866013909
1785124129.5535862,-3.982432236083943,0.39074059355428337
1785124129.5652027,-3.984483602686734,0.390629617431204
1785124129.5681698,-3.9865695592577324,0.3905139995365433
1785124129.5740836,-3.9886252487413207,0.39039676161924786
1785124129.576644,-3.9907700553601697,0.3902690197281319
1785124129.581634,-3.992942740751476,0.3901356205448443
1785124129.5871508,-3.9950091953337257,0.39000418216087873
1785124129.592312,-3.9971422622609234,0.3898642293929904
1785124129.5982997,-3.9992775842837016,0.38972213161299807
1785124129.6033235,-4.001371300824765,0.38957798191341403
1785124129.6083632,-4.003498668137063,0.38942796458943485
1785124129.613303,-4.005643527551894,0.3892727731615273
1785124129.6168993,-4.007869456786748,0.38910827861427816
1785124129.6234882,-4.009977295713878,0.3889497241258319
1785124129.6288598,-4.012041790850061,0.38878966655421854
1785124129.6319797,-4.014222937174671,0.3886181242628199
1785124129.6384268,-4.0163654721295945,0.3884471913133549
1785124129.6423903,-4.018481836693752,0.3882753595041615
1785124129.646917,-4.020585536702403,0.3881004471247951
1785124129.6529074,-4.02274357633971,0.3879186891706852
1785124129.659613,-4.024840236152018,0.3877369259857413
1785124129.67067,-4.026905719616554,0.3875540437293304
1785124129.675806,-4.028978144176599,0.387365288871135
1785124129.6784432,-4.030992836487586,0.38718141451176324
1785124129.6821647,-4.03307463984755,0.3869899165925157
1785124129.6878278,-4.035190045146836,0.3867919588420577
1785124129.6929195,-4.0373387780689045,0.38658870568896647
1785124129.6967647,-4.039392543230657,0.3863923227876504
1785124129.702689,-4.041532483664728,0.38618548205730363
1785124129.7081535,-4.043663484489108,0.38597608862058574
1785124129.7124586,-4.045687571096354,0.38577550016546414
1785124129.7181401,-4.047774160926679,0.38556828503574725
1785124129.7247508,-4.049902936358656,0.3853556535857317
1785124129.7281737,-4.051920038600794,0.38515383505166667
1785124129.7320814,-4.053950805940059,0.3849487920610913
1785124129.7377589,-4.056021074591712,0.3847401624488189
1785124129.7424273,-4.058063518074299,0.3845339326246481
1785124129.7472022,-4.0600459691968265,0.3843336733553471
1785124129.752188,-4.062047494383622,0.3841305257284357
1785124129.757914,-4.064071567847251,0.38392515697851043
1785124129.7629018,-4.066085820051473,0.38372044782365944
1785124129.777081,-4.068108590891612,0.3835131990553907
1785124129.77984,-4.070131694995686,0.3833070092094633
1785124129.7829134,-4.072155106968619,0.3831006969083302
1785124129.78978,-4.074192932825293,0.3828922556519167
1785124129.792605,-4.076127723549187,0.38269610806398624
1785124129.796582,-4.0780757544083075,0.38249709513152275
1785124129.8019524,-4.0800329421703125,0.38229637101125774
1785124129.8083975,-4.08210254357957,0.38208341041929683
1785124129.8120008,-4.084122757813516,0.3818721901840465
1785124129.8173256,-4.086107154266004,0.3816635309449838
1785124129.8228884,-4.088033200756522,0.3814573501697637
1785124129.8271985,-4.090073188481417,0.38123569226414233
1785124129.8314734,-4.092078509367391,0.38101413357726155
1785124129.836958,-4.094006068145671,0.38079935461111014
1785124129.8416708,-4.095950826849231,0.3805803220591421
1785124129.8460948,-4.097989894479422,0.3803463267268476
1785124129.8522422,-4.099966132963966,0.3801140960310315
1785124129.8572075,-4.10189342192287,0.3798831314638205
1785124129.861926,-4.1038464774757175,0.3796443995478387
1785124129.8666706,-4.105807430592467,0.3793979328575959
1785124129.875712,-4.107716562476343,0.3791526838101796
1785124129.8784192,-4.1095477123135185,0.37891305344255616
1785124129.8816457,-4.111380606928372,0.37866791729965815
1785124129.8863118,-4.113212206853565,0.37841510124145167
1785124129.8916652,-4.1149627002167675,0.3781674658182814
1785124129.8962383,-4.116780920959202,0.37790346056968044
1785124129.901542,-4.118550946656335,0.3776409799445767
1785124129.906713,-4.120327232401888,0.3773716742906793
1785124129.9112716,-4.122077076209329,0.37709992716578505
1785124129.9168906,-4.123772284210216,0.37683045381017244
1785124129.9228907,-4.125526903063787,0.37654701420527087
1785124129.9270935,-4.127369980348679,0.3762434740424955
1785124129.9319372,-4.129278180536926,0.3759222401005756
1785124129.9386733,-4.13117113657176,0.3755973348113634
1785124129.9422643,-4.133107146066735,0.375257910511154
1785124129.9471302,-4.13508868157541,0.3749025944148431
1785124129.951874,-4.1371341302268485,0.3745289614603426
1785124129.959427,-4.138984933791968,0.374184529502028
1785124129.9620042,-4.140963507656132,0.3738104994058802
1785124129.966745,-4.142862287017004,0.37344610545263085
1785124129.980178,-4.144809460983136,0.3730681796314799
1785124129.9837053,-4.14675953463834,0.37268484053991385
1785124129.988537,-4.148660949922813,0.3723070314283325
1785124129.992631,-4.150672732663751,0.3719032046281711
1785124129.997168,-4.152576617194361,0.3715177173247518
1785124130.0026178,-4.154600405773909,0.37110183017611237
1785124130.007923,-4.156618309405738,0.3706821668661096
1785124130.0124567,-4.158560895128921,0.37027411304569996
1785124130.0180888,-4.160467166559104,0.3698724063077852
1785124130.0228496,-4.162438203231964,0.36945426747433974
1785124130.0291374,-4.164374284330283,0.3690412437044383
1785124130.0320523,-4.166316881540535,0.3686247649088381
1785124130.0390193,-4.1682625388935035,0.36820526796514363
1785124130.0428925,-4.1701993688803904,0.36778444745185196
1785124130.0473871,-4.172140589932972,0.3673592820034381
1785124130.0518956,-4.17411813284304,0.3669235099487432
1785124130.0573468,-4.176056998650228,0.3664954174183645
1785124130.0623052,-4.177995550231308,0.3660655120107386
1785124130.066351,-4.179968405710705,0.36562864401323075
1785124130.0726771,-4.181901759927912,0.36520067312070703
1785124130.0805495,-4.183846718744068,0.36477016822194885
1785124130.0821614,-4.185699660389152,0.36436022769010673
1785124130.086925,-4.187587920456974,0.36394243530466347
1785124130.09164,-4.189383474590506,0.3635466988626968
1785124130.0965438,-4.191149644344132,0.36315900721670175
1785124130.101828,-4.192935771321677,0.36276786383813536
1785124130.1073973,-4.194676177925137,0.3623887973345378
1785124130.1130211,-4.196477246979433,0.36199620340052685
1785124130.1171103,-4.198210494000231,0.3616193630615866
1785124130.1238992,-4.199955293984361,0.3612419947576997
1785124130.1281116,-4.201724800524018,0.3608597956905329
1785124130.13183,-4.2034835610008585,0.360481511388031
1785124130.1384714,-4.205209636876236,0.3601111456716813
1785124130.1423123,-4.206930864585363,0.3597424886102229
1785124130.1478353,-4.208793814761001,0.3593435970347204
1785124130.15221,-4.210542599298576,0.3589695787720781
1785124130.1579368,-4.21231483229091,0.3585909590024182
1785124130.1621287,-4.214072713503243,0.35821689608841667
1785124130.1667862,-4.215860171160848,0.3578388451351834
1785124130.1749165,-4.217658427808912,0.35745966238822807
1785124130.1828675,-4.219390413176345,0.3570948411893913
1785124130.1892447,-4.221296616001388,0.3566952309801133
1785124130.1931226,-4.223175698374937,0.3563024394758213
1785124130.1976502,-4.225067926401404,0.35590621322977395
1785124130.2023253,-4.226926929466916,0.3555171950234455
1785124130.2072904,-4.228844837652257,0.3551163093520243
1785124130.2122,-4.230785235063074,0.3547119823842933
1785124130.2170901,-4.232640235548826,0.3543279959052012
1785124130.223092,-4.2345667619023235,0.3539287120177511
1785124130.226724,-4.236478081250549,0.3535324142669556
1785124130.233067,-4.238412035496289,0.3531316628209413
1785124130.237785,-4.240272672631353,0.3527457469218008
1785124130.2434678,-4.24216198704197,0.35235411179490755
1785124130.2481549,-4.244057088694331,0.3519617675357075
1785124130.253441,-4.245911559695225,0.3515778003752167
1785124130.260075,-4.247934052587785,0.3511578203579511
1785124130.2634103,-4.249873082332,0.3507531952304067
1785124130.2685475,-4.251719575766244,0.35036793408921624
1785124130.2744014,-4.253691804525243,0.34995454606499116
1785124130.2773614,-4.255695492569146,0.34953440217272796
1785124130.2853456,-4.257654606928623,0.34912003782696516
1785124130.2894847,-4.25957056832855,0.3487131351916447
1785124130.2917113,-4.26150453543792,0.3483012196271844
1785124130.297561,-4.263363266474443,0.34790447698920607
1785124130.3023033,-4.265306494256653,0.34748741452246734
1785124130.3068259,-4.2671879161706645,0.3470821275280509
1785124130.31125,-4.269166954170998,0.34665366836772216
1785124130.3160384,-4.271112205441724,0.3462286307554407
1785124130.3227289,-4.273006734911363,0.3458130333384839
1785124130.326657,-4.274980253682136,0.3453758456356088
1785124130.3315012,-4.276964183726995,0.3449360014815523
1785124130.336926,-4.278957466496558,0.34449041941624065
1785124130.341179,-4.280909211860411,0.3440511604140968
1785124130.3459325,-4.2829294965444085,0.3435937441486595
1785124130.3523958,-4.284769224540456,0.34317502136367234
1785124130.357451,-4.286666769977117,0.3427393319736498
1785124130.361992,-4.288675077590574,0.34227466305964555
1785124130.3670619,-4.29059427828845,0.34182807778799396
1785124130.3731375,-4.292539452333659,0.3413744999696181
1785124130.3774722,-4.294456573220416,0.3409262254991391
1785124130.386836,-4.296376951544907,0.34047464455964377
1785124130.3915482,-4.298385374440042,0.3399994303507064
1785124130.3951852,-4.300365702845214,0.33952801934720905
1785124130.3972943,-4.302419402802521,0.3390348577156792
1785124130.4025645,-4.304396128465728,0.3385576839134959
1785124130.4077613,-4.306378979496491,0.3380769381903619
1785124130.4114547,-4.308398147788622,0.3375853333329755
1785124130.4169102,-4.31042509241551,0.33708987720616257
1785124130.4235525,-4.3124694856052175,0.3365877357715374
1785124130.4267354,-4.314377434571845,0.33611531575872444
1785124130.4317017,-4.316258582850222,0.33564732839423755
1785124130.4375365,-4.318082101828338,0.3351904195668758
1785124130.4421089,-4.3200010585151425,0.3347069998752444
1785124130.4463942,-4.321786322927355,0.3342540168423899
1785124130.4513896,-4.323601183528157,0.3337907568780876
1785124130.458273,-4.3253362434829565,0.33334555324933746
1785124130.4630702,-4.32711005742133,0.33288705686986764
1785124130.467242,-4.328903083240132,0.33242059952102776
1785124130.4757028,-4.330634727432686,0.3319657725775573
1785124130.4792447,-4.332535590391574,0.33146380928311425
1785124130.4861236,-4.334455597365608,0.33095461119747194
1785124130.490209,-4.336395932946901,0.3304370194656087
1785124130.492221,-4.338349940775719,0.3299116320673656
1785124130.496755,-4.3403505941951215,0.3293706131831352
1785124130.5017118,-4.342321520897129,0.3288345898069742
1785124130.5071757,-4.344237424605476,0.32831083951995976
1785124130.5111527,-4.346270964229639,0.3277510980206098
1785124130.5163722,-4.3482132778517695,0.3272139167767222
1785124130.522677,-4.350163234092819,0.3266729065234937
1785124130.5268884,-4.352077187897643,0.3261388114944059
1785124130.5324478,-4.353930347959383,0.32562030383890606
1785124130.5372748,-4.355905348269459,0.32506346811052705
1785124130.5419226,-4.357891202752718,0.32450152330408905
1785124130.5464182,-4.359816857804925,0.3239552263072358
1785124130.5518477,-4.361763458652946,0.3234011858936073
1785124130.5576534,-4.363674252258052,0.3228540619987045
1785124130.5615091,-4.365605337727811,0.32229836676336526
1785124130.5666158,-4.367552705702948,0.3217354828299059
1785124130.573369,-4.369407077823704,0.3211963073324499
1785124130.5767102,-4.371342473960547,0.3206303960294442
1785124130.5843725,-4.3732697733459265,0.3200645744924101
1785124130.5867977,-4.375219010106874,0.319490215404943
1785124130.5916972,-4.377178038427042,0.31891003097231957
1785124130.596086,-4.379123458686732,0.31833079496249167
1785124130.6012163,-4.3811234041635485,0.31773343228997397
1785124130.6076176,-4.383078736315829,0.3171463528117909
1785124130.612308,-4.384950888156886,0.3165818988815503
1785124130.6164045,-4.386888897667507,0.3159932613318103
1785124130.6224585,-4.38880322011556,0.3154092312445236
1785124130.6263783,-4.390670506200093,0.31483685801672495
1785124130.6319504,-4.392490475010271,0.314274592580776
1785124130.6374266,-4.394303901888094,0.31371189620412626
1785124130.6415222,-4.396041877982004,0.3131694377702026
1785124130.646107,-4.397841962648634,0.31260612199928167
1785124130.6510804,-4.399657298146434,0.3120360714116257
1785124130.6570127,-4.401403298200437,0.31148650361735164
1785124130.6621711,-4.403091236597815,0.31095421126764544
1785124130.6667366,-4.404828676257584,0.31040431266808916
1785124130.672479,-4.406566132333493,0.3098527062303661
1785124130.676811,-4.408447056769202,0.3092532876031572
1785124130.6818726,-4.410323630308309,0.30865313953181267
1785124130.688125,-4.4122115494991325,0.3080466932391166
1785124130.691788,-4.414127708458278,0.3074276396910736
1785124130.69674,-4.416003877938461,0.30681877583926626
1785124130.7016647,-4.417919609794522,0.30619601614137737
1785124130.708018,-4.4197909093184435,0.30558475269944696
1785124130.7118542,-4.421739065807244,0.3049448596903977
1785124130.7171295,-4.4236515836408055,0.3043139274483821
1785124130.7237399,-4.425627807220933,0.30366087324911056
1785124130.7296586,-4.427558874039601,0.3030189688937094
1785124130.7324917,-4.42954592154567,0.30235459499537515
1785124130.7408383,-4.4315171488311105,0.30169277207937434
1785124130.743376,-4.433423705537113,0.3010491720414393
1785124130.7475343,-4.43535838314664,0.3003927754552463
1785124130.751661,-4.437214408132641,0.29976187794489884
1785124130.7587361,-4.439123024180347,0.29911039529624517
1785124130.761578,-4.440965836430335,0.29847525344497655
1785124130.7663264,-4.442825840701677,0.29782972919975825
1785124130.7722466,-4.444704154370775,0.29717321613360126
1785124130.777537,-4.446586765859265,0.29651170797092413
1785124130.7828941,-4.448510895403876,0.2958301386698862
1785124130.7876403,-4.450366051175625,0.29516905861595655
1785124130.7914467,-4.452260245649023,0.2944903928030807
1785124130.7967236,-4.454091084522968,0.29383021471263576
1785124130.8016446,-4.455941128849072,0.2931605845870787
1785124130.8071897,-4.457805274251348,0.2924828532635296
1785124130.8113403,-4.4597035912522776,0.2917882469020134
1785124130.816228,-4.461622481446072,0.29108340976789504
1785124130.8227088,-4.463506029017401,0.2903881950675234
1785124130.826389,-4.465339959625745,0.28970742709267244
1785124130.8318853,-4.467185742930329,0.28902112670118363
1785124130.8388474,-4.46910707945059,0.288302986832033
1785124130.843025,-4.470970203250594,0.2876028494887846
1785124130.8473103,-4.472814473811987,0.2869069877595453
1785124130.8521726,-4.474685308485503,0.28619693962698955
1785124130.8586452,-4.476522359617893,0.28549679754255064
1785124130.8619812,-4.478394997067066,0.2847790334252637
1785124130.86666,-4.480256018891319,0.2840617155213232
1785124130.8727643,-4.48213059832859,0.2833358007185341
1785124130.8766236,-4.483908876558965,0.28264304993107947
1785124130.882955,-4.485732769907201,0.2819300548828025
1785124130.8868217,-4.487588745186744,0.28119946373172794
1785124130.8913887,-4.489469527324441,0.280455952988244
1785124130.8963387,-4.491283856961453,0.2797340211326448
1785124130.9013643,-4.493151105823928,0.27898772810988315
1785124130.9078145,-4.49504302120169,0.278227948251002
1785124130.9113398,-4.496919786670144,0.27747305751173545
1785124130.9161646,-4.4986881447264135,0.2767583072906049
1785124130.921902,-4.500549499616757,0.2760013603485812
1785124130.9266875,-4.502366881243678,0.2752593516108883
1785124130.9317937,-4.504198479173022,0.27450778623490246
1785124130.9368973,-4.50603166342725,0.27375188842636033
1785124130.9413574,-4.507865516217168,0.2729943418632549
1785124130.9462621,-4.509741901016556,0.2722164125379437
1785124130.9511507,-4.511554598651198,0.2714610395250019
1785124130.9576054,-4.513408574666968,0.27068378028492385
1785124130.9621332,-4.51520430447683,0.26992837773028333
1785124130.9665637,-4.5170298026893505,0.26915751005363275
1785124130.973079,-4.51891781007025,0.2683559426663428
1785124130.977033,-4.520744904472148,0.26757774287950165
1785124130.9856005,-4.522533843816804,0.2668127126872144
1785124130.9906106,-4.524268979074753,0.26606933596996146
1785124130.9944434,-4.526126688737311,0.2652706952423961
1785124130.9975197,-4.527971248896498,0.2644751833796768
1785124131.0022273,-4.529786259529572,0.2636901217219898
1785124131.0075614,-4.5316320742064695,0.2628910666238985
1785124131.0118198,-4.533443210786168,0.2621033135371746
1785124131.0164638,-4.535255311015681,0.26131187661746397
1785124131.0223782,-4.537075205215937,0.26051460596947656
1785124131.0263877,-4.5388113735217654,0.25975315828085316
1785124131.032659,-4.540435231990056,0.2590404573941613
1785124131.0384374,-4.542132042400489,0.25829431075188053
1785124131.0422795,-4.543748074667206,0.25758370583305384
1785124131.0467203,-4.5453965813626285,0.25685590513388307
1785124131.0512702,-4.547051307729518,0.2561243284859706
1785124131.057363,-4.548654019858783,0.2554145307892744
1785124131.0614433,-4.550350936272765,0.25466034878356103
1785124131.0660944,-4.551980311531874,0.2539345892975539
1785124131.072387,-4.55360122988764,0.25321034049594643
1785124131.0774276,-4.555268245309141,0.25246256791546307
1785124131.0841157,-4.556974384403038,0.2516949500889377
1785124131.087353,-4.558794333656773,0.25087302776905984
1785124131.0921478,-4.560568523137172,0.25006892124587443
1785124131.0967765,-4.562300501532082,0.24928051715340485
1785124131.102384,-4.564115986401869,0.24845180080653656
1785124131.107656,-4.565932950888487,0.24761936992976671
1785124131.1117537,-4.567757019789678,0.24678049907432814
1785124131.1169658,-4.569582773654977,0.24593900455587284
1785124131.123183,-4.5713499506190525,0.24512298364079815
1785124131.127342,-4.573145626679664,0.24429128030182146
1785124131.132533,-4.574946425319773,0.24345472461693277
1785124131.1386688,-4.5767423154089055,0.24261790952648685
1785124131.1428087,-4.578558748209145,0.2417683536816507
1785124131.1467338,-4.580307744733455,0.24094760869122103
1785124131.1517782,-4.582113699260837,0.24009859567875655
1785124131.157019,-4.583925155513948,0.23924561607544223
1785124131.1615233,-4.585775213299913,0.23837362717205546
1785124131.1667948,-4.587576945210921,0.23752070207998255
1785124131.1730192,-4.589402947632068,0.23665443320256782
1785124131.1766233,-4.591201714202087,0.23579844061312746
1785124131.1835294,-4.592991334679787,0.23494385862269074
1785124131.186518,-4.594836008869014,0.23405965254150898
1785124131.1921594,-4.59666512142811,0.2331786007677644
1785124131.1978033,-4.598486769740971,0.2322971060090021
1785124131.2016218,-4.600251956947843,0.23144067944989546
1785124131.2069166,-4.6019954641210585,0.23059272031599853
1785124131.2112317,-4.603729577927964,0.22974583001553864
1785124131.2164345,-4.605465561274285,0.22889403753250182
1785124131.2225394,-4.607231789300414,0.2280235589247829
1785124131.2278872,-4.608991332558577,0.2271513730035707
1785124131.2317438,-4.61081285106551,0.22624355537658958
1785124131.238598,-4.612631253127843,0.22533370532254285
1785124131.2431219,-4.614391999674151,0.2244502488080699
1785124131.246916,-4.616225585966442,0.22352490726717048
1785124131.2522826,-4.618018774381735,0.22261658216901528
1785124131.2576568,-4.619848404892722,0.22168504721482557
1785124131.261999,-4.6216130344897755,0.22078401911919626
1785124131.2676885,-4.623336571743829,0.21990171467744163
1785124131.274634,-4.625111761755432,0.21898740955296128
1785124131.2774253,-4.62694027647838,0.21804168558147136
1785124131.289109,-4.628702104528805,0.21712548859235656
1785124131.292962,-4.630510599286381,0.2161815761245423
1785124131.2977216,-4.6323260757214975,0.21523006283304322
1785124131.3029654,-4.634086557598798,0.21430336954514337
1785124131.307999,-4.635858509715987,0.21336644741221591
1785124131.3115194,-4.637593993233089,0.2124444344075247
1785124131.316501,-4.639332725378347,0.21151623459733018
1785124131.3254557,-4.641165870109266,0.2105324117831733
1785124131.327379,-4.642945731806543,0.20957278905046497
1785124131.3313074,-4.644628210416197,0.20866452233909755
1785124131.3380032,-4.6463738954756195,0.20771739429550717
1785124131.3418686,-4.648157238838474,0.20674799040016612
1785124131.3465135,-4.649869330920358,0.20581471125160047
1785124131.3515918,-4.651642912935495,0.2048422331489105
1785124131.356634,-4.653361616714034,0.20389548384228315
1785124131.3614187,-4.655076923784153,0.20294610545817962
1785124131.3665843,-4.656862253494769,0.20195245379868193
1785124131.3720853,-4.65860698870767,0.20097815739408995
1785124131.3769002,-4.660367166405304,0.19999040591047249
1785124131.3822515,-4.662129849490404,0.19899721376385068
1785124131.3932998,-4.663876169700683,0.1980100417856835
1785124131.3964393,-4.665588190735315,0.19703862577226203
1785124131.4009376,-4.6673411444935065,0.19603993947241552
1785124131.4050024,-4.66901111281263,0.1950846091991516
1785124131.4077833,-4.670657727276176,0.1941405453086751
1785124131.412108,-4.672405573398962,0.19313460580607492
1785124131.4169858,-4.674121220997373,0.19214504188823003
1785124131.4236155,-4.675878755336012,0.19112768362089108
1785124131.430442,-4.677538311862006,0.19016432847940246
1785124131.4337015,-4.679171899066117,0.1892114863498254
1785124131.4383607,-4.680749989301656,0.18828823682480803
1785124131.4423585,-4.682281162131481,0.18739010155019875
1785124131.4468021,-4.683855001883889,0.1864658268028578
1785124131.4519916,-4.685438780036102,0.1855321939070267
1785124131.4567301,-4.687053679187366,0.18457953062559726
1785124131.4621677,-4.68869312710998,0.183607915042303
1785124131.466772,-4.690218851884492,0.18270282076039385
1785124131.4743478,-4.691790009547117,0.18176872142805214
1785124131.4781282,-4.693370697513402,0.18082712694218828
1785124131.4820073,-4.694936656593759,0.17989174206097328
1785124131.4899611,-4.696542527765927,0.17893107474910327
1785124131.4919667,-4.698134603222999,0.1779761898211618
1785124131.496987,-4.699719009561842,0.177024314728657
1785124131.5016913,-4.7012211363870495,0.17611877362897002
1785124131.5077696,-4.702720376537435,0.17521135895394968
1785124131.511442,-4.704301344410914,0.1742528491398883
1785124131.51617,-4.705904808531018,0.17327799011896688
1785124131.522207,-4.707440590648816,0.1723421992269195
1785124131.5270047,-4.709077523524494,0.17134051434694947
1785124131.5312083,-4.710773066375745,0.17030087834296015
1785124131.5366855,-4.712440701300993,0.16927639835140632
1785124131.5416265,-4.714121286721606,0.16824207836173374
1785124131.546443,-4.715845085329614,0.16717964744872316
1785124131.5513103,-4.717548805403303,0.1661256290812281
1785124131.557177,-4.719255093511862,0.16506854595759674
1785124131.5612593,-4.720976104406682,0.16400141773772967
1785124131.5669878,-4.72272611029296,0.16291264491703167
1785124131.5730326,-4.7244157585608395,0.16186154286423243
1785124131.5767903,-4.726150595786156,0.16078101810153547
1785124131.5814044,-4.727900365344814,0.15969010760239497
1785124131.5891564,-4.7296716799516245,0.15858326985667026
1785124131.5922923,-4.731387053187725,0.1575076275218504
1785124131.5968778,-4.733126171871806,0.1564132199574794
1785124131.6021967,-4.734848120459289,0.15532727963995724
1785124131.6066399,-4.73657040823327,0.15423950473579384
1785124131.6117768,-4.738393142390031,0.15308485213388626
1785124131.6161218,-4.740074158133519,0.1520163679602627
1785124131.6222055,-4.741782109864099,0.15093014778091493
1785124131.6270552,-4.743572074198484,0.14978822686869112
1785124131.6326451,-4.745312005627274,0.14867421539639283
1785124131.6370785,-4.747029328036475,0.14757130625217876
1785124131.6419356,-4.748707833525485,0.1464891745963534
1785124131.6474957,-4.750472851930185,0.14534633499956748
1785124131.651715,-4.752167749236744,0.1442466393303907
1785124131.6573887,-4.753944945888981,0.143091785319723
1785124131.6620545,-4.755744957021684,0.141916862209132
1785124131.6663656,-4.757348161643101,0.14086836239826406
1785124131.6724544,-4.759037631506487,0.139760370256483
1785124131.6767576,-4.7607169165715595,0.13865535620579128
1785124131.6815827,-4.762462974181705,0.13750319915220902
1785124131.6891274,-4.764214762794754,0.13634479927862675
1785124131.691824,-4.765833806184136,0.1352725327744402
1785124131.6975105,-4.7675446661049286,0.1341355384298578
1785124131.7019045,-4.769215416366458,0.13302279111596843
1785124131.7074609,-4.771013818576335,0.13182186053127556
1785124131.7117796,-4.77276188956043,0.130653148854357
1785124131.7163148,-4.774388623972056,0.12956417504273235
1785124131.7232263,-4.776157412603017,0.1283782221752785
1785124131.7272313,-4.777863504895334,0.12723345393919813
1785124131.7313926,-4.779533872691169,0.12610959008011507
1785124131.7372775,-4.781215669395822,0.12497712142741217
1785124131.7436562,-4.782939812279479,0.12381568264722664
1785124131.746565,-4.784584535755102,0.12270708495353203
1785124131.7519474,-4.786318554894928,0.1215365734140102
1785124131.7588272,-4.787983482249603,0.12041126556344736
1785124131.7633183,-4.789677483540481,0.11926596627964672
1785124131.767124,-4.7913293162826465,0.11814632686193269
1785124131.7722151,-4.792985441811405,0.11702365501154
1785124131.7777054,-4.794699288332781,0.11586128891183577
1785124131.7849476,-4.796364829739898,0.11473104835375186
1785124131.7897081,-4.798064773859173,0.1135798713950306
1785124131.7923806,-4.799784298935039,0.11241583913986763
1785124131.796568,-4.801456948450037,0.1112835440371382
1785124131.8015866,-4.803140718105008,0.11014501732465865
1785124131.8065119,-4.804774846742805,0.10904234196621806
1785124131.8120456,-4.806439570790934,0.10791939242756278
1785124131.816522,-4.808172861909578,0.10675101059513081
1785124131.8224535,-4.809840343826723,0.10562815545083319
1785124131.826854,-4.8115293835218695,0.10448856479397299
1785124131.8317056,-4.813212877751683,0.10335282917879199
1785124131.8380384,-4.814882990674594,0.10222681363235342
1785124131.8420532,-4.816556774812236,0.10109590753430488
1785124131.8465104,-4.818217831404606,0.09997408533277993
1785124131.8519337,-4.819887076352484,0.09884627290542805
1785124131.8569028,-4.821572568167542,0.09770732670264694
1785124131.8620498,-4.823251428786713,0.0965740511250889
1785124131.8673074,-4.824899833747585,0.09546332306873567
1785124131.8729472,-4.826589242715196,0.09432600200863328
1785124131.876664,-4.828249069936097,0.09320879468070191
1785124131.8821204,-4.829891180757621,0.0921044615361437
1785124131.8890588,-4.831554698920461,0.09098412529764527
1785124131.8918605,-4.8332573039884315,0.08983787270521285
1785124131.8978121,-4.834882818973826,0.08874219511009364
1785124131.902016,-4.836590976488623,0.08759097182277875
1785124131.907333,-4.838249953722599,0.08647279247654718
1785124131.9120119,-4.8399477850420265,0.08532829471633506
1785124131.916586,-4.8415965921000526,0.08421790696451063
1785124131.9229186,-4.843234270687641,0.08311489679221924
1785124131.9272676,-4.844934470481731,0.08196963186095518
1785124131.9315586,-4.846569281885897,0.0808680366820049
1785124131.9371412,-4.848197692781065,0.0797720572490386
1785124131.9419806,-4.849851414023407,0.07866027179719444
1785124131.9466045,-4.851448264519519,0.07758600012017776
1785124131.9524596,-4.853096922577367,0.0764761466691049
1785124131.957058,-4.854726518325509,0.07537860494088439
1785124131.9618163,-4.856332279856481,0.07429422203732004
1785124131.9677866,-4.857956023271705,0.07319670794135677
1785124131.973595,-4.859602856321602,0.07208234860711643
1785124131.9768658,-4.8611516095214435,0.07103394958966583
1785124131.982197,-4.862693071647371,0.06999088993072933
1785124131.9909642,-4.86421181109614,0.068963776852466
1785124131.9929123,-4.86574240227301,0.06792896973336117
1785124131.9970522,-4.867214656896175,0.06693313191500061
1785124132.002135,-4.868684448570499,0.06593866607244406
1785124132.007701,-4.870145320695857,0.06494972214081873
1785124132.012393,-4.8715923228407,0.06396906685380632
1785124132.0171306,-4.87309814130213,0.06294660813699776
1785124132.0232756,-4.874614531735793,0.06191762664910918
1785124132.027751,-4.876209881049125,0.06083452851706429
1785124132.0315478,-4.877815018639473,0.059743447802198424
1785124132.0367453,-4.87938680066862,0.058672860059484515
1785124132.0423317,-4.88099783007677,0.057575409064908524
1785124132.046747,-4.882598507086299,0.056482478828240396
1785124132.0517523,-4.884196684846549,0.05539019440774557
1785124132.0576224,-4.885791760578819,0.05429964105484906
1785124132.061876,-4.887408862515656,0.05319472318132785
1785124132.0662742,-4.888997617404753,0.05210790554177846
1785124132.072195,-4.8906046261139515,0.05100536974245844
1785124132.0768027,-4.892222345005894,0.049893768249880684
1785124132.0815575,-4.893813131420581,0.04879822019188851
1785124132.088814,-4.8954108449401375,0.04769564641328824
1785124132.0913744,-4.897016185585265,0.04658513360569468
1785124132.0980377,-4.898589298918399,0.04549484789694211
1785124132.101567,-4.900184108370813,0.04438749871529901
1785124132.1067889,-4.901820360693608,0.043246512736367364
1785124132.1120028,-4.903398564166731,0.042144245772806926
1785124132.1167836,-4.9049765154814375,0.041040579928586035
1785124132.122771,-4.9065813249756065,0.03991378814135497
1785124132.1275346,-4.908112700265441,0.0388352303747928
1785124132.1317976,-4.909664515380649,0.037737872796033
1785124132.1374488,-4.911235623648557,0.03662177010214249
1785124132.1432486,-4.912838124365669,0.03547987457698378
1785124132.1465952,-4.914421535131519,0.03434885751233449
1785124132.1517787,-4.9160119790753525,0.03320885625100513
1785124132.15707,-4.917592004532618,0.03207423117976399
1785124132.161744,-4.919153086217743,0.030951241691297572
1785124132.1665082,-4.920727303349314,0.029816361099511586
1785124132.1748712,-4.922286767603556,0.028689748819362773
1785124132.178191,-4.923866606279431,0.027543582844781804
1785124132.1820164,-4.925417554754117,0.026413210306476483
1785124132.1896656,-4.927011341729746,0.025248597859021244
1785124132.1938171,-4.928534563298866,0.02413256112727532
1785124132.1977804,-4.9300931738117475,0.02298827702549013
1785124132.2015097,-4.931669487654222,0.02182901915285544
1785124132.2067244,-4.933257199990162,0.02065748616110253
1785124132.2117987,-4.9348105702607015,0.019506270199283304
1785124132.2162092,-4.936359156387101,0.0183562023089479
1785124132.2218728,-4.937954751732331,0.01716677715232377
1785124132.2273772,-4.939494090691501,0.016017403467850806
1785124132.2315438,-4.941026024296075,0.014868411160889477
1785124132.237284,-4.942561850831168,0.013712996346307425
1785124132.2427442,-4.944106179230548,0.01254483854395374
1785124132.246543,-4.945623487474745,0.011391122737678302
1785124132.251412,-4.947158370593264,0.010218489254297683
1785124132.2571733,-4.948713502182652,0.009027378141037216
1785124132.2618814,-4.950273499146407,0.007830273097589822
1785124132.2663455,-4.951817615755336,0.006642357841786404
1785124132.273378,-4.9533420548714915,0.005466956831303759
1785124132.2768142,-4.954958490717681,0.004217644718596818
1785124132.2820556,-4.956509216061466,0.0030166983806662003
1785124132.2913954,-4.958060317055912,0.001811665420759247
1785124132.293965,-4.959603367136745,0.0006102664821470971
1785124132.2977557,-4.961197451166295,-0.0006344227823393183
1785124132.3017535,-4.962672398358492,-0.0017883779913163112
1785124132.3073084,-4.964206316715987,-0.0029903784094636046
1785124132.3128824,-4.965723868591077,-0.004180172141821063
1785124132.3171346,-4.967307670690915,-0.005424801234604658
1785124132.3234873,-4.968831374746103,-0.006624007801511459
1785124132.327531,-4.970293210705416,-0.007773809264405373
1785124132.3314705,-4.971697933211202,-0.00888200543153363
1785124132.3377707,-4.973118255461498,-0.010002898928943474
1785124132.342153,-4.974537991248065,-0.01112525399479821
1785124132.3472302,-4.975982942528949,-0.012268931756692426
1785124132.3518271,-4.977413554572756,-0.013403615195317504
1785124132.3570895,-4.978814243357192,-0.014516676114976092
1785124132.362809,-4.980179635557856,-0.015603658685176814
1785124132.366796,-4.981521784229074,-0.01667222473782092
1785124132.3740575,-4.982899779713327,-0.01776995773526328
1785124132.378769,-4.984338803271086,-0.018918288661860017
1785124132.3825266,-4.985822802039432,-0.020104727702628663
1785124132.391232,-4.987378333615694,-0.02134859912112572
1785124132.3941243,-4.988927177193003,-0.022588665808923623
1785124132.396919,-4.990465203905357,-0.023822927686310502
1785124132.4019625,-4.9919847540298115,-0.02504362545037746
1785124132.4086454,-4.993504463595504,-0.02626776961493655
1785124132.4114814,-4.9950210307801,-0.02749241950390639
1785124132.4166903,-4.996532433077274,-0.028715546198512392
1785124132.4229372,-4.998090231609793,-0.029980595885374942
1785124132.427088,-4.999602130980157,-0.031210988381577473
1785124132.4313262,-5.001152029137694,-0.032472657839151965
1785124132.4366367,-5.002702070059167,-0.03373892957325463
1785124132.4426053,-5.004245909554273,-0.03500377195585794
1785124132.4463658,-5.005806349044554,-0.03628485727864323
1785124132.451575,-5.007332979682845,-0.037542313040488856
1785124132.456931,-5.008836884839313,-0.038784648912911335
1785124132.4613056,-5.010322303646517,-0.04001609447045368
1785124132.4665842,-5.011906212902664,-0.041333784450220276
1785124132.472301,-5.013424025444995,-0.042599129172832866
1785124132.4769466,-5.014934228919266,-0.04386290065943702
1785124132.4820817,-5.016494258316239,-0.04517235782085215
1785124132.498933,-5.018016268221581,-0.04645295078132364
1785124132.505145,-5.019558741228222,-0.04775305822909852
1785124132.5083017,-5.021120949179183,-0.04907146056659104
1785124132.5112116,-5.0226224244349735,-0.05034144211948928
1785124132.5138214,-5.024141812898281,-0.05163018891249202
1785124132.5174155,-5.02565393168582,-0.05291885578732627
1785124132.522296,-5.027200741336395,-0.05423984760827552
1785124132.5267568,-5.028765241063874,-0.055578193257393146
1785124132.5315833,-5.030284840498232,-0.056882912312677836
1785124132.5367815,-5.031856421123246,-0.05823797373949763
1785124132.5413158,-5.033405000491439,-0.05957852166081212
1785124132.5467854,-5.034905415652157,-0.06088195808701507
1785124132.5516355,-5.036406469425426,-0.0621892951202048
1785124132.5565903,-5.037931051697013,-0.06351804079995357
1785124132.561972,-5.039394269259732,-0.06479388384797181
1785124132.5668967,-5.0409092825666075,-0.06611659511113575
1785124132.5728621,-5.042386806051211,-0.06741097924046567
1785124132.5770423,-5.043891866493735,-0.06873393737080541
1785124132.5817964,-5.045438885943247,-0.07009618925993857
1785124132.586865,-5.0470096623494225,-0.07148362168600676
1785124132.5979118,-5.048554684596863,-0.0728520227338949
1785124132.6003308,-5.0500597171202415,-0.07418869773474421
1785124132.6033976,-5.051586788342281,-0.07554828776632046
1785124132.6070852,-5.053112951075887,-0.07691110510190112
1785124132.61217,-5.054636704829362,-0.07827207913132153
1785124132.7000034,-5.066136419958969,-0.08861193357653
1785124132.7009716,-5.067508464897614,-0.08985213259331098
1785124132.7021003,-5.0688582514018545,-0.09107399256627642
1785124132.7029178,-5.070222726341092,-0.09231102263602495
1785124132.7037148,-5.071573808890645,-0.09353638016529184
1785124132.7045052,-5.072927517874703,-0.09476494473108385
1785124132.7052128,-5.074276240709782,-0.0959919291840931
1785124132.705903,-5.075669924896761,-0.09725966047183991
1785124132.7069018,-5.077084088453538,-0.09854785734613142
1785124132.7077193,-5.078467337802006,-0.09981083525498394
1785124132.7084599,-5.079836301568951,-0.10105944890836892
1785124132.7091653,-5.081201890502753,-0.10230566296781828
1785124132.7110925,-5.082603914451573,-0.10358398085836283
1785124132.716595,-5.083993688420038,-0.10484979079185495
1785124132.7222276,-5.085403789145656,-0.10613439890667292
1785124132.7267418,-5.086859103173897,-0.10746069279398739
1785124132.7319438,-5.088272340698279,-0.1087495659764404
1785124132.7371001,-5.089824410823395,-0.11016766987989567
1785124132.741846,-5.091322660278943,-0.11153547702480178
1785124132.746853,-5.092769192917818,-0.11285571559891268
1785124132.7523324,-5.09432085128441,-0.11427384638510932
1785124132.757622,-5.09583289647101,-0.11565452019994388
1785124132.7638423,-5.097332223864822,-0.11702379356167884
1785124132.7681658,-5.098777871502924,-0.11834449464636883
1785124132.7736259,-5.100287687625427,-0.1197240069198657
1785124132.7786899,-5.101771304940935,-0.12108057587309087
1785124132.7832062,-5.103279449227305,-0.12245887424146923
1785124132.7878873,-5.104759247097339,-0.12381100719217629
1785124132.801225,-5.106266783642448,-0.12518866458452466
1785124132.8038375,-5.107760387442631,-0.12655476196715632
1785124132.807979,-5.109259744752458,-0.12792648888213978
1785124132.8122218,-5.1107576181077,-0.12929801316752387
1785124132.8195064,-5.11223231291362,-0.1306479067015193
1785124132.8246725,-5.113755313948356,-0.1320404595616356
1785124132.8309746,-5.115203464908982,-0.13336556406007655
1785124132.8336082,-5.116583551542986,-0.13462924846424698
1785124132.8378503,-5.117980705342341,-0.13590796157950522
1785124132.8419554,-5.119406146014943,-0.13721216544757484
1785124132.8467257,-5.120756247698535,-0.13844897650943744
1785124132.8514194,-5.122160782101333,-0.13973392506880172
1785124132.8572335,-5.123551279873605,-0.14100648247400668
1785124132.8617587,-5.124872292884956,-0.14221341517417652
1785124132.8672087,-5.126259098236083,-0.14348022224808551
1785124132.872774,-5.127629359668241,-0.14473031453868118
1785124132.8774953,-5.129039950537284,-0.14602027089409633
1785124132.8824131,-5.130463427498935,-0.1473219972670762
1785124132.8893843,-5.131905472649849,-0.14864138701274954
1785124132.891867,-5.1334141896670555,-0.15002079790654105
1785124132.9021778,-5.134889432924773,-0.15136947742559853
1785124132.9044738,-5.136395227175538,-0.15274601584350167
1785124132.9064322,-5.137912142469099,-0.15413233368244303
1785124132.9127324,-5.139383205570187,-0.15547583868545253
1785124132.9172273,-5.140856500505971,-0.15682160704335918
1785124132.9238298,-5.142323405668629,-0.15816258514538545
1785124132.9277809,-5.14379577593755,-0.15950986556854244
1785124132.931732,-5.1453349714812635,-0.16091826178950952
1785124132.9381046,-5.146788948921388,-0.16225083064755502
1785124132.9421856,-5.14826655209907,-0.1636054706605524
1785124132.9467878,-5.1497485601631965,-0.164963892102182
1785124132.953018,-5.151217934236446,-0.16631245066006303
1785124132.9580708,-5.152677321425361,-0.1676524407988125
1785124132.9617238,-5.154163497178423,-0.1690182028521742
1785124132.9675438,-5.1556044901939675,-0.1703446243507373
1785124132.9727545,-5.157050139617136,-0.17167579857278917
1785124132.9769769,-5.158542241125514,-0.1730523099138478
1785124132.9820752,-5.160047544480181,-0.17444322784541477
1785124132.9889224,-5.1614754413775215,-0.17576570398023633
1785124132.9919004,-5.162972781928133,-0.17715449243943948
1785124133.0002463,-5.164455858111965,-0.17853096039620847
1785124133.0019941,-5.1659402099787615,-0.17991013155956348
1785124133.0071735,-5.167404853935249,-0.18127111175706304
1785124133.0128613,-5.168852482558938,-0.18261698062287626
1785124133.0163538,-5.170291297672615,-0.18395766503340122
1785124133.0230246,-5.171705946583668,-0.18527784819856444
1785124133.0261524,-5.173183518717142,-0.18665833242001162
1785124133.0317278,-5.174689947741137,-0.18806588357186085
1785124133.0371368,-5.176100090739627,-0.18938303365051673
1785124133.0413873,-5.1775411087029655,-0.19073059460925246
1785124133.0470574,-5.178942487636804,-0.19204248587977538
1785124133.0517104,-5.1804179931289305,-0.19342498714518389
1785124133.0575347,-5.181927751043588,-0.19484300270533547
1785124133.061976,-5.183401401342503,-0.19622813681854262
1785124133.0669272,-5.184822397875606,-0.19756665255316125
1785124133.0751145,-5.186245638086701,-0.1989106943837537
1785124133.0782387,-5.187714178687586,-0.20029802055227813
1785124133.0819423,-5.189098053927003,-0.20160702045714782
1785124133.0870204,-5.190461341823783,-0.20289779176731926
1785124133.092514,-5.191771693347763,-0.2041400733203533
1785124133.0998557,-5.193088390248464,-0.2053912501366161
1785124133.1014729,-5.194401062158111,-0.2066404312307251
1785124133.1077201,-5.195801507251512,-0.20797516647102038
1785124133.1123252,-5.197116823832079,-0.20922692428319048
1785124133.1184514,-5.1983995450360645,-0.2104504635969331
1785124133.1237783,-5.199738879934259,-0.21172951285284758
1785124133.1272223,-5.201022749110526,-0.21295736508347543
1785124133.1322439,-5.20233273845925,-0.21420951202131933
1785124133.138035,-5.203648900021957,-0.21547054722378234
1785124133.142229,-5.2049488119804055,-0.21671728657985606
1785124133.1467793,-5.206233791821107,-0.21795105998274578
1785124133.152903,-5.207514565477671,-0.21918121981774374
1785124133.1571724,-5.208805754339875,-0.22042328507143044
1785124133.161632,-5.210124865869977,-0.22169222806755215
1785124133.1674805,-5.211403332084198,-0.2229225620043188
1785124133.1727183,-5.212690505652035,-0.22416148872451205
1785124133.1764977,-5.214053967535034,-0.22547678792596143
1785124133.1833591,-5.215439050960139,-0.2268155343811246
1785124133.1880643,-5.216853804303244,-0.22818409867773576
1785124133.1929917,-5.218258298257136,-0.22954332070854594
1785124133.2001028,-5.219690840242205,-0.2309330203465679
1785124133.205368,-5.221125018222975,-0.2323263758756368
1785124133.207814,-5.222492564959186,-0.23365512602531568
1785124133.211831,-5.223880086306694,-0.23500456069742892
1785124133.2164886,-5.225257223882821,-0.23634477499827644
1785124133.2227485,-5.226636989683821,-0.2376900637041698
1785124133.227464,-5.228037639122999,-0.2390594439961751
1785124133.2315495,-5.229392153537199,-0.24038507130540412
1785124133.2368376,-5.230771343919402,-0.24173543859560798
1785124133.2416108,-5.232196570357885,-0.24313384675738892
1785124133.2466617,-5.233612482194869,-0.24452540018604446
1785124133.2515373,-5.235027573358275,-0.24591984650926452
1785124133.2577639,-5.236423155310856,-0.24729720878215067
1785124133.261797,-5.237791762206348,-0.24864745852452033
1785124133.2669642,-5.239151663435727,-0.24998943768616044
1785124133.272953,-5.24056940980206,-0.2513879507535387
1785124133.276572,-5.241952824858649,-0.25275231306239454
1785124133.2819207,-5.2433728760664415,-0.25415454911452123
1785124133.2876842,-5.244762415491696,-0.25552998297347596
1785124133.2916567,-5.246170007598152,-0.2569247328714021
1785124133.301795,-5.247542129855695,-0.25828535622444404
1785124133.305359,-5.248940178895346,-0.25967435530774724
1785124133.308667,-5.250321585332869,-0.26104755641218624
1785124133.311556,-5.251733938794244,-0.2624515560371893
1785124133.3175478,-5.2531672503233535,-0.2638780644616192
1785124133.3227987,-5.254567287182149,-0.2652712017633793
1785124133.3280272,-5.256014413905303,-0.2667105691187277
1785124133.332492,-5.25743983905328,-0.2681296202922198
1785124133.3376608,-5.2588523940400895,-0.2695384938046062
1785124133.3419127,-5.260223423099833,-0.2709064657064706
1785124133.3477302,-5.261660398876454,-0.2723401456548241
1785124133.353038,-5.263092672688403,-0.273770678986186
1785124133.3587766,-5.264478506098617,-0.2751563519054039
1785124133.3617623,-5.265949842213111,-0.276628076555252
1785124133.3662457,-5.2673349013961275,-0.2780156469110528
1785124133.3732047,-5.268755309291206,-0.2794387989400503
1785124133.3770494,-5.270158914514945,-0.28085011953926586
1785124133.381698,-5.271563966431709,-0.28226336239459165
1785124133.389167,-5.272952103995728,-0.28366019282570915
1785124133.391835,-5.274355538472166,-0.28507471131423046
1785124133.4000247,-5.2757390689113794,-0.28646920324007474
1785124133.4063845,-5.277170567613594,-0.28790961083070754
1785124133.4078128,-5.278601071305134,-0.28935120745311743
1785124133.4122143,-5.280040365379813,-0.29080236537589776
1785124133.4191303,-5.281444672890815,-0.2922220248743492
1785124133.4247284,-5.282852791919927,-0.29364622734063506
1785124133.4270787,-5.284186499368556,-0.2949987632660945
1785124133.4336936,-5.285470963086162,-0.29630244243634535
1785124133.4378939,-5.286812588311052,-0.297665507721487
1785124133.441902,-5.288101027976434,-0.2989759316587948
1785124133.4478693,-5.289396770672289,-0.3002976541664659
1785124133.452317,-5.290682595814958,-0.30160919879800663
1785124133.4581544,-5.29193890276778,-0.3028929144726385
1785124133.4634922,-5.293228869511337,-0.304209925512735
1785124133.4677558,-5.294494668881105,-0.305503185870668
1785124133.4751048,-5.295726407423329,-0.306764787283162
1785124133.476358,-5.297024064280358,-0.3080974112392896
1785124133.481743,-5.29833680276376,-0.3094478763867993
1785124133.4871929,-5.299711454322516,-0.3108635930383636
1785124133.4926288,-5.301097196238008,-0.3122937549005887
1785124133.5018258,-5.302476838454782,-0.3137221836578388
1785124133.5053866,-5.303846337792946,-0.31514288134681784
1785124133.5076652,-5.305214002225227,-0.31656373657529435
1785124133.512053,-5.306564309786968,-0.3179718064786569
1785124133.5167704,-5.3079469187351,-0.31941597416876777
1785124133.524348,-5.309334836025039,-0.3208665624465961
1785124133.527742,-5.310738375433018,-0.3223349608480477
1785124133.5320396,-5.312079750177598,-0.3237440198304444
1785124133.5373545,-5.313462021631729,-0.3252022228566298
1785124133.5419059,-5.314821961134136,-0.3266395813885492
1785124133.5464976,-5.316230943604621,-0.3281312026324409
1785124133.5528545,-5.317592894520502,-0.3295751291496192
1785124133.5571563,-5.318996836253799,-0.3310644259218975
1785124133.5614362,-5.320425814595548,-0.33258322156200987
1785124133.5674417,-5.321788433981924,-0.33403482294585657
1785124133.5727594,-5.3231672093960585,-0.3355078235988952
1785124133.576143,-5.3245661213317685,-0.33700885063321023
1785124133.5814376,-5.325928780744248,-0.33847209207372597
1785124133.5876157,-5.327327350019287,-0.33997628636714866
1785124133.5920894,-5.328664167071576,-0.3414171237734254
1785124133.6013582,-5.330015701458203,-0.34287592654718396
1785124133.6037416,-5.331407734220358,-0.344383961545451
1785124133.6068041,-5.332776392765745,-0.3458700943459709
1785124133.611754,-5.334167925694235,-0.3473817833704366
1785124133.6168478,-5.3355474578147035,-0.3488818054184542
1785124133.6241071,-5.336935700835168,-0.35039139133800684
1785124133.6270576,-5.33830239421004,-0.35188078936895417
1785124133.6316712,-5.339675325130447,-0.35337992448179506
1785124133.6372495,-5.341023993580461,-0.3548508895668832
1785124133.6431932,-5.3424468046674765,-0.3564045263349616
1785124133.6479268,-5.343823268469055,-0.3579077167557663
1785124133.6525664,-5.345160035428439,-0.3593681212849803
1785124133.6584082,-5.346543825138601,-0.3608814979547374
1785124133.6624858,-5.347843952918175,-0.36230546637849165
1785124133.6672423,-5.349208083413383,-0.3638014648539188
1785124133.6765,-5.350545571935521,-0.36527187893865337
1785124133.679983,-5.3519286820678245,-0.3667923988083167
1785124133.6832983,-5.353268468573296,-0.3682684150972304
1785124133.6897957,-5.354598369086254,-0.3697357424516543
1785124133.6944351,-5.355951150763519,-0.37122862418630853
1785124133.7085538,-5.357290798008771,-0.37270924263139615
1785124133.710463,-5.358633574381661,-0.37419276466812035
1785124133.714114,-5.360017964079427,-0.37572290917341855
1785124133.716889,-5.3613511242908585,-0.37719669326735933
1785124133.723449,-5.362710055476793,-0.3786994390427271
1785124133.726275,-5.364093368038986,-0.38023078134433974
1785124133.732317,-5.365415967239553,-0.3816931293488446
1785124133.7369602,-5.366731910686604,-0.3831480014503624
1785124133.7426085,-5.368109447858261,-0.3846711335394826
1785124133.7472234,-5.3694516100159,-0.3861560700167787
1785124133.752195,-5.370846992565076,-0.3876998532982383
1785124133.7571661,-5.3721929589247805,-0.38918842621895977
1785124133.761771,-5.373529509612508,-0.3906658426424531
1785124133.7675173,-5.3749118164293685,-0.39219453413109223
1785124133.7733667,-5.376214885193363,-0.39363506394884834
1785124133.7770395,-5.377582538981838,-0.3951481882113089
1785124133.781834,-5.378924699987114,-0.3966309704836115
1785124133.786642,-5.380341689543329,-0.39819688987289814
1785124133.7922626,-5.381707167779837,-0.39970817715133233
1785124133.796557,-5.38302722501927,-0.4011673317097417
1785124133.803506,-5.38441025449125,-0.4026958022142124
1785124133.8065886,-5.385765686670217,-0.4041930588696104
1785124133.8114748,-5.387098566545515,-0.4056634036180303
1785124133.8164082,-5.388443355790215,-0.4071465769022582
1785124133.8242633,-5.389801773157463,-0.4086432890663709
1785124133.829314,-5.391147041448343,-0.41012582113884444
1785124133.8337612,-5.392456151789218,-0.4115700231967229
1785124133.8398073,-5.39382032948039,-0.4130765908545624
1785124133.8430703,-5.395175288725932,-0.41457210985318943
1785124133.847653,-5.3964725060690775,-0.41600305556864586
1785124133.8532732,-5.397817406928951,-0.4174879356124184
1785124133.8578074,-5.399164324667064,-0.4189757300108442
1785124133.862124,-5.400561647786993,-0.42051967043146826
1785124133.8677177,-5.401952622677518,-0.4220568396406836
1785124133.8731635,-5.4033010218698365,-0.42354835113539074
1785124133.8761168,-5.404675218274001,-0.4250709604443029
1785124133.8827202,-5.406021927316298,-0.42656381179460867
1785124133.8870718,-5.407393444712579,-0.4280855697958561
1785124133.8913767,-5.408730185209203,-0.4295708570073333
1785124133.8976083,-5.410034632731741,-0.43102350446920984
1785124133.9070823,-5.411384133169429,-0.4325301404802461
1785124133.9091146,-5.412713592395262,-0.4340148487903536
1785124133.9119296,-5.414019132212271,-0.43547666200260327
1785124133.9167712,-5.4153598114601245,-0.43697803415563435
1785124133.922732,-5.4166749648390375,-0.4384523911693875
1785124133.9268792,-5.418000946657035,-0.4399439161923471
1785124133.9330678,-5.419364428141448,-0.4414805612253009
1785124133.9372585,-5.42067457969253,-0.44296196358373313
1785124133.9417307,-5.4219939477876276,-0.4444601779475329
1785124133.9469912,-5.423311802919983,-0.44596176320689684
1785124133.9515119,-5.424651708613941,-0.44749317100409347
1785124133.9571478,-5.425955394450112,-0.44898606463086665
1785124133.9615536,-5.427256172845564,-0.4504772952673719
1785124133.967155,-5.428556646396536,-0.45197001642230006
1785124133.972457,-5.4298930174914855,-0.45350735067023745
1785124133.9764068,-5.431229440952013,-0.45504783988152514
1785124133.98105,-5.432509333449646,-0.4565255814782942
1785124133.9878178,-5.433852205762505,-0.45807817285531116
1785124133.9922714,-5.435181951696398,-0.459618858848169
1785124133.9971707,-5.436463334011835,-0.461105020073251
1785124134.0075333,-5.437765891108989,-0.46261928149274834
1785124134.0115986,-5.43908257699437,-0.4641529206266049
1785124134.0175102,-5.440416691695125,-0.4657099720823694
1785124134.0236123,-5.44169535025406,-0.46720415905889173
1785124134.028452,-5.442985786363405,-0.4687144422716665
1785124134.0318856,-5.444288934721848,-0.4702426435221749
1785124134.0372047,-5.445568946046907,-0.4717465813371221
1785124134.0425546,-5.446864717499654,-0.4732716673642671
1785124134.0470269,-5.448158784248175,-0.4748021021453972
1785124134.0522373,-5.44944852638558,-0.4763315548322531
1785124134.0573933,-5.450723367503327,-0.47784645786301855
1785124134.0616317,-5.452011204254998,-0.479379321028514
1785124134.0667546,-5.45322545340365,-0.48082727037520356
1785124134.0738754,-5.454523738110305,-0.4823775302267807
1785124134.0774486,-5.455778263338456,-0.4838787885341204
1785124134.0821784,-5.457053559089902,-0.4854075324200697
1785124134.0879827,-5.458341526624838,-0.4869544376878962
1785124134.091716,-5.459580524199242,-0.4884467735684696
1785124134.0966904,-5.4608561683013,-0.48998433288262755
1785124134.101833,-5.462168134599954,-0.49156691729071406
1785124134.1125445,-5.463384041131174,-0.4930374653545655
1785124134.1144059,-5.464654014573994,-0.4945764085991936
1785124134.1170824,-5.465936652152839,-0.49613196384478087
1785124134.1239626,-5.46718644581,-0.49765183785733785
1785124134.1272304,-5.468439281972816,-0.4991778217681921
1785124134.1317298,-5.469740187139686,-0.5007650968837982
1785124134.1376336,-5.470980554291225,-0.5022828314156133
1785124134.1424744,-5.472239557602301,-0.503827331626187
1785124134.1476445,-5.473489413355189,-0.5053639891147085
1785124134.152426,-5.47466699864523,-0.5068138759650669
1785124134.1581898,-5.475919435736262,-0.5083607123183241
1785124134.161891,-5.477131817387922,-0.5098611672857107
1785124134.1666074,-5.478371910083466,-0.5113970246966536
1785124134.174104,-5.479599965205358,-0.5129206322761047
1785124134.1773627,-5.480827010214942,-0.5144481305870606
1785124134.1816585,-5.482098983924277,-0.5160347235356828
1785124134.186965,-5.483325172321664,-0.5175674393236536
1785124134.1911685,-5.484552308882394,-0.5191044128329306
1785124134.1973355,-5.485780428568258,-0.5206435013359042
1785124134.20275,-5.4870497615868254,-0.5222361622900368
1785124134.2114577,-5.488291423342921,-0.5237991187706804
1785124134.21295,-5.489495213635387,-0.5253129780256413
1785124134.217428,-5.490713277859489,-0.5268453017436817
1785124134.2234657,-5.491920173986189,-0.528365618842921
1785124134.2274215,-5.493089187763715,-0.5298382083265456
1785124134.2322214,-5.494230636679404,-0.5312785576575983
1785124134.238196,-5.495352517873838,-0.5326947448882199
1785124134.2412374,-5.4964573778302865,-0.5340901960590467
1785124134.2467911,-5.49757986400456,-0.5355112237729117
1785124134.2513855,-5.4987090974538955,-0.5369401802340483
1785124134.2574713,-5.499898075825945,-0.5384446066838446
1785124134.2620704,-5.501019319848963,-0.5398639207529987
1785124134.2665646,-5.502093105013214,-0.5412230680236481
1785124134.2728066,-5.503207933465773,-0.5426340825595106
1785124134.27696,-5.50435113015054,-0.5440831676787075
1785124134.2812412,-5.505544661348629,-0.5455959120619146
1785124134.2867029,-5.506759469800873,-0.54713651455264
1785124134.2920933,-5.508012773039691,-0.5487245513786991
1785124134.2975366,-5.509209286918977,-0.5502410420482488
1785124134.3019054,-5.510436221283645,-0.5518014987553314
1785124134.310324,-5.511678840015443,-0.5533801115582503
1785124134.311836,-5.5129405338221,-0.5549838839835999
1785124134.3180065,-5.514179934348153,-0.5565576646360808
1785124134.3241289,-5.515430099850006,-0.558143741819877
1785124134.3267155,-5.516674934125354,-0.5597255406050361
1785124134.3325734,-5.517929800992973,-0.5613212204524402
1785124134.33746,-5.519167627644059,-0.5628946734364215
1785124134.3415613,-5.5203798065223815,-0.5644362903378646
1785124134.3462927,-5.521588970250411,-0.565977037389924
1785124134.3520098,-5.522818025695625,-0.5675451873032471
1785124134.3569715,-5.524068581561121,-0.56914229225932
1785124134.361404,-5.525283330602207,-0.5706943168261426
1785124134.3666248,-5.526517556390885,-0.5722735717618707
1785124134.3733082,-5.527778877427927,-0.573890869902303
1785124134.3776507,-5.529012842295539,-0.5754756348740052
1785124134.3828864,-5.530284747659637,-0.577111740639509
1785124134.388195,-5.531520630502646,-0.5787042630415656
1785124134.3935537,-5.532766980542315,-0.5803113064481008
1785124134.3989336,-5.533991982675707,-0.5818924408629493
1785124134.4047809,-5.535262666284239,-0.5835366724710684
1785124134.4104967,-5.536509424894636,-0.5851507481379209
1785124134.4128609,-5.537718340585741,-0.5867170623028145
1785124134.4180634,-5.538953153282318,-0.5883178738260618
1785124134.4234712,-5.540165107193511,-0.5898903581689722
1785124134.4274874,-5.541375952482933,-0.5914643579254896
1785124134.432774,-5.542618099341687,-0.5930779080298088
1785124134.4379327,-5.543845993799275,-0.5946772154375334
1785124134.4420633,-5.54507975446802,-0.596287835972547
1785124134.447561,-5.546273241077639,-0.5978499600133348
1785124134.4527483,-5.547532886707878,-0.5995030287342351
1785124134.4571226,-5.5487888655009625,-0.6011544429093904
1785124134.462508,-5.549971524659091,-0.602715984552183
1785124134.4671118,-5.551179696961292,-0.6043160684015462
1785124134.473315,-5.552371569614763,-0.6058990100879091
1785124134.477267,-5.5536130554243845,-0.6075538456770679
1785124134.4818919,-5.554802920946288,-0.6091441490301619
1785124134.4882126,-5.5559775128566855,-0.6107163674163855
1785124134.4916608,-5.5572061205645245,-0.6123643565145847
1785124134.4976547,-5.558388173403417,-0.6139550619216013
1785124134.5026865,-5.559613690287105,-0.6156065097619745
1785124134.5114484,-5.560816914465645,-0.6172323807433384
1785124134.5134099,-5.561949109881134,-0.6187663441512632
1785124134.517386,-5.563081060954842,-0.6203023330195343
1785124134.5223053,-5.564286238201979,-0.6219395752083723
1785124134.5282238,-5.565408362012858,-0.6234639321902522
1785124134.5317037,-5.566527824164,-0.6249877080141206
1785124134.5385885,-5.567619832148814,-0.6264775609362594
1785124134.541783,-5.568703202580188,-0.6279593575873068
1785124134.547891,-5.56977581944016,-0.629427637606528
1785124134.5517757,-5.57085091096781,-0.6309024257366259
1785124134.5566857,-5.5719591835933455,-0.6324213888243126
1785124134.5614974,-5.573018680427946,-0.633877876441047
1785124134.566796,-5.574076627082207,-0.63533335917795
1785124134.5729575,-5.575131731213187,-0.6367887278959102
1785124134.5781937,-5.5762122849971965,-0.6382841805835912
1785124134.58129,-5.577281982908773,-0.6397674207356552
1785124134.5873375,-5.5783584760531175,-0.6412601008936758
1785124134.5916398,-5.579419523484079,-0.6427341723114429
1785124134.596216,-5.580516731517997,-0.6442606759571831
1785124134.6024714,-5.581583515277603,-0.6457494005665368
1785124134.6115558,-5.58264476907372,-0.6472302484539634
1785124134.6137688,-5.583689748148953,-0.6486905481620705
1785124134.6167712,-5.584766479770564,-0.6501985451531614
1785124134.6224592,-5.585848110611688,-0.6517159354486758
1785124134.6268225,-5.586958171039479,-0.6532725669030074
1785124134.6328773,-5.588103948002873,-0.6548816804960459
1785124134.6378148,-5.5892708761363945,-0.6565252169127962
1785124134.6441684,-5.590458923241732,-0.6582016969409836
1785124134.6465664,-5.591600367328978,-0.659813933115665
1785124134.6517015,-5.592747531299986,-0.66143618868408
1785124134.6566284,-5.593904897061275,-0.6630744399911199
1785124134.6622906,-5.595045518860152,-0.6646929578529887
1785124134.666324,-5.59617532117204,-0.66629679684285
1785124134.6736526,-5.597296685332639,-0.6678908500606888
1785124134.676135,-5.5984372228379655,-0.6695175559584777
1785124134.6819277,-5.599614366885257,-0.6711947013955989
1785124134.6874008,-5.600759358367511,-0.6728265126259422
1785124134.6913576,-5.601921753341891,-0.6744833902259159
1785124134.697025,-5.60309664648313,-0.6761597073927874
1785124134.7028708,-5.604275574904769,-0.6778430542779043
1785124134.7104046,-5.605389193631497,-0.6794322988845658
1785124134.713028,-5.6065543710419,-0.6810960598493544
1785124134.718575,-5.607677551751828,-0.682702723696835
1785124134.7226367,-5.608800567462174,-0.6843091650815802
1785124134.7264328,-5.60996439232312,-0.6859769237551783
1785124134.7322092,-5.6111517483522375,-0.6876797921606389
1785124134.7387986,-5.612307043853203,-0.6893362261647655
1785124134.7418704,-5.613431783837552,-0.6909496180954624
1785124134.746427,-5.614595031854293,-0.6926170508482594
1785124134.7516453,-5.61575386081893,-0.694274869998441
1785124134.7570434,-5.616897953756607,-0.6959115122807783
1785124134.7622712,-5.618025401230104,-0.6975247593378276
1785124134.7664642,-5.619176760971868,-0.6991721531866473
1785124134.7725363,-5.620386745090519,-0.7009034321825657
1785124134.776969,-5.6215426007949025,-0.7025590280739799
1785124134.781873,-5.622705979671735,-0.7042242987386098
1785124134.7892997,-5.623856353859526,-0.7058686030429231
1785124134.7917855,-5.625022584560369,-0.7075339815888299
1785124134.7974377,-5.626169625715932,-0.7091702440797774
1785124134.8017907,-5.627298411600478,-0.7107798833825346
1785124134.8093593,-5.6284465120557075,-0.7124147747105662
1785124134.8110335,-5.629595671063776,-0.7140514366693987
1785124134.8168128,-5.630742028850312,-0.7156827588019361
1785124134.8230886,-5.63185986256169,-0.7172707514690901
1785124134.8280554,-5.6330318184408155,-0.7189361415915708
1785124134.8315341,-5.634236464071941,-0.7206464026591884
1785124134.8395205,-5.6353810655861425,-0.7222715923330015
1785124134.8414013,-5.636497073790289,-0.723856301107569
1785124134.8466337,-5.637692387180015,-0.7255523840983308
1785124134.8522491,-5.638804115043307,-0.7271291006979033
1785124134.856887,-5.639950717245482,-0.728754646170269
1785124134.8615854,-5.641134213726332,-0.7304313814042497
1785124134.8663368,-5.6423341540499194,-0.7321310489967429
1785124134.8725042,-5.643460776853361,-0.7337279402356658
1785124134.876241,-5.644575746704966,-0.7353098641875752
1785124134.8814013,-5.6456553668432745,-0.7368438124378816
1785124134.8887603,-5.64670419158604,-0.7383366557677908
1785124134.891309,-5.647770968767227,-0.7398570918297045
1785124134.8970428,-5.648825522504842,-0.741362325619641
1785124134.9042432,-5.649874003936281,-0.7428608744157343
1785124134.9100766,-5.650896783707794,-0.7443233518815862
1785124134.9121644,-5.651940455603033,-0.7458125140263787
1785124134.9167547,-5.652975080237252,-0.7472884846790003
1785124134.9224648,-5.654001604752184,-0.7487552771481066
1785124134.9275405,-5.655061904047109,-0.7502728739649202
1785124134.9329684,-5.656210061793772,-0.7519193188345561
1785124134.9384117,-5.657339587960386,-0.7535396694657176
1785124134.9436169,-5.658466328561049,-0.7551587653610814
1785124134.9471624,-5.6596132419044425,-0.7568100013781607
1785124134.9519174,-5.660791079813757,-0.758507680660671
1785124134.9574757,-5.661930925749574,-0.7601513168460167
1785124134.9639385,-5.663055150792835,-0.7617774648149676
1785124134.9681773,-5.664221832185103,-0.7634683958016477
1785124134.9735072,-5.665349033960492,-0.7651062655572058
1785124134.9760869,-5.666484848784265,-0.7667563058193044
1785124134.9815633,-5.667603649973578,-0.7683835405255484
1785124134.989913,-5.668727028571821,-0.7700195928008963
1785124134.9924123,-5.669888416843957,-0.7717122116132917
1785124134.9990697,-5.670950318056055,-0.7732611131401638
1785124135.0043833,-5.672056274727181,-0.7748747090680094
1785124135.0115075,-5.673241325169908,-0.7766109991585312
1785124135.0136683,-5.6743714867792345,-0.7782689606132509
1785124135.0166857,-5.675517020858084,-0.7799537916929768
1785124135.0231946,-5.67661978969296,-0.7815776959031572
1785124135.0267618,-5.677715070208721,-0.7831917264452614
1785124135.031276,-5.678840108822596,-0.7848499299324379
1785124135.0382056,-5.679942452067857,-0.7864775265859233
1785124135.041656,-5.68109565581284,-0.7881834159110411
1785124135.04638,-5.682207727691887,-0.7898303100760975
1785124135.0514948,-5.6833154895956595,-0.7914718202299231
1785124135.059568,-5.68444649680697,-0.7931474380156341
1785124135.0617774,-5.685530108409291,-0.794754763786933
1785124135.0673397,-5.6866490160546554,-0.7964162258552937
1785124135.0757532,-5.687751247322656,-0.798054502530548
1785124135.078658,-5.688880817610137,-0.7997396600564056
1785124135.0823908,-5.689986064539634,-0.801392071054074
1785124135.087681,-5.691119768067891,-0.8030895135150268
1785124135.0931036,-5.692180258439975,-0.8046833511124738
1785124135.0972242,-5.693266432329268,-0.8063191959067453
1785124135.104698,-5.694362765606234,-0.8079738632451784
1785124135.1148922,-5.695452848152058,-0.8096215248698375
1785124135.1180675,-5.69657237589832,-0.811315640891936
1785124135.123995,-5.697690910600351,-0.8130113053117852
1785124135.1284375,-5.698727392995087,-0.8145855053445897
1785124135.1325028,-5.6997862599260545,-0.8161989099571912
1785124135.1377401,-5.700803955788729,-0.8177534252883927
1785124135.1425164,-5.7018062610554425,-0.8192871650231739
1785124135.1495767,-5.702786972509793,-0.8207920105106002
1785124135.1530666,-5.703797256011868,-0.8223453666683841
1785124135.158208,-5.704808134291778,-0.8239020659285005
1785124135.1620264,-5.70577835047491,-0.825399459042381
1785124135.166346,-5.7067428311481505,-0.826891563725007
1785124135.1723778,-5.7077438393092,-0.8284407402499867
1785124135.1761591,-5.708716907328511,-0.8299525395215844
1785124135.1811383,-5.70970633008179,-0.8314933892965566
1785124135.1875966,-5.710682411865879,-0.8330144341487336
1785124135.1928601,-5.71166181049429,-0.8345403852725523
1785124135.1972988,-5.712632325406456,-0.8360520311157975
1785124135.203082,-5.713619655834135,-0.8375929528361812
1785124135.2081785,-5.714621937529113,-0.839159588419159
1785124135.215109,-5.715622348055141,-0.8407273561874662
1785124135.2175486,-5.716601985877192,-0.8422632269441952
1785124135.222971,-5.717541622116179,-0.8437395853700218
1785124135.2269409,-5.718547406076427,-0.8453218652983457
1785124135.2323093,-5.719580080871137,-0.8469475560466442
1785124135.2377422,-5.7206395282867355,-0.8486153797419069
1785124135.2415817,-5.721742013437839,-0.8503518911140623
1785124135.2464597,-5.722821286769036,-0.8520517276040583
1785124135.2518356,-5.7238565826283505,-0.8536822666275384
1785124135.2574573,-5.724942528713333,-0.8553949568426666
1785124135.2613742,-5.726035397283697,-0.8571220782499959
1785124135.2667031,-5.727076757618814,-0.8587707931035933
1785124135.2728894,-5.7281439945708374,-0.8604633485645399
1785124135.2764392,-5.729201569167906,-0.8621439909296233
1785124135.2815063,-5.7302861072925975,-0.863870156588266
1785124135.2865245,-5.731347123373269,-0.865560218794858
1785124135.2931728,-5.732367343378987,-0.8671889053539922
1785124135.2986705,-5.733422776330537,-0.8688782495648941
1785124135.3028314,-5.73447251511689,-0.8705623450724728
1785124135.3068953,-5.73553560745999,-0.872269525462528
1785124135.313445,-5.736604774491643,-0.8739868649646669
1785124135.3167462,-5.737662106906564,-0.8756873378616312
1785124135.325461,-5.738734337917704,-0.8774156472181257
1785124135.3280492,-5.73975702877614,-0.8790670094145908
1785124135.3321147,-5.740765463581826,-0.8807005897616769
1785124135.3375463,-5.741786707901205,-0.8823595463512954
1785124135.3427622,-5.742840866431699,-0.8840727389439873
1785124135.3469915,-5.7438856600604815,-0.8857737125241052
1785124135.35149,-5.744930739802995,-0.8874748660467184
1785124135.3573947,-5.745944069665192,-0.8891263388007866
1785124135.3620243,-5.746972504105514,-0.8908014508283192
1785124135.3667958,-5.748003672306541,-0.8924835552538813
1785124135.372948,-5.7490503930911006,-0.8941900310733033
1785124135.3768358,-5.750059426802277,-0.8958375819416524
1785124135.3818166,-5.75110553266588,-0.8975450508093638
1785124135.3898723,-5.75214621967876,-0.8992447093293058
1785124135.3945823,-5.753209003706276,-0.9009793784761597
1785124135.3978949,-5.754221867373572,-0.9026318283200634
1785124135.4018867,-5.755237894335346,-0.9042891226546949
1785124135.4071171,-5.756288542131039,-0.9060058640188767
1785124135.4139764,-5.757345297871587,-0.9077342597338885
1785124135.4164183,-5.758395537248857,-0.9094541135379667
1785124135.422355,-5.759449321972048,-0.9111780759086472
1785124135.4263942,-5.760475705748459,-0.9128591301930228
1785124135.431745,-5.7614493904455735,-0.9144570867861925
1785124135.439544,-5.762419397275801,-0.9160506050915922
1785124135.4420307,-5.763355956006856,-0.9175924047420965
1785124135.4462912,-5.764312325073456,-0.9191675697902003
1785124135.451708,-5.765237787942328,-0.9206906425555093
1785124135.4572723,-5.766220257551464,-0.9223082833079018
1785124135.4621813,-5.767182156606071,-0.9238930643610322
1785124135.4669797,-5.768133771249054,-0.9254627871066315
1785124135.4734943,-5.769074349500673,-0.9270130887596596
1785124135.4760413,-5.770009796287585,-0.928556813479599
1785124135.4818046,-5.770976009847151,-0.9301529749313338
1785124135.4891586,-5.77191269889668,-0.9317016256211771
1785124135.4919,-5.77288475006126,-0.9333112369009633
1785124135.497227,-5.773813787971933,-0.9348501782564319
1785124135.5019386,-5.774769378470555,-0.9364354128760976
1785124135.5072987,-5.775724816274841,-0.9380193890199875
1785124135.5150607,-5.776663506056808,-0.9395771240022673
1785124135.516576,-5.7776064735247745,-0.9411393849329225
1785124135.5223815,-5.778550374913732,-0.9427016112061688
1785124135.5265596,-5.77951259187449,-0.9442971473485985
1785124135.532188,-5.780437308696866,-0.9458316890145992
1785124135.5381706,-5.781405250300097,-0.9474399054392674
1785124135.5421994,-5.78235097452703,-0.9490111721065845
1785124135.5474923,-5.783283500197624,-0.950564398928202
1785124135.5514433,-5.784229063899547,-0.9521418743353434
1785124135.5569954,-5.785141968482944,-0.9536656495163772
1785124135.5618405,-5.786063321424549,-0.9552038096021
1785124135.5665076,-5.78700126025717,-0.956771964902038
1785124135.5730023,-5.787944641552075,-0.9583498353668374
1785124135.576672,-5.788940664673607,-0.9600217710700143
1785124135.5812166,-5.789930166831034,-0.9616838010703835
1785124135.5864506,-5.790946828977242,-0.9633910869687864
1785124135.5915465,-5.792040056527455,-0.9652283657672653
1785124135.5967622,-5.793050694358492,-0.9669286195407978
1785124135.6017406,-5.794051685337929,-0.9686141365907782
1785124135.607039,-5.795069427091206,-0.9703261235327304
1785124135.6127906,-5.796084770981373,-0.9720348647639263
1785124135.6166065,-5.797093662067417,-0.9737348412510148
1785124135.6242433,-5.798101844244849,-0.9754337054414223
1785124135.629544,-5.799098783974484,-0.9771155897697467
1785124135.6336844,-5.800070016324999,-0.9787570377345675
1785124135.640844,-5.80104074734738,-0.9803991638873314
1785124135.6427462,-5.8020423343759795,-0.9820970937654165
1785124135.647274,-5.803060419675083,-0.983825115346294
1785124135.6520023,-5.8040953092814265,-0.9855823949609744
1785124135.6579614,-5.805075150238968,-0.987244246345218
1785124135.6633775,-5.806069624815869,-0.9889350941996211
1785124135.6673768,-5.807099066821709,-0.9906869973096845
1785124135.6759672,-5.8081389940898465,-0.9924604601804814
1785124135.6782117,-5.809174489370029,-0.9942269722453884
1785124135.6822653,-5.810189229106436,-0.995958925599036
1785124135.6881707,-5.811178113299964,-0.9976478336352916
1785124135.692166,-5.812208874979372,-0.9994102099227591
1785124135.6984658,-5.813201417223124,-1.0011102197450925
1785124135.7022233,-5.81421117931219,-1.002839462650303
1785124135.707651,-5.815261756431235,-1.0046439214149405
1785124135.7186298,-5.816252140999476,-1.0063488386093218
1785124135.7262208,-5.81725408557719,-1.0080773237769112
1785124135.7305617,-5.818267789466182,-1.009827636995235
1785124135.73253,-5.81926512492879,-1.0115486960098257
1785124135.739393,-5.820256141956579,-1.01326343552456
1785124135.7421772,-5.821258637915557,-1.0149999283434818
1785124135.746523,-5.82227585377606,-1.0167639272935123
1785124135.7514942,-5.823293350403451,-1.0185260977165405
1785124135.7573273,-5.8243072605593325,-1.0202847772042005
1785124135.761429,-5.825296987070118,-1.0220023104082774
1785124135.7664948,-5.826285238338615,-1.0237214352872965
1785124135.772307,-5.827262169003322,-1.0254231546989896
1785124135.7767062,-5.828224460114771,-1.0271020595515965
1785124135.781811,-5.829159857483432,-1.0287371627883564
1785124135.7862818,-5.830060810846573,-1.0303147154051893
1785124135.7919688,-5.830984660792316,-1.0319328640127658
1785124135.7971601,-5.831880888297043,-1.0335030686982325
1785124135.8051145,-5.832779962744267,-1.0350783528104677
1785124135.809202,-5.83368153006843,-1.036658971820824
1785124135.8119762,-5.8345797034601805,-1.0382354196098216
1785124135.8267367,-5.835462665424035,-1.0397872179772103
1785124135.831048,-5.836363667704897,-1.0413693415527647
1785124135.835344,-5.837260938564083,-1.0429477727239418
1785124135.8414035,-5.838159653442789,-1.0445276968315622
1785124135.8435318,-5.839027320250284,-1.0460548618689822
1785124135.848267,-5.83992616045192,-1.0476372330578063
1785124135.851819,-5.8408134695662035,-1.049199118110974
1785124135.8596258,-5.841743217229775,-1.050836825516064
1785124135.862922,-5.84264011623695,-1.0524194103777693
1785124135.8673851,-5.843560672266862,-1.0540456898629726
1785124135.8740544,-5.844462982492942,-1.0556423324688633
1785124135.8796031,-5.845344385314814,-1.0572026679819295
1785124135.8836358,-5.846276203236151,-1.0588508333415527
1785124135.886942,-5.847213386886598,-1.0605109174782565
1785124135.8913684,-5.848188351140088,-1.062240161644059
1785124135.8965507,-5.849164826837507,-1.0639728356180618
1785124135.9017959,-5.850159545752112,-1.065739340602588
1785124135.9072318,-5.851158117462328,-1.0675144025041032
1785124135.9117014,-5.852154563040236,-1.0692898540660993
1785124135.91656,-5.85310844731224,-1.070990322654139
1785124135.9250894,-5.8540812911245315,-1.0727286095854893
1785124135.926961,-5.855041387686802,-1.0744457355486066
1785124135.9314544,-5.856003712976912,-1.0761656790949747
1785124135.9369998,-5.856986127361898,-1.0779261163008864
1785124135.9416528,-5.857944432327239,-1.0796482879930598
1785124135.9463508,-5.858922939081923,-1.0814120258971818
1785124135.9518533,-5.859900175656826,-1.0831754851982174
1785124135.9571178,-5.860862030773643,-1.0849182949082963
1785124135.961472,-5.861808266191294,-1.086635701372168
1785124135.966424,-5.862815671511317,-1.088470181822635
1785124135.973669,-5.863744681273709,-1.0901617746142667
1785124135.9769206,-5.86466092271019,-1.0918312006216342
1785124135.9816499,-5.865542422710078,-1.0934410735588806
1785124135.9864924,-5.866408851121343,-1.0950249841942854
1785124135.9919097,-5.867285879823837,-1.096631244095164
1785124135.9965217,-5.8681068369862945,-1.0981367418886903
1785124136.0016348,-5.868965786262308,-1.0997141112580244
1785124136.0071783,-5.8698200495794834,-1.101283620042079
1785124136.0113895,-5.8706839690882395,-1.1028699524862522
1785124136.0167286,-5.871539886239452,-1.104447308061514
1785124136.0235686,-5.872390746532972,-1.1060140598866166
1785124136.0264328,-5.873249653139088,-1.1076004823407868
1785124136.0317447,-5.874104110332525,-1.1091815359345603
1785124136.037599,-5.874982918491174,-1.110810006602013
1785124136.0417595,-5.875863052897095,-1.1124439203024217
1785124136.0464864,-5.876731172788091,-1.1140579623859839
1785124136.0514443,-5.877619197531454,-1.1157103745881467
1785124136.0572755,-5.87845674362707,-1.1172726232391954
1785124136.0619984,-5.879319754554437,-1.118880095828781
1785124136.0663352,-5.880187536527116,-1.120495303106271
1785124136.0728762,-5.881042582464331,-1.122086912529206
1785124136.0762472,-5.881930278651206,-1.1237431896265144
1785124136.081686,-5.882768978909981,-1.1253128782674078
1785124136.0876985,-5.88362614249798,-1.1269242633266634
1785124136.091557,-5.884489597150056,-1.1285463710721637
1785124136.0966713,-5.885350969791033,-1.1301661577441817
1785124136.101943,-5.886186134317623,-1.1317410786707534
1785124136.1071107,-5.887055868591712,-1.1333832052625026
1785124136.1114748,-5.887902266265681,-1.1349811896640465
1785124136.1163282,-5.888776341080345,-1.1366302964714892
1785124136.1238387,-5.889630175089561,-1.138246146318442
1785124136.126857,-5.890511503929928,-1.1399221917344642
1785124136.1314533,-5.891435603094742,-1.141685610257884
1785124136.1385016,-5.892360344010339,-1.1434522243686271
1785124136.1415358,-5.893256117108513,-1.1451646740688708
1785124136.1462493,-5.894174762544615,-1.1469190401647065
1785124136.1514642,-5.895111543322687,-1.1487073707638775
1785124136.157298,-5.8960001858686955,-1.1504050391441984
1785124136.1619148,-5.896937906416698,-1.1521913611894823
1785124136.1665406,-5.897877141840959,-1.1539816272138843
1785124136.173081,-5.898801323237613,-1.1557466134886747
1785124136.1784759,-5.899704191246421,-1.1574729746643864
1785124136.18193,-5.900596333334399,-1.1591822560285752
1785124136.1874752,-5.9014587141146535,-1.160838443213191
1785124136.193515,-5.9023792869966,-1.162608521235487
1785124136.201401,-5.9033006352185335,-1.1643805321177034
1785124136.2039156,-5.904231267962398,-1.1661724393163502
1785124136.2080224,-5.905180207092005,-1.1680007272058721
1785124136.213104,-5.906113932188589,-1.1698039599333856
1785124136.2167878,-5.907025977626865,-1.171570743621308
1785124136.229498,-5.907937050222166,-1.1733413738076937
1785124136.2317796,-5.908855394819718,-1.1751276962643846
1785124136.2384524,-5.909751875929711,-1.176874938999737
1785124136.242955,-5.910667656464955,-1.1786600900893898
1785124136.2472606,-5.9115897776224,-1.1804590381656475
1785124136.251677,-5.91250169586904,-1.1822373275900888
1785124136.2589421,-5.913400620392429,-1.1839909038521768
1785124136.2621133,-5.914322411141215,-1.1857943140329266
1785124136.2673028,-5.91521954276788,-1.1875513123896937
1785124136.273537,-5.916168756827077,-1.1894143851548113
1785124136.2769384,-5.917073451105886,-1.1911964021794152
1785124136.2815921,-5.917947141474404,-1.1929152804861336
1785124136.2872527,-5.918842739184445,-1.1946794188873249
1785124136.2922401,-5.919736071418768,-1.196442630915344
1785124136.2985764,-5.920647816718289,-1.1982471152148766
1785124136.3034303,-5.921554892118423,-1.2000434048194788
1785124136.3082144,-5.9224499999514535,-1.2018150752026089
1785124136.3122065,-5.923358757459787,-1.2036164929550845
1785124136.317408,-5.924239838111158,-1.2053657000487867
1785124136.3237462,-5.925139259152007,-1.20715609217858
1785124136.3379507,-5.926038619635769,-1.208950010434925
1785124136.3424208,-5.9269145628190065,-1.2107039909012427
1785124136.347954,-5.92773639096149,-1.212350599284737
1785124136.3519683,-5.928530590205968,-1.2139482062339915
1785124136.358087,-5.929325356249642,-1.215549422521597
1785124136.3625736,-5.930147800592286,-1.2172100228692166
1785124136.3669958,-5.930956314331129,-1.2188474025527294
1785124136.3716965,-5.931777315843676,-1.2205137072439356
1785124136.374208,-5.9326149834452035,-1.2222150943192744
1785124136.378925,-5.933395537212929,-1.2238057877057724
1785124136.3823996,-5.934179004794851,-1.2254041408240914
1785124136.386967,-5.9349973971359224,-1.2270762383036637
1785124136.3922777,-5.935799285500775,-1.2287167436954045
1785124136.3978503,-5.936594205027746,-1.230342790741204
1785124136.404553,-5.937366000321695,-1.2319263207935276
1785124136.40814,-5.938165054337833,-1.2335663886468828
1785124136.413998,-5.938944363582104,-1.2351661138653232
1785124136.4174838,-5.939726545754802,-1.236775553027817
1785124136.4245207,-5.940514175933844,-1.238400777135255
1785124136.4281497,-5.941315978602855,-1.240057334338618
1785124136.4360394,-5.942119280154249,-1.2417174532968498
1785124136.4402432,-5.942909838499592,-1.2433521942766181
1785124136.4424105,-5.943660712753535,-1.244912013145417
1785124136.4471216,-5.944433767507852,-1.2465205087652071
1785124136.4514885,-5.945249202477974,-1.2482180809119163
1785124136.4573047,-5.946007929526176,-1.2498016438052189
1785124136.461574,-5.946802010089536,-1.251458179135727
1785124136.4662318,-5.94758163831734,-1.2530878301125503
1785124136.4723396,-5.948377306251948,-1.2547558021968064
1785124136.4767327,-5.949125766778359,-1.2563282606991
1785124136.4814384,-5.949848269102858,-1.2578510449490266
1785124136.4865174,-5.950570807992644,-1.2593806753284633
1785124136.4916687,-5.951276011128339,-1.2608717563496512
1785124136.4967487,-5.951969329649316,-1.2623432940494494
1785124136.501508,-5.952667579200276,-1.2638263728534174
1785124136.5067918,-5.953373613959088,-1.2653280877476096
1785124136.5113032,-5.9540576927539455,-1.2667863487872595
1785124136.5169876,-5.954742375342648,-1.2682504071120595
1785124136.5222828,-5.955442782847277,-1.2697487216644698
1785124136.5266948,-5.956109350638794,-1.2711764456223678
1785124136.5324206,-5.956802296686387,-1.2726637799070004
1785124136.5367544,-5.957496732303889,-1.274155161157164
1785124136.5414944,-5.958188698734634,-1.2756481278886311
1785124136.5470495,-5.958888658598323,-1.2771641634907651
1785124136.5523453,-5.959600905994425,-1.2787038950982843
1785124136.5574894,-5.960276474182207,-1.2801675711164546
1785124136.562384,-5.960935223080641,-1.2815967515817335
1785124136.5676675,-5.961641224913755,-1.2831310976433459
1785124136.5733235,-5.962346211541213,-1.2846650633859316
1785124136.578038,-5.963059490019609,-1.2862179208973745
1785124136.581991,-5.963735980250797,-1.2876940061288165
1785124136.5875769,-5.9643865004224095,-1.2891165445888448
1785124136.5928261,-5.965061304944003,-1.2905911994074089
1785124136.5968444,-5.965726995666571,-1.2920471249124448
1785124136.6019468,-5.9664035950240715,-1.293527516912258
1785124136.607303,-5.967101469871234,-1.2950556697525288
1785124136.612721,-5.967780945480372,-1.2965465186431704
1785124136.6171267,-5.968483444929066,-1.2980892441416891
1785124136.623619,-5.969188567143913,-1.2996394119647658
1785124136.6288536,-5.96982770901076,-1.3010444555925793
1785124136.6409965,-5.970446745117375,-1.3024049428608988
1785124136.6451533,-5.971053497309702,-1.3037385993215833
1785124136.6493795,-5.971639963074235,-1.3050288567052013
1785124136.6532922,-5.972238128556984,-1.3063483553177335
1785124136.6572347,-5.972836931127367,-1.3076737622612438
1785124136.6620793,-5.973421129245196,-1.3089704701429157
1785124136.6669786,-5.97401842036938,-1.3102955312084237
1785124136.6754448,-5.974624495923678,-1.3116450428509645
1785124136.6792607,-5.975215756843673,-1.3129619433382664
1785124136.6843207,-5.975811259270624,-1.3142893921019372
1785124136.68835,-5.976421468738139,-1.315650770944275
1785124136.6942842,-5.977028864614133,-1.3170068871272598
1785124136.6979825,-5.977625402102293,-1.3183428075806303
1785124136.702336,-5.978238857361909,-1.3197147919339363
1785124136.708489,-5.978834134822329,-1.3210466081409482
1785124136.711912,-5.979412146231588,-1.322338172324102
1785124136.717007,-5.980029309739319,-1.323716167713041
1785124136.7233677,-5.980636055567261,-1.3250742265524684
1785124136.7278006,-5.98124647161632,-1.3264425905997936
1785124136.731646,-5.9818299220622535,-1.3277523992343345
1785124136.7407508,-5.982400970645687,-1.3290381632323642
1785124136.743931,-5.982996683507814,-1.3303822707225246
1785124136.7471688,-5.983601162269189,-1.3317485375861817
1785124136.7522268,-5.984170540453802,-1.3330386114265598
1785124136.7569644,-5.984759024313187,-1.3343738006604797
1785124136.761946,-5.985348355056333,-1.3357124572298673
1785124136.7661738,-5.985918344499873,-1.337009591332855
1785124136.772203,-5.986519064155803,-1.3383768502201352
1785124136.7772124,-5.987101387302356,-1.339704753474207
1785124136.7814255,-5.987693170172112,-1.3410596896191873
1785124136.7863505,-5.988278285675835,-1.342401403554494
1785124136.792352,-5.988847768249924,-1.34370945204015
1785124136.7962217,-5.989421963435091,-1.3450278820186998
1785124136.8015065,-5.990006455696479,-1.3463729446463932
1785124136.8068836,-5.990577839799356,-1.3476911555168178
1785124136.811529,-5.991161588295913,-1.3490400185424736
1785124136.816415,-5.991734564601723,-1.3503683095020744
1785124136.8224318,-5.99230651785714,-1.3516941763333985
1785124136.8281915,-5.992850596223773,-1.3529597410089718
1785124136.8314037,-5.993375554683211,-1.3541820928262138
1785124136.8424764,-5.993877854952863,-1.3553552694557716
1785124136.844212,-5.994374066605651,-1.3565144690385005
1785124136.8464336,-5.994872702016297,-1.3576814095376368
1785124136.8511732,-5.995369362801106,-1.3588470679366205
1785124136.856633,-5.99587507748278,-1.3600361926501188
1785124136.8617945,-5.996377847483898,-1.3612215920845867
1785124136.866136,-5.9968827262370645,-1.3624125727339729
1785124136.8719485,-5.997377294955505,-1.3635817300682556
1785124136.8774023,-5.997861251543293,-1.3647259118259882
1785124136.8811269,-5.99837417561488,-1.3659390642777038
1785124136.8865573,-5.998869621839805,-1.3671130846596162
1785124136.8925989,-5.9993529532325045,-1.368260675338074
1785124136.8973489,-5.999828814447544,-1.369392331360364
1785124136.9020188,-6.000333357992256,-1.3705959302563733
1785124136.907253,-6.00083894013738,-1.3718041796533067
1785124136.9116268,-6.001338055783741,-1.3730001942283714
1785124136.9168978,-6.001820834142374,-1.3741590649127222
1785124136.9232326,-6.002302969839484,-1.375319762516679
1785124136.9272838,-6.002807761930876,-1.376536120206795
1785124136.9316878,-6.003302176052876,-1.3777273251269357
1785124136.9378998,-6.0037959577672035,-1.3789206789078432
1785124136.9420867,-6.004281590913661,-1.3800948875720402
1785124136.9467106,-6.004774456672019,-1.381290195629183
1785124136.9512815,-6.005258366899981,-1.3824675801436694
1785124136.958176,-6.005749281133037,-1.3836644680803218
1785124136.9617288,-6.0062291914518084,-1.3848351160862118
1785124136.966607,-6.0067106807080615,-1.3860118149251766
1785124136.9723985,-6.007193566112064,-1.3871966106785236
1785124136.9775975,-6.00768900892949,-1.3884143376300688
1785124136.981582,-6.008159977039392,-1.389576150021328
1785124136.987022,-6.0086511686286075,-1.3907907523245346
1785124136.9916039,-6.009122093350883,-1.391958786623855
1785124136.9968588,-6.00961604831486,-1.3931837163749352
1785124137.0017262,-6.010095716961636,-1.3943748093419701
1785124137.0072684,-6.010575992591283,-1.3955669009918523
1785124137.011759,-6.011057032319208,-1.3967661230142483
1785124137.016369,-6.011525276422985,-1.3979369317435129
1785124137.022139,-6.012011451182943,-1.3991571239044776
1785124137.0268984,-6.012446860284272,-1.400250935216704
1785124137.0313954,-6.0128674228384975,-1.4013101765209015
1785124137.0394394,-6.0132877691780635,-1.4023694320644233
1785124137.0415905,-6.013708240905323,-1.4034287022106977
1785124137.0469155,-6.014124938445566,-1.404480875050627
1785124137.051347,-6.014542735021475,-1.4055411237073647
1785124137.0571804,-6.0149650891066475,-1.4066152161001766
1785124137.06279,-6.015373586651839,-1.407654965467604
1785124137.0667598,-6.015787398307212,-1.4087106916092398
1785124137.072468,-6.0161769417788005,-1.4097070894199966
1785124137.0781288,-6.016581245063929,-1.4107444472270088
1785124137.081563,-6.0169886477913375,-1.4117932517543892
1785124137.086688,-6.017370316869265,-1.412777197928879
1785124137.0926285,-6.01777314822016,-1.4138181558409577
1785124137.096904,-6.018174668186819,-1.414854961341754
1785124137.1016636,-6.0185738410191165,-1.4158864267078044
1785124137.107151,-6.018975887858145,-1.4169274686742284
1785124137.1127706,-6.019379058830034,-1.4179724166400485
1785124137.1166208,-6.019776417281577,-1.4190021794424397
1785124137.1230347,-6.020185282405121,-1.4200653418533562
1785124137.1277373,-6.0205793427653385,-1.4210912443038948
1785124137.1314182,-6.020968854673433,-1.4221084221525575
1785124137.1394622,-6.021363351253719,-1.4231396035857649
1785124137.1418355,-6.021744800607057,-1.4241390114127561
1785124137.1466467,-6.022143661352298,-1.4251854848026613
1785124137.1513908,-6.02252211545293,-1.4261779472123925
1785124137.1573741,-6.02291403162626,-1.4272077985543385
1785124137.1619797,-6.02332043478635,-1.4282776206491343
1785124137.1666942,-6.023710445717125,-1.429303242646976
1785124137.173473,-6.024103307576458,-1.4303374747845563
1785124137.1773725,-6.024491047203803,-1.4313624640777922
1785124137.1816897,-6.024886233634373,-1.4324087642591745
1785124137.186868,-6.025269941253253,-1.4334245101721461
1785124137.1915598,-6.0256576237459845,-1.434450866637901
1785124137.1973586,-6.026046053335912,-1.43547878664149
1785124137.2028546,-6.026422447192626,-1.436474695586035
1785124137.20731,-6.02680773827444,-1.437497367033258
1785124137.2121449,-6.027191059696217,-1.4385172060179134
1785124137.217047,-6.0275649250900685,-1.4395126044107764
1785124137.2234173,-6.027951619045911,-1.4405433166916932
1785124137.2267468,-6.028301360036998,-1.4414769699729455
1785124137.2315457,-6.028649747625904,-1.4424078394227295
1785124137.2424183,-6.028988488931007,-1.4433159495619032
1785124137.2437503,-6.029301716613898,-1.4441573963839516
1785124137.2473648,-6.029623145158112,-1.445022158191538
1785124137.2517955,-6.0299375781957565,-1.4458712646249494
1785124137.2578247,-6.030259369317215,-1.4467409998539305
1785124137.2627242,-6.030575390466025,-1.4475978273885293
1785124137.2663817,-6.030890725091111,-1.4484532017658251
1785124137.2729373,-6.031205058611467,-1.4493087671460894
1785124137.2769375,-6.031509944558324,-1.4501381904198516
1785124137.282318,-6.031827087067735,-1.451003690832914
1785124137.287222,-6.032144116755029,-1.451871463329867
1785124137.291856,-6.032464691416327,-1.4527512722639322
1785124137.2969427,-6.03278074937086,-1.4536214372690146
1785124137.3021002,-6.033083462405723,-1.4544582697477202
1785124137.306649,-6.033388092194303,-1.4553051901326441
1785124137.3120089,-6.033704615371572,-1.456186759853916
1785124137.316627,-6.03401010967738,-1.4570407594448194
1785124137.3220124,-6.034322969278761,-1.4579191880375564
1785124137.326717,-6.034623361318012,-1.4587653728331031
1785124137.3314886,-6.034929552632128,-1.4596328262862057
1785124137.3401399,-6.035228395280776,-1.4604833058916076
1785124137.3438623,-6.03553254014571,-1.4613514254311808
1785124137.3461616,-6.035831108320298,-1.462204596584026
1785124137.3519316,-6.036130351292882,-1.4630616284112503
1785124137.3576536,-6.036422938149143,-1.4639023993065843
1785124137.3621314,-6.0367227518724595,-1.4647677025774528
1785124137.3664486,-6.037021882440544,-1.4656341966259356
1785124137.372243,-6.037315256424491,-1.4664887283733576
1785124137.3768806,-6.037603914573615,-1.4673316810964856
1785124137.3816407,-6.03788257375778,-1.4681473670844365
1785124137.387284,-6.0381874976693375,-1.4690436483441742
1785124137.3914201,-6.038477425547169,-1.4698984217577915
1785124137.3973985,-6.038762882778196,-1.470741368767453
1785124137.4017174,-6.039058532315366,-1.471617570595468
1785124137.4072576,-6.0393527120261075,-1.4724942890853236
1785124137.411725,-6.039630455296451,-1.4733235672853264
1785124137.4159727,-6.039926847516996,-1.474211141841607
1785124137.4224901,-6.040220268867267,-1.4750968879001833
1785124137.426934,-6.040513181682567,-1.475985902897683
1785124137.4316947,-6.040795667019847,-1.4768484734006053
1785124137.4390073,-6.041077117665143,-1.477713178667138
1785124137.44161,-6.041362264751769,-1.4785894644057012
1785124137.4469657,-6.041637992777343,-1.4794420817653136
1785124137.4526505,-6.041930636230014,-1.480351870905982
1785124137.4566963,-6.042203795549878,-1.4812050045355971
1785124137.462263,-6.042476466974718,-1.4820577375953636
1785124137.466734,-6.042750962060831,-1.4829203429079842
1785124137.47345,-6.043031533819502,-1.4838068946110277
1785124137.476813,-6.0433136279264215,-1.484700621300136
1785124137.4815948,-6.043586504444708,-1.4855674696772463
1785124137.4862971,-6.043863452975995,-1.4864505791024003
1785124137.4915745,-6.0441463688833705,-1.4873558373340545
1785124137.4972634,-6.0444139999901045,-1.488215466211812
1785124137.5017352,-6.0446878187832525,-1.4890995014444144
1785124137.507103,-6.044955307425084,-1.4899684884934412
1785124137.5127265,-6.045230209154087,-1.4908644579171164
1785124137.5164378,-6.045496311483295,-1.491734696105401
1785124137.5224338,-6.045755890346817,-1.4925887161309297
1785124137.5276828,-6.046002306650668,-1.493402789468962
1785124137.532203,-6.046232257957755,-1.4941658617622637
1785124137.5388832,-6.046455174221786,-1.4949064207071037
1785124137.5416574,-6.046675924529806,-1.4956426472387283
1785124137.5471303,-6.0468899745989555,-1.4963557770475433
1785124137.5517569,-6.047107964376478,-1.49708742221288
1785124137.5594857,-6.047319191770523,-1.4977985289825007
1785124137.56257,-6.04752521135492,-1.4984964872398356
1785124137.5666301,-6.047738026423488,-1.4992193531031577
1785124137.5727947,-6.0479531915299996,-1.4999518204412665
1785124137.5764956,-6.048164793558186,-1.5006741531010255
1785124137.5819287,-6.048374069150064,-1.5013898923484326
1785124137.587573,-6.048587181359632,-1.502120283497474
1785124137.592119,-6.048790408783812,-1.502818428468709
1785124137.597408,-6.048994573656124,-1.5035236982966693
1785124137.6017537,-6.049204573889036,-1.5042523649936914
1785124137.6078367,-6.049416552676337,-1.504989619940445
1785124137.6128025,-6.049618639088577,-1.5056960419449381
1785124137.6165705,-6.04982439283082,-1.5064189846050156
1785124137.6227643,-6.0500316792526485,-1.507151011191643
1785124137.6281078,-6.050241704725069,-1.5078954647802398
1785124137.6316252,-6.050444214760784,-1.5086146104903886
1785124137.6392431,-6.050646298953163,-1.5093311586906424
1785124137.641299,-6.050850478693464,-1.5100560935832075
1785124137.64683,-6.051047077203741,-1.5107543187855925
1785124137.6517107,-6.051247712048845,-1.511469562124547
1785124137.6571987,-6.051446597250385,-1.5121810827663547
1785124137.6620035,-6.051652162679669,-1.5129160583628734
1785124137.6666243,-6.051849813401599,-1.5136239680992292
1785124137.6728976,-6.052055356437239,-1.5143626118707392
1785124137.67726,-6.052251570684291,-1.5150699344663865
1785124137.6823988,-6.052452747575738,-1.5157943035677048
1785124137.687215,-6.052650867084096,-1.5165096505202127
1785124137.6914423,-6.0528544155044415,-1.5172462063721417
1785124137.6974075,-6.053057781822707,-1.5179831648485587
1785124137.7014832,-6.053254283536048,-1.5186985312637036
1785124137.7074852,-6.0534575490601705,-1.5194415023084336
1785124137.7117586,-6.05364677717697,-1.520135338115225
1785124137.7173104,-6.053851138393873,-1.5208861175810227
1785124137.7227128,-6.054051653254599,-1.5216254092667612
1785124137.7278783,-6.054240603265907,-1.5223215521709772
1785124137.7334056,-6.0544351838595425,-1.5230412229449162
1785124137.740719,-6.054624032920893,-1.5237426542708796
1785124137.7450147,-6.054818199357624,-1.524466234453962
1785124137.7475743,-6.055014516208903,-1.5252004031009605
1785124137.7517946,-6.05519963696048,-1.5258945370534664
1785124137.7568705,-6.055394973690529,-1.5266304293455784
1785124137.761605,-6.055586545206175,-1.5273526928182892
1785124137.767074,-6.055782125983744,-1.5280915655532374
1785124137.7718863,-6.055968768030711,-1.5287975946802124
1785124137.7766168,-6.056120148807598,-1.5293708645952713
1785124137.7819333,-6.056253199097449,-1.529875290778063
1785124137.786732,-6.056371990895197,-1.5303247412196523
1785124137.7921977,-6.05647752023094,-1.5307251835942632
1785124137.7980423,-6.056574346876811,-1.5310945579006259
1785124137.804739,-6.056676871881983,-1.5314866628451236
1785124137.812631,-6.05677701011744,-1.5318713297786843
1785124137.8135917,-6.056875225094604,-1.5322497087558264
1785124137.8174162,-6.056972912332566,-1.5326276472897555
1785124137.827644,-6.057072758975284,-1.533014697178451
1785124137.8309684,-6.057135993973463,-1.5332605257632068
1785124137.8444724,-6.057178882963876,-1.5334278917016901
1785124137.8453095,-6.057212171846481,-1.533558276431387
1785124137.8474128,-6.057237604497801,-1.533658207916867
1785124137.852341,-6.057259877823988,-1.533746030251471
1785124137.85747,-6.057279937568467,-1.5338252708551396
1785124137.861895,-6.0572992130124454,-1.5339014761391032
1785124137.8667092,-6.057318678911981,-1.5339784879944234
1785124137.8734398,-6.057337519461334,-1.5340527795426253
1785124137.877572,-6.057360110527645,-1.5341417995063986
1785124137.8821769,-6.057383606724018,-1.5342344947337114
1785124137.886847,-6.057408194429209,-1.534331649945249
1785124137.8916337,-6.0574324706641,-1.5344277437813265
1785124137.8996952,-6.057456424228331,-1.5345226003055306
1785124137.9040391,-6.057480940771664,-1.5346193632315157
1785124137.9074483,-6.057506135863089,-1.5347183177307007
1785124137.9111867,-6.057531867114686,-1.5348192423340852
1785124137.9168415,-6.05755790816746,-1.5349210835196814
1785124137.9224484,-6.057584985687187,-1.5350265422256415
1785124137.9268458,-6.057615134574884,-1.5351433240339516
1785124137.9326823,-6.057645332300086,-1.5352599101570619
1785124137.937236,-6.057674741436704,-1.5353729888571181
1785124137.9428334,-6.057707326763532,-1.5354976310440556
1785124137.9478507,-6.057740463705431,-1.535623893885244
1785124137.95189,-6.057772824167747,-1.5357464485784325
1785124137.957612,-6.057805430682279,-1.5358694271465994
1785124137.961782,-6.057837904957106,-1.5359915413506322
1785124137.9666662,-6.057872210075474,-1.5361195404762698
1785124137.9728205,-6.057906820646834,-1.5362478526681216
1785124137.9771566,-6.057944339794934,-1.5363860107927478
1785124137.982603,-6.057980757731645,-1.5365192629993487
1785124137.9875224,-6.058018208446775,-1.536655771199012
1785124137.9949648,-6.058057016827883,-1.5367957833672374
1785124137.9976144,-6.058093925712608,-1.5369275630224701
1785124138.0025868,-6.058133755675575,-1.5370686045015844
1785124138.0076187,-6.058172981963587,-1.537206493177686
1785124138.013068,-6.058211338331768,-1.5373399897343454
1785124138.0172393,-6.058251113152846,-1.537476923848377
1785124138.022524,-6.0582902194063974,-1.537610978067758
1785124138.0281043,-6.058327283837708,-1.5377373688923226
1785124138.0330923,-6.058363962990748,-1.5378613837450672
1785124138.0377338,-6.058401053667337,-1.5379856456709609
1785124138.043812,-6.05843880233146,-1.5381110412557546
1785124138.0474486,-6.058477492042123,-1.5382382420424177
1785124138.0529494,-6.058516047493212,-1.538364087356913
1785124138.0577204,-6.058554595048564,-1.538488720109067
1785124138.063017,-6.05859415762367,-1.5386152181727224
1785124138.066865,-6.0586322110156425,-1.5387356251468993
1785124138.0728242,-6.05866050192652,-1.5388243247572935
1785124138.0777295,-6.05868060189473,-1.5388866438031277
1785124138.0821662,-6.058700201038243,-1.538946895527835
1785124138.0875475,-6.058721668187114,-1.5390123127068214
1785124138.09299,-6.058743959777715,-1.5390799352030966
1785124138.0980916,-6.058766158216039,-1.539146701789298
1785124138.103466,-6.05878928976655,-1.539215710715403
1785124138.1093154,-6.058811409293202,-1.539281404733384
1785124138.1141663,-6.058832163778784,-1.5393425010829442
1785124138.1170208,-6.058852020668983,-1.539400460759652
1785124138.1235194,-6.05887015449293,-1.5394530714698775
1785124138.1268723,-6.058886630735811,-1.539500561216073
1785124138.1315217,-6.05890143614653,-1.5395429897231343
1785124138.1368625,-6.058913477630618,-1.53957734913733
1785124138.1474793,-6.0589240630047465,-1.5396074407629428
1785124138.1522233,-6.058932436174192,-1.5396311364478248
1785124138.1572013,-6.058939103882393,-1.5396499644829809
1785124138.1624858,-6.058943331203274,-1.5396618768777282
1785124138.1675003,-6.058945600720576,-1.5396682617665687
1785124138.173537,-6.058946154053901,-1.5396698180773853
1785124138.1776364,-6.058944742572336,-1.5396658596362196
1785124138.183109,-6.058940532957291,-1.5396540829919472
1785124138.186949,-6.058935544906644,-1.539640123492504
1785124138.1924603,-6.05892985632501,-1.5396242590065783
1785124138.1972463,-6.058922748345564,-1.539604455660611
1785124138.2037418,-6.058915152126051,-1.5395832696314755
1785124138.2066383,-6.058906504485895,-1.539559120238491
1785124138.211393,-6.058895761429892,-1.5395291206731057
1785124138.2171783,-6.058883315789717,-1.5394943820087463
1785124138.2226424,-6.058868644711865,-1.5394533710252793
1785124138.2281172,-6.0588518479411215,-1.539406369206018
1785124138.232469,-6.058831790223653,-1.53935019447709
1785124138.2378328,-6.058810335927435,-1.5392899824690753
1785124138.243357,-6.058790375714062,-1.539233854067075
1785124138.2555273,-6.058771297584485,-1.539180201714682
1785124138.2591584,-6.0587544627271,-1.539132741275707
1785124138.262989,-6.05873558870348,-1.539079665264923
1785124138.2675602,-6.0587185024630035,-1.5390315831488934
1785124138.272919,-6.058700783139117,-1.5389815849837096
1785124138.2768245,-6.05868127583819,-1.5389265042729998
1785124138.2821147,-6.058666033356279,-1.5388834137685599
1785124138.2876673,-6.058650633092742,-1.5388398422327707
1785124138.292397,-6.05863240280174,-1.5387881457513655
1785124138.2972023,-6.058618630550927,-1.538749121916503
1785124138.3021011,-6.0586028141601656,-1.5387043312990472
1785124138.3074965,-6.058584945034932,-1.5386537590759244
1785124138.312053,-6.05857225263533,-1.5386179989515265
1785124138.3175595,-6.0585562152881405,-1.5385730506837798
1785124138.3234086,-6.0585464190401765,-1.5385456580396601
1785124138.3274443,-6.058524934786684,-1.5384856512395153
1785124138.3334513,-6.0585093183767675,-1.5384421520841476
1785124138.3396091,-6.058498402531228,-1.5384119737108781
1785124138.3417525,-6.058477977221889,-1.5383557930434766
1785124138.346835,-6.058463775608794,-1.5383168651947368
1785124138.3540797,-6.058454157459715,-1.5382906901667739
1785124138.3574214,-6.058441790975725,-1.5382571844187785
1785124138.3616648,-6.0584350855501645,-1.5382390795359322
1785124138.3667707,-6.058417243968512,-1.5381912356174232
1785124138.3730977,-6.058403737120054,-1.538155203490961
1785124138.3765585,-6.058394347896817,-1.5381303151478718
1785124138.3818297,-6.058381371030982,-1.5380961212478848
1785124138.386781,-6.058373538248628,-1.5380756256605137
1785124138.3920221,-6.058364540628658,-1.5380522673857118
1785124138.3963523,-6.0583432252395095,-1.5379973194828935
1785124138.4016042,-6.058332832586349,-1.5379707093552102
1785124138.4077537,-6.058322338414101,-1.5379440399362188
1785124138.4113894,-6.058309246605172,-1.5379110625047923
1785124138.4168732,-6.058302522516345,-1.5378942139251395
1785124138.4224024,-6.05829107777573,-1.5378657239759739
1785124138.4262776,-6.058281706592619,-1.537842520709772
1785124138.4329813,-6.058275812237144,-1.5378280335115646
1785124138.437961,-6.058264430239966,-1.5378002704574656
1785124138.4428282,-6.058254958386503,-1.5377773442996086
1785124138.448112,-6.058244817921771,-1.5377529560228897
1785124138.455182,-6.058236428092265,-1.5377329078175817
1785124138.4575284,-6.058226701425564,-1.5377097929155248
1785124138.4623961,-6.0582182672440625,-1.5376898641037176
1785124138.4667993,-6.058208235186383,-1.5376662742759295
1785124138.4723735,-6.058199203124438,-1.5376452067876365
1785124138.4779215,-6.058188944298759,-1.5376214682673408
1785124138.4822521,-6.058180045119612,-1.5376009942751914
1785124138.4875078,-6.058173483978587,-1.5375860411344848
1785124138.492929,-6.058161033460116,-1.5375578348976588
1785124138.4981534,-6.058153225964255,-1.5375402391095832
1785124138.502655,-6.058144596109563,-1.5375208765406183
1785124138.507541,-6.05813759705373,-1.5375052160356262
1785124138.5120463,-6.0581287660361856,-1.5374855635601512
1785124138.5180364,-6.058121481290377,-1.5374694318448645
1785124138.52349,-6.058114423646378,-1.5374538582225363
1785124138.5301788,-6.05810813903098,-1.5374400624752598
1785124138.5327015,-6.0581005428154215,-1.5374234750230478
1785124138.5384576,-6.058094055290269,-1.537409381642869
1785124138.5429895,-6.058087339770606,-1.537394871884406
1785124138.5468674,-6.058080280418728,-1.5373796717502932
1785124138.5588105,-6.058072650989996,-1.5373633074631048
1785124138.5618293,-6.058064810247969,-1.537346575333321
1785124138.5680249,-6.058056824831708,-1.53732964300864
1785124138.5736506,-6.05804880298947,-1.5373127245375355
1785124138.578108,-6.058040988195115,-1.5372963079635769
1785124138.5818594,-6.058030342642472,-1.537274071349764
1785124138.588778,-6.058019301003175,-1.5372511248253409
1785124138.5926173,-6.058009173925736,-1.5372302083005864
1785124138.5983744,-6.058000177125864,-1.5372117331951336
1785124138.603207,-6.057991842806729,-1.5371946967935108
1785124138.607621,-6.0579843253376255,-1.5371793981174433
1785124138.6126297,-6.057977625337801,-1.5371658365199687
1785124138.6188462,-6.057971231018328,-1.5371529711978593
1785124138.6228094,-6.057965401161018,-1.5371412951402466
1785124138.6286259,-6.057959283903851,-1.5371291092822104
1785124138.631749,-6.057953585015146,-1.5371177823748
1785124138.6367838,-6.057948451836208,-1.5371076173729872
1785124138.643231,-6.057943838833875,-1.537098513872885
1785124138.6473296,-6.057939754966407,-1.5370904850775344
1785124138.651812,-6.057936259663393,-1.5370836528857075
1785124138.662268,-6.057933206171863,-1.5370777117339374
1785124138.6658056,-6.057930534538204,-1.5370725455335126
1785124138.668588,-6.057928426406248,-1.537068479801311
1785124138.673689,-6.057926741488906,-1.5370652412509973
1785124138.6775157,-6.057926092329689,-1.537063999489027
1785124138.6818557,-6.0579259962929,-1.5370638163621555
1785124138.6890807,-6.057925136299838,-1.5370621842499645
1785124138.6926563,-6.057924576051915,-1.5370611249175128
1785124138.6976852,-6.0579246122732835,-1.5370611931180458
1785124138.7030146,-6.057925239279951,-1.5370623673195052
1785124138.7078001,-6.057926755907017,-1.5370652021936282
1785124138.7122693,-6.057928406674882,-1.5370682780918659
1785124138.7175741,-6.057930420573759,-1.5370720182149193
1785124138.723465,-6.0579328593528805,-1.537076528666674
1785124138.7275503,-6.057937788593821,-1.5370855970173836
1785124138.7325056,-6.057943839828739,-1.537096711656294
1785124138.7374284,-6.057950091237321,-1.5371081580319361
1785124138.7421565,-6.057956399432179,-1.5371196596054886
1785124138.7472758,-6.057962746551726,-1.5371311906319325
1785124138.7530208,-6.057969172827937,-1.5371428131304012
1785124138.7646644,-6.057976007774102,-1.5371551214851265
1785124138.768187,-6.057982685386261,-1.5371670920468978
1785124138.7761273,-6.057989881322592,-1.5371799335385998
1785124138.7786286,-6.057999232835898,-1.5371965594953434
1785124138.782059,-6.058009316269108,-1.5372144189033488
1785124138.7887242,-6.058019727631505,-1.5372328188113185
1785124138.7920694,-6.058030224232059,-1.5372513346596495
1785124138.7980146,-6.058041041205281,-1.5372703710203057
1785124138.8027813,-6.058051702957055,-1.5372890766304217
1785124138.8087156,-6.0580621427050865,-1.537307380186701
1785124138.8119335,-6.058066545420116,-1.5373150728004017
1785124138.8194687,-6.058075731320603,-1.5373310454442028
1785124138.825188,-6.058086513138265,-1.5373497279705928
1785124138.8283525,-6.058098380694839,-1.5373702304647185
1785124138.8319578,-6.058110850537114,-1.5373916904499305
1785124138.8383188,-6.058123865183454,-1.5374140249433719
1785124138.8421164,-6.0581295527722965,-1.5374237775512882
1785124138.8468368,-6.058141118580446,-1.5374435178864094
1785124138.8522367,-6.058154171579989,-1.537465729905911
1785124138.859688,-6.0581600593906675,-1.5374757223104298
1785124138.8752074,-6.058171636092928,-1.5374953142688506
1785124138.8762093,-6.058184883259484,-1.5375176638294765
1785124138.8782716,-6.0581982685816325,-1.5375401828169442
1785124138.8822143,-6.058206590193894,-1.5375541743525492
1785124138.8873749,-6.058217686751617,-1.5375727684661957
1785124138.8919728,-6.058229068806323,-1.5375918096745511
1785124138.8973854,-6.058233636766515,-1.537599430906031
1785124138.9024038,-6.058243966550779,-1.5376166416240462
1785124138.9080036,-6.05825609578018,-1.5376367971859723
1785124138.9126503,-6.058268565667858,-1.5376574469305853
1785124138.918762,-6.05827309102066,-1.5376649111966294
1785124138.9239414,-6.058284605707614,-1.53768391022605
1785124138.928242,-6.0582959054125345,-1.537702492234724
1785124138.9329064,-6.058308376572251,-1.5377229333180527
1785124138.937515,-6.058315498154248,-1.5377345567913139
1785124138.9419205,-6.058326397737675,-1.5377522864161703
1785124138.9465594,-6.0583384086688765,-1.5377717807524554
1785124138.952799,-6.0583415388914235,-1.537776845889732
1785124138.956811,-6.058350531837014,-1.5377913436246884
1785124138.9626973,-6.058361001747944,-1.5378081450934264
1785124138.974905,-6.05836400736902,-1.5378129518214254
1785124138.9776561,-6.058372409642302,-1.537826346505016
1785124138.9833264,-6.058381837143849,-1.537841363907953
1785124138.9877808,-6.058390960318957,-1.537855852994014
1785124138.992061,-6.058395988468872,-1.5378638325514726
1785124138.9967446,-6.058404089034888,-1.5378766440587355
1785124139.0020251,-6.0584125835761435,-1.5378900369819928
1785124139.007034,-6.058413467356092,-1.5378914238190553
1785124139.0126612,-6.058419772294635,-1.5379012640718281
1785124139.017776,-6.058427496066588,-1.5379132523153107
1785124139.0227983,-6.0584351961350436,-1.537925147582427
1785124139.0283458,-6.058438508758625,-1.5379302488148237
1785124139.033727,-6.05844469846073,-1.5379397579584269
1785124139.0379083,-6.058451189590921,-1.5379496887891104
1785124139.041967,-6.0584575836320536,-1.5379594406191035
1785124139.0466325,-6.05845613002341,-1.5379572308500904
1785124139.0519798,-6.058460076221767,-1.5379632058686552
1785124139.059188,-6.0584653558641435,-1.5379711742955493
1785124139.0628953,-6.058470390170073,-1.5379787464106796
1785124139.066508,-6.058475218775182,-1.5379859940463645
1785124139.0756233,-6.058475868157423,-1.5379869681980751
1785124139.0777705,-6.0584796405354995,-1.5379925986491483
1785124139.081312,-6.058483881252394,-1.537998911643419
1785124139.0887978,-6.05848787008577,-1.5380048292879485
1785124139.0921566,-6.058491492570088,-1.538010187476955
1785124139.0967402,-6.05848719886839,-1.538003860315977
1785124139.1019,-6.058488486039727,-1.5380057473198436
1785124139.1073945,-6.058491353136766,-1.538009940118918
1785124139.1119308,-6.0584942564239865,-1.5380141794200513
1785124139.1178384,-6.05849687316678,-1.538017989511887
1785124139.123931,-6.05849893887818,-1.538020989856477
1785124139.1289148,-6.058501014569807,-1.538023996590121
1785124139.1330163,-6.058502814571784,-1.5380266011573829
1785124139.138034,-6.058500604536338,-1.538023403780556
1785124139.142516,-6.058501394602551,-1.538024543729333
1785124139.1480806,-6.058502818582071,-1.5380265931124997
1785124139.1543286,-6.058504054687282,-1.5380283674240596
1785124139.1569242,-6.058504904377189,-1.5380295863182192
1785124139.1631963,-6.058505381851904,-1.5380302700756299
1785124139.167856,-6.05850552334429,-1.538030471952895
1785124139.1761918,-6.058505377873659,-1.5380302649655704
1785124139.1781425,-6.058505152689646,-1.5380299449728068
1785124139.1816337,-6.058504778198721,-1.5380294140046948
1785124139.1872263,-6.058504226497346,-1.5380286332572064
1785124139.191347,-6.058503515517278,-1.5380276281362153
1785124139.1992252,-6.058502643593513,-1.5380263966095256
1785124139.2019272,-6.058501625077164,-1.5380249611001577
1785124139.2083614,-6.058500454754288,-1.5380233168396629
1785124139.2116098,-6.058499172637866,-1.5380215195521239
1785124139.2169108,-6.058497794562982,-1.5380195915422183
1785124139.2232072,-6.058496289773622,-1.5380174951304284
1785124139.2269642,-6.058494109172952,-1.5380144657142383
1785124139.2326272,-6.058491756671928,-1.5380112080846156
1785124139.2369666,-6.058489384785044,-1.5380079355155678
1785124139.2427359,-6.0584870323647095,-1.5380046993248084
1785124139.246979,-6.05848463242221,-1.5380014031470222
1785124139.2529104,-6.058482351991791,-1.5379982781809014
1785124139.2622833,-6.058479904845441,-1.537994934998831
1785124139.2651803,-6.058477492770782,-1.5379916485581848
1785124139.2668679,-6.0584749870715715,-1.5379882420283477
1785124139.2768047,-6.058472358419726,-1.537984678455217
1785124139.2791383,-6.058468541723758,-1.537979516597569
1785124139.2813234,-6.058464475944136,-1.5379740288116046
1785124139.2873206,-6.058460409343598,-1.53796854074825
1785124139.2919705,-6.058456492328733,-1.5379632663543021
1785124139.2977316,-6.058452661035883,-1.5379581125642492
1785124139.3027625,-6.058448611263844,-1.5379526821838057
1785124139.3069487,-6.058444497276099,-1.5379471823923156
1785124139.3115294,-6.0584402947176015,-1.5379415800496816
1785124139.3179853,-6.058436043219923,-1.5379359253071574
1785124139.3259368,-6.058431818848402,-1.5379303253013712
1785124139.327926,-6.058421116218285,-1.5379161871857459
1785124139.332209,-6.058408745128603,-1.537899896897307
1785124139.3395476,-6.058396751801526,-1.5378841410550614
1785124139.3428237,-6.058385555411348,-1.5378694666409736
1785124139.3484519,-6.058375700064263,-1.5378565871745986
1785124139.351789,-6.058366219860148,-1.5378442477124807
1785124139.35809,-6.058356609996791,-1.5378317757727626
1785124139.362424,-6.058347076213521,-1.5378194364626798
1785124139.3666492,-6.058337400708852,-1.5378069487291894
1785124139.3812459,-6.0583277944791565,-1.5377945821516372
1785124139.3838303,-6.058317175132919,-1.5377809421273332
1785124139.3868487,-6.058306685754648,-1.5377675027245397
1785124139.391486,-6.058295738328831,-1.5377535191690028
1785124139.397755,-6.058284047946854,-1.5377386049634327
1785124139.4015658,-6.058271739266657,-1.537722927617046
1785124139.4080179,-6.058258715065235,-1.537706397510565
1785124139.411689,-6.058245783974324,-1.5376900275800087
1785124139.416871,-6.058231829559833,-1.5376724110909772
1785124139.4232152,-6.058217998748245,-1.5376549838710751
1785124139.428085,-6.05820510761787,-1.5376387786875705
1785124139.4314463,-6.058192149342219,-1.5376225226922107
1785124139.4371402,-6.058178692863929,-1.5376056748170936
1785124139.4413884,-6.058164550266055,-1.5375880362339636
1785124139.4466808,-6.058141338960359,-1.5375591106998119
1785124139.4522338,-6.05812629345104,-1.5375404096659024
1785124139.4572027,-6.0580954306468975,-1.537502161652032
1785124139.4622095,-6.058079322979305,-1.5374822788261897
1785124139.4717317,-6.058045489305263,-1.5374406631404511
1785124139.4740665,-6.058018831100151,-1.5374079344799758
1785124139.4812706,-6.058007845242381,-1.5373944758258637
1785124139.4847438,-6.057962974918503,-1.5373395837219876
1785124139.487516,-6.057948401256817,-1.5373218132524091
1785124139.4924943,-6.057901819753033,-1.5372650851286782
1785124139.4979808,-6.0578620840486,-1.5372167634554132
1785124139.503384,-6.057836740912546,-1.5371860443619394
1785124139.5074914,-6.0577812750318865,-1.5371189834337522
1785124139.5117862,-6.057739826998397,-1.5370689824081571
1785124139.5176823,-6.057678980275406,-1.5369957680003254
1785124139.522668,-6.057650236604282,-1.5369612276629325
1785124139.528414,-6.0575923905970335,-1.5368919861403527
1785124139.5318522,-6.057523047410282,-1.536809275444145
1785124139.5385022,-6.057446449007147,-1.536718119288404
1785124139.5420485,-6.057363538267696,-1.536619993398469
1785124139.5471716,-6.0572820017424736,-1.5365238421037049
1785124139.5526505,-6.057198376158801,-1.536425547349486
1785124139.5576968,-6.057114777575188,-1.536327743121983
1785124139.5631783,-6.057028632461733,-1.5362273869450553
1785124139.567512,-6.056939688595617,-1.5361242183818438
1785124139.5740745,-6.056853252211206,-1.5360244542919195
1785124139.5852962,-6.056761819743445,-1.535919321922946
1785124139.5897093,-6.056669016595358,-1.5358131129068044
1785124139.5919132,-6.056576077281864,-1.5357072044829863
1785124139.597181,-6.056483467200168,-1.5356022059504535
1785124139.6019664,-6.056390703041655,-1.5354974884889663
1785124139.6068902,-6.056300620193892,-1.5353962727851185
1785124139.6126187,-6.056213773857377,-1.535299154192209
1785124139.6169481,-6.056131590344156,-1.53520791403482
1785124139.6225255,-6.056055133732644,-1.5351234942184822
1785124139.630669,-6.055985767990731,-1.5350473645796046
1785124139.6345153,-6.0559152687980395,-1.5349705861807363
1785124139.6377141,-6.055872146793794,-1.5349238789386015
1785124139.6428528,-6.055825299170445,-1.5348733961210643
1785124139.646455,-6.05576658985063,-1.534810536345104
1785124139.6527157,-6.055700605963432,-1.534740252639663
1785124139.6574156,-6.055628324756818,-1.5346637650371193
1785124139.6625059,-6.055549743383034,-1.5345810668695863
1785124139.6674223,-6.055471838997545,-1.5344993554652875
1785124139.6739829,-6.055396125458764,-1.5344202429184426
1785124139.6785102,-6.055317432634137,-1.5343383055815427
1785124139.6904762,-6.055242453896736,-1.5342604491864589
1785124139.6963186,-6.055169000099263,-1.5341845406545134
1785124139.6990597,-6.055100415570225,-1.5341139020303893
1785124139.7027752,-6.0550215955224065,-1.5340327258815927
1785124139.7093384,-6.0549372463592395,-1.5339460076503897
1785124139.7129998,-6.054853718010328,-1.5338602502857672
1785124139.7170308,-6.054767720675708,-1.5337721647835212
1785124139.723223,-6.054684008156044,-1.533686521218184
1785124139.7284553,-6.054601413419116,-1.5336019804994125
1785124139.7319903,-6.054510753370015,-1.5335091812399702
1785124139.7396715,-6.054444923455225,-1.5334418291199075
1785124139.7434404,-6.054395954509766,-1.5333916705637558
1785124139.74803,-6.0543490959068835,-1.5333436322610714
1785124139.7557528,-6.054310941689887,-1.5333045972672414
1785124139.759922,-6.054276782726304,-1.53326964448577
1785124139.764069,-6.054245100361304,-1.533237237715248
1785124139.7682478,-6.054233554413392,-1.533225438133613
1785124139.777914,-6.054223929027861,-1.5332156132271855
1785124139.7794473,-6.0541964418665355,-1.5331875589569948
1785124139.7820706,-6.054171178169008,-1.533161771247945
1785124139.7915092,-6.0541386517530205,-1.5331286073081078
1785124139.7986453,-6.054170977813331,-1.5331615103819292
1785124139.8026,-6.054153698255719,-1.5331439704364977
1785124139.807022,-6.054139971999082,-1.5331300293310925
1785124139.8126507,-6.054119407209842,-1.533109181688792
1785124139.8167858,-6.054101764838655,-1.5330912995949453
1785124139.822265,-6.054116921956438,-1.5331066277676475
1785124139.828755,-6.054117403616988,-1.5331071133039667
1785124139.8353233,-6.054111405377965,-1.5331010884837952
1785124139.8390467,-6.0541150485197,-1.533104730706572
1785124139.8417807,-6.0541131575235365,-1.5331028477727435
1785124139.8466163,-6.054125995868701,-1.5331155542302328
1785124139.8525994,-6.054133498206282,-1.5331229493575496
1785124139.8570888,-6.0541554755033165,-1.5331445364984528
1785124139.862073,-6.05417037757403,-1.5331590872432679
1785124139.8668292,-6.054199453764799,-1.533187277390013
1785124139.8726735,-6.0542274222526595,-1.533214252726752
1785124139.8793159,-6.054254581284375,-1.5332403076402228
1785124139.881744,-6.054283196858241,-1.5332676088737354
1785124139.8878994,-6.054303412549338,-1.533286781022072
1785124139.8943627,-6.054334586001812,-1.5333161391552654
1785124139.8979177,-6.054370570856149,-1.533349804944638
1785124139.9024248,-6.054408094630951,-1.5333846567156575
1785124139.907396,-6.054442311612897,-1.5334162241975258
1785124139.9116037,-6.054482959450493,-1.533453519809363
1785124139.9170141,-6.054513986523102,-1.5334817760196167
1785124139.9221704,-6.054554023010342,-1.5335180681315292
1785124139.9267786,-6.054586505020883,-1.5335473600407554
1785124139.931424,-6.0546277481654585,-1.5335843031778724
1785124139.938026,-6.054661598307972,-1.5336144678518364
1785124139.942087,-6.054703629133288,-1.5336517052784322
1785124139.9465406,-6.054743954535301,-1.533687199292472
1785124139.952431,-6.05478875371152,-1.5337265166743244
1785124139.957713,-6.054830589202914,-1.5337629724991042
1785124139.9616742,-6.0548706189098604,-1.53379768842351
1785124139.9668818,-6.054916877080208,-1.533837578214191
1785124139.9725692,-6.054959632672681,-1.5338742827606233
1785124139.977684,-6.055002409845098,-1.5339108841308338
1785124139.983354,-6.055052582067779,-1.5339536804905578
1785124139.9870012,-6.055095880850462,-1.5339904620505107
1785124139.995449,-6.055145585541754,-1.534032599578422
1785124139.9973376,-6.055190302316879,-1.5340704173512603
1785124140.002567,-6.055238443620626,-1.5341110846916075
1785124140.007966,-6.055282917638477,-1.5341485355477464
1785124140.012847,-6.055330704230655,-1.5341887152955505
1785124140.0170152,-6.0553860696212185,-1.5342352445714877
1785124140.0222971,-6.055423965066994,-1.5342670680559547
1785124140.0271194,-6.055472254035955,-1.53430756946532
1785124140.0320373,-6.055533579804146,-1.5343589205012065
1785124140.0366707,-6.05557542212916,-1.5343939715161388
1785124140.0419836,-6.055619506424983,-1.534430898492675
1785124140.0464675,-6.055677750229017,-1.5344797094570781
1785124140.05166,-6.055716843916849,-1.5345124623274036
1785124140.0585413,-6.055770178923225,-1.5345572114774175
1785124140.0622919,-6.055809089607927,-1.5345898784178122
1785124140.0670009,-6.0558636565231305,-1.5346356338521212
1785124140.071968,-6.05591565575251,-1.5346792914483374
1785124140.078073,-6.055954113548695,-1.5347116002032692
1785124140.082142,-6.056013744312521,-1.5347617798199744
1785124140.0863194,-6.0560534512614135,-1.5347952142949979
1785124140.0968182,-6.056095414755626,-1.5348305645779716
1785124140.098828,-6.056137305224213,-1.5348659237364706
1785124140.1014225,-6.056185960338621,-1.5349070112604735
1785124140.1063933,-6.056230661125694,-1.5349448401847154
1785124140.1116886,-6.056263036231227,-1.5349722899954499
1785124140.1176038,-6.056312701277691,-1.5350144913720014
1785124140.1248736,-6.0563456851223805,-1.5350425443486861
1785124140.1295614,-6.0563821311829145,-1.5350735551957544
1785124140.1320057,-6.056420839004052,-1.5351065682972405
1785124140.1379704,-6.056448428871649,-1.5351301764851824
1785124140.1434546,-6.056495126235565,-1.5351702565049412
1785124140.1478748,-6.056526926775157,-1.5351975926757282
1785124140.1521304,-6.056549972490511,-1.535217452207725
1785124140.1583152,-6.056591566544334,-1.535253312078856
1785124140.1643267,-6.056619956684159,-1.5352778341816076
1785124140.167916,-6.056640552517608,-1.5352956639068518
1785124140.1722765,-6.0566670915461955,-1.5353186904697582
1785124140.1780088,-6.056699869966053,-1.535347199796637
1785124140.1847472,-6.0567207153553255,-1.5353653606472262
1785124140.1877673,-6.056750629996003,-1.5353914631687764
1785124140.1974332,-6.056768839038751,-1.5354073448424952
1785124140.1995983,-6.056795752582121,-1.535430860862505
1785124140.2024648,-6.056812449413356,-1.535445471520934
1785124140.2073672,-6.056804464143432,-1.5354384816668543
1785124140.2124724,-6.056788488450389,-1.5354244952199432
1785124140.2170827,-6.056764552338987,-1.5354035196889912
1785124140.2216594,-6.056758478659825,-1.5353981915683965
1785124140.2267785,-6.056754004831868,-1.535394266139126
1785124140.2319763,-6.056739117649283,-1.5353812036621617
1785124140.236344,-6.056730704910472,-1.5353738215027177
1785124140.2413127,-6.056719133537168,-1.5353636900976664
1785124140.2486153,-6.056703261255608,-1.5353497829382885
1785124140.2517693,-6.05670082964314,-1.53534765481119
1785124140.2570457,-6.056697692298845,-1.5353449133600083
1785124140.2626576,-6.056687345678097,-1.5353358786721885
1785124140.2665637,-6.056673384341193,-1.5353237018526313
1785124140.273408,-6.056656670898477,-1.5353091423869525
1785124140.2778506,-6.056652856343118,-1.5353058267909765
1785124140.2828627,-6.056654856579526,-1.5353075603938158
1785124140.287244,-6.056655202308086,-1.5353078588229971
1785124140.3000767,-6.056659581449651,-1.5353116314363158
1785124140.3035681,-6.056656949444652,-1.535309373684305
1785124140.307381,-6.0566495328559435,-1.5353030281751936
1785124140.3180144,-6.056645715101272,-1.535299769883889
1785124140.3208692,-6.056636929804752,-1.5352923050064171
1785124140.3223028,-6.056624604814464,-1.535281889838038
1785124140.333279,-6.056638773965407,-1.5352937810357095
1785124140.334035,-6.056656107718744,-1.5353082504972333
1785124140.3395867,-6.056669187905905,-1.53531910649071
1785124140.3427837,-6.056676732960028,-1.5353253266040914
1785124140.3479586,-6.056679575120288,-1.5353276580121227
1785124140.3532321,-6.056678866877178,-1.5353270797317078
1785124140.357522,-6.056675804263897,-1.5353245950306653
1785124140.3622434,-6.056671472421678,-1.53532110178937
1785124140.3666916,-6.056666323717078,-1.5353169753869378
1785124140.3723674,-6.0566516256723935,-1.535305264262031
1785124140.3770528,-6.0566519101154705,-1.5353054895228015
1785124140.3829217,-6.056656348446969,-1.5353089769595496
1785124140.3872147,-6.056661106337188,-1.5353126956648826
1785124140.3934433,-6.056665612676523,-1.5353161891569769
1785124140.403667,-6.056669601703923,-1.535319257932893
1785124140.4067748,-6.056673479377497,-1.5353222215068896
1785124140.4137654,-6.056677759385114,-1.5353254725176324
1785124140.4184513,-6.056682822537436,-1.5353292898342437
1785124140.4222002,-6.056689001034551,-1.5353339158826977
1785124140.4273543,-6.056691046839517,-1.5353354351046824
1785124140.4327126,-6.056693490949704,-1.535337237627251
1785124140.4373245,-6.056698063802731,-1.5353405904298885
1785124140.4429345,-6.056704647177358,-1.5353453920285194
1785124140.4469442,-6.056714041556178,-1.5353522167816227
1785124140.4529657,-6.056725997444455,-1.5353608638936165
1785124140.457572,-6.056739334183607,-1.5353704641601866
1785124140.4623258,-6.0567548627330305,-1.5353815995458895
1785124140.469257,-6.056771527887658,-1.5353934976972619
1785124140.477451,-6.056790476047083,-1.5354069852673804
1785124140.4794261,-6.0568105112476065,-1.5354212026639704
1785124140.4826965,-6.056833036909597,-1.535437130910539
1785124140.4884424,-6.056856326615435,-1.5354535509575065
1785124140.4931824,-6.056880113434752,-1.5354702494114307
1785124140.4970326,-6.056905266738794,-1.5354878405090195
1785124140.5070329,-6.0569329288601566,-1.5355071816600896
1785124140.5086632,-6.056961411484481,-1.5355271168905555
1785124140.5114274,-6.056991575919263,-1.5355481891904852
1785124140.5170746,-6.0570230694057425,-1.5355701891525733
1785124140.5354905,-6.05705603494695,-1.5355932181384186
1785124140.5374165,-6.057089577628236,-1.5356166614523485
1785124140.5389566,-6.057114257075781,-1.5356339290757661
1785124140.5399754,-6.057138658519818,-1.5356510193875172
1785124140.5417864,-6.057164409504973,-1.535669085766782
1785124140.5470958,-6.057193451902759,-1.5356894605820364
1785124140.5514882,-6.057224443983245,-1.5357112129295554
1785124140.5568712,-6.057256193693667,-1.5357335330636002
1785124140.5634658,-6.0572891983898085,-1.5357568157157624
1785124140.5665298,-6.057324332071929,-1.5357816419528931
1785124140.5714993,-6.05735955399677,-1.5358065519964104
1785124140.5767725,-6.057373429246887,-1.5358164010973108
1785124140.5820901,-6.057384219854334,-1.5358240726402448
1785124140.5870972,-6.0573967062968785,-1.5358329702592521
1785124140.5912244,-6.057412076643972,-1.535843954221293
1785124140.5969565,-6.057430225097923,-1.535856979119674
1785124140.6095023,-6.057449388911981,-1.5358707819862762
1785124140.6147513,-6.057482472042215,-1.535894718072944
1785124140.617817,-6.057517401162773,-1.5359200841122962
1785124140.6247263,-6.057546511831412,-1.5359413202970231
1785124140.6303465,-6.057571213792747,-1.5359593924131343
1785124140.6344538,-6.057604719813275,-1.5359839941436275
1785124140.638452,-6.057623328016541,-1.5359977129057416
1785124140.6437705,-6.057635940846212,-1.5360070507072068
1785124140.6480165,-6.057644874606536,-1.5360136935165494
1785124140.653485,-6.057665252807539,-1.5360288818912253
1785124140.6580849,-6.057684990442821,-1.5360436622648745
1785124140.6625383,-6.05769683064738,-1.5360525636936488
1785124140.6670003,-6.057703644053051,-1.5360577056551226
1785124140.671496,-6.057724552084801,-1.5360735663968652
1785124140.6774538,-6.057737868852858,-1.5360836918943024
1785124140.6829,-6.057745355328539,-1.5360894086302999
1785124140.6879468,-6.057756599792242,-1.5360980251701883
1785124140.6921153,-6.057767503460043,-1.5361064088106198
1785124140.697628,-6.0577696932890825,-1.5361080987491984
1785124140.7033958,-6.05777481308675,-1.536112056530526
1785124140.713944,-6.057777448662966,-1.5361140973830976
1785124140.7165768,-6.057772478074442,-1.5361102419905421
1785124140.7241116,-6.057771903096741,-1.5361097955014027
1785124140.7286978,-6.0577792201054645,-1.5361154937862465
1785124140.7315674,-6.057782691650024,-1.5361181975660236
1785124140.7370908,-6.057784436125099,-1.536119558041062
1785124140.7423594,-6.057785873710758,-1.5361206805674912
1785124140.7465813,-6.057786613731412,-1.5361212594237894
1785124140.7520375,-6.057781318652964,-1.5361171098737152
1785124140.7572439,-6.057780149255016,-1.5361161925552458
1785124140.7626297,-6.057784597806313,-1.536119683638839
1785124140.7663698,-6.057790962511557,-1.5361246769438366
1785124140.773665,-6.057792197933842,-1.536125645051038
1785124140.778009,-6.057784272747175,-1.5361194437858892
1785124140.7823136,-6.057770855687141,-1.536108981301574
1785124140.7886424,-6.057757573338598,-1.5360986245860508
1785124140.7939668,-6.057745634920042,-1.5360893254918029
1785124140.7983065,-6.057735300662373,-1.5360812715475431
1785124140.8032653,-6.05772980376502,-1.5360769901988713
1785124140.8071582,-6.057725140488475,-1.5360733582341888
1785124140.815147,-6.057722669551097,-1.5360714373059603
1785124140.8169324,-6.057721154907828,-1.5360702641323891
1785124140.8223474,-6.057720122560545,-1.5360694666187047
1785124140.8289313,-6.057707708714758,-1.5360598822046716
1785124140.8327382,-6.057695892122667,-1.5360507458032686
1785124140.8378155,-6.057683162282129,-1.5360409096422547
1785124140.8428483,-6.057674822157657,-1.5360344864444306
1785124140.8468404,-6.057667653319104,-1.5360289801104003
1785124140.8513694,-6.057659551806883,-1.5360227517413405
1785124140.8583467,-6.05765168180589,-1.5360167184147702
1785124140.862439,-6.057648176180293,-1.5360140344813373
1785124140.8666074,-6.057641728019884,-1.5360091054428406
1785124140.87221,-6.057634284923532,-1.5360034287555295
1785124140.877074,-6.0576266325403925,-1.5359975995092707
1785124140.8821776,-6.0576223032689605,-1.5359943075448947
1785124140.8869815,-6.057616974912824,-1.5359902558750018
1785124140.8945227,-6.057611085157975,-1.5359857861695914
1785124140.8980536,-6.057605737570721,-1.5359817274586642
1785124140.9045887,-6.057600971157028,-1.5359781171574778
1785124140.9083986,-6.05759731015238,-1.5359753474275777
1785124140.9165585,-6.057594411118971,-1.535973153403294
1785124140.9187555,-6.057592057304746,-1.5359713734842393
1785124140.922424,-6.0575901957764025,-1.5359699638723359
1785124140.9270017,-6.057589592245526,-1.5359695070449597
1785124140.9319952,-6.057588100093768,-1.5359683767171957
1785124140.9372065,-6.057586442932318,-1.5359671196404332
1785124140.9420142,-6.05758480742515,-1.5359658792158795
1785124140.9473279,-6.057583393471775,-1.5359648057578403
1785124140.953239,-6.057582207957279,-1.5359639052689595
1785124140.9575446,-6.057581145698102,-1.535963098499473
1785124140.962905,-6.057580213726897,-1.535962389653731
1785124140.9670477,-6.057579395026278,-1.535961767045885
1785124140.971642,-6.05757865220587,-1.5359612019850541
1785124140.9779058,-6.057577817888546,-1.535960567810634
1785124140.9824955,-6.057576967631661,-1.5359599215002278
1785124140.9870665,-6.057576217686971,-1.5359593508404108
1785124140.9926183,-6.057575519355807,-1.5359588187861628
1785124140.9977298,-6.057574841494138,-1.5359583025525725
1785124141.0025125,-6.057574209952712,-1.5359578205377853
1785124141.0072691,-6.0575736112683165,-1.5359573630880727
1785124141.016029,-6.057573016733094,-1.535956907848849
1785124141.0185387,-6.057572409295023,-1.535956441981334
1785124141.0212564,-6.057571799299647,-1.5359559734605999
1785124141.0291765,-6.057571217343733,-1.5359555260388507
1785124141.0338757,-6.057570595371472,-1.5359550474242412
1785124141.0371377,-6.057569957483637,-1.5359545553777323
1785124141.0425,-6.0575692747252345,-1.5359540278632728
1785124141.0477827,-6.057568528543895,-1.535953451737142
1785124141.051535,-6.057567727165557,-1.5359528329069196
1785124141.056716,-6.057566870411274,-1.5359521720302525
1785124141.0625396,-6.057565928958427,-1.5359514470278528
1785124141.0676465,-6.057564931542437,-1.5359506800429867
1785124141.0723522,-6.057563897741199,-1.5359498851303643
1785124141.0780632,-6.057562916601143,-1.5359491310559499
1785124141.0816236,-6.0575618205602115,-1.5359482888615672
1785124141.0866768,-6.057560591389972,-1.5359473447637544
1785124141.0920212,-6.057559297689321,-1.5359463492001262
1785124141.0984886,-6.057557889027953,-1.5359452648198706
1785124141.1034331,-6.057556316039336,-1.5359440540176925
1785124141.1068878,-6.057554584070055,-1.5359427224641116
1785124141.1156242,-6.0575528528466,-1.5359413924726124
1785124141.1185613,-6.05755095726545,-1.535939937829817
1785124141.121756,-6.057549026508557,-1.5359384589638208
1785124141.1266904,-6.057547018708882,-1.535936924478501
1785124141.1369755,-6.057544977389188,-1.535935366362967
1785124141.137547,-6.057542775242984,-1.5359336884338106
1785124141.1432278,-6.0575405265252416,-1.535931975710712
1785124141.1476214,-6.057538203631623,-1.5359302029989557
1785124141.1523542,-6.057535796568679,-1.5359283640995098
1785124141.1591637,-6.057533355385466,-1.5359265011687393
1785124141.164236,-6.057530856497765,-1.5359245978080969
1785124141.1694264,-6.057528330792374,-1.5359226779933106
1785124141.1762664,-6.057525748979695,-1.5359207185865222
1785124141.1808248,-6.057523150060561,-1.5359187470556663
1785124141.184855,-6.057520443287793,-1.5359166972354006
1785124141.1887305,-6.057517799706443,-1.5359146956525536
1785124141.2131293,-6.057515098988109,-1.535912653702995
1785124141.2137585,-6.057512449904384,-1.5359106542016163
1785124141.2146058,-6.0575098220142465,-1.5359086698626079
1785124141.2150836,-6.057507180016824,-1.5359066797435195
1785124141.2167437,-6.05750466152036,-1.535904784752548
1785124141.220955,-6.05750233677174,-1.5359030348446259
1785124141.22329,-6.057500039103759,-1.5359013039601686
1785124141.2286625,-6.057497734226625,-1.5358995704715048
1785124141.2347407,-6.0574952640954205,-1.5358977163553098
1785124141.236256,-6.057492932365804,-1.5358959660223988
1785124141.2419,-6.057490749804261,-1.53589432866777
1785124141.2477148,-6.057488754031262,-1.5358928326708272
1785124141.2522967,-6.057486818378617,-1.5358913860240326
1785124141.256893,-6.057485021280207,-1.5358900442292127
1785124141.2621915,-6.057483385150053,-1.5358888241093338
1785124141.2665672,-6.057481873467784,-1.5358876945303883
1785124141.2726507,-6.057480456677141,-1.535886635364091
1785124141.276825,-6.05747893874438,-1.5358854988776276
1785124141.2823749,-6.057477598329219,-1.5358844948151409
1785124141.2870467,-6.057476445360373,-1.5358836292425282
1785124141.2913663,-6.057475413000711,-1.535882851999994
1785124141.2980998,-6.057474557183984,-1.5358822075812926
1785124141.3023653,-6.057473838542926,-1.535881665753239
1785124141.309279,-6.057473244795089,-1.5358812175608425
1785124141.3225055,-6.057472746179866,-1.5358808416055725
1785124141.3267195,-6.057472371962123,-1.5358805599817758
1785124141.336058,-6.057472121059662,-1.535880371101183
1785124141.3398182,-6.057471981341559,-1.5358802659259934
1785124141.3433797,-6.057471968350621,-1.5358802561139717
1785124141.348405,-6.057472078454201,-1.5358803392151053
1785124141.35197,-6.057472327474198,-1.5358805274518945
1785124141.3596227,-6.0574726926773295,-1.5358808035363398
1785124141.3665562,-6.057473170736528,-1.5358811647689765
1785124141.3727376,-6.0574737716162055,-1.5358816194302005
1785124141.3768258,-6.05747497616259,-1.5358825299205032
1785124141.3805542,-6.057476354548008,-1.5358835724554807
1785124141.3831396,-6.05747773441394,-1.5358846170809566
1785124141.397996,-6.057479118235093,-1.535885663957006
1785124141.3997376,-6.057480574042356,-1.5358867661789757
1785124141.40067,-6.057482009284196,-1.535887853734205
1785124141.4028723,-6.057483568482195,-1.5358890360649193
1785124141.4142594,-6.057485216162112,-1.535890284845495
1785124141.4167192,-6.057486919102272,-1.535891575653795
1785124141.420801,-6.057488728105773,-1.5358929479676224
1785124141.438191,-6.057490598980758,-1.5358943642949987
1785124141.4406,-6.057492645994757,-1.5358959124438574
1785124141.4426103,-6.057494783961324,-1.5358975289198864
1785124141.4485466,-6.05749703993056,-1.5358992331521468
1785124141.4523938,-6.057499235545479,-1.5359008924636082
1785124141.4574733,-6.0575014755814465,-1.5359025852291763
1785124141.463957,-6.057503740723995,-1.5359042951609247
1785124141.467558,-6.057506106085739,-1.535906078866705
1785124141.4729762,-6.057508474643887,-1.5359078652514073
1785124141.4795752,-6.057510884558967,-1.5359096853025473
1785124141.4842587,-6.057513353313909,-1.535911551300411
1785124141.48674,-6.057515900093911,-1.5359134757928883
1785124141.4937973,-6.057518372778465,-1.5359153455071313
1785124141.4987535,-6.0575208455534115,-1.5359172161092878
1785124141.5021794,-6.057523233998108,-1.5359190241201175
1785124141.5083287,-6.057525741665374,-1.5359209226053048
1785124141.51219,-6.057528112046416,-1.5359227177731154
1785124141.5173478,-6.057530423711041,-1.5359244675305985
1785124141.5231922,-6.057532754803499,-1.5359262316522522
1785124141.5278087,-6.057535066853757,-1.5359279778642827
1785124141.53593,-6.05753742941249,-1.5359297613694975
1785124141.540103,-6.057539716428862,-1.5359314871483893
1785124141.5421314,-6.057542041073194,-1.535933238744476
1785124141.548638,-6.0575442356083835,-1.5359348899165517
1785124141.5529091,-6.057546369099502,-1.5359364951665144
1785124141.556891,-6.057548508133677,-1.5359381019002556
1785124141.5639992,-6.057550507704662,-1.5359396048405796
1785124141.5734205,-6.057552464086979,-1.535941076140629
1785124141.5791025,-6.057554428799999,-1.5359425544123935
1785124141.5832615,-6.057556230959696,-1.5359439100230894
1785124141.5901215,-6.05755790899266,-1.535945170936547
1785124141.5916524,-6.057559672487411,-1.535946496290627
1785124141.5934854,-6.057561310000055,-1.5359477270217843
1785124141.6005008,-6.057562840930608,-1.5359488793398077
1785124141.6041749,-6.057564323613871,-1.5359499940459287
1785124141.60825,-6.0575657106187855,-1.5359510351303878
1785124141.612317,-6.057567042943638,-1.535952036827048
1785124141.6199744,-6.057568262583651,-1.5359529549097093
1785124141.622682,-6.057569400046724,-1.5359538122718432
1785124141.628116,-6.057570481633252,-1.5359546270831372
1785124141.6362503,-6.057571477064088,-1.5359553767790128
1785124141.640159,-6.057572397438272,-1.5359560704118562
1785124141.645134,-6.057573229036127,-1.535956697917229
1785124141.6476483,-6.057573634992521,-1.5359570043601019
1785124141.653238,-6.0575737814821675,-1.535957115092477
1785124141.657769,-6.057573907352823,-1.5359572102533894
1785124141.663925,-6.057574073779861,-1.5359573360653702
1785124141.6675367,-6.057574261430237,-1.535957477991911
1785124141.673874,-6.057574429950859,-1.5359576053255526
1785124141.6789203,-6.057574551712406,-1.5359576972668805
1785124141.6827698,-6.057574604934189,-1.5359577373703692
1785124141.687914,-6.057574574945652,-1.5359577147851877
1785124141.6950562,-6.057574459641498,-1.5359576278519596
1785124141.6979778,-6.0575742596904885,-1.5359574770286246
1785124141.7033439,-6.057573972575325,-1.5359572604149088
1785124141.708912,-6.057573595273559,-1.5359569761064389
1785124141.7133167,-6.057573148153029,-1.535956638717118
1785124141.7205892,-6.057572617001466,-1.535956237839928
1785124141.722075,-6.057572025772575,-1.535955791309649
1785124141.7316954,-6.057571357705226,-1.5359552868775401
1785124141.7395904,-6.057570627062568,-1.5359547348960811
1785124141.7486138,-6.057569841935668,-1.5359541430055925
1785124141.7526946,-6.057568989411489,-1.535953500547433
1785124141.7588406,-6.057568091387921,-1.5359528224123686
1785124141.7653358,-6.057567137883653,-1.5359521026158642
1785124141.7720625,-6.057566135812835,-1.5359513459043026
1785124141.782963,-6.0575651145615845,-1.5359505739485255
1785124141.7845883,-6.057563977208048,-1.5359497141641525
1785124141.787109,-6.057562826993428,-1.5359488441358193
1785124141.8006005,-6.057561663510874,-1.5359479644864444
1785124141.8069181,-6.0575604630949185,-1.5359470569529428
1785124141.810848,-6.057559252068739,-1.53594614003839
1785124141.8168705,-6.057558019649452,-1.53594520873667
1785124141.8198946,-6.057556706393495,-1.5359442164179744
1785124141.8242064,-6.05755539579145,-1.5359432254155199
1785124141.8347929,-6.057554034644281,-1.5359421957668031
1785124141.8357723,-6.0575526809664915,-1.5359411718670504
1785124141.844137,-6.057551263638378,-1.5359400985118559
1785124141.8516743,-6.0575499108697715,-1.5359390734647291
1785124141.8536751,-6.057548530388116,-1.5359380263892528
1785124141.8744707,-6.0575471126694165,-1.5359369527442288
1785124141.8759687,-6.057545678262548,-1.53593586674
1785124141.8789523,-6.057544280836389,-1.53593480800866
1785124141.8845851,-6.0575428543167416,-1.5359337275813936
1785124141.88853,-6.057541453025056,-1.5359326645266806
1785124141.8933055,-6.057540037856216,-1.5359315891080565
1785124141.8999805,-6.05753860069944,-1.5359304959461404
1785124141.9033382,-6.057537170978555,-1.5359294054778327
1785124141.9070632,-6.057535747442655,-1.5359283200021658
1785124141.9143612,-6.057534290898568,-1.5359272104036508
1785124141.9172807,-6.057532886525219,-1.535926141306926
1785124141.9226322,-6.0575315077326755,-1.5359250910545001
1785124141.9280422,-6.057530168011429,-1.5359240706800967
1785124141.9325743,-6.057528791769067,-1.5359230228122152
1785124141.9375613,-6.057527439262011,-1.5359219919463374
1785124141.9421713,-6.057526164379621,-1.5359210207787661
1785124141.947806,-6.057524892587633,-1.5359200535255217
1785124141.952913,-6.057523612683099,-1.5359190796096118
1785124141.9591064,-6.057522373558495,-1.535918137993687
1785124141.9650037,-6.057521175970237,-1.535917230162586
1785124141.9714532,-6.057520031943923,-1.5359163632010708
1785124141.975013,-6.0575188746910715,-1.5359154864870248
1785124141.9803286,-6.057517821746873,-1.5359146877907701
1785124141.982327,-6.057516768230895,-1.5359138885908246
1785124141.9875972,-6.057515743984364,-1.535913112185517
1785124141.993216,-6.057514788383067,-1.5359123866673399
1785124141.998147,-6.057513861165138,-1.5359116822381504
1785124142.002887,-6.057512958082952,-1.535910996367033
1785124142.0081084,-6.057512107154021,-1.5359103504277674
1785124142.013084,-6.057511290545081,-1.5359097305636804
1785124142.0176618,-6.057510528028632,-1.5359091520360653
1785124142.0229595,-6.057509768657833,-1.5359085762969178
1785124142.0273085,-6.0575091038397675,-1.5359080728451375
1785124142.032931,-6.057508489940133,-1.5359076085098955
1785124142.038948,-6.057507899632546,-1.5359071627657728
1785124142.0424466,-6.057507370055112,-1.5359067629288532
1785124142.0479834,-6.057506877135384,-1.5359063912518216
1785124142.0523303,-6.057506442484659,-1.5359060635241255
1785124142.0565646,-6.057506051448813,-1.5359057691383193
1785124142.0625975,-6.057505695333447,-1.5359055013034337
1785124142.0723333,-6.057505390470723,-1.5359052721884145
1785124142.0772371,-6.057505129414291,-1.5359050760199848
1785124142.081801,-6.0575049187967736,-1.535904917902921
1785124142.0870461,-6.0575047479159165,-1.5359047898280807
1785124142.094787,-6.057504618916702,-1.5359046932428155
1785124142.0979412,-6.0575045379112975,-1.5359046326521377
1785124142.1024642,-6.057504499715379,-1.5359046040514988
1785124142.1071043,-6.057504505307387,-1.535904608237514
1785124142.112582,-6.057504552698429,-1.5359046436812862
1785124142.116829,-6.057504640798029,-1.535904709538185
1785124142.1227398,-6.057504769382372,-1.535904805637046
1785124142.1291726,-6.057504928687241,-1.5359049246375718
1785124142.1319795,-6.05750513366145,-1.535905077834943
1785124142.137603,-6.057505374688287,-1.5359052577652599
1785124142.1429882,-6.057505654412523,-1.5359054662336264
1785124142.1472447,-6.05750596628,-1.5359056986219102
1785124142.1537297,-6.057506314263568,-1.5359059579651602
1785124142.1572506,-6.057506694301734,-1.5359062412188054
1785124142.1653783,-6.057507108180086,-1.5359065501329834
1785124142.1670184,-6.057507558755306,-1.535906886526073
1785124142.1740053,-6.0575080296643975,-1.5359072383317156
1785124142.1771636,-6.057508535731567,-1.535907616346905
1785124142.1826837,-6.057509067852372,-1.5359080137502195
1785124142.187393,-6.057509607944376,-1.5359084164829555
1785124142.198315,-6.057510179112161,-1.535908842346928
1785124142.1989582,-6.057510756872196,-1.5359092726070174
1785124142.2022343,-6.057511389820129,-1.5359097430362463
1785124142.2067945,-6.057512025700294,-1.535910216490858
1785124142.2137084,-6.057512678330497,-1.5359107024469123
1785124142.2168498,-6.057513343587652,-1.5359111980476452
1785124142.222071,-6.057514011526146,-1.5359116956850114
1785124142.2328823,-6.057514667587688,-1.535912184128103
1785124142.2355025,-6.057515336816813,-1.5359126823869456
1785124142.2389112,-6.057516034859235,-1.535913202876046
1785124142.242507,-6.057516736298001,-1.5359137257668944
1785124142.248249,-6.057517438560695,-1.5359142495865077
1785124142.2519357,-6.057518162200012,-1.5359147891940015
1785124142.2573166,-6.057518840157818,-1.5359152949617323
1785124142.2633388,-6.057519561676312,-1.535915833897672
1785124142.2669318,-6.0575202652478755,-1.535916358806483
1785124142.2767339,-6.057520975927984,-1.5359168886402546
1785124142.279645,-6.057521661130284,-1.5359173994949316
1785124142.2833211,-6.057522338273952,-1.535917904633404
1785124142.28686,-6.057523006617027,-1.5359184043249259
1785124142.291759,-6.057523660462438,-1.5359188934219212
1785124142.2984302,-6.057524343596482,-1.5359194051158152
1785124142.3043652,-6.057525014323438,-1.53591990656155
1785124142.3065999,-6.05752563010805,-1.535920367293916
1785124142.3131819,-6.057526246764399,-1.5359208289648
1785124142.317507,-6.057526854372935,-1.5359212841670322
1785124142.322378,-6.057527458381736,-1.5359217363473014
1785124142.3279486,-6.057528056724748,-1.5359221835758181
1785124142.3322341,-6.057528617877604,-1.5359226034462297
1785124142.3368216,-6.057529156467685,-1.5359230069523644
1785124142.3418589,-6.05752969224296,-1.5359234081656488
1785124142.3482206,-6.057530183790529,-1.5359237761817166
1785124142.3519142,-6.057530660804269,-1.5359241335512668
1785124142.3571315,-6.057531128494159,-1.53592448449527
1785124142.3661523,-6.05753156029267,-1.5359248079066499
1785124142.3673222,-6.05753196318039,-1.5359251094365294
1785124142.3740833,-6.057532362277879,-1.5359254083811016
1785124142.3773577,-6.057532719318125,-1.5359256757113833
1785124142.3841093,-6.057533067155384,-1.535925935942279
1785124142.386921,-6.057533384101061,-1.5359261731876281
1785124142.3923388,-6.057533673953664,-1.5359263901861997
1785124142.3985376,-6.057533937241457,-1.5359265874768866
1785124142.4029033,-6.05753417790097,-1.535926767602449
1785124142.4078403,-6.057534394551247,-1.5359269298663982
1785124142.4139595,-6.05753459168882,-1.5359270775169203
1785124142.4174638,-6.057534756524092,-1.5359272009894247
1785124142.4218552,-6.05753490207921,-1.535927310171279
1785124142.4262977,-6.057535022203019,-1.5359274004126489
1785124142.4331186,-6.057535116246951,-1.5359274710473523
1785124142.4375107,-6.057535207133174,-1.5359275393597487
1785124142.441935,-6.057535282359958,-1.5359275959452907
1785124142.4480715,-6.057535331833315,-1.535927633174777
1785124142.451619,-6.05753535701919,-1.5359276521388232
1785124142.4567447,-6.057535358020892,-1.5359276528925538
1785124142.463774,-6.0575353366929345,-1.5359276368528711
1785124142.4669375,-6.0575352927921156,-1.5359276037871805
1785124142.4731517,-6.057535228925237,-1.5359275557329852
1785124142.4781835,-6.0575351483048925,-1.5359274951186364
1785124142.4819856,-6.057535051245388,-1.53592742214469
1785124142.4860537,-6.057534935347881,-1.5359273349592124
1785124142.4918494,-6.057534801118839,-1.5359272340628247
1785124142.4968648,-6.057534649151314,-1.5359271198878537
1785124142.5017214,-6.057534482928456,-1.5359269950984895
1785124142.5070689,-6.057534301284721,-1.5359268588405957
1785124142.512757,-6.057534105561761,-1.5359267120476188
1785124142.5171556,-6.057533897819727,-1.5359265560789177
1785124142.5218654,-6.057533682668538,-1.535926394443988
1785124142.5273407,-6.057533436731074,-1.535926209661379
1785124142.534747,-6.0575331908972725,-1.5359260251024718
1785124142.5374582,-6.057532925256592,-1.5359258256886628
1785124142.544501,-6.057532657761975,-1.535925624927541
1785124142.5473063,-6.057532383626023,-1.53592541927292
1785124142.5523887,-6.057532099781036,-1.5359252065948994
1785124142.5580134,-6.057531807198354,-1.5359249874351264
1785124142.5643501,-6.0575315164743735,-1.5359247697477842
1785124142.5665355,-6.057531201200581,-1.5359245338726817
1785124142.5780027,-6.057530866877069,-1.5359242837785896
1785124142.582512,-6.057530541079498,-1.5359240400283853
1785124142.5867434,-6.057530223481298,-1.5359238024130135
1785124142.5919662,-6.057529895692167,-1.5359235570659526
1785124142.597574,-6.057529563849448,-1.5359233090394158
1785124142.60184,-6.057529228735003,-1.5359230584396064
1785124142.6061618,-6.057528889276328,-1.535922804809167
1785124142.6127741,-6.057528542806298,-1.535922546313152
1785124142.6170158,-6.057528205823382,-1.535922295100285
1785124142.6218882,-6.057527862877832,-1.5359220399605205
1785124142.6274815,-6.057527521270481,-1.5359217855057985
1785124142.6322246,-6.057527183393219,-1.5359215339180332
1785124142.6362278,-6.057526852691122,-1.5359212878153214
1785124142.641383,-6.057526527217592,-1.5359210453441694
1785124142.648505,-6.057526191220091,-1.5359207953828788
1785124142.6520379,-6.057525852238263,-1.5359205434280656
1785124142.6573212,-6.057525527207491,-1.5359203018924659
1785124142.6647096,-6.057525201232032,-1.5359200596213713
1785124142.6678874,-6.057524888286115,-1.5359198265072056
1785124142.6721766,-6.057524585575422,-1.5359196015368242
1785124142.6827912,-6.0575242946607,-1.5359193852058848
1785124142.68708,-6.057524000241443,-1.5359191663351992
1785124142.6922524,-6.057523707697726,-1.535918949035511
1785124142.6979675,-6.057523416102834,-1.535918732474801
