t,j0,j1,j2,j3,j4,j5,j6,j7,j8,j9,j10,j11,j12,j13,j14,j15
1785122673.2126353,-0.0384538471698761,-0.6802883744239807,1.4623565673828125,-0.5271918773651123,0.03796207904815674,-0.6802942752838135,1.46178138256073,-0.5228756070137024,-0.037657253444194794,0.680275559425354,-1.461669683456421,0.5282799601554871,0.03731364384293556,0.6804580688476562,-1.4609984159469604,0.5218890309333801
1785122673.267565,-0.038453876972198486,-0.6802883744239807,1.4623565673828125,-0.5271918177604675,0.03796210512518883,-0.6802942752838135,1.46178138256073,-0.5228756070137024,-0.03765727952122688,0.680275559425354,-1.461669683456421,0.5282799601554871,0.03731366991996765,0.6804580688476562,-1.4609984159469604,0.5218890309333801
1785122673.3220968,-0.03845389932394028,-0.6802883744239807,1.4623565673828125,-0.5271918177604675,0.03796212747693062,-0.6802942752838135,1.46178138256073,-0.5228755474090576,-0.037657301872968674,0.680275559425354,-1.461669683456421,0.5282799601554871,0.03731369227170944,0.6804580688476562,-1.4609984159469604,0.5218890309333801
1785122673.3759239,-0.03845391795039177,-0.6802883744239807,1.4623565673828125,-0.5271917581558228,0.03796214610338211,-0.6802942752838135,1.46178138256073,-0.5228755474090576,-0.037657320499420166,0.680275559425354,-1.461669683456421,0.5282800197601318,0.037313710898160934,0.6804580688476562,-1.4609984159469604,0.5218890309333801
1785122673.4312003,-0.03845394030213356,-0.6802883744239807,1.4623565673828125,-0.5271917581558228,0.0379621684551239,-0.6802942752838135,1.46178138256073,-0.5228755474090576,-0.03765733912587166,0.680275559425354,-1.461669683456421,0.5282800197601318,0.03731372952461243,0.6804580688476562,-1.4609984159469604,0.5218890309333801
1785122673.484025,-0.03845396265387535,-0.6802883744239807,1.4623565673828125,-0.5271917581558228,0.03796219080686569,-0.6802942752838135,1.46178138256073,-0.5228754878044128,-0.03765736147761345,0.680275559425354,-1.461669683456421,0.5282800197601318,0.03731375187635422,0.6804580688476562,-1.4609984159469604,0.5218890309333801
1785122673.5364943,-0.03845398500561714,-0.6802883744239807,1.4623565673828125,-0.527191698551178,0.03796221315860748,-0.6802942752838135,1.46178138256073,-0.5228754878044128,-0.03765738382935524,0.680275559425354,-1.461669683456421,0.5282800197601318,0.03731377422809601,0.6804580688476562,-1.4609984159469604,0.5218890309333801
1785122673.589638,-0.038453999906778336,-0.6802883744239807,1.4623565673828125,-0.527191698551178,0.037962231785058975,-0.6802942752838135,1.46178138256073,-0.5228754878044128,-0.037657398730516434,0.680275559425354,-1.461669683456421,0.5282800793647766,0.0373137891292572,0.6804580688476562,-1.4609984159469604,0.5218890309333801
1785122673.642269,-0.038454022258520126,-0.6802883744239807,1.4623565673828125,-0.527191698551178,0.03796225041151047,-0.6802942752838135,1.46178138256073,-0.5228754281997681,-0.037657421082258224,0.680275559425354,-1.461669683456421,0.5282800793647766,0.03731381148099899,0.6804580688476562,-1.4609984159469604,0.5218890309333801
1785122673.6943407,-0.03845404088497162,-0.6802883744239807,1.4623565673828125,-0.5271916389465332,0.03796226903796196,-0.6802942752838135,1.46178138256073,-0.5228754281997681,-0.03765743598341942,0.680275559425354,-1.461669683456421,0.5282800793647766,0.03731382638216019,0.6804580688476562,-1.4609984159469604,0.5218890905380249
1785122673.7462487,-0.03845405951142311,-0.6802883744239807,1.4623565673828125,-0.5271916389465332,0.03796229138970375,-0.6802942752838135,1.46178138256073,-0.5228754281997681,-0.03765745460987091,0.680275559425354,-1.461669683456421,0.5282801389694214,0.03731384500861168,0.6804580688476562,-1.4609984159469604,0.5218890905380249
1785122673.7979689,-0.0384540781378746,-0.6802883744239807,1.4623565673828125,-0.5271916389465332,0.037962306290864944,-0.6802942752838135,1.46178138256073,-0.5228753685951233,-0.0376574732363224,0.680275559425354,-1.461669683456421,0.5282801389694214,0.03731386363506317,0.6804580688476562,-1.4609984159469604,0.5218890905380249
1785122673.8522408,-0.038454096764326096,-0.6802883744239807,1.4623565673828125,-0.5271915793418884,0.037962328642606735,-0.6802942752838135,1.46178138256073,-0.5228753685951233,-0.037657491862773895,0.680275559425354,-1.461669683456421,0.5282801389694214,0.037313882261514664,0.6804580688476562,-1.4609984159469604,0.5218890905380249
1785122673.9038494,-0.03845411539077759,-0.6802883744239807,1.4623565673828125,-0.5271915793418884,0.03796234354376793,-0.6802942752838135,1.46178138256073,-0.5228753685951233,-0.03765750676393509,0.680275559425354,-1.461669683456421,0.5282801985740662,0.03731389716267586,0.6804580688476562,-1.4609984159469604,0.5218890905380249
1785122673.9582772,-0.03845413401722908,-0.6802883744239807,1.4623565673828125,-0.5271915793418884,0.03796236217021942,-0.6802942752838135,1.46178138256073,-0.5228753089904785,-0.03765752539038658,0.680275559425354,-1.461669683456421,0.5282801985740662,0.03731391578912735,0.6804580688476562,-1.4609984159469604,0.5218890905380249
1785122674.00879,-0.03845415264368057,-0.6802883744239807,1.4623565673828125,-0.5271915197372437,0.037962380796670914,-0.6802942752838135,1.46178138256073,-0.5228753089904785,-0.037657544016838074,0.680275559425354,-1.461669683456421,0.5282801985740662,0.03731393441557884,0.6804580688476562,-1.4609984159469604,0.5218890905380249
1785122674.061749,-0.038454171270132065,-0.6802883744239807,1.4623565673828125,-0.5271915197372437,0.037962399423122406,-0.6802942752838135,1.46178138256073,-0.5228753089904785,-0.03765755891799927,0.680275559425354,-1.461669683456421,0.5282802581787109,0.037313949316740036,0.6804580688476562,-1.4609984159469604,0.5218890905380249
1785122674.1141362,-0.03845418617129326,-0.6802883744239807,1.4623565673828125,-0.5271915197372437,0.0379624143242836,-0.6802942752838135,1.46178138256073,-0.5228752493858337,-0.03765757381916046,0.680275559425354,-1.461669683456421,0.5282802581787109,0.03731396421790123,0.6804580688476562,-1.4609984159469604,0.5218890905380249
1785122674.167287,-0.03845420479774475,-0.6802883744239807,1.4623565673828125,-0.5271914601325989,0.03796243295073509,-0.6802942752838135,1.46178138256073,-0.5228752493858337,-0.037657592445611954,0.680275559425354,-1.461669683456421,0.5282802581787109,0.03731398284435272,0.6804580688476562,-1.4609984159469604,0.5218890905380249
1785122674.2212899,-0.03845422342419624,-0.6802883744239807,1.4623565673828125,-0.5271914601325989,0.037962451577186584,-0.6802942752838135,1.46178138256073,-0.5228752493858337,-0.03765760734677315,0.680275559425354,-1.461669683456421,0.5282802581787109,0.037313997745513916,0.6804580688476562,-1.4609984159469604,0.5218890905380249
1785122674.2718885,-0.03845423832535744,-0.6802883744239807,1.4623565673828125,-0.5271914601325989,0.03796246647834778,-0.6802942752838135,1.46178138256073,-0.522875189781189,-0.03765762224793434,0.680275559425354,-1.461669683456421,0.5282803177833557,0.03731401637196541,0.6804580688476562,-1.4609984159469604,0.5218890905380249
1785122674.3232074,-0.03845425322651863,-0.6802883744239807,1.4623565673828125,-0.5271914601325989,0.03796248137950897,-0.6802942752838135,1.46178138256073,-0.522875189781189,-0.037657637149095535,0.680275559425354,-1.461669683456421,0.5282803177833557,0.037314027547836304,0.6804580688476562,-1.4609984159469604,0.5218890905380249
1785122674.3772724,-0.03845427185297012,-0.6802883744239807,1.4623565673828125,-0.5271914005279541,0.037962500005960464,-0.6802942752838135,1.46178138256073,-0.522875189781189,-0.03765765577554703,0.680275559425354,-1.461669683456421,0.5282803177833557,0.037314046174287796,0.6804580688476562,-1.4609984159469604,0.5218890905380249
1785122674.427728,-0.03845428302884102,-0.6802883744239807,1.4623565673828125,-0.5271914005279541,0.03796251490712166,-0.6802942752838135,1.46178138256073,-0.5228751301765442,-0.03765766695141792,0.680275559425354,-1.461669683456421,0.5282803773880005,0.03731405735015869,0.6804580688476562,-1.4609984159469604,0.5218890905380249
1785122674.4818056,-0.03845430165529251,-0.6802883744239807,1.4623565673828125,-0.5271914005279541,0.03796252980828285,-0.6802942752838135,1.46178138256073,-0.5228751301765442,-0.037657685577869415,0.680275559425354,-1.461669683456421,0.5282803773880005,0.037314075976610184,0.6804580688476562,-1.4609984159469604,0.5218890905380249
1785122674.5333178,-0.038454316556453705,-0.6802883744239807,1.4623565673828125,-0.5271913409233093,0.037962544709444046,-0.6802942752838135,1.46178138256073,-0.5228751301765442,-0.03765769675374031,0.680275559425354,-1.461669683456421,0.5282803773880005,0.03731408715248108,0.6804580688476562,-1.4609984159469604,0.5218890905380249
1785122674.5863314,-0.0384543314576149,-0.6802883744239807,1.4623565673828125,-0.5271913409233093,0.03796255961060524,-0.6802942752838135,1.46178138256073,-0.5228750705718994,-0.037657711654901505,0.680275559425354,-1.461669683456421,0.5282804369926453,0.03731410205364227,0.6804580688476562,-1.4609984159469604,0.5218890905380249
1785122674.6373048,-0.038454342633485794,-0.6802883744239807,1.4623565673828125,-0.5271913409233093,0.037962570786476135,-0.6802942752838135,1.46178138256073,-0.5228750705718994,-0.0376577228307724,0.680275559425354,-1.461669683456421,0.5282804369926453,0.03731411322951317,0.6804580688476562,-1.4609984159469604,0.5218890905380249
1785122674.6919806,-0.038454361259937286,-0.6802883744239807,1.4623565673828125,-0.5271912813186646,0.03796258941292763,-0.6802942752838135,1.46178138256073,-0.5228750705718994,-0.03765774145722389,0.680275559425354,-1.461669683456421,0.5282804369926453,0.03731413185596466,0.6804580688476562,-1.4609984159469604,0.5218891501426697
1785122674.7423954,-0.03845437616109848,-0.6802883744239807,1.4623565673828125,-0.5271912813186646,0.03796260431408882,-0.6802942752838135,1.46178138256073,-0.5228750109672546,-0.037657756358385086,0.680275559425354,-1.461669683456421,0.5282804369926453,0.037314146757125854,0.6804580688476562,-1.4609984159469604,0.5218891501426697
1785122674.7968993,-0.038454391062259674,-0.6802883744239807,1.4623565673828125,-0.5271912813186646,0.037962619215250015,-0.6802942752838135,1.46178138256073,-0.5228750109672546,-0.03765777125954628,0.680275559425354,-1.461669683456421,0.52828049659729,0.03731416165828705,0.6804580688476562,-1.4609984159469604,0.5218891501426697
1785122674.8512194,-0.03845440596342087,-0.6802883744239807,1.4623565673828125,-0.5271912217140198,0.03796263411641121,-0.6802942752838135,1.46178138256073,-0.5228750109672546,-0.037657782435417175,0.680275559425354,-1.461669683456421,0.52828049659729,0.037314172834157944,0.6804580688476562,-1.4609984159469604,0.5218891501426697
1785122674.9013093,-0.03845442086458206,-0.6802883744239807,1.4623565673828125,-0.5271912217140198,0.0379626490175724,-0.6802942752838135,1.46178138256073,-0.5228749513626099,-0.03765779733657837,0.680275559425354,-1.461669683456421,0.52828049659729,0.03731418773531914,0.6804580688476562,-1.4609984159469604,0.5218891501426697
1785122674.9536254,-0.038454435765743256,-0.6802883744239807,1.4623565673828125,-0.5271912217140198,0.0379626639187336,-0.6802942752838135,1.46178138256073,-0.5228749513626099,-0.037657808512449265,0.680275559425354,-1.461669683456421,0.5282805562019348,0.03731419891119003,0.6804580688476562,-1.4609984159469604,0.5218891501426697
1785122675.0062165,-0.03845444694161415,-0.6802883744239807,1.4623565673828125,-0.527191162109375,0.03796267881989479,-0.6802942752838135,1.46178138256073,-0.5228749513626099,-0.03765782341361046,0.680275559425354,-1.461669683456421,0.5282805562019348,0.03731421381235123,0.6804580688476562,-1.4609984159469604,0.5218891501426697
1785122675.0567458,-0.038454461842775345,-0.6802883744239807,1.4623565673828125,-0.527191162109375,0.037962689995765686,-0.6802942752838135,1.46178138256073,-0.5228748917579651,-0.03765783831477165,0.680275559425354,-1.461669683456421,0.5282805562019348,0.03731422871351242,0.6804580688476562,-1.4609984159469604,0.5218891501426697
1785122675.1112547,-0.03845447674393654,-0.6802883744239807,1.4623565673828125,-0.527191162109375,0.03796270489692688,-0.6802942752838135,1.46178138256073,-0.5228748917579651,-0.03765784949064255,0.680275559425354,-1.461669683456421,0.5282806158065796,0.037314239889383316,0.6804580688476562,-1.4609984159469604,0.5218891501426697
1785122675.1621788,-0.038454487919807434,-0.6802883744239807,1.4623565673828125,-0.5271911025047302,0.037962716072797775,-0.6802942752838135,1.46178138256073,-0.5228748917579651,-0.03765786066651344,0.680275559425354,-1.461669683456421,0.5282806158065796,0.03731425106525421,0.6804580688476562,-1.4609984159469604,0.5218891501426697
1785122675.2166257,-0.03845450282096863,-0.6802883744239807,1.4623565673828125,-0.5271911025047302,0.03796273097395897,-0.6802942752838135,1.46178138256073,-0.5228748321533203,-0.03765787556767464,0.680275559425354,-1.461669683456421,0.5282806158065796,0.037314265966415405,0.6804580688476562,-1.4609984159469604,0.5218891501426697
1785122675.2710023,-0.03845451772212982,-0.6802883744239807,1.4623565673828125,-0.5271911025047302,0.03796274587512016,-0.6802942752838135,1.46178138256073,-0.5228748321533203,-0.03765788674354553,0.680275559425354,-1.461669683456421,0.5282806754112244,0.0373142771422863,0.6804580688476562,-1.4609984159469604,0.5218891501426697
1785122675.321584,-0.03845452889800072,-0.6802883744239807,1.4623565673828125,-0.5271910429000854,0.03796275705099106,-0.6802942752838135,1.46178138256073,-0.5228748321533203,-0.037657901644706726,0.680275559425354,-1.461669683456421,0.5282806754112244,0.037314292043447495,0.6804580688476562,-1.4609984159469604,0.5218891501426697
1785122675.3719003,-0.03845454007387161,-0.6802883744239807,1.4623565673828125,-0.5271910429000854,0.037962768226861954,-0.6802942752838135,1.46178138256073,-0.5228747725486755,-0.03765791282057762,0.680275559425354,-1.461669683456421,0.5282806754112244,0.03731430321931839,0.6804580688476562,-1.4609984159469604,0.5218891501426697
1785122675.4220226,-0.03845455124974251,-0.6802883744239807,1.4623565673828125,-0.5271910429000854,0.03796278312802315,-0.6802942752838135,1.46178138256073,-0.5228747725486755,-0.03765792399644852,0.680275559425354,-1.461669683456421,0.5282807350158691,0.037314314395189285,0.6804580688476562,-1.4609984159469604,0.5218891501426697
1785122675.4764087,-0.0384545661509037,-0.6802883744239807,1.4623565673828125,-0.5271909832954407,0.03796279430389404,-0.6802942752838135,1.46178138256073,-0.5228747725486755,-0.03765793517231941,0.680275559425354,-1.461669683456421,0.5282807350158691,0.03731432557106018,0.6804580688476562,-1.4609984159469604,0.5218891501426697
1785122675.5311854,-0.0384545773267746,-0.6802883744239807,1.4623565673828125,-0.5271909832954407,0.03796280547976494,-0.6802942752838135,1.46178138256073,-0.5228747129440308,-0.03765794634819031,0.680275559425354,-1.461669683456421,0.5282807350158691,0.037314336746931076,0.6804580688476562,-1.4609984159469604,0.5218891501426697
1785122675.583246,-0.03845458850264549,-0.6802883744239807,1.4623565673828125,-0.5271909832954407,0.037962816655635834,-0.6802942752838135,1.46178138256073,-0.5228747129440308,-0.0376579575240612,0.680275559425354,-1.461669683456421,0.5282807946205139,0.03731434792280197,0.6804580688476562,-1.4609984159469604,0.5218891501426697
1785122675.6380754,-0.03845459967851639,-0.6802883744239807,1.4623565673828125,-0.5271909236907959,0.03796282783150673,-0.6802942752838135,1.46178138256073,-0.5228747129440308,-0.0376579686999321,0.680275559425354,-1.461669683456421,0.5282807946205139,0.03731435909867287,0.6804580688476562,-1.4609984159469604,0.5218892097473145
1785122675.6918695,-0.037590619176626205,-0.6678078174591064,1.4625695943832397,-0.5898780822753906,0.0388016514480114,-0.6879082918167114,1.4623167514801025,-0.48495247960090637,-0.03852899372577667,0.6926953792572021,-1.4612821340560913,0.46550652384757996,0.03644726797938347,0.6728355884552002,-1.4604123830795288,0.5597772598266602
1785122675.7443397,-0.036869123578071594,-0.6450624465942383,1.4610921144485474,-0.7072004675865173,0.03941800817847252,-0.7048437595367432,1.4636178016662598,-0.40412524342536926,-0.03931647539138794,0.7151048183441162,-1.4617239236831665,0.34737712144851685,0.03567487373948097,0.6558617353439331,-1.4587671756744385,0.6402319073677063
1785122675.7970858,-0.03769551217556,-0.6236046552658081,1.4584791660308838,-0.8348000049591064,0.03844200447201729,-0.7246110439300537,1.4661496877670288,-0.3149714767932892,-0.03837525472044945,0.7373562455177307,-1.463900089263916,0.2178644835948944,0.03675778582692146,0.6364176273345947,-1.4558817148208618,0.7281137704849243
1785122675.8513334,-0.03746907040476799,-0.6162826418876648,1.4569662809371948,-0.9306551814079285,0.036159660667181015,-0.7382788062095642,1.4670740365982056,-0.25604838132858276,-0.03611430898308754,0.7505278587341309,-1.4664740562438965,0.12200173735618591,0.03887806087732315,0.6237347722053528,-1.4542109966278076,0.7854639291763306
1785122675.9018598,-0.03509106487035751,-0.6201427578926086,1.4548885822296143,-1.0095573663711548,0.03247302025556564,-0.7462952733039856,1.465206503868103,-0.2166839987039566,-0.033333711326122284,0.7563967704772949,-1.4651602506637573,0.04477419704198837,0.0373908132314682,0.6216332912445068,-1.4521783590316772,0.8256236910820007
1785122675.9542484,-0.03241594508290291,-0.6266780495643616,1.4513366222381592,-1.0718165636062622,0.028660990297794342,-0.750042736530304,1.4618312120437622,-0.19154146313667297,-0.030103199183940887,0.7573463320732117,-1.460667610168457,-0.015162776224315166,0.03403736278414726,0.6270225048065186,-1.4503440856933594,0.852347731590271
1785122676.0077374,-0.03024367056787014,-0.6347688436508179,1.4467390775680542,-1.139395833015442,0.023598087951540947,-0.7526814341545105,1.4582406282424927,-0.1712995320558548,-0.02587788738310337,0.7564124464988708,-1.4553419351577759,-0.07881385833024979,0.030977418646216393,0.6338825821876526,-1.4475178718566895,0.8753431439399719
1785122676.0578463,-0.029265331104397774,-0.6392650008201599,1.4434685707092285,-1.1941713094711304,0.01992793381214142,-0.7555652260780334,1.4568798542022705,-0.1573156863451004,-0.02273571491241455,0.7568684816360474,-1.4533748626708984,-0.1289650946855545,0.029617780819535255,0.6370931267738342,-1.4454339742660522,0.8931467533111572
1785122676.111399,-0.02876674383878708,-0.6410146951675415,1.4418202638626099,-1.2616798877716064,0.016785183921456337,-0.7602243423461914,1.4566638469696045,-0.1412658840417862,-0.019866976886987686,0.7595736384391785,-1.4530247449874878,-0.1897859275341034,0.028747398406267166,0.6377229690551758,-1.4439607858657837,0.9153731465339661
1785122676.163639,-0.028033452108502388,-0.6401770114898682,1.441349983215332,-1.31730318069458,0.015503325499594212,-0.7641837000846863,1.45634925365448,-0.12897710502147675,-0.018417958170175552,0.7628222703933716,-1.452996850013733,-0.2388974279165268,0.027876516804099083,0.6369851231575012,-1.4438750743865967,0.9336720108985901
1785122676.216562,-0.02600386179983616,-0.6381209492683411,1.441627025604248,-1.3884737491607666,0.015089434571564198,-0.7688642144203186,1.454721450805664,-0.11185384541749954,-0.017439713701605797,0.7675562500953674,-1.451906681060791,-0.30098292231559753,0.025745876133441925,0.6357771754264832,-1.4437514543533325,0.9594426155090332
1785122676.269938,-0.02365069091320038,-0.6363033056259155,1.4426193237304688,-1.452970266342163,0.01497164648026228,-0.7730334401130676,1.4522486925125122,-0.09171375632286072,-0.01670725829899311,0.7723166346549988,-1.450168490409851,-0.35773351788520813,0.02301127091050148,0.6351714134216309,-1.4427552223205566,0.9876384735107422
1785122676.3223913,-0.02118469960987568,-0.6354733109474182,1.4421368837356567,-1.5292609930038452,0.014191334135830402,-0.7769051790237427,1.4492247104644775,-0.07016585022211075,-0.014855927787721157,0.7771012187004089,-1.4483517408370972,-0.4237290620803833,0.02058969996869564,0.6359478831291199,-1.4420232772827148,1.019146203994751
1785122676.3776321,-0.02022702246904373,-0.6363703608512878,1.4417446851730347,-1.5914186239242554,0.012569405138492584,-0.7788720726966858,1.4473206996917725,-0.05807313695549965,-0.012279164977371693,0.7797572016716003,-1.4475853443145752,-0.47601234912872314,0.019245365634560585,0.6383293271064758,-1.439698338508606,1.041730523109436
1785122676.431303,-0.019548919051885605,-0.637938916683197,1.4403043985366821,-1.6585921049118042,0.010319659486413002,-0.7809323668479919,1.445972204208374,-0.04700566828250885,-0.00894426740705967,0.7821720242500305,-1.4471118450164795,-0.531082034111023,0.018065661191940308,0.6412370800971985,-1.437641978263855,1.0653371810913086
1785122676.4868603,-0.018534956499934196,-0.6394073367118835,1.4389115571975708,-1.7261476516723633,0.008141974918544292,-0.7837333083152771,1.4446004629135132,-0.03654130920767784,-0.006266874261200428,0.7839425206184387,-1.445863962173462,-0.5857637524604797,0.016417639330029488,0.643002986907959,-1.4358985424041748,1.0895382165908813
1785122676.5425344,-0.01704242266714573,-0.6404733657836914,1.4377409219741821,-1.794020652770996,0.00650395592674613,-0.7871848344802856,1.4430450201034546,-0.02686716429889202,-0.004567047581076622,0.7856187224388123,-1.4442921876907349,-0.6400556564331055,0.014388822950422764,0.6433796286582947,-1.4349993467330933,1.1139135360717773
1785122676.593361,-0.015463036485016346,-0.6407357454299927,1.4372458457946777,-1.8580719232559204,0.005410441663116217,-0.7911288738250732,1.4417108297348022,-0.016711577773094177,-0.00373009592294693,0.7876951098442078,-1.4427627325057983,-0.6912239789962769,0.012412779033184052,0.642569363117218,-1.4351574182510376,1.1380749940872192
1785122676.646827,-0.01353346649557352,-0.6403330564498901,1.436768889427185,-1.9327555894851685,0.00441872188821435,-0.7960465550422668,1.4402482509613037,-0.002496606670320034,-0.003031454049050808,0.790806233882904,-1.4409542083740234,-0.7509871125221252,0.01021108590066433,0.6410571336746216,-1.4352607727050781,1.168538212776184
1785122676.7014003,-0.012649502605199814,-0.6405933499336243,1.4358036518096924,-1.9864134788513184,0.0035527972504496574,-0.8026301264762878,1.4382784366607666,0.025473637506365776,-0.0020661845337599516,0.7913771271705627,-1.4398764371871948,-0.7914767861366272,0.00777556374669075,0.6395158171653748,-1.4360564947128296,1.2125757932662964
1785122676.7517765,-0.012024170719087124,-0.6413456797599792,1.435206413269043,-2.0332140922546387,0.0028236079961061478,-0.8084440231323242,1.4366400241851807,0.054781120270490646,-0.0005329371779225767,0.7912177443504333,-1.4386754035949707,-0.8244590759277344,0.005520570557564497,0.6393707394599915,-1.4352924823760986,1.2585636377334595
1785122676.8023598,-0.011682859621942043,-0.6415908932685852,1.4350703954696655,-2.0727481842041016,0.0021779369562864304,-0.8120213150978088,1.4350240230560303,0.07798542827367783,0.0009820845443755388,0.7914900779724121,-1.437829613685608,-0.8515058755874634,0.0037120215129107237,0.6403763890266418,-1.4340111017227173,1.2976396083831787
1785122676.8564112,-0.010957539081573486,-0.6412006616592407,1.4350883960723877,-2.1200673580169678,0.0017669239314273,-0.8150861859321594,1.432721495628357,0.10471846908330917,0.0029620002023875713,0.7927391529083252,-1.4372544288635254,-0.8831937909126282,0.0019402335165068507,0.6421540379524231,-1.43312668800354,1.344285011291504
1785122676.9069414,-0.010053628124296665,-0.640443742275238,1.4353636503219604,-2.1646718978881836,0.0014463945990428329,-0.8174915313720703,1.4306488037109375,0.1303195208311081,0.004485222045332193,0.7949454188346863,-1.4368363618850708,-0.9132776856422424,0.00039205746725201607,0.6434104442596436,-1.4314099550247192,1.3892720937728882
1785122676.9578936,-0.009082835167646408,-0.6395759582519531,1.4354350566864014,-2.2095787525177,0.0010460673365741968,-0.8196481466293335,1.4290167093276978,0.15606649219989777,0.005970361642539501,0.7974812388420105,-1.4364521503448486,-0.9433197975158691,-0.0006789421895518899,0.6443551182746887,-1.4303604364395142,1.4347002506256104
1785122677.0082474,-0.008612435311079025,-0.6393944621086121,1.43553626537323,-2.2478573322296143,0.00018971810641232878,-0.8210013508796692,1.428110957145691,0.17709624767303467,0.007255919743329287,0.7994723320007324,-1.4363545179367065,-0.9680359363555908,-0.001208192203193903,0.6448461413383484,-1.4286831617355347,1.474220871925354
1785122677.0587204,-0.007906964980065823,-0.6398649215698242,1.4350632429122925,-2.2894368171691895,-0.0009488422656431794,-0.8220927715301514,1.4273899793624878,0.19917462766170502,0.008656058460474014,0.801371693611145,-1.4361268281936646,-0.9939832091331482,-0.0015512394020333886,0.6458439230918884,-1.4279810190200806,1.5168875455856323
1785122677.112794,-0.006909022107720375,-0.640712559223175,1.4339903593063354,-2.3353681564331055,-0.002399294637143612,-0.8229908347129822,1.4266144037246704,0.22311854362487793,0.009691847488284111,0.8030619025230408,-1.4351179599761963,-1.0220166444778442,-0.0020483853295445442,0.6466621160507202,-1.4270555973052979,1.564194679260254
1785122677.1664271,-0.0058191739954054356,-0.641696035861969,1.4331862926483154,-2.3813412189483643,-0.003941016737371683,-0.8238838911056519,1.42616605758667,0.24685199558734894,0.010245530866086483,0.8047394156455994,-1.4340275526046753,-1.0496658086776733,-0.0021587475202977657,0.6467206478118896,-1.4268256425857544,1.6112555265426636
1785122677.2164729,-0.004830934572964907,-0.6423545479774475,1.4323440790176392,-2.419250965118408,-0.0051842364482581615,-0.8245708346366882,1.4260380268096924,0.26616108417510986,0.010457866825163364,0.8064366579055786,-1.4332661628723145,-1.0719772577285767,-0.0021032034419476986,0.6464630365371704,-1.4268051385879517,1.649848222732544
1785122677.2665477,-0.003672103164717555,-0.6428108811378479,1.4317511320114136,-2.4619405269622803,-0.006482355762273073,-0.8251487016677856,1.4259718656539917,0.2879970073699951,0.010506336577236652,0.8087360858917236,-1.4323476552963257,-1.0968348979949951,-0.002126737730577588,0.6461515426635742,-1.4267358779907227,1.6933398246765137
1785122677.317592,-0.0019354092655703425,-0.6427035331726074,1.4313201904296875,-2.51934552192688,-0.0074973339214921,-0.8276681900024414,1.4245960712432861,0.32420721650123596,0.010469989851117134,0.8135309815406799,-1.430422306060791,-1.1352760791778564,-0.0023956247605383396,0.6458084583282471,-1.4261127710342407,1.751760721206665
1785122677.371411,0.00060101761482656,-0.6407825946807861,1.4298304319381714,-2.66149640083313,-0.010017822496592999,-0.8401862382888794,1.4182116985321045,0.43965277075767517,0.010959072969853878,0.8292283415794373,-1.4234459400177002,-1.2529350519180298,-0.0029856166802346706,0.6465927958488464,-1.4244415760040283,1.8958930969238281
1785122677.427258,0.0015361023833975196,-0.6441597938537598,1.424731731414795,-2.811795234680176,-0.014054751954972744,-0.8518532514572144,1.4117647409439087,0.5606648325920105,0.013705004937946796,0.8431742191314697,-1.4161128997802734,-1.3752397298812866,-0.0029196718242019415,0.6507143974304199,-1.4218271970748901,2.0468146800994873
1785122677.4816184,0.003137046005576849,-0.6533747911453247,1.418899416923523,-3.023040294647217,-0.020276738330721855,-0.8680808544158936,1.4016797542572021,0.736008882522583,0.019144991412758827,0.8617337942123413,-1.4043642282485962,-1.551718831062317,-0.0036896723322570324,0.6568930149078369,-1.4169586896896362,2.2590558528900146
1785122677.5316837,0.005125373601913452,-0.6617622375488281,1.4123269319534302,-3.1912362575531006,-0.026920996606349945,-0.8785248398780823,1.394287109375,0.8721318244934082,0.02553369477391243,0.8738651871681213,-1.3953869342803955,-1.6884218454360962,-0.005419721361249685,0.6634128093719482,-1.4109785556793213,2.4280922412872314
1785122677.5861676,0.008099229075014591,-0.6710037589073181,1.4055975675582886,-3.3666160106658936,-0.036591868847608566,-0.885689914226532,1.3890265226364136,1.0052435398101807,0.03466591611504555,0.8832974433898926,-1.3886237144470215,-1.8218342065811157,-0.008072135969996452,0.6713396906852722,-1.4047083854675293,2.6042637825012207
1785122677.636422,0.011038857512176037,-0.6774419546127319,1.3996577262878418,-3.5071921348571777,-0.0456308089196682,-0.8890595436096191,1.3864119052886963,1.1034832000732422,0.04298635572195053,0.8889073133468628,-1.3851505517959595,-1.9199868440628052,-0.010561191476881504,0.677450954914093,-1.3988018035888672,2.7451982498168945
1785122677.686496,0.014922612346708775,-0.6813912987709045,1.3959934711456299,-3.649812936782837,-0.05350013077259064,-0.8930071592330933,1.383358120918274,1.2012237310409546,0.050644826143980026,0.8949044346809387,-1.381463885307312,-2.0173141956329346,-0.013633592054247856,0.6816717386245728,-1.3963221311569214,2.8876872062683105
1785122677.736891,0.018371669575572014,-0.6827202439308167,1.3940390348434448,-3.789614677429199,-0.05971596762537956,-0.8984247446060181,1.3794306516647339,1.2987420558929443,0.0563337542116642,0.9020180106163025,-1.3768097162246704,-2.114272356033325,-0.016758490353822708,0.682438313961029,-1.393798589706421,3.0277469158172607
1785122677.7872238,0.02160470187664032,-0.6830856204032898,1.3914297819137573,-3.959465980529785,-0.06547524780035019,-0.9068729877471924,1.374093770980835,1.4192874431610107,0.06203377991914749,0.9119197130203247,-1.3707315921783447,-2.2339842319488525,-0.01979660801589489,0.6823751926422119,-1.3929001092910767,3.196993589401245
1785122677.8420193,0.0228300541639328,-0.6839470267295837,1.3901796340942383,-4.135800838470459,-0.07057097554206848,-0.9163495302200317,1.3685885667800903,1.5448591709136963,0.06747416406869888,0.9224405288696289,-1.364241123199463,-2.358565330505371,-0.021154236048460007,0.6823896765708923,-1.392313003540039,3.372846841812134
1785122677.8932118,0.023044850677251816,-0.6866784691810608,1.3880575895309448,-4.292121887207031,-0.0755714550614357,-0.9230572581291199,1.364993929862976,1.6495342254638672,0.072444848716259,0.9301707148551941,-1.3596338033676147,-2.4621188640594482,-0.02161567658185959,0.6836265921592712,-1.3898720741271973,3.5287914276123047
1785122677.9432263,0.023500801995396614,-0.6886434555053711,1.387304425239563,-4.4250288009643555,-0.07928045839071274,-0.9273883104324341,1.3611925840377808,1.7342714071273804,0.07667668908834457,0.9353464841842651,-1.3556698560714722,-2.5457603931427,-0.022254688665270805,0.6861419677734375,-1.389832615852356,3.661085605621338
1785122677.9962306,0.02315697818994522,-0.6887656450271606,1.3874614238739014,-4.5925493240356445,-0.08337025344371796,-0.9324542880058289,1.354799747467041,1.8414922952651978,0.0812077447772026,0.941313624382019,-1.3493393659591675,-2.6516754627227783,-0.022102203220129013,0.6867159605026245,-1.3886661529541016,3.828460454940796
1785122678.0472643,0.022283976897597313,-0.6878942251205444,1.3879647254943848,-4.746678352355957,-0.0866432934999466,-0.9375856518745422,1.3492457866668701,1.939670443534851,0.085368312895298,0.9468907117843628,-1.3445130586624146,-2.7487998008728027,-0.021629860624670982,0.6872440576553345,-1.3884515762329102,3.9825851917266846
1785122678.0980947,0.021417757496237755,-0.687206506729126,1.3882887363433838,-4.897613525390625,-0.08988060057163239,-0.9427498579025269,1.3449158668518066,2.033740282058716,0.08956484496593475,0.9520207643508911,-1.3410563468933105,-2.8421213626861572,-0.02127748541533947,0.6873171329498291,-1.3883296251296997,4.133533000946045
1785122678.1518831,0.021162858232855797,-0.6870541572570801,1.3882981538772583,-5.0581374168396,-0.09364719688892365,-0.9477952122688293,1.341341257095337,2.130708694458008,0.09403513371944427,0.9564249515533447,-1.337995171546936,-2.93866229057312,-0.02156328223645687,0.6870165467262268,-1.3882575035095215,4.294073581695557
1785122678.201892,0.021182632073760033,-0.6872549057006836,1.3882402181625366,-5.198421001434326,-0.09772595763206482,-0.9512162804603577,1.3388607501983643,2.212507724761963,0.09757190197706223,0.9589726328849792,-1.335256576538086,-3.020359754562378,-0.021442212164402008,0.6857179999351501,-1.3892395496368408,4.433796405792236
1785122678.256823,0.021944042295217514,-0.6874685883522034,1.3878403902053833,-5.313490867614746,-0.10249383002519608,-0.950391948223114,1.3404821157455444,2.2646257877349854,0.10124532878398895,0.9571775197982788,-1.3362534046173096,-3.072479486465454,-0.02174750715494156,0.685582160949707,-1.3886847496032715,4.548835754394531
1785122678.3113341,0.02332226000726223,-0.6871366500854492,1.3881070613861084,-5.425015449523926,-0.1069677546620369,-0.9482415318489075,1.3406956195831299,2.312189817428589,0.10414194315671921,0.9541342258453369,-1.3365017175674438,-3.12031888961792,-0.022105230018496513,0.6856906414031982,-1.3894603252410889,4.660050392150879
1785122678.366336,0.02409912273287773,-0.6865634322166443,1.3884466886520386,-5.54442834854126,-0.11064517498016357,-0.9472973942756653,1.3397310972213745,2.3672189712524414,0.10640323907136917,0.9521246552467346,-1.3356494903564453,-3.1759655475616455,-0.022029060870409012,0.6856213212013245,-1.3892713785171509,4.779443740844727
1785122678.4189043,0.023819759488105774,-0.6863539814949036,1.3889902830123901,-5.675941467285156,-0.11335660517215729,-0.9496273398399353,1.3369332551956177,2.438267707824707,0.10772085934877396,0.9532614350318909,-1.3328149318695068,-3.2479965686798096,-0.02095179073512554,0.6845598220825195,-1.3913087844848633,4.910018444061279
1785122678.4720335,0.02203519269824028,-0.6864900588989258,1.3890271186828613,-5.885225296020508,-0.11637090891599655,-0.9601442217826843,1.3285847902297974,2.5790514945983887,0.10829401016235352,0.9621647000312805,-1.3231916427612305,-3.3900763988494873,-0.017899921163916588,0.6820405125617981,-1.3932912349700928,5.117732524871826
1785122678.5264854,0.01986135169863701,-0.6876528859138489,1.3883801698684692,-6.092260360717773,-0.12050119042396545,-0.9707333445549011,1.3234050273895264,2.7168033123016357,0.10861551761627197,0.9719231724739075,-1.3162537813186646,-3.529186487197876,-0.013276494108140469,0.6798930168151855,-1.396140217781067,5.321848392486572
1785122678.576511,0.019964830949902534,-0.6882193684577942,1.3876831531524658,-6.266782760620117,-0.12500829994678497,-0.9774096608161926,1.3207038640975952,2.8275463581085205,0.10908060520887375,0.9788195490837097,-1.3113043308258057,-3.6409976482391357,-0.010680606588721275,0.6786096692085266,-1.3969223499298096,5.493702411651611
1785122678.6288714,0.02167077548801899,-0.6881667971611023,1.3873234987258911,-6.425417423248291,-0.12990042567253113,-0.9802369475364685,1.3189274072647095,2.9220046997070312,0.11015801876783371,0.9829344153404236,-1.3076571226119995,-3.736260175704956,-0.009801216423511505,0.6780868768692017,-1.3975095748901367,5.649465084075928
1785122678.686452,0.02333195134997368,-0.6877130270004272,1.3873484134674072,-6.589550495147705,-0.13544540107250214,-0.9780744314193726,1.3195282220840454,2.9966723918914795,0.11251769214868546,0.9850710034370422,-1.3047209978103638,-3.829782009124756,-0.008570609614253044,0.6785666942596436,-1.3972669839859009,5.791295528411865
1785122678.7419016,0.024121440947055817,-0.6878203749656677,1.3872402906417847,-6.760128021240234,-0.14143109321594238,-0.9697833061218262,1.320901870727539,3.0431559085845947,0.11593605577945709,0.9859694242477417,-1.3047010898590088,-3.9236676692962646,-0.005354650784283876,0.6812552809715271,-1.3975560665130615,5.9114580154418945
1785122678.7920887,0.02409803494811058,-0.6877120137214661,1.3878422975540161,-6.896590232849121,-0.14568863809108734,-0.9615013003349304,1.3211790323257446,3.0763237476348877,0.118794284760952,0.9857239127159119,-1.305155634880066,-3.9965202808380127,-0.0018944991752505302,0.6827165484428406,-1.3981597423553467,6.0061116218566895
1785122678.8461204,0.02324836514890194,-0.6870839595794678,1.3886734247207642,-7.055474281311035,-0.14975003898143768,-0.9542871117591858,1.3215134143829346,3.1216742992401123,0.12069591879844666,0.9862174391746521,-1.3032931089401245,-4.085143089294434,0.00189894565846771,0.6818255186080933,-1.4002193212509155,6.118609428405762
1785122678.8965902,0.022451715543866158,-0.6868299841880798,1.3890589475631714,-7.198820114135742,-0.15308494865894318,-0.9529377818107605,1.320922613143921,3.192491054534912,0.12088431417942047,0.9872316122055054,-1.301213264465332,-4.164825439453125,0.005368250422179699,0.6771292090415955,-1.4047071933746338,6.2496161460876465
1785122678.9515395,0.021744944155216217,-0.6865820288658142,1.3891314268112183,-7.369314670562744,-0.15709228813648224,-0.9560208320617676,1.3218615055084229,3.292714834213257,0.11930330097675323,0.9898797273635864,-1.2955601215362549,-4.263766765594482,0.008424580097198486,0.6686928868293762,-1.410078525543213,6.414083957672119
1785122679.0022979,0.021808257326483727,-0.6870706677436829,1.388474464416504,-7.534423828125,-0.16155333817005157,-0.9605758786201477,1.3229851722717285,3.3935818672180176,0.11669342964887619,0.9936632513999939,-1.2895127534866333,-4.362606525421143,0.01150399912148714,0.6605808138847351,-1.4154824018478394,6.57141637802124
1785122679.057134,0.02253022789955139,-0.6879967451095581,1.3876477479934692,-7.714995861053467,-0.16741012036800385,-0.9643152356147766,1.3235589265823364,3.503303050994873,0.1133500337600708,0.9980989694595337,-1.2841192483901978,-4.469398498535156,0.016672400757670403,0.6544562578201294,-1.4199670553207397,6.742071628570557
1785122679.107743,0.023479165509343147,-0.6883407235145569,1.3872792720794678,-7.871277332305908,-0.173050656914711,-0.9646806120872498,1.3232522010803223,3.59507155418396,0.11045891046524048,1.0013903379440308,-1.2805739641189575,-4.558070182800293,0.02256971225142479,0.6530393958091736,-1.4227426052093506,6.888420581817627
1785122679.162035,0.024553462862968445,-0.6876980066299438,1.3877003192901611,-8.036293983459473,-0.17864957451820374,-0.9619454145431519,1.3222215175628662,3.6889402866363525,0.10736540704965591,1.0036594867706299,-1.2758620977401733,-4.6479692459106445,0.027690604329109192,0.6521859169006348,-1.4270532131195068,7.041104793548584
1785122679.221341,0.024535173550248146,-0.6870877742767334,1.3882640600204468,-8.202737808227539,-0.18338528275489807,-0.9582992196083069,1.3217554092407227,3.7840840816497803,0.10443566739559174,1.005761742591858,-1.2700647115707397,-4.737904071807861,0.034007277339696884,0.6480520367622375,-1.43189537525177,7.19382905960083
1785122679.2722483,0.023195473477244377,-0.6873435378074646,1.3884079456329346,-8.367866516113281,-0.18829016387462616,-0.9542757868766785,1.3230767250061035,3.878260374069214,0.10112529993057251,1.0088602304458618,-1.2655032873153687,-4.825540065765381,0.04221906140446663,0.6438702344894409,-1.436328649520874,7.3445329666137695
1785122679.3272753,0.022479787468910217,-0.6878261566162109,1.388362169265747,-8.519012451171875,-0.19301094114780426,-0.9502231478691101,1.3247177600860596,3.9651803970336914,0.09732051938772202,1.0125945806503296,-1.2612718343734741,-4.905295372009277,0.05036257952451706,0.640357255935669,-1.4412684440612793,7.4811224937438965
1785122679.381345,0.023000268265604973,-0.6881099939346313,1.388218879699707,-8.70789909362793,-0.19874612987041473,-0.9453409314155579,1.3263485431671143,4.077353000640869,0.09168176352977753,1.0183191299438477,-1.254641056060791,-5.006905555725098,0.05906346067786217,0.6359180212020874,-1.4470083713531494,7.65134334564209
1785122679.4319887,0.023794226348400116,-0.6883326768875122,1.3880610466003418,-8.854628562927246,-0.20286202430725098,-0.9417879581451416,1.3276604413986206,4.166949272155762,0.08613333851099014,1.0212751626968384,-1.2508134841918945,-5.0888285636901855,0.06530170887708664,0.6329209804534912,-1.451521873474121,7.783190727233887
1785122679.4864154,0.024795420467853546,-0.6882250905036926,1.387977123260498,-9.037337303161621,-0.20694895088672638,-0.9372633695602417,1.3304725885391235,4.280410289764404,0.07925589382648468,1.0237289667129517,-1.2478488683700562,-5.190390586853027,0.07358686625957489,0.6299935579299927,-1.4558333158493042,7.946843147277832
1785122679.5368166,0.025328850373625755,-0.6880526542663574,1.3879539966583252,-9.189284324645996,-0.2095082402229309,-0.9332358837127686,1.3332114219665527,4.376245021820068,0.07325190305709839,1.0237184762954712,-1.2467167377471924,-5.275574684143066,0.08060174435377121,0.6280802488327026,-1.4583660364151,8.082579612731934
1785122679.5933352,0.02563076838850975,-0.6879156231880188,1.3880665302276611,-9.38138484954834,-0.21152402460575104,-0.9283856749534607,1.3363878726959229,4.500416278839111,0.06550313532352448,1.021952509880066,-1.2466952800750732,-5.386963844299316,0.08880499750375748,0.6256678700447083,-1.4608550071716309,8.254047393798828
1785122679.6465008,0.02539065107703209,-0.6879360675811768,1.3882746696472168,-9.582062721252441,-0.21169976890087128,-0.9239766597747803,1.3397109508514404,4.633961200714111,0.056675463914871216,1.0175575017929077,-1.2484720945358276,-5.509497165679932,0.09584054350852966,0.622917652130127,-1.463201642036438,8.433167457580566
1785122679.6968062,0.02535216324031353,-0.6876773238182068,1.3884477615356445,-9.781415939331055,-0.20890063047409058,-0.9208709001541138,1.3425500392913818,4.772458553314209,0.04950978606939316,1.0158754587173462,-1.2491745948791504,-5.634886741638184,0.10052910447120667,0.6206080317497253,-1.4654479026794434,8.612004280090332
1785122679.7510283,0.023810774087905884,-0.687605082988739,1.3891228437423706,-10.012794494628906,-0.20051522552967072,-0.9138639569282532,1.345154047012329,4.939437389373779,0.04054728522896767,1.0131665468215942,-1.2507350444793701,-5.787447452545166,0.10369748622179031,0.6186749935150146,-1.4664441347122192,8.820637702941895
1785122679.8018749,0.021952321752905846,-0.6880871653556824,1.3889678716659546,-10.230319023132324,-0.19043920934200287,-0.9064520001411438,1.3501837253570557,5.099189758300781,0.03277061507105827,1.0144903659820557,-1.2507164478302002,-5.931480407714844,0.10528745502233505,0.6188478469848633,-1.4675307273864746,9.01699161529541
1785122679.8579886,0.020654814317822456,-0.6897539496421814,1.3882437944412231,-10.45156192779541,-0.18000897765159607,-0.8976117372512817,1.3550519943237305,5.2648186683654785,0.025519199669361115,1.0208160877227783,-1.2478814125061035,-6.078187465667725,0.10567878931760788,0.619548499584198,-1.4673298597335815,9.217500686645508
1785122679.9082747,0.01892481930553913,-0.6923481822013855,1.3877875804901123,-10.664901733398438,-0.16510382294654846,-0.8818140625953674,1.3587485551834106,5.42702579498291,0.018332118168473244,1.0333356857299805,-1.2415655851364136,-6.214400768280029,0.10665138065814972,0.6203979253768921,-1.4672588109970093,9.410224914550781
1785122679.9610023,0.01140671782195568,-0.6957428455352783,1.3899028301239014,-10.874464988708496,-0.12527106702327728,-0.8337690234184265,1.3590861558914185,5.5970330238342285,0.008220968768000603,1.0591384172439575,-1.232765793800354,-6.336212158203125,0.107930488884449,0.627697229385376,-1.4678783416748047,9.60018253326416
1785122680.0111685,-0.007200875319540501,-0.6977694034576416,1.3951095342636108,-11.012502670288086,-0.05175541341304779,-0.7247147560119629,1.3743447065353394,5.732073783874512,-0.008252027444541454,1.0947468280792236,-1.2435860633850098,-6.398974895477295,0.1058908998966217,0.6517019271850586,-1.4634820222854614,9.728939056396484
1785122680.0618849,-0.03546103462576866,-0.7109174132347107,1.4329259395599365,-11.081862449645996,0.0029886492993682623,-0.6396610736846924,1.411351203918457,5.799946308135986,-0.02839253842830658,1.1296303272247314,-1.2723160982131958,-6.401406288146973,0.10196100175380707,0.6875900626182556,-1.4634888172149658,9.7987699508667
1785122680.1126695,-0.06468981504440308,-0.7129946947097778,1.4409959316253662,-11.143232345581055,0.016707025468349457,-0.6393827795982361,1.4277820587158203,5.85801887512207,-0.02735082618892193,1.1228716373443604,-1.2824757099151611,-6.395774841308594,0.1194794699549675,0.70560622215271,-1.4744887351989746,9.862693786621094
1785122680.167038,-0.062288329005241394,-0.7020520567893982,1.396097183227539,-11.2295560836792,-0.01172379869967699,-0.6878239512443542,1.46477210521698,5.942149639129639,-0.034560903906822205,1.0765541791915894,-1.2698304653167725,-6.403511047363281,0.12265148013830185,0.6792128682136536,-1.474187970161438,9.947497367858887
1785122680.2215202,0.0018853892106562853,-0.7048998475074768,1.3837783336639404,-11.422432899475098,-0.04606989771127701,-0.743500828742981,1.432927131652832,6.115748405456543,-0.05947262793779373,1.0308228731155396,-1.2604620456695557,-6.514039993286133,0.10173347592353821,0.6106271743774414,-1.4800121784210205,10.119978904724121
1785122680.2722275,0.04318131133913994,-0.7001054883003235,1.3821845054626465,-11.578831672668457,-0.0771714597940445,-0.7880962491035461,1.4200156927108765,6.246537685394287,-0.07395767420530319,1.002686619758606,-1.2706801891326904,-6.608673095703125,0.08849480003118515,0.5807060599327087,-1.4887830018997192,10.25424861907959
1785122680.3263855,0.05232203006744385,-0.6854447722434998,1.384539008140564,-11.635809898376465,-0.11236727237701416,-0.8172410726547241,1.433362603187561,6.268950939178467,-0.0713644027709961,0.9636456370353699,-1.3047600984573364,-6.603919982910156,0.09598885476589203,0.586926281452179,-1.4876015186309814,10.283039093017578
1785122680.3773005,0.04034797474741936,-0.6764224767684937,1.38954496383667,-11.580668449401855,-0.13584978878498077,-0.8161173462867737,1.4428123235702515,6.1778154373168945,-0.056152962148189545,0.9136776328086853,-1.3352017402648926,-6.501331329345703,0.10906141996383667,0.6112657189369202,-1.4728901386260986,10.208186149597168
1785122680.428048,0.030394289642572403,-0.6768450140953064,1.3931946754455566,-11.525001525878906,-0.14760152995586395,-0.8101327419281006,1.4349952936172485,6.086394786834717,-0.03900438919663429,0.8621814250946045,-1.3544044494628906,-6.405500411987305,0.11420334875583649,0.6331095695495605,-1.464155673980713,10.135781288146973
1785122680.481265,0.02629130892455578,-0.6803070306777954,1.3960078954696655,-11.552799224853516,-0.14955012500286102,-0.8191344141960144,1.4209918975830078,6.0639967918396,-0.02845245786011219,0.825298011302948,-1.3632912635803223,-6.389216899871826,0.10529927164316177,0.6413795948028564,-1.463309645652771,10.144533157348633
1785122680.5314488,0.02740977518260479,-0.6800017952919006,1.3952429294586182,-11.733305931091309,-0.14299039542675018,-0.8545981049537659,1.4097504615783691,6.194266319274902,-0.024760685861110687,0.8253860473632812,-1.357751488685608,-6.531628608703613,0.08754771947860718,0.6311622858047485,-1.4688382148742676,10.304747581481934
1785122680.5863028,0.02812458761036396,-0.6793183088302612,1.3931858539581299,-12.02135181427002,-0.1311226636171341,-0.9003546833992004,1.3975422382354736,6.421192169189453,-0.019778501242399216,0.8497204780578613,-1.3461602926254272,-6.774430751800537,0.06613844633102417,0.6188313364982605,-1.4670164585113525,10.570467948913574
1785122680.6391935,0.0262845940887928,-0.6814267039299011,1.39093816280365,-12.293889999389648,-0.1184929758310318,-0.9316049814224243,1.3838682174682617,6.635993480682373,-0.009795303456485271,0.8799997568130493,-1.3365172147750854,-7.001143932342529,0.04945892095565796,0.6223959922790527,-1.4554784297943115,10.825429916381836
1785122680.6925335,0.023354418575763702,-0.6861299872398376,1.3885834217071533,-12.5512056350708,-0.10356130450963974,-0.9468351006507874,1.36733877658844,6.829514503479004,0.007760031148791313,0.9122399091720581,-1.3319447040557861,-7.202697277069092,0.035395216196775436,0.6443858742713928,-1.4354851245880127,11.068175315856934
1785122680.754721,0.02172064408659935,-0.6887571215629578,1.3873682022094727,-12.722335815429688,-0.0908546969294548,-0.9467872381210327,1.3554023504257202,6.948825359344482,0.02528551034629345,0.9385120868682861,-1.3356244564056396,-7.324692726135254,0.021879326552152634,0.6685922741889954,-1.4121859073638916,11.233857154846191
1785122680.807228,0.02524322085082531,-0.6902328729629517,1.4022730588912964,-12.922805786132812,-0.06949394941329956,-0.9373185038566589,1.34315025806427,7.079372882843018,0.056512635201215744,0.9668064117431641,-1.3399404287338257,-7.453929901123047,-0.005290667060762644,0.6996644735336304,-1.3878284692764282,11.435959815979004
1785122680.861713,0.029698114842176437,-0.6955534815788269,1.414198398590088,-12.969612121582031,-0.056645944714546204,-0.9121643304824829,1.3353914022445679,7.070559501647949,0.08436228334903717,0.9650979042053223,-1.35377836227417,-7.441595077514648,-0.023444950580596924,0.7032601833343506,-1.380752682685852,11.47697925567627
1785122680.9168615,0.02401788905262947,-0.7242050170898438,1.4043042659759521,-12.84895133972168,-0.05271587148308754,-0.8644294142723083,1.3520125150680542,6.8875837326049805,0.11237519979476929,0.9299679398536682,-1.3737468719482422,-7.253106117248535,-0.03760682791471481,0.6951766014099121,-1.382318139076233,11.341404914855957
1785122680.9710274,0.012157674878835678,-0.7460498809814453,1.398109793663025,-12.746685028076172,-0.058202166110277176,-0.8249602317810059,1.376566767692566,6.727972507476807,0.12936411798000336,0.8917122483253479,-1.3754481077194214,-7.0813493728637695,-0.04313455522060394,0.6839689016342163,-1.3895896673202515,11.22364616394043
1785122681.0215654,0.0030195165891200304,-0.7499880194664001,1.4002419710159302,-12.7454252243042,-0.06388040632009506,-0.8102059364318848,1.3910242319107056,6.678284168243408,0.13079795241355896,0.8722943067550659,-1.3751193284988403,-7.017758369445801,-0.03845277428627014,0.6758447289466858,-1.395862340927124,11.209240913391113
1785122681.0716088,0.00038423799560405314,-0.7380585074424744,1.404792308807373,-12.836894035339355,-0.06421301513910294,-0.8181517720222473,1.3919018507003784,6.727957248687744,0.11200664192438126,0.8578959703445435,-1.37276029586792,-7.060315132141113,-0.028008460998535156,0.6732769012451172,-1.3992648124694824,11.289302825927734
1785122681.1260958,0.005066472105681896,-0.7200489044189453,1.4092551469802856,-12.967828750610352,-0.057453278452157974,-0.8385467529296875,1.388307809829712,6.807332992553711,0.09002074599266052,0.8552151918411255,-1.387317419052124,-7.129336833953857,-0.01630380190908909,0.678586483001709,-1.3959218263626099,11.409211158752441
1785122681.1810231,0.012133373878896236,-0.6851035952568054,1.4131991863250732,-13.175140380859375,-0.04902538284659386,-0.8709385395050049,1.375769853591919,6.964325904846191,0.0799146443605423,0.8864953517913818,-1.3965903520584106,-7.280523300170898,-0.021996280178427696,0.6873170733451843,-1.3889883756637573,11.618722915649414
1785122681.2314768,0.017538847401738167,-0.649141788482666,1.4115831851959229,-13.473679542541504,-0.043363433331251144,-0.9143773317337036,1.3567734956741333,7.2141804695129395,0.0689474493265152,0.9244269728660583,-1.3836015462875366,-7.529511451721191,-0.028926730155944824,0.6899218559265137,-1.4009202718734741,11.916620254516602
1785122681.281677,0.014664117246866226,-0.6476714611053467,1.4114184379577637,-13.708948135375977,-0.046753428876399994,-0.9452320337295532,1.3477059602737427,7.406676292419434,0.06063581630587578,0.9442729353904724,-1.3626022338867188,-7.723069190979004,-0.024999603629112244,0.6714555621147156,-1.4046846628189087,12.151921272277832
1785122681.336016,0.010650238953530788,-0.6657829880714417,1.403679609298706,-13.879423141479492,-0.056175533682107925,-0.9621827006340027,1.347777009010315,7.521357536315918,0.057416267693042755,0.9461333155632019,-1.3500338792800903,-7.838786602020264,-0.01504018809646368,0.6654005646705627,-1.3993878364562988,12.325990676879883
1785122681.386209,0.011627474799752235,-0.6863932609558105,1.3909285068511963,-13.992059707641602,-0.06716281920671463,-0.9654645323753357,1.3467342853546143,7.57914924621582,0.05793697386980057,0.9393743872642517,-1.3455688953399658,-7.898618221282959,-0.011701928451657295,0.6776859164237976,-1.3952387571334839,12.438343048095703
1785122681.437216,0.01892928034067154,-0.7000281810760498,1.382567286491394,-13.993903160095215,-0.07903527468442917,-0.9525594711303711,1.355087399482727,7.528878211975098,0.05987486615777016,0.9206371903419495,-1.3536159992218018,-7.851500988006592,-0.01182155217975378,0.6902595162391663,-1.3892625570297241,12.439081192016602
1785122681.4923222,0.029420185834169388,-0.697737455368042,1.3835121393203735,-13.927044868469238,-0.08939956873655319,-0.9273617267608643,1.3663668632507324,7.404931545257568,0.062409911304712296,0.893828272819519,-1.368160367012024,-7.73246955871582,-0.015803782269358635,0.6981343626976013,-1.386021614074707,12.373281478881836
1785122681.5459785,0.03342607989907265,-0.6851471066474915,1.389012098312378,-13.862704277038574,-0.0948297381401062,-0.9041135907173157,1.3754833936691284,7.2862677574157715,0.06480775773525238,0.8721433877944946,-1.382707118988037,-7.620099067687988,-0.01583614945411682,0.7028189897537231,-1.3859974145889282,12.315071105957031
1785122681.5962465,0.03203646466135979,-0.6765661239624023,1.393359661102295,-13.883251190185547,-0.09430614858865738,-0.8963629603385925,1.3769258260726929,7.255174160003662,0.06484328955411911,0.8664675354957581,-1.3886052370071411,-7.595297813415527,-0.013933234848082066,0.7028000950813293,-1.3895866870880127,12.33854866027832
1785122681.6465535,0.028162863105535507,-0.675341784954071,1.3942960500717163,-14.040304183959961,-0.0886741653084755,-0.9099686741828918,1.3707345724105835,7.356342792510986,0.06361732631921768,0.8807386159896851,-1.3792296648025513,-7.703218460083008,-0.014627606607973576,0.6856042742729187,-1.3987374305725098,12.49259090423584
1785122681.7013848,0.02088581584393978,-0.6819055080413818,1.390923023223877,-14.196769714355469,-0.081607386469841,-0.9251973628997803,1.372063159942627,7.456148624420166,0.0628756657242775,0.8976524472236633,-1.3684544563293457,-7.808624744415283,-0.014998354949057102,0.6657915711402893,-1.4043564796447754,12.644590377807617
1785122681.751586,0.017875278368592262,-0.6882387399673462,1.3879607915878296,-14.317333221435547,-0.07593245059251785,-0.931900143623352,1.3734817504882812,7.52358341217041,0.06184963509440422,0.9112244844436646,-1.3601704835891724,-7.878393173217773,-0.017462806776165962,0.661960244178772,-1.4054235219955444,12.76042652130127
1785122681.8018317,0.01897403970360756,-0.6909597516059875,1.3865596055984497,-14.421309471130371,-0.07185753434896469,-0.932469367980957,1.3702049255371094,7.5796895027160645,0.06098354607820511,0.9230867028236389,-1.354026436805725,-7.934340000152588,-0.019377194344997406,0.66734379529953,-1.4020441770553589,12.860547065734863
1785122681.856317,0.021424997597932816,-0.6883406639099121,1.3923958539962769,-14.525771141052246,-0.0678202360868454,-0.927152156829834,1.3639291524887085,7.629293918609619,0.061733078211545944,0.9355151653289795,-1.3522939682006836,-7.9815144538879395,-0.01891920529305935,0.6799591183662415,-1.3950073719024658,12.96451187133789
1785122681.907405,0.021549297496676445,-0.6876164078712463,1.3923792839050293,-14.517040252685547,-0.06459678709506989,-0.9086769819259644,1.3660207986831665,7.571855068206787,0.064696304500103,0.9328697919845581,-1.3640493154525757,-7.921090126037598,-0.016070863232016563,0.6894474625587463,-1.3889907598495483,12.953469276428223
1785122681.9575384,0.02150300331413746,-0.6967858672142029,1.3907227516174316,-14.429137229919434,-0.060945458710193634,-0.8810276985168457,1.3760108947753906,7.435538291931152,0.06671115010976791,0.9166502356529236,-1.3769450187683105,-7.780742645263672,-0.016310252249240875,0.6992904543876648,-1.384979009628296,12.863621711730957
1785122682.0110993,0.024488501250743866,-0.7062416076660156,1.3928557634353638,-14.348967552185059,-0.05589863657951355,-0.855489194393158,1.3839291334152222,7.3042778968811035,0.06412907689809799,0.8977405428886414,-1.3814762830734253,-7.642820835113525,-0.019522827118635178,0.7075143456459045,-1.3843680620193481,12.785799026489258
1785122682.0639465,0.02763771079480648,-0.7114565968513489,1.3965785503387451,-14.299159049987793,-0.0512789823114872,-0.8396725654602051,1.3885960578918457,7.209560394287109,0.05769452825188637,0.8831791877746582,-1.3830077648162842,-7.540706634521484,-0.024010492488741875,0.7162818908691406,-1.3899132013320923,12.739158630371094
1785122682.1163251,0.03046831488609314,-0.7174357175827026,1.399221420288086,-14.247404098510742,-0.046673793345689774,-0.8255878686904907,1.393757700920105,7.109511852264404,0.049613818526268005,0.8651605248451233,-1.3831353187561035,-7.432176113128662,-0.03024120442569256,0.7267091274261475,-1.39940345287323,12.690827369689941
1785122682.1692536,0.03139074519276619,-0.7240456342697144,1.3997083902359009,-14.202248573303223,-0.043780818581581116,-0.8141085505485535,1.3988115787506104,7.021113395690918,0.04346992075443268,0.846755862236023,-1.3833000659942627,-7.336486339569092,-0.034218281507492065,0.7338268756866455,-1.4055107831954956,12.648811340332031
1785122682.2213945,0.030862316489219666,-0.7333969473838806,1.3991007804870605,-14.155330657958984,-0.04179181158542633,-0.802323043346405,1.4045015573501587,6.926608562469482,0.039250750094652176,0.8259987831115723,-1.3865547180175781,-7.235301494598389,-0.03567854315042496,0.7393641471862793,-1.4091744422912598,12.604211807250977
1785122682.2768037,0.02982245571911335,-0.7452360987663269,1.3988126516342163,-14.10748291015625,-0.04011660814285278,-0.7901256084442139,1.4095357656478882,6.830515384674072,0.03724858537316322,0.8052785992622375,-1.3931074142456055,-7.1345391273498535,-0.03479243814945221,0.7437958121299744,-1.410407543182373,12.556401252746582
1785122682.327694,0.029492666944861412,-0.7577391266822815,1.3997899293899536,-14.059347152709961,-0.037912990897893906,-0.777509331703186,1.4125827550888062,6.73792028427124,0.036060407757759094,0.7861282229423523,-1.399794101715088,-7.039522647857666,-0.03341474011540413,0.7481696605682373,-1.4105411767959595,12.505960464477539
1785122682.3812444,0.03033660165965557,-0.7697349786758423,1.402997374534607,-14.015439987182617,-0.034237053245306015,-0.7644109129905701,1.4136452674865723,6.6449360847473145,0.03411523252725601,0.7674746513366699,-1.4055594205856323,-6.945590019226074,-0.03264673054218292,0.7518215179443359,-1.4116222858428955,12.457223892211914
1785122682.4360335,0.03168229013681412,-0.7788286805152893,1.407368779182434,-13.981598854064941,-0.030019337311387062,-0.7524309754371643,1.4137119054794312,6.562652111053467,0.031421784311532974,0.7518009543418884,-1.4094725847244263,-6.863657474517822,-0.0326724611222744,0.7550599575042725,-1.4139931201934814,12.416934967041016
1785122682.4918315,0.03242681547999382,-0.7858741879463196,1.4111716747283936,-13.94958209991455,-0.02641396038234234,-0.7400867342948914,1.4144389629364014,6.483762741088867,0.028560811653733253,0.7376335263252258,-1.412084937095642,-6.785830497741699,-0.03287603333592415,0.7598364949226379,-1.4167455434799194,12.377877235412598
1785122682.5463214,0.0322992280125618,-0.7864471673965454,1.4147998094558716,-13.945537567138672,-0.02372734807431698,-0.7319994568824768,1.4157183170318604,6.435068130493164,0.02584695629775524,0.729564905166626,-1.4133338928222656,-6.738278865814209,-0.03295170143246651,0.7615787386894226,-1.4201688766479492,12.367072105407715
1785122682.5966022,0.031066935509443283,-0.7849123477935791,1.4163695573806763,-13.946788787841797,-0.022761786356568336,-0.7258070707321167,1.4179736375808716,6.401885986328125,0.024430492892861366,0.7246952056884766,-1.4146318435668945,-6.705679416656494,-0.03226456418633461,0.7631350755691528,-1.4221352338790894,12.36355209350586
1785122682.6519446,0.02868562936782837,-0.7842928171157837,1.4170573949813843,-13.936559677124023,-0.022575417533516884,-0.7157633304595947,1.4218534231185913,6.352484703063965,0.023501472547650337,0.7175644040107727,-1.4168046712875366,-6.656126976013184,-0.03067857213318348,0.7678639888763428,-1.4233636856079102,12.348809242248535
1785122682.7027094,0.026755763217806816,-0.7849459648132324,1.4179774522781372,-13.918984413146973,-0.022220708429813385,-0.7052744626998901,1.425127625465393,6.30229377746582,0.022634537890553474,0.7104852199554443,-1.4187343120574951,-6.604709625244141,-0.029273757711052895,0.7736780643463135,-1.424316167831421,12.328521728515625
1785122682.7573693,0.02565867081284523,-0.7849795818328857,1.420412302017212,-13.904609680175781,-0.02077856846153736,-0.6952700018882751,1.4271864891052246,6.255222320556641,0.020999999716877937,0.7042654752731323,-1.4200695753097534,-6.555016994476318,-0.02836763486266136,0.778567373752594,-1.4261231422424316,12.312516212463379
1785122682.808701,0.025421731173992157,-0.7840123772621155,1.4225777387619019,-13.902351379394531,-0.019387297332286835,-0.6906654238700867,1.4276747703552246,6.233692169189453,0.019663739949464798,0.7016748785972595,-1.4205278158187866,-6.531209945678711,-0.02806522138416767,0.7799133658409119,-1.4276366233825684,12.309781074523926
1785122682.86098,0.025004882365465164,-0.7819117903709412,1.4263681173324585,-13.903607368469238,-0.016862699761986732,-0.6842911839485168,1.4280757904052734,6.20175838470459,0.017417294904589653,0.6975441575050354,-1.4214954376220703,-6.494217395782471,-0.02731342241168022,0.7802525758743286,-1.4301291704177856,12.310820579528809
1785122682.9114833,0.024389486759901047,-0.7802226543426514,1.42866051197052,-13.91033935546875,-0.01552511379122734,-0.6817494630813599,1.4284964799880981,6.186881065368652,0.016271164640784264,0.6951707601547241,-1.4224857091903687,-6.475644588470459,-0.026443712413311005,0.7788824439048767,-1.4316970109939575,12.317554473876953
1785122682.9662843,0.02336381934583187,-0.7643616795539856,1.4320822954177856,-13.998621940612793,-0.014134164899587631,-0.6942657828330994,1.4289339780807495,6.248844623565674,0.014995813369750977,0.7063072919845581,-1.423460841178894,-6.533562183380127,-0.025235146284103394,0.7621243000030518,-1.4346561431884766,12.405591011047363
1785122683.0175514,0.02089429274201393,-0.7454370260238647,1.43267023563385,-14.104187965393066,-0.01448731031268835,-0.7102206349372864,1.4303858280181885,6.330505847930908,0.015403530560433865,0.7201957106590271,-1.4255037307739258,-6.612273693084717,-0.02263273485004902,0.7416457533836365,-1.4351907968521118,12.510451316833496
1785122683.071072,0.016665734350681305,-0.729656994342804,1.4314578771591187,-14.196858406066895,-0.01638149842619896,-0.7233437895774841,1.434173345565796,6.396956920623779,0.017313115298748016,0.7308540344238281,-1.4299026727676392,-6.6763715744018555,-0.01829412393271923,0.7239481210708618,-1.4340054988861084,12.601691246032715
1785122683.1219022,0.013122260570526123,-0.7185997366905212,1.4307301044464111,-14.264986038208008,-0.01776166819036007,-0.7323655486106873,1.4378232955932617,6.441591739654541,0.01864495314657688,0.7377973794937134,-1.4338948726654053,-6.719593524932861,-0.01474425382912159,0.7114120721817017,-1.4333254098892212,12.66795825958252
1785122683.1793633,0.010880470275878906,-0.7049472332000732,1.431249737739563,-14.345331192016602,-0.01764821447432041,-0.7432109117507935,1.4399172067642212,6.496953964233398,0.01844196952879429,0.746851921081543,-1.43617844581604,-6.773999214172363,-0.012584974057972431,0.6967554092407227,-1.4339441061019897,12.745797157287598
1785122683.241681,0.01014513336122036,-0.6930652260780334,1.4322608709335327,-14.41215705871582,-0.016730019822716713,-0.7525549530982971,1.4403574466705322,6.546515941619873,0.01746034063398838,0.7553800940513611,-1.43668532371521,-6.823108196258545,-0.011929920874536037,0.6846513152122498,-1.4350022077560425,12.810628890991211
1785122683.297745,0.008824377320706844,-0.6692988872528076,1.433936595916748,-14.54409408569336,-0.015063827857375145,-0.771037220954895,1.4412696361541748,6.649050712585449,0.015705015510320663,0.7735869884490967,-1.4376031160354614,-6.924929141998291,-0.010719013400375843,0.6616337299346924,-1.4365357160568237,12.938857078552246
1785122683.3509548,0.006886918563395739,-0.6546391248703003,1.4340522289276123,-14.627167701721191,-0.014805072918534279,-0.781779408454895,1.443109393119812,6.713465690612793,0.015402760356664658,0.7850309014320374,-1.439396619796753,-6.988652229309082,-0.008794696070253849,0.6483449339866638,-1.4363734722137451,13.019631385803223
1785122683.4013886,0.004686927422881126,-0.6444634795188904,1.4337083101272583,-14.688750267028809,-0.01499118935316801,-0.7886669635772705,1.4449487924575806,6.760086536407471,0.015552484430372715,0.7929554581642151,-1.441192865371704,-7.0343852043151855,-0.006551672238856554,0.6398419737815857,-1.4355967044830322,13.079634666442871
1785122683.456327,0.003004451049491763,-0.6368410587310791,1.433660864830017,-14.750391006469727,-0.015010891482234001,-0.794463574886322,1.4456678628921509,6.806365489959717,0.015620856545865536,0.7999651432037354,-1.4419748783111572,-7.079389572143555,-0.004906479734927416,0.6344366669654846,-1.4345946311950684,13.140588760375977
1785122683.5081103,0.0033481328282505274,-0.63618004322052,1.4330469369888306,-14.7990083694458,-0.01495211012661457,-0.7976802587509155,1.4441832304000854,6.841951847076416,0.015690235421061516,0.8039559125900269,-1.4408769607543945,-7.113733291625977,-0.0050550648011267185,0.6351658701896667,-1.4336698055267334,13.188716888427734
1785122683.5614212,0.0016272702487185597,-0.6451377868652344,1.4321144819259644,-14.763045310974121,-0.014854961074888706,-0.7861077785491943,1.4452506303787231,6.793093681335449,0.015823891386389732,0.7930121421813965,-1.442793846130371,-7.063169479370117,-0.0029315375722944736,0.645021378993988,-1.4320459365844727,13.152650833129883
1785122683.6167011,0.0018065551994368434,-0.6697695851325989,1.4342654943466187,-14.641901016235352,-0.012979992665350437,-0.7591879963874817,1.445766806602478,6.655449867248535,0.014197546988725662,0.7660492658615112,-1.4441078901290894,-6.92372465133667,-0.0027823112905025482,0.6692113876342773,-1.4335328340530396,13.031317710876465
1785122683.6668217,0.004022343084216118,-0.6971049904823303,1.4378559589385986,-14.503229141235352,-0.009341410361230373,-0.7293388843536377,1.443265676498413,6.500687599182129,0.010547090321779251,0.7353249788284302,-1.4418139457702637,-6.767399311065674,-0.004957037977874279,0.6959072947502136,-1.4370298385620117,12.892390251159668
1785122683.7210872,0.006966708227992058,-0.7075790166854858,1.4421970844268799,-14.450614929199219,-0.005240147467702627,-0.7175087332725525,1.44108247756958,6.431497097015381,0.006150861270725727,0.7219175696372986,-1.4394662380218506,-6.6969733238220215,-0.007971031591296196,0.7054001688957214,-1.441778540611267,12.839195251464844
1785122683.7714314,0.0075356182642281055,-0.7172659039497375,1.4445973634719849,-14.404119491577148,-0.003497705329209566,-0.7068480849266052,1.4411877393722534,6.368422985076904,0.004134424962103367,0.7098407745361328,-1.4397199153900146,-6.633053302764893,-0.008570574223995209,0.7140781283378601,-1.4447211027145386,12.791901588439941
1785122683.8290472,0.006483626551926136,-0.7256712317466736,1.4450311660766602,-14.363627433776855,-0.0034349465277045965,-0.6967694759368896,1.4423489570617676,6.311800479888916,0.0038555662613362074,0.6985601186752319,-1.4407092332839966,-6.575949668884277,-0.007666413206607103,0.7218682765960693,-1.445494532585144,12.7504301071167
1785122683.8810453,0.004898585844784975,-0.7350665330886841,1.4447540044784546,-14.316585540771484,-0.0039007968734949827,-0.6850463151931763,1.443721890449524,6.247920513153076,0.004233557730913162,0.6860040426254272,-1.4421018362045288,-6.511816024780273,-0.0061030155047774315,0.7308070063591003,-1.4453425407409668,12.702179908752441
1785122683.9316194,0.004516541957855225,-0.7396466732025146,1.4460288286209106,-14.294862747192383,-0.0032464531250298023,-0.6785486340522766,1.444096565246582,6.211605072021484,0.0035948576405644417,0.6792254447937012,-1.4426573514938354,-6.475395679473877,-0.005663626827299595,0.7352120280265808,-1.4465217590332031,12.679308891296387
1785122683.982066,0.004931117407977581,-0.7271800637245178,1.4478994607925415,-14.35992431640625,-0.0017486769938841462,-0.6890777349472046,1.4443199634552002,6.262373924255371,0.0021721641533076763,0.6898312568664551,-1.4431037902832031,-6.526051998138428,-0.005962834227830172,0.7227899432182312,-1.4480888843536377,12.743204116821289
1785122684.0361795,0.004345604684203863,-0.7081627249717712,1.4476110935211182,-14.456071853637695,-0.001438729465007782,-0.7053390741348267,1.445128321647644,6.346123218536377,0.0019239395624026656,0.7064020037651062,-1.444084882736206,-6.609614372253418,-0.005280751269310713,0.7041134238243103,-1.4475685358047485,12.838335037231445
1785122684.0867224,0.001905930694192648,-0.6996949911117554,1.4460562467575073,-14.499186515808105,-0.002895880024880171,-0.7108607888221741,1.4477232694625854,6.376041889190674,0.0033803393598645926,0.7124572396278381,-1.4467257261276245,-6.639167785644531,-0.002820428228005767,0.6963891983032227,-1.4459054470062256,12.880478858947754
1785122684.1421843,0.0002462694828864187,-0.7024261355400085,1.446104884147644,-14.486553192138672,-0.0036035641096532345,-0.705685555934906,1.4496265649795532,6.350890636444092,0.004027856979519129,0.7078495621681213,-1.4484777450561523,-6.613469123840332,-0.0011998508125543594,0.6999925971031189,-1.4458428621292114,12.867122650146484
1785122684.1923506,-3.9485119486926123e-05,-0.7114712595939636,1.4472742080688477,-14.43912410736084,-0.0029650572687387466,-0.6940370798110962,1.4497767686843872,6.291689395904541,0.0033347285352647305,0.6966870427131653,-1.4485005140304565,-6.553542613983154,-0.0009504770277999341,0.7098129391670227,-1.4469389915466309,12.819235801696777
1785122684.2465684,0.0007105639670044184,-0.7214903235435486,1.4493333101272583,-14.385881423950195,-0.0012741266982629895,-0.681580662727356,1.4486056566238403,6.227534294128418,0.001617071800865233,0.6845362782478333,-1.4473016262054443,-6.488535404205322,-0.0017115252558141947,0.7203552722930908,-1.4489246606826782,12.765721321105957
1785122684.3012044,0.0014252618420869112,-0.7305237650871277,1.4515091180801392,-14.337898254394531,0.00047128673759289086,-0.670522153377533,1.4475525617599487,6.1685333251953125,-0.00013032033166382462,0.6735427975654602,-1.4463261365890503,-6.42853307723999,-0.002409330802038312,0.7296141386032104,-1.451001763343811,12.717536926269531
1785122684.3525705,0.001770771574229002,-0.728733241558075,1.4530525207519531,-14.346914291381836,0.001733072567731142,-0.6711033582687378,1.4474754333496094,6.167911529541016,-0.0013891753042116761,0.6739099025726318,-1.4463386535644531,-6.427056312561035,-0.0027344117406755686,0.7277432680130005,-1.4524582624435425,12.726356506347656
1785122684.4066517,0.000836338906083256,-0.7261165976524353,1.4529300928115845,-14.359726905822754,0.0016948514385148883,-0.672170877456665,1.448272705078125,6.170610427856445,-0.0013436950976029038,0.6745610237121582,-1.447283387184143,-6.428940773010254,-0.0017686630599200726,0.7248589396476746,-1.4523074626922607,12.738866806030273
1785122684.4630914,-0.0004321601882111281,-0.7265297174453735,1.4526135921478271,-14.357803344726562,0.0012813914800062776,-0.6704093813896179,1.4492685794830322,6.158946514129639,-0.0009451683727093041,0.6722851991653442,-1.448385238647461,-6.416641712188721,-0.0004926676047034562,0.7249444723129272,-1.452016830444336,12.736529350280762
1785122684.5211854,-0.00120600126683712,-0.7325164079666138,1.4531091451644897,-14.327502250671387,0.001371466089040041,-0.6632899641990662,1.4495782852172852,6.119474411010742,-0.0010736577678471804,0.6646603941917419,-1.4487369060516357,-6.376715183258057,0.00025930264382623136,0.7306475639343262,-1.4525753259658813,12.705724716186523
1785122684.5713854,-0.0011380938813090324,-0.736481249332428,1.4542980194091797,-14.306696891784668,0.00227031740359962,-0.6584669351577759,1.4493097066879272,6.090815544128418,-0.0020083668641746044,0.6594620943069458,-1.4484777450561523,-6.347780704498291,0.00016439486353192478,0.734431266784668,-1.453812837600708,12.684409141540527
1785122684.6260686,-0.0010299889836460352,-0.738976776599884,1.455302357673645,-14.292275428771973,0.003196534002199769,-0.6549597382545471,1.4489458799362183,6.069056987762451,-0.0029504774138331413,0.655727207660675,-1.448146939277649,-6.325830459594727,4.771668682224117e-05,0.7368437647819519,-1.4548285007476807,12.669456481933594
1785122684.6766064,-0.0012693323660641909,-0.7416762113571167,1.4559510946273804,-14.276036262512207,0.0037984985392540693,-0.651013970375061,1.4487732648849487,6.045356750488281,-0.0035512708127498627,0.6516990661621094,-1.448029637336731,-6.301959037780762,0.0002982048026751727,0.7395750284194946,-1.4554349184036255,12.652642250061035
1785122684.7341976,-0.0016324127791449428,-0.7442953586578369,1.4563493728637695,-14.260467529296875,0.004086797591298819,-0.6474243402481079,1.44878089427948,6.024182319641113,-0.0038322058971971273,0.6481505036354065,-1.4480887651443481,-6.280630111694336,0.0006785954465158284,0.7423087358474731,-1.4557666778564453,12.636636734008789
1785122684.7860787,-0.0020356313325464725,-0.7475886344909668,1.4568862915039062,-14.240574836730957,0.004471243359148502,-0.6430566310882568,1.4487708806991577,5.99806022644043,-0.004205950535833836,0.6439064145088196,-1.4481171369552612,-6.254275321960449,0.001096639083698392,0.7458221912384033,-1.4562098979949951,12.616275787353516
1785122684.836157,-0.002294680802151561,-0.7499395608901978,1.4573322534561157,-14.22559642791748,0.004857453517615795,-0.6399337649345398,1.4486372470855713,5.978439807891846,-0.004603048320859671,0.640874981880188,-1.4480525255203247,-6.234450340270996,0.0013497564941644669,0.7483903765678406,-1.4565961360931396,12.600976943969727
1785122684.8923767,-0.0028311058413237333,-0.7527909874916077,1.45757257938385,-14.206490516662598,0.0050875660963356495,-0.6364051103591919,1.4487218856811523,5.953665733337402,-0.004917397629469633,0.637277364730835,-1.447967529296875,-6.209384441375732,0.0018426887691020966,0.7515752911567688,-1.4568430185317993,12.581538200378418
1785122684.9458792,-0.0033707795664668083,-0.7555264234542847,1.4574867486953735,-14.187702178955078,0.005174084100872278,-0.6333454251289368,1.4488109350204468,5.930129528045654,-0.005010536871850491,0.6343351006507874,-1.4481267929077148,-6.1855244636535645,0.002390587003901601,0.7545378804206848,-1.456736445426941,12.562514305114746
1785122684.9967089,-0.0028418004512786865,-0.7420376539230347,1.4594509601593018,-14.255051612854004,0.006409859750419855,-0.6392014622688293,1.4495196342468262,5.953328609466553,-0.006026926450431347,0.6479646563529968,-1.4480749368667603,-6.247497081756592,0.002170601859688759,0.7484089732170105,-1.4565067291259766,12.589984893798828
1785122685.0525208,-0.0025315461680293083,-0.7073590159416199,1.4600334167480469,-14.43439769744873,0.0074030510149896145,-0.6578540205955505,1.451696515083313,6.036416530609131,-0.007056348025798798,0.6815507411956787,-1.4484519958496094,-6.420100212097168,0.0019858996383845806,0.7289136052131653,-1.454793095588684,12.678356170654297
1785122685.107145,-0.003953401930630207,-0.6487587690353394,1.456391453742981,-14.75317668914795,0.0064209033735096455,-0.6933700442314148,1.4569687843322754,6.1860504150390625,-0.0072737643495202065,0.7365381121635437,-1.4483797550201416,-6.73233699798584,0.002686713356524706,0.6923718452453613,-1.4504972696304321,12.834868431091309
1785122685.1607723,-0.00016410088574048132,-0.607239305973053,1.4517090320587158,-15.178034782409668,0.0034906561486423016,-0.7398443222045898,1.459341287612915,6.368248462677002,-0.00524649815633893,0.799140214920044,-1.4471585750579834,-7.1420578956604,0.006011427845805883,0.6434181928634644,-1.4455578327178955,13.022433280944824
1785122685.211237,0.005805858410894871,-0.609389066696167,1.4455384016036987,-15.57095718383789,-0.003219055011868477,-0.7703229188919067,1.4544373750686646,6.476086139678955,-0.0009283803519792855,0.8426682353019714,-1.4402443170547485,-7.514242649078369,0.009229033254086971,0.6155757308006287,-1.4428766965866089,13.136536598205566
1785122685.2615469,0.009672898799180984,-0.6314721703529358,1.433500051498413,-15.946654319763184,-0.013047551736235619,-0.7828295230865479,1.4463051557540894,6.506525039672852,0.004843668546527624,0.8690288662910461,-1.4212287664413452,-7.863743782043457,0.008086773566901684,0.6199684143066406,-1.440545916557312,13.176392555236816
1785122685.311897,0.012931442819535732,-0.6611025333404541,1.412621021270752,-16.32121467590332,-0.024855447933077812,-0.7847075462341309,1.4385193586349487,6.479791641235352,0.010514512658119202,0.8852410316467285,-1.3958733081817627,-8.20125961303711,0.006173639092594385,0.6369243264198303,-1.4365662336349487,13.160633087158203
1785122685.3682358,0.017272794619202614,-0.6889710426330566,1.3942582607269287,-16.694488525390625,-0.03854524716734886,-0.7921739220619202,1.4324008226394653,6.45665979385376,0.015672476962208748,0.8962490558624268,-1.3763271570205688,-8.527166366577148,0.005933776497840881,0.6475080251693726,-1.433355450630188,13.15231704711914
1785122685.4267545,0.021016119047999382,-0.699842631816864,1.3853152990341187,-17.097883224487305,-0.051713164895772934,-0.7996773719787598,1.4311940670013428,6.405860424041748,0.018736211583018303,0.9139370918273926,-1.361994743347168,-8.87488079071045,0.008391039445996284,0.6487385034561157,-1.4316717386245728,13.119762420654297
1785122685.4770706,0.02491874434053898,-0.6982972621917725,1.3836753368377686,-17.494382858276367,-0.06192688271403313,-0.8102623820304871,1.4290741682052612,6.3651509284973145,0.019545847550034523,0.9343233704566956,-1.3498591184616089,-9.215826988220215,0.0101094339042902,0.6437547206878662,-1.435995101928711,13.098418235778809
1785122685.5325916,0.026541028171777725,-0.6906512379646301,1.3856288194656372,-17.937618255615234,-0.0714074969291687,-0.8260210156440735,1.4220668077468872,6.343107223510742,0.021247632801532745,0.9549396634101868,-1.3368617296218872,-9.596087455749512,0.013349518179893494,0.6330741047859192,-1.443590760231018,13.099227905273438
1785122685.5869348,0.024005550891160965,-0.6854101419448853,1.3880103826522827,-18.356504440307617,-0.08057107776403427,-0.8396151065826416,1.4132012128829956,6.319348335266113,0.02615504525601864,0.9688530564308167,-1.3259199857711792,-9.950325965881348,0.01978668011724949,0.6248726844787598,-1.4491382837295532,13.099024772644043
1785122685.6372516,0.020105823874473572,-0.6854153275489807,1.3889541625976562,-18.72488021850586,-0.09000477194786072,-0.8425838947296143,1.406490445137024,6.253078460693359,0.03247551620006561,0.9771804809570312,-1.3165315389633179,-10.258015632629395,0.02780437283217907,0.6258147358894348,-1.4494521617889404,13.05494499206543
1785122685.6923609,0.018111305311322212,-0.689094066619873,1.388228416442871,-19.11383819580078,-0.10155753791332245,-0.8396364450454712,1.399202823638916,6.145977973937988,0.039109762758016586,0.9834680557250977,-1.3093873262405396,-10.579465866088867,0.03675653412938118,0.6319330334663391,-1.449924111366272,12.973865509033203
1785122685.7469752,0.019132019951939583,-0.6914470195770264,1.3878185749053955,-19.455867767333984,-0.11215909570455551,-0.8376366496086121,1.394115924835205,6.043587684631348,0.04360981658101082,0.9877193570137024,-1.3040319681167603,-10.85892105102539,0.04283778369426727,0.636250376701355,-1.449090600013733,12.896495819091797
1785122685.8009691,0.021711301058530807,-0.6911779642105103,1.3875545263290405,-19.825132369995117,-0.12270551174879074,-0.8422989249229431,1.3900947570800781,5.957446098327637,0.046590302139520645,0.9920004606246948,-1.298804759979248,-11.158641815185547,0.04602072760462761,0.6364011764526367,-1.4507311582565308,12.839691162109375
1785122685.8511677,0.023477736860513687,-0.6894103288650513,1.3877997398376465,-20.1724910736084,-0.13046975433826447,-0.8504691123962402,1.3874633312225342,5.897278308868408,0.04724249988794327,0.9963343143463135,-1.2932788133621216,-11.441574096679688,0.04757069796323776,0.6324970722198486,-1.45303475856781,12.806979179382324
1785122685.901545,0.024616409093141556,-0.6885749697685242,1.3878505229949951,-20.552106857299805,-0.136929452419281,-0.8574379086494446,1.3857709169387817,5.819579124450684,0.04222685843706131,0.9935986995697021,-1.2892918586730957,-11.759032249450684,0.05219630151987076,0.6292881965637207,-1.456557035446167,12.756917953491211
1785122685.9516897,0.02545209228992462,-0.6887493133544922,1.3877755403518677,-20.94340705871582,-0.14199864864349365,-0.8640468716621399,1.387265920639038,5.723243713378906,0.03237059339880943,0.9793338179588318,-1.2945237159729004,-12.08911418914795,0.060769807547330856,0.6271799206733704,-1.4597411155700684,12.689258575439453
1785122686.006465,0.025998897850513458,-0.6871892809867859,1.388739824295044,-21.38104248046875,-0.14504630863666534,-0.8700116276741028,1.3890053033828735,5.6190080642700195,0.02295905351638794,0.9623991847038269,-1.3010870218276978,-12.459504127502441,0.06869461387395859,0.6265274286270142,-1.4609549045562744,12.618544578552246
1785122686.0566332,0.02624756656587124,-0.685390055179596,1.3897041082382202,-21.797658920288086,-0.14563700556755066,-0.8743964433670044,1.3855787515640259,5.541703701019287,0.020218156278133392,0.9602528214454651,-1.2979176044464111,-12.81472396850586,0.0687626376748085,0.627798855304718,-1.4599320888519287,12.573615074157715
1785122686.1110704,0.02653983049094677,-0.6859870553016663,1.3895814418792725,-22.279590606689453,-0.14281001687049866,-0.8810006976127625,1.378543734550476,5.482852458953857,0.020358329638838768,0.9678348898887634,-1.2938450574874878,-13.226137161254883,0.06716428697109222,0.6286569833755493,-1.4601925611495972,12.55140209197998
1785122686.1674173,0.025134814903140068,-0.6876528859138489,1.388802170753479,-22.66615104675293,-0.13901428878307343,-0.8884860873222351,1.3732585906982422,5.457224369049072,0.021789707243442535,0.9759203195571899,-1.291556715965271,-13.556622505187988,0.06441441178321838,0.629593014717102,-1.4576177597045898,12.557719230651855
1785122686.2175732,0.02262137085199356,-0.6892126202583313,1.387652039527893,-23.169755935668945,-0.13240112364292145,-0.8955029845237732,1.3725765943527222,5.413055419921875,0.020819250494241714,0.9762886166572571,-1.295734167098999,-13.988350868225098,0.06324471533298492,0.6367515325546265,-1.4513134956359863,12.55814266204834
1785122686.2708614,0.021899240091443062,-0.6892656683921814,1.3872090578079224,-23.600648880004883,-0.12572503089904785,-0.8955063819885254,1.3727425336837769,5.353847980499268,0.02207656390964985,0.9757433533668518,-1.3007423877716064,-14.35002326965332,0.059706881642341614,0.6490097641944885,-1.4411704540252686,12.543864250183105
1785122686.3215187,0.02239333838224411,-0.6893518567085266,1.3873577117919922,-23.969297409057617,-0.1194816380739212,-0.8937992453575134,1.3692150115966797,5.306692600250244,0.027410613372921944,0.9804289937019348,-1.3015660047531128,-14.654814720153809,0.05299687758088112,0.6595502495765686,-1.4321659803390503,12.539799690246582
1785122686.376331,0.021679388359189034,-0.6903052926063538,1.3871734142303467,-24.371131896972656,-0.11352235078811646,-0.8908734321594238,1.363693356513977,5.252125263214111,0.03814227133989334,0.9945576190948486,-1.2979212999343872,-14.983399391174316,0.04516465961933136,0.6680940985679626,-1.4241474866867065,12.534536361694336
1785122686.4283001,0.01947392150759697,-0.6916574239730835,1.38690185546875,-24.742050170898438,-0.1091948077082634,-0.8866158127784729,1.360518217086792,5.188640594482422,0.05082974582910538,1.0146201848983765,-1.2936763763427734,-15.28661060333252,0.03946106135845184,0.6727539896965027,-1.418441891670227,12.515816688537598
1785122686.481211,0.016778195276856422,-0.6927146315574646,1.387725591659546,-25.166288375854492,-0.09558972716331482,-0.8627035617828369,1.3566349744796753,5.095208168029785,0.06250149756669998,1.0371546745300293,-1.2877767086029053,-15.635705947875977,0.03505702316761017,0.6779112219810486,-1.4140377044677734,12.463922500610352
1785122686.5365944,0.007442093919962645,-0.6940926909446716,1.3913795948028564,-25.5869197845459,-0.056523118168115616,-0.7843683958053589,1.3623203039169312,5.0071611404418945,0.06776049733161926,1.062540054321289,-1.2872016429901123,-15.980578422546387,0.03215881064534187,0.6842066645622253,-1.4118081331253052,12.394018173217773
1785122686.5923688,-0.01119027379900217,-0.7000633478164673,1.4105350971221924,-25.978012084960938,-0.018398961052298546,-0.6764647960662842,1.3963239192962646,4.911360740661621,0.06272205710411072,1.0911085605621338,-1.3010026216506958,-16.300739288330078,0.03500561788678169,0.6894925832748413,-1.4161385297775269,12.30041790008545
1785122686.6486118,-0.03242076560854912,-0.694555401802063,1.4143298864364624,-26.3554630279541,-0.020050114020705223,-0.6916463375091553,1.4430326223373413,4.803027629852295,0.05689433589577675,1.0893409252166748,-1.3101812601089478,-16.609996795654297,0.03938949108123779,0.6754970550537109,-1.4450660943984985,12.21794605255127
1785122686.701968,-0.016063068062067032,-0.6878360509872437,1.3891407251358032,-26.82151985168457,-0.03814317658543587,-0.765789806842804,1.4425139427185059,4.79849100112915,0.04032353684306145,1.058519721031189,-1.2854549884796143,-16.998672485351562,0.028887378051877022,0.6125162839889526,-1.464476466178894,12.21833324432373
1785122686.758262,0.019533446058630943,-0.6957481503486633,1.3840852975845337,-27.327848434448242,-0.06749050319194794,-0.8289400339126587,1.4127124547958374,4.820747375488281,0.01950841397047043,1.0292648077011108,-1.271502137184143,-17.426509857177734,0.02164461277425289,0.5718564987182617,-1.4777437448501587,12.254487991333008
1785122686.8123257,0.033224835991859436,-0.6938291788101196,1.3843722343444824,-27.689842224121094,-0.10158354043960571,-0.8624830842018127,1.400753140449524,4.728890895843506,0.011988264508545399,0.9971618056297302,-1.2876863479614258,-17.71940803527832,0.03573402017354965,0.5842670798301697,-1.4766185283660889,12.178040504455566
1785122686.8671486,0.031928494572639465,-0.6838086843490601,1.3884530067443848,-27.94514274597168,-0.1298157423734665,-0.8622674942016602,1.4023158550262451,4.473774433135986,0.017720092087984085,0.9580972194671631,-1.3112947940826416,-17.912979125976562,0.0531122162938118,0.6121149659156799,-1.4620767831802368,11.94145679473877
1785122686.9298797,0.030172385275363922,-0.6790891289710999,1.3916654586791992,-28.118833541870117,-0.14331558346748352,-0.8550008535385132,1.4011441469192505,4.257498264312744,0.026641828939318657,0.9288075566291809,-1.3253191709518433,-18.044891357421875,0.05800056457519531,0.6279317140579224,-1.455175518989563,11.744311332702637
1785122686.9817033,0.027722317725419998,-0.679483950138092,1.3940117359161377,-28.541934967041016,-0.15549205243587494,-0.8610536456108093,1.391362190246582,3.960941791534424,0.04186001047492027,0.8933594226837158,-1.3378733396530151,-18.392927169799805,0.05485604703426361,0.6357718706130981,-1.453437328338623,11.49272346496582
1785122687.036178,0.026476427912712097,-0.6818562746047974,1.3924108743667603,-28.86732292175293,-0.15672001242637634,-0.8833951950073242,1.3876001834869385,3.8339903354644775,0.048466309905052185,0.8813347220420837,-1.3439435958862305,-18.669797897338867,0.046144478023052216,0.625643789768219,-1.455340027809143,11.40038776397705
1785122687.086606,0.025983748957514763,-0.6822065114974976,1.3912720680236816,-29.062841415405273,-0.15501032769680023,-0.9024757742881775,1.3893245458602905,3.7413241863250732,0.05089614540338516,0.8701260089874268,-1.3522958755493164,-18.82955551147461,0.038344480097293854,0.6188530921936035,-1.4533613920211792,11.33818531036377
1785122687.1368954,0.026312733069062233,-0.6808611750602722,1.3908028602600098,-29.198640823364258,-0.15138167142868042,-0.9175305366516113,1.3912986516952515,3.6337950229644775,0.05123641714453697,0.8548057675361633,-1.3645572662353516,-18.92881202697754,0.030905624851584435,0.6246731281280518,-1.4422603845596313,11.269455909729004
1785122687.1915047,0.029924778267741203,-0.6791645884513855,1.3911234140396118,-29.252811431884766,-0.14232690632343292,-0.9262746572494507,1.388190507888794,3.514873504638672,0.04927210137248039,0.8330196142196655,-1.3795595169067383,-18.947200775146484,0.020534152165055275,0.6456772685050964,-1.4288626909255981,11.19688606262207
1785122687.2416837,0.03287716209888458,-0.6785553097724915,1.3917410373687744,-29.22072982788086,-0.12819890677928925,-0.9298336505889893,1.3834664821624756,3.4057576656341553,0.04555206000804901,0.8096485137939453,-1.3941137790679932,-18.88779640197754,0.008897027932107449,0.6657917499542236,-1.4138381481170654,11.134063720703125
1785122687.2923946,0.03290754184126854,-0.6782112717628479,1.392682433128357,-29.1573486328125,-0.10774796456098557,-0.9315606951713562,1.3820511102676392,3.28849720954895,0.040251392871141434,0.7902190089225769,-1.4077460765838623,-18.79914093017578,-0.0032940867822617292,0.6809474229812622,-1.401757836341858,11.065254211425781
1785122687.3548274,0.04497316852211952,-0.7006387114524841,1.4258018732070923,-29.102977752685547,-0.07666777819395065,-0.931362509727478,1.3756234645843506,3.1651594638824463,0.03540493920445442,0.7776916027069092,-1.422288179397583,-18.70789909362793,-0.013187630102038383,0.6890199184417725,-1.393722653388977,10.997599601745605
1785122687.4087427,0.0638771578669548,-0.729543149471283,1.4537618160247803,-29.07382583618164,-0.05793744698166847,-0.9192352294921875,1.3497700691223145,3.0883610248565674,0.03413093090057373,0.7660897374153137,-1.4322353601455688,-18.654722213745117,-0.017159966751933098,0.6893977522850037,-1.3906903266906738,10.957913398742676
1785122687.4610972,0.07540034502744675,-0.7515554428100586,1.4600024223327637,-29.022380828857422,-0.03722577542066574,-0.878423273563385,1.3331217765808105,2.9822683334350586,0.034349773079156876,0.7460333704948425,-1.4407879114151,-18.57208251953125,-0.02079041115939617,0.6957046389579773,-1.3869819641113281,10.885987281799316
1785122687.5113804,0.07099200785160065,-0.7849159836769104,1.4585919380187988,-28.871356964111328,-0.019512804225087166,-0.7569804787635803,1.3639081716537476,2.79071307182312,0.03633829578757286,0.7106235027313232,-1.452314019203186,-18.386566162109375,-0.01996159926056862,0.7223117351531982,-1.3867825269699097,10.712957382202148
1785122687.5618126,0.059102464467287064,-0.8285964727401733,1.4472123384475708,-28.625579833984375,-0.02228589914739132,-0.6337872743606567,1.4066795110702515,2.5073354244232178,0.03444558382034302,0.6561981439590454,-1.4576815366744995,-18.111839294433594,-0.019853677600622177,0.7808175086975098,-1.4022881984710693,10.455931663513184
1785122687.6171405,0.049365587532520294,-0.8620006442070007,1.429840087890625,-28.38767433166504,-0.025976553559303284,-0.5994720458984375,1.4214706420898438,2.2280471324920654,0.020642464980483055,0.6083258986473083,-1.4404046535491943,-17.8463191986084,-0.030405960977077484,0.8377805352210999,-1.4283881187438965,10.211052894592285
1785122687.6722138,0.043954718858003616,-0.8681657314300537,1.4164806604385376,-28.247312545776367,-0.02467007003724575,-0.6356571316719055,1.4347972869873047,2.056995153427124,0.013183093629777431,0.6333394646644592,-1.4119207859039307,-17.66688346862793,-0.044330693781375885,0.8652932047843933,-1.4325695037841797,10.067298889160156
1785122687.726483,0.04061863198876381,-0.860400915145874,1.3936026096343994,-28.159278869628906,-0.023161936551332474,-0.6475958228111267,1.4307925701141357,1.945691466331482,0.01682768389582634,0.6786967515945435,-1.3935335874557495,-17.543916702270508,-0.054811738431453705,0.8706340789794922,-1.4204490184783936,9.980060577392578
1785122687.7767777,0.037370212376117706,-0.8569647073745728,1.3721401691436768,-28.064218521118164,-0.021112319082021713,-0.6572217345237732,1.421273946762085,1.81978440284729,0.024510450661182404,0.7132878303527832,-1.3790203332901,-17.406280517578125,-0.06513170897960663,0.872342050075531,-1.4080904722213745,9.886923789978027
1785122687.8279867,0.03625057637691498,-0.8642649054527283,1.3650797605514526,-27.978099822998047,-0.017875218763947487,-0.6647037863731384,1.4201915264129639,1.7041070461273193,0.0280128326267004,0.716181755065918,-1.377578854560852,-17.280044555664062,-0.07216595113277435,0.8752676248550415,-1.4032034873962402,9.80157470703125
1785122687.8815873,0.03831290453672409,-0.8822923898696899,1.3670858144760132,-27.874217987060547,-0.01076907105743885,-0.6611703634262085,1.4218686819076538,1.561815619468689,0.02754330076277256,0.6953076124191284,-1.384819507598877,-17.125076293945312,-0.07741399109363556,0.87956303358078,-1.4014923572540283,9.696748733520508
1785122687.9367688,0.04238864779472351,-0.9009237885475159,1.3704310655593872,-27.7829532623291,-0.0024132058024406433,-0.6529830694198608,1.422361135482788,1.4325417280197144,0.025247087702155113,0.6763607263565063,-1.3919695615768433,-16.985782623291016,-0.0802059918642044,0.8814440965652466,-1.3993635177612305,9.60304069519043
1785122687.9920647,0.04718228429555893,-0.9162260293960571,1.3700950145721436,-27.706212997436523,0.004617088939994574,-0.6528482437133789,1.4190753698349,1.3110158443450928,0.02316252328455448,0.6717543601989746,-1.394060492515564,-16.855775833129883,-0.08245367556810379,0.8775696754455566,-1.3960741758346558,9.521721839904785
1785122688.046271,0.05002249404788017,-0.9258219003677368,1.3628123998641968,-27.64458465576172,0.006227904465049505,-0.660222053527832,1.4158785343170166,1.20502507686615,0.022980045527219772,0.6797135472297668,-1.3914862871170044,-16.742849349975586,-0.08366784453392029,0.8718380331993103,-1.3921998739242554,9.453824996948242
1785122688.1013868,0.05133017525076866,-0.9365542531013489,1.3496127128601074,-27.56107521057129,0.005474531557410955,-0.6663228273391724,1.4150856733322144,1.0699968338012695,0.023378567770123482,0.6906968951225281,-1.3873111009597778,-16.59960174560547,-0.08410462737083435,0.8696326613426208,-1.3877406120300293,9.360589981079102
1785122688.1586773,0.0516272708773613,-0.9481232166290283,1.3389277458190918,-27.47467803955078,0.005917296279221773,-0.6652894020080566,1.4173845052719116,0.9351971745491028,0.02267732284963131,0.6956064105033875,-1.385140061378479,-16.456626892089844,-0.08452180027961731,0.8720325231552124,-1.3850188255310059,9.263229370117188
1785122688.2115786,0.0513104684650898,-0.9524375796318054,1.341068148612976,-27.473163604736328,0.009648410603404045,-0.6683349013328552,1.4184314012527466,0.8786134719848633,0.021258002147078514,0.6940074563026428,-1.3853917121887207,-16.396320343017578,-0.08608264476060867,0.8636837601661682,-1.3902409076690674,9.247539520263672
1785122688.2618196,0.049214765429496765,-0.9455883502960205,1.3475964069366455,-27.552005767822266,0.010650566779077053,-0.6825752854347229,1.4178935289382935,0.9037868976593018,0.022623296827077866,0.688943088054657,-1.387436866760254,-16.423206329345703,-0.08683783560991287,0.8443506956100464,-1.397183895111084,9.311500549316406
1785122688.31267,0.04534351825714111,-0.92912757396698,1.355386734008789,-27.68703842163086,0.00890034157782793,-0.702124297618866,1.4159919023513794,0.982269823551178,0.025718357414007187,0.6863058805465698,-1.3891104459762573,-16.50819969177246,-0.08538404852151871,0.8184347748756409,-1.403751254081726,9.428962707519531
1785122688.3668435,0.03981628641486168,-0.9031955599784851,1.365998387336731,-27.88039207458496,0.00471348175778985,-0.7266221642494202,1.4139937162399292,1.115856409072876,0.027369678020477295,0.6881192922592163,-1.389162540435791,-16.656261444091797,-0.08110217750072479,0.7889134883880615,-1.4129644632339478,9.601758003234863
1785122688.4244113,0.030598990619182587,-0.865384578704834,1.3786722421646118,-28.142545700073242,-0.0033533163368701935,-0.7541940212249756,1.412888526916504,1.311005711555481,0.027431033551692963,0.6925413012504578,-1.3885518312454224,-16.873292922973633,-0.07128868997097015,0.7572124004364014,-1.425877571105957,9.839202880859375
1785122688.476864,0.017792915925383568,-0.8254308104515076,1.389432430267334,-28.397497177124023,-0.014843421056866646,-0.7721399068832397,1.4172062873840332,1.500559687614441,0.030742628499865532,0.7053372859954834,-1.3983421325683594,-17.079830169677734,-0.05394960567355156,0.7368911504745483,-1.4367607831954956,10.070479393005371
1785122688.5281858,0.010220497846603394,-0.7903891205787659,1.397111177444458,-28.55815315246582,-0.021011346951127052,-0.7706932425498962,1.424811601638794,1.614654779434204,0.04518882930278778,0.7486364841461182,-1.4214391708374023,-17.197446823120117,-0.03692575916647911,0.7272745966911316,-1.424123764038086,10.215927124023438
1785122688.581368,0.006032626144587994,-0.7358323931694031,1.4058351516723633,-28.768415451049805,-0.02338758297264576,-0.7708254456520081,1.4252532720565796,1.7821688652038574,0.05288942530751228,0.7966241836547852,-1.4206188917160034,-17.359777450561523,-0.025286702439188957,0.7087691426277161,-1.4067457914352417,10.41709041595459
1785122688.6363864,0.005344142206013203,-0.6708078384399414,1.4133484363555908,-29.0540828704834,-0.02219337411224842,-0.7937788963317871,1.4209425449371338,2.037616491317749,0.05125074461102486,0.8543425798416138,-1.4103612899780273,-17.60057258605957,-0.02286027930676937,0.6794066429138184,-1.4085904359817505,10.703433990478516
1785122688.6923695,0.005987643264234066,-0.6377318501472473,1.416255235671997,-29.3957576751709,-0.022675517946481705,-0.8320262432098389,1.4144853353500366,2.346782684326172,0.04803832620382309,0.9111399054527283,-1.394468903541565,-17.89232063293457,-0.019843922927975655,0.6499230265617371,-1.414923071861267,11.045084953308105
1785122688.7466931,0.004796838387846947,-0.6492378115653992,1.4114218950271606,-29.682147979736328,-0.027779502794146538,-0.8597574830055237,1.403519868850708,2.5999577045440674,0.047108665108680725,0.9459149241447449,-1.3754916191101074,-18.130643844604492,-0.012545125558972359,0.64393150806427,-1.4169623851776123,11.330533981323242
1785122688.8018744,0.006061097607016563,-0.6789654493331909,1.395287275314331,-29.940628051757812,-0.038191985338926315,-0.8751446604728699,1.3888300657272339,2.814539909362793,0.04668043926358223,0.963670015335083,-1.3518800735473633,-18.329853057861328,-0.004805880598723888,0.6571363806724548,-1.4119713306427002,11.584833145141602
1785122688.8579574,0.010858103632926941,-0.6984160542488098,1.3867895603179932,-30.11587905883789,-0.04962854087352753,-0.8807989358901978,1.3791953325271606,2.951087236404419,0.04560278356075287,0.9695375561714172,-1.335707187652588,-18.453794479370117,-0.0005322894430719316,0.6704146862030029,-1.4074991941452026,11.755892753601074
1785122688.9122555,0.01964232511818409,-0.7056466937065125,1.3812239170074463,-30.30049705505371,-0.06549461930990219,-0.8846591114997864,1.3739644289016724,3.079782485961914,0.043949272483587265,0.9731510877609253,-1.3251975774765015,-18.571491241455078,0.0031645847484469414,0.6759749054908752,-1.4084558486938477,11.927362442016602
1785122688.9661005,0.024828927591443062,-0.6972734332084656,1.3833961486816406,-30.48543357849121,-0.08210795372724533,-0.8853284120559692,1.3766897916793823,3.162179470062256,0.04355897754430771,0.9773781299591064,-1.3207372426986694,-18.68849754333496,0.010625307448208332,0.6703447699546814,-1.4128351211547852,12.054490089416504
1785122689.0166974,0.025342537090182304,-0.6870812773704529,1.3869309425354004,-30.64787483215332,-0.09729891270399094,-0.8808537125587463,1.3794188499450684,3.198122262954712,0.04423043504357338,0.9794804453849792,-1.3206759691238403,-18.790233612060547,0.02136215940117836,0.6690914630889893,-1.4187008142471313,12.132603645324707
1785122689.067333,0.02499634586274624,-0.6826404333114624,1.3894115686416626,-30.787168502807617,-0.10944565385580063,-0.8753697276115417,1.3782840967178345,3.2227795124053955,0.045392364263534546,0.9776076674461365,-1.3196977376937866,-18.87565803527832,0.031562793999910355,0.6677098870277405,-1.4242377281188965,12.19459056854248
1785122689.118459,0.023892855271697044,-0.6836456060409546,1.3902571201324463,-30.94959259033203,-0.12128356844186783,-0.8713410496711731,1.3752758502960205,3.2571725845336914,0.045880358666181564,0.9734382629394531,-1.314420461654663,-18.977956771850586,0.04172287881374359,0.6636018753051758,-1.430799961090088,12.26948070526123
1785122689.1713831,0.022414889186620712,-0.6876082420349121,1.3894702196121216,-31.130508422851562,-0.13198743760585785,-0.8724969029426575,1.3733538389205933,3.308828115463257,0.04458652809262276,0.9703639149665833,-1.3055297136306763,-19.09757423400879,0.04973308742046356,0.6565130352973938,-1.439367651939392,12.36038589477539
1785122689.222127,0.021635109558701515,-0.6906149983406067,1.388447880744934,-31.33417510986328,-0.14218437671661377,-0.877467691898346,1.3736796379089355,3.370565891265869,0.04155967757105827,0.9706671833992004,-1.2957236766815186,-19.23814582824707,0.05614938586950302,0.6480511426925659,-1.449129343032837,12.46015739440918
1785122689.2767267,0.02268875762820244,-0.6911330819129944,1.3876863718032837,-31.565601348876953,-0.15166690945625305,-0.8827430009841919,1.3749018907546997,3.4304652214050293,0.035374123603105545,0.9683232307434082,-1.29127037525177,-19.409221649169922,0.06260353326797485,0.6400800347328186,-1.458337426185608,12.556970596313477
1785122689.3270469,0.02557016909122467,-0.6888822317123413,1.388385534286499,-31.802400588989258,-0.159053236246109,-0.8877564072608948,1.3770349025726318,3.494131326675415,0.028564928099513054,0.9591475129127502,-1.2947807312011719,-19.585824966430664,0.07027904689311981,0.631423830986023,-1.4632487297058105,12.656124114990234
1785122689.3776124,0.028131995350122452,-0.685210645198822,1.389711856842041,-32.023590087890625,-0.16357731819152832,-0.8909037113189697,1.3776241540908813,3.558434247970581,0.023934464901685715,0.9557064175605774,-1.2960691452026367,-19.753005981445312,0.0755540132522583,0.6228790283203125,-1.4635189771652222,12.750707626342773
1785122689.4316707,0.030324319377541542,-0.6824530363082886,1.3904063701629639,-32.3275032043457,-0.16470465064048767,-0.8973439335823059,1.3761698007583618,3.6689274311065674,0.01975913904607296,0.9560213685035706,-1.2958993911743164,-19.98948097229004,0.07754221558570862,0.6134200096130371,-1.4645203351974487,12.897464752197266
1785122689.486089,0.02971811406314373,-0.6827202439308167,1.3903048038482666,-32.63327407836914,-0.16221317648887634,-0.9011138081550598,1.3761982917785645,3.7723302841186523,0.01815224066376686,0.959071934223175,-1.2939796447753906,-20.2347469329834,0.07703032344579697,0.6111423969268799,-1.465624213218689,13.032605171203613
1785122689.537707,0.027731116861104965,-0.6848911046981812,1.3894832134246826,-32.98227310180664,-0.15709328651428223,-0.8990450501441956,1.3767945766448975,3.858776807785034,0.017593756318092346,0.9635206460952759,-1.2922754287719727,-20.521108627319336,0.07669875770807266,0.6147975921630859,-1.4636002779006958,13.151045799255371
1785122689.5931597,0.025552062317728996,-0.6877111792564392,1.3888039588928223,-33.356590270996094,-0.15021367371082306,-0.8913055062294006,1.3762891292572021,3.929565668106079,0.017197035253047943,0.9711647033691406,-1.2889236211776733,-20.83292007446289,0.07683345675468445,0.6212177276611328,-1.4602649211883545,13.25358772277832
1785122689.646503,0.023806823417544365,-0.6902603507041931,1.387853741645813,-33.765010833740234,-0.14099277555942535,-0.8842080235481262,1.3718763589859009,4.034316062927246,0.018586913123726845,0.9901409149169922,-1.2806473970413208,-21.165878295898438,0.07476574182510376,0.6268858313560486,-1.4563663005828857,13.395268440246582
1785122689.696512,0.020854894071817398,-0.6923123002052307,1.3866373300552368,-34.06406021118164,-0.1344214379787445,-0.8847526907920837,1.3674075603485107,4.163017749786377,0.02164359763264656,1.0142101049423218,-1.26781165599823,-21.398990631103516,0.07280609011650085,0.6269781589508057,-1.4563357830047607,13.553887367248535
1785122689.751265,0.016275135800242424,-0.6950945258140564,1.385311484336853,-34.363956451416016,-0.1305057406425476,-0.887713611125946,1.3631315231323242,4.33686637878418,0.0281941220164299,1.04475736618042,-1.254783034324646,-21.617698669433594,0.07287602871656418,0.6242139339447021,-1.4558038711547852,13.764084815979004
1785122689.8018053,0.014721198007464409,-0.6947826147079468,1.3851491212844849,-34.571773529052734,-0.13081899285316467,-0.8801904320716858,1.3640443086624146,4.421808242797852,0.03443831577897072,1.066449522972107,-1.249534249305725,-21.758562088012695,0.07661382108926773,0.6301050186157227,-1.4517195224761963,13.878448486328125
1785122689.8580315,0.01669248752295971,-0.6934557557106018,1.385573148727417,-34.821224212646484,-0.13488604128360748,-0.8593589067459106,1.3646061420440674,4.459610939025879,0.040072157979011536,1.0875892639160156,-1.2422012090682983,-21.924711227416992,0.08013831824064255,0.6455425024032593,-1.4450300931930542,13.953012466430664
1785122689.911412,0.014613524079322815,-0.6945273876190186,1.3911519050598145,-35.08370590209961,-0.10935067385435104,-0.8004454374313354,1.3553229570388794,4.465365886688232,0.040498390793800354,1.1112993955612183,-1.2393258810043335,-22.10425567626953,0.08789002150297165,0.6643549203872681,-1.4389455318450928,13.976700782775879
1785122689.9636436,-0.007314412854611874,-0.6972250938415527,1.3944811820983887,-35.33695983886719,-0.05075852572917938,-0.7002988457679749,1.3810163736343384,4.4506354331970215,0.02298768423497677,1.1495314836502075,-1.2516846656799316,-22.28717613220215,0.0843961089849472,0.6912471652030945,-1.4386796951293945,13.964812278747559
1785122690.0165744,-0.0459379144012928,-0.6946750283241272,1.427852749824524,-35.57672882080078,-0.0027781184762716293,-0.6407413482666016,1.4086841344833374,4.395168304443359,0.006501420401036739,1.1825169324874878,-1.2727656364440918,-22.472997665405273,0.08399845659732819,0.7233337759971619,-1.4562431573867798,13.919180870056152
1785122690.0667787,-0.07245159894227982,-0.6861662864685059,1.4210424423217773,-35.779415130615234,0.012413435615599155,-0.6507410407066345,1.4088068008422852,4.35671854019165,0.0009147830423898995,1.179785132408142,-1.280533790588379,-22.623537063598633,0.09469065815210342,0.7306275367736816,-1.4677941799163818,13.890945434570312
1785122690.1213403,-0.06943140923976898,-0.6856891512870789,1.4158971309661865,-36.005558013916016,-0.0023875958286225796,-0.6952949166297913,1.398888111114502,4.3271989822387695,-0.0006423285813070834,1.1481984853744507,-1.2600075006484985,-22.788156509399414,0.10741208493709564,0.7150353789329529,-1.4604772329330444,13.869335174560547
1785122690.1717772,-0.050122350454330444,-0.6932740211486816,1.4004555940628052,-36.271610260009766,-0.0326431468129158,-0.7466393113136292,1.4344879388809204,4.279446125030518,-0.013767355121672153,1.1062698364257812,-1.2464735507965088,-22.981033325195312,0.10669708251953125,0.6817904710769653,-1.457623839378357,13.833724975585938
1785122690.2224727,-0.0007285801111720502,-0.7035441994667053,1.3837612867355347,-36.54358673095703,-0.061288703233003616,-0.7769972085952759,1.4141699075698853,4.222946643829346,-0.03040115162730217,1.0704402923583984,-1.2482846975326538,-23.18439292907715,0.09826409816741943,0.6393855810165405,-1.4624073505401611,13.789054870605469
1785122690.2766612,0.03677115589380264,-0.7053982615470886,1.3820263147354126,-36.90338897705078,-0.09403401613235474,-0.8072126507759094,1.3997849225997925,4.108304977416992,-0.044072169810533524,1.0345395803451538,-1.2585792541503906,-23.463367462158203,0.09494446218013763,0.6054783463478088,-1.4707295894622803,13.687601089477539
1785122690.327253,0.04170835018157959,-0.6926994919776917,1.3842973709106445,-37.20367431640625,-0.12033979594707489,-0.8243564963340759,1.4060213565826416,3.9343984127044678,-0.04495737701654434,1.0059053897857666,-1.2770006656646729,-23.69817543029785,0.10259854048490524,0.6034978032112122,-1.473809838294983,13.528693199157715
1785122690.3810503,0.032351505011320114,-0.680321991443634,1.3896150588989258,-37.48134231567383,-0.14335621893405914,-0.8317394852638245,1.4143223762512207,3.679422378540039,-0.03588804975152016,0.9709412455558777,-1.3007301092147827,-23.911293029785156,0.11770413815975189,0.6138051748275757,-1.471481204032898,13.29514217376709
1785122690.4317236,0.026072587817907333,-0.6774705052375793,1.3933568000793457,-37.75480270385742,-0.15597042441368103,-0.8368067145347595,1.4080214500427246,3.4645943641662598,-0.026336446404457092,0.9397483468055725,-1.3111845254898071,-24.128835678100586,0.12217026203870773,0.6224542260169983,-1.4686044454574585,13.10580062866211
1785122690.4818897,0.02478180266916752,-0.680699348449707,1.3938661813735962,-38.09700393676758,-0.161500945687294,-0.8539270758628845,1.3934478759765625,3.332716703414917,-0.018958522006869316,0.9189006090164185,-1.3103359937667847,-24.416019439697266,0.11548814922571182,0.6248971819877625,-1.4705671072006226,13.003836631774902
1785122690.5322247,0.02501148357987404,-0.68442302942276,1.3927680253982544,-38.450828552246094,-0.16251063346862793,-0.8785699605941772,1.3817155361175537,3.2746212482452393,-0.013053431175649166,0.9120755195617676,-1.3067772388458252,-24.720237731933594,0.10571668297052383,0.6221535205841064,-1.4730861186981201,12.974902153015137
1785122690.586441,0.024646079167723656,-0.6861054301261902,1.391225814819336,-38.93086624145508,-0.1614914834499359,-0.9091500043869019,1.3730334043502808,3.223798990249634,-0.004919799976050854,0.9134690761566162,-1.3044270277023315,-25.14078712463379,0.0922187864780426,0.6210105419158936,-1.4687304496765137,12.964898109436035
1785122690.6424925,0.02509741112589836,-0.6856775879859924,1.3899056911468506,-39.391998291015625,-0.15826396644115448,-0.9314565658569336,1.3650014400482178,3.1801202297210693,0.003614014945924282,0.9257107973098755,-1.298919677734375,-25.542438507080078,0.07927978038787842,0.6271833777427673,-1.4597722291946411,12.964027404785156
1785122690.6967833,0.02612842060625553,-0.6864884495735168,1.3888126611709595,-39.89754104614258,-0.15182983875274658,-0.947560727596283,1.3514823913574219,3.128601312637329,0.01639023795723915,0.9482245445251465,-1.2944952249526978,-25.980867385864258,0.0667528286576271,0.63960200548172,-1.4471149444580078,12.96423625946045
1785122690.7470915,0.025696638971567154,-0.6871391534805298,1.3880383968353271,-40.34395217895508,-0.1432751715183258,-0.9541959166526794,1.3394103050231934,3.0677103996276855,0.032182369381189346,0.973756730556488,-1.2960896492004395,-26.364501953125,0.05614449083805084,0.654371976852417,-1.4314992427825928,12.955465316772461
1785122690.8020175,0.02366711013019085,-0.687427282333374,1.387575626373291,-40.791099548339844,-0.1310190111398697,-0.9559351801872253,1.3297419548034668,2.9920363426208496,0.05331539735198021,0.9963976144790649,-1.2983369827270508,-26.742469787597656,0.04037739709019661,0.6734017133712769,-1.4127271175384521,12.943138122558594
1785122690.8524487,0.02166193164885044,-0.6882040500640869,1.387392282485962,-41.13814926147461,-0.11669869720935822,-0.9521040320396423,1.3247878551483154,2.9208667278289795,0.07273780554533005,1.0099806785583496,-1.296827793121338,-27.03087043762207,0.020273923873901367,0.6860371232032776,-1.40057373046875,12.92413330078125
1785122690.9068372,0.015983296558260918,-0.6909576654434204,1.3880009651184082,-41.55510330200195,-0.08830218762159348,-0.9239368438720703,1.3265043497085571,2.7950122356414795,0.09680530428886414,1.0251185894012451,-1.296640157699585,-27.37390899658203,-0.006833495106548071,0.6923036575317383,-1.3916027545928955,12.855463981628418
1785122690.962071,0.008389049209654331,-0.694115161895752,1.3874319791793823,-41.891807556152344,-0.06231488287448883,-0.884245753288269,1.3418036699295044,2.639235019683838,0.116256482899189,1.0374330282211304,-1.307826280593872,-27.64496612548828,-0.02601778879761696,0.6903378367424011,-1.387757658958435,12.747766494750977
1785122691.01935,-0.0017070696922019124,-0.7007224559783936,1.3997974395751953,-42.2215461730957,-0.04865775629878044,-0.8506633639335632,1.3640567064285278,2.4276809692382812,0.13506104052066803,1.0417139530181885,-1.3231743574142456,-27.90172576904297,-0.03602182865142822,0.6827783584594727,-1.387965440750122,12.58574104309082
1785122691.0713215,-0.012995869852602482,-0.7036690711975098,1.39284348487854,-42.52189254760742,-0.05328710004687309,-0.8384926915168762,1.374023199081421,2.1902167797088623,0.15198083221912384,1.0258724689483643,-1.3284894227981567,-28.12775421142578,-0.035989440977573395,0.6743184924125671,-1.3914798498153687,12.393218994140625
1785122691.121611,-0.015900027006864548,-0.6981834173202515,1.3925057649612427,-42.84367370605469,-0.061872877180576324,-0.8397026062011719,1.3723018169403076,2.0269742012023926,0.1576659381389618,1.0116854906082153,-1.3224012851715088,-28.381372451782227,-0.0368734635412693,0.6726235747337341,-1.393772006034851,12.268932342529297
1785122691.1732602,-0.016340095549821854,-0.6935887932777405,1.396477222442627,-43.188453674316406,-0.06669865548610687,-0.8452635407447815,1.3640079498291016,1.8884552717208862,0.15770845115184784,1.0016316175460815,-1.3213930130004883,-28.657943725585938,-0.032983917742967606,0.6762218475341797,-1.3935742378234863,12.167581558227539
1785122691.2240136,-0.024595456197857857,-0.6901012063026428,1.4033067226409912,-43.55080032348633,-0.053052399307489395,-0.8326316475868225,1.3571922779083252,1.7742186784744263,0.1540333777666092,0.9975931644439697,-1.3250298500061035,-28.953351974487305,-0.02761165052652359,0.6837805509567261,-1.3915873765945435,12.085168838500977
1785122691.2764232,-0.0383763313293457,-0.6860440969467163,1.4167625904083252,-43.98672103881836,-0.026838958263397217,-0.8095018863677979,1.364108920097351,1.6886966228485107,0.1458614468574524,1.0002679824829102,-1.3331000804901123,-29.318204879760742,-0.02472861111164093,0.6873682737350464,-1.3911443948745728,12.035006523132324
1785122691.327696,-0.04436706751585007,-0.6785302758216858,1.415075659751892,-44.37744903564453,-0.02256864495575428,-0.8397326469421387,1.3644707202911377,1.6376116275787354,0.13687531650066376,0.9995808601379395,-1.3389641046524048,-29.65293312072754,-0.02471216768026352,0.680461585521698,-1.3929389715194702,12.029348373413086
1785122691.3817122,-0.03428433835506439,-0.6745860576629639,1.407911777496338,-44.90755081176758,-0.029541274532675743,-0.9082022309303284,1.3449147939682007,1.6233614683151245,0.1233455017209053,0.9936455488204956,-1.3333702087402344,-30.11343765258789,-0.02714235708117485,0.6748378872871399,-1.3923614025115967,12.073067665100098
1785122691.4327862,-0.021956130862236023,-0.6792279481887817,1.4038335084915161,-45.36256408691406,-0.04011477530002594,-0.9579395651817322,1.3189094066619873,1.6251037120819092,0.11018297076225281,0.9871439933776855,-1.3245009183883667,-30.511428833007812,-0.02739982306957245,0.6807320713996887,-1.3894689083099365,12.129555702209473
1785122691.4859838,-0.013777367770671844,-0.6869321465492249,1.3989897966384888,-45.94784927368164,-0.05766592174768448,-1.011727213859558,1.290268063545227,1.597115397453308,0.09592476487159729,0.9749701619148254,-1.3174086809158325,-31.022031784057617,-0.020001176744699478,0.6960262060165405,-1.3836636543273926,12.182999610900879
1785122691.5365798,-0.01083773747086525,-0.6900988817214966,1.3956143856048584,-46.33040237426758,-0.07064022868871689,-1.0409636497497559,1.2790316343307495,1.515669822692871,0.08649545907974243,0.9556953310966492,-1.3204867839813232,-31.353151321411133,-0.013031561858952045,0.7034069895744324,-1.3811343908309937,12.165888786315918
1785122691.5867307,-0.008588118478655815,-0.6957063674926758,1.3943055868148804,-46.68901824951172,-0.08324829488992691,-1.0681403875350952,1.2784836292266846,1.355545163154602,0.06479920446872711,0.8935607075691223,-1.3325212001800537,-31.667076110839844,-0.006745722610503435,0.7025743722915649,-1.3837332725524902,12.077484130859375
1785122691.6420457,-0.01232090499252081,-0.7122130393981934,1.3937933444976807,-46.98883056640625,-0.09009647369384766,-1.0921334028244019,1.287009596824646,1.154920220375061,0.03395454213023186,0.7688679099082947,-1.360686182975769,-31.945043563842773,0.006572622340172529,0.6959730386734009,-1.3959105014801025,11.944602966308594
1785122691.6931117,-0.026245037093758583,-0.7445441484451294,1.403993844985962,-47.24629592895508,-0.0910668894648552,-1.108731746673584,1.3074071407318115,0.9236875772476196,0.019334889948368073,0.6492087244987488,-1.4036948680877686,-32.181331634521484,0.03150508180260658,0.6908202171325684,-1.4024616479873657,11.7747163772583
1785122691.7433815,-0.028999755159020424,-0.7495023012161255,1.4316784143447876,-47.57331085205078,-0.0837828516960144,-1.1023155450820923,1.3037925958633423,0.7379918694496155,0.01631692424416542,0.62326580286026,-1.417269229888916,-32.4937629699707,0.03873614966869354,0.6914917230606079,-1.403546929359436,11.651778221130371
1785122691.796482,-0.012503894045948982,-0.6950872540473938,1.4602376222610474,-48.05651092529297,-0.06031509116292,-1.07108736038208,1.269977331161499,0.6449813842773438,0.04046618193387985,0.7079684138298035,-1.4496527910232544,-32.95943069458008,0.020553642883896828,0.6966386437416077,-1.3893790245056152,11.641002655029297
1785122691.850085,-0.0005450281896628439,-0.6247062683105469,1.4808330535888672,-48.49259567260742,-0.03493679687380791,-1.0354448556900024,1.2617179155349731,0.6317063570022583,0.06336332112550735,0.7761561274528503,-1.4297693967819214,-33.387454986572266,-0.015887223184108734,0.7066037654876709,-1.3791753053665161,11.691896438598633
1785122691.9021213,-0.0143436836078763,-0.5693147778511047,1.4868650436401367,-48.92747116088867,-0.01742221601307392,-0.9776840209960938,1.2881814241409302,0.5359233617782593,0.09456098824739456,0.8339528441429138,-1.4193016290664673,-33.8124885559082,-0.04036857560276985,0.704412579536438,-1.379614233970642,11.667384147644043
1785122691.9560544,-0.041192833334207535,-0.5782034397125244,1.4810494184494019,-49.1220817565918,-0.024072645232081413,-0.9272143244743347,1.3253175020217896,0.21440911293029785,0.13067686557769775,0.8413239121437073,-1.4299962520599365,-33.99821472167969,-0.032105252146720886,0.6857095956802368,-1.3867367506027222,11.405034065246582
1785122692.0066898,-0.05872724577784538,-0.6030258536338806,1.477388858795166,-49.22007369995117,-0.03348420187830925,-0.8776270747184753,1.3490017652511597,-0.11242559552192688,0.15662725269794464,0.8255821466445923,-1.4306328296661377,-34.08415603637695,-0.026426976546645164,0.6717173457145691,-1.3949806690216064,11.120892524719238
1785122692.0571146,-0.06456883996725082,-0.6148133873939514,1.4771175384521484,-49.346275329589844,-0.037585824728012085,-0.8407418131828308,1.359542965888977,-0.36414584517478943,0.17198972404003143,0.8166009783744812,-1.4233821630477905,-34.19658279418945,-0.028387557715177536,0.6685392260551453,-1.398888111114502,10.903661727905273
1785122692.1074219,-0.060760609805583954,-0.6061446666717529,1.4846385717391968,-49.62420654296875,-0.03564167022705078,-0.8221588134765625,1.3616312742233276,-0.5356912016868591,0.17984874546527863,0.8337921500205994,-1.4176363945007324,-34.45604705810547,-0.03409763053059578,0.671921968460083,-1.3977609872817993,10.769695281982422
1785122692.1611807,-0.05371972173452377,-0.5814977884292603,1.491456389427185,-50.113887786865234,-0.024028459563851357,-0.8119134306907654,1.3556833267211914,-0.530572772026062,0.18164119124412537,0.8814194798469543,-1.4140186309814453,-34.919429779052734,-0.035896025598049164,0.6777741312980652,-1.3933446407318115,10.80819320678711
1785122692.2123256,-0.05092599242925644,-0.5724626779556274,1.4904747009277344,-50.59811019897461,-0.015978649258613586,-0.8021352291107178,1.3582854270935059,-0.4849013686180115,0.17783387005329132,0.9202744364738464,-1.4123953580856323,-35.37873840332031,-0.0334264412522316,0.6800578832626343,-1.3910160064697266,10.881547927856445
1785122692.262984,-0.0480218268930912,-0.5820645689964294,1.4825998544692993,-51.030364990234375,-0.012836087495088577,-0.7967973351478577,1.3614404201507568,-0.4488072693347931,0.17085331678390503,0.9402741193771362,-1.4078288078308105,-35.785640716552734,-0.030461790040135384,0.6785494089126587,-1.3912439346313477,10.942017555236816
1785122692.3164408,-0.04185926541686058,-0.6071130037307739,1.464380145072937,-51.54182815551758,-0.015002910047769547,-0.8084467053413391,1.36293363571167,-0.43318143486976624,0.15634863078594208,0.9447520971298218,-1.3968703746795654,-36.262962341308594,-0.030132794752717018,0.6761568784713745,-1.39188814163208,10.993534088134766
1785122692.368617,-0.036319799721241,-0.6338411569595337,1.4443540573120117,-51.892547607421875,-0.024443751201033592,-0.8396672010421753,1.362336277961731,-0.5009801387786865,0.1406053751707077,0.9284752607345581,-1.3899569511413574,-36.58184814453125,-0.030478868633508682,0.6773036122322083,-1.3917819261550903,10.964216232299805
1785122692.4214675,-0.027884379029273987,-0.6702085733413696,1.4175546169281006,-52.2203254699707,-0.04216499999165535,-0.8953596353530884,1.3652576208114624,-0.6621063351631165,0.11734393984079361,0.887930691242218,-1.384375810623169,-36.86637878417969,-0.029583854600787163,0.6823101043701172,-1.3899321556091309,10.853816986083984
1785122692.47491,-0.01878851279616356,-0.6916167140007019,1.4005948305130005,-52.43430709838867,-0.05372641608119011,-0.931067943572998,1.3630253076553345,-0.8116198778152466,0.09628964215517044,0.8563284277915955,-1.381862759590149,-37.047706604003906,-0.02838410995900631,0.686801016330719,-1.3887927532196045,10.744959831237793
1785122692.527073,-0.0040269591845571995,-0.7070812582969666,1.3886988162994385,-52.681209564208984,-0.06628461182117462,-0.9711562991142273,1.3568300008773804,-1.0584880113601685,0.06454680860042572,0.8164322972297668,-1.3859425783157349,-37.254695892333984,-0.022962497547268867,0.6923511028289795,-1.387322187423706,10.559395790100098
1785122692.577771,0.0068911840207874775,-0.7081879377365112,1.3881678581237793,-52.82797622680664,-0.07334601134061813,-0.9924898743629456,1.3547741174697876,-1.2650774717330933,0.04131549969315529,0.790116012096405,-1.389167070388794,-37.375770568847656,-0.029832668602466583,0.699672520160675,-1.4152278900146484,10.395648956298828
1785122692.6315062,0.01125861145555973,-0.7209475636482239,1.3867135047912598,-52.967620849609375,-0.07705967873334885,-0.9868742823600769,1.3738223314285278,-1.7233986854553223,0.02422229014337063,0.7398557662963867,-1.3772029876708984,-37.47783279418945,-0.04502970725297928,0.7126224040985107,-1.4341806173324585,10.010601043701172
1785122692.682149,0.011202104389667511,-0.7544805407524109,1.3788992166519165,-52.97233200073242,-0.07432933151721954,-0.947912871837616,1.3855009078979492,-2.184478282928467,0.02591899037361145,0.695080578327179,-1.3876988887786865,-37.45851135253906,-0.04401678964495659,0.7375627756118774,-1.4204045534133911,9.606603622436523
1785122692.7365308,0.021461965516209602,-0.8018808364868164,1.3820295333862305,-52.93080520629883,-0.059872131794691086,-0.8801012635231018,1.3801487684249878,-2.7533211708068848,0.029810797423124313,0.6662558317184448,-1.4077061414718628,-37.385887145996094,-0.03765324875712395,0.7701352834701538,-1.3974885940551758,9.108973503112793
1785122692.7930052,0.04027464613318443,-0.8351075053215027,1.4056307077407837,-52.94218444824219,-0.03608933836221695,-0.8151131272315979,1.3689658641815186,-3.2085494995117188,0.030424611642956734,0.6605535745620728,-1.4295927286148071,-37.371192932128906,-0.03039941005408764,0.7968554496765137,-1.3797669410705566,8.71519660949707
1785122692.8461516,0.05902867391705513,-0.8520328402519226,1.4395785331726074,-53.02919006347656,-0.012725702486932278,-0.7071289420127869,1.3784973621368408,-3.647722005844116,0.029480386525392532,0.6672569513320923,-1.4461586475372314,-37.423004150390625,-0.026304449886083603,0.8306323289871216,-1.3670860528945923,8.319954872131348
1785122692.8965359,0.07141907513141632,-0.8501536846160889,1.4398424625396729,-53.127647399902344,-0.018118716776371002,-0.6405523419380188,1.402999997138977,-4.030100345611572,0.020382342860102654,0.6658596992492676,-1.4518325328826904,-37.48858642578125,-0.02944544143974781,0.8606288433074951,-1.3732794523239136,7.980116367340088
1785122692.9466653,0.08260802924633026,-0.8302821516990662,1.4234408140182495,-53.2851676940918,-0.028912043198943138,-0.6373403072357178,1.4073386192321777,-4.34899377822876,0.003594714682549238,0.6629761457443237,-1.4397920370101929,-37.61575698852539,-0.03913393244147301,0.8769500255584717,-1.3879674673080444,7.701470375061035
1785122692.9971333,0.09018787741661072,-0.814435601234436,1.4146629571914673,-53.43416213989258,-0.03278850391507149,-0.6656067371368408,1.3981986045837402,-4.6304216384887695,-0.01079082302749157,0.6598692536354065,-1.4225163459777832,-37.74081802368164,-0.04828542098402977,0.8866090774536133,-1.3919322490692139,7.459140300750732
1785122693.0518577,0.09346775710582733,-0.8166216611862183,1.4156532287597656,-53.54534912109375,-0.03095312789082527,-0.6966421008110046,1.385326623916626,-5.0133891105651855,-0.010570071637630463,0.6634154319763184,-1.4168494939804077,-37.818199157714844,-0.05278634652495384,0.9022974371910095,-1.376602053642273,7.128717422485352
1785122693.103741,0.09101132303476334,-0.8364617824554443,1.4130779504776,-53.54891586303711,-0.027951935306191444,-0.7049962878227234,1.3810036182403564,-5.412167072296143,-0.0031639125663787127,0.6601800322532654,-1.4232739210128784,-37.79283905029297,-0.0522797554731369,0.9241940975189209,-1.3501505851745605,6.781172752380371
1785122693.1570654,0.08676168322563171,-0.8669792413711548,1.3990682363510132,-53.5057258605957,-0.02305224910378456,-0.7002938389778137,1.3824045658111572,-5.95161247253418,0.000920965860132128,0.6419031620025635,-1.4358799457550049,-37.71639633178711,-0.05169857665896416,0.9558691382408142,-1.3205889463424683,6.309025764465332
1785122693.2315109,0.08590778708457947,-0.8844302892684937,1.3875420093536377,-53.501678466796875,-0.01798185706138611,-0.692720353603363,1.3857840299606323,-6.395709991455078,-0.00379622052423656,0.6271103024482727,-1.4425785541534424,-37.68526077270508,-0.05238140746951103,0.979723334312439,-1.3055323362350464,5.922392845153809
1785122693.3110332,0.09184546768665314,-0.8924385905265808,1.3787535429000854,-53.5654411315918,-0.012323475442826748,-0.6867576241493225,1.3884806632995605,-6.878267288208008,-0.01672617718577385,0.6244410872459412,-1.443894863128662,-37.711856842041016,-0.05824798345565796,0.998277485370636,-1.3031926155090332,5.514653205871582
1785122693.3616333,0.11003775149583817,-0.8520873785018921,1.3819873332977295,-53.948238372802734,-0.019700175151228905,-0.6852027773857117,1.388720154762268,-7.377237796783447,-0.031666889786720276,0.659895658493042,-1.4217848777770996,-38.032386779785156,-0.06906108558177948,1.0029747486114502,-1.3165308237075806,5.128931045532227
1785122693.4163659,0.10584717243909836,-0.8112598061561584,1.3846524953842163,-54.23927688598633,-0.02775273285806179,-0.6882016658782959,1.3891812562942505,-7.503871440887451,-0.03276112675666809,0.6824783682823181,-1.4102041721343994,-38.291603088378906,-0.06978438049554825,0.9865451455116272,-1.3342270851135254,5.061983108520508
1785122693.4673824,0.07139667123556137,-0.7568724155426025,1.3878374099731445,-54.47843551635742,-0.022266648709774017,-0.6895526647567749,1.3931673765182495,-7.570915699005127,-0.02650262974202633,0.698268711566925,-1.4058032035827637,-38.510990142822266,-0.061516743153333664,0.968196451663971,-1.347705364227295,5.048199653625488
1785122693.521341,0.047214388847351074,-0.7257223725318909,1.4221488237380981,-54.77433395385742,-0.010508034378290176,-0.6912877559661865,1.3902755975723267,-7.6395039558410645,-0.00932970829308033,0.723872184753418,-1.4122037887573242,-38.776676177978516,-0.042656995356082916,0.9487515687942505,-1.356544017791748,5.032355308532715
1785122693.5715067,0.04850669577717781,-0.7310845851898193,1.4629510641098022,-55.11704635620117,-0.012103690765798092,-0.7187930345535278,1.3955847024917603,-7.688478469848633,0.005017664283514023,0.7456684112548828,-1.430933952331543,-39.086849212646484,-0.027047039940953255,0.9081771373748779,-1.361018419265747,5.045074462890625
1785122693.6235116,0.043448932468891144,-0.72797691822052,1.4580446481704712,-55.42231369018555,-0.014877491630613804,-0.7556299567222595,1.378278374671936,-7.681774616241455,0.014985225163400173,0.7468191981315613,-1.4436070919036865,-39.36579132080078,-0.016513271257281303,0.8487210273742676,-1.3627681732177734,5.1048712730407715
1785122693.677035,0.034293025732040405,-0.7160166501998901,1.4494667053222656,-55.832271575927734,-0.015542220324277878,-0.7888039350509644,1.364561915397644,-7.618730545043945,0.026201074942946434,0.7484965324401855,-1.447574257850647,-39.74575424194336,-0.005193763878196478,0.7689122557640076,-1.3679955005645752,5.220058917999268
1785122693.731104,0.024020887911319733,-0.7053976058959961,1.4472442865371704,-56.20698165893555,-0.019273562356829643,-0.8371537327766418,1.3737492561340332,-7.59853458404541,0.0336168110370636,0.75334632396698,-1.4504575729370117,-40.09488296508789,-0.008371791802346706,0.6945792436599731,-1.3877333402633667,5.286474704742432
1785122693.7812746,0.012262771837413311,-0.6811909675598145,1.440250039100647,-56.60478591918945,-0.026008786633610725,-0.8843295574188232,1.389932632446289,-7.611476421356201,0.04025549814105034,0.7661829590797424,-1.4468439817428589,-40.47043228149414,-0.015810811892151833,0.6528247594833374,-1.4039407968521118,5.31918478012085
1785122693.8360038,-0.0018730019219219685,-0.6459397673606873,1.4283384084701538,-57.047386169433594,-0.03519827127456665,-0.9181078672409058,1.3969675302505493,-7.651413917541504,0.04464180767536163,0.7858251929283142,-1.4373143911361694,-40.893802642822266,-0.021242983639240265,0.6507982611656189,-1.4086155891418457,5.328089237213135
1785122693.886662,-0.0012759675737470388,-0.6348888874053955,1.4259260892868042,-57.459590911865234,-0.04037162661552429,-0.9360560774803162,1.3838387727737427,-7.685791015625,0.048668455332517624,0.8061749935150146,-1.4279282093048096,-41.28348159790039,-0.021599657833576202,0.6668133735656738,-1.4016969203948975,5.34165096282959
1785122693.9366884,0.0048176199197769165,-0.6404572129249573,1.4278264045715332,-57.87955856323242,-0.044251102954149246,-0.9463955163955688,1.3581583499908447,-7.713015079498291,0.0533970408141613,0.8273011445999146,-1.418040156364441,-41.6795539855957,-0.020290596410632133,0.6864793300628662,-1.3886741399765015,5.369314193725586
1785122693.9922583,0.005525538232177496,-0.647196352481842,1.4262611865997314,-58.33279800415039,-0.04755336046218872,-0.955370306968689,1.3355934619903564,-7.754284381866455,0.0619429349899292,0.8480678796768188,-1.4059962034225464,-42.1032829284668,-0.019590923562645912,0.7037293910980225,-1.3813529014587402,5.3922224044799805
1785122694.0466495,-3.069834565394558e-05,-0.6499440670013428,1.4260631799697876,-58.70973205566406,-0.05072857439517975,-0.9640918970108032,1.3258243799209595,-7.804866313934326,0.07227595895528793,0.8612475991249084,-1.3960492610931396,-42.45158386230469,-0.019437376409769058,0.70451420545578,-1.3812021017074585,5.402034282684326
1785122694.1022215,-0.008543510921299458,-0.6468667984008789,1.4298573732376099,-59.07902145385742,-0.054886117577552795,-0.971538782119751,1.324009895324707,-7.885861396789551,0.08546674251556396,0.8691154718399048,-1.3886699676513672,-42.78762435913086,-0.020015571266412735,0.693879246711731,-1.3852664232254028,5.386733531951904
1785122694.1524773,-0.017253076657652855,-0.6444499492645264,1.4326316118240356,-59.34474563598633,-0.05779707804322243,-0.9752616882324219,1.3225880861282349,-7.958290100097656,0.09770500659942627,0.8700650930404663,-1.385867714881897,-43.024898529052734,-0.02058151736855507,0.6847219467163086,-1.3890142440795898,5.36807107925415
1785122694.2066092,-0.024380598217248917,-0.6416073441505432,1.4378372430801392,-59.68254852294922,-0.059922054409980774,-0.9726481437683105,1.3205592632293701,-8.082077026367188,0.11271479725837708,0.8730553388595581,-1.3814061880111694,-43.325279235839844,-0.022756000980734825,0.6806985139846802,-1.390727162361145,5.308036804199219
1785122694.2616248,-0.02836661972105503,-0.6372592449188232,1.4429633617401123,-60.05138397216797,-0.06113709509372711,-0.964361846446991,1.3155395984649658,-8.232053756713867,0.12673279643058777,0.8815770745277405,-1.3778700828552246,-43.656105041503906,-0.02480270341038704,0.6835073232650757,-1.3900092840194702,5.222208023071289
1785122694.3207011,-0.03466178849339485,-0.6351892948150635,1.4471455812454224,-60.39341354370117,-0.055897101759910583,-0.9490683674812317,1.3127610683441162,-8.370963096618652,0.13945496082305908,0.887462317943573,-1.3791133165359497,-43.96113586425781,-0.025669177994132042,0.6878952383995056,-1.3879598379135132,5.14292573928833
1785122694.3710983,-0.046193890273571014,-0.6472048759460449,1.4526132345199585,-60.627220153808594,-0.04066535457968712,-0.9084534645080566,1.327270746231079,-8.578595161437988,0.14979895949363708,0.8776999711990356,-1.389290690422058,-44.155731201171875,-0.02684888429939747,0.689946711063385,-1.3875646591186523,4.986913681030273
1785122694.4238906,-0.05288565903902054,-0.6665237545967102,1.4543606042861938,-60.790252685546875,-0.029795441776514053,-0.873256504535675,1.3434092998504639,-8.831924438476562,0.15440210700035095,0.8584901094436646,-1.399957537651062,-44.28085708618164,-0.03028753027319908,0.6862430572509766,-1.389752745628357,4.780276298522949
1785122694.4764624,-0.051967646926641464,-0.6829874515533447,1.4520697593688965,-60.9683952331543,-0.02420254796743393,-0.8565576076507568,1.350985050201416,-9.144762992858887,0.1528550386428833,0.8348212838172913,-1.4066072702407837,-44.416996002197266,-0.03378154709935188,0.6814806461334229,-1.392216444015503,4.515982151031494
1785122694.527603,-0.047662779688835144,-0.6939843893051147,1.4505765438079834,-61.11040115356445,-0.020548034459352493,-0.8552578091621399,1.356862187385559,-9.39802360534668,0.1442505419254303,0.8166972994804382,-1.4113847017288208,-44.52519989013672,-0.03531802445650101,0.6812728643417358,-1.3925305604934692,4.299777507781982
1785122694.5821674,-0.04028204828500748,-0.7091442346572876,1.445014238357544,-61.24519348144531,-0.01546588633209467,-0.860160231590271,1.3619763851165771,-9.697647094726562,0.12405021488666534,0.7918296456336975,-1.4198088645935059,-44.62031555175781,-0.03409953415393829,0.6845529079437256,-1.3913437128067017,4.04545783996582
1785122694.636211,-0.03156127780675888,-0.7215263247489929,1.4371521472930908,-61.338104248046875,-0.009882884100079536,-0.8665260672569275,1.3680760860443115,-9.980565071105957,0.0972951129078865,0.7692705392837524,-1.4270236492156982,-44.67937469482422,-0.030336927622556686,0.6893038749694824,-1.3894786834716797,3.803959846496582
1785122694.6866655,-0.020547669380903244,-0.7204877734184265,1.4296627044677734,-61.467864990234375,-0.002742623910307884,-0.8746244311332703,1.3743877410888672,-10.25866985321045,0.06399735808372498,0.7603279948234558,-1.4314501285552979,-44.77748107910156,-0.025589654222130775,0.693086564540863,-1.388228178024292,3.570683717727661
1785122694.7366962,-0.012060831300914288,-0.7043185234069824,1.4256874322891235,-61.63483428955078,0.0018294946057721972,-0.8829951882362366,1.3803489208221436,-10.472475051879883,0.030875524505972862,0.7645320892333984,-1.4238361120224,-44.91926574707031,-0.04091890901327133,0.7099215984344482,-1.4300427436828613,3.4020166397094727
1785122694.7870226,-0.009575790725648403,-0.6866109371185303,1.423786997795105,-61.789161682128906,0.002147538820281625,-0.8693156242370605,1.398942232131958,-10.756237030029297,0.009385486133396626,0.7554469108581543,-1.3886241912841797,-45.05215835571289,-0.06095845252275467,0.7366681694984436,-1.4529350996017456,3.1736350059509277
1785122694.8382194,-0.013441122137010098,-0.6975967288017273,1.4152426719665527,-61.823692321777344,-0.0008678059675730765,-0.8173189759254456,1.415791630744934,-11.188677787780762,0.008955482393503189,0.7317376732826233,-1.3836535215377808,-45.068206787109375,-0.05931287258863449,0.7774822115898132,-1.4381341934204102,2.7990729808807373
1785122694.892016,-0.013653076253831387,-0.7467542886734009,1.410319209098816,-61.725730895996094,2.7862230126629584e-05,-0.7259554266929626,1.4194968938827515,-11.805575370788574,0.022225094959139824,0.6904188394546509,-1.4109854698181152,-44.94967269897461,-0.04368008300662041,0.8376582264900208,-1.4055964946746826,2.23779296875
1785122694.9460497,-0.005077647045254707,-0.8043110966682434,1.421463131904602,-61.61724853515625,0.005784719251096249,-0.6537390351295471,1.4139366149902344,-12.35680866241455,0.03131501004099846,0.6509576439857483,-1.4385250806808472,-44.82039260864258,-0.03193078935146332,0.884699285030365,-1.3795586824417114,1.7304606437683105
1785122694.9965887,0.010225658304989338,-0.8422109484672546,1.4333330392837524,-61.602291107177734,0.0019174454500898719,-0.6417686343193054,1.4109127521514893,-12.805069923400879,0.027732454240322113,0.6234769821166992,-1.450968861579895,-44.78558349609375,-0.02912423014640808,0.9107171297073364,-1.3721365928649902,1.3279837369918823
1785122695.0477931,0.028259223327040672,-0.8534345626831055,1.433279037475586,-61.66020202636719,-0.00470559298992157,-0.6635671257972717,1.4020533561706543,-13.085637092590332,0.015244945883750916,0.6115874648094177,-1.4444373846054077,-44.82600402832031,-0.031775716692209244,0.9124678373336792,-1.3782613277435303,1.0853992700576782
1785122695.1010127,0.05092022940516472,-0.8459635972976685,1.4271371364593506,-61.79271697998047,-0.015711825340986252,-0.6907368898391724,1.3887776136398315,-13.348859786987305,0.007072771899402142,0.6320639848709106,-1.428608775138855,-44.93153381347656,-0.036363229155540466,0.8989438414573669,-1.3805707693099976,0.8714002370834351
1785122695.1559696,0.068497434258461,-0.8312323093414307,1.420674204826355,-61.95734786987305,-0.026802651584148407,-0.6996303200721741,1.383966326713562,-13.63525390625,0.006195425521582365,0.6642116904258728,-1.4156861305236816,-45.06682205200195,-0.0413319393992424,0.8896074295043945,-1.3745547533035278,0.6379335522651672
1785122695.207013,0.07886790484189987,-0.827826976776123,1.4141494035720825,-62.079341888427734,-0.03278878331184387,-0.6949587464332581,1.3853520154953003,-13.9531888961792,0.004183996934443712,0.675018846988678,-1.4134377241134644,-45.16083908081055,-0.04512085020542145,0.894366979598999,-1.3712384700775146,0.3697481155395508
1785122695.2646563,0.08356477320194244,-0.8353041410446167,1.4098312854766846,-62.14296340942383,-0.032197143882513046,-0.6879966855049133,1.3879839181900024,-14.24477767944336,0.0005379599751904607,0.668555498123169,-1.417252540588379,-45.20030975341797,-0.047779638320207596,0.9053816795349121,-1.3682643175125122,0.11906880885362625
1785122695.3165667,0.08698506653308868,-0.8560367822647095,1.403689980506897,-62.199440002441406,-0.025690633803606033,-0.6810286641120911,1.390647292137146,-14.724466323852539,-0.004533975850790739,0.6493961215019226,-1.425869107246399,-45.21817398071289,-0.05135942995548248,0.9264265894889832,-1.356865644454956,-0.2972021996974945
1785122695.3673577,0.08864692598581314,-0.8705705404281616,1.3978480100631714,-62.22513961791992,-0.02122155763208866,-0.6813737154006958,1.3905315399169922,-15.05698013305664,-0.006205627229064703,0.6398741602897644,-1.432226538658142,-45.21756362915039,-0.05386244133114815,0.9399642944335938,-1.344836950302124,-0.5856122970581055
1785122695.4211175,0.09241916239261627,-0.8876369595527649,1.3873388767242432,-62.25242233276367,-0.017699673771858215,-0.6865792870521545,1.388798475265503,-15.485260009765625,-0.0071721551939845085,0.6346438527107239,-1.4363722801208496,-45.207183837890625,-0.05816246196627617,0.9533774256706238,-1.3298659324645996,-0.9517638683319092
1785122695.472019,0.09841546416282654,-0.8950586915016174,1.3797292709350586,-62.30481719970703,-0.01712954044342041,-0.6908554434776306,1.3872449398040771,-15.845817565917969,-0.008757082745432854,0.6384337544441223,-1.433644413948059,-45.223758697509766,-0.06300589442253113,0.9621992707252502,-1.320507287979126,-1.2536214590072632
1785122695.5248075,0.10608074069023132,-0.896145224571228,1.3740757703781128,-62.38416290283203,-0.019064823165535927,-0.6919699311256409,1.386452317237854,-16.168689727783203,-0.010992269963026047,0.6474287509918213,-1.428391456604004,-45.26483917236328,-0.0686587244272232,0.9683409333229065,-1.3181465864181519,-1.5173343420028687
1785122695.576442,0.11354946345090866,-0.8945232629776001,1.3702392578125,-62.47715377807617,-0.0223580040037632,-0.6897708773612976,1.3874322175979614,-16.465314865112305,-0.012806471437215805,0.6572294235229492,-1.4218480587005615,-45.3176383972168,-0.07500477135181427,0.9722476005554199,-1.3187074661254883,-1.7538676261901855
1785122695.6265845,0.12018704414367676,-0.8890051245689392,1.3680953979492188,-62.6019172668457,-0.024649430066347122,-0.6868626475334167,1.3883689641952515,-16.789466857910156,-0.014412828721106052,0.666142463684082,-1.4173561334609985,-45.40046310424805,-0.0806126818060875,0.9787365198135376,-1.3156784772872925,-2.0161609649658203
1785122695.6779833,0.12311483919620514,-0.8840512633323669,1.3668982982635498,-62.719112396240234,-0.025124702602624893,-0.6865552663803101,1.3885265588760376,-17.109699249267578,-0.015845756977796555,0.6690897941589355,-1.4174575805664062,-45.4797248840332,-0.08375538885593414,0.9872332215309143,-1.310800313949585,-2.279550790786743
1785122695.7280452,0.10317613184452057,-0.8544856905937195,1.3598655462265015,-62.81014633178711,-0.02042813040316105,-0.688497006893158,1.3910342454910278,-17.48406410217285,-0.017078006640076637,0.6662558913230896,-1.421491265296936,-45.541954040527344,-0.08444897085428238,1.0003904104232788,-1.30415940284729,-2.58986496925354
1785122695.7814054,0.05336267873644829,-0.777397096157074,1.3730018138885498,-62.87741470336914,-0.0033542579039931297,-0.6914981603622437,1.3941612243652344,-17.88300895690918,-0.015999523922801018,0.6621068120002747,-1.4269529581069946,-45.59656524658203,-0.0774594247341156,1.0224770307540894,-1.3046739101409912,-2.917541742324829
1785122695.8361201,0.018185794353485107,-0.704822838306427,1.415098786354065,-62.97071075439453,0.008264697156846523,-0.6959028840065002,1.3900554180145264,-18.250457763671875,-0.009491922333836555,0.664829432964325,-1.4364397525787354,-45.6776237487793,-0.061119332909584045,1.0446491241455078,-1.3141815662384033,-3.214177131652832
1785122695.8865695,0.03003234975039959,-0.7502661347389221,1.4706708192825317,-63.06519317626953,0.023862984031438828,-0.6964462399482727,1.3991608619689941,-18.572349548339844,-0.00932541023939848,0.6483473181724548,-1.4529752731323242,-45.74739074707031,-0.052891407161951065,1.0378960371017456,-1.314315915107727,-3.472853660583496
1785122695.9367518,0.04379262030124664,-0.7977625727653503,1.4549908638000488,-63.09147262573242,0.00932369101792574,-0.6925864219665527,1.3855141401290894,-18.94182014465332,-0.008540150709450245,0.6034618616104126,-1.4664227962493896,-45.7634391784668,-0.044398125261068344,1.0132801532745361,-1.304301381111145,-3.7744596004486084
1785122695.986913,0.06721474230289459,-0.8266517519950867,1.4191827774047852,-63.13908767700195,-0.01739339902997017,-0.6935003399848938,1.3857448101043701,-19.29308319091797,-0.01316124014556408,0.5819121599197388,-1.4664340019226074,-45.798885345458984,-0.034081894904375076,0.9881382584571838,-1.3067655563354492,-4.06413459777832
1785122696.0418696,0.09687008708715439,-0.8380151987075806,1.4070333242416382,-63.299652099609375,-0.029886173084378242,-0.6869845986366272,1.3886650800704956,-19.573623657226562,-0.025478757917881012,0.6033061742782593,-1.4622353315353394,-45.94514846801758,-0.030910594388842583,0.9563239812850952,-1.3242852687835693,-4.284811496734619
1785122696.095992,0.11970943212509155,-0.8438048362731934,1.4099462032318115,-63.49880599975586,-0.032039329409599304,-0.679523229598999,1.3913090229034424,-19.788299560546875,-0.0293772853910923,0.624369204044342,-1.4558892250061035,-46.12352752685547,-0.036234691739082336,0.9184461236000061,-1.3386595249176025,-4.4446024894714355
1785122696.1460302,0.13388212025165558,-0.8523308634757996,1.4102890491485596,-63.65965270996094,-0.03016810305416584,-0.6790199279785156,1.3920437097549438,-19.99445343017578,-0.03247881680727005,0.630638837814331,-1.4520175457000732,-46.26026153564453,-0.04328664019703865,0.8882469534873962,-1.3489145040512085,-4.604039192199707
1785122696.196726,0.14182253181934357,-0.8649006485939026,1.4067779779434204,-63.76837921142578,-0.02808469720184803,-0.6811373233795166,1.3918216228485107,-20.219730377197266,-0.03317803144454956,0.6294185519218445,-1.4502077102661133,-46.34304428100586,-0.04863038286566734,0.8713760375976562,-1.3553897142410278,-4.789108753204346
1785122696.2511668,0.14547713100910187,-0.8834121823310852,1.4007248878479004,-63.86356735229492,-0.02732442319393158,-0.6817451119422913,1.3915706872940063,-20.5711727142334,-0.030199488624930382,0.625015914440155,-1.4508075714111328,-46.40487289428711,-0.0525868721306324,0.8677382469177246,-1.3558526039123535,-5.09204626083374
1785122696.3011959,0.14478643238544464,-0.9013734459877014,1.3932973146438599,-63.90153121948242,-0.02752632088959217,-0.6817799806594849,1.391302227973938,-20.909618377685547,-0.026545384898781776,0.6223823428153992,-1.451058268547058,-46.411773681640625,-0.04951144754886627,0.8657588958740234,-1.3512383699417114,-5.393971920013428
1785122696.351476,0.1405724287033081,-0.9254043698310852,1.3834302425384521,-63.88924789428711,-0.027521854266524315,-0.6824524998664856,1.3910143375396729,-21.27262306213379,-0.026306292042136192,0.6234763264656067,-1.449700117111206,-46.361026763916016,-0.04212731868028641,0.856937050819397,-1.3534736633300781,-5.718300819396973
1785122696.401678,0.1339299976825714,-0.9440299868583679,1.3772649765014648,-63.87071990966797,-0.026118982583284378,-0.6811702251434326,1.3914639949798584,-21.632789611816406,-0.02574615180492401,0.6315147280693054,-1.4422862529754639,-46.30174255371094,-0.03606010600924492,0.8517550826072693,-1.3569800853729248,-6.039257049560547
1785122696.4579823,0.12284940481185913,-0.9526225328445435,1.3727599382400513,-63.87162399291992,-0.026116367429494858,-0.6792330741882324,1.391170859336853,-22.043245315551758,-0.019873784855008125,0.6459263563156128,-1.4298614263534546,-46.25472640991211,-0.03760659694671631,0.8662081360816956,-1.359160304069519,-6.398654460906982
1785122696.51181,0.11114844679832458,-0.9498836398124695,1.3650585412979126,-63.88389587402344,-0.025971950963139534,-0.6808097958564758,1.3900909423828125,-22.325151443481445,-0.00811263732612133,0.6621681451797485,-1.4132146835327148,-46.21639633178711,-0.05089480057358742,0.8922242522239685,-1.3604912757873535,-6.633133888244629
1785122696.566755,0.09411400556564331,-0.9535375833511353,1.345282793045044,-63.79671859741211,-0.026346886530518532,-0.6839179396629333,1.3895450830459595,-22.659698486328125,0.010963222943246365,0.681115984916687,-1.3959720134735107,-46.06591796875,-0.06928671896457672,0.9242183566093445,-1.3516966104507446,-6.909432411193848
1785122696.6175444,0.07979873567819595,-0.9556081891059875,1.333582878112793,-63.721961975097656,-0.021004393696784973,-0.6877519488334656,1.3887437582015991,-22.96613883972168,0.02485315501689911,0.6942123770713806,-1.3853915929794312,-45.93315887451172,-0.08667892217636108,0.9515604376792908,-1.3399723768234253,-7.157639026641846
1785122696.671007,0.06846025586128235,-0.9490175843238831,1.321184515953064,-63.69001007080078,-0.017675625160336494,-0.6827208399772644,1.415683388710022,-23.267515182495117,0.0291353277862072,0.6973205208778381,-1.3833646774291992,-45.83716583251953,-0.10666681081056595,0.9744710922241211,-1.3359562158584595,-7.400888442993164
1785122696.727011,0.055654194205999374,-0.9117472767829895,1.3230255842208862,-63.690521240234375,-0.00521909911185503,-0.6786791086196899,1.4224191904067993,-23.461467742919922,0.026769334450364113,0.6914940476417542,-1.3848682641983032,-45.78618621826172,-0.12465745210647583,0.9770637154579163,-1.3457386493682861,-7.530602931976318
1785122696.7810025,0.03545241057872772,-0.8234856724739075,1.3548164367675781,-63.75012969970703,0.017066067084670067,-0.6902976632118225,1.4238505363464355,-23.570602416992188,0.025566736236214638,0.6869741082191467,-1.389275312423706,-45.81253433227539,-0.13930216431617737,0.963706910610199,-1.3572252988815308,-7.574595928192139
1785122696.8389955,0.02212456241250038,-0.7539223432540894,1.3856022357940674,-63.812801361083984,0.0347074419260025,-0.7048404812812805,1.4232490062713623,-23.656814575195312,0.02696460485458374,0.6793336868286133,-1.3949404954910278,-45.85002517700195,-0.14906413853168488,0.9449264407157898,-1.3671609163284302,-7.600632667541504
1785122696.8953514,0.02316763810813427,-0.7768271565437317,1.4034746885299683,-63.80109786987305,0.04368971660733223,-0.7036182284355164,1.4141181707382202,-23.857723236083984,0.03412710130214691,0.6659311652183533,-1.3991973400115967,-45.79570388793945,-0.15078161656856537,0.9279093742370605,-1.3726115226745605,-7.729795455932617
1785122696.946378,0.024862125515937805,-0.839082658290863,1.3911502361297607,-63.65830993652344,0.037486523389816284,-0.6851708889007568,1.4090015888214111,-24.17288589477539,0.04043521732091904,0.6656211614608765,-1.3965110778808594,-45.612545013427734,-0.13917100429534912,0.9284967184066772,-1.3694182634353638,-7.981542110443115
1785122696.9982653,0.029810993000864983,-0.9013546109199524,1.3521589040756226,-63.43073654174805,0.02035718783736229,-0.6701176166534424,1.4134310483932495,-24.568727493286133,0.03826000168919563,0.677144467830658,-1.3906333446502686,-45.3331298828125,-0.11946311593055725,0.9432988166809082,-1.3595328330993652,-8.320173263549805
1785122697.0516026,0.03798678144812584,-0.9575952887535095,1.3115605115890503,-63.155208587646484,0.010216799564659595,-0.659946858882904,1.4178282022476196,-25.00122833251953,0.02357010915875435,0.6954180598258972,-1.383896827697754,-44.994625091552734,-0.09773558378219604,0.9574626684188843,-1.3472504615783691,-8.69462776184082
1785122697.10208,0.04288622364401817,-0.9855660200119019,1.2998844385147095,-62.99528884887695,0.014115434139966965,-0.6590897440910339,1.4183424711227417,-25.28534507751465,0.011574783362448215,0.7044851779937744,-1.3813445568084717,-44.776397705078125,-0.08353332430124283,0.9579273462295532,-1.3430572748184204,-8.93332290649414
1785122697.1550508,0.05183302238583565,-1.016571044921875,1.2890040874481201,-62.90434265136719,0.015965474769473076,-0.6653319001197815,1.4129501581192017,-25.565616607666016,0.004890694748610258,0.7024985551834106,-1.3826438188552856,-44.61484146118164,-0.07548858970403671,0.9475363492965698,-1.338446021080017,-9.160958290100098
1785122697.2070165,0.06429044902324677,-1.0441595315933228,1.29169762134552,-62.91617965698242,0.014096398837864399,-0.678249180316925,1.4045649766921997,-25.832101821899414,0.00885135680437088,0.6936026215553284,-1.3855280876159668,-44.55243682861328,-0.07437530905008316,0.9264838099479675,-1.3357168436050415,-9.368864059448242
1785122697.2657838,0.07560931146144867,-1.0543345212936401,1.299280047416687,-63.011383056640625,0.007127875462174416,-0.6900036334991455,1.3946136236190796,-26.048080444335938,0.016276229172945023,0.686895489692688,-1.3886046409606934,-44.58248519897461,-0.07782699167728424,0.9042242765426636,-1.3399182558059692,-9.53182315826416
1785122697.317342,0.09088100492954254,-1.0487593412399292,1.306698203086853,-63.17436599731445,-0.0007353631081059575,-0.69710773229599,1.3894176483154297,-26.262601852416992,0.01901066303253174,0.6859349608421326,-1.387980341911316,-44.674964904785156,-0.081608347594738,0.8814952969551086,-1.3501567840576172,-9.690901756286621
1785122697.3709438,0.10281693190336227,-1.0339388847351074,1.312624216079712,-63.34690856933594,-0.006804757285863161,-0.696132481098175,1.3893399238586426,-26.432212829589844,0.021790876984596252,0.6907859444618225,-1.3858236074447632,-44.77760696411133,-0.08880173414945602,0.8593071103096008,-1.362452745437622,-9.808947563171387
1785122697.4245074,0.10845977813005447,-1.0148506164550781,1.3221455812454224,-63.525516510009766,-0.004405192099511623,-0.6954586505889893,1.391476035118103,-26.53915023803711,0.02238534949719906,0.6944802403450012,-1.3852535486221313,-44.89518356323242,-0.0980081781744957,0.8394656181335449,-1.3741528987884521,-9.872462272644043
1785122697.4762745,0.1062183827161789,-0.9902810454368591,1.3302042484283447,-63.72227096557617,0.0006016102852299809,-0.7138292789459229,1.3942592144012451,-26.566972732543945,0.022903090342879295,0.693199634552002,-1.3866937160491943,-45.02665328979492,-0.10880959779024124,0.8103576302528381,-1.3865622282028198,-9.85020637512207
1785122697.5309794,0.09615665674209595,-0.9647220373153687,1.3301498889923096,-63.880741119384766,-0.002127388957887888,-0.7422212958335876,1.4075034856796265,-26.53847312927246,0.026615476235747337,0.6908868551254272,-1.3886839151382446,-45.1207275390625,-0.1150396391749382,0.7818743586540222,-1.393829107284546,-9.775199890136719
1785122697.581173,0.083308145403862,-0.9393377900123596,1.3269885778427124,-64.00732421875,-0.009639302268624306,-0.7637096047401428,1.423170804977417,-26.48940658569336,0.028708739206194878,0.6921311020851135,-1.389148473739624,-45.191383361816406,-0.11259029060602188,0.7607082724571228,-1.3986560106277466,-9.684934616088867
1785122697.6322393,0.07055871188640594,-0.9117352366447449,1.330004334449768,-64.15463256835938,-0.017897043377161026,-0.78028404712677,1.4309961795806885,-26.41236114501953,0.025886477902531624,0.6959121227264404,-1.3891546726226807,-45.29232406616211,-0.09860692173242569,0.7417196035385132,-1.4039803743362427,-9.572050094604492
1785122697.6858888,0.054360974580049515,-0.8692781925201416,1.3457961082458496,-64.40240478515625,-0.028884463012218475,-0.8009337782859802,1.4297829866409302,-26.248559951782227,0.02015642635524273,0.7006943821907043,-1.3875961303710938,-45.49069595336914,-0.07880082726478577,0.7216894030570984,-1.420759677886963,-9.364582061767578
1785122697.7364736,0.04032415524125099,-0.8205941915512085,1.3679993152618408,-64.6744384765625,-0.038841310888528824,-0.8157979249954224,1.4254673719406128,-26.046689987182617,0.023645395413041115,0.7024701237678528,-1.3852206468582153,-45.726890563964844,-0.07263064384460449,0.7088431119918823,-1.4451824426651,-9.124214172363281
1785122697.7865906,0.02791292779147625,-0.7706590294837952,1.3902270793914795,-64.91131591796875,-0.04754485562443733,-0.8137106895446777,1.4266639947891235,-25.868927001953125,0.035640981048345566,0.7283056974411011,-1.4045436382293701,-45.916282653808594,-0.05832209810614586,0.7069064378738403,-1.4536356925964355,-8.907602310180664
1785122697.8418293,0.02393709123134613,-0.7077435851097107,1.4082077741622925,-65.11356353759766,-0.048012878745794296,-0.7917272448539734,1.4300308227539062,-25.708255767822266,0.05380445346236229,0.8026682734489441,-1.421674370765686,-46.07521438598633,-0.035773809999227524,0.7028147578239441,-1.4207191467285156,-8.710406303405762
1785122697.892001,0.022868461906909943,-0.6538044810295105,1.4156379699707031,-65.31690216064453,-0.045995648950338364,-0.7819187045097351,1.4246324300765991,-25.526039123535156,0.06215645372867584,0.8611425757408142,-1.4180057048797607,-46.24063491821289,-0.023528847843408585,0.690018892288208,-1.3992072343826294,-8.500519752502441
1785122697.946015,0.023148884996771812,-0.6382742524147034,1.4195863008499146,-65.60225677490234,-0.04217143356800079,-0.7956522107124329,1.4158376455307007,-25.26515769958496,0.06551093608140945,0.9211199879646301,-1.4051355123519897,-46.475440979003906,-0.017924990504980087,0.6717453002929688,-1.4005107879638672,-8.2094087600708
1785122697.99709,0.02011379972100258,-0.6561199426651001,1.4119576215744019,-65.89543914794922,-0.0409497432410717,-0.8188443779945374,1.4049272537231445,-24.999488830566406,0.06575928628444672,0.9615098237991333,-1.376341462135315,-46.71725082397461,-0.016702361404895782,0.65958172082901,-1.4086155891418457,-7.914331912994385
1785122698.0510912,0.01380007155239582,-0.6854861378669739,1.3932175636291504,-66.20806884765625,-0.0455813966691494,-0.8430759310722351,1.3937677145004272,-24.725421905517578,0.06410306692123413,0.9882780909538269,-1.3369747400283813,-46.965293884277344,-0.014832675457000732,0.6562331318855286,-1.41544508934021,-7.606016635894775
1785122698.105212,0.011807014234364033,-0.7076357007026672,1.3802484273910522,-66.4465560913086,-0.05570404976606369,-0.8582647442817688,1.3886291980743408,-24.527624130249023,0.0615299791097641,1.0017149448394775,-1.310875654220581,-47.138919830322266,-0.010563434101641178,0.6561715602874756,-1.4215025901794434,-7.3774847984313965
1785122698.1566694,0.015429357998073101,-0.7119002938270569,1.3779247999191284,-66.65619659423828,-0.07149358838796616,-0.866269588470459,1.3858402967453003,-24.365001678466797,0.05939987674355507,1.0098949670791626,-1.2984341382980347,-47.275245666503906,-0.0018209073459729552,0.6528369784355164,-1.4265576601028442,-7.180473327636719
1785122698.2068973,0.019791491329669952,-0.6994472146034241,1.3823626041412354,-66.79405975341797,-0.08882302045822144,-0.864530086517334,1.3849371671676636,-24.269960403442383,0.05875377729535103,1.011488437652588,-1.2993738651275635,-47.34789276123047,0.009882871061563492,0.6496010422706604,-1.4318231344223022,-7.053908824920654
1785122698.2609928,0.02338891662657261,-0.6837242841720581,1.3887091875076294,-66.90515899658203,-0.10872510820627213,-0.8561845421791077,1.3844853639602661,-24.205224990844727,0.05916227772831917,1.0058802366256714,-1.3038780689239502,-47.38962173461914,0.024494949728250504,0.650211751461029,-1.4353891611099243,-6.953125953674316
1785122698.312187,0.025031933560967445,-0.678895115852356,1.391521692276001,-66.99298095703125,-0.12579143047332764,-0.8483503460884094,1.3838127851486206,-24.159320831298828,0.05967795476317406,0.9955796599388123,-1.3060846328735352,-47.41570281982422,0.03724842891097069,0.6516890525817871,-1.4388399124145508,-6.8749284744262695
1785122698.3745105,0.024976598098874092,-0.6834514141082764,1.3911203145980835,-67.10604858398438,-0.137958824634552,-0.8434900641441345,1.3826746940612793,-24.09210205078125,0.05797387659549713,0.9829976558685303,-1.3026007413864136,-47.46061706542969,0.04728921875357628,0.6492620706558228,-1.4456939697265625,-6.774395942687988
1785122698.426822,0.018851008266210556,-0.6907919645309448,1.3909406661987305,-67.2739486694336,-0.12861700356006622,-0.8317542672157288,1.380950689315796,-23.971086502075195,0.05007566884160042,0.9766677618026733,-1.2939313650131226,-47.55243682861328,0.05109364911913872,0.6407963037490845,-1.4569361209869385,-6.623544692993164
1785122698.481105,0.01042564120143652,-0.6940839290618896,1.3896675109863281,-67.44480895996094,-0.11111950874328613,-0.8200263977050781,1.3928282260894775,-23.84185218811035,0.03705606609582901,0.9796807765960693,-1.2906781435012817,-47.65260314941406,0.0493883453309536,0.6335412263870239,-1.4673978090286255,-6.469557285308838
1785122698.531226,0.015065155923366547,-0.694054365158081,1.3852293491363525,-67.59288787841797,-0.11940845102071762,-0.8297141194343567,1.4138540029525757,-23.73582649230957,0.026369504630565643,0.9836943745613098,-1.292108416557312,-47.73603057861328,0.04870321601629257,0.6251996159553528,-1.4733375310897827,-6.338156223297119
1785122698.5861673,0.03399629518389702,-0.6912009716033936,1.382819414138794,-67.75746154785156,-0.14171668887138367,-0.8490095734596252,1.4216381311416626,-23.61964988708496,0.020065205171704292,0.9842606782913208,-1.2914901971817017,-47.829566955566406,0.05138411745429039,0.6085726618766785,-1.4750707149505615,-6.197704792022705
1785122698.6362572,0.04349401593208313,-0.6872081756591797,1.3843231201171875,-67.91744995117188,-0.15611445903778076,-0.8586424589157104,1.4098091125488281,-23.505399703979492,0.019748812541365623,0.982572615146637,-1.288349986076355,-47.92512893676758,0.055142585188150406,0.6005132794380188,-1.4749622344970703,-6.059935092926025
1785122698.692239,0.03834011033177376,-0.6846088767051697,1.387632966041565,-68.08255004882812,-0.16473974287509918,-0.8626662492752075,1.3942991495132446,-23.391271591186523,0.027714096009731293,0.9793030619621277,-1.2854061126708984,-48.01993942260742,0.06377656012773514,0.6074361205101013,-1.4752997159957886,-5.919454574584961
1785122698.745879,0.024677829816937447,-0.685265839099884,1.3908520936965942,-68.23686218261719,-0.1609109342098236,-0.858531653881073,1.381856083869934,-23.285903930664062,0.03804783895611763,0.9775186777114868,-1.2829946279525757,-48.103633880615234,0.07299526035785675,0.6165395379066467,-1.472909927368164,-5.7890448570251465
1785122698.796072,0.008920621126890182,-0.6875766515731812,1.3957195281982422,-68.39228057861328,-0.12398748844861984,-0.8252406120300293,1.3706892728805542,-23.16376304626465,0.03999517485499382,0.9829769730567932,-1.282850980758667,-48.194419860839844,0.07440908253192902,0.6252058148384094,-1.4688469171524048,-5.65388298034668
1785122698.8465626,-0.010979780927300453,-0.690984308719635,1.4001884460449219,-68.54905700683594,-0.053928494453430176,-0.742908239364624,1.3740051984786987,-23.015260696411133,0.03131543844938278,1.002943515777588,-1.289128065109253,-48.28535079956055,0.06892690062522888,0.6349952816963196,-1.4618847370147705,-5.515388011932373
1785122698.9035656,-0.020616041496396065,-0.6965145468711853,1.3940339088439941,-68.68009185791016,5.873314876225777e-05,-0.6622700691223145,1.4192482233047485,-22.888992309570312,0.008900338783860207,1.0359911918640137,-1.3126118183135986,-48.34613800048828,0.05705846846103668,0.6452812552452087,-1.454331636428833,-5.396528244018555
1785122698.9561734,-0.04000371694564819,-0.7091226577758789,1.4192639589309692,-68.81336212158203,-0.012822753749787807,-0.7202503681182861,1.5002543926239014,-22.78835105895996,0.0021304532419890165,1.0317355394363403,-1.3214668035507202,-48.40578842163086,0.058885496109724045,0.6314740777015686,-1.4695385694503784,-5.2801008224487305
1785122699.0094783,-0.027535924687981606,-0.6930459141731262,1.390815258026123,-69.00818634033203,-0.022740039974451065,-0.7677293419837952,1.4755865335464478,-22.61829376220703,-0.00503286300227046,1.0099798440933228,-1.3067361116409302,-48.54108428955078,0.049664635211229324,0.589104413986206,-1.4818899631500244,-5.1069159507751465
1785122699.0609467,0.015340294688940048,-0.6884426474571228,1.3891148567199707,-69.30303192138672,-0.04466733708977699,-0.8145174980163574,1.421014666557312,-22.363386154174805,-0.016201497986912727,0.9877984523773193,-1.2882343530654907,-48.76231002807617,0.029157089069485664,0.5649099946022034,-1.4918179512023926,-4.844383716583252
1785122699.1116192,0.03252873569726944,-0.686517596244812,1.3895405530929565,-69.46504211425781,-0.07290267944335938,-0.8358712792396545,1.4073481559753418,-22.239301681518555,-0.01368787046521902,0.9674779772758484,-1.297063946723938,-48.86284637451172,0.03045634552836418,0.5812597274780273,-1.4871327877044678,-4.713497638702393
1785122699.162128,0.03109579160809517,-0.6851370334625244,1.388702630996704,-69.42152404785156,-0.10190949589014053,-0.8246871829032898,1.422305941581726,-22.314069747924805,0.0004362852778285742,0.9345042109489441,-1.3326882123947144,-48.77008819580078,0.048286404460668564,0.6152429580688477,-1.463171124458313,-4.778507709503174
1785122699.2129786,0.03049495629966259,-0.6836158037185669,1.389548897743225,-69.36077880859375,-0.12161809951066971,-0.8090499639511108,1.4298166036605835,-22.40452003479004,0.014992330223321915,0.9011672139167786,-1.3582987785339355,-48.669010162353516,0.05597629398107529,0.6466307640075684,-1.4429584741592407,-4.850274085998535
1785122699.2668383,0.03540172427892685,-0.6813067197799683,1.3916280269622803,-69.42959594726562,-0.13194984197616577,-0.8152962327003479,1.42118239402771,-22.381439208984375,0.027389518916606903,0.8771194219589233,-1.367973804473877,-48.685577392578125,0.04616914317011833,0.6640903949737549,-1.4350347518920898,-4.793447017669678
1785122699.3209445,0.03642159327864647,-0.6804644465446472,1.3920575380325317,-69.63920593261719,-0.1301664412021637,-0.849141538143158,1.4051135778427124,-22.222597122192383,0.034614816308021545,0.8768430948257446,-1.3613618612289429,-48.84358215332031,0.03172432258725166,0.6535913944244385,-1.4380077123641968,-4.5979204177856445
1785122699.3751812,0.03007052280008793,-0.6816304326057434,1.3912220001220703,-69.91324615478516,-0.12344315648078918,-0.891301691532135,1.3894089460372925,-22.001096725463867,0.04115767031908035,0.8919535875320435,-1.3476208448410034,-49.06895065307617,0.020587239414453506,0.6369076371192932,-1.4430700540542603,-4.33990478515625
1785122699.426395,0.019728010520339012,-0.6848568916320801,1.3899227380752563,-70.22781372070312,-0.11563067883253098,-0.9311143755912781,1.373237133026123,-21.748794555664062,0.04781212657690048,0.909561812877655,-1.3340492248535156,-49.33003234863281,0.01350634079426527,0.6280830502510071,-1.4409810304641724,-4.043045520782471
1785122699.4808428,0.015158046036958694,-0.6887951493263245,1.3887335062026978,-70.49392700195312,-0.10863222926855087,-0.9552707672119141,1.3615283966064453,-21.546947479248047,0.045828670263290405,0.9029505848884583,-1.3344272375106812,-49.54533767700195,0.011494268663227558,0.638729989528656,-1.4328434467315674,-3.792429208755493
1785122699.531285,0.017183532938361168,-0.6887246370315552,1.3886919021606445,-70.68344116210938,-0.10343123227357864,-0.9634104371070862,1.3567863702774048,-21.416528701782227,0.04176655784249306,0.8893628120422363,-1.3450887203216553,-49.68827438354492,0.010840542614459991,0.6582116484642029,-1.4190346002578735,-3.6128756999969482
1785122699.581305,0.022728033363819122,-0.6843618750572205,1.3894565105438232,-70.84750366210938,-0.09814338386058807,-0.9619839191436768,1.3538503646850586,-21.311296463012695,0.04902825504541397,0.8966714143753052,-1.3577854633331299,-49.7982177734375,0.004419535864144564,0.6798204183578491,-1.401344656944275,-3.4532997608184814
1785122699.6318827,0.027099864557385445,-0.6810036897659302,1.3898404836654663,-70.99345397949219,-0.09294496476650238,-0.9561761021614075,1.3484532833099365,-21.21782112121582,0.06515460461378098,0.9171326756477356,-1.3615339994430542,-49.89617156982422,-0.011563967913389206,0.694778323173523,-1.3865103721618652,-3.3074560165405273
1785122699.6819072,0.028026815503835678,-0.6775465607643127,1.4025826454162598,-71.15996551513672,-0.08368217945098877,-0.9497241377830505,1.3408397436141968,-21.103801727294922,0.08691611140966415,0.9388118982315063,-1.3588050603866577,-50.012939453125,-0.028028035536408424,0.7009288668632507,-1.381326675415039,-3.135181188583374
1785122699.7368052,0.01851588301360607,-0.6676198244094849,1.4097875356674194,-71.32830810546875,-0.07650968432426453,-0.939125120639801,1.3313959836959839,-20.991167068481445,0.1105666309595108,0.9536627531051636,-1.353556752204895,-50.12472915649414,-0.0331311859190464,0.6929060220718384,-1.383662223815918,-2.9605157375335693
1785122699.7919464,0.003314760746434331,-0.6621005535125732,1.4188886880874634,-71.44977569580078,-0.07015559822320938,-0.9139946103096008,1.333395004272461,-20.914283752441406,0.12865787744522095,0.9596893191337585,-1.3511654138565063,-50.19151306152344,-0.03020056150853634,0.6836268305778503,-1.3881086111068726,-2.8298606872558594
1785122699.846184,-0.015923725441098213,-0.6618595719337463,1.428666591644287,-71.52801513671875,-0.05434393882751465,-0.8618357181549072,1.3464559316635132,-20.866151809692383,0.14102987945079803,0.9598513245582581,-1.3531968593597412,-50.21786880493164,-0.02533477544784546,0.6810540556907654,-1.3915852308273315,-2.7445201873779297
1785122699.8963606,-0.03653395175933838,-0.6678774356842041,1.436134696006775,-71.59309387207031,-0.03296966850757599,-0.7944684624671936,1.368849277496338,-20.821857452392578,0.15062925219535828,0.9569496512413025,-1.3613836765289307,-50.23001480102539,-0.022677941247820854,0.6802289485931396,-1.3942667245864868,-2.672757387161255
1785122699.9463913,-0.04928883910179138,-0.66968834400177,1.4368255138397217,-71.6766586303711,-0.021219978109002113,-0.767434298992157,1.385315179824829,-20.757673263549805,0.1559828668832779,0.9528688788414001,-1.3701671361923218,-50.26664733886719,-0.025191200897097588,0.674935519695282,-1.3967266082763672,-2.581509828567505
1785122699.9974513,-0.049282219260931015,-0.6649359464645386,1.4289319515228271,-71.83887481689453,-0.022087914869189262,-0.8026325702667236,1.3865512609481812,-20.62550163269043,0.15627332031726837,0.9485509395599365,-1.372936487197876,-50.375640869140625,-0.03236158564686775,0.6674416661262512,-1.3974164724349976,-2.4108452796936035
1785122700.0509443,-0.03493324667215347,-0.6603654623031616,1.4239023923873901,-72.11567687988281,-0.027810759842395782,-0.8622927665710449,1.3659636974334717,-20.384485244750977,0.1462201625108719,0.9531693458557129,-1.3637033700942993,-50.59735870361328,-0.040285300463438034,0.6688722372055054,-1.3941357135772705,-2.1261937618255615
1785122700.1009634,-0.021627632901072502,-0.6609956622123718,1.4212965965270996,-72.40862274169922,-0.03587513044476509,-0.9129180312156677,1.3364108800888062,-20.130672454833984,0.13201843202114105,0.9601878523826599,-1.3517402410507202,-50.840999603271484,-0.03830425441265106,0.6796218156814575,-1.3891570568084717,-1.8262403011322021
1785122700.1562533,-0.01942855305969715,-0.6653032302856445,1.419195532798767,-72.77062225341797,-0.03755040466785431,-0.9387661218643188,1.3179724216461182,-19.819974899291992,0.1108914390206337,0.9654468297958374,-1.3414270877838135,-51.1388053894043,-0.024916019290685654,0.6974074244499207,-1.3836532831192017,-1.4549201726913452
1785122700.2112079,-0.026248380541801453,-0.6735126376152039,1.412861704826355,-73.03941345214844,-0.03299501910805702,-0.9402726292610168,1.3223639726638794,-19.612199783325195,0.09309575706720352,0.9600198864936829,-1.342880368232727,-51.34735107421875,-0.013988572172820568,0.7003611326217651,-1.38382887840271,-1.1870052814483643
1785122700.2617507,-0.023849768564105034,-0.6835179328918457,1.4032548666000366,-73.27427673339844,-0.03794262185692787,-0.9597621560096741,1.323943853378296,-19.488855361938477,0.08061396330595016,0.9482268691062927,-1.3438031673431396,-51.525577545166016,-0.011761008761823177,0.6920621395111084,-1.387251377105713,-0.9982567429542542
1785122700.3123665,-0.015075771138072014,-0.6932072043418884,1.3955411911010742,-73.4742202758789,-0.05179367586970329,-0.9971168637275696,1.314432978630066,-19.36066246032715,0.0743618831038475,0.9285175800323486,-1.343056321144104,-51.66915512084961,-0.013932953588664532,0.6856788992881775,-1.3886796236038208,-0.8014939427375793
1785122700.3673534,-0.005232152063399553,-0.6974433660507202,1.3900893926620483,-73.6598892211914,-0.06870605796575546,-1.0332752466201782,1.3086442947387695,-19.25016212463379,0.07165934145450592,0.9039564728736877,-1.3451255559921265,-51.796226501464844,-0.017804410308599472,0.6877163052558899,-1.3917678594589233,-0.6203969717025757
1785122700.4227958,-0.0010395587887614965,-0.6950768828392029,1.3903870582580566,-73.79713439941406,-0.08627548813819885,-1.0543854236602783,1.305201530456543,-19.188203811645508,0.06262855231761932,0.8602671027183533,-1.3514888286590576,-51.887977600097656,-0.014692150056362152,0.6855034828186035,-1.3902901411056519,-0.4869920313358307
1785122700.4768639,-0.0008064423454925418,-0.69815993309021,1.3935924768447876,-73.88461303710938,-0.09642215073108673,-1.0665055513381958,1.3072928190231323,-19.170377731323242,0.047064408659935,0.7916228771209717,-1.3692415952682495,-51.94816589355469,-0.00869050808250904,0.690989077091217,-1.391829252243042,-0.4043338894844055
1785122700.5273929,-0.005552207585424185,-0.7304966449737549,1.4000508785247803,-73.95109558105469,-0.09732955694198608,-1.073812484741211,1.3115326166152954,-19.153053283691406,0.030900055542588234,0.7169851660728455,-1.3881561756134033,-52.02302169799805,0.0013260507257655263,0.6921499371528625,-1.3977367877960205,-0.3238859474658966
1785122700.5809054,-0.001244732877239585,-0.7475654482841492,1.4249712228775024,-74.05268096923828,-0.0859464481472969,-1.069184422492981,1.3083932399749756,-19.082744598388672,0.02858329378068447,0.7017819881439209,-1.4110900163650513,-52.151702880859375,0.00961256679147482,0.6916499733924866,-1.396985650062561,-0.18212628364562988
1785122700.6313689,0.010881043039262295,-0.7347147464752197,1.454545259475708,-74.22216796875,-0.06795355677604675,-1.04960298538208,1.2910785675048828,-18.929800033569336,0.04729970172047615,0.7646740674972534,-1.4150631427764893,-52.34967041015625,-0.005112739745527506,0.6968517899513245,-1.3855921030044556,0.04175063595175743
1785122700.681479,0.013948208652436733,-0.6919848322868347,1.4526702165603638,-74.44457244873047,-0.05130207911133766,-1.0228253602981567,1.278651237487793,-18.743925094604492,0.06889745593070984,0.8260197043418884,-1.3910598754882812,-52.57267379760742,-0.02681664191186428,0.7062792778015137,-1.3792494535446167,0.2987760007381439
1785122700.73837,-0.0003676949709188193,-0.6668362021446228,1.4432815313339233,-74.60030364990234,-0.04621422290802002,-0.9864935874938965,1.2941209077835083,-18.621089935302734,0.09130337089300156,0.8738972544670105,-1.3742166757583618,-52.71822738647461,-0.033117569983005524,0.7051539421081543,-1.3799177408218384,0.4911787807941437
1785122700.7924104,-0.021202754229307175,-0.6361951231956482,1.4323502779006958,-74.67105865478516,-0.05275248363614082,-0.9448299407958984,1.3267109394073486,-18.59566307067871,0.11216245591640472,0.9043750762939453,-1.3761099576950073,-52.74776077270508,-0.023568835109472275,0.6907076835632324,-1.3864535093307495,0.5765250325202942
1785122700.8463976,-0.02517934888601303,-0.6342712640762329,1.4341875314712524,-74.71778106689453,-0.061738643795251846,-0.900166928768158,1.3490394353866577,-18.58652114868164,0.1295366883277893,0.9247725605964661,-1.3759713172912598,-52.74808883666992,-0.01802186295390129,0.6748155951499939,-1.393710732460022,0.6375608444213867
1785122700.9016545,-0.022199783474206924,-0.641645610332489,1.4318015575408936,-74.78841400146484,-0.06875477731227875,-0.8581655621528625,1.362600564956665,-18.577472686767578,0.14410969614982605,0.939639687538147,-1.3665622472763062,-52.76859664916992,-0.020495174452662468,0.6703530550003052,-1.3969136476516724,0.6908701062202454
1785122700.952154,-0.017089810222387314,-0.6522562503814697,1.4248652458190918,-74.90245819091797,-0.07246280461549759,-0.8337194919586182,1.3683412075042725,-18.52994728088379,0.154074564576149,0.9553453326225281,-1.356534481048584,-52.8316650390625,-0.025833936408162117,0.6733822822570801,-1.3961546421051025,0.7758268117904663
1785122701.006708,-0.010885901749134064,-0.664802610874176,1.4166524410247803,-75.09188079833984,-0.07464006543159485,-0.8286844491958618,1.3698750734329224,-18.415386199951172,0.159425750374794,0.9778606295585632,-1.34632408618927,-52.959449768066406,-0.031391292810440063,0.67775559425354,-1.3933414220809937,0.9312926530838013
1785122701.0570924,-0.0044269985519349575,-0.6727638840675354,1.4057830572128296,-75.30328369140625,-0.07598844915628433,-0.8405206799507141,1.3656182289123535,-18.27009391784668,0.15855847299098969,0.9990826845169067,-1.3353164196014404,-53.1143684387207,-0.03374006971716881,0.6794408559799194,-1.3917043209075928,1.1127684116363525
1785122701.1110325,0.003378425259143114,-0.6820948719978333,1.3985041379928589,-75.59447479248047,-0.08059211075305939,-0.8704307675361633,1.352948784828186,-18.026962280273438,0.15007394552230835,1.0231939554214478,-1.318217158317566,-53.334381103515625,-0.03342103213071823,0.6804342269897461,-1.3903369903564453,1.4067652225494385
1785122701.1611218,0.009467032738029957,-0.687585711479187,1.392615795135498,-75.85165405273438,-0.08718724548816681,-0.8990507125854492,1.3399933576583862,-17.814416885375977,0.13949277997016907,1.039440631866455,-1.301292061805725,-53.52934646606445,-0.029127664864063263,0.6825636625289917,-1.3897629976272583,1.665790319442749
1785122701.2115588,0.016547100618481636,-0.6931425929069519,1.3855139017105103,-76.13016510009766,-0.09761487692594528,-0.9298273921012878,1.326032042503357,-17.592866897583008,0.126255065202713,1.0521272420883179,-1.285356044769287,-53.735713958740234,-0.022021066397428513,0.6857485175132751,-1.3890141248703003,1.9442814588546753
1785122701.2623768,0.022099005058407784,-0.6965333223342896,1.382696509361267,-76.34766387939453,-0.10825424641370773,-0.9532870054244995,1.317590594291687,-17.43050193786621,0.11591602116823196,1.0569576025009155,-1.2772865295410156,-53.8885383605957,-0.016243664547801018,0.6890120506286621,-1.3955098390579224,2.1593892574310303
1785122701.31769,0.021397661417722702,-0.694082498550415,1.3838683366775513,-76.55562591552734,-0.12456771731376648,-0.9697146415710449,1.3161405324935913,-17.291719436645508,0.10653652995824814,1.0480198860168457,-1.266065239906311,-54.01825714111328,-0.009491180069744587,0.6733846068382263,-1.4181482791900635,2.3592722415924072
1785122701.3690112,0.0191506315022707,-0.6907681822776794,1.3851271867752075,-76.6479721069336,-0.13947570323944092,-0.9693134427070618,1.321873664855957,-17.255191802978516,0.10357003659009933,1.0296635627746582,-1.2686370611190796,-54.047515869140625,0.004596984013915062,0.6666156053543091,-1.4174455404281616,2.448720693588257
1785122701.421342,0.019675280898809433,-0.6881161332130432,1.3875820636749268,-76.71051788330078,-0.15836891531944275,-0.9579968452453613,1.3246660232543945,-17.26076889038086,0.10226892679929733,1.0017242431640625,-1.2832897901535034,-54.0369758605957,0.02341824397444725,0.6662338376045227,-1.4163419008255005,2.505432367324829
1785122701.4715714,0.022169752046465874,-0.6851992607116699,1.3901463747024536,-76.76117706298828,-0.1727246195077896,-0.9469135403633118,1.3254544734954834,-17.271747589111328,0.1010950580239296,0.9787866473197937,-1.2929513454437256,-54.03093338012695,0.03435361385345459,0.668409526348114,-1.418363332748413,2.5456321239471436
1785122701.5273128,0.02489813044667244,-0.6822604537010193,1.3921589851379395,-76.85641479492188,-0.18933941423892975,-0.9308245778083801,1.3321304321289062,-17.323171615600586,0.09645741432905197,0.9565222859382629,-1.2979966402053833,-54.05804443359375,0.04533206671476364,0.6768579483032227,-1.4230636358261108,2.556520938873291
1785122701.5815542,0.02820022776722908,-0.6826038360595703,1.3920226097106934,-77.00662994384766,-0.20165173709392548,-0.9213510155677795,1.3374003171920776,-17.354127883911133,0.08890833705663681,0.9452773332595825,-1.295386552810669,-54.14745330810547,0.04986462742090225,0.6824503540992737,-1.4348002672195435,2.5824785232543945
1785122701.63174,0.032419633120298386,-0.6853357553482056,1.3911058902740479,-77.26001739501953,-0.20850664377212524,-0.9215431809425354,1.3426520824432373,-17.344133377075195,0.06921602785587311,0.9157623052597046,-1.301693320274353,-54.35265350341797,0.05392437055706978,0.6809527277946472,-1.4512790441513062,2.6490631103515625
1785122701.6861973,0.03537572920322418,-0.6853103637695312,1.3912843465805054,-77.57039642333984,-0.20871050655841827,-0.9307425618171692,1.3552736043930054,-17.2972354888916,0.042497288435697556,0.8522335886955261,-1.3283730745315552,-54.62950897216797,0.06120258942246437,0.6717691421508789,-1.46046781539917,2.7507224082946777
1785122701.7416985,0.034955915063619614,-0.6787611246109009,1.3938130140304565,-77.97000122070312,-0.20348943769931793,-0.9480660557746887,1.3737825155258179,-17.189115524291992,0.018014926463365555,0.7652924656867981,-1.36472487449646,-55.00788116455078,0.06625866144895554,0.6516771912574768,-1.458777904510498,2.9145171642303467
1785122701.795389,0.0323822908103466,-0.6715576648712158,1.3970704078674316,-78.34100341796875,-0.19630183279514313,-0.9686335325241089,1.3830640316009521,-17.01419448852539,0.006579491309821606,0.6911000609397888,-1.3898571729660034,-55.378746032714844,0.06055446341633797,0.6342354416847229,-1.458804965019226,3.134826421737671
1785122701.8460562,0.03609250485897064,-0.657896101474762,1.4000097513198853,-78.87377166748047,-0.17515692114830017,-0.9936678409576416,1.3872089385986328,-16.688413619995117,0.005004795268177986,0.7024741768836975,-1.4075835943222046,-55.88351058959961,0.04296514019370079,0.6266290545463562,-1.4484164714813232,3.5152125358581543
1785122701.8972304,0.042843203991651535,-0.6554673314094543,1.3970870971679688,-79.40459442138672,-0.1435612589120865,-1.00687837600708,1.3693995475769043,-16.327350616455078,0.006168940104544163,0.8117861747741699,-1.3781239986419678,-56.36563491821289,0.025257349014282227,0.6412078738212585,-1.428316593170166,3.927619218826294
1785122701.9527783,0.03359762206673622,-0.6811625957489014,1.3878490924835205,-80.05297088623047,-0.10085253417491913,-1.0099096298217773,1.3211326599121094,-15.84984302520752,0.02148204669356346,0.9388988614082336,-1.3161358833312988,-56.952117919921875,0.009085115976631641,0.6755080819129944,-1.4050443172454834,4.473297595977783
1785122702.0071023,0.02327406220138073,-0.69173264503479,1.4174073934555054,-80.54650115966797,-0.0644022673368454,-0.991773784160614,1.2840324640274048,-15.500207901000977,0.04883524775505066,1.0275992155075073,-1.2757686376571655,-57.383541107177734,0.005109864287078381,0.7010046243667603,-1.3928983211517334,4.891607761383057
1785122702.0578291,0.006990704219788313,-0.6681283116340637,1.423232078552246,-80.78842163085938,-0.042045142501592636,-0.9169818758964539,1.3033647537231445,-15.367074966430664,0.07360098510980606,1.0827566385269165,-1.2809438705444336,-57.56814956665039,0.007869299501180649,0.7094526290893555,-1.3870813846588135,5.069846153259277
1785122702.1114936,-0.01394658349454403,-0.653247594833374,1.4206006526947021,-80.84427642822266,-0.0290085356682539,-0.7416571378707886,1.3644777536392212,-15.397923469543457,0.10058390349149704,1.12300443649292,-1.3211805820465088,-57.570823669433594,0.021526802331209183,0.7250165939331055,-1.3829233646392822,5.061152935028076
1785122702.1670146,-0.025115791708230972,-0.6623980402946472,1.4169343709945679,-80.86563873291016,-0.0334073081612587,-0.608626663684845,1.4157167673110962,-15.462578773498535,0.11613668501377106,1.1400690078735352,-1.3478727340698242,-57.54144287109375,0.039436303079128265,0.7450301647186279,-1.3850353956222534,5.021391868591309
1785122702.221678,-0.02034851349890232,-0.6755719780921936,1.4124144315719604,-81.08372497558594,-0.03465725854039192,-0.6190428733825684,1.4146257638931274,-15.344459533691406,0.10529246926307678,1.142505168914795,-1.3218778371810913,-57.70371627807617,0.03244124352931976,0.7300644516944885,-1.4095268249511719,5.148245334625244
1785122702.2717836,-0.013889227993786335,-0.6851432919502258,1.408332347869873,-81.46146392822266,-0.031241530552506447,-0.6908594965934753,1.3908318281173706,-15.056440353393555,0.08335709571838379,1.1386734247207642,-1.2647322416305542,-58.01786804199219,0.013020790182054043,0.6752138733863831,-1.4483035802841187,5.432438373565674
1785122702.3269017,-0.020675992593169212,-0.689838171005249,1.4020917415618896,-81.86062622070312,-0.04103721305727959,-0.7594115138053894,1.4074217081069946,-14.820996284484863,0.06365076452493668,1.1352068185806274,-1.228881597518921,-58.34484100341797,0.005477793514728546,0.627331554889679,-1.483905553817749,5.670706748962402
1785122702.3816,-0.007017667405307293,-0.6944633722305298,1.3834916353225708,-82.18101501464844,-0.0754132941365242,-0.8144297003746033,1.435514211654663,-14.766312599182129,0.04846930503845215,1.1181546449661255,-1.2347595691680908,-58.584251403808594,0.013941696844995022,0.59610915184021,-1.5046159029006958,5.7370429039001465
1785122702.4316773,0.021578798070549965,-0.697420597076416,1.3800309896469116,-82.35850524902344,-0.1060776561498642,-0.8109976649284363,1.4282411336898804,-14.865314483642578,0.04137316718697548,1.087800145149231,-1.2469578981399536,-58.69746398925781,0.030077064409852028,0.5877624154090881,-1.4935628175735474,5.644097328186035
1785122702.4859583,0.039966288954019547,-0.6929178833961487,1.3844857215881348,-82.52580261230469,-0.13594909012317657,-0.779296338558197,1.4128259420394897,-15.090741157531738,0.03988698869943619,1.0413953065872192,-1.2662543058395386,-58.78937530517578,0.056311286985874176,0.6013841032981873,-1.472722053527832,5.4213547706604
1785122702.5362368,0.029430052265524864,-0.6882355809211731,1.3948525190353394,-82.65380096435547,-0.11396460980176926,-0.7283926010131836,1.39223313331604,-15.32016658782959,0.03940577432513237,1.0090755224227905,-1.2868320941925049,-58.85958480834961,0.0739288330078125,0.6294059157371521,-1.4616228342056274,5.18544340133667
1785122702.5866728,-0.003974705468863249,-0.6872197389602661,1.4013229608535767,-82.83637237548828,-0.05438297986984253,-0.6800462603569031,1.3966070413589478,-15.567294120788574,0.024377986788749695,0.9893985986709595,-1.3095859289169312,-58.98033142089844,0.0749739333987236,0.6610583662986755,-1.4559468030929565,4.932001113891602
1785122702.64166,-0.022431984543800354,-0.6929788589477539,1.3987702131271362,-83.06714630126953,0.0011946880258619785,-0.6627594828605652,1.4066557884216309,-15.779818534851074,-0.001975290011614561,0.9817061424255371,-1.3278783559799194,-59.15133285522461,0.06060880422592163,0.6832066178321838,-1.452315092086792,4.717056751251221
1785122702.6929803,-0.04082287475466728,-0.7121276259422302,1.4035396575927734,-83.33734130859375,-0.020822674036026,-0.7181584239006042,1.5043312311172485,-15.97395133972168,-0.019560160115361214,0.9612115621566772,-1.3395103216171265,-59.356101989746094,0.05256292596459389,0.6822320222854614,-1.4562656879425049,4.536412715911865
1785122702.7466345,-0.0319189690053463,-0.7177598476409912,1.3812755346298218,-83.61471557617188,-0.03281005471944809,-0.7640734314918518,1.5070537328720093,-16.104475021362305,-0.02182406559586525,0.9229968786239624,-1.3409874439239502,-59.58086013793945,0.05382464453577995,0.6440024375915527,-1.4712334871292114,4.419128894805908
1785122702.7972527,0.013902299106121063,-0.7058191895484924,1.3823418617248535,-84.05692291259766,-0.04783365875482559,-0.8152316808700562,1.4496369361877441,-16.109107971191406,-0.03583171218633652,0.8973165154457092,-1.333924412727356,-59.96674346923828,0.03484208881855011,0.5858757495880127,-1.480664610862732,4.432371139526367
1785122702.8519776,0.04041051119565964,-0.6800814270973206,1.3919777870178223,-84.48914337158203,-0.06946924328804016,-0.8615516424179077,1.4122390747070312,-16.100305557250977,-0.036705490201711655,0.8798621892929077,-1.340753197669983,-60.34939193725586,0.02538718469440937,0.5801191926002502,-1.482564926147461,4.462409019470215
1785122702.906761,0.0321512334048748,-0.6664519309997559,1.3965346813201904,-84.66522216796875,-0.09304283559322357,-0.8590847849845886,1.4247570037841797,-16.372989654541016,-0.01841103285551071,0.8461071848869324,-1.3761348724365234,-60.489036560058594,0.040191665291786194,0.61725252866745,-1.458652377128601,4.207252502441406
1785122702.957091,0.025812262669205666,-0.6703639626502991,1.396385908126831,-84.7273941040039,-0.1072133332490921,-0.8262523412704468,1.4376106262207031,-16.77472496032715,0.0008681053295731544,0.80685955286026,-1.4092919826507568,-60.52547073364258,0.05054611712694168,0.6578254103660583,-1.4296170473098755,3.828679323196411
1785122703.0074844,0.032105594873428345,-0.6775212287902832,1.3944274187088013,-84.89148712158203,-0.1067715585231781,-0.8080471754074097,1.4356560707092285,-17.090688705444336,0.011771892197430134,0.7885715961456299,-1.4285155534744263,-60.662452697753906,0.04185721278190613,0.6833257079124451,-1.4145030975341797,3.543565511703491
1785122703.0614808,0.04056176915764809,-0.6807078123092651,1.3983851671218872,-85.20335388183594,-0.08993908762931824,-0.8227300643920898,1.429779052734375,-17.274799346923828,0.010680070146918297,0.7965052723884583,-1.4290519952774048,-60.940494537353516,0.01888059638440609,0.6841307282447815,-1.4110610485076904,3.402139902114868
1785122703.120212,0.05263645574450493,-0.6623766422271729,1.429281234741211,-85.69190216064453,-0.0630006417632103,-0.8614484071731567,1.3996000289916992,-17.279829025268555,0.01051604188978672,0.830840528011322,-1.4132946729660034,-61.39654541015625,-0.002461752388626337,0.6668509244918823,-1.4141650199890137,3.442321538925171
1785122703.1717353,0.0354081392288208,-0.6417438387870789,1.4224934577941895,-86.24564361572266,-0.044315651059150696,-0.8975906372070312,1.371677279472351,-17.259876251220703,0.01878885179758072,0.8694404363632202,-1.3970533609390259,-61.91303253173828,-0.010030761361122131,0.658993124961853,-1.412867546081543,3.5084071159362793
1785122703.222729,0.014056649059057236,-0.6502254605293274,1.4203084707260132,-86.62576293945312,-0.03490014374256134,-0.916915237903595,1.3673514127731323,-17.317211151123047,0.03233188018202782,0.8879258036613464,-1.3913947343826294,-62.2617073059082,-0.008762053214013577,0.666722297668457,-1.4034194946289062,3.492284059524536
1785122703.276675,0.0014231237582862377,-0.663989245891571,1.4199575185775757,-86.97449493408203,-0.029029566794633865,-0.9201328754425049,1.3661844730377197,-17.498977661132812,0.04904402792453766,0.8906345963478088,-1.3931552171707153,-62.57448959350586,-0.012297946959733963,0.6843101978302002,-1.3914297819137573,3.362255334854126
1785122703.4207265,-0.004437409806996584,-0.6767052412033081,1.417230486869812,-87.42158508300781,-0.025190385058522224,-0.905570387840271,1.357312560081482,-17.88595199584961,0.0735570415854454,0.8664857149124146,-1.4006344079971313,-62.95233154296875,-0.028279438614845276,0.6974126100540161,-1.383666753768921,3.0655317306518555
1785122703.4715168,-0.014002421870827675,-0.6850841641426086,1.4267897605895996,-87.94586944580078,-0.0258489940315485,-0.8962478637695312,1.3591036796569824,-18.315811157226562,0.09081694483757019,0.8473183512687683,-1.4030485153198242,-63.39656448364258,-0.030925458297133446,0.686680257320404,-1.388672113418579,2.733027696609497
1785122703.5309002,-0.01908426359295845,-0.6750226020812988,1.4334862232208252,-88.29965209960938,-0.027129491791129112,-0.898414134979248,1.354010820388794,-18.500715255737305,0.09417873620986938,0.8507710695266724,-1.401477336883545,-63.707881927490234,-0.02697647735476494,0.6829432845115662,-1.3910309076309204,2.6037650108337402
1785122703.5813713,-0.023616624996066093,-0.6572633981704712,1.4389640092849731,-88.68495178222656,-0.028588872402906418,-0.910334050655365,1.3453775644302368,-18.633575439453125,0.09568111598491669,0.8609766364097595,-1.398940086364746,-64.05339050292969,-0.02269640564918518,0.6843990683555603,-1.3904842138290405,2.5267341136932373
1785122703.63391,-0.025760844349861145,-0.6456407904624939,1.4432357549667358,-89.0262451171875,-0.029162801802158356,-0.9246460795402527,1.335901141166687,-18.73863983154297,0.09650105237960815,0.8676242232322693,-1.3963170051574707,-64.36022186279297,-0.02139078825712204,0.6873762607574463,-1.389388918876648,2.476693630218506
1785122703.688087,-0.029089678078889847,-0.6358679533004761,1.4447427988052368,-89.3873291015625,-0.029773304238915443,-0.9400691390037537,1.3294692039489746,-18.86674690246582,0.09817878901958466,0.872306227684021,-1.3951568603515625,-64.68729400634766,-0.021290704607963562,0.6899203658103943,-1.3872525691986084,2.407803773880005
1785122703.741885,-0.03368682414293289,-0.6438997387886047,1.441628098487854,-89.6475830078125,-0.030454352498054504,-0.943046510219574,1.3364430665969849,-19.12403106689453,0.10098624229431152,0.8590353727340698,-1.4010423421859741,-64.91368865966797,-0.022323831915855408,0.6898866295814514,-1.386735439300537,2.207282066345215
1785122703.791942,-0.03531550243496895,-0.6568950414657593,1.4355759620666504,-89.84158325195312,-0.02969292178750038,-0.9372484087944031,1.34241783618927,-19.418352127075195,0.10162949562072754,0.838768482208252,-1.4057543277740479,-65.07728576660156,-0.025817636400461197,0.6876797676086426,-1.387951135635376,1.9652270078659058
1785122703.8462188,-0.033550795167684555,-0.6760162711143494,1.432130217552185,-90.01744079589844,-0.026818692684173584,-0.9252862930297852,1.349561333656311,-19.784223556518555,0.09893155843019485,0.8133076429367065,-1.411561131477356,-65.21918487548828,-0.028544561937451363,0.6867102384567261,-1.3887414932250977,1.6542375087738037
1785122703.8978033,-0.02894381433725357,-0.7001509666442871,1.4308744668960571,-90.12195587158203,-0.022694263607263565,-0.9104683995246887,1.3560395240783691,-20.147037506103516,0.09209410846233368,0.7858702540397644,-1.4199140071868896,-65.29218292236328,-0.02866864949464798,0.6880328059196472,-1.3889979124069214,1.3397607803344727
1785122703.9504354,-0.020884480327367783,-0.7136433124542236,1.432818055152893,-90.25358581542969,-0.016368653625249863,-0.8985151052474976,1.358245849609375,-20.475210189819336,0.07996932417154312,0.769429624080658,-1.4258396625518799,-65.39237213134766,-0.027806349098682404,0.6909536719322205,-1.3885273933410645,1.061163067817688
1785122704.0021133,-0.011338315904140472,-0.7140378355979919,1.4359455108642578,-90.43637084960938,-0.009127759374678135,-0.8940016031265259,1.3583977222442627,-20.76459503173828,0.06255922466516495,0.7654604315757751,-1.4313462972640991,-65.54154968261719,-0.024820327758789062,0.6940618753433228,-1.3874553442001343,0.8271555304527283
1785122704.0560808,-0.0058123585768043995,-0.7129939198493958,1.4323545694351196,-90.57893371582031,-0.005518030840903521,-0.8788145184516907,1.3734982013702393,-21.13192367553711,0.042822595685720444,0.7592563033103943,-1.4361273050308228,-65.6522445678711,-0.02714495360851288,0.7076320648193359,-1.4001137018203735,0.5131247639656067
1785122704.1064515,-0.004071669187396765,-0.7017719149589539,1.4288347959518433,-90.72327423095703,-0.004531933460384607,-0.8662228584289551,1.3832576274871826,-21.38075828552246,0.027979683130979538,0.7524868249893188,-1.4195460081100464,-65.77207946777344,-0.039653047919273376,0.7262343168258667,-1.4206141233444214,0.3174242675304413
1785122704.1566427,-0.005526402033865452,-0.692456841468811,1.4260941743850708,-90.86420440673828,-0.005443413741886616,-0.8412909507751465,1.3963347673416138,-21.6634521484375,0.022473353892564774,0.7479982376098633,-1.4078662395477295,-65.8921127319336,-0.04233672469854355,0.7454649209976196,-1.417570948600769,0.08828744292259216
1785122704.2094457,-0.006512132007628679,-0.6944389939308167,1.424975037574768,-90.97955322265625,-0.005261145997792482,-0.8195955753326416,1.4007688760757446,-21.90096664428711,0.024530258029699326,0.7449250221252441,-1.4153356552124023,-65.98738861083984,-0.03760441392660141,0.7549017071723938,-1.4125163555145264,-0.09713590145111084
1785122704.2620099,-0.006947950925678015,-0.7129360437393188,1.427805781364441,-91.0129165649414,-0.004567376803606749,-0.7815273404121399,1.4083902835845947,-22.221538543701172,0.029509956017136574,0.7315188646316528,-1.4286086559295654,-66.00149536132812,-0.030373236164450645,0.7797443270683289,-1.4008692502975464,-0.3718737065792084
1785122704.31656,-0.0034911546390503645,-0.7474350333213806,1.4325401782989502,-90.99605560302734,-0.00016996724298223853,-0.7145808935165405,1.4115655422210693,-22.727352142333984,0.03320341557264328,0.7021176815032959,-1.442150592803955,-65.9599380493164,-0.02375119924545288,0.8256626725196838,-1.3843929767608643,-0.82715904712677
1785122704.3710268,0.004495893605053425,-0.7714640498161316,1.441805362701416,-91.0439224243164,0.006807946600019932,-0.6645530462265015,1.4095730781555176,-23.18635368347168,0.027802687138319016,0.6798259615898132,-1.4460448026657104,-65.98323822021484,-0.024664144963026047,0.8624674081802368,-1.3822154998779297,-1.2426013946533203
1785122704.4265416,0.013848645612597466,-0.778325080871582,1.4459000825881958,-91.18340301513672,0.00411595543846488,-0.657683253288269,1.4107105731964111,-23.55457878112793,0.01569419354200363,0.6655067801475525,-1.438123345375061,-66.1009750366211,-0.03085913322865963,0.8806027173995972,-1.3935269117355347,-1.5669970512390137
1785122704.4812648,0.020858298987150192,-0.7758153080940247,1.4418643712997437,-91.35834503173828,-0.0020287514198571444,-0.6681124567985535,1.4088388681411743,-23.842031478881836,0.005888005252927542,0.6557298898696899,-1.4270192384719849,-66.26016998291016,-0.03590897470712662,0.8836120963096619,-1.4022964239120483,-1.815076231956482
1785122704.5317702,0.02580571174621582,-0.7813662886619568,1.43631911277771,-91.51082611083984,-0.007393235340714455,-0.6732677221298218,1.4081107378005981,-24.154037475585938,0.0025590937584638596,0.6471442580223083,-1.4225232601165771,-66.39599609375,-0.03641846030950546,0.8864628672599792,-1.4020334482192993,-2.0875024795532227
1785122704.5818148,0.029589548707008362,-0.7974532246589661,1.4314388036727905,-91.60441589355469,-0.010510658845305443,-0.6709597110748291,1.4052002429962158,-24.463790893554688,0.00316501222550869,0.6455879807472229,-1.423664927482605,-66.47099304199219,-0.03379351273179054,0.8911194801330566,-1.3961811065673828,-2.3602662086486816
1785122704.63605,0.03530467301607132,-0.8337650895118713,1.418853521347046,-91.61997985839844,-0.012852145358920097,-0.6706381440162659,1.4020329713821411,-24.88359832763672,0.0025626863352954388,0.6461603045463562,-1.422694206237793,-66.45335388183594,-0.028190437704324722,0.8996434211730957,-1.3847988843917847,-2.7306602001190186
1785122704.6862652,0.04166296124458313,-0.8704345226287842,1.4013386964797974,-91.58637237548828,-0.014773590490221977,-0.6752091646194458,1.3976744413375854,-25.303621292114258,-0.0006621383945457637,0.6524830460548401,-1.41937255859375,-66.38687133789062,-0.024531856179237366,0.9104160666465759,-1.3712135553359985,-3.102780818939209
1785122704.742218,0.04995334893465042,-0.902841329574585,1.381820797920227,-91.56584930419922,-0.016241025179624557,-0.6828354597091675,1.3928725719451904,-25.719465255737305,-0.0030585401691496372,0.6628983616828918,-1.4136683940887451,-66.32115936279297,-0.024191318079829216,0.9163039326667786,-1.3627749681472778,-3.4668655395507812
1785122704.7971761,0.056304264813661575,-0.9284337162971497,1.366976022720337,-91.54364776611328,-0.016900770366191864,-0.686593234539032,1.3912993669509888,-26.014183044433594,-0.0005309610278345644,0.6707117557525635,-1.4073354005813599,-66.25128173828125,-0.028754839673638344,0.9112631678581238,-1.3610904216766357,-3.7146472930908203
1785122704.8559694,0.06191859766840935,-0.9454714059829712,1.361271619796753,-91.5760269165039,-0.015349971130490303,-0.6870629787445068,1.3907884359359741,-26.31290626525879,0.005469075404107571,0.678013801574707,-1.4004627466201782,-66.22984313964844,-0.03891156613826752,0.9039041996002197,-1.3606457710266113,-3.959165573120117
1785122704.9066083,0.06505952030420303,-0.9557093381881714,1.3558266162872314,-91.6266098022461,-0.012821744196116924,-0.6875920295715332,1.3903769254684448,-26.556564331054688,0.013782086782157421,0.6842541098594666,-1.3919196128845215,-66.21971130371094,-0.05315449461340904,0.8927491307258606,-1.3677968978881836,-4.150900840759277
1785122704.963952,0.06584009528160095,-0.9576427936553955,1.3534343242645264,-91.69662475585938,-0.009886703453958035,-0.6874829530715942,1.3918545246124268,-26.766244888305664,0.02030198834836483,0.6893513202667236,-1.3880101442337036,-66.24024200439453,-0.06575765460729599,0.8869873285293579,-1.3719046115875244,-4.317032337188721
1785122705.016587,0.06477442383766174,-0.9540833830833435,1.349953532218933,-91.80543518066406,-0.007078241556882858,-0.6824742555618286,1.3976554870605469,-27.06439208984375,0.02706805057823658,0.6921833753585815,-1.3854401111602783,-66.28805541992188,-0.0806155577301979,0.8885318636894226,-1.373060941696167,-4.562764644622803
1785122705.0707283,0.06402747333049774,-0.9481249451637268,1.3455088138580322,-91.90357208251953,-0.003824403043836355,-0.673229455947876,1.404926061630249,-27.338350296020508,0.028596803545951843,0.6905651688575745,-1.386073112487793,-66.33619689941406,-0.09117341786623001,0.896420955657959,-1.373002529144287,-4.795836925506592
1785122705.1210663,0.06362657994031906,-0.9411564469337463,1.3395687341690063,-92.01647186279297,0.0026249682996422052,-0.6601607799530029,1.4148768186569214,-27.67795181274414,0.025867415592074394,0.686839759349823,-1.3877347707748413,-66.3880844116211,-0.10294152051210403,0.9075765609741211,-1.3723318576812744,-5.087071418762207
1785122705.1717956,0.06358538568019867,-0.9367626309394836,1.3348606824874878,-92.10150146484375,0.009535341523587704,-0.6513194441795349,1.4223504066467285,-27.945043563842773,0.02294613979756832,0.6848766207695007,-1.3892227411270142,-66.42294311523438,-0.11214695125818253,0.9143584370613098,-1.3712968826293945,-5.315934658050537
1785122705.2221003,0.06266672909259796,-0.9365800023078918,1.3266217708587646,-92.16997528076172,0.01828642003238201,-0.6490059494972229,1.4312320947647095,-28.225784301757812,0.021050268784165382,0.6846705079078674,-1.3896591663360596,-66.42924499511719,-0.1241021677851677,0.9133554100990295,-1.3705339431762695,-5.55055046081543
1785122705.2753794,0.06124032288789749,-0.9382768869400024,1.3209588527679443,-92.2300796508789,0.02620605193078518,-0.6492713689804077,1.4385335445404053,-28.468578338623047,0.02224438451230526,0.6865642070770264,-1.3890531063079834,-66.43336486816406,-0.13494537770748138,0.9080438017845154,-1.367997646331787,-5.751748085021973
1785122705.3266795,0.058791231364011765,-0.9388987421989441,1.3167109489440918,-92.32520294189453,0.03369968384504318,-0.6444978713989258,1.4446165561676025,-28.763179779052734,0.025113612413406372,0.6873164772987366,-1.389100432395935,-66.4669418334961,-0.14526021480560303,0.9054614305496216,-1.3657764196395874,-6.001399040222168
1785122705.3813164,0.05420316383242607,-0.9369572401046753,1.3140531778335571,-92.41619110107422,0.03983596712350845,-0.6354249715805054,1.4488333463668823,-29.067209243774414,0.0267992801964283,0.6860639452934265,-1.3894145488739014,-66.50357818603516,-0.15284904837608337,0.9091535806655884,-1.3664659261703491,-6.266050815582275
1785122705.4313858,0.04415050148963928,-0.9228029251098633,1.317590594291687,-92.49322509765625,0.047016024589538574,-0.6270542144775391,1.4540190696716309,-29.386350631713867,0.02776956371963024,0.6846370100975037,-1.3896510601043701,-66.52969360351562,-0.15825839340686798,0.9156607389450073,-1.3703193664550781,-6.547250747680664
1785122705.483052,0.03473249822854996,-0.9058664441108704,1.3253920078277588,-92.56394958496094,0.052918415516614914,-0.621100127696991,1.4576480388641357,-29.690711975097656,0.028781523928046227,0.6828934550285339,-1.3900624513626099,-66.55559539794922,-0.16073453426361084,0.922140896320343,-1.3744391202926636,-6.817893028259277
1785122705.5373132,0.028361711651086807,-0.8970857858657837,1.3282040357589722,-92.65116882324219,0.052679043263196945,-0.616760790348053,1.4585880041122437,-30.111209869384766,0.030376294627785683,0.680063784122467,-1.391157627105713,-66.58740234375,-0.15990521013736725,0.930324912071228,-1.3748290538787842,-7.196516990661621
1785122705.5909963,0.024977609515190125,-0.892807126045227,1.3292495012283325,-92.69678497314453,0.04992331564426422,-0.6181288957595825,1.456788420677185,-30.47028923034668,0.030975164845585823,0.6795507073402405,-1.3914523124694824,-66.58973693847656,-0.15566851198673248,0.934237539768219,-1.373842716217041,-7.521938323974609
1785122705.642792,0.023006048053503036,-0.8920088410377502,1.3316400051116943,-92.73402404785156,0.047164708375930786,-0.624722421169281,1.4524370431900024,-30.909421920776367,0.029866984114050865,0.6814138293266296,-1.3907296657562256,-66.57321166992188,-0.14682537317276,0.9333282709121704,-1.3733100891113281,-7.919065475463867
1785122705.6937065,0.02422202192246914,-0.9016781449317932,1.3300836086273193,-92.76034545898438,0.044135913252830505,-0.6326808929443359,1.4466955661773682,-31.27837562561035,0.028110112994909286,0.6835847496986389,-1.3900480270385742,-66.5521240234375,-0.13718794286251068,0.9290480613708496,-1.3719652891159058,-8.252111434936523
1785122705.7484457,0.03151194751262665,-0.9350463151931763,1.3211350440979004,-92.81713104248047,0.03964022547006607,-0.645099937915802,1.436286211013794,-31.71830177307129,0.024944104254245758,0.6862106919288635,-1.3886756896972656,-66.54214477539062,-0.12425441294908524,0.9171608686447144,-1.369877576828003,-8.64667797088623
1785122705.8011527,0.04095296189188957,-0.9756646752357483,1.3059275150299072,-92.87256622314453,0.03460466489195824,-0.6540406346321106,1.4310507774353027,-32.15022659301758,0.021725289523601532,0.6902539134025574,-1.3870028257369995,-66.53395080566406,-0.11347028613090515,0.9077290892601013,-1.362367868423462,-9.035313606262207
1785122705.8519356,0.050572432577610016,-1.0141314268112183,1.2908265590667725,-92.92859649658203,0.03356856107711792,-0.6601182818412781,1.4250857830047607,-32.56223678588867,0.018111368641257286,0.6939278841018677,-1.3858598470687866,-66.52227020263672,-0.10545191913843155,0.8960416913032532,-1.3577181100845337,-9.404664993286133
1785122705.9023516,0.05739233270287514,-1.0426737070083618,1.2828792333602905,-93.01449584960938,0.03775234892964363,-0.6698964238166809,1.4189140796661377,-32.86722946166992,0.015498006716370583,0.6958495378494263,-1.3847973346710205,-66.54621124267578,-0.10240437835454941,0.8778305053710938,-1.3590977191925049,-9.67167854309082
1785122705.9569678,0.06195699796080589,-1.0709565877914429,1.2703468799591064,-93.11427307128906,0.041979167610406876,-0.6777353286743164,1.4177600145339966,-33.24464797973633,0.016430962830781937,0.6961867809295654,-1.384590744972229,-66.56651306152344,-0.1025012731552124,0.8588606715202332,-1.3575570583343506,-10.002309799194336
1785122706.0111947,0.06201532855629921,-1.0914565324783325,1.26217782497406,-93.23533630371094,0.048585038632154465,-0.677091121673584,1.4199572801589966,-33.63300323486328,0.017579354345798492,0.6957192420959473,-1.385355830192566,-66.60836029052734,-0.10628589987754822,0.8465049266815186,-1.357040286064148,-10.346824645996094
1785122706.066218,0.05720214545726776,-1.108133316040039,1.2521347999572754,-93.33041381835938,0.05516888573765755,-0.682401180267334,1.4292550086975098,-33.97614288330078,0.017230095341801643,0.6949646472930908,-1.3853145837783813,-66.62340545654297,-0.11661083996295929,0.8367303609848022,-1.3624006509780884,-10.644817352294922
1785122706.1162183,0.051636721938848495,-1.1164878606796265,1.2456365823745728,-93.42756652832031,0.061210259795188904,-0.6866843700408936,1.4407734870910645,-34.27461624145508,0.019420601427555084,0.6951866745948792,-1.385325312614441,-66.64852905273438,-0.12519343197345734,0.8288556337356567,-1.3655091524124146,-10.904727935791016
1785122706.1663637,0.04448029398918152,-1.1209417581558228,1.2413262128829956,-93.54084014892578,0.06715540587902069,-0.6901304125785828,1.446787714958191,-34.56529235839844,0.0171751007437706,0.6954365372657776,-1.3896290063858032,-66.68968200683594,-0.10403437167406082,0.7906516194343567,-1.3591128587722778,-11.174034118652344
1785122706.2165875,0.028812984004616737,-1.1300721168518066,1.253172755241394,-93.681884765625,0.06545805186033249,-0.6987830400466919,1.4474818706512451,-34.817012786865234,-0.00041774247074499726,0.6963837146759033,-1.393391728401184,-66.76899719238281,-0.0529247485101223,0.7135261297225952,-1.3778719902038574,-11.42084789276123
1785122706.2669904,0.014025525189936161,-1.1294689178466797,1.2764794826507568,-93.88191223144531,0.0679011344909668,-0.7143681645393372,1.453139066696167,-35.05280685424805,-0.03883063420653343,0.7092790603637695,-1.4106262922286987,-66.90228271484375,-0.0025628393050283194,0.6514952778816223,-1.407342791557312,-11.647028923034668
1785122706.3214781,0.009247634559869766,-1.0921521186828613,1.280669093132019,-94.11286926269531,0.07929878681898117,-0.7186554074287415,1.457621693611145,-35.25968551635742,-0.06683634966611862,0.7210373282432556,-1.398318886756897,-67.06314086914062,0.016029829159379005,0.6508110761642456,-1.412629246711731,-11.843622207641602
1785122706.371731,-0.006468776147812605,-1.0344313383102417,1.2748448848724365,-94.31725311279297,0.07338268309831619,-0.6863693594932556,1.4626835584640503,-35.504005432128906,-0.05522811412811279,0.7304660081863403,-1.3794416189193726,-67.18875122070312,-0.015583010390400887,0.7190506458282471,-1.4736872911453247,-12.074531555175781
1785122706.427152,-0.031602248549461365,-0.9815793037414551,1.284387469291687,-94.44512176513672,0.05295908823609352,-0.6166207194328308,1.4774335622787476,-35.83079147338867,0.005646683741360903,0.7226622700691223,-1.374348759651184,-67.24699401855469,-0.048464853316545486,0.7815464735031128,-1.448009967803955,-12.39069938659668
1785122706.4818125,-0.04700054973363876,-0.9302208423614502,1.3078125715255737,-94.54689025878906,0.04205682873725891,-0.5745747685432434,1.486080288887024,-36.2083740234375,0.052182234823703766,0.6904947757720947,-1.3842058181762695,-67.28593444824219,-0.08566415309906006,0.839911937713623,-1.4198976755142212,-12.752284049987793
1785122706.537024,-0.04104261472821236,-0.881904125213623,1.341244101524353,-94.76419830322266,0.05578085035085678,-0.585385262966156,1.4861915111541748,-36.430030822753906,0.05039734020829201,0.6659793853759766,-1.3927513360977173,-67.46073150634766,-0.118741475045681,0.8675738573074341,-1.42300283908844,-12.958582878112793
1785122706.591523,-0.02144661545753479,-0.8127716183662415,1.3770235776901245,-95.12657165527344,0.07694884389638901,-0.6118618249893188,1.470771074295044,-36.56343078613281,0.03261353448033333,0.6624611616134644,-1.3973757028579712,-67.79144287109375,-0.14748045802116394,0.8692147135734558,-1.429060459136963,-13.067710876464844
1785122706.642122,-0.007915855385363102,-0.7645020484924316,1.392549991607666,-95.39109802246094,0.0820225402712822,-0.6308949589729309,1.4609490633010864,-36.70122528076172,0.02640838921070099,0.6697648167610168,-1.3980412483215332,-68.03670501708984,-0.16182072460651398,0.8670103549957275,-1.4225107431411743,-13.177756309509277
1785122706.692397,-0.0012581925839185715,-0.7458860278129578,1.3973842859268188,-95.55180358886719,0.07234707474708557,-0.6404858827590942,1.4556478261947632,-36.98664093017578,0.030555788427591324,0.674676239490509,-1.3973332643508911,-68.17753601074219,-0.166274756193161,0.8812785744667053,-1.409442663192749,-13.423702239990234
1785122706.7459881,0.0011541572166606784,-0.7655925750732422,1.3913835287094116,-95.57746887207031,0.055533818900585175,-0.6395687460899353,1.4527621269226074,-37.41025161743164,0.037572767585515976,0.6735435724258423,-1.395843744277954,-68.18000793457031,-0.1591183990240097,0.9126601219177246,-1.3962069749832153,-13.804386138916016
1785122706.7966187,0.006052982062101364,-0.8124141693115234,1.3736562728881836,-95.4927978515625,0.038539160043001175,-0.6402252912521362,1.4440340995788574,-37.925472259521484,0.03883078694343567,0.6726779937744141,-1.394007682800293,-68.06208801269531,-0.1432655304670334,0.948157548904419,-1.3792394399642944,-14.272249221801758
1785122706.8516304,0.01698281615972519,-0.8658585548400879,1.3522980213165283,-95.38835144042969,0.025081966072320938,-0.6507052779197693,1.4284073114395142,-38.46628952026367,0.0319681242108345,0.6782225966453552,-1.3913652896881104,-67.9147720336914,-0.12273289263248444,0.9751467704772949,-1.3562763929367065,-14.759880065917969
1785122706.9070563,0.035935014486312866,-0.9210408926010132,1.3368290662765503,-95.3304443359375,0.01204435434192419,-0.6727617383003235,1.4072215557098389,-39.05859375,0.021184789016842842,0.6877245306968689,-1.3881522417068481,-67.80022430419922,-0.09740253537893295,0.9930614233016968,-1.329372763633728,-15.286795616149902
1785122706.9577324,0.05395101383328438,-0.9577403664588928,1.3266549110412598,-95.3351821899414,-0.0015714322216808796,-0.6912828683853149,1.3908789157867432,-39.50332260131836,0.013668070547282696,0.692931056022644,-1.3866928815841675,-67.7520523071289,-0.07821783423423767,0.9975537657737732,-1.31429922580719,-15.674812316894531
1785122707.0114312,0.08091946691274643,-0.9885823726654053,1.3243094682693481,-95.39559173583984,-0.019450226798653603,-0.7033383250236511,1.3815898895263672,-39.96318817138672,0.018158311024308205,0.6767754554748535,-1.4235001802444458,-67.75647735595703,-0.05940020829439163,0.9861001372337341,-1.2970916032791138,-16.064634323120117
1785122707.0652034,0.10515608638525009,-0.9923394918441772,1.33858060836792,-95.56310272216797,-0.026753230020403862,-0.7006214261054993,1.3797873258590698,-40.2381591796875,0.009866036474704742,0.6701385378837585,-1.4194777011871338,-67.87152862548828,-0.053870946168899536,0.9638473987579346,-1.2971850633621216,-16.284595489501953
1785122707.117163,0.13141776621341705,-0.9763515591621399,1.3486374616622925,-95.85333251953125,-0.030817911028862,-0.6912595629692078,1.383620262145996,-40.4135627746582,-0.01147698424756527,0.6757034659385681,-1.4057459831237793,-68.09996032714844,-0.058821603655815125,0.9240865111351013,-1.3299429416656494,-16.40195083618164
1785122707.1713798,0.14835385978221893,-0.9520106911659241,1.348832368850708,-96.14373779296875,-0.03183622658252716,-0.6792217493057251,1.3910183906555176,-40.545162200927734,-0.02262820489704609,0.688514232635498,-1.4002501964569092,-68.33187866210938,-0.06852609664201736,0.8869330286979675,-1.3574258089065552,-16.48766326904297
1785122707.2214181,0.1575775444507599,-0.9341241717338562,1.346588134765625,-96.38786315917969,-0.03093385137617588,-0.6707941293716431,1.3973634243011475,-40.740135192871094,-0.026413600891828537,0.6950058341026306,-1.4014602899551392,-68.5164794921875,-0.0778045505285263,0.8613954782485962,-1.3681098222732544,-16.63936996459961
1785122707.275476,0.16133525967597961,-0.929948091506958,1.3462960720062256,-96.53353881835938,-0.028617525473237038,-0.6700760722160339,1.3983765840530396,-40.9749641418457,-0.02823861688375473,0.6924622058868408,-1.4047927856445312,-68.61397552490234,-0.08122554421424866,0.857142984867096,-1.3669335842132568,-16.839677810668945
1785122707.3262417,0.1615280956029892,-0.9443910717964172,1.3447178602218628,-96.6208724975586,-0.027040984481573105,-0.6760699152946472,1.3954564332962036,-41.40229415893555,-0.026991527527570724,0.6742739677429199,-1.4161052703857422,-68.63807678222656,-0.07829860597848892,0.8719555139541626,-1.354071855545044,-17.21638298034668
1785122707.3770294,0.1591479331254959,-0.9633310437202454,1.3439193964004517,-96.63505554199219,-0.026630112901329994,-0.6826968193054199,1.3917365074157715,-41.76740264892578,-0.02462782897055149,0.6575407981872559,-1.427686333656311,-68.60884094238281,-0.06607405096292496,0.8784403204917908,-1.337382197380066,-17.547794342041016
1785122707.4314806,0.1526283323764801,-0.9922842979431152,1.3438026905059814,-96.6187515258789,-0.026471411809325218,-0.6898786425590515,1.3875763416290283,-42.30478286743164,-0.027402617037296295,0.6395055651664734,-1.4408944845199585,-68.53400421142578,-0.04197899252176285,0.8699076175689697,-1.3301184177398682,-18.039648056030273
1785122707.4828238,0.14564716815948486,-1.0094598531723022,1.344907283782959,-96.59263610839844,-0.025370407849550247,-0.6881134510040283,1.3876774311065674,-42.685882568359375,-0.03193368390202522,0.6355695724487305,-1.438301682472229,-68.4602279663086,-0.036046892404556274,0.8760076761245728,-1.3328777551651,-18.371889114379883
1785122707.5367618,0.1387137472629547,-1.0103299617767334,1.3389238119125366,-96.58635711669922,-0.02322249859571457,-0.6812998056411743,1.3890788555145264,-43.10691452026367,-0.02662484347820282,0.6519124507904053,-1.4215340614318848,-68.3926010131836,-0.04674237221479416,0.9169053435325623,-1.3275479078292847,-18.731508255004883
1785122707.6064775,0.13049930334091187,-0.9970500469207764,1.3294076919555664,-96.62415313720703,-0.025607870891690254,-0.6809684038162231,1.3889131546020508,-43.45726013183594,-0.01763404719531536,0.6743891835212708,-1.4055110216140747,-68.37710571289062,-0.05906592682003975,0.9480414390563965,-1.3185893297195435,-19.028467178344727
1785122707.6573224,0.11971253156661987,-0.9733667373657227,1.3212660551071167,-96.7186050415039,-0.027034752070903778,-0.6868833899497986,1.3872036933898926,-43.853153228759766,-0.006413037423044443,0.6940441727638245,-1.3938395977020264,-68.41143035888672,-0.07627182453870773,0.9798983335494995,-1.3082621097564697,-19.360301971435547
1785122707.7118087,0.10460017621517181,-0.9424675703048706,1.3210638761520386,-96.8539810180664,-0.022676706314086914,-0.694372296333313,1.3854541778564453,-44.26539611816406,0.004661152604967356,0.6995891332626343,-1.3885647058486938,-68.48332977294922,-0.09794116020202637,1.0105888843536377,-1.301252007484436,-19.699914932250977
1785122707.7659037,0.06969321519136429,-0.8748053908348083,1.3347605466842651,-96.99559783935547,-0.010917496867477894,-0.6962082386016846,1.388221025466919,-44.62276840209961,0.01594635471701622,0.6973998546600342,-1.3870782852172852,-68.57722473144531,-0.11721229553222656,1.0376629829406738,-1.3011311292648315,-19.983444213867188
1785122707.8175309,0.03190343827009201,-0.7691271305084229,1.3646278381347656,-97.13959503173828,0.0008488154271617532,-0.6951974630355835,1.3907742500305176,-44.93864822387695,0.02376296930015087,0.695310115814209,-1.3886668682098389,-68.70171356201172,-0.12856866419315338,1.0654159784317017,-1.3066740036010742,-20.231142044067383
1785122707.870944,0.01641693338751793,-0.6867229342460632,1.4063900709152222,-97.33502197265625,0.019078345969319344,-0.6961475014686584,1.4156547784805298,-45.24822998046875,0.014949890784919262,0.7054478526115417,-1.3937225341796875,-68.86178588867188,-0.13381712138652802,1.0882929563522339,-1.325832486152649,-20.47323226928711
1785122707.9211113,0.026492398232221603,-0.7081034779548645,1.428501009941101,-97.48593139648438,0.02576727606356144,-0.6856139302253723,1.4018914699554443,-45.55527877807617,0.011030402034521103,0.7003616690635681,-1.4100371599197388,-68.99256134033203,-0.13027232885360718,1.080744981765747,-1.3246591091156006,-20.715904235839844
1785122707.9712765,0.04200030118227005,-0.7527117133140564,1.4173305034637451,-97.52922058105469,0.0015928703360259533,-0.6879097819328308,1.3892635107040405,-45.97563552856445,0.0234087947756052,0.6584677696228027,-1.4269708395004272,-69.02332305908203,-0.11179462820291519,1.0639859437942505,-1.2999557256698608,-21.06522560119629
1785122708.0216444,0.06548839062452316,-0.8003572821617126,1.4040621519088745,-97.57020568847656,-0.023994851857423782,-0.6985203623771667,1.3823468685150146,-46.405235290527344,0.027670584619045258,0.6232203841209412,-1.440077304840088,-69.05026245117188,-0.09152165800333023,1.0469141006469727,-1.287495732307434,-21.426340103149414
1785122708.077553,0.09357695281505585,-0.8247137665748596,1.4113484621047974,-97.78594207763672,-0.03371134772896767,-0.6996909379959106,1.3802157640457153,-46.712860107421875,0.017798110842704773,0.6201701164245605,-1.4490008354187012,-69.24967956542969,-0.08009496331214905,1.0143401622772217,-1.3022891283035278,-21.66598892211914
1785122708.1313138,0.11751660704612732,-0.8259685039520264,1.4203877449035645,-98.11035919189453,-0.03121126815676689,-0.6908153891563416,1.3843542337417603,-46.915096282958984,0.00354251847602427,0.626858651638031,-1.451241374015808,-69.55592346191406,-0.07919234037399292,0.9648818969726562,-1.3221668004989624,-21.806255340576172
1785122708.1816392,0.13425451517105103,-0.8209288716316223,1.4186252355575562,-98.42333984375,-0.02647330053150654,-0.6835066676139832,1.3901268243789673,-47.08256149291992,-0.009479597210884094,0.6318565011024475,-1.4531114101409912,-69.84964752197266,-0.08031997829675674,0.9157099723815918,-1.3393075466156006,-21.923076629638672
1785122708.2365696,0.14665432274341583,-0.8229204416275024,1.41582453250885,-98.74783325195312,-0.023657288402318954,-0.6814408898353577,1.39430832862854,-47.2880973815918,-0.019829344004392624,0.6339318156242371,-1.465874195098877,-70.15087127685547,-0.06162912771105766,0.8408663272857666,-1.3519940376281738,-22.09282875061035
1785122708.287543,0.15202175080776215,-0.8374959230422974,1.4242544174194336,-98.99894714355469,-0.024885399267077446,-0.681620180606842,1.3958244323730469,-47.50076675415039,-0.029198169708251953,0.6320978999137878,-1.4841279983520508,-70.37757110595703,-0.03298073634505272,0.760934591293335,-1.3732738494873047,-22.284448623657227
1785122708.3422997,0.153192400932312,-0.8549192547798157,1.439949870109558,-99.19844818115234,-0.027569584548473358,-0.6756308674812317,1.3967341184616089,-47.751895904541016,-0.03511056303977966,0.6218557357788086,-1.486977458000183,-70.55215454101562,-0.01601419597864151,0.7213203310966492,-1.3938573598861694,-22.516277313232422
1785122708.3928697,0.14695970714092255,-0.8670834898948669,1.4479619264602661,-99.33821868896484,-0.03376511111855507,-0.6669256091117859,1.3964613676071167,-48.0653076171875,-0.033270612359046936,0.6056233644485474,-1.4714431762695312,-70.66778564453125,-0.014920548535883427,0.7514081001281738,-1.4099702835083008,-22.80678367614746
1785122708.4459016,0.12931594252586365,-0.8780333399772644,1.440552830696106,-99.39263916015625,-0.04158221185207367,-0.6654877662658691,1.394321084022522,-48.43840408325195,-0.020036961883306503,0.6085861325263977,-1.4541070461273193,-70.69078826904297,-0.016732249408960342,0.7975149154663086,-1.4099972248077393,-23.153095245361328
1785122708.4962223,0.10294259339570999,-0.886304497718811,1.4202345609664917,-99.38298797607422,-0.04137852415442467,-0.6728317141532898,1.3910599946975708,-48.861419677734375,-0.0024693706072866917,0.6338052749633789,-1.4324067831039429,-70.64508819580078,-0.024106498807668686,0.8489968776702881,-1.391680121421814,-23.5373592376709
1785122708.5471275,0.07244060933589935,-0.8936144113540649,1.391416072845459,-99.33714294433594,-0.03151716664433479,-0.6857781410217285,1.3897966146469116,-49.35847091674805,0.010580232366919518,0.6662366390228271,-1.4095115661621094,-70.55706024169922,-0.03709512576460838,0.9049578905105591,-1.3625301122665405,-23.98240852355957
1785122708.5982807,0.04647515341639519,-0.8976470232009888,1.3609869480133057,-99.30450439453125,-0.017743714153766632,-0.6876102685928345,1.3989816904067993,-49.821495056152344,0.015208273194730282,0.6893877983093262,-1.3949110507965088,-70.4833755493164,-0.05358973145484924,0.9525449275970459,-1.3410239219665527,-24.397884368896484
1785122708.6512756,0.02753332443535328,-0.8998590707778931,1.3384459018707275,-99.3052978515625,-0.004798746667802334,-0.6844810843467712,1.4065593481063843,-50.26103210449219,0.016618486493825912,0.6993755102157593,-1.38694167137146,-70.43946838378906,-0.07093039900064468,0.9935387372970581,-1.3298026323318481,-24.785505294799805
1785122708.7023087,0.01816886104643345,-0.8924430012702942,1.330783486366272,-99.40874481201172,-0.003421529894694686,-0.6791993975639343,1.42191481590271,-50.57127380371094,0.0190807543694973,0.697299599647522,-1.383651852607727,-70.49459075927734,-0.08871868252754211,1.0140382051467896,-1.342035174369812,-25.04376983642578
1785122708.7573698,0.020032979547977448,-0.8786584734916687,1.3418731689453125,-99.61473083496094,0.005137891508638859,-0.6710842251777649,1.4171733856201172,-50.84956359863281,0.027231184765696526,0.6896798014640808,-1.3852026462554932,-70.64897155761719,-0.10611478239297867,1.0114740133285522,-1.3473594188690186,-25.259916305541992
1785122708.811018,0.02720734477043152,-0.8632089495658875,1.3646531105041504,-99.86239624023438,0.018595285713672638,-0.6831812858581543,1.402994990348816,-51.005184173583984,0.03220319375395775,0.6811422109603882,-1.388674259185791,-70.85098266601562,-0.12148912250995636,0.9828563928604126,-1.3544892072677612,-25.352590560913086
1785122708.8614852,0.03538781777024269,-0.8475435376167297,1.3837236166000366,-100.12173461914062,0.02513059787452221,-0.7061265110969543,1.3933156728744507,-51.06907272338867,0.035288020968437195,0.6765276193618774,-1.3919835090637207,-71.07251739501953,-0.1296430230140686,0.9416124224662781,-1.3613637685775757,-25.35689353942871
1785122708.9174447,0.04224764555692673,-0.8460975885391235,1.3869044780731201,-100.31622314453125,0.026390517130494118,-0.721194326877594,1.3910573720932007,-51.205352783203125,0.03630724921822548,0.6762477159500122,-1.3942850828170776,-71.22270202636719,-0.1281961351633072,0.9057081341743469,-1.3631449937820435,-25.424055099487305
1785122708.9715722,0.04229922220110893,-0.8640984296798706,1.3775131702423096,-100.39906311035156,0.02582959271967411,-0.7133593559265137,1.3974391222000122,-51.482723236083984,0.03015943244099617,0.6801573634147644,-1.3951040506362915,-71.26187133789062,-0.10910996049642563,0.8873322010040283,-1.3592720031738281,-25.647924423217773
1785122709.0316494,0.03547147288918495,-0.9016937613487244,1.3589613437652588,-100.41688537597656,0.01862212084233761,-0.6886396408081055,1.410604476928711,-51.91071701049805,0.014617808163166046,0.6855362057685852,-1.3941611051559448,-71.224609375,-0.07197301089763641,0.8714825510978699,-1.3652431964874268,-26.02464485168457
1785122709.0866568,0.027871878817677498,-0.9433116316795349,1.3406823873519897,-100.40998840332031,0.009902906604111195,-0.6543339490890503,1.4235888719558716,-52.402313232421875,0.008898742496967316,0.6917437314987183,-1.3871657848358154,-71.15654754638672,-0.05891737341880798,0.8990159630775452,-1.3790165185928345,-26.46139144897461
1785122709.138315,0.025355299934744835,-0.9707613587379456,1.3270920515060425,-100.44702911376953,0.0018614352447912097,-0.6358164548873901,1.4277263879776,-52.84823226928711,0.014412691816687584,0.6919195652008057,-1.3971072435379028,-71.1396255493164,-0.058306120336055756,0.9301337003707886,-1.3834024667739868,-26.86419105529785
1785122709.191713,0.03240359202027321,-0.9833048582077026,1.3228641748428345,-100.55682373046875,0.0017422231612727046,-0.6389489769935608,1.4260677099227905,-53.28190231323242,0.013909593224525452,0.6731683015823364,-1.3946110010147095,-71.18595886230469,-0.05987900123000145,0.938685417175293,-1.3693779706954956,-27.251583099365234
1785122709.2432356,0.041389673948287964,-0.9805171489715576,1.3295642137527466,-100.72589874267578,0.004297562874853611,-0.6553230285644531,1.4157774448394775,-53.557559967041016,0.015651602298021317,0.6756125688552856,-1.3913546800613403,-71.30371856689453,-0.06599487364292145,0.9289841055870056,-1.3626316785812378,-27.488061904907227
1785122709.2970805,0.05336713045835495,-0.9609494805335999,1.3441753387451172,-101.03361511230469,0.0038182020653039217,-0.6821139454841614,1.398398995399475,-53.795291900634766,0.02116822637617588,0.6878897547721863,-1.3874458074569702,-71.55225372314453,-0.0767546072602272,0.9029296636581421,-1.3662043809890747,-27.675533294677734
1785122709.351264,0.06393734365701675,-0.9352359771728516,1.3559905290603638,-101.36626434326172,-0.0009636960458010435,-0.6999950408935547,1.3902968168258667,-54.0098991394043,0.027502041310071945,0.6947659850120544,-1.3853939771652222,-71.8270492553711,-0.08638423681259155,0.8780834078788757,-1.3731753826141357,-27.838546752929688
1785122709.402044,0.06912866234779358,-0.9206646680831909,1.3609123229980469,-101.60739135742188,-0.0019109217682853341,-0.7004251480102539,1.3912279605865479,-54.23308563232422,0.028654273599386215,0.6929029226303101,-1.3867241144180298,-72.01512145996094,-0.09341511875391006,0.8664439916610718,-1.3790756464004517,-28.013927459716797
1785122709.456683,0.06901486963033676,-0.9134798049926758,1.3652256727218628,-101.8146743774414,0.0008412793977186084,-0.6967337131500244,1.3976893424987793,-54.48575973510742,0.026770245283842087,0.687543511390686,-1.3888938426971436,-72.17179107666016,-0.0982571691274643,0.8653727173805237,-1.3831218481063843,-28.21773910522461
1785122709.5111184,0.06518971174955368,-0.9127975106239319,1.3600318431854248,-101.98542785644531,-0.00048792449524626136,-0.6765111088752747,1.412496566772461,-54.85280227661133,0.02576519176363945,0.6826551556587219,-1.390944242477417,-72.28594207763672,-0.09951960295438766,0.8820183873176575,-1.380868911743164,-28.535175323486328
1785122709.5665774,0.06159098818898201,-0.9190154075622559,1.3479011058807373,-102.1099853515625,-0.001965210773050785,-0.6485974192619324,1.4239890575408936,-55.263221740722656,0.02364952303469181,0.6821149587631226,-1.3906563520431519,-72.35260772705078,-0.09939577430486679,0.9057941436767578,-1.3777598142623901,-28.899951934814453
1785122709.6207857,0.0599975548684597,-0.9288947582244873,1.3373558521270752,-102.22596740722656,-0.001369125908240676,-0.6349590420722961,1.4295889139175415,-55.68278503417969,0.020874790847301483,0.6851696372032166,-1.3890457153320312,-72.40827941894531,-0.10077667236328125,0.9259606003761292,-1.374367594718933,-29.27238655090332
1785122709.6708887,0.05903740972280502,-0.9388729929924011,1.3289251327514648,-102.31819152832031,0.00150918064173311,-0.6386792659759521,1.4285606145858765,-56.07753372192383,0.020007770508527756,0.6880066394805908,-1.3873913288116455,-72.44502258300781,-0.10392254590988159,0.938923716545105,-1.366803526878357,-29.623964309692383
1785122709.7220776,0.05953874811530113,-0.9417431950569153,1.327372670173645,-102.4599838256836,0.005100242793560028,-0.6495690941810608,1.424405813217163,-56.42253494262695,0.02128446288406849,0.6897243857383728,-1.386453628540039,-72.53186798095703,-0.108146071434021,0.9401847720146179,-1.3621022701263428,-29.92659568786621
1785122709.7768502,0.06403166055679321,-0.9393717646598816,1.3347389698028564,-102.69536590576172,0.009687460027635098,-0.6624337434768677,1.4158457517623901,-56.72669982910156,0.023522086441516876,0.6892518997192383,-1.386772871017456,-72.70729064941406,-0.11369700729846954,0.927611231803894,-1.362958312034607,-30.181474685668945
1785122709.8271942,0.06837192922830582,-0.9366794228553772,1.3435845375061035,-102.93917083740234,0.012364977039396763,-0.6746522188186646,1.408458948135376,-56.976322174072266,0.026436254382133484,0.6864324808120728,-1.3883534669876099,-72.8974838256836,-0.11747206002473831,0.9106497764587402,-1.3645970821380615,-30.38296127319336
1785122709.880872,0.07090698927640915,-0.937640905380249,1.34272301197052,-103.16477966308594,0.011629640124738216,-0.6806558966636658,1.4070132970809937,-57.29608154296875,0.028547633439302444,0.6837985515594482,-1.3900578022003174,-73.06224060058594,-0.11841906607151031,0.8999045491218567,-1.36300790309906,-30.648357391357422
1785122709.9319572,0.07174628973007202,-0.9440209865570068,1.3369537591934204,-103.33013916015625,0.012330918572843075,-0.6751582622528076,1.4104437828063965,-57.625831604003906,0.02676108106970787,0.6846411228179932,-1.3897531032562256,-73.17198944091797,-0.11752303689718246,0.9003057479858398,-1.3621902465820312,-30.930816650390625
1785122709.9862459,0.07099125534296036,-0.9524228572845459,1.330748438835144,-103.48838806152344,0.014048699289560318,-0.6657286286354065,1.4159075021743774,-57.96271896362305,0.023182477802038193,0.6872369647026062,-1.3886529207229614,-73.27300262451172,-0.11648266762495041,0.9046565890312195,-1.363727331161499,-31.221248626708984
1785122710.0366147,0.06870949268341064,-0.964621365070343,1.318865418434143,-103.6039810180664,0.014099529013037682,-0.6552586555480957,1.4234216213226318,-58.3193244934082,0.021213438361883163,0.6888731122016907,-1.3879337310791016,-73.32749938964844,-0.11559425294399261,0.9116733074188232,-1.363142967224121,-31.5328426361084
1785122710.0916753,0.06501444429159164,-0.9735442996025085,1.3106451034545898,-103.74609375,0.01651437021791935,-0.6459458470344543,1.4296064376831055,-58.70262908935547,0.020513318479061127,0.6904549598693848,-1.3866145610809326,-73.40383911132812,-0.11606208235025406,0.9168897271156311,-1.3620893955230713,-31.869251251220703
1785122710.150063,0.06043439358472824,-0.978122353553772,1.304323673248291,-103.88944244384766,0.018276870250701904,-0.641670823097229,1.4350225925445557,-59.10140609741211,0.0215386301279068,0.6897650361061096,-1.3870936632156372,-73.47891235351562,-0.11799376457929611,0.920924961566925,-1.3596001863479614,-32.22053909301758
1785122710.2013638,0.053460054099559784,-0.9698286652565002,1.3075395822525024,-104.07052612304688,0.026011012494564056,-0.6427823305130005,1.4360355138778687,-59.45988845825195,0.022304747253656387,0.688619077205658,-1.3873836994171143,-73.59513854980469,-0.12130484730005264,0.918014407157898,-1.3628544807434082,-32.534339904785156
1785122710.2548544,0.05152280628681183,-0.9633678197860718,1.3142662048339844,-104.28154754638672,0.03441958874464035,-0.6507551670074463,1.4319442510604858,-59.69425582885742,0.02257085219025612,0.6875273585319519,-1.3876909017562866,-73.75234985351562,-0.1256207376718521,0.9052484631538391,-1.3695842027664185,-32.732112884521484
1785122710.3064246,0.051239337772130966,-0.9657591581344604,1.313672423362732,-104.50261688232422,0.03985631465911865,-0.6597648859024048,1.430331826210022,-59.985572814941406,0.024735061451792717,0.6866587400436401,-1.3884886503219604,-73.90583801269531,-0.13083533942699432,0.8877397775650024,-1.3711644411087036,-32.97783279418945
1785122710.3642287,0.05044766515493393,-0.9685284495353699,1.3142476081848145,-104.69015502929688,0.043419454246759415,-0.6621655821800232,1.4321060180664062,-60.24140548706055,0.02657674252986908,0.6874102354049683,-1.388497233390808,-74.04047393798828,-0.13331562280654907,0.8776607513427734,-1.3707733154296875,-33.19672393798828
1785122710.4173658,0.04756933078169823,-0.9745795130729675,1.3053960800170898,-104.87679290771484,0.04509306326508522,-0.6574677228927612,1.4381988048553467,-60.6010856628418,0.02604024112224579,0.6881963014602661,-1.388338565826416,-74.15924835205078,-0.13387010991573334,0.8747127056121826,-1.3711074590682983,-33.51261520385742
1785122710.4680405,0.04522469639778137,-0.9772328734397888,1.301788091659546,-105.05699920654297,0.046705421060323715,-0.6582282185554504,1.4434353113174438,-60.86949157714844,0.024017823860049248,0.6894538402557373,-1.3877440690994263,-74.28414154052734,-0.13445156812667847,0.8711115717887878,-1.3755695819854736,-33.74531555175781
1785122710.5211656,0.03989209234714508,-0.9771934151649475,1.2987309694290161,-105.27130889892578,0.04835805669426918,-0.6561283469200134,1.4484714269638062,-61.20121383666992,0.02369721047580242,0.690650224685669,-1.3871413469314575,-74.43135070800781,-0.13430331647396088,0.8683808445930481,-1.3793654441833496,-34.03500747680664
1785122710.5732374,0.03026592917740345,-0.9651634097099304,1.3014341592788696,-105.45026397705078,0.051301877945661545,-0.6523993015289307,1.4521825313568115,-61.50413131713867,0.024882974103093147,0.69115149974823,-1.3873291015625,-74.55148315429688,-0.13263051211833954,0.8669984936714172,-1.382034182548523,-34.300987243652344
1785122710.626233,0.019756872206926346,-0.9483758807182312,1.3096338510513306,-105.62601470947266,0.05618587136268616,-0.6476292610168457,1.4542620182037354,-61.839988708496094,0.026111461222171783,0.6895877718925476,-1.3881704807281494,-74.66222381591797,-0.1290738582611084,0.8666450381278992,-1.386515498161316,-34.59788513183594
1785122710.6811118,0.016784360632300377,-0.951500654220581,1.3073548078536987,-105.7586441040039,0.05774242430925369,-0.6366212368011475,1.453732967376709,-62.14883804321289,0.025660982355475426,0.6873603463172913,-1.3891886472702026,-74.73924255371094,-0.12590491771697998,0.8706057667732239,-1.3865340948104858,-34.877037048339844
1785122710.7316196,0.017711183056235313,-0.9692625999450684,1.3015162944793701,-105.9067153930664,0.056818485260009766,-0.6266705989837646,1.4556890726089478,-62.54118347167969,0.02385948970913887,0.6866097450256348,-1.3888461589813232,-74.8171615600586,-0.12187270075082779,0.8764654397964478,-1.3847140073776245,-35.23426818847656
1785122710.7817037,0.02109149843454361,-0.9857289791107178,1.2999950647354126,-106.0655288696289,0.056630637496709824,-0.6261829733848572,1.454992651939392,-62.87209701538086,0.02221265807747841,0.6881089806556702,-1.3876630067825317,-74.91414642333984,-0.11861658096313477,0.8758785128593445,-1.3846863508224487,-35.534828186035156
1785122710.836571,0.024943463504314423,-0.9958669543266296,1.3016749620437622,-106.2971420288086,0.056366365402936935,-0.6355492472648621,1.4473772048950195,-63.1817741394043,0.02180173434317112,0.6896196007728577,-1.3867956399917603,-75.07817077636719,-0.1156872808933258,0.8636701107025146,-1.387043833732605,-35.81066131591797
1785122710.8918295,0.02800557017326355,-1.0010409355163574,1.2989085912704468,-106.53401947021484,0.05287184193730354,-0.6472941040992737,1.4417238235473633,-63.49044418334961,0.02337869629263878,0.6906015872955322,-1.3866852521896362,-75.24458312988281,-0.11241810768842697,0.8504416346549988,-1.3870246410369873,-36.08446502685547
1785122710.941878,0.03009673021733761,-1.0052155256271362,1.2963911294937134,-106.73523712158203,0.051663145422935486,-0.6510367393493652,1.4407758712768555,-63.78640365600586,0.02359119802713394,0.6921717524528503,-1.3863120079040527,-75.38105010986328,-0.1097581535577774,0.8441228270530701,-1.3858083486557007,-36.350337982177734
1785122710.9936502,0.030700407922267914,-1.009649634361267,1.2945241928100586,-106.92291259765625,0.05385503172874451,-0.6502225995063782,1.4403102397918701,-64.07014465332031,0.021678367629647255,0.6930297017097473,-1.3862673044204712,-75.50318908691406,-0.10853222012519836,0.839912474155426,-1.3870149850845337,-36.604644775390625
1785122711.0462427,0.02919677086174488,-1.0134694576263428,1.2928215265274048,-107.12008666992188,0.05617053806781769,-0.6473765969276428,1.4442145824432373,-64.37682342529297,0.02016211301088333,0.6927071809768677,-1.3863073587417603,-75.6284408569336,-0.108713798224926,0.838184654712677,-1.3887027502059937,-36.879085540771484
1785122711.096562,0.02650383673608303,-1.0146865844726562,1.2882262468338013,-107.286376953125,0.05620390176773071,-0.6374017000198364,1.451310157775879,-64.69666290283203,0.020530378445982933,0.6917480230331421,-1.3866373300552368,-75.72834777832031,-0.10998279601335526,0.845275342464447,-1.3874963521957397,-37.17063903808594
1785122711.151799,0.023890582844614983,-1.013434648513794,1.2844005823135376,-107.47261047363281,0.05737019702792168,-0.6248875856399536,1.4559792280197144,-65.05342864990234,0.020678505301475525,0.6907540559768677,-1.386756420135498,-75.84158325195312,-0.11361724883317947,0.8550740480422974,-1.387534737586975,-37.4976692199707
1785122711.2019393,0.022760707885026932,-1.009134292602539,1.2859891653060913,-107.6495590209961,0.06027314439415932,-0.6213712096214294,1.4597378969192505,-65.318359375,0.020933538675308228,0.690301775932312,-1.3866608142852783,-75.96009826660156,-0.11827076226472855,0.8584057092666626,-1.3893777132034302,-37.739566802978516
1785122711.2531767,0.022079002112150192,-1.0027672052383423,1.2874596118927002,-107.85218811035156,0.06476664543151855,-0.6230986714363098,1.4595564603805542,-65.57205200195312,0.02203284204006195,0.6896141171455383,-1.3871411085128784,-76.09751892089844,-0.12469956278800964,0.853783130645752,-1.3916667699813843,-37.96810531616211
1785122711.3073552,0.021433474496006966,-0.9950345754623413,1.2897788286209106,-108.07988739013672,0.06888079643249512,-0.6264973878860474,1.460087537765503,-65.83975219726562,0.024534819647669792,0.689382016658783,-1.3877015113830566,-76.25454711914062,-0.131180539727211,0.8459885716438293,-1.3914371728897095,-38.208499908447266
1785122711.3586404,0.020536918193101883,-0.9895972013473511,1.290916919708252,-108.27776336669922,0.0717877522110939,-0.6269986629486084,1.4619929790496826,-66.09321594238281,0.02591647580265999,0.6892222762107849,-1.3881367444992065,-76.38834381103516,-0.1357179433107376,0.842011034488678,-1.391360878944397,-38.437442779541016
1785122711.4112566,0.019675062969326973,-0.9871748089790344,1.288834810256958,-108.45330810546875,0.07191035151481628,-0.6197478771209717,1.4671788215637207,-66.40281677246094,0.02609022706747055,0.6889451146125793,-1.3882100582122803,-76.49947357177734,-0.13863292336463928,0.848932683467865,-1.390394926071167,-38.722747802734375
1785122711.4614263,0.019321341067552567,-0.985690176486969,1.2889704704284668,-108.6421890258789,0.07294432073831558,-0.612861692905426,1.4682347774505615,-66.7009506225586,0.02489006519317627,0.688389003276825,-1.3882529735565186,-76.62482452392578,-0.14082562923431396,0.8543286919593811,-1.3919153213500977,-38.99708557128906
1785122711.5161278,0.019661547616124153,-0.9853454232215881,1.2882394790649414,-108.8504638671875,0.07214202731847763,-0.6094954609870911,1.4702816009521484,-67.02696228027344,0.024583185091614723,0.6877874135971069,-1.388210415840149,-76.76313781738281,-0.14192047715187073,0.8583086729049683,-1.3925131559371948,-39.29762649536133
1785122711.5668898,0.02057158201932907,-0.9845614433288574,1.2897950410842896,-109.05982208251953,0.07150716334581375,-0.610671877861023,1.4697171449661255,-67.30296325683594,0.024978825822472572,0.6877648234367371,-1.3883473873138428,-76.90928649902344,-0.14178742468357086,0.8564774394035339,-1.3927253484725952,-39.55069351196289
1785122711.6169817,0.02165079303085804,-0.9856352806091309,1.2887670993804932,-109.2347640991211,0.06955971568822861,-0.612677276134491,1.4689984321594238,-67.55786895751953,0.025609973818063736,0.6878551244735718,-1.388556718826294,-77.02600860595703,-0.1404331624507904,0.8546316027641296,-1.3921359777450562,-39.78481674194336
1785122711.6670926,0.022361192852258682,-0.9884479641914368,1.2868077754974365,-109.39025115966797,0.06802575290203094,-0.6140768527984619,1.4678305387496948,-67.8494644165039,0.025576649233698845,0.6886191368103027,-1.3879029750823975,-77.11710357666016,-0.13789695501327515,0.853827953338623,-1.391212821006775,-40.05378341674805
1785122711.7214806,0.023877114057540894,-0.992405354976654,1.2870405912399292,-109.5728530883789,0.06886310875415802,-0.6173613667488098,1.465322494506836,-68.11534118652344,0.023732060566544533,0.6901110410690308,-1.3875389099121094,-77.23468780517578,-0.1358908712863922,0.8488185405731201,-1.3920570611953735,-40.29700469970703
1785122711.771612,0.02506747469305992,-0.9985453486442566,1.287170648574829,-109.75067901611328,0.06782431900501251,-0.6188434362411499,1.4646059274673462,-68.39757537841797,0.022968972101807594,0.6905099153518677,-1.3874917030334473,-77.34706115722656,-0.13334941864013672,0.8462150692939758,-1.3915507793426514,-40.55552673339844
1785122711.8266883,0.02601834572851658,-1.0042904615402222,1.2830768823623657,-109.91136169433594,0.06424794346094131,-0.6155385971069336,1.4656122922897339,-68.7249984741211,0.02311398833990097,0.6900339126586914,-1.3872798681259155,-77.44163513183594,-0.13024772703647614,0.8514373302459717,-1.389695405960083,-40.85995101928711
1785122711.8772762,0.02740977518260479,-1.0081737041473389,1.283583164215088,-110.09103393554688,0.0636150985956192,-0.6145023703575134,1.463969349861145,-69.03443908691406,0.02196030505001545,0.690123975276947,-1.386734127998352,-77.5560531616211,-0.1287444829940796,0.8538531064987183,-1.3904764652252197,-41.14683532714844
1785122711.927364,0.028697697445750237,-1.0075913667678833,1.287794828414917,-110.2877197265625,0.06442674994468689,-0.6191331148147583,1.4609382152557373,-69.2781982421875,0.021593032404780388,0.6900423169136047,-1.3868087530136108,-77.69482421875,-0.1284167766571045,0.8493273854255676,-1.392686367034912,-41.3695182800293
1785122711.9815195,0.029277605935931206,-1.0041784048080444,1.2886766195297241,-110.52457427978516,0.06375663727521896,-0.6264898777008057,1.4572951793670654,-69.56245422363281,0.022931324318051338,0.6896638870239258,-1.3873074054718018,-77.86005401611328,-0.1282651573419571,0.8410940170288086,-1.3938595056533813,-41.627952575683594
1785122712.0365913,0.028379449620842934,-1.001726508140564,1.289289951324463,-110.74266052246094,0.06488156318664551,-0.6303049325942993,1.4570858478546143,-69.84105682373047,0.023937800899147987,0.6906506419181824,-1.3871031999588013,-78.00650024414062,-0.12837117910385132,0.8343347907066345,-1.3937214612960815,-41.881465911865234
1785122712.0937784,0.02602946013212204,-1.0004502534866333,1.2884236574172974,-110.94161987304688,0.06526940315961838,-0.624520480632782,1.4613561630249023,-70.16398620605469,0.023802688345313072,0.6913357377052307,-1.3869760036468506,-78.13359832763672,-0.12843966484069824,0.8381384611129761,-1.392956018447876,-42.178932189941406
1785122712.1477783,0.024399837478995323,-1.0012949705123901,1.2856180667877197,-111.1274642944336,0.06542740762233734,-0.6127593517303467,1.4650580883026123,-70.51546478271484,0.02273438684642315,0.6903092861175537,-1.38729989528656,-78.24714660644531,-0.12902800738811493,0.8483568429946899,-1.3930308818817139,-42.506126403808594
1785122712.2117531,0.023435186594724655,-1.0003149509429932,1.2870105504989624,-111.34292602539062,0.06659895181655884,-0.6076270937919617,1.4676120281219482,-70.8349380493164,0.022201037034392357,0.688787579536438,-1.3876967430114746,-78.39198303222656,-0.1304628998041153,0.852277934551239,-1.3943357467651367,-42.80266189575195
1785122712.2619994,0.023191409185528755,-0.9995813965797424,1.2835078239440918,-111.52294921875,0.06497039645910263,-0.6057361364364624,1.469213604927063,-71.1368637084961,0.02341638319194317,0.6877820491790771,-1.388100266456604,-78.50563049316406,-0.1315174251794815,0.8552435636520386,-1.393277645111084,-43.08320236206055
1785122712.3141074,0.023536762222647667,-1.0007370710372925,1.2815022468566895,-111.69361114501953,0.0663776621222496,-0.606711745262146,1.4688189029693604,-71.41416931152344,0.02355155348777771,0.6886500716209412,-1.387731909751892,-78.61011505126953,-0.13355188071727753,0.8531107902526855,-1.3924720287322998,-43.340476989746094
1785122712.3671489,0.024413960054516792,-1.0000433921813965,1.2871655225753784,-111.92342376708984,0.07141473889350891,-0.6135588884353638,1.4669387340545654,-71.67549896240234,0.023634042590856552,0.6899681091308594,-1.38754141330719,-78.76931762695312,-0.13572338223457336,0.8431742191314697,-1.39422607421875,-43.57976150512695
1785122712.4209847,0.023651357740163803,-0.9998757839202881,1.285548210144043,-112.13426208496094,0.07304063439369202,-0.6177414655685425,1.4649529457092285,-71.94648742675781,0.024471178650856018,0.6894156336784363,-1.388237714767456,-78.90754699707031,-0.13681286573410034,0.8349892497062683,-1.3955317735671997,-43.828182220458984
1785122712.4723635,0.022236717864871025,-1.004141926765442,1.2813851833343506,-112.28600311279297,0.07319601625204086,-0.6166417598724365,1.468444585800171,-72.2196044921875,0.024839315563440323,0.6899243593215942,-1.3873755931854248,-78.99285125732422,-0.1368822306394577,0.834376871585846,-1.3947049379348755,-44.08174133300781
1785122712.5269039,0.02121022529900074,-1.0063884258270264,1.282744288444519,-112.47161865234375,0.07406312972307205,-0.6118789911270142,1.4711631536483765,-72.50288391113281,0.02451471984386444,0.6905245780944824,-1.3872655630111694,-79.11306762695312,-0.1361158937215805,0.8368237614631653,-1.3953380584716797,-44.3457145690918
1785122712.5812104,0.020182259380817413,-1.0074747800827026,1.281069278717041,-112.6798324584961,0.07329006493091583,-0.6045408844947815,1.470848560333252,-72.8296127319336,0.02385573275387287,0.6894077658653259,-1.3874785900115967,-79.24857330322266,-0.13474160432815552,0.8418950438499451,-1.3964425325393677,-44.651763916015625
1785122712.6312964,0.019847311079502106,-1.0084196329116821,1.2790594100952148,-112.8675308227539,0.0714571550488472,-0.6011090874671936,1.4723808765411377,-73.12781524658203,0.02345002070069313,0.6887924075126648,-1.3875763416290283,-79.36956787109375,-0.1334509402513504,0.8457714319229126,-1.3963656425476074,-44.931888580322266
1785122712.6818476,0.020395077764987946,-1.0096889734268188,1.2774667739868164,-113.05264282226562,0.07142546772956848,-0.6010609269142151,1.4729722738265991,-73.40938568115234,0.02307305857539177,0.6890930533409119,-1.3876293897628784,-79.48734283447266,-0.13251936435699463,0.8457314372062683,-1.3960697650909424,-45.19655990600586
1785122712.736408,0.02114228904247284,-1.0105241537094116,1.280820369720459,-113.27559661865234,0.07394866645336151,-0.6067412495613098,1.4706555604934692,-73.67788696289062,0.02246631309390068,0.690101683139801,-1.3872753381729126,-79.63792419433594,-0.13251689076423645,0.8378261923789978,-1.3968935012817383,-45.446197509765625
1785122712.7920978,0.02059481479227543,-1.0108554363250732,1.279710054397583,-113.48839569091797,0.07372809946537018,-0.6108328104019165,1.4687871932983398,-73.98509979248047,0.02325434423983097,0.6901260614395142,-1.3876031637191772,-79.77665710449219,-0.13212093710899353,0.8353155255317688,-1.395384430885315,-45.73137664794922
1785122712.8428435,0.020499175414443016,-1.0117237567901611,1.279240608215332,-113.65809631347656,0.07258297502994537,-0.6088714599609375,1.4686728715896606,-74.25341033935547,0.02390321157872677,0.6902288198471069,-1.3872957229614258,-79.88652801513672,-0.13139191269874573,0.8380320072174072,-1.394447684288025,-45.98461151123047
1785122712.8967702,0.020364008843898773,-1.0134114027023315,1.277446985244751,-113.85692596435547,0.07199922949075699,-0.6057104468345642,1.4701244831085205,-74.59078216552734,0.023390641435980797,0.6899820566177368,-1.3873313665390015,-80.01089477539062,-0.13098911941051483,0.8428911566734314,-1.3943699598312378,-46.30129623413086
1785122712.9468293,0.02059776335954666,-1.016024112701416,1.2742500305175781,-114.00193786621094,0.07203871011734009,-0.6043833494186401,1.4702810049057007,-74.85783386230469,0.022714417427778244,0.6899169683456421,-1.3871896266937256,-80.09416198730469,-0.131305530667305,0.845274031162262,-1.394254207611084,-46.55235290527344
1785122713.0014138,0.021023772656917572,-1.0173468589782715,1.2777073383331299,-114.21212768554688,0.07576729357242584,-0.6067365407943726,1.4696921110153198,-75.13958740234375,0.022153014317154884,0.690387487411499,-1.3870590925216675,-80.23126983642578,-0.13274623453617096,0.8401896357536316,-1.3951085805892944,-46.81494140625
1785122713.0518987,0.020755520090460777,-1.0181525945663452,1.2754414081573486,-114.38607788085938,0.0762561485171318,-0.6085147261619568,1.4690746068954468,-75.41399383544922,0.023076225072145462,0.6899681091308594,-1.3874043226242065,-80.3368911743164,-0.1337597519159317,0.83777916431427,-1.394111156463623,-47.070518493652344
1785122713.10276,0.02033434435725212,-1.0195564031600952,1.2731684446334839,-114.55207824707031,0.07732075452804565,-0.6071794629096985,1.470531702041626,-75.69596862792969,0.023635515943169594,0.6901005506515503,-1.3873534202575684,-80.4344482421875,-0.13487762212753296,0.8378726840019226,-1.3931483030319214,-47.33506393432617
1785122713.157499,0.019791094586253166,-1.0197817087173462,1.2743386030197144,-114.73639678955078,0.07901608943939209,-0.6042269468307495,1.4724345207214355,-75.99362182617188,0.023387040942907333,0.6902912259101868,-1.387218713760376,-80.55152130126953,-0.1363103836774826,0.8410674333572388,-1.3927314281463623,-47.614601135253906
1785122713.2114847,0.019122298806905746,-1.0186301469802856,1.27346670627594,-114.94322204589844,0.07962944358587265,-0.6029741168022156,1.4716495275497437,-76.32341766357422,0.023094385862350464,0.6895068287849426,-1.3874496221542358,-80.68383026123047,-0.1380433887243271,0.8444152474403381,-1.3929593563079834,-47.9235954284668
1785122713.2639184,0.018653707578778267,-1.017357349395752,1.2723603248596191,-115.11224365234375,0.08014644682407379,-0.6038802862167358,1.4717261791229248,-76.59190368652344,0.023347841575741768,0.689214825630188,-1.3875436782836914,-80.79148864746094,-0.13942718505859375,0.8462845683097839,-1.3922173976898193,-48.17509078979492
1785122713.3165705,0.018119674175977707,-1.0175702571868896,1.269831895828247,-115.30123901367188,0.0820477232336998,-0.6052594184875488,1.4730509519577026,-76.89814758300781,0.023571915924549103,0.689764142036438,-1.3875045776367188,-80.90441131591797,-0.14126083254814148,0.8448779582977295,-1.3911112546920776,-48.461849212646484
1785122713.3716917,0.01753312721848488,-1.0188881158828735,1.268934726715088,-115.48811340332031,0.08375587314367294,-0.604712188243866,1.4745945930480957,-77.21614074707031,0.023483291268348694,0.6905955672264099,-1.3874117136001587,-81.01531982421875,-0.14300362765789032,0.8450729846954346,-1.3895339965820312,-48.75790786743164
1785122713.4217744,0.01748090609908104,-1.0201263427734375,1.2678245306015015,-115.65888977050781,0.08510100096464157,-0.6025848388671875,1.4753373861312866,-77.53263092041016,0.023395800963044167,0.6903795003890991,-1.387227177619934,-81.117431640625,-0.14432182908058167,0.8499224781990051,-1.388001561164856,-49.055580139160156
