t,x,y
1784442089.1037135,3.7976331563850686e-05,1.1830359529238727e-06
1784442089.2073798,3.7974175744490235e-05,1.1828549020227435e-06
1784442089.3105752,3.7972042691498396e-05,1.1826777394534796e-06
1784442089.4107964,3.796988559142154e-05,1.1824960089765752e-06
1784442089.512023,3.796764716095369e-05,1.1823077797675887e-06
1784442089.614348,3.7965617444670614e-05,1.182136088270392e-06
1784442089.7155812,3.7963358805724954e-05,1.1819399638977224e-06
1784442089.8192983,3.7961322190110133e-05,1.1817671146204883e-06
1784442089.9281745,3.7959183136895826e-05,1.1815848756663887e-06
1784442090.0338612,3.795704517843959e-05,1.1813950618084e-06
1784442090.134961,3.7954804837013126e-05,1.1811855169128544e-06
1784442090.2371714,3.795276514729362e-05,1.1809933901396846e-06
1784442090.3404078,3.795063626337921e-05,1.1807855052562578e-06
1784442090.4410274,3.794849696365463e-05,1.1805762814338638e-06
1784442090.5414255,3.7946348929516586e-05,1.1803656405127356e-06
1784442090.648333,3.794423080811882e-05,1.1801588932497138e-06
1784442090.7495754,3.7942088138740234e-05,1.1799521053400201e-06
1784442090.8502297,3.793984321080829e-05,1.1797443584056643e-06
1784442090.95073,3.793781629809156e-05,1.1795574330279995e-06
1784442091.0512235,3.793557727029761e-05,1.179350964671299e-06
1784442091.1526651,3.793343795790902e-05,1.179159118453037e-06
1784442091.2783902,3.7931724538367826e-05,1.1790010649416297e-06
1784442091.3811374,3.789026160898731e-05,1.1751269967388133e-06
1784442091.4855866,3.777342678596539e-05,1.1641059190407285e-06
1784442091.5863192,3.750732771574431e-05,1.1388639880087266e-06
1784442091.6869893,3.7325425222166065e-05,1.1219198992982768e-06
1784442091.7907898,3.7385026244449134e-05,1.1271440925237957e-06
1784442091.8908675,3.749810759974695e-05,1.1370260316149965e-06
1784442091.9937725,3.7509047882133855e-05,1.1380194533793785e-06
1784442092.096044,3.7458347757337825e-05,1.1335788895398526e-06
1784442092.1970153,3.740998803896405e-05,1.1293362854430621e-06
1784442092.3240182,3.73792095575492e-05,1.1266552956077278e-06
1784442092.4242632,3.737577309982483e-05,1.1263717649774826e-06
1784442092.524651,3.7408524833384995e-05,1.129121426676601e-06
1784442092.6254818,3.7468351118554155e-05,1.1341568176152414e-06
1784442092.7260592,3.751152616209594e-05,1.1377621092422798e-06
1784442092.8272786,3.753120942293389e-05,1.1393793683230539e-06
1784442092.9277558,3.754651897806967e-05,1.1405963969507394e-06
1784442093.0313418,3.756893799062797e-05,1.1423441295624504e-06
1784442093.1334977,3.7600055672708996e-05,1.144735593904647e-06
1784442093.2365355,3.7638222402217154e-05,1.1475565050644246e-06
1784442093.3367352,3.74842889612737e-05,1.1364032386503237e-06
1784442093.4371958,3.690811618907922e-05,1.0953473282532064e-06
1784442093.5374308,3.6183491488854195e-05,1.044826452178238e-06
1784442093.640782,3.551219262277015e-05,9.985617461840897e-07
1784442093.7413511,3.511397052188875e-05,9.717558708080912e-07
1784442093.8419178,3.496108298957859e-05,9.616622653164622e-07
1784442093.9457562,3.495637233625279e-05,9.613587128490558e-07
1784442094.0473244,3.495900735519408e-05,9.615117035918116e-07
1784442094.1479907,3.491877414991755e-05,9.590547939208198e-07
1784442094.2482076,3.490157776698674e-05,9.58021570820204e-07
1784442094.352652,3.495976508726608e-05,9.613514061576838e-07
1784442094.4581575,3.6052960699313375e-05,1.0209832749114953e-06
1784442094.558562,3.850113131529354e-05,1.1526352855745191e-06
1784442094.6659384,4.06878814062751e-05,1.2684957986684185e-06
1784442094.767411,4.1192604258277415e-05,1.2951700035097368e-06
1784442094.867738,4.0193534923112695e-05,1.2447620909168283e-06
1784442094.968329,3.895182020828305e-05,1.1840336321457926e-06
1784442095.0707648,3.827121686727823e-05,1.150709463224734e-06
1784442095.1715457,3.8393723534236644e-05,1.1571772729929651e-06
1784442095.2721732,3.895060516148264e-05,1.1847139796400101e-06
1784442095.3723495,3.942288454627883e-05,1.2071347632207332e-06
1784442095.4752982,3.950506160823547e-05,1.211158882790268e-06
1784442095.575902,3.925494525694823e-05,1.1989196566739217e-06
1784442095.6763036,3.893501843874046e-05,1.1835000214661751e-06
1784442095.7765672,3.880413820288881e-05,1.177080867497403e-06
1784442095.8769565,3.8853026133952115e-05,1.179546950096871e-06
1784442095.9775562,3.8978843452024985e-05,1.1857783882228358e-06
1784442096.085294,3.907851729187121e-05,1.1909549161376404e-06
1784442096.1860378,3.901966430093361e-05,1.1876568371421405e-06
1784442096.28627,3.8752599112203035e-05,1.1723969290503897e-06
1784442096.3866353,3.835919346264793e-05,1.1506365015144673e-06
1784442096.4871418,0.002375344000810004,0.00012260566496388736
1784442096.587448,0.0033186537669321297,0.00017202011272213544
1784442096.6875763,0.0034041447549957773,0.0001762092113894805
1784442096.7903502,0.0036346598968816286,0.00018769769797551865
1784442096.8906548,0.003819385092304689,0.00019710189458768148
1784442096.991221,0.00385612468559027,0.00019897188753442642
1784442097.091656,0.0037692783375479592,0.00019452130908865546
1784442097.1926024,0.003658549077324026,0.0001886897707638236
1784442097.296399,0.0036010012240596067,0.0001855788505773763
1784442097.3971663,0.0036165211457763326,0.00018640986621508356
1784442097.500786,0.005339884763302059,0.0002823205170756342
1784442097.6012075,0.005342091719527026,0.0002824637987307953
1784442097.7019155,0.005435195497124125,0.0002877240748626248
1784442097.8056192,0.005546644252025613,0.0002942107644531683
1784442097.9058425,0.005584758745794004,0.0002964134719440482
1784442098.0065389,0.005558821616396932,0.00029498040881407653
1784442098.1068327,0.005501573567934871,0.0002919037594596834
1784442098.2069879,0.005466431648435552,0.0002900946720826457
1784442098.3072894,0.005466169226037648,0.000290083451698226
1784442098.4074893,0.0054905674013509,0.000291339023648289
1784442098.5101683,0.005513910069418556,0.0002925291965153012
1784442098.6105824,0.005521288844888424,0.00029289182906431794
1784442098.7156441,0.005512649951565431,0.00029246881369897896
1784442098.8158681,0.005499976831167877,0.0002918330360351203
1784442098.9164953,0.005493864777610831,0.0002915213466748406
1784442099.0246537,0.005494487612359345,0.00029155142852115533
1784442099.128328,0.005500366969576497,0.00029185370859849993
1784442099.2306385,0.005505037640673806,0.00029209330862704297
1784442099.3310938,0.005506544532241406,0.0002921685993040825
1784442099.431832,0.005504553097938859,0.0002920718970876818
1784442099.5328696,0.005501749909163715,0.0002919467526499316
1784442099.637567,0.005500097077536853,0.0002918780870785442
1784442099.7378457,0.005500358468511819,0.0002918888370115091
1784442099.8415775,0.005501350061128965,0.0002919268736791803
1784442099.9442894,0.005502568339287253,0.00029197382043498477
1784442100.0452657,0.005502966993465856,0.00029198906065241304
1784442100.1534097,0.005503172137650551,0.000291996596862076
1784442100.2563612,0.005502828705296108,0.00029198317435016815
1784442100.3566902,0.005502105718789114,0.0002919551272639732
1784442100.4579809,0.005501685168996844,0.00029193815925928533
1784442100.5588353,0.005501707766037006,0.00029193915971925866
1784442100.664805,0.005502015353208201,0.0002919531956219878
1784442100.7653735,0.005502203053658566,0.00029196184824345815
1784442100.8661072,0.0055023598229207715,0.0002919690386964905
1784442100.9664762,0.005502305049582767,0.00029196639527081673
1784442101.066814,0.005502134777840229,0.00029195806759161567
1784442101.167587,0.005502014351671449,0.0002919523421011616
1784442101.268284,0.005502000257763243,0.0002919516841122624
1784442101.3684726,0.005502058141024296,0.00029195456192845226
1784442101.4705467,0.005502122989600337,0.00029195798328204224
1784442101.5712965,0.005502083554811407,0.0002919557570824777
1784442101.676386,0.00550194400627283,0.00029194745496290646
1784442101.7810447,0.005501632711706921,0.0002919289173956846
1784442101.8816254,0.005501482538904477,0.0002919201749798246
1784442101.9875433,0.005501412680362487,0.00029191625786343674
1784442102.0885122,0.005501502474814008,0.0002919215956808005
1784442102.1950996,0.00550153398356546,0.0002919235023177868
1784442102.2981868,0.005501636412951333,0.0002919298963268397
1784442102.400361,0.005501607631268427,0.0002919280625963293
1784442102.5018249,0.005501538831621718,0.00029192370985123777
1784442102.6054173,0.005501467933175372,0.00029191910675928877
1784442102.7071738,0.005501437048192872,0.0002919172245317029
1784442102.807674,0.0055014646032523935,0.00029191889697597744
1784442102.9106448,0.005501526564267552,0.00029192261578668094
1784442103.011206,0.005501569692450502,0.0002919250638525332
1784442103.1113534,0.0055017066914302085,0.00029193238655387616
1784442103.2115006,0.005501938307269165,0.000291945063361618
1784442103.311612,0.005502326753574158,0.0002919661545869255
1784442103.4127667,0.005502519091247673,0.0002919766059137319
1784442103.515711,0.0055023982168102,0.0002919702457493911
1784442103.616277,0.005502257909050884,0.00029196253111786393
1784442103.716735,0.005502191946063683,0.0002919587261159864
1784442103.8172748,0.005502045693325124,0.0002919498784306691
1784442103.9201918,0.005501786936946992,0.0002919350364398778
1784442104.0206203,0.00550159811997504,0.0002919244136282408
1784442104.1211452,0.005501678812145753,0.0002919290618292888
1784442104.225385,0.005501843028019008,0.0002919386522969718
1784442104.3261209,0.0055018723451942695,0.0002919403079993921
1784442104.426249,0.005501818894642087,0.00029193735023576924
1784442104.526843,0.0055018188873144,0.000291937329099825
1784442104.6270568,0.0055019653063184595,0.00029194505633044974
1784442104.7276247,0.005502310146945701,0.0002919640467815728
1784442104.8314273,0.0055025256654991075,0.0002919762830861957
1784442104.931746,0.005502272994672735,0.00029196141014931905
1784442105.0320277,0.005501724997486265,0.0002919292221421373
1784442105.1355083,0.005501518975609208,0.00029191702393749954
1784442105.2363482,0.0055017064223195165,0.00029192803266115704
1784442105.337329,0.005501923744094467,0.00029194062431438266
1784442105.440115,0.005502049258217295,0.00029194766439038605
1784442105.5425568,0.005502055189060549,0.0002919479748030582
1784442105.6455185,0.005501963186593612,0.0002919427652442398
1784442105.7461686,0.005501879204515693,0.00029193797092545926
1784442105.8468359,0.0055018730835842775,0.0002919376212207863
1784442105.94761,0.0055019457299193475,0.00029194193910522223
1784442106.050627,0.005502030980527794,0.0002919468781878806
1784442106.1516283,0.005502079452201902,0.000291949532372352
1784442106.2521746,0.0055023007199330445,0.00029196132666885194
1784442106.357788,0.005502617492944518,0.00029197778088686256
1784442106.4605367,0.005502990638144828,0.0002919973260285087
1784442106.5669663,0.0055030525301658735,0.0002920005474860946
1784442106.667452,0.0055028640998413874,0.00029199071748902246
1784442106.7680135,0.005502737515725366,0.00029198402738728755
1784442106.8692496,0.005502587259834506,0.0002919753684580112
1784442106.9710221,0.005502380830116731,0.00029196376403949797
1784442107.071612,0.005502108587326964,0.0002919487553598296
1784442107.1770575,0.005502202155799598,0.00029195359191899533
1784442107.2827556,0.005502678797490717,0.00029197832505106736
1784442107.3853939,0.005503158535217463,0.00029200328538601337
1784442107.485738,0.0055031738475940185,0.0002920040679322333
1784442107.58606,0.005502908867401103,0.0002919892495099786
1784442107.6862645,0.005502719535989481,0.0002919787279584342
1784442107.7870955,0.005502670047724394,0.00029197590978488375
1784442107.8876576,0.005502654026092336,0.00029197504095641766
1784442107.9912472,0.005502669575436792,0.00029197580001142607
1784442108.09139,0.005502604716193174,0.0002919725220517513
1784442108.191884,0.005502708290888319,0.0002919778052136391
1784442108.293507,0.005502854681931316,0.0002919855369713
1784442108.395199,0.005503026379906111,0.00029199465924265874
1784442108.4958465,0.005502919751168686,0.0002919891516203473
1784442108.5962136,0.005502783953651031,0.0002919821104605961
1784442108.6974883,0.005502767818285355,0.00029198124706022717
1784442108.7977552,0.005502776851016386,0.00029198171835304233
1784442108.8999743,0.005502786196856658,0.00029198221441305815
1784442109.0004199,0.00550276481185928,0.00029198093392576307
1784442109.1011138,0.005502651238460566,0.00029197435850196213
1784442109.2022657,0.005502317857839922,0.00029195465083583545
1784442109.3052347,0.0055021159075819715,0.0002919430338144593
1784442109.4058092,0.0055022385757380905,0.00029195008266943696
1784442109.5063922,0.0055023600573112785,0.0002919567704110101
1784442109.6073575,0.008328718612672193,0.0004353720625390399
1784442109.7079942,0.011586985394124037,0.0006067533147423909
1784442109.8138196,0.014990691581140449,0.0007874495831771371
1784442109.91448,0.017332353002502025,0.0009170762361189138
1784442110.0181067,0.017836676695838223,0.0009440377010364741
1784442110.1192975,0.018278064155930827,0.0009661583303737871
1784442110.2213528,0.01842686650745708,0.0009734161525835172
1784442110.3233345,0.018274858145559073,0.0009657495271331195
1784442110.4256651,0.018016792074621223,0.0009530474434685095
1784442110.5260863,0.017865043850511533,0.0009454928592222523
1784442110.6264706,0.017879686964041866,0.0009462938100292294
1784442110.727003,0.017996603774743207,0.000952892639843352
1784442110.8326457,0.01809895803803558,0.0009587906660388813
1784442110.933045,0.01812941340614721,0.0009605909975916365
1784442111.0360174,0.018089810795851587,0.0009583441551906229
1784442111.1366854,0.01802949985911586,0.0009550622835431823
1784442111.2373161,0.017998085082821653,0.0009534011807077541
1784442111.337523,0.01800474555174343,0.0009537656871423481
1784442111.4411693,0.01803031738753506,0.0009552051319332903
1784442111.5417833,0.01805441218843351,0.000956565421506408
1784442111.6420524,0.018061538967343322,0.0009569620310123332
1784442111.7464724,0.0180516539899718,0.0009564061457535508
1784442111.8469667,0.018037687775207378,0.0009556067876033369
1784442111.9475791,0.018030479837954923,0.0009551836652879239
1784442112.0479853,0.018031945284402506,0.0009552616404066917
1784442112.150782,0.018038633165222067,0.0009556153361496594
1784442112.2513652,0.018043533303571457,0.0009558722116247435
1784442112.3532367,0.01804444894274872,0.0009559183253965974
1784442112.4557621,0.018042178862418795,0.000955813385825946
1784442112.5567417,0.018039413734118746,0.0009556823039766148
1784442112.6569865,0.01803824255971146,0.0009556244125908886
1784442112.7576346,0.01803879951981192,0.0009556514675777563
1784442112.8583856,0.018040155641529,0.0009557217160318079
1784442112.964423,0.018041215215402938,0.0009557743701900594
1784442113.0671582,0.018041209894165567,0.0009557744102855266
1784442113.1702569,0.018040562883931265,0.0009557459674249993
1784442113.2703485,0.018040032703041265,0.0009557215685427216
1784442113.3726547,0.01803985661196282,0.0009557130678823695
1784442113.475072,0.018040064711187083,0.0009557236428499156
1784442113.5751917,0.018040347802478398,0.0009557392308561985
1784442113.6766605,0.018040390489388696,0.000955741867997094
1784442113.776794,0.018040043204093737,0.0009557226930419521
1784442113.8808672,0.01803968013630909,0.0009557031771807261
1784442113.9841352,0.018039652371556705,0.0009557016652596435
1784442114.08635,0.01803979763503643,0.0009557101064273877
1784442114.1870198,0.018039861489207578,0.0009557138597194101
1784442114.2905192,0.018039854021184867,0.0009557134366352342
1784442114.3908772,0.018039811777075143,0.0009557109877999597
1784442114.491037,0.01803974621681245,0.0009557071065431263
1784442114.5916739,0.018039716367314395,0.0009557052985220394
1784442114.691932,0.018039745429266577,0.0009557071164716033
1784442114.792196,0.018039803614370215,0.0009557108533411626
1784442114.8966491,0.018039840210634577,0.0009557131865537286
1784442114.9970014,0.018039859095780902,0.0009557143321888096
1784442115.097376,0.01803987498250708,0.0009557152441127852
1784442115.1975904,0.018039891954411424,0.0009557162366636142
1784442115.2977567,0.018039913173670746,0.0009557174565756346
1784442115.3979745,0.01803994425443162,0.0009557192835785154
1784442115.4989405,0.01803997685999159,0.0009557212688451316
1784442115.6014152,0.018040014351137324,0.0009557237066496624
1784442115.7051382,0.018040046959401215,0.000955725823910569
1784442115.805391,0.018040077147458033,0.000955727694274476
1784442115.90566,0.018040105924377742,0.0009557293391731889
1784442116.006309,0.018040137426204392,0.0009557310791717923
1784442116.1068413,0.018040169693129424,0.0009557327684921225
1784442116.207411,0.01804042946369898,0.0009557446560907973
1784442116.3113418,0.01804081362027975,0.00095576014707005
1784442116.4119656,0.018041177321777235,0.0009557754033548454
1784442116.5130072,0.018041188076419672,0.0009557758220979271
1784442116.613542,0.018040976552019295,0.0009557668482196496
1784442116.7159529,0.018040842928813722,0.0009557607952606061
1784442116.817277,0.018040831282715573,0.0009557602392851927
1784442116.9214733,0.01804087851911214,0.0009557623139364301
1784442117.0255082,0.018040959208893172,0.0009557656905135955
1784442117.1257498,0.018041010944854368,0.000955767849873515
1784442117.2264466,0.018040988443347783,0.0009557669132984216
1784442117.3268821,0.018040932155595643,0.0009557644966485074
1784442117.4272242,0.01804090218969377,0.0009557631484211959
1784442117.530451,0.018040900057473233,0.0009557630551049596
1784442117.6311412,0.018040911580098525,0.0009557636336059548
1784442117.7320611,0.018040881525321944,0.0009557618620200702
1784442117.8330445,0.018040748816649466,0.0009557541254719974
1784442117.9363225,0.01804042742586184,0.0009557356151467063
1784442118.0371535,0.01804021710336969,0.0009557238196281604
1784442118.1373482,0.01804032756827552,0.0009557297688866078
1784442118.2404268,0.018040474128500825,0.0009557374986604287
1784442118.3407862,0.01804062790233428,0.000955745424005955
1784442118.4412813,0.018040791176400086,0.0009557537379182387
1784442118.5418909,0.01804107034077214,0.0009557678670008754
1784442118.6454856,0.018041077811766476,0.000955768204914236
1784442118.747339,0.018040893868824265,0.0009557591139344644
1784442118.8483648,0.01804084067118359,0.0009557563380717665
1784442118.9492033,0.018040884780371164,0.0009557586658555551
1784442119.0505095,0.018040920031914837,0.0009557605461013413
1784442119.152319,0.018040958017186092,0.0009557626619157972
1784442119.2558527,0.018040856254570966,0.0009557567957128407
1784442119.3565803,0.018040603587467785,0.000955741771010042
1784442119.457218,0.018040286460093116,0.0009557225045617689
1784442119.5579262,0.018040275065794795,0.0009557218414981753
1784442119.6620052,0.018040454045939024,0.0009557329347801075
1784442119.762564,0.01804053327254795,0.0009557377998379548
1784442119.866061,0.018040494324011367,0.0009557355997549687
1784442119.9668126,0.018040425348205946,0.0009557317370601441
1784442120.067033,0.018040364686696,0.0009557284385766351
1784442120.1673656,0.018040456320146763,0.000955733060391145
1784442120.2687767,0.018040672582341648,0.0009557440548922341
1784442120.3716373,0.018041106430963523,0.0009557660570162297
1784442120.471755,0.018041337550196303,0.0009557775089635612
1784442120.5723097,0.0180412240659064,0.0009557721400451887
1784442120.672613,0.018041054994298318,0.0009557642846847347
1784442120.775143,0.01804099716997486,0.0009557615456617186
1784442120.8753679,0.01804101297547019,0.0009557622984220634
1784442120.9756234,0.01804107123088765,0.0009557648038234876
1784442121.07653,0.018041149596390593,0.0009557680007930218
1784442121.1773021,0.018041177538431576,0.0009557690760872029
1784442121.281028,0.01804113878991674,0.0009557675154451791
1784442121.3828142,0.018041099385303423,0.000955765938204612
1784442121.4834707,0.01804108442823217,0.0009557653644224728
1784442121.5849714,0.01804108953892789,0.000955765552070775
1784442121.6855402,0.018041103999516483,0.0009557660617449353
1784442121.7856667,0.01804111912033249,0.0009557665708086391
1784442121.8871322,0.018041121209342384,0.0009557666368284294
1784442121.9872708,0.018041110500068288,0.000955766274821415
1784442122.0896006,0.018041099145166894,0.0009557659013156158
1784442122.1902268,0.018041094401065466,0.0009557657487431303
1784442122.2909825,0.018041095031401812,0.000955765773107926
1784442122.3920863,0.01804109725503005,0.0009557658620578356
1784442122.495687,0.018041097878879562,0.0009557658869521078
1784442122.5970688,0.01804109520414519,0.0009557657723544854
1784442122.6971636,0.018041090807726593,0.0009557655771591967
1784442122.7973144,0.018041086773557737,0.0009557653881696861
1784442122.8988252,0.018041083991618734,0.0009557652575197137
1784442122.9989922,0.018041082438908247,0.0009557651825444329
1784442123.1001215,0.018041081401444076,0.000955765128980768
1784442123.2007465,0.01804102734229655,0.0009557624211152702
1784442123.3019047,0.02055110459539524,0.0010747366409906798
1784442123.4052296,0.02116168761867808,0.0011037549802491173
1784442123.5058846,0.021294452900985597,0.0011096895224283775
1784442123.6060667,0.021541905216448873,0.0011207245261154162
1784442123.7068765,0.021676077059598974,0.001126666890896373
1784442123.8071735,0.0216539001605724,0.0011257531718232717
1784442123.9076035,0.02154463332663523,0.001120808136980531
1784442124.0103033,0.02145582349972095,0.0011167154075131147
1784442124.112034,0.02143402779452099,0.001115668991543506
1784442124.2123125,0.021474410600715203,0.0011176549028965596
1784442124.3164864,0.021527730112971075,0.0011203834749557709
1784442124.416975,0.0215532192614993,0.0011216893583886034
1784442124.517773,0.02154210029400572,0.0011210842115338016
1784442124.6211736,0.021515667243755098,0.0011196889393634262
1784442124.7252307,0.021494848740030603,0.0011185731524338345
1784442124.8257668,0.021484205551524194,0.0011180090987376419
1784442124.9259927,0.02149264035306865,0.0011183236319446555
1784442125.0262275,0.02150018917048162,0.0011186268218778934
1784442125.1263485,0.021451900743208928,0.0011189204725887308
1784442125.2272015,0.02143888204938099,0.0011193658111870997
1784442125.3275604,0.02142846920128315,0.0011202829517132308
1784442125.4311256,0.02144264557079702,0.0011188947899927516
1784442125.5316987,0.02147483061993442,0.001114676252972328
1784442125.6325746,0.021541224298073387,0.0011063252824892568
1784442125.735702,0.021596485346240285,0.0011001668995344936
1784442125.8358278,0.021612184832617575,0.0010983890198463535
1784442125.935904,0.02159363518731113,0.0011005258931314468
1784442126.036458,0.02155876672007775,0.0011044064154693653
1784442126.1374104,0.02152689122756,0.001107985767007152
1784442126.240571,0.021516159050226108,0.0011091806457946235
1784442126.3407671,0.021527284576549614,0.001108006097266933
1784442126.4416962,0.021543194985338188,0.001106366587532527
1784442126.5568728,0.021550626184342943,0.0011056069148376916
1784442126.65703,0.021557247997659654,0.0011049391198252642
1784442126.7578025,0.02155614320207645,0.001105045071476892
1784442126.8606398,0.021548558651392734,0.0011057954082503824
1784442126.9615047,0.021537254355682555,0.0011069087796107084
1784442127.0617874,0.02153138601033776,0.00110750130511501
1784442127.166794,0.021531905556781118,0.0011074509609467046
1784442127.2676342,0.0215309979864001,0.001107535125697267
1784442127.3679388,0.021517584980676515,0.0011087965949148019
1784442127.4686592,0.021500413999606338,0.0011103749298941098
1784442127.5690758,0.021502538152213934,0.001110183913641606
1784442127.6781745,0.021516232060742834,0.0011089616846707555
1784442127.7784286,0.021532438350138343,0.0011075687389393673
1784442127.8814251,0.02154198813238925,0.0011067733792042486
1784442127.9874406,0.0215502827317712,0.0011061275939007972
1784442128.0887423,0.02156364406558891,0.0011051099177099995
1784442128.1893046,0.021574594889683364,0.0011042787163212065
1784442128.2906165,0.021571753261187248,0.0011044737841661896
1784442128.3944826,0.021581547087492558,0.001103834428287233
1784442128.4948962,0.021576734672982156,0.0011041653891334783
1784442128.5963945,0.02157054248820474,0.0011045660453647614
1784442128.6975086,0.021569439344638803,0.0011046470117517433
1784442128.797839,0.021564251608120637,0.001104932473820894
1784442128.8981025,0.021561737158245387,0.0011050644786507972
1784442129.004187,0.021562258863667527,0.0011050388578152785
1784442129.1047196,0.02156357230827848,0.0011049773154467246
1784442129.2066483,0.021563867559002074,0.0011049639507844874
1784442129.3074334,0.02156378712445807,0.001104967107133953
1784442129.4087782,0.021563565686937316,0.0011049757437680632
1784442129.5118892,0.021563268196686736,0.00110498696587856
1784442129.6162937,0.02156308724430163,0.0011049933561143963
1784442129.717286,0.02156316879746429,0.0011049903887719115
1784442129.817703,0.02156336980821985,0.0011049834687064605
1784442129.9185233,0.021563488518309495,0.0011049796168708817
1784442130.0218573,0.021563425267488258,0.0011049813952741041
1784442130.1258469,0.02156325906625971,0.0011049857707443019
1784442130.2260191,0.02156231257906887,0.0011050115127368
1784442130.3272698,0.02156228091647961,0.00110501245232245
1784442130.4275281,0.021562543401651615,0.0011050047363335407
1784442130.530075,0.021563091571652086,0.0011049891385755918
1784442130.6308832,0.021563364726862655,0.0011049812725755295
1784442130.7317605,0.02156321643702563,0.0011049857248339474
1784442130.8321857,0.02156282245216414,0.0011049987432428525
1784442130.9357414,0.021562561825301026,0.0011050076630601297
1784442131.0359998,0.02156258300411911,0.001105007031418085
1784442131.136814,0.021562791923668435,0.0011050000110748477
1784442131.2406285,0.021562930488127283,0.001104995065208457
1784442131.3410122,0.021562911811663758,0.0011049957180159227
1784442131.442284,0.021562755657804505,0.0011050008559521675
1784442131.5424428,0.021562553510964484,0.0011050073061282075
1784442131.6470578,0.021562426693859153,0.0011050115875883913
1784442131.7480922,0.021562586808845933,0.001105006163606532
1784442131.8490746,0.021562868577915763,0.0011049968360519016
1784442131.9510026,0.021562863737268814,0.0011049969943670121
1784442132.0510778,0.021562688847154305,0.0011050025773524266
1784442132.1558576,0.021562614462683077,0.001105004808806219
1784442132.256893,0.021562602445056776,0.001105005174744238
1784442132.3580809,0.021562583045164306,0.0011050057751527658
1784442132.458553,0.021562600371474318,0.0011050052199263235
1784442132.5604603,0.021562637864882456,0.0011050040694808763
1784442132.6628969,0.021562630953911283,0.0011050042833853117
1784442132.7652452,0.021562591470163473,0.001105005549443589
1784442132.8654494,0.02156256615626061,0.0011050063671828522
1784442132.9659078,0.021562550009912283,0.0011050068902025555
1784442133.0665278,0.021562538222942365,0.0011050072674502328
1784442133.1668706,0.021562534489803643,0.0011050073949760769
1784442133.2679553,0.02156253529824447,0.0011050073673655526
1784442133.3681886,0.021562527257633336,0.001105007637124608
1784442133.4710984,0.02156251142937639,0.0011050081526723465
1784442133.575205,0.02156249392878491,0.0011050087407781638
1784442133.6754477,0.021562481549765956,0.0011050091606838374
1784442133.777453,0.021562472361256878,0.0011050094638798116
1784442133.8776748,0.02156246454556867,0.001105009722500106
1784442133.9802616,0.02156245665134451,0.001105009962252963
1784442134.0871549,0.02156244669542003,0.0011050102415524608
1784442134.1903565,0.02156243494946812,0.0011050105985569757
1784442134.298699,0.02156242336390468,0.0011050109284466226
1784442134.3992038,0.021562412294804833,0.0011050112254381524
1784442134.5033784,0.02156240297185402,0.001105011473627669
1784442134.6063118,0.021562393049955622,0.001105011742368264
1784442134.706674,0.021562383122585252,0.0011050120310778515
1784442134.8111446,0.0215623732367053,0.00110501230418597
1784442134.9159462,0.0215623632194032,0.0011050125514586678
1784442135.0161026,0.021562352801856748,0.0011050128228889886
1784442135.1169257,0.021562343291533535,0.001105013088146523
1784442135.2206676,0.02156233391116418,0.0011050133477415575
1784442135.3223932,0.02156232511492269,0.0011050136068516073
1784442135.4264457,0.021562315405434348,0.0011050138626958381
1784442135.5267556,0.021562305633586916,0.0011050141105095107
1784442135.6305413,0.02156229640164838,0.001105014377811667
1784442135.7309785,0.02156228712851807,0.0011050146539395766
1784442135.8318172,0.021562278113024087,0.0011050148972434996
1784442135.9353845,0.021562268704736015,0.0011050151344726383
1784442136.03589,0.02156225984959756,0.0011050153622557122
1784442136.1361156,0.021562251031838387,0.001105015571741712
1784442136.2365787,0.021562242143393757,0.0011050157617919156
1784442136.3371227,0.021562232906737498,0.0011050159778622027
1784442136.437354,0.021562224190007244,0.001105016174292129
1784442136.5374193,0.021562215515287583,0.001105016338732447
1784442136.6376882,0.02156220777203541,0.0011050164653971773
1784442136.738015,0.021562200111622735,0.0011050165731959238
1784442136.8405843,0.021562191613930352,0.001105016686536023
1784442136.9424028,0.021562183652411533,0.0011050167866852073
1784442137.0457962,0.021562174859057454,0.001105016910405771
1784442137.1462784,0.021562166427576523,0.001105017020579672
1784442137.2470305,0.021562157789375352,0.0011050171137652516
1784442137.3506563,0.02156214963472804,0.001105017184993587
1784442137.4547033,0.02156214100467371,0.0011050172510102562
1784442137.5571592,0.021562132800757517,0.0011050172891697947
1784442137.660113,0.021562124313874366,0.001105017314129245
1784442137.7659976,0.021562118263434994,0.0011050173323651445
1784442137.8709083,0.02156211066571147,0.0011050173472716752
1784442137.9762464,0.021562105511538962,0.001105017353967095
1784442138.0783105,0.02156209834906255,0.0011050173633626163
1784442138.1822476,0.02156209169951601,0.001105017393940127
1784442138.2882805,0.021562085439955248,0.0011050174239783312
1784442138.3889616,0.021562080725067264,0.0011050174439100513
1784442138.4897375,0.021562072564886438,0.0011050174724815788
1784442138.5903742,0.02156206481279496,0.0011050174829437228
1784442138.691804,0.021562058245395546,0.0011050174854479265
1784442138.7925909,0.021562053550111253,0.0011050174955434366
1784442138.8955808,0.021562049971334502,0.0011050174916022188
1784442138.9959867,0.021562047671857192,0.0011050174867592345
1784442139.2689066,0.021562041155367917,0.0011050174740505907
1784442139.3739786,0.021562025214822696,0.0011050174510724368
1784442139.4750192,0.021562017133106525,0.0011050174447561872
1784442139.5771112,0.02156200966139687,0.0011050174481332079
1784442139.6775184,0.02156200185629227,0.00110501744680996
1784442139.7776518,0.021561994144681698,0.0011050174467734637
1784442139.8813906,0.02156198700223617,0.0011050174395355738
1784442139.9818797,0.02156197916209771,0.001105017398474872
1784442140.086271,0.02156197155419276,0.0011050173342595838
1784442140.187081,0.021561963992851086,0.0011050172617418264
1784442140.2873673,0.021561956427255603,0.001105017176917109
1784442140.391298,0.021561948803011377,0.0011050170656129155
1784442140.4975433,0.021561941247614864,0.0011050169334870343
1784442140.5976746,0.021561933708482063,0.0011050167819791283
1784442140.7018526,0.02156192618111531,0.0011050166451189128
1784442140.8050165,0.021561918700894894,0.0011050165110091034
1784442140.905614,0.02156191114955077,0.0011050163524243175
1784442141.0060449,0.021561903199014635,0.001105016186061518
1784442141.1069045,0.0215618957327898,0.0011050160259085675
1784442141.2074704,0.021561888596137755,0.001105015860368686
1784442141.312923,0.021561881120842456,0.001105015686018394
1784442141.4130516,0.021561873603169895,0.0011050154937998914
1784442141.5196235,0.021561866173737215,0.0011050153106443995
1784442141.625098,0.021561858661135417,0.0011050151322538253
1784442141.7256508,0.02156185118709574,0.0011050149750919174
1784442141.8269882,0.021561843388817215,0.0011050148219313672
1784442141.9282439,0.021561836366755262,0.001105014669381684
1784442142.0312023,0.02156182853692108,0.0011050144857947283
1784442142.1318424,0.021561821428838324,0.0011050143144843442
1784442142.2353313,0.02156181394972991,0.0011050141504827969
1784442142.3355122,0.0215618065062952,0.0011050139652058002
1784442142.4377751,0.021561799070399505,0.0011050137778121545
1784442142.5392065,0.02156179157503141,0.0011050135846268692
1784442142.6402373,0.021561783728056498,0.001105013395781723
1784442142.7427137,0.021561776322392586,0.0011050132112699182
1784442142.8468797,0.021561768506934705,0.001105013009356555
1784442142.9476497,0.021561761038412192,0.0011050127823874834
1784442143.0485322,0.021561753986194903,0.0011050125505258296
1784442143.1490414,0.02156174687271936,0.0011050123059053393
1784442143.254405,0.021561739419356414,0.001105012038831443
1784442143.3550434,0.02156173198156538,0.0011050117683794119
1784442143.458052,0.021561724504082034,0.0011050115013160407
1784442143.5583844,0.021561717086884855,0.0011050112211694746
1784442143.664234,0.02156170962441243,0.0011050109277641626
1784442143.7682457,0.021561702210455683,0.0011050106297613028
1784442143.871082,0.02156169518596055,0.001105010359449409
1784442143.9716163,0.021561687429933536,0.0011050100697667826
1784442144.072659,0.021561681436503347,0.0011050098518761307
1784442144.1756845,0.021561673665906958,0.0011050095625552865
1784442144.2759342,0.02156166624038644,0.00110500928579271
1784442144.376353,0.02156165838916123,0.0011050089802492737
1784442144.4767368,0.021561652020044668,0.0011050087217541952
1784442144.5771027,0.0215616445419619,0.0011050084102250954
1784442144.6774058,0.021561637500206694,0.0011050081108999615
1784442144.7819567,0.02156162973220546,0.0011050077738215208
1784442144.8821924,0.02156162226313801,0.0011050074390105372
1784442144.9858394,0.021561615154171255,0.0011050071119565095
1784442145.086058,0.021561607659725236,0.0011050067653609267
1784442145.186747,0.02156160094722996,0.001105006447835713
1784442145.2872295,0.021561593078263493,0.0011050060685378268
1784442145.390783,0.021561585966580504,0.001105005720535134
1784442145.4910607,0.021561578819498273,0.0011050053511360571
1784442145.5917788,0.02156142287832734,0.001104997240183329
1784442145.695691,0.021561151157041863,0.0011049835520695866
1784442145.7965744,0.02153389758289609,0.0011036505863014961
1784442145.8972282,0.02155831618100631,0.0011045970154564926
1784442145.9978542,0.021533892688488737,0.0011041289653938439
1784442146.0980453,0.021539955510420688,0.0011041008264584427
1784442146.200014,0.021565802473139658,0.001104394062465276
1784442146.3002367,0.021590663815421365,0.0011048845328034008
1784442146.4005935,0.02159811819345993,0.0011049739549700232
1784442146.5014045,0.021588081620016915,0.0011048579798247444
1784442146.6018686,0.021573152791781385,0.00110458612634212
1784442146.7024179,0.021563807722359496,0.001104419737458061
1784442146.804975,0.021564859559976144,0.0011044374876229774
1784442146.9056103,0.021572204792302818,0.001104574949931466
1784442147.0059495,0.021578540522871396,0.0011046889930438847
1784442147.1068015,0.021579776729073658,0.001104707920907036
1784442147.207005,0.02157731475163186,0.0011046746209293606
1784442147.3079545,0.021573683562666757,0.0011046123298354023
1784442147.410871,0.021571516143935956,0.001104566747069693
1784442147.5114455,0.021571889354944647,0.001104575110536114
1784442147.615961,0.021573798154080562,0.0011046179248221837
1784442147.7166536,0.021575198478164474,0.0011046511927967672
1784442147.8173704,0.02157545851075438,0.0011046571054178704
1784442147.925393,0.021574793960289676,0.0011046420171875139
1784442148.0255828,0.021573772629322797,0.0011046208188207267
1784442148.1259632,0.021573330927623917,0.0011046109748470863
1784442148.2264192,0.02157348482309296,0.0011046148575743573
1784442148.3270164,0.021573918427066126,0.001104626134658028
1784442148.4280183,0.021574246385556106,0.001104635535358266
1784442148.5327446,0.02157428182962031,0.0011046365937722841
1784442148.6342912,0.02157412748466005,0.0011046320101856333
1784442148.7351966,0.021573878169042104,0.0011046240689074407
1784442148.836576,0.02157375110552387,0.001104619651891057
1784442148.9373357,0.02157377104356492,0.0011046203800618244
1784442149.0404477,0.021573863770725434,0.0011046236830600487
1784442149.141019,0.021573930452719218,0.001104626010372573
1784442149.2419624,0.021573926760426923,0.0011046258914306716
1784442149.4028726,0.021573918533867784,0.0011046256000092703
1784442149.5072923,0.02157378276986366,0.0011046207953047998
1784442149.6075943,0.02157376605004408,0.0011046201890570569
1784442149.7109113,0.021573772437131176,0.001104620419726669
1784442149.8113365,0.02157378142676247,0.0011046207466307984
1784442149.9123418,0.021573777869173943,0.0011046206021868292
1784442150.0154927,0.021573757730713173,0.0011046198157480497
1784442150.1164362,0.021573733215302083,0.0011046188894958155
1784442150.2166781,0.02157371094234985,0.0011046180363834795
1784442150.3169534,0.021573696305273005,0.0011046174318417887
1784442150.4172156,0.021573688438303526,0.0011046170911153258
1784442150.5207613,0.02157368092688787,0.001104616762888405
1784442150.6251955,0.02157366904440587,0.0011046162275789987
1784442150.7266917,0.021573655048984206,0.0011046156083364632
1784442150.8272207,0.021573639871232553,0.0011046149369742758
1784442150.927666,0.02157362568731944,0.0011046143042380426
1784442151.0277858,0.02157361275733189,0.0011046137756882395
1784442151.1299238,0.02157360133275767,0.001104613304040567
1784442151.2327337,0.021573589924734057,0.001104612771389126
1784442151.3376396,0.02157357833060133,0.0011046122265970918
1784442151.441062,0.02157356555545399,0.0011046115986192626
1784442151.5418956,0.021573520762464018,0.0011046092866651494
1784442151.6429648,0.021573165036149155,0.0011045913251268654
1784442151.7470582,0.021572163313686898,0.0011045911272200876
1784442151.8474548,0.0215471084619413,0.0011041637921915801
1784442151.9511192,0.021545707350918354,0.0011039784454873166
1784442152.051325,0.021519507847918524,0.0011050489319957457
1784442152.1514218,0.021512494659525854,0.0011058978453468364
1784442152.2516656,0.02151865665976931,0.0011051616049250381
1784442152.3556724,0.021572358850760313,0.0010994910827464037
1784442152.4561853,0.021636077493517602,0.0010936279229079582
1784442152.556332,0.021670634015648695,0.0010905796309774274
1784442152.6573782,0.021665286459009524,0.001091063906380208
1784442152.7575276,0.021632270617281724,0.0010938625511041063
1784442152.8578515,0.021598582780932653,0.0010966037038326595
1784442152.96,0.021581293599396457,0.0010980088295058647
1784442153.0606117,0.021589000664533117,0.0010973991120981283
1784442153.1608062,0.021613061199238844,0.0010955787968701075
1784442153.2612488,0.021624387221730695,0.0010947910633814775
1784442153.3628423,0.021623559475913285,0.0010948455229743863
1784442153.4660003,0.021612471110018263,0.0010955920368154349
1784442153.566684,0.02159986808276262,0.0010964178592585468
1784442153.6679099,0.021592811393583867,0.001096872866642879
1784442153.7681828,0.021580919190376694,0.0010976336969779148
1784442153.868531,0.021579867446707385,0.0010977064808127535
1784442153.970099,0.02159170974335641,0.0010969878237501649
1784442154.0712068,0.021584830157749285,0.0010973978580016588
1784442154.1714656,0.02159009902051816,0.0010970780596638867
1784442154.2716665,0.021592663005157078,0.001096947571055316
1784442154.3718617,0.021603237764253082,0.0010963658906646048
1784442154.4720743,0.021613258484201914,0.0010958168645526353
1784442154.574109,0.02161528086193145,0.0010957064271650066
1784442154.6774209,0.021615941635959448,0.0010956707618057279
1784442154.7778065,0.02161231490945358,0.0010958633602306505
1784442154.878417,0.021607994188884937,0.0010961051891573723
1784442154.981855,0.021607583099699554,0.0010961287866645478
1784442155.0820255,0.02160974616503714,0.0010960063725203274
1784442155.1824524,0.02160934350608236,0.0010960275252259663
1784442155.2835107,0.02160591365338253,0.0010962150138477183
1784442155.3878953,0.021601739778157325,0.0010964473220670206
1784442155.489933,0.02159973812674454,0.0010965550841455357
1784442155.5901985,0.021600377707130084,0.0010965205432507496
1784442155.6912067,0.021601984970498905,0.0010964400390309987
1784442155.7913601,0.021603258972351196,0.0010963808003715489
1784442155.8929894,0.021603243203655025,0.0010963819625031644
1784442155.9962676,0.02160229079457621,0.0010964313851507905
1784442156.0972297,0.02160123182995387,0.001096483497781032
1784442156.197355,0.021600610644198444,0.0010965152460744977
1784442156.3004386,0.021600689177688395,0.0010965113366761948
1784442156.4011796,0.021601200718980484,0.00109648549389627
1784442156.5015213,0.021599975670023506,0.0010965474635892434
1784442156.6021247,0.021599931271872732,0.0010965492467328297
1784442156.7025914,0.02160135947891983,0.0010964821423189316
1784442156.8031788,0.021602705539627145,0.0010964212218648782
1784442156.9054832,0.021602681970395467,0.0010964220655968902
1784442157.008346,0.021601538321810304,0.001096467658792422
1784442157.109946,0.021600338984748307,0.0010965161930082624
1784442157.2103674,0.021600148044568977,0.0010965236230822764
1784442157.3105888,0.021600895602102967,0.0010964941513816552
1784442157.4111445,0.02160159116796564,0.001096467543925319
1784442157.511519,0.021601722942956342,0.0010964626434195757
1784442157.6116283,0.02160130092365545,0.0010964785939916056
1784442157.7146435,0.021600884446691355,0.001096494710832131
1784442157.8147948,0.021600746478176513,0.0010964997244413493
1784442157.915238,0.02160089259824105,0.001096495268298081
1784442158.0172765,0.021601076091293175,0.0010964897647329805
1784442158.1178935,0.021601129631064645,0.0010964882345980672
1784442158.218373,0.021601059764491455,0.0010964902027611634
1784442158.322907,0.021600953144504227,0.001096493151832405
1784442158.4279199,0.021600888751552534,0.0010964949626222696
1784442158.5374722,0.02160087578268818,0.0010964953189510447
1784442158.6411746,0.021600885794764355,0.0010964950635709327
1784442158.741347,0.021600891027441498,0.0010964949353723305
1784442158.8423219,0.02160088177507068,0.0010964951478562494
1784442158.9425435,0.02160085931002809,0.0010964956461774382
1784442159.042782,0.021600834023895867,0.0010964961592956797
1784442159.1466868,0.021600806532674488,0.0010964967101692303
1784442159.2468958,0.0216007848218064,0.0010964971172835582
1784442159.3472188,0.02160077073837649,0.0010964973300277724
1784442159.54672,0.02160076566575485,0.0010964973972156806
1784442159.6479661,0.021600735387950126,0.001096497672858373
1784442159.748493,0.021600716961537873,0.0010964978443682768
1784442159.8509314,0.02160069532482406,0.0010964980206884432
1784442159.9512997,0.021600677271486197,0.001096498168173256
1784442160.0515075,0.021600662896897504,0.0010964982623714915
1784442160.1520395,0.021600649770490105,0.001096498344742125
1784442160.2553856,0.02160063535652613,0.001096498406410759
1784442160.3570786,0.021600619541026156,0.0010964984615098954
1784442160.4574509,0.021600603730031462,0.0010964984687349205
1784442160.5613189,0.02160058730022586,0.001096498446907251
1784442160.6622703,0.02160057161554104,0.001096498401775053
1784442160.7663493,0.021600556826961513,0.0010964983084152508
1784442160.8666627,0.02160054220368354,0.0010964981955660237
1784442160.9670317,0.021600528116488462,0.0010964980693888725
1784442161.0678604,0.02160051239472383,0.001096497914018683
1784442161.1685736,0.021600498283183764,0.0010964977473177514
1784442161.2699904,0.021600485000301452,0.0010964976047380922
1784442161.3702953,0.021600469803058596,0.001096497433344655
1784442161.4709582,0.021600457040254997,0.0010964973145323955
1784442161.5713341,0.021600443574179652,0.0010964971860522854
1784442161.6730917,0.021600430257336864,0.0010964970098746257
1784442161.7756164,0.021600415490732758,0.001096496755944589
1784442161.8757083,0.02160040079562754,0.0010964964615796905
1784442161.9766974,0.021600387491893445,0.0010964961366800822
1784442162.07681,0.021600373036971307,0.0010964957178327026
1784442162.1816442,0.021600359526053686,0.0010964953245327122
1784442162.28543,0.021600345938981386,0.0010964948740290945
1784442162.3858447,0.021600333113314912,0.001096494431837405
1784442162.4863796,0.021600320384974548,0.0010964940004743714
1784442162.5866446,0.021600306406283586,0.0010964935378032226
1784442162.6869075,0.021600293247566665,0.0010964931233286622
1784442162.7877686,0.02160028071065679,0.0010964927315516293
1784442162.8907404,0.021600267575972706,0.0010964922795932807
1784442162.991055,0.02160025458808078,0.0010964918015041792
1784442163.0917277,0.02160024238024935,0.0010964913149783247
1784442163.196402,0.02160022893339876,0.001096490743997151
1784442163.2974136,0.021600216212105658,0.001096490174774476
1784442163.400555,0.021600202870105153,0.0010964895726918644
1784442163.5009007,0.021600190394369282,0.0010964889908448012
1784442163.6053143,0.021600177337974782,0.0010964883675732352
1784442163.705866,0.021600165491614434,0.0010964877850127728
1784442163.806268,0.021600124162146156,0.0010964855313290935
1784442163.9068375,0.02160005541599036,0.0010964816354818727
1784442164.0069895,0.02159980723565048,0.0010964673482198922
1784442164.1100013,0.02159967993472837,0.001096459984878159
1784442164.211559,0.021599789766200653,0.0010964662887686873
1784442164.3175519,0.021599849376283183,0.0010964696245903275
1784442164.419942,0.021599781442078914,0.0010964655410910795
1784442164.5218995,0.021599676387197158,0.001096459187117703
1784442164.6245232,0.02159961232731262,0.0010964550689500062
1784442164.7252083,0.02159956269359319,0.0010964518496741791
1784442164.8266435,0.021599539719849032,0.0010964504051155656
1784442164.92788,0.0215995553080651,0.0010964513520819107
1784442165.031423,0.021599573662362672,0.0010964524408596434
1784442165.1324906,0.021599564450030233,0.0010964519030738356
1784442165.2332506,0.02159954547346064,0.0010964507790831152
1784442165.3360605,0.021599534525008846,0.0010964500999176723
1784442165.4363623,0.02159953304338971,0.0010964500087510551
1784442165.5381947,0.021599537801380034,0.0010964503095156769
1784442165.6408021,0.021599548232317203,0.0010964509781155524
1784442165.7414482,0.021599556832266643,0.0010964515373964325
1784442165.8420293,0.021599561748841797,0.0010964518650844787
1784442165.9462984,0.021599565474562595,0.001096452090700785
1784442166.046624,0.021599570745564577,0.00109645239539444
1784442166.1478097,0.021599577341462565,0.0010964527525025311
1784442166.2503524,0.021599585806005725,0.0010964532118171737
1784442166.3511121,0.021599594725267887,0.0010964536796482633
1784442166.451407,0.02159969398207796,0.0010964585861011013
1784442166.5517395,0.021599893955301992,0.0010964679373484264
1784442166.652,0.02160023796580402,0.0010964845048823638
1784442166.7543135,0.02160043492179214,0.001096494272440177
1784442166.8550112,0.021600294423350534,0.0010964871694809117
1784442166.9573886,0.02160001981851799,0.0010964727630693627
1784442167.0600636,0.021599553101693342,0.0010964469377901524
1784442167.1622336,0.021599046371195158,0.0010964220062062175
1784442167.2658954,0.02157454619476234,0.001095175050006473
1784442167.3666213,0.02155523029946398,0.0010943147730655032
1784442167.4673543,0.021517367535678206,0.001093695206255076
1784442167.5680873,0.02151666387629633,0.0010936565990228616
1784442167.6713667,0.021536888124647467,0.0010930696299450916
1784442167.771853,0.021581180759430583,0.0010919172940510764
1784442167.8758273,0.02161399423184055,0.0010912425549381806
1784442167.9760303,0.021616921238708543,0.0010911773230289073
1784442168.0769393,0.021594941504226736,0.0010917046269289434
1784442168.1777256,0.021571119161161254,0.0010922724770228158
1784442168.2808475,0.021556566056745677,0.0010926434641758648
1784442168.3812637,0.021558321030635905,0.0010925953248593161
1784442168.4816136,0.021569015635455043,0.0010923219379510073
1784442168.5851383,0.021581547137456213,0.0010920115242577027
1784442168.6853297,0.021585591399983943,0.0010919066836852687
1784442168.7855866,0.02158146407787891,0.0010919944142214646
1784442168.8858993,0.021574485239292618,0.0010921250643438972
1784442168.987201,0.021569481322677036,0.001092216072248383
1784442169.0873518,0.02156923141943927,0.001092221948310772
1784442169.1900764,0.02157309257660144,0.0010921649846102274
1784442169.290312,0.02157638918181862,0.0010921196388983972
1784442169.3904777,0.02157697723055653,0.0010921103260980558
1784442169.4906209,0.02157523002424718,0.001092132923920604
1784442169.6819797,0.021574014581367037,0.0010921497210674568
1784442169.7823608,0.021571313026743973,0.0010921879857815797
1784442169.8825598,0.021571990670292668,0.0010921801062236285
1784442169.9827359,0.021571585316661642,0.0010921857742597857
1784442170.0843306,0.02157234209728379,0.0010921800750743457
1784442170.1873426,0.021574297552862557,0.001092166688402169
1784442170.2874675,0.021575363427261473,0.0010921626434702415
1784442170.3903747,0.021575122601113463,0.001092164329050467
1784442170.4930675,0.021573663734127727,0.0010921706397348148
1784442170.5937893,0.021572237367349718,0.001092175177845629
1784442170.7051637,0.021571926359649607,0.0010921761780401213
1784442170.8137853,0.021572269439348184,0.001092175748403033
1784442170.9143364,0.021573154657467678,0.0010921756291051388
1784442171.0158925,0.02157401960480711,0.0010921756523075638
1784442171.1242576,0.02157422043255909,0.0010921759013706785
1784442171.2259321,0.02157375654881968,0.0010921747677094418
1784442171.32673,0.021573097893158127,0.0010921737466767349
1784442171.4270592,0.02157286154979331,0.0010921735818114012
1784442171.5307596,0.02157303832912489,0.0010921740700440918
1784442171.6314585,0.02157328898067335,0.0010921748659848388
1784442171.731761,0.02157331386216628,0.0010921750081421498
1784442171.8353121,0.021573134624326643,0.0010921736646632807
1784442171.9358582,0.021573110351750954,0.0010921735013508563
1784442172.035958,0.021573281134043047,0.001092175020531059
1784442172.1367557,0.021573267261975542,0.0010921747587046046
1784442172.237493,0.021573138170817907,0.0010921727448100847
1784442172.3397453,0.021573103463890058,0.001092172020089774
1784442172.4400544,0.021573114214561904,0.001092172254031788
1784442172.5405211,0.021573083343405543,0.0010921714525871837
1784442172.6459398,0.021573064841182925,0.0010921708896463526
1784442172.7497697,0.021573067079892514,0.001092170966605793
1784442172.8509448,0.02157307205118005,0.0010921711286275312
1784442172.9571517,0.02157305374790433,0.0010921705068423116
1784442173.0593219,0.02157302852573587,0.0010921696268091686
1784442173.1603718,0.021573005457387284,0.0010921687414132178
1784442173.2606254,0.021572989693397607,0.0010921681330058983
1784442173.3607643,0.021572968882959884,0.0010921673176131333
1784442173.4609902,0.021572953291463772,0.0010921666773086116
1784442173.5615556,0.021572940979794734,0.0010921661574842504
1784442173.6619709,0.0215729261724489,0.0010921654838326582
1784442173.7661057,0.02157290563374648,0.0010921645332932516
1784442173.8673267,0.021572887205076705,0.0010921636702931957
1784442173.9716341,0.021572871114373296,0.0010921628654609436
1784442174.0723739,0.02157285517791327,0.0010921620442709034
1784442174.1763766,0.021572804084312846,0.0010921592771700002
1784442174.2769167,0.02157268128838875,0.001092152682831254
1784442174.3808057,0.02157241953062669,0.0010921388387826272
1784442174.4831362,0.021572281342911254,0.0010921317498104935
1784442174.5854638,0.021572236637728344,0.0010921294666498757
1784442174.6865582,0.021571927291767466,0.001092113536144349
1784442174.7868493,0.021572002425349904,0.001092117806621312
1784442174.8872454,0.021572030993850303,0.001092119213003722
1784442174.9875698,0.021572364561550598,0.001092135899216067
1784442175.0903587,0.021572688848944352,0.0010921524515690529
1784442175.191161,0.021572899441477344,0.0010921634729574336
1784442175.2915971,0.021572892589844368,0.0010921631251971271
1784442175.3921683,0.02157274406806018,0.0010921555493534443
1784442175.4962378,0.02157263446182672,0.001092149816167539
1784442175.5972912,0.021572631943494167,0.0010921496896383852
1784442175.6974444,0.021572670322654395,0.0010921518004028013
1784442175.8039386,0.021572709978535793,0.0010921539890950255
1784442175.9078066,0.021572647954077723,0.0010921505115190203
1784442176.0146754,0.021572427926744513,0.00109213774959324
1784442176.1161401,0.021572125354309114,0.001092119769880258
1784442176.217049,0.021572118783613217,0.0010921194340579802
1784442176.3176057,0.021572291848307286,0.0010921300865696637
1784442176.418123,0.02157233723971794,0.0010921329392226343
1784442176.518366,0.02157226899865989,0.0010921285577621934
1784442176.6221032,0.021572199747183156,0.0010921242890166891
1784442176.7252574,0.02157213199344025,0.0010921199579263683
1784442176.8258464,0.02157208169854631,0.0010921169062329862
1784442176.926089,0.021572085882694454,0.0010921171469575543
1784442177.0267024,0.021572121816796727,0.0010921191911366156
1784442177.1270258,0.021572136676596767,0.0010921200373638525
1784442177.22717,0.02157212553168182,0.0010921194395777756
1784442177.3312066,0.021572110664507767,0.0010921186493455593
1784442177.4319844,0.021572101817076514,0.0010921181837161744
1784442177.532809,0.021572235288870492,0.0010921245524806143
1784442177.6331127,0.02157246631425987,0.0010921348625396485
1784442177.7372296,0.021572810959556758,0.0010921506210486104
1784442177.8373704,0.021572906215600908,0.0010921550737766855
1784442177.938021,0.021572727871738032,0.0010921471208153405
1784442178.0384407,0.021572555238157612,0.0010921391858022204
1784442178.1407354,0.021572522807292018,0.0010921376376183296
1784442178.2429662,0.021572473953599108,0.0010921350877845545
1784442178.3465507,0.021572370234146022,0.0010921294689415094
1784442178.447171,0.021572133757008328,0.0010921162063677013
1784442178.547669,0.0215720061779713,0.001092109030296907
1784442178.6483357,0.02157211394403042,0.001092115221147775
1784442178.7512443,0.021572229473922826,0.0010921216786399645
1784442178.8514783,0.02157220143633908,0.0010921202501551698
1784442178.9518678,0.02157226898083706,0.00109212336460232
1784442179.056461,0.02157244534009526,0.0010921310730145066
1784442179.157947,0.021572703330999553,0.0010921430055848948
1784442179.2610235,0.021572679323911104,0.0010921419109710371
1784442179.3626049,0.021572506203111783,0.00109213373006302
1784442179.4632857,0.021572439261325554,0.0010921306825723296
1784442179.5654926,0.021572452500217255,0.0010921313128534843
1784442179.6660898,0.021572454784699845,0.001092131426614677
1784442179.8215513,0.021572456546160846,0.0010921315152809623
1784442179.9270847,0.021572385653860243,0.0010921277117805965
1784442180.027661,0.021572173577941202,0.001092117227383617
1784442180.1343138,0.021572128260011106,0.0010921151628395603
1784442180.2346296,0.021572550127869208,0.0010921369134166963
1784442180.335737,0.021572695480003998,0.001092144536531006
1784442180.4360168,0.021572482869813444,0.0010921330555283427
1784442180.5375688,0.021572362636892835,0.0010921263873852488
1784442180.6378484,0.021572376267098257,0.0010921271842579058
1784442180.7406456,0.021572351733672293,0.001092125734891737
1784442180.840904,0.02157233736163477,0.001092124871876522
1784442180.9413135,0.02157234857813671,0.0010921255191538367
1784442181.0416992,0.021572292205508176,0.0010921218784228236
1784442181.145963,0.021572030333307138,0.0010921050558187944
1784442181.2463796,0.021571856893518756,0.0010920937192016604
1784442181.3467731,0.0215719653370008,0.001092101085819412
1784442181.4472387,0.021572061054950777,0.0010921074683221514
1784442181.5475793,0.021572003960006855,0.001092103729528311
1784442181.6510425,0.02157192045690623,0.0010920981237273178
1784442181.753045,0.02157186591046386,0.0010920944200480515
1784442181.8561292,0.021571810946862547,0.0010920907730125981
1784442181.9597714,0.0215717931392377,0.001092089596686005
1784442182.0606008,0.02157181500021371,0.0010920910714686384
1784442182.16158,0.021571835486363225,0.0010920924672337714
1784442182.261885,0.02157182976128277,0.0010920920465196258
1784442182.3621192,0.021571816398580038,0.0010920910349350107
1784442182.465878,0.021571807897194376,0.0010920903832919787
1784442182.56602,0.02157180686189223,0.0010920903047854545
1784442182.6666286,0.021571811983129477,0.0010920906692560668
1784442182.7668965,0.021571823365381528,0.001092091455892891
1784442182.8671763,0.021571833727872147,0.0010920921505614175
1784442182.9679387,0.021571839716188902,0.001092092558789343
1784442183.068434,0.021571844691502123,0.0010920928978718127
1784442183.1690774,0.021571850093448447,0.0010920932754973083
1784442183.269301,0.021571856199461482,0.001092093693317745
1784442183.3705404,0.02157186424412203,0.0010920942494186277
1784442183.4712071,0.02157187350517948,0.001092094872439058
1784442183.5716107,0.021571882473910776,0.0010920954674671275
1784442183.675524,0.02157189123779609,0.001092096060989314
1784442183.775644,0.021571898868431316,0.0010920965971796658
1784442183.875816,0.021571906381248417,0.0010920971222799182
1784442183.9761465,0.021571913666644092,0.0010920976094816006
1784442184.0770528,0.021571922161010868,0.001092098168180901
1784442184.180732,0.021571930997752002,0.0010920987527675197
1784442184.281577,0.02157193976464042,0.001092099317928433
1784442184.386068,0.02157194870916291,0.0010920998813118924
1784442184.4870327,0.021571957096536747,0.001092100437667104
1784442184.5873957,0.02157196550148377,0.0010921010093245189
1784442184.6901612,0.02157197357702383,0.001092101538986684
1784442184.7904456,0.02157198172306227,0.001092102077006537
1784442184.8906486,0.02157199018590946,0.001092102640583521
1784442184.9909933,0.021571998219629265,0.0010921031751241856
1784442185.0913308,0.021572006238263004,0.0010921037078242136
1784442185.1945765,0.02157201473165215,0.0010921042640010545
1784442185.2956576,0.021572023108039663,0.001092104809031256
1784442185.3958528,0.02157203189561872,0.0010921053753323007
1784442185.4987113,0.021572039980574005,0.001092105888657002
1784442185.6016405,0.021572048404967077,0.0010921064347839675
1784442185.7062354,0.02157205687128912,0.0010921069310796166
1784442185.8079994,0.021572065381091677,0.001092107402036552
1784442185.9106243,0.021572179729554178,0.001092113010271813
1784442186.0211303,0.021572418173372254,0.0010921236440495263
1784442186.1238205,0.02157279482830208,0.0010921400536314963
1784442186.224509,0.021572947916782253,0.0010921470369374912
1784442186.3278184,0.02157275567090647,0.001092138310428688
1784442186.431055,0.02157255767520983,0.0010921289146355265
1784442186.5375168,0.021572504881197142,0.0010921262956763984
1784442186.6377761,0.021572513402440707,0.0010921266916203182
1784442186.740581,0.02157255597497821,0.001092128749533664
1784442186.8412235,0.021572614958110897,0.0010921317680178302
1784442186.941736,0.021572523515858685,0.0010921265939935752
1784442187.0431228,0.02157227776087366,0.001092112046303895
1784442187.146285,0.02157196766760242,0.0010920939341387693
1784442187.2470694,0.02157193309554876,0.0010920919030666767
1784442187.3473303,0.02157212549477373,0.0010921046430510952
1784442187.4474487,0.02157222644747848,0.0010921112303547268
1784442187.5476127,0.021572183749672312,0.0010921084508784555
1784442187.6507783,0.021572099591830953,0.0010921029249476152
1784442187.7511892,0.021572023011699037,0.0010920981358222735
1784442187.8535883,0.0215719674310485,0.0010920948020045344
1784442187.9565332,0.021571970150951695,0.001092094965322331
1784442188.0575285,0.02157200393886237,0.001092096973316257
1784442188.1605082,0.021572032625391046,0.0010920986539958953
1784442188.2616642,0.02157203656186234,0.0010920988854647045
1784442188.362296,0.021572022497716885,0.0010920981226115627
1784442188.4628644,0.021572009983948127,0.0010920974457711348
1784442188.5657609,0.021572006868085934,0.0010920972819554588
1784442188.666327,0.021572015158868824,0.0010920977238053266
1784442188.7665536,0.021572030798740902,0.001092098573587607
1784442188.8668022,0.021572044629980087,0.0010920993345541758
1784442188.9675553,0.021572053448607898,0.0010920997997252947
1784442189.0708554,0.021572182223135887,0.0010921062052852322
1784442189.1713262,0.021572403730087827,0.0010921175106533825
1784442189.2753673,0.021572672033495003,0.0010921319908051863
1784442189.3782542,0.021572585595685482,0.001092127008742535
1784442189.48018,0.02157205228635474,0.0010920982457037233
1784442189.5816376,0.021571779150705156,0.0010920838632592902
1784442189.6817448,0.02157191487347947,0.001092091379457172
1784442189.7821908,0.02157212190267405,0.001092102935928022
1784442189.993238,0.0215721747664643,0.00109210594732887
1784442190.0962436,0.021572150311200508,0.0010921043587001939
1784442190.197473,0.021572056302581962,0.0010920988285148625
1784442190.300005,0.021572030704802223,0.001092097406125247
1784442190.4011528,0.021572081942873977,0.0010921001846513475
1784442190.5049527,0.02157213944512918,0.001092103369453411
1784442190.6051664,0.02157215911635045,0.0010921044290648342
1784442190.7057912,0.021572260078986168,0.0010921098598877742
1784442190.8060975,0.021572468441898193,0.0010921211931488308
1784442190.906791,0.021572839370978942,0.0010921409199544456
1784442191.0104868,0.02157298023738271,0.0010921480241845478
1784442191.111253,0.021572815412545965,0.0010921401328328594
1784442191.211561,0.021572636094276502,0.0010921316095846986
1784442191.3163295,0.021572588644510518,0.001092129396354653
1784442191.4170444,0.021572595886404082,0.0010921297514908737
1784442191.5179105,0.02157262890620672,0.001092131384840742
1784442191.6212854,0.02157268496236797,0.0010921340974381242
1784442191.7227726,0.02157269993107033,0.0010921348316802913
1784442191.825045,0.021572113636318176,0.0010921052155134917
1784442191.9255428,0.021556848950635286,0.0010913639858497984
1784442192.0272865,0.02158774710580245,0.001092292955225614
1784442192.1277356,0.021560654646076004,0.0010924833633591433
1784442192.2320273,0.0215446000837911,0.0010927462968343968
1784442192.337708,0.021534463822482273,0.0010931070655257485
1784442192.4405882,0.021544533580266756,0.0010923379571853547
1784442192.541624,0.02160360312299622,0.0010884430601266855
1784442192.6418087,0.021660121239970166,0.0010853276279786483
1784442192.7419767,0.02168180853719831,0.001084134343316635
1784442192.8421314,0.021668635800662667,0.0010848714701529353
1784442192.9474473,0.021636531176329493,0.0010866310028467307
1784442193.047657,0.021606348747406877,0.001088294112026418
1784442193.1506739,0.021594252277328557,0.0010889805624615097
1784442193.2511415,0.021602492333075027,0.001088513758178726
1784442193.3515403,0.02161873678834758,0.0010876134620055574
1784442193.4522312,0.02163115419759984,0.0010869381008244603
1784442193.5556536,0.021633163801421346,0.0010868279393252806
1784442193.6560426,0.021625665713002024,0.0010872280645540682
1784442193.7564662,0.02161609892033203,0.0010877296680161129
1784442193.8566058,0.02161178534118321,0.0010879401644177306
1784442193.9569933,0.021613265507603324,0.0010878694433218235
1784442194.057263,0.021617664146482474,0.0010876633869207784
1784442194.1576679,0.021621398246332083,0.0010874950102962566
1784442194.2579503,0.02162256857040348,0.0010874453806386096
1784442194.360976,0.021621341071036783,0.0010875022758355954
1784442194.4614024,0.021620209816615,0.0010875535932616685
1784442194.5627444,0.021619626564735817,0.0010875777655570114
1784442194.6662138,0.02161894824828989,0.0010876056122395828
1784442194.7671351,0.021618346372761228,0.001087631474682978
1784442194.867711,0.02161847663479881,0.0010876257373365209
1784442194.9706914,0.021618840660270297,0.001087609866760327
1784442195.071684,0.021619001267604507,0.0010876035829409747
1784442195.176156,0.021618905970041513,0.0010876073864743297
1784442195.3023758,0.02161879622733739,0.001087611502665803
1784442195.4046423,0.021618991900923618,0.0010876043123251144
1784442195.506457,0.02161929498542243,0.00108759415369593
1784442195.6068165,0.021619311023816264,0.0010875935996317175
1784442195.709661,0.021619244558438857,0.00108759606760112
1784442195.8123782,0.02161917439686358,0.0010875985652672151
1784442195.913124,0.021619204429473578,0.00108759761796671
1784442196.0158026,0.02161926106367774,0.001087595907005749
1784442196.1164334,0.02161925508405867,0.0010875961009739982
1784442196.2165518,0.021619204645281186,0.0010875977163596054
1784442196.317088,0.021619165753915492,0.0010875988591121553
1784442196.4211245,0.021619147435718293,0.0010875993901838428
1784442196.521387,0.02161915253464813,0.0010875992326548538
1784442196.6252034,0.02161916044664892,0.0010875989961103
1784442196.7257729,0.021619151252987506,0.001087599252445257
1784442196.826371,0.02161912411733773,0.001087600065278999
1784442196.9274604,0.021619101976766773,0.0010876007548160872
1784442197.0279355,0.021619087878552063,0.0010876012068093994
1784442197.1292777,0.02161908052930883,0.0010876014291849592
1784442197.232194,0.021619070998372507,0.00108760169229337
1784442197.3410459,0.0216190583059555,0.001087602016169089
1784442197.442015,0.0216190421997009,0.001087602410643929
1784442197.5423048,0.021619027008228334,0.0010876027754523397
1784442197.6474357,0.021619011789815984,0.0010876031413516547
1784442197.7481277,0.02161899922510235,0.001087603448990053
1784442197.8496346,0.02161898604538002,0.0010876038180038928
1784442197.950728,0.021618973047179503,0.0010876041792999966
1784442198.0519135,0.021618959859281014,0.0010876045499698473
1784442198.1527243,0.02161894676607994,0.0010876049427051226
1784442198.2551084,0.021618932954155786,0.001087605366625778
1784442198.3562014,0.021618920432355467,0.0010876057615367598
1784442198.456627,0.021618907403141985,0.0010876061818106606
1784442198.5583246,0.021618894393082257,0.001087606602596798
1784442198.6615696,0.02161888086855415,0.0010876069680983897
1784442198.7621784,0.02161886730384598,0.0010876072611228048
1784442198.8673806,0.02161885380253948,0.0010876075356235488
1784442198.9676385,0.02161884029300053,0.0010876077905717415
1784442199.073432,0.021618826744198082,0.0010876080631271473
1784442199.173965,0.02161881337318523,0.0010876083375949291
1784442199.274278,0.02161880007371687,0.0010876086364855263
1784442199.3761106,0.021618786681242928,0.0010876089897643648
1784442199.4779732,0.02161877348524808,0.001087609374869124
1784442199.5826883,0.021618760282363324,0.0010876098183928708
1784442199.6884177,0.021618747159690678,0.0010876102258782815
1784442199.791047,0.021618734090243605,0.0010876106289983984
1784442199.896336,0.021618721101927845,0.0010876110689711674
1784442199.997298,0.021618708110939498,0.0010876115182043553
1784442200.1883047,0.021618708110939498,0.0010876115182043553
1784442200.2913914,0.02161867008919036,0.00108761278270023
1784442200.3915403,0.021618657945097562,0.0010876131759983065
1784442200.4919748,0.02161864451845989,0.0010876135935154177
1784442200.5926125,0.021618631770987284,0.0010876139767174492
1784442200.6928978,0.021618620388818854,0.0010876143068322963
1784442200.7949035,0.02161860785555148,0.0010876147138456052
1784442200.8963683,0.021618595192539294,0.0010876151105606777
1784442200.996587,0.021618583199340433,0.0010876154881167565
1784442201.0968878,0.021618571899843664,0.0010876158451419385
1784442201.1978066,0.021618559481886415,0.0010876162246254123
1784442201.3005145,0.021618547097662102,0.001087616610992051
1784442201.4011602,0.02161853536147865,0.0010876169820816732
1784442201.5051715,0.021618522389454064,0.0010876173644518592
1784442201.6053145,0.02161851083911512,0.0010876176744080894
1784442201.7068613,0.021618497966180157,0.0010876179928210052
1784442201.8092995,0.021618486348266276,0.0010876181992114586
1784442201.9125526,0.0216184736277251,0.0010876184094653187
1784442202.0152752,0.02161846093419433,0.001087618577820522
1784442202.1158414,0.021618449389815293,0.0010876187055336931
1784442202.2163894,0.021618437883774294,0.0010876187896986108
1784442202.3176968,0.021618426402057387,0.0010876188454039754
1784442202.4211326,0.021618414381693946,0.0010876188748217969
1784442202.521367,0.021618403057973724,0.0010876188752694464
1784442202.6219437,0.021618391102940285,0.0010876188484475547
1784442202.7223456,0.021618379150596948,0.0010876188007357347
1784442202.825436,0.021618367142080045,0.001087618739570402
1784442202.926042,0.021618355376036173,0.001087618665559186
1784442203.026689,0.021618343543417386,0.0010876185934139467
1784442203.127017,0.021618331668256264,0.0010876185580566834
1784442203.2275124,0.021618319952796304,0.0010876185514001112
1784442203.3281536,0.02161830819733302,0.001087618529315032
1784442203.429188,0.021618296472400773,0.0010876184876153364
1784442203.5327148,0.02161828527130481,0.0010876184495349154
1784442203.636539,0.02161827354682808,0.0010876184141511023
1784442203.7371745,0.021618261838799852,0.0010876183593773166
1784442203.837504,0.02161825131981032,0.00108761830244198
1784442203.9414902,0.0216182391289545,0.0010876182086964326
1784442204.0418744,0.02161822803621085,0.0010876180678829775
1784442204.1464279,0.02161821581011231,0.0010876178770456142
1784442204.2470303,0.021618204174514988,0.001087617704123956
1784442204.3525705,0.021618192588405367,0.0010876175014303802
1784442204.4580245,0.02161818621870223,0.0010876174028587758
1784442204.5596669,0.02161817577343952,0.0010876172670594964
1784442204.6604776,0.02161816432000691,0.0010876171285484429
1784442204.7619996,0.021618153496652474,0.0010876169811750395
1784442204.8621812,0.02161814191797085,0.001087616828560007
1784442204.962409,0.02161813030962382,0.0010876166764621235
1784442205.0631285,0.021618118841450863,0.0010876165211450473
1784442205.1659665,0.021618107399225817,0.0010876163170532032
1784442205.2662024,0.021618096491202513,0.0010876160853428437
1784442205.3666933,0.021618085059376017,0.0010876158125768943
1784442205.4669156,0.02161807415981535,0.0010876155399325458
1784442205.5715098,0.021618062756980437,0.001087615273501414
1784442205.6758308,0.021618050748900927,0.0010876150022450003
1784442205.7763677,0.02161803872563663,0.0010876146907936863
1784442205.8769836,0.021618027301532956,0.0010876143681223676
1784442205.9773214,0.021618015390211836,0.001087614044677019
1784442206.0779665,0.021618004046348754,0.0010876137175254053
1784442206.1812055,0.02161799270719853,0.001087613375305161
1784442206.281411,0.021617981436270337,0.0010876129935246945
1784442206.3816457,0.02161797062160619,0.0010876125907961233
1784442206.4821227,0.021617959357643803,0.0010876121715781893
1784442206.5827749,0.021617948022107602,0.0010876117151679097
1784442206.6854124,0.02161793725318114,0.001087611265068521
1784442206.7871852,0.021617925963790648,0.0010876107801815558
1784442206.890534,0.02161791470907522,0.0010876102860861753
1784442206.991022,0.021617904014302466,0.0010876098006079942
1784442207.0914652,0.021617893380031353,0.0010876093290597528
1784442207.1915655,0.0216178826772677,0.0010876088386476501
1784442207.291726,0.02161787139509344,0.0010876083261170777
1784442207.3919253,0.02161786067709158,0.0010876078356717737
1784442207.4974358,0.021617849443538693,0.0010876073145406598
1784442207.5977378,0.021617837692629528,0.001087606751174585
1784442207.7013092,0.021617827660835323,0.0010876062470412237
1784442207.801968,0.02161781696037609,0.0010876056909624888
1784442207.9057012,0.021617770641266253,0.0010876031358345508
1784442208.0059714,0.0216176130468973,0.0010875942939243125
1784442208.1062572,0.021617393179170854,0.0010875823213496321
1784442208.2071028,0.02161738649162857,0.0010875820387851037
1784442208.307501,0.021617500946848025,0.0010875889825910786
1784442208.4083688,0.021617485144920994,0.001087588152602153
1784442208.5106952,0.02161737872091845,0.0010875820401107282
1784442208.6120944,0.021617306982910377,0.0010875779441476855
1784442208.7158515,0.02161725279702153,0.0010875748192852156
1784442208.815988,0.021617217539652418,0.001087572759428505
1784442208.9162314,0.021617223842541847,0.0010875731172408077
1784442209.016787,0.02161724456841444,0.0010875743032758938
1784442209.1176434,0.0216172438493097,0.0010875742620671974
1784442209.2207615,0.021617225435500716,0.0010875732179743583
1784442209.3211787,0.02161721192142243,0.0010875724418957448
1784442209.421407,0.021617208430731318,0.001087572236946917
1784442209.5258965,0.02161721155854485,0.0010875724121964926
1784442209.6269739,0.021617219851929444,0.0010875728622901817
1784442209.7276363,0.021617243288281192,0.0010875740987826902
1784442209.8279543,0.021617296892836566,0.0010875769602257176
1784442209.9306839,0.02161738292162743,0.0010875817344838804
1784442210.0311568,0.02161734717799459,0.0010875797968032941
1784442210.1332798,0.02161721679754295,0.0010875728018806268
1784442210.4187477,0.02161717684071835,0.001087570722543911
1784442210.5204818,0.021618052359532628,0.0010876143917424655
1784442210.620645,0.021618012089470874,0.0010876125941941621
1784442210.721095,0.021617796629665738,0.0010876027946825223
1784442210.821943,0.021617670119632504,0.0010875968528833338
1784442210.9253302,0.021617657693001033,0.0010875962565165028
1784442211.0256243,0.021617680508794278,0.0010875973592178662
1784442211.126855,0.0216177379656263,0.0010876001359819952
1784442211.2272294,0.02161778830105611,0.0010876026384556872
1784442211.3277748,0.02161778107664755,0.0010876022557226505
1784442211.431337,0.021617734379040847,0.0010875998718175382
1784442211.531445,0.021617655240426414,0.0010875955434494454
1784442211.6320188,0.021617561452840668,0.0010875901789443182
1784442211.7358358,0.021617308372246666,0.0010875754707656952
1784442211.8363998,0.02161720235712107,0.0010875695306364593
1784442211.9367669,0.02161744629374649,0.0010875835368981178
1784442212.0377295,0.021617661046607527,0.0010875965573726907
1784442212.140657,0.021617523821814484,0.0010875883957503043
1784442212.2407901,0.02161720279855144,0.001087569207070353
1784442212.3414772,0.02161709716186373,0.001087562852358312
1784442212.4417424,0.021617155111438944,0.0010875661861459174
1784442212.545376,0.021617203489841693,0.0010875689086938883
1784442212.6467428,0.02161722902138099,0.0010875703505341316
1784442212.7470539,0.02161723058109353,0.0010875704314031822
1784442212.8503327,0.021617177955160084,0.0010875673368596107
1784442212.9509354,0.021617126504311815,0.00108756428766396
1784442213.0514286,0.021617123126231597,0.0010875640858598156
1784442213.1532762,0.02161714743033501,0.0010875655780118818
1784442213.2535427,0.021617166486298914,0.0010875667406433358
1784442213.354832,0.021617175054006715,0.0010875672649076774
1784442213.4556184,0.021617176105385338,0.0010875673331144906
1784442213.5564048,0.02161717333302185,0.0010875671615265124
1784442213.6567152,0.021617173766649653,0.0010875671866323545
1784442213.7569044,0.021617181128311052,0.0010875676157899913
1784442213.861282,0.021617193436874634,0.0010875683096940223
1784442213.9660528,0.021617204388941304,0.0010875689428526888
1784442214.066211,0.02161721297597469,0.0010875694487902958
1784442214.1667917,0.021617220224831573,0.0010875698786167681
1784442214.2670867,0.021617226812705784,0.0010875702703314531
1784442214.3672862,0.02161723388641807,0.0010875706661473477
1784442214.4704945,0.021617242509339205,0.001087571147501704
1784442214.5709026,0.021617251666293802,0.0010875716727644826
1784442214.6712382,0.021617260230386487,0.0010875721680313614
1784442214.7715287,0.0216172692548346,0.0010875726933238393
1784442214.8750305,0.021617277672745506,0.001087573181368658
1784442214.975849,0.021617285827520205,0.0010875736396004291
1784442215.076387,0.021617294196256475,0.0010875741093265342
1784442215.1766171,0.021617302996329482,0.0010875746018282413
1784442215.277645,0.021617312003547464,0.0010875750865798508
1784442215.3812604,0.021617320915448986,0.0010875755618410283
1784442215.4820497,0.021617329197323346,0.0010875759977375793
1784442215.5821748,0.02161733774060097,0.0010875764517353048
1784442215.6858397,0.021617346327280913,0.0010875768999942287
1784442215.7862403,0.02161750860668071,0.0010875850674252094
1784442215.8868966,0.021617785261506782,0.001087599363736704
1784442215.9871807,0.021618024820119208,0.0010876119622755293
1784442216.087314,0.02161801339884689,0.0010876115268527763
1784442216.1877537,0.02161781809757539,0.0010876018501727027
1784442216.2909167,0.02161785426164038,0.0010876036422764268
1784442216.3918383,0.021617911940517598,0.0010876064217397305
1784442216.492032,0.021617842019925865,0.0010876030248669426
1784442216.5961757,0.021617823046422083,0.0010876020300422552
1784442216.6966202,0.02161787498604501,0.0010876046958038313
1784442216.7969918,0.021617862922116114,0.001087604050531677
1784442216.899915,0.021617817571600664,0.001087601691183418
1784442217.0007122,0.021617754799486688,0.0010875982574857104
1784442217.1016948,0.021617634414025116,0.0010875914281452332
1784442217.201947,0.021617367206623883,0.001087576157115067
1784442217.3038461,0.0216172304355449,0.0010875683050374481
1784442217.4057631,0.021617380788032416,0.0010875770904286031
1784442217.5063405,0.021617511210819416,0.0010875846922378776
1784442217.6073916,0.021617474896247713,0.0010875826868619592
1784442217.7091937,0.02161737941877797,0.0010875774158138813
1784442217.8118544,0.02161730401663849,0.0010875733885890924
1784442217.923518,0.021617249724851795,0.0010875706080798228
1784442218.0265446,0.02161739770613003,0.0010875781166383128
1784442218.1268888,0.021617670634844065,0.0010875926000107716
1784442218.2282887,0.021617845940870625,0.0010876025090113227
1784442218.3363457,0.021617538999749025,0.0010875859768761352
1784442218.4373786,0.02161708831814925,0.001087561080909022
1784442218.5404377,0.021617060549704928,0.0010875594412751708
1784442218.6474786,0.021617252571392197,0.0010875697474116842
1784442218.747819,0.021617355602090983,0.0010875751051148996
1784442218.8481603,0.021617053974960925,0.001087559197288581
1784442218.950937,0.02161687897861105,0.0010875495608805162
1784442219.0512362,0.021616854352814265,0.0010875484769835837
1784442219.1521006,0.02161728617592157,0.0010875745799119015
1784442219.2523828,0.021617543807440635,0.0010875904354856769
1784442219.3529437,0.021617450792604645,0.0010875845844863555
1784442219.4627562,0.021617318350664882,0.0010875767341011924
1784442219.5631213,0.021617265475026275,0.001087573650696093
1784442219.665589,0.021617233688215835,0.0010875719080550436
1784442219.7656891,0.02161726727713665,0.0010875736792129458
1784442219.8660097,0.02161739884974189,0.0010875804501969822
1784442219.9696531,0.02161763909618229,0.0010875929507986161
1784442220.0700712,0.021617936949531562,0.001087609316483085
1784442220.1707563,0.021618015991191328,0.0010876136422187405
1784442220.270935,0.021617645626939744,0.0010875938259485819
1784442220.3719904,0.02161717214658735,0.0010875685260172384
1784442220.666912,0.02161708073420159,0.0010875635684955741
1784442220.770361,0.02161760250281511,0.0010875917245914129
1784442220.8711567,0.021617747303547614,0.001087599233051308
1784442220.9716487,0.021617953574829495,0.0010876103027065
1784442221.0757277,0.021618152225547107,0.0010876208610727939
1784442221.1763206,0.021618086149650176,0.0010876176108495362
1784442221.2769349,0.021617916321113696,0.0010876095287500273
1784442221.3831265,0.02161786746834341,0.001087607205279441
1784442221.4862046,0.021617833126578317,0.001087605358554716
1784442221.587072,0.021617712779907785,0.001087598913403333
1784442221.6880312,0.021617446673003596,0.001087583638132904
1784442221.79049,0.021617307732805,0.0010875755101420078
1784442221.890661,0.02161744355395504,0.0010875833954116644
1784442221.9907305,0.02161756607027504,0.00108759067453233
1784442222.0908954,0.02161755263657702,0.0010875898792568617
1784442222.1912005,0.0216174830959875,0.0010875858577244098
1784442222.2915163,0.021617433144996343,0.001087583176828652
1784442222.391814,0.021617505462666442,0.0010875869627736308
1784442222.4922903,0.02161773987217952,0.0010875998423885023
1784442222.597994,0.021618084714835804,0.0010876198227699786
1784442222.705856,0.021618122168482932,0.001087621898630683
1784442222.8104253,0.021618028377251564,0.0010876166238503768
1784442222.913487,0.021617889953898465,0.0010876090981321294
1784442223.013769,0.021617804607935148,0.0010876044648977063
1784442223.1150594,0.02161779557065021,0.0010876039543263603
1784442223.2153203,0.02161774003055186,0.001087600973256064
1784442223.3165553,0.021617620377387743,0.0010875944563796902
1784442223.4166873,0.02161738437424658,0.0010875820133709848
1784442223.5173638,0.021617404923262723,0.0010875830616056974
1784442223.6190705,0.02161770332280066,0.0010875987790510185
1784442223.720076,0.021618091885645722,0.001087619865038226
1784442223.8206072,0.021618100209656484,0.0010876202274168365
1784442223.9210565,0.021617872573190682,0.0010876078127731342
1784442224.022109,0.021617731798598647,0.001087600153346323
1784442224.12241,0.021617706984562408,0.0010875987456521613
1784442224.2315328,0.021617666251880007,0.0010875965072830588
1784442224.3349485,0.021617593052257036,0.0010875924984097083
1784442224.435719,0.02161743216046645,0.0010875841270631314
1784442224.540069,0.021617385933581347,0.001087581828349768
1784442224.643102,0.021617492920994946,0.0010875871640223867
1784442224.7451828,0.02161784915526976,0.0010876055896968926
1784442224.849769,0.021618066450830795,0.0010876169251089708
1784442224.9575639,0.021617961909123674,0.001087611518441695
1784442225.0583122,0.02161782961564935,0.001087604507091195
1784442225.1584327,0.02161771570508118,0.0010875983646670424
1784442225.2677033,0.021617545593291557,0.0010875895673997155
1784442225.370361,0.02161782090912647,0.0010876060081356665
1784442225.470509,0.02161757794937637,0.0010875909487781355
1784442225.5708168,0.02161688628838998,0.0010875419839356817
1784442225.6716855,0.02161671546981268,0.0010875284659169723
1784442225.779881,0.021609489507133425,0.0010868646521773487
1784442225.8874452,0.021636081280493394,0.001089484586257082
1784442225.9954848,0.021639392688621036,0.001089838272935885
1784442226.0958145,0.021638474920910963,0.0010897364791179474
1784442226.1965342,0.0216397873128637,0.0010898882162742056
1784442226.297566,0.021632738101586023,0.0010890544545682336
1784442226.397909,0.0215933617787737,0.0010839135039639872
1784442226.4981155,0.021588334422055735,0.001083239857683545
1784442226.6007435,0.021608074971389196,0.0010859941075348444
1784442226.701117,0.02161163993685466,0.0010865314867619916
1784442226.8015695,0.02160976392810029,0.0010862476380615088
1784442226.9021878,0.02162708840914296,0.0010892461331483067
1784442227.0057337,0.021596258702850115,0.001083893926989008
1784442227.106581,0.021602660347575676,0.0010851298705820546
1784442227.2069404,0.021591921546809965,0.0010830371461925867
1784442227.3072102,0.021586856099507435,0.0010819908613777462
1784442227.4073973,0.021599082877302174,0.0010845568346708097
1784442227.5126076,0.021599923204145288,0.0010847488718667359
1784442227.621757,0.02160475418676568,0.0010858643564824837
1784442227.7256925,0.021574969251770746,0.0010785483960875845
1784442227.8262153,0.021571217671182294,0.0010775666623033659
1784442227.9264622,0.021581325980310175,0.0010801332115162566
1784442228.0266993,0.021595696376839293,0.0010840289885153975
1784442228.1303554,0.021575561120538267,0.0010782163616803839
1784442228.2306144,0.021587959530188664,0.0010818646554208889
1784442228.3348515,0.02159235656167734,0.001083123812163594
1784442228.4356232,0.021656205621473145,0.0011016315415573405
1784442228.536662,0.02162506186278336,0.0010924864492025932
1784442228.6367242,0.02160891026822109,0.0010877059411334947
1784442228.7382352,0.02159957555688381,0.0010849334997968445
1784442228.838729,0.021595432251191128,0.0010836983080300202
1784442228.9458802,0.021600028579420786,0.001085052625685974
1784442229.053352,0.02160998414895789,0.0010879613045074105
1784442229.1539183,0.021616725424867835,0.001089942207943656
1784442229.2557352,0.021628690591646918,0.0010935285654925595
1784442229.3566012,0.02162417704692937,0.001092179162330093
1784442229.4580986,0.0216213336880234,0.0010913297827964538
1784442229.5588598,0.021636920581832125,0.0010959123180245619
1784442229.6593184,0.02160237699110922,0.001085465897199512
1784442229.7678118,0.021587341060659442,0.0010809360660894512
1784442229.869504,0.021598661305031523,0.0010843540482681293
1784442229.9703133,0.021615129300571186,0.001089360286701142
1784442230.0710526,0.021617687347762433,0.0010901403940215986
1784442230.1750927,0.02162132098716196,0.0010912409208346967
1784442230.276157,0.021619846871162595,0.0010907818288041348
1784442230.3769224,0.021594563366076586,0.0010830437508639657
1784442230.477098,0.021585435259769914,0.001080241584487154
1784442230.581132,0.021592664906773442,0.001082472732393583
1784442230.890666,0.02161625234923505,0.0010897179543010477
1784442230.9909475,0.021641660914264994,0.0010976504169988755
1784442231.0915596,0.02164358270458341,0.0010982698928735728
1784442231.1957588,0.02160426687469111,0.0010856159543639568
1784442231.2988546,0.02159830756091845,0.0010837157169498385
1784442231.4010172,0.021570569972921266,0.0010747626746249106
1784442231.5012298,0.021580869788735968,0.0010781841830461343
1784442231.6055007,0.021563233072797342,0.001072387891260675
1784442231.7055888,0.021583144112199838,0.0010790129670768262
1784442231.8061097,0.021607746331463985,0.0010871898758584848
1784442231.906904,0.02160490414070221,0.0010861903072610895
1784442232.009959,0.021658462786851823,0.0011042793661343356
1784442232.1128685,0.021683557355401454,0.0011128342125659963
1784442232.2129998,0.021674463892351958,0.0011096642759491889
1784442232.31622,0.021662273154148256,0.001105445391728646
1784442232.4164996,0.021642961240567696,0.0010987659399958592
1784442232.5176854,0.02163247451674746,0.001095166893000839
1784442232.6203291,0.02163498306218088,0.0010960398185637826
1784442232.720718,0.021627316183834632,0.0010933916185890957
1784442232.8210683,0.021665192937930886,0.0011064951890380037
1784442232.9213145,0.021637910757197516,0.0010970002773401065
1784442233.0249999,0.02164565953290791,0.001099715188146436
1784442233.1253257,0.021670302914041532,0.0011084876329576746
1784442233.2254472,0.021675052425697363,0.001110186419497152
1784442233.3259435,0.02168119936824887,0.001112415490327666
1784442233.4260383,0.021689039183347147,0.0011152502884254054
1784442233.5261984,0.02169282887257176,0.0011166214982840689
1784442233.626682,0.021692883670379026,0.0011166432077200268
1784442233.727061,0.02169062018435041,0.0011158163619223859
1784442233.8304276,0.021688673792685756,0.001115099163937643
1784442233.9313915,0.021687548054973926,0.0011146841553509115
1784442234.0330324,0.02168767757857685,0.001114732756898982
1784442234.1333091,0.021688791241981777,0.0011151473977537914
1784442234.2364578,0.021689812175854847,0.0011155283985332578
1784442234.3369606,0.021654979094064598,0.0011024875105734608
1784442234.451665,0.021648579795523936,0.0011000477555945468
1784442234.5518928,0.02165113581013952,0.0011010467110342244
1784442234.6617684,0.021657693175372705,0.001103626944607647
1784442234.7649066,0.021667277529321488,0.001107420272257775
1784442234.8654509,0.021674006457348096,0.0011101055406190982
1784442234.967444,0.02167437619084372,0.0011102537279451558
1784442235.0742188,0.021670148518076027,0.0011085543685265251
1784442235.1785035,0.02166507574815709,0.0011065095260484946
1784442235.2788022,0.021663144962607375,0.0011057327880774279
1784442235.3829544,0.021663403181941737,0.0011058349581323712
1784442235.4832475,0.021662888547694416,0.0011056320157640004
1784442235.5837355,0.02166134945610302,0.001105030140586371
1784442235.6854875,0.021668430052032433,0.0011077582320403632
1784442235.7858448,0.02165842906970202,0.001104025572018353
1784442235.885955,0.021661561638395183,0.0011051101299959253
1784442235.9860446,0.021669170034822324,0.0011078534706759821
1784442236.0891125,0.021673290721728522,0.0011093507641308595
1784442236.1898873,0.02168239195344184,0.001112516678816516
1784442236.2903197,0.021703969566340922,0.0011198745718193723
1784442236.3906698,0.02171410226737356,0.0011232740781459028
1784442236.4916763,0.021715856631661503,0.0011236739078249363
1784442236.595825,0.02173275629846674,0.0011288755815062747
1784442236.7016842,0.0217393282922523,0.0011308963954734432
1784442236.803317,0.021744353741740947,0.0011323912284263607
1784442236.9053102,0.021728005092856117,0.0011277189079698193
1784442237.0054767,0.02169444164710354,0.001118281312783641
1784442237.1078827,0.02168073572347246,0.0011144792832795734
1784442237.2101815,0.021676573264340113,0.001113348187854091
1784442237.3105197,0.021684505626493666,0.0011154848326144324
1784442237.4156017,0.02172902136595256,0.0011275249514018227
1784442237.5157728,0.021795368272354496,0.0011453090922966661
1784442237.6159086,0.021867659457440933,0.001164524332389029
1784442237.7163076,0.02190677523051223,0.0011747561475397173
1784442237.8166642,0.021919551440883495,0.001178055654320931
1784442237.917167,0.02189673351054884,0.0011723343162019944
1784442238.020231,0.0218777660832522,0.001167659185963069
1784442238.1204143,0.0218612693805879,0.001163642218703067
1784442238.2212842,0.02183743533089942,0.0011579108702336155
1784442238.3217459,0.02180437950007012,0.0011501386731124805
1784442238.421873,0.02179709809746687,0.0011484716645050973
1784442238.5253925,0.021764890974268133,0.0011412108668670952
1784442238.6260462,0.02175126287004126,0.0011381924285445008
1784442238.7278996,0.021715464904952665,0.0011302255002208733
1784442238.8311782,0.02169327636910671,0.0011253530387123928
1784442238.9319887,0.02168470293698289,0.0011234560797663356
1784442239.0326495,0.02170516045791007,0.00112778217917194
1784442239.1358795,0.021726512221743644,0.0011322434341012309
1784442239.236745,0.02174609594525994,0.0011363573683571813
1784442239.3400624,0.021754396453719866,0.0011380462999511724
1784442239.440442,0.021782921912561936,0.001143813654483495
1784442239.540614,0.021812546331597567,0.0011496842472744381
1784442239.6412086,0.02183841953225817,0.0011547077097418346
1784442239.7415357,0.02186987141988627,0.0011606857270804992
1784442239.841668,0.021900023923642414,0.0011663534206475116
1784442239.9444656,0.021905890322609402,0.001167436133650134
1784442240.0463138,0.021922159735325047,0.0011704136456413363
1784442240.146845,0.02194109158914812,0.0011737764308146707
1784442240.2473722,0.021940135070433752,0.001173602881338084
1784442240.3477404,0.021936079684611542,0.0011729291093673317
1784442240.4505956,0.021930689932199456,0.0011720319367336746
1784442240.551129,0.021943205339876634,0.0011741027092446168
1784442240.6517942,0.021962558456198853,0.0011772924986244754
1784442240.7529438,0.021958501283404486,0.0011766357951939026
1784442240.8573072,0.021962516335458114,0.0011772849063821757
1784442241.4059854,0.02196292346602513,0.0011773482104879792
1784442241.5067902,0.02199457704713805,0.0011822049789269242
1784442241.6127799,0.021991017890678116,0.001181662834426579
1784442241.7160835,0.02198558883258963,0.0011808362728277127
1784442241.8162105,0.021979705632746156,0.0011799375526945237
1784442241.9165647,0.02197580698788216,0.0011793444767232316
1784442242.0170639,0.02197665799496915,0.0011794729298726387
1784442242.1178634,0.021979815851471157,0.0011799457779145134
1784442242.2228267,0.02198233366713579,0.001180327486551981
1784442242.3239012,0.021982799679031394,0.001180398843980862
1784442242.424735,0.021981422230502798,0.0011801903322062812
1784442242.52526,0.02197966386080372,0.001179929450914064
1784442242.6255562,0.02197868331230969,0.0011797857213823187
1784442242.726415,0.021978677548851435,0.0011797845021250379
1784442242.8266258,0.02197931831440641,0.0011798705579214434
1784442242.9271877,0.021979749849007548,0.0011799264801940301
1784442243.0310314,0.021979583048694153,0.0011799056109038516
1784442243.1328897,0.0219789588531698,0.0011798288322782111
1784442243.2330897,0.021978409579834164,0.0011797613570439965
1784442243.335408,0.02197835361985913,0.0011797543361210987
1784442243.4371147,0.021978512926698963,0.0011797736759876585
1784442243.5372365,0.021978423000453506,0.0011797630888061386
1784442243.6404762,0.021977894399907365,0.0011797007381878517
1784442243.7416534,0.021977160076382507,0.001179613199178816
1784442243.8462677,0.02197657512906072,0.001179543267297296
1784442243.9470923,0.021974391362141635,0.0011792824764200395
1784442244.0472224,0.021972232134096593,0.0011790249455494752
1784442244.1478715,0.021974454475597555,0.001179286387001084
1784442244.2486398,0.021979808721899967,0.0011799077970836677
1784442244.3503373,0.021983329397631212,0.0011803201636899916
1784442244.4579198,0.02198165621981353,0.0011801282509304317
1784442244.5676816,0.021980359636805388,0.001179980267016556
1784442244.6782658,0.02197749842264146,0.0011796561295877098
1784442244.7824154,0.02197516348594391,0.0011793918753944723
1784442244.882539,0.02197419025501505,0.001179281237797253
1784442244.9827032,0.021974180095524303,0.0011792800145298769
1784442245.0856159,0.021975130598453456,0.0011793886878206955
1784442245.187598,0.021975889164070464,0.001179475626555473
1784442245.287825,0.021978874356354504,0.0011798119157672548
1784442245.3881705,0.021980127295597993,0.0011799483100605932
1784442245.4892824,0.021979806031426023,0.0011799130180084809
1784442245.5934968,0.021978863173928723,0.0011798096126631476
1784442245.7003584,0.021977742482079392,0.0011796874735667151
1784442245.8012576,0.021977046642315604,0.001179611914747409
1784442245.901825,0.021977452515652456,0.0011796553073560186
1784442246.0021977,0.021978200691136176,0.0011797345524165819
1784442246.102476,0.021978609584876768,0.0011797770488546325
1784442246.2055998,0.021978573047176507,0.0011797731600645118
1784442246.3058002,0.021978304252263877,0.0011797448853432056
1784442246.4066505,0.02197812789476677,0.0011797261578045865
1784442246.507533,0.02197812086806346,0.0011797253869677746
1784442246.6105778,0.021978222979789817,0.0011797359286480694
1784442246.7114084,0.021978341058801382,0.0011797481558983272
1784442246.8157356,0.02197841990859816,0.0011797564737326496
1784442246.916186,0.021978440580519832,0.0011797586137892021
1784442247.0174787,0.02197842704514232,0.0011797572255426451
1784442247.121011,0.021978406981568343,0.001179755137507033
1784442247.2251966,0.021978408548062447,0.001179755295353132
1784442247.3254805,0.021978440521562993,0.0011797585593195195
1784442247.4256756,0.021978486615624033,0.0011797631580557312
1784442247.5258465,0.021978529603270187,0.0011797674729444442
1784442247.6268177,0.021978554845148435,0.0011797700012223956
1784442247.7325702,0.021978563725206464,0.0011797708683239402
1784442247.8357184,0.02197857186307788,0.0011797716544317194
1784442247.9370697,0.021978590749984272,0.0011797734401736422
1784442248.0404825,0.021978618662206247,0.0011797760528736618
1784442248.1406744,0.021978648632253257,0.0011797787939601043
1784442248.2413256,0.02197867453849783,0.0011797811257113426
1784442248.3414347,0.021978695965879928,0.0011797830188468854
1784442248.4427211,0.02197871321424794,0.001179784468940257
1784442248.546806,0.021978733709740895,0.0011797861642897512
1784442248.6471238,0.02197875597699541,0.001179787966209389
1784442248.7487087,0.021978779825547676,0.001179789891924478
1784442248.849445,0.021978803288622638,0.0011797917950888942
1784442248.9495335,0.021978825754998575,0.0011797935426009032
1784442249.0507445,0.02197884854015983,0.0011797952785421264
1784442249.152085,0.02197886996150022,0.001179796894334277
1784442249.2526712,0.021978891613272884,0.0011797985080107894
1784442249.3551342,0.0219789151407515,0.0011798002005292067
1784442249.4553716,0.021978937892028094,0.0011798019057971782
1784442249.5563462,0.02197896062879031,0.0011798035735328118
1784442249.6575112,0.0219789831921007,0.0011798051838963785
1784442249.7675257,0.021978995553894116,0.0011798060504556872
1784442249.8702583,0.021979017779918238,0.0011798075165255154
1784442249.9714768,0.021979041186290682,0.0011798089731294974
1784442250.0736284,0.02197906266044735,0.0011798103147348143
1784442250.1745503,0.02197908564351185,0.001179811765786166
1784442250.2752483,0.02197910984085788,0.0011798132611656011
1784442250.3754857,0.02197913164683589,0.0011798145674001427
1784442250.4766018,0.02197915434977473,0.0011798159299248902
1784442250.5786748,0.02197917707576755,0.0011798172633400127
1784442250.6824315,0.02197920122176392,0.0011798185943242517
1784442250.7828743,0.021979223031480997,0.0011798197421947322
1784442250.8852615,0.021979444090835996,0.0011798307017677483
1784442250.9854326,0.02197978489854291,0.0011798476736949843
1784442251.085627,0.021980198492057523,0.0011798674667854042
1784442251.186266,0.021980276125802303,0.0011798711046816285
1784442251.2867386,0.021980033793064443,0.0011798597668227428
1784442251.3870955,0.021979857884383995,0.0011798509770305575
1784442251.6815376,0.021979838818330308,0.0011798499591331277
1784442251.7828486,0.021979561943494978,0.001179833987664775
1784442251.8831816,0.021979208428577635,0.001179813702764676
1784442251.985007,0.021979167084864498,0.0011798112243752012
1784442252.085138,0.021979426588651194,0.0011798260341823838
1784442252.186456,0.021979704919725233,0.0011798426576249525
1784442252.287276,0.021979732569066258,0.001179844248908096
1784442252.3904881,0.021979435772209545,0.0011798279937875482
1784442252.491091,0.02197913529100251,0.001179811715589263
1784442252.5916278,0.021979103126781373,0.001179810005399756
1784442252.6960907,0.021979243975255476,0.001179817882464947
1784442252.7997367,0.02197936597319747,0.0011798248218511098
1784442252.9007542,0.021979418013643174,0.0011798277530193117
1784442253.007669,0.021979397718750727,0.0011798266582610942
1784442253.107796,0.021979335868193867,0.0011798233302324718
1784442253.2122567,0.02197930336258068,0.0011798215482830398
1784442253.315543,0.021979331713862127,0.001179823029694345
1784442253.4180071,0.021979507269821338,0.0011798314714841244
1784442253.5207353,0.021979798935498153,0.0011798451901683497
1784442253.6217628,0.021980216971592418,0.0011798652928889188
1784442253.7250416,0.021980417427730936,0.0011798752779318812
1784442253.828065,0.021980256787381063,0.0011798678324375154
1784442253.937056,0.021980051911656338,0.0011798583900582025
1784442254.0373445,0.02197999060657067,0.0011798554867122853
1784442254.1375728,0.02198001435435652,0.0011798566870822949
1784442254.2376988,0.021980082108935754,0.0011798600999330209
1784442254.3410463,0.021980010896277075,0.0011798562519475034
1784442254.4416769,0.02197978575175386,0.001179843571728444
1784442254.5423343,0.02197944312378796,0.0011798246566272715
1784442254.6483586,0.021979317165643157,0.0011798177555151113
1784442254.7513633,0.021979017194994954,0.0011798016731305002
1784442254.851948,0.02194832421071657,0.0011782948743760723
1784442254.952282,0.02189668369699497,0.0011766091771443616
1784442255.0558364,0.02188212607555132,0.0011768562181266788
1784442255.156016,0.021831282323184837,0.0011783645410701048
1784442255.256705,0.02183109628904,0.0011783653250403534
1784442255.357288,0.021793905064354878,0.0011819891283441938
1784442255.4579065,0.02176240121233427,0.0011861115849548301
1784442255.5611234,0.021736567270581257,0.0011903505259015788
1784442255.661331,0.021731202988240043,0.0011915746460131667
1784442255.761526,0.021685550139182247,0.00120320542809387
1784442255.862251,0.0215816707552085,0.0012326516826758965
1784442255.9660246,0.021460431226902128,0.0012706850532420606
1784442256.0661743,0.021304672094449997,0.0013248555783043588
1784442256.166795,0.02113891183285296,0.0013903336997519696
1784442256.267492,0.02099800060294545,0.0014548768204658905
1784442256.370227,0.020810514645727002,0.0015522994523102052
1784442256.470706,0.020543567564416637,0.0017036163380578708
1784442256.5710273,0.02023812741359846,0.0018901906267617095
1784442256.6759105,0.019928716380255368,0.002095070243056275
1784442256.777044,0.019844520420255425,0.0021519763407293556
1784442256.877779,0.02162979390321484,0.0007076121342203529
1784442256.9807196,0.023909644929203673,-0.0013549215116793528
1784442257.0819218,0.024964612190844705,-0.002394122904247391
1784442257.1829698,0.024792655513369066,-0.0022095039548377915
1784442257.2852588,0.024025746240598285,-0.0012688289270309583
1784442257.3857734,0.02306515590147724,8.059198304830854e-05
1784442257.485873,0.022075743815713034,0.0014747887853420634
1784442257.5861669,0.021675722825750122,0.0020399121356266805
1784442257.686724,0.021712514174571013,0.001982693077657962
1784442257.7868724,0.02225634018134287,0.0010840452218822858
1784442257.8873637,0.022964779329238856,-0.00028033417537545356
1784442257.9906476,0.023543295665043932,-0.0015246770939954999
1784442258.0909982,0.023929002817371807,-0.00236873697090494
1784442258.19142,0.024037440438122844,-0.002611263839568406
1784442258.2958121,0.023791712064570782,-0.001994548223324637
1784442258.3965104,0.023787534862265772,-0.0020619333865244433
1784442258.4967756,0.02362633975070604,-0.0013061013334408878
1784442258.5971112,0.023784310534627217,-0.002137617357684552
1784442258.6976793,0.02398674354374997,-0.0033418046747248674
1784442258.7984812,0.024479149821378655,-0.007574941836425005
1784442258.900357,0.024902629264095973,-0.014276678618800909
1784442259.0007534,0.024909849649477532,-0.021674954663796108
1784442259.1051977,0.024460615392844574,-0.031250323937739584
1784442259.2058074,0.023489788948463618,-0.04440085022923929
1784442259.3060238,0.022846570602912983,-0.05360806044380263
1784442259.4064415,0.02261047587663042,-0.05815445060561038
1784442259.508011,0.022283954192058062,-0.06257306892912587
1784442259.6115289,0.021740958612997168,-0.06645160163465483
1784442259.715099,0.019541917317924387,-0.07728215309388475
1784442259.8154018,0.016738409127389657,-0.08992383365790725
1784442259.915886,0.012946821865784684,-0.10357634521605617
1784442260.0160854,0.0053865209522123685,-0.12390478839170092
1784442260.1175084,-0.004511978426102101,-0.14725199157214103
1784442260.2203436,-0.016359263771870962,-0.1737014029169106
1784442260.320534,-0.024722024702444348,-0.19227438264355493
1784442260.4208107,-0.02871222950407433,-0.20176595093775807
1784442260.5212705,-0.032577831101381335,-0.21124249150649899
1784442260.621456,-0.0015531395212871613,0.039015747160267816
1784442260.7256377,-0.02162839495752908,0.021570016258817132
1784442260.8260486,-0.04812431976521048,-0.0006796285660346513
1784442260.9266248,-0.07742289382006368,-0.02450756958863634
1784442261.0306613,-0.1091675653102391,-0.046889720860779555
1784442261.1310368,-0.1422016865303168,-0.06738506879065584
1784442261.231247,-0.17769448035151617,-0.08886336264177866
1784442261.3314767,-0.15797761465511687,-0.0916286090629892
1784442261.435962,-0.1894762301544991,-0.11058420637310346
1784442261.5364377,-0.22433211213324572,-0.13058619419244982
1784442261.6373682,-0.25969536023161116,-0.15055444549497815
1784442261.9530473,-0.27269692914035487,-0.15763371233672518
1784442262.0551794,-0.3665418852400266,-0.12948853656058212
1784442262.155704,-0.4012840677902881,-0.14267661508990864
1784442262.2559319,-0.441197044071391,-0.15790219801497096
1784442262.3569763,-0.4793803733855443,-0.17099473228080175
1784442262.4601095,-0.5153407288315524,-0.1813189432474963
1784442262.560521,-0.5549156946094214,-0.1913478416970581
1784442262.6658702,-0.5922155215425022,-0.20065608778016897
1784442262.7664504,-0.655140758713012,-0.21916833752255166
1784442262.8669527,-0.7706586499683711,-0.2567185059635931
1784442262.9679182,-0.8067581067016715,-0.2640094310332269
1784442263.0713902,-0.8480529945964618,-0.2734059988295951
1784442263.1735446,-0.8737933049821437,-0.2791189327743018
1784442263.2776144,-0.9037545460726383,-0.2852546560976527
1784442263.381245,-0.9456191167197548,-0.2927250740354853
1784442263.4815857,-0.9855919903453435,-0.29869773862140653
1784442263.585402,-1.0213867867255173,-0.303131456464718
1784442263.685743,-1.0624371323104682,-0.30718309733509136
1784442263.7867935,-1.1009127755306625,-0.3102840944041509
1784442263.8913665,-1.1187456740110504,-0.2977092444271551
1784442263.9961503,-1.1590719126930382,-0.29558022233195297
1784442264.0971384,-1.19982846582229,-0.29784564007314923
1784442264.1979306,-1.2370705483847215,-0.29967119098554257
1784442264.3014598,-1.2791000622055047,-0.3013356785143601
1784442264.4053519,-1.3198880020820205,-0.3024560330283323
1784442264.505521,-1.3598730937893262,-0.30304612798524805
1784442264.6059844,-1.4001001374742432,-0.3030103282823619
1784442264.7069259,-1.4354495216740575,-0.3025988743038716
1784442264.812404,-1.4670957252033743,-0.3020239326206879
1784442264.916253,-1.4988655001430735,-0.3011875784961768
1784442265.01721,-1.5769138620071472,-0.30935590285908243
1784442265.1174884,-1.6145785050203407,-0.3072637603773034
1784442265.2181127,-1.654093671530818,-0.30475551681612056
1784442265.3183784,-1.6902025629601105,-0.30214232359398063
1784442265.4184551,-1.7321300259304602,-0.2986832660243297
1784442265.5210745,-1.7699416994411914,-0.29497986984888624
1784442265.621297,-1.8077820596774785,-0.2906523820286119
1784442265.7251558,-1.845327315389337,-0.2858607991972001
1784442265.825558,-1.8831859341196129,-0.28082617728563053
1784442265.926446,-1.9431490726092675,-0.27540961807923636
1784442266.0265372,-2.0139253593231032,-0.26933201828038406
1784442266.126704,-2.0524503862295997,-0.2629755881906562
1784442266.2268856,-2.0922171457577363,-0.255820582267703
1784442266.3275816,-2.1281659219418416,-0.2488023141862334
1784442266.428228,-2.1695608343548543,-0.24015721233048143
1784442266.532744,-2.2083620711898084,-0.23145455594936365
1784442266.6336687,-2.245802324647261,-0.22251633478754318
1784442266.7356923,-2.2788808949873784,-0.21431651384742567
1784442266.835757,-2.299575249014021,-0.2091599180432343
1784442266.936023,-2.3348362314711077,-0.2034932911135553
1784442267.036119,-2.380169500188567,-0.19679608848371466
1784442267.1363797,-2.3816766096296926,-0.1965445202493818
1784442267.2365315,-2.381162274704696,-0.19662649152699485
1784442267.3368144,-2.3802030839093216,-0.19674223035521254
1784442267.4376295,-2.3791876572743593,-0.19681502304767445
1784442267.539974,-2.3784895733259446,-0.1968479406979488
1784442267.6408558,-2.3783345903773947,-0.19685189679379655
1784442267.7413597,-2.3791476566973397,-0.19686384783923067
1784442267.8419433,-2.382975992865096,-0.1969833559384056
1784442267.9430177,-2.3911202306476187,-0.19740858644825454
1784442268.0456464,-2.3983144786311277,-0.19800098588209053
1784442268.147426,-2.4052726995743425,-0.19875633213838523
1784442268.2488794,-2.411837052529055,-0.1996539903989752
1784442268.350343,-2.4176267899189563,-0.20063342904742681
1784442268.452516,-2.4175181004085373,-0.20059937696161023
1784442268.5559728,-2.417277731361462,-0.2005466201575289
1784442268.6570127,-2.417385462975141,-0.20057702368841013
1784442268.7572079,-2.4224202264075076,-0.20246077094425663
1784442268.860615,-2.432063796907658,-0.20633217901973105
1784442268.9610455,-2.439369459416911,-0.2093482111023507
1784442269.0615072,-2.4491256320609076,-0.21370863388910954
1784442269.1618247,-2.463677853492101,-0.22086052912998344
1784442269.2623663,-2.475697903936196,-0.2271469142177449
1784442269.3663888,-2.487336835030445,-0.23367361286081978
1784442269.4671223,-2.5064209369316015,-0.24526963009895297
1784442269.5674362,-2.534008611046557,-0.26382035260484904
1784442269.6697302,-2.559685811366211,-0.282825478010184
1784442269.7700145,-2.5877339007286433,-0.306064719322261
1784442269.8705208,-2.435644903071409,-0.24791947040944384
1784442269.9708025,-2.4664999064221993,-0.2764436559995256
1784442270.071342,-2.490763209072437,-0.30181445410353325
1784442270.174987,-2.519487694372632,-0.33426226137043
1784442270.2759657,-2.55788963231526,-0.4107523451812374
1784442270.37616,-2.6084671864523994,-0.5416440675099077
1784442270.4767776,-2.628407937915724,-0.566700102935336
1784442270.577391,-2.645786697835374,-0.5921421277294585
1784442270.6820889,-2.6657652281817095,-0.62471636520144
1784442270.7853742,-2.686601201849734,-0.6618874916658002
1784442270.8866358,-2.700984557815513,-0.6888737691961307
1784442270.987489,-2.7138891465584134,-0.7140852918652303
1784442271.091041,-2.728529739570969,-0.7448264798429671
1784442271.1962862,-2.742883876233337,-0.7758424196794609
1784442271.2974024,-2.755321262658151,-0.804412114567665
1784442271.3978775,-2.7684959723522202,-0.8367212145971208
1784442271.5011828,-2.8233338654653304,-0.7935941741054122
1784442271.6013744,-2.8362932918081736,-0.8287644713017153
1784442271.704898,-2.849903437455222,-0.8683427585125167
1784442271.8056202,-2.8565264278616374,-0.8889414240288456
1784442271.906145,-2.86847915644169,-0.9287103015240603
1784442272.2257946,-2.873454502404236,-0.9460051010348364
1784442272.3262684,-2.9055901809754303,-1.0689706320911057
1784442272.4264195,-2.9128770290622246,-1.1008758223880355
1784442272.5265737,-2.91856633503938,-1.1268126729265522
1784442272.62672,-2.9016119004135428,-1.0693154571656207
1784442272.727109,-2.905799011544066,-1.0977188676020817
1784442272.827516,-2.9086188290843253,-1.1213420158831036
1784442272.9284587,-2.9103703561370273,-1.140141355028951
1784442273.0318305,-2.910793845221678,-1.1460561240735605
1784442273.1356294,-2.910891575106943,-1.1475112225149475
1784442273.2365308,-2.911094547961388,-1.1500189999466826
1784442273.3371723,-2.911327537548428,-1.1526346463556143
1784442273.4372902,-2.9114020755995744,-1.1534543980462586
1784442273.5374594,-2.9114039057704093,-1.1534778725720398
1784442273.6404705,-2.9112828274860583,-1.1522043940448419
1784442273.7408984,-2.911144074516106,-1.1507814364829174
1784442273.8420372,-2.9110183216602263,-1.149471205704411
1784442273.9468324,-2.91099359546984,-1.149215122576118
1784442274.048342,-2.9110022950507384,-1.1493061477346789
1784442274.1509583,-2.9110618442758023,-1.1499272359082378
1784442274.2512624,-2.911092444377105,-1.1502418576682638
1784442274.3556213,-2.9106693768610667,-1.1460702486817063
1784442274.4561257,-2.9101551473862046,-1.1411519740365963
1784442274.5574296,-2.909619260735722,-1.1360452853341598
1784442274.6578002,-2.909049863039071,-1.1306320024153722
1784442274.7602923,-2.9085597439231714,-1.1258142678625647
1784442274.8613036,-2.908065704238883,-1.1211008693327646
1784442274.9681013,-2.9075463078883614,-1.1162357486017187
1784442275.0702453,-2.9070345813332747,-1.1113266222698148
1784442275.1709833,-2.9065478168712815,-1.1066559404853273
1784442275.2713068,-2.906012406139485,-1.101408680666927
1784442275.3751056,-2.90553438906265,-1.096655748505234
1784442275.4771745,-2.9050827538658255,-1.0921387502041107
1784442275.5773787,-2.9046007254378545,-1.087207595618106
1784442275.6785915,-2.9041880917125855,-1.0829726779325204
1784442275.781461,-2.9036549656491877,-1.0775348056300915
1784442275.8816352,-2.903178990327744,-1.0728100117948793
1784442275.985477,-2.9026735044642313,-1.067815460516084
1784442276.0859733,-2.902201265866557,-1.0630755824392355
1784442276.186396,-2.901712665196681,-1.0583272980529024
1784442276.2873883,-2.9012303210661243,-1.0536117888501093
1784442276.3875842,-2.9007072214761678,-1.0483990716991776
1784442276.4879143,-2.900261636151391,-1.0439296104323041
1784442276.5911567,-2.8997697542603915,-1.038965185267141
1784442276.6941905,-2.899283775697274,-1.034015486700004
1784442276.796348,-2.898805224365654,-1.0290445823179772
1784442276.8973827,-2.898303293982993,-1.023817090795984
1784442276.9978328,-2.89780497757459,-1.0186289105072484
1784442277.09843,-2.897357110997671,-1.013912285043678
1784442277.198679,-2.8969031209065847,-1.0089467409428208
1784442277.2998648,-2.8964350942309247,-1.0037204409752287
1784442277.4006681,-2.89599213566345,-0.9987315358382698
1784442277.5008764,-2.8955775966525197,-0.9940117788150066
1784442277.6027832,-2.8951489463602593,-0.9892703227011357
1784442277.7056935,-2.8946753957011064,-0.9842793563503136
1784442277.8058558,-2.89416497993959,-0.9788151232041895
1784442277.9064322,-2.8937172789170456,-0.9740600661249963
1784442278.006786,-2.8932754401388543,-0.969279818684488
1784442278.1072495,-2.892818540191241,-0.9643304719582804
1784442278.207525,-2.8923720604133876,-0.9596152631328172
1784442278.3108554,-2.8918833273119335,-0.9546312305898907
1784442278.4112563,-2.89141309128881,-0.9499026471937047
1784442278.51229,-2.890931767922357,-0.9449122945254853
1784442278.6140296,-2.890506788798559,-0.9404035938677704
1784442278.7161744,-2.8900265540207943,-0.9354306560321333
1784442278.8166814,-2.8895634295510075,-0.9306955437418538
1784442278.9172382,-2.8890474778696738,-0.9254456108602964
1784442279.0176923,-2.8885840740929707,-0.9207328648415523
1784442279.1204767,-2.8881241431531763,-0.9160146695210984
1784442279.2209597,-2.8876877970947907,-0.9113071794763123
1784442279.3210905,-2.887240046916591,-0.9065581619100593
1784442279.4214299,-2.886777217323477,-0.9015693311197113
1784442279.527317,-2.8863323263496583,-0.8968146677569111
1784442279.6313424,-2.885820386327181,-0.8915573927511183
1784442279.73598,-2.885303502926297,-0.8863668057898499
1784442279.8369462,-2.8847865558174646,-0.8811317444084878
1784442279.9371622,-2.8843483627979625,-0.8766513289452573
1784442280.0404932,-2.884005333840612,-0.8731735817490308
1784442280.1406562,-2.8834695120683396,-0.8679355613404707
1784442280.2411418,-2.8829795204091964,-0.8632087032118196
1784442280.3414888,-2.8824764441522115,-0.8582555774485829
1784442280.4461246,-2.881962418703018,-0.853006587164384
1784442280.546678,-2.881495165202757,-0.8482925113250857
1784442280.6471384,-2.8813664052926784,-0.8469801949982013
1784442280.7486758,-2.8813226445692015,-0.8465178148044554
1784442280.8507967,-2.8813057888513547,-0.8463460715119187
1784442280.9510827,-2.8813033705343027,-0.8463281947400496
1784442281.051541,-2.8813101182740675,-0.8463705774374737
1784442281.15522,-2.881308371892569,-0.8463638805470377
1784442281.2563884,-2.8812985731440124,-0.8463233892489288
1784442281.357075,-2.881283663550495,-0.8462671148320213
1784442281.4602413,-2.8812724926683613,-0.846229268829378
1784442281.5607426,-2.8812748112833075,-0.8462357296935066
1784442281.662206,-2.8812652416801745,-0.8462113760972926
1784442281.7659934,-2.8812247786019958,-0.8461170422743565
1784442281.867795,-2.8811631359582903,-0.8459853454036756
1784442281.9734488,-2.8810903488212887,-0.8458459640994183
1784442282.0747917,-2.8810122099794255,-0.8457116256715067
1784442282.1764038,-2.8809007120069827,-0.8455377925388974
1784442282.5310097,-2.8808145399844722,-0.8454118910941388
1784442282.6316516,-2.8797982280634375,-0.8441878397512226
1784442282.7318509,-2.8793825386486627,-0.8437683142320451
1784442282.831947,-2.8786983587519583,-0.8431133858502955
1784442282.9323134,-2.8779164030998943,-0.8423854648766811
1784442283.0357509,-2.8772791542695737,-0.8417971296191666
1784442283.136525,-2.8776861636328253,-0.8421706273593725
1784442283.2370598,-2.8789445906158395,-0.8433301093536014
1784442283.3371482,-2.8796627881741563,-0.844011682947402
1784442283.4403734,-2.8797792294893494,-0.8441249905350543
1784442283.5405688,-2.879603019623892,-0.843963445885493
1784442283.6413407,-2.879390792163286,-0.8437858615641036
1784442283.7414749,-2.8791908393500947,-0.8436349710796387
1784442283.8421028,-2.8789025514527955,-0.8434381816000527
1784442283.9465613,-2.8785320265024574,-0.8432045729805977
1784442284.0469258,-2.8781773509851085,-0.8429948684624149
1784442284.147704,-2.8779371556387217,-0.8428641533148935
1784442284.2479186,-2.8778641007479333,-0.8428269010064673
1784442284.3514829,-2.879062414932526,-0.8433429400662218
1784442284.451803,-2.8816625412774197,-0.8443406757896805
1784442284.5524359,-2.8826164054271075,-0.844670527817919
1784442284.6552856,-2.881996982979859,-0.8445012163054693
1784442284.7559853,-2.8811671415618187,-0.8443443154367718
1784442284.8565135,-2.8795075010084057,-0.84407548630627
1784442284.9570158,-2.8776194547510734,-0.8437503100325952
1784442285.0572672,-2.876336800505423,-0.8435437617272856
1784442285.1574461,-2.876184525986315,-0.8435219378503325
1784442285.2606375,-2.8770694608151315,-0.8436197403248304
1784442285.3611584,-2.8785259400584526,-0.8437080455296586
1784442285.4658427,-2.880230086463416,-0.8437141875743062
1784442285.5660317,-2.8812565387138274,-0.8437149002367872
1784442285.667981,-2.881815512072884,-0.8437240039258769
1784442285.7685366,-2.881218882968771,-0.8437244456761386
1784442285.8704035,-2.8805327837363572,-0.8437638993807222
1784442285.9708986,-2.881183019352696,-0.8436656150217341
1784442286.071446,-2.8801961050760863,-0.8438358945558082
1784442286.175294,-2.87891439024835,-0.8440932659916085
1784442286.2759607,-2.877700561936545,-0.8443615203277619
1784442286.3761022,-2.8773768988598394,-0.8444470621632436
1784442286.4766262,-2.879837935274712,-0.8436173232338438
1784442286.5770717,-2.8838896778597984,-0.8420285620535142
1784442286.6811419,-2.8888373132709737,-0.8398382443310615
1784442286.7812748,-2.8944947797390252,-0.837179157622665
1784442286.8814917,-2.897058928242486,-0.8359477446121657
1784442286.982181,-2.897612266709741,-0.8356791835153357
1784442287.0826385,-2.8971539321626443,-0.8359200932982978
1784442287.1852927,-2.8962708487051985,-0.8364230182963995
1784442287.2909756,-2.8968545539434896,-0.8360386148507324
1784442287.3911562,-2.8978802350740125,-0.8352797627441781
1784442287.4960825,-2.8994913748388207,-0.8340140379049874
1784442287.5972373,-2.901948828582333,-0.8319323924374177
1784442287.700857,-2.908080722003052,-0.8259186512399506
1784442287.8009913,-2.91624241647721,-0.8170909142023426
1784442287.9012325,-2.9237427026412948,-0.8086252621732897
1784442288.0014513,-2.92774463581829,-0.8040916904989284
1784442288.1025567,-2.892305554809112,-1.0380030850318156
1784442288.204715,-2.892898664228927,-1.037326249975593
1784442288.3065507,-2.8961672868884527,-1.0334598033607167
1784442288.4067538,-2.899988288847876,-1.0283125559287452
1784442288.5069973,-2.9032295624128674,-1.0235494052176095
1784442288.6103013,-2.905969619121024,-1.0194272026546745
1784442288.7123246,-2.908651975937336,-1.0148920709033054
1784442288.8202624,-2.9109752694480493,-1.0104852805734872
1784442288.9217823,-2.9138670844019168,-1.004132250400812
1784442289.0219805,-2.9161221090809124,-0.9984279347727563
1784442289.1221383,-2.920848483932342,-0.9843776972227145
1784442289.2254996,-2.925692598895281,-0.9689574849680576
1784442289.3257124,-2.927850654884736,-0.9618305828709558
1784442289.4265966,-2.930920146446416,-0.9495094184994164
1784442289.5268846,-2.935935031726955,-0.9275741611329439
1784442289.6272311,-2.940393868229946,-0.9067694308970926
1784442289.7313232,-2.942381401182757,-0.895877507133037
1784442289.8319554,-2.9436133331659096,-0.8890964970285534
1784442289.9324625,-2.9438124220494806,-0.8881903359064717
1784442290.0359006,-2.9449330301153,-0.8835149998343388
1784442290.136952,-2.9481942406344555,-0.8688282443772981
1784442290.2371743,-2.9455282247720995,-0.8011165353765562
1784442290.3373678,-2.9450584799558404,-0.7577920784512433
1784442290.4386067,-2.9468684490215997,-0.738230322956775
1784442290.539937,-2.9488119161198565,-0.70633861789966
1784442290.640741,-2.949941678948249,-0.6812693844453506
1784442290.7409556,-2.9501614080617484,-0.6687208238820066
1784442290.8413703,-2.9499304475560644,-0.6570263263948597
1784442290.9415643,-2.9486288916780654,-0.6334692127308161
1784442291.0458105,-2.946807740422067,-0.6021019031327086
1784442291.1473656,-2.903501993503209,-0.562253930348736
1784442291.2476096,-2.885319762287846,-0.5244840162915018
1784442291.3506923,-2.8849468093405912,-0.4849028241364531
1784442291.4513628,-2.884836423774253,-0.4459327139465263
1784442291.551883,-2.8851087966205533,-0.40650890734192635
1784442291.6557045,-2.885507695178262,-0.3645834062418615
1784442291.7565796,-2.886318302428593,-0.3240078271993273
1784442291.8570843,-2.887796319563252,-0.28517927983919783
1784442291.9575913,-2.8897011819509375,-0.2505330833873181
1784442292.0610292,-2.8926443266154296,-0.20926081455414827
1784442292.1616282,-2.8887347912218004,-0.1710423420749754
1784442292.2621312,-2.8897224147096208,-0.13322876030025002
1784442292.3661706,-2.8946255583221303,-0.09356364324400548
1784442292.4683738,-2.900130630145114,-0.05580535923961197
1784442292.877687,-2.903947552487485,-0.03249851746011692
1784442292.9807343,-2.9432048170948355,0.13752889777114816
1784442293.0812685,-2.954428057595301,0.1753468963911223
1784442293.1818857,-2.9648306668696325,0.3113450812057802
1784442293.2822294,-2.976260898663729,0.36422827149013415
1784442293.3841672,-2.989664292289129,0.40220214777937524
1784442293.4843185,-3.0040756284249763,0.43961576238765326
1784442293.5862455,-3.0192916708149866,0.47585794478889076
1784442293.6867414,-3.036588974837416,0.5142124804719936
1784442293.7868695,-3.0526683980948714,0.5474883148801641
1784442293.8873267,-3.069470513052142,0.5804363539697908
1784442293.990013,-3.086015544160605,0.6116589976315823
1784442294.0972517,-3.102987738133579,0.6424316667985392
1784442294.1978722,-3.1681742898522853,0.7898702742991285
1784442294.3013566,-3.2049879716348917,0.8607818071362392
1784442294.4052737,-3.2296047490818154,0.8957571447373014
1784442294.507031,-3.25132016126048,0.9242628724604818
1784442294.6108344,-3.2758088452334455,0.9539542316675347
1784442294.711105,-3.302598708772652,0.9839582920703267
1784442294.8118615,-3.3318450759770597,1.0137750436721702
1784442294.9120896,-3.3590880399216747,1.0392363233523623
1784442295.0158715,-3.3873983773174103,1.0646161889554042
1784442295.1161463,-3.412919119943954,1.087435269988473
1784442295.2171712,-3.435017781735406,1.1055800555418593
1784442295.3210728,-3.43892009815626,1.1078575394392065
1784442295.425164,-3.4515984396862485,1.1214081187007643
1784442295.525773,-3.470705364438638,1.1398755727833751
1784442295.6259975,-3.4977731521909514,1.1650311755012182
1784442295.7272098,-3.525366459105502,1.1881550309868334
1784442295.8309233,-3.5470230689991955,1.2042614780960108
1784442295.9310234,-3.565330481416322,1.2166336255769596
1784442296.0318716,-3.5907388234781594,1.2310925270977682
1784442296.1324227,-3.6190231196087423,1.245787459912791
1784442296.2336843,-3.6372612431819973,1.2551416645562075
1784442296.3353994,-3.644254013432008,1.2588196592554137
1784442296.4366927,-3.6446963200015383,1.2590550502169033
1784442296.5398679,-3.6462263387644946,1.2598449064904578
1784442296.6406772,-3.649257784316807,1.2612946446329243
1784442296.74111,-3.651932429383142,1.2624757532141415
1784442296.8450625,-3.6532732897026974,1.2630394042424682
1784442296.9464495,-3.6535308842559657,1.2631431405383706
1784442297.0480783,-3.6531919935250707,1.2630433218225097
1784442297.1506915,-3.6550657018770143,1.2634626799790112
1784442297.251009,-3.6626628000523627,1.2650595710744328
1784442297.3515108,-3.680294793754226,1.268654836311021
1784442297.4527166,-3.707825646134341,1.2738335120797732
1784442297.5529199,-3.7402089694585987,1.2791080264638175
1784442297.655253,-3.739347438405811,1.2955047609505124
1784442297.7556763,-3.7569724509459803,1.3031790886623522
1784442297.8574057,-3.7963980555517196,1.3049981814148879
1784442297.9604821,-3.837512567120755,1.3082398834030475
1784442298.0610256,-3.8733209765594285,1.3099945620053937
1784442298.161393,-3.913012535576275,1.3104269912782691
1784442298.2623472,-3.9506379767529047,1.3097206489824662
1784442298.3663926,-3.9882268377709673,1.3086997073235604
1784442298.4669092,-4.028005568764083,1.307322606239952
1784442298.5671678,-4.066686840968047,1.3052767322893248
1784442298.667603,-4.110849723461888,1.3016903315471544
1784442298.768201,-4.153451845674204,1.2966353011370677
1784442298.877612,-4.171692303642016,1.2940677301696804
1784442298.9880738,-4.194523768134338,1.2906180604347979
1784442299.0912638,-4.240893200472644,1.2822806700997536
1784442299.1918924,-4.279301941802188,1.2741999368512062
1784442299.2983115,-4.3180925349059756,1.2646477132805785
1784442299.402869,-4.354976125095926,1.2543010556686078
1784442299.5054986,-4.393749559320383,1.2421747578426436
1784442299.6057303,-4.433113637195726,1.2287485697406797
1784442299.7060738,-4.466768338916026,1.2164369251438083
1784442299.8084853,-4.4884722267900425,1.2448878991774592
1784442299.9102218,-4.520008443062179,1.2358702195921092
1784442300.0106463,-4.558404671783267,1.2187603542138612
1784442300.1113982,-4.591153527412594,1.2028738249298674
1784442300.211978,-4.621096738949316,1.1873716423229719
1784442300.3126044,-4.654002070211945,1.1693210519266697
1784442300.4166028,-4.6845168658792105,1.1516615932185037
1784442300.5180736,-4.714391580082248,1.1340150931159845
1784442300.6234255,-4.741139633448912,1.1182774501872754
1784442300.727744,-4.756443776968458,1.1092455679279145
1784442300.832522,-4.778567437213473,1.0959900720228293
1784442300.9347048,-4.811988878971873,1.0747995271387993
1784442301.0428176,-4.841087545245829,1.055301048668905
1784442301.144891,-4.954957883793743,1.011316950154204
1784442301.2460022,-4.972694693886289,0.9992739906938246
1784442301.3556426,-4.997652246243979,0.9815838165166848
1784442301.4568944,-5.0329625682322146,0.9545290471349077
1784442301.5583715,-5.057000025145,0.9348113964435241
1784442301.6601598,-5.103609634222295,0.8932356454988242
1784442301.763854,-5.1357610357543475,0.8662239853657409
1784442301.8652756,-5.1646928437997826,0.8422709240703046
1784442301.9669015,-5.194995181236117,0.8170511795401343
1784442302.0676355,-5.221317425962837,0.7943879240598841
1784442302.1765056,-5.246073296696559,0.7721308081963318
1784442302.280917,-5.2653791913978925,0.7541325441231075
1784442302.381792,-5.291203969410297,0.7290842745114027
1784442302.482056,-5.311697483384835,0.7085291883704936
1784442302.5836468,-5.3446600514848575,0.6740647473313826
1784442302.6837616,-5.369482418153627,0.6435977646275772
1784442302.7863703,-5.391105084198454,0.6025176630510911
1784442303.4250612,-5.403954308167131,0.5877705440026886
1784442303.5254014,-5.538245036705918,0.43083689774335016
1784442303.6284506,-5.561687214359861,0.40107604463988206
1784442303.731342,-5.58516645197431,0.37016406874455404
1784442303.8351138,-5.609646959057091,0.33683448782153996
1784442303.9353797,-5.671169453423058,0.28197542078848287
1784442304.036428,-5.702280725611575,0.24563112388083747
1784442304.1371686,-5.725880402763163,0.21214499444364815
1784442304.2406585,-5.747008543999156,0.18190213260714766
1784442304.34088,-5.7694074409210785,0.14966094238613387
1784442304.4412203,-5.79176857834404,0.11702355612150445
1784442304.5421336,-5.811463788258054,0.08751951605053815
1784442304.6423728,-5.83445490975258,0.052436375608431784
1784442304.7457778,-5.854587737542297,0.02104209011696384
1784442304.8461397,-5.87321088664645,-0.00852332733155775
1784442304.946494,-5.856027348221662,-0.01978840257858061
1784442305.0475185,-5.861434330870541,-0.03627313611799535
1784442305.150011,-5.875053180266622,-0.05913791665971993
1784442305.2505023,-5.88867437740479,-0.08240098372576979
1784442305.3508606,-5.896058953485439,-0.09519765180596632
1784442305.4513462,-5.899950628331268,-0.10179281379331376
1784442305.5514426,-5.9029191468328,-0.10650053767193768
1784442305.6516838,-5.903324590767146,-0.10712736751713095
1784442305.7522755,-5.903009020490191,-0.10665269098416277
1784442305.8552842,-5.902745391238651,-0.10628710779061137
1784442305.957567,-5.902556150850683,-0.10604257724526758
1784442306.0602107,-5.9025452194632875,-0.10602756151158135
1784442306.1603725,-5.902662674183339,-0.10615838316769491
1784442306.2607162,-5.902847503681841,-0.10635433004559294
1784442306.361284,-5.903069892171963,-0.10658076047010262
1784442306.4619858,-5.903196092687307,-0.1067033076376869
1784442306.565397,-5.903152758635533,-0.10666391718622276
1784442306.665958,-5.902991351917567,-0.10652075000078257
1784442306.7671504,-5.902788083970824,-0.10634764844099776
1784442306.8700821,-5.902544300527981,-0.10614867700039837
1784442306.9709954,-5.902262431451265,-0.10592980215432202
1784442307.0712805,-5.901301052144747,-0.10521955880322009
1784442307.1717355,-5.900384451343304,-0.10458515061043228
1784442307.2757013,-5.899796529207256,-0.10419569899168879
1784442307.3763852,-5.8995726058934235,-0.10405536665341811
1784442307.4791741,-5.899473512578497,-0.10399866063017771
1784442307.5802557,-5.899682093792481,-0.10411438502655315
1784442307.6803737,-5.90012133905598,-0.10435995846412086
1784442307.82818,-5.900387758991779,-0.10450703552442667
1784442307.931228,-5.900400560431109,-0.10451409686928173
1784442308.0317469,-5.900544134520782,-0.10459097373067297
1784442308.1375303,-5.900610888242886,-0.10462613760699438
1784442308.2412755,-5.900889056828538,-0.10477162091662229
1784442308.341611,-5.901382601809458,-0.10502829676730624
1784442308.4431565,-5.901838942504094,-0.10526687770481294
1784442308.5455942,-5.902138333024871,-0.10542240945763684
1784442308.6462598,-5.9021537968765845,-0.10543043063439964
1784442308.7466369,-5.901927055312669,-0.1053131324194656
1784442308.8472004,-5.901636871120928,-0.10516314292453458
1784442308.9503872,-5.9014230137995805,-0.10505149243598402
1784442309.0508237,-5.9014233596473264,-0.1050517522837349
1784442309.1519816,-5.901582160236225,-0.10513514013452552
1784442309.2554915,-5.901765916568594,-0.10523084086499002
1784442309.3563364,-5.901840670666791,-0.105269696983531
1784442309.4565268,-5.901801010853298,-0.10524904386027026
1784442309.5569456,-5.901707840873489,-0.10520030867340441
1784442309.657722,-5.901629658803575,-0.10515922575845285
1784442309.760395,-5.9016172108674265,-0.10515270582654582
1784442309.8613384,-5.901661423629582,-0.1051759766668319
1784442309.9623578,-5.9017182924969,-0.10520595956022086
1784442310.0665975,-5.901744151468734,-0.10521961113563008
1784442310.1670818,-5.901732980094693,-0.10521372936256992
1784442310.2672098,-5.901705807651906,-0.10519942865702417
1784442310.37109,-5.901682803518995,-0.10518733285124984
1784442310.475841,-5.901680313487675,-0.10518602720708217
1784442310.5762668,-5.901692500374534,-0.10519250023145912
1784442310.6770365,-5.901706327818499,-0.10519982909343775
1784442310.781056,-5.901712021870541,-0.10520286236422541
1784442310.886309,-5.9017078199438835,-0.10520061833936326
1784442310.986899,-5.901700386619845,-0.10519665771310208
1784442311.0877419,-5.901695795967342,-0.10519420598427989
1784442311.1958969,-5.901696197382837,-0.10519442226794243
1784442311.2974975,-5.901698731321064,-0.10519578021809767
1784442311.4014134,-5.901701328528687,-0.10519716587278888
1784442311.5052042,-5.901704429881235,-0.10519882364594738
1784442311.6056845,-5.901706007333349,-0.10519966724086663
1784442311.7059224,-5.9017051682061625,-0.10519922066296086
1784442311.806634,-5.9017020382951015,-0.10519755832653682
1784442311.9068053,-5.901699297916997,-0.10519610094923618
1784442312.006876,-5.901698874566427,-0.1051958754565834
1784442312.1070924,-5.901700070128985,-0.1051965108264506
1784442312.2073336,-5.901701743959621,-0.10519739566952382
1784442312.310948,-5.901702466964549,-0.10519777745152517
1784442312.4111443,-5.901702095736878,-0.10519757907059996
1784442312.5117195,-5.9017013393513515,-0.10519717447870283
1784442312.6119163,-5.901700771519706,-0.10519687199389097
1784442312.7122593,-5.901700767563936,-0.10519686985905663
1784442312.8153532,-5.901701134691872,-0.10519706372815876
1784442312.9158528,-5.901701482130464,-0.10519724620125895
1784442313.015978,-5.901701588833049,-0.10519730224091875
1784442313.116096,-5.901701471003758,-0.10519724039896361
1784442313.2169259,-5.901701283642445,-0.10519714195391178
1784442313.3171675,-5.901701199265792,-0.10519709789350642
1784442313.4175155,-5.901701234049412,-0.10519711602576745
1784442313.8029046,-5.901701238118401,-0.10519711814016966
1784442313.906014,-5.901701356785729,-0.10519718002535289
1784442314.0068984,-5.9017013364535345,-0.10519716945246296
1784442314.1109002,-5.901701346226331,-0.1051971745731129
1784442314.211442,-5.901701370544516,-0.10519718735140396
1784442314.3116043,-5.901701391573215,-0.1051971983518139
1784442314.4152558,-5.9017013973769155,-0.10519720140194092
1784442314.515404,-5.901701392719607,-0.10519719895914653
1784442314.6157174,-5.901701386929696,-0.10519719590774251
1784442314.7163124,-5.90170138686198,-0.10519719587698376
1784442314.8167977,-5.901701393384783,-0.10519719934987062
1784442314.9174078,-5.9017014013033915,-0.10519720355874007
1784442315.021519,-5.901701407664094,-0.10519720695440854
1784442315.1216521,-5.901701410712264,-0.10519720858980877
1784442315.2258232,-5.901701411773979,-0.10519720915760478
1784442315.3259895,-5.901701413117055,-0.10519720987728931
1784442315.4262667,-5.901701415689105,-0.10519721125312834
1784442315.5270982,-5.901701419801948,-0.10519721344484184
1784442315.6307569,-5.901701423826617,-0.10519721557206557
1784442315.7309906,-5.901701427241466,-0.10519721736793303
1784442315.8312256,-5.901701430002286,-0.10519721881873714
1784442315.9316518,-5.9017014321646,-0.10519721994629275
1784442316.0318546,-5.901701434576276,-0.10519722120858346
1784442316.132014,-5.90170143719046,-0.10519722258083555
1784442316.2356982,-5.901701440414735,-0.10519722427678252
1784442316.3358898,-5.901701443316256,-0.10519722580046412
1784442316.4361029,-5.901701446149615,-0.10519722728804529
1784442316.536733,-5.901701448625206,-0.10519722859308403
1784442316.6377842,-5.901701450925271,-0.10519722980741891
1784442316.7400093,-5.901701453518128,-0.10519723118488436
1784442316.840435,-5.90170145605465,-0.1051972325491535
1784442316.9410403,-5.901701458567636,-0.10519723390219407
1784442317.0419028,-5.901701461028261,-0.1051972352421591
1784442317.1421638,-5.901701463431143,-0.10519723655422775
1784442317.2459767,-5.90170146587929,-0.10519723788376936
1784442317.3464844,-5.901701468179788,-0.10519723913320903
1784442317.4472039,-5.901701470478474,-0.10519724037936909
1784442317.5491803,-5.901701472784139,-0.10519724161870594
1784442317.6506732,-5.901701475172009,-0.10519724289823845
1784442317.7507715,-5.90170147743768,-0.10519724410651923
1784442317.8511875,-5.901701479653251,-0.10519724528761754
1784442317.9516196,-5.901701481862643,-0.10519724646823048
1784442318.0554767,-5.901701484043066,-0.10519724763846883
1784442318.1559706,-5.901701486200594,-0.1051972487960662
1784442318.2569282,-5.901701488251092,-0.10519724989147239
1784442318.3570688,-5.9017014903924565,-0.10519725103251878
1784442318.4576032,-5.901701492612168,-0.1051972522053633
1784442318.5613966,-5.901701494614634,-0.10519725326731313
1784442318.6616356,-5.901701496709956,-0.10519725438699168
1784442318.7617924,-5.9017014987895,-0.10519725549553938
1784442318.8620799,-5.901701500865987,-0.10519725659943441
1784442318.966858,-5.901701502915435,-0.10519725769047497
1784442319.0704837,-5.901701505050165,-0.10519725883366607
1784442319.173782,-5.901701507077358,-0.10519725991801845
1784442319.2771492,-5.901701509192805,-0.10519726104447716
1784442319.377782,-5.901701511221866,-0.10519726212195527
1784442319.4814227,-5.901701513114865,-0.10519726312582489
1784442319.581522,-5.901701514999818,-0.10519726412684885
1784442319.6822844,-5.901701516966702,-0.10519726517721195
1784442319.7849903,-5.901701519038506,-0.10519726628580167
1784442319.8854847,-5.901701520904823,-0.1051972672746393
1784442319.9860713,-5.901701522762684,-0.1051972682636391
1784442320.0862055,-5.901701524794404,-0.10519726934867005
1784442320.1868334,-5.901701526625577,-0.10519727032680606
1784442320.2902136,-5.901701528662991,-0.10519727141818483
1784442320.3904219,-5.901701530568677,-0.1051972724469972
1784442320.4906368,-5.901701532384315,-0.10519727342831
1784442320.591357,-5.901701534209087,-0.1051972744122425
1784442320.6957493,-5.901701536201907,-0.10519727548384819
1784442320.79652,-5.901701537991517,-0.10519727644267188
1784442320.897542,-5.901701539870599,-0.10519727745051213
1784442321.000123,-5.901701541750648,-0.10519727845680296
1784442321.10081,-5.9017015435224405,-0.10519727940312953
1784442321.2013102,-5.901701545399793,-0.10519728040107815
1784442321.3019981,-5.901701547263496,-0.1051972813946245
1784442321.4060755,-5.9017015490313245,-0.10519728233763884
1784442321.5068905,-5.901701550971312,-0.1051972833760089
1784442321.6070287,-5.901701552825796,-0.10519728436831494
1784442321.707241,-5.9017015545833225,-0.10519728530480421
1784442321.811765,-5.9017015564283035,-0.10519728628786121
1784442321.9121487,-5.901701558361609,-0.10519728731549652
1784442322.0130684,-5.9017015601,-0.10519728823963287
1784442322.1155229,-5.901701561928179,-0.10519728920876253
1784442322.216317,-5.901701563761633,-0.10519729017935076
1784442322.3168871,-5.901701565692279,-0.10519729120167787
1784442322.4172363,-5.901701567515343,-0.10519729216557644
1784442322.5200365,-5.901701569352116,-0.10519729313603343
1784442322.620995,-5.901701571184922,-0.105197294098931
1784442322.7251372,-5.901701573082428,-0.10519729509339285
1784442322.825621,-5.901701574904173,-0.10519729605364428
1784442322.9257503,-5.901701576805109,-0.10519729706452785
1784442323.026402,-5.901701578426727,-0.1051972979257263
1784442323.126867,-5.901701580320422,-0.10519729893341115
1784442323.2307453,-5.901701582116009,-0.10519729988326065
1784442323.3310144,-5.901701583921551,-0.1051973008323153
1784442323.4311411,-5.90170158561357,-0.10519730171599467
1784442323.5352302,-5.901701587498742,-0.10519730270023578
1784442323.6353924,-5.901701589279071,-0.10519730363421936
1784442323.7356853,-5.901701591061585,-0.10519730456740065
1784442324.283393,-5.901701592307676,-0.10519730521308704
1784442324.3836043,-5.901701601661497,-0.10519731001316737
1784442324.4870706,-5.901701602988011,-0.1051973106948643
1784442324.5896094,-5.90170160429588,-0.10519731136908608
1784442324.6898284,-5.901701605887289,-0.10519731218740441
1784442324.7906206,-5.901701607380274,-0.10519731294951964
1784442324.890941,-5.901701608694583,-0.10519731361813481
1784442324.9920294,-5.90170161036975,-0.10519731447122571
1784442325.0925415,-5.901701611949961,-0.1051973152750254
1784442325.195852,-5.9017016136968286,-0.105197316166078
1784442325.2981527,-5.901701615367754,-0.10519731701877588
1784442325.401241,-5.901701617215933,-0.10519731795917414
1784442325.5014338,-5.9017016190486995,-0.1051973189022693
1784442325.6058888,-5.901701620797949,-0.10519731980380476
1784442325.706149,-5.901701622284768,-0.10519732056852399
1784442325.806782,-5.901701624108128,-0.10519732150920771
1784442325.90688,-5.9017016258442005,-0.10519732240853125
1784442326.010796,-5.901701627573779,-0.10519732330355061
1784442326.111302,-5.90170162930611,-0.10519732419839989
1784442326.2161536,-5.901701631131575,-0.10519732514257418
1784442326.3169696,-5.901701632963638,-0.10519732608917409
1784442326.4223125,-5.901701634695823,-0.10519732698179388
1784442326.52512,-5.901701636519336,-0.10519732792563866
1784442326.6260583,-5.901701638250803,-0.10519732882007876
1784442326.726255,-5.901701639971645,-0.10519732971034015
1784442326.8266382,-5.901701641775367,-0.10519733064540243
1784442326.926989,-5.90170164349181,-0.10519733153839211
1784442327.027229,-5.901701645130306,-0.10519733239409915
1784442327.132419,-5.901701646601344,-0.10519733316673244
1784442327.232671,-5.901701647968648,-0.10519733388715394
1784442327.3373947,-5.901701649508038,-0.10519733470125758
1784442327.4406524,-5.9017016510374845,-0.1051973355081908
1784442327.5425436,-5.901701652241265,-0.10519733614256446
1784442327.6463962,-5.901701653936382,-0.1051973370351478
1784442327.7469459,-5.901701655715728,-0.10519733797787484
1784442327.8520179,-5.901701657422128,-0.10519733887903884
1784442327.955782,-5.901701659212179,-0.10519733981558013
1784442328.0559158,-5.901701660923323,-0.1051973407122711
1784442328.1640887,-5.90170166228121,-0.10519734142251541
1784442328.2659197,-5.901701663972441,-0.10519734230602243
1784442328.3660288,-5.901701665670835,-0.1051973431923601
1784442328.467031,-5.901701667199736,-0.10519734399107117
1784442328.5672998,-5.901701668891558,-0.10519734487537824
1784442328.668323,-5.90170167040058,-0.10519734566600097
1784442328.7714016,-5.901701671927322,-0.10519734646574078
1784442328.8750892,-5.90170167345239,-0.1051973472631236
1784442328.9770167,-5.901701675149479,-0.10519734814895793
1784442329.0799637,-5.901701676914297,-0.10519734907004821
1784442329.1801462,-5.90170167852036,-0.1051973499145378
1784442329.2815511,-5.901701680286056,-0.10519735084294493
1784442329.3824844,-5.901701681986207,-0.10519735173231395
1784442329.4850054,-5.90170168374387,-0.10519735264994126
1784442329.5856283,-5.901701685350074,-0.10519735348789075
1784442329.6858878,-5.901701686952845,-0.1051973543257903
1784442329.7876756,-5.901701688623742,-0.10519735519862627
1784442329.8907254,-5.901701690314433,-0.10519735608115413
1784442329.9953427,-5.901701691979817,-0.10519735695930432
1784442330.0979095,-5.901701693660668,-0.10519735784877926
1784442330.198546,-5.901701695342252,-0.10519735873842276
1784442330.2986548,-5.901701697017747,-0.10519735961783178
1784442330.4005294,-5.901701698773609,-0.10519736053514378
1784442330.5044525,-5.901701700377468,-0.10519736136896654
1784442330.6048696,-5.9017017020622236,-0.1051973622415352
1784442330.7054315,-5.9017017037285076,-0.1051973630992338
1784442330.8067875,-5.901701705406068,-0.10519736396266624
1784442330.907338,-5.9017017070782005,-0.10519736482575073
1784442331.0173187,-5.90170170876863,-0.10519736569819307
1784442331.1200786,-5.901701710528745,-0.10519736659666082
1784442331.2205093,-5.901701712190295,-0.10519736744535815
1784442331.3207114,-5.90170171385316,-0.10519736829710061
1784442331.4251971,-5.901701715615255,-0.10519736920355971
1784442331.5255513,-5.901701717286653,-0.10519737006626986
1784442331.625785,-5.901701719037658,-0.1051973709709067
1784442331.7259254,-5.901701720713742,-0.10519737183658043
1784442331.8266823,-5.901701722384807,-0.10519737269869414
1784442331.9267633,-5.9017017240424625,-0.10519737355702222
1784442332.0306718,-5.901701725693816,-0.10519737441923518
1784442332.1310265,-5.901701727362678,-0.10519737529261611
1784442332.2313952,-5.9017017290225535,-0.10519737615800276
1784442332.331728,-5.901701730683633,-0.10519737702489954
1784442332.432657,-5.901701732424405,-0.10519737793424858
1784442332.533092,-5.901701733919596,-0.10519737871716875
1784442332.6365137,-5.90170173549004,-0.10519737953872715
1784442332.7369633,-5.901701737065698,-0.10519738035770157
1784442332.837278,-5.901701738825472,-0.10519738126721714
1784442332.9383695,-5.901701740411135,-0.10519738209518176
1784442333.0404716,-5.90170174197664,-0.10519738291700412
1784442333.14196,-5.901701743551619,-0.10519738374144816
1784442333.246433,-5.901701745205142,-0.10519738460326347
1784442333.3468685,-5.901701746771602,-0.1051973854198889
1784442333.4475722,-5.901701748336946,-0.1051973862343967
1784442333.5479121,-5.901701750086226,-0.1051973871446053
1784442333.6492574,-5.901701751665555,-0.10519738796626668
1784442333.7508245,-5.901701753061252,-0.10519738869290607
1784442333.851839,-5.90170175463186,-0.10519738950958038
1784442333.9559603,-5.901701756278338,-0.1051973903660797
1784442334.0562694,-5.901701757847492,-0.10519739118823851
1784442334.1564398,-5.901701759501991,-0.10519739205748649
1784442334.2574704,-5.901701761057641,-0.10519739287539864
1784442334.6628773,-5.901701761465701,-0.10519739309041734
1784442334.7663147,-5.90170176933787,-0.10519739727531222
1784442334.867099,-5.901701770971581,-0.10519739815034071
1784442334.9673645,-5.901701772606251,-0.10519739902311412
1784442335.07072,-5.901701774324436,-0.10519739993876856
1784442335.1712353,-5.901701775884769,-0.10519740076743989
1784442335.2727013,-5.901701777440777,-0.1051974015977582
1784442335.3774464,-5.901701779088205,-0.10519740246948023
1784442335.4813788,-5.901701780817511,-0.10519740337915362
1784442335.5829349,-5.9017017824648725,-0.10519740424101867
1784442335.6850898,-5.901701784014932,-0.10519740505339262
1784442335.786332,-5.90170178565217,-0.1051974059115626
1784442335.8871262,-5.901701787060345,-0.10519740665278635
1784442335.9876635,-5.901701788619036,-0.1051974074733946
1784442336.0882313,-5.901701790257406,-0.10519740833466368
1784442336.1885903,-5.901701791653254,-0.10519740906886746
1784442336.2908304,-5.901701793375959,-0.10519740997190555
1784442336.3909574,-5.901701795022094,-0.10519741083035311
1784442336.4917734,-5.901701796585375,-0.10519741164157528
1784442336.5952985,-5.901701798305549,-0.10519741253692327
1784442336.6955497,-5.901701799859228,-0.10519741334772653
1784442336.7961035,-5.901701801483115,-0.10519741419639828
1784442336.8971934,-5.901701802887109,-0.10519741492893431
1784442336.9974692,-5.901701804529182,-0.10519741578442468
1784442337.0994165,-5.901701806174992,-0.10519741664052965
1784442337.2010133,-5.901701807817714,-0.10519741748920344
1784442337.305368,-5.9017018094517555,-0.10519741833227442
1784442337.4061613,-5.90170181110047,-0.10519741918371267
1784442337.5096114,-5.901701812746372,-0.1051974200353967
1784442337.6185844,-5.901701814374346,-0.10519742087912715
1784442337.7196963,-5.901701816012705,-0.10519742172912361
1784442337.8212404,-5.901701817647773,-0.10519742257807765
1784442337.9257,-5.901701819269582,-0.1051974234239435
1784442338.0274818,-5.9017018209078,-0.1051974242830507
1784442338.129707,-5.901701822299895,-0.10519742500898735
1784442338.230556,-5.90170182385395,-0.10519742581693084
1784442338.330948,-5.901701825487273,-0.10519742666357582
1784442338.4321792,-5.901701826958556,-0.10519742742679064
1784442338.534802,-5.901701828679824,-0.10519742831762449
1784442338.6357722,-5.901701830309696,-0.10519742916094299
1784442338.7359247,-5.901701831785763,-0.10519742992063086
1784442338.8363357,-5.901701833345489,-0.10519743071979054
1784442338.9365547,-5.901701834899958,-0.10519743151315963
1784442339.0367725,-5.901701836549352,-0.10519743235663429
1784442339.1369464,-5.9017018381912525,-0.10519743319546221
1784442339.2398612,-5.901701839839574,-0.10519743404000084
1784442339.3420134,-5.901701841482693,-0.10519743489040104
1784442339.4423857,-5.901701843037095,-0.105197435688855
1784442339.5466967,-5.901701844676624,-0.10519743652699079
1784442339.6477406,-5.9017018462461674,-0.10519743733600101
1784442339.7482545,-5.901701847882602,-0.1051974381859109
1784442339.8512735,-5.901701849436721,-0.10519743899576686
1784442339.9514546,-5.901701851081283,-0.1051974398556266
1784442340.0515976,-5.901701852717575,-0.10519744071594639
1784442340.15209,-5.90170185410344,-0.10519744144845314
1784442340.252242,-5.901701855741605,-0.10519744231250752
1784442340.3537872,-5.901701857218148,-0.10519744308960527
1784442340.45625,-5.901701858851229,-0.10519744395299616
1784442340.5573843,-5.901701860489835,-0.10519744482326915
1784442340.6602595,-5.901701862127835,-0.10519744568904213
1784442340.7607658,-5.901701863679244,-0.10519744650821108
1784442340.862241,-5.901701865145391,-0.10519744727844163
1784442340.967964,-5.901701866762371,-0.10519744813018078
1784442341.0682962,-5.901701868400574,-0.10519744899477004
1784442341.1709745,-5.901701869937417,-0.1051974498106816
1784442341.2713816,-5.901701871484335,-0.10519745063440605
1784442341.3716881,-5.9017018731065845,-0.10519745149825924
1784442341.4728012,-5.90170187466158,-0.10519745232833305
1784442341.573017,-5.901701876277315,-0.10519745319583665
1784442341.6761754,-5.901701877904507,-0.10519745406976935
1784442341.7763357,-5.901701879522479,-0.10519745493957336
1784442341.8764815,-5.901701881223706,-0.10519745585292675
1784442341.9770312,-5.901701882853363,-0.10519745672518258
1784442342.0822847,-5.901701884460645,-0.10519745758545176
1784442342.182713,-5.901701886005693,-0.10519745841345365
1784442342.2856338,-5.901701887626507,-0.10519745928205174
1784442342.3859766,-5.901701889086071,-0.10519746006636368
1784442342.486479,-5.901701890626147,-0.10519746088602136
1784442342.5869448,-5.901701892170099,-0.10519746170807312
1784442342.6903512,-5.901701893794632,-0.10519746257675694
1784442342.791255,-5.901701895347531,-0.1051974634098965
1784442342.891555,-5.90170189696692,-0.10519746428212612
1784442342.9918451,-5.9017018984151735,-0.10519746506369956
1784442343.0919633,-5.9017019000411794,-0.10519746593579352
1784442343.1921756,-5.901701901490657,-0.10519746671034172
1784442343.2925987,-5.901701903035597,-0.10519746753394735
1784442343.397111,-5.90170190466767,-0.10519746840156419
1784442343.497216,-5.901701906281074,-0.10519746925990736
1784442343.597555,-5.901701907831561,-0.10519747008755401
1784442343.6979427,-5.9017019094602245,-0.10519747096041135
1784442343.8002632,-5.901701910990266,-0.10519747178083083
1784442343.900838,-5.901701912689165,-0.10519747268809088
1784442344.0049202,-5.901701914146558,-0.105197473462352
1784442344.1058826,-5.901701915851339,-0.10519747437268828
1784442344.2062495,-5.9017019173953695,-0.10519747519817019
1784442344.3072267,-5.901701918940674,-0.10519747601787244
1784442344.4106274,-5.9017019206497405,-0.10519747692061901
1784442344.5108385,-5.90170192234771,-0.1051974778139502
1784442344.611658,-5.90170192389331,-0.10519747862456846
