t,x,y
1785123445.674503,3.785228443611013e-05,1.178200418483915e-06
1785123445.6757557,3.785215100027951e-05,1.1781904493370314e-06
1785123445.677884,3.785201522201908e-05,1.1781802774160087e-06
1785123445.6810415,3.785188036937559e-05,1.178170272899366e-06
1785123445.686311,3.785174614086128e-05,1.1781604275047187e-06
1785123445.691572,3.7851617193858264e-05,1.1781509363789237e-06
1785123445.696317,3.7851484598501044e-05,1.178141177459627e-06
1785123445.7046082,3.7851350579791286e-05,1.1781313935860651e-06
1785123445.7071702,3.785121741711787e-05,1.1781217358181806e-06
1785123445.7121086,3.785108190063801e-05,1.1781118714843336e-06
1785123445.716843,3.7850948782697385e-05,1.1781022249387124e-06
1785123445.721986,3.785081382235415e-05,1.178092489065439e-06
1785123445.7270453,3.7850682494413325e-05,1.1780829169951717e-06
1785123445.7310207,3.785055101753612e-05,1.1780733584447443e-06
1785123445.7362576,3.785042111974297e-05,1.1780638378930417e-06
1785123445.7420888,3.785028732870315e-05,1.1780540482480241e-06
1785123445.7464924,3.785015509484185e-05,1.1780443944353623e-06
1785123445.7525918,3.785001836937265e-05,1.1780343793515435e-06
1785123445.7590804,3.784988983645318e-05,1.1780249642727661e-06
1785123445.7632098,3.7849760184775306e-05,1.1780155714122325e-06
1785123445.767666,3.784962885681919e-05,1.1780061192105434e-06
1785123445.7729414,3.784949573262985e-05,1.1779965384596421e-06
1785123445.7771876,3.784935699647191e-05,1.1779864372486374e-06
1785123445.783428,3.7849221173449296e-05,1.1779765213756522e-06
1785123445.7871745,3.7849088532502865e-05,1.1779667367113669e-06
1785123445.79255,3.784895519550664e-05,1.1779569016497732e-06
1785123445.7977114,3.784882106722898e-05,1.1779469394328585e-06
1785123445.8088589,3.784868527952901e-05,1.1779369483660217e-06
1785123445.8112369,3.784855522142335e-05,1.1779274836913649e-06
1785123445.8175066,3.784841647492194e-05,1.177917401583317e-06
1785123445.8233669,3.784828056823614e-05,1.177907543387054e-06
1785123445.8281045,3.784814584101982e-05,1.1778978089063033e-06
1785123445.8334875,3.784801452150187e-05,1.1778882106822797e-06
1785123445.8378735,3.784788099567059e-05,1.1778785188150754e-06
1785123445.8415651,3.78477467672303e-05,1.177868693685195e-06
1785123445.8465405,3.7847615338868515e-05,1.1778591906203794e-06
1785123445.851552,3.7847478526993555e-05,1.1778493656138043e-06
1785123445.8572173,3.7847344187546396e-05,1.1778396411439891e-06
1785123445.8616247,3.784720692544826e-05,1.1778297732652228e-06
1785123445.8668625,3.784707324170585e-05,1.177820178007274e-06
1785123445.8718572,3.784693539010175e-05,1.177810286068676e-06
1785123445.8763735,3.7846802802152795e-05,1.177800744204713e-06
1785123445.8830917,3.7846668066673694e-05,1.1777910376131144e-06
1785123445.8868315,3.784653202179719e-05,1.1777813741255237e-06
1785123445.8923485,3.784640168126818e-05,1.1777720666960937e-06
1785123445.897434,3.784626657567616e-05,1.1777623868922047e-06
1785123445.9024348,3.784612976076426e-05,1.1777525460489502e-06
1785123445.912768,3.78459946819824e-05,1.1777428008411607e-06
1785123445.9179626,3.7845863992524966e-05,1.1777333467623619e-06
1785123445.9235861,3.784572739515783e-05,1.177723523127398e-06
1785123445.9285057,3.784559704959534e-05,1.177714209485588e-06
1785123445.932588,3.784546562385527e-05,1.1777048893829476e-06
1785123445.9377093,3.784533129372875e-05,1.1776954311517752e-06
1785123445.9440188,3.784519878936467e-05,1.1776860160833168e-06
1785123445.9485078,3.7845072550287095e-05,1.1776769519854512e-06
1785123445.9544106,3.784493597038348e-05,1.1776672883948473e-06
1785123445.9578028,3.7844801973158006e-05,1.1776578554922715e-06
1785123445.9615467,3.78446649455142e-05,1.1776482529377458e-06
1785123445.9699392,3.78445285594976e-05,1.1776386534237129e-06
1785123445.9740481,3.7844393938859044e-05,1.1776291572175684e-06
1785123445.9774323,3.78442554906605e-05,1.177619238828729e-06
1785123445.9810228,3.784411698436686e-05,1.1776092209475975e-06
1785123445.9864075,3.784398301246565e-05,1.177599520297918e-06
1785123445.9921262,3.7843853348423517e-05,1.1775901123644718e-06
1785123445.996888,3.784371774689186e-05,1.1775802375819213e-06
1785123446.00278,3.7843587026859126e-05,1.1775706695256966e-06
1785123446.0089338,3.7843453704526345e-05,1.177561006315514e-06
1785123446.0210543,3.78433171465286e-05,1.1775511101479403e-06
1785123446.0250337,3.7843180813746656e-05,1.1775412367573644e-06
1785123446.0278144,3.784304656374425e-05,1.1775315134983046e-06
1785123446.0315492,3.7842913337089804e-05,1.1775217838985068e-06
1785123446.0368102,3.7842778523724974e-05,1.1775118244581587e-06
1785123446.0428007,3.78426486689541e-05,1.1775022011009172e-06
1785123446.0464795,3.784251804581397e-05,1.1774925111820706e-06
1785123446.0517263,3.7842384700133485e-05,1.177482472279549e-06
1785123446.0572214,3.784224801626747e-05,1.1774722718194913e-06
1785123446.0631235,3.784212231220558e-05,1.177462816364867e-06
1785123446.0687387,3.7841988021317205e-05,1.177452635751756e-06
1785123446.0724983,3.784185133782774e-05,1.1774422781096e-06
1785123446.0769646,3.784171886370831e-05,1.1774322353862105e-06
1785123446.0844848,3.7841591493007134e-05,1.1774225910008884e-06
1785123446.0876117,3.784146039969115e-05,1.1774127442583184e-06
1785123446.091802,3.784132452688342e-05,1.1774026286657998e-06
1785123446.097522,3.7841194013952364e-05,1.1773927551029929e-06
1785123446.101718,3.784106007000201e-05,1.1773825877731996e-06
1785123446.107389,3.784092801019384e-05,1.1773724546750488e-06
1785123446.113736,3.7840790547262795e-05,1.1773619614023116e-06
1785123446.126756,3.784065683046188e-05,1.1773518132632868e-06
1785123446.131438,3.7840516838755716e-05,1.177341074999816e-06
1785123446.1360998,3.784038240881007e-05,1.1773307808431211e-06
1785123446.1397965,3.784024320261159e-05,1.1773201410163423e-06
1785123446.143547,3.784010795898133e-05,1.177309818444866e-06
1785123446.1495988,3.783997356065619e-05,1.1772995332805473e-06
1785123446.1536095,3.7839838750929e-05,1.1772892302183702e-06
1785123446.1578953,3.7839702748751005e-05,1.177278757850318e-06
1785123446.1626644,3.7839570238069026e-05,1.177268704391479e-06
1785123446.1673174,3.7839435371791686e-05,1.17725852591581e-06
1785123446.173591,3.7839305213508094e-05,1.1772487407047807e-06
1785123446.1781948,3.783917106547423e-05,1.1772386354976194e-06
1785123446.1827514,3.78390393177739e-05,1.1772286853455582e-06
1785123446.187127,3.783891000232627e-05,1.1772189267092552e-06
1785123446.1938386,3.7838777520476055e-05,1.17720892275763e-06
1785123446.1977222,3.7838647870349246e-05,1.1771990989182092e-06
1785123446.2023833,3.7838514400230994e-05,1.177188943314438e-06
1785123446.2079928,3.783838242564748e-05,1.177178866317584e-06
1785123446.2133253,3.7838250670535455e-05,1.1771688158491584e-06
1785123446.2186298,3.783811395826629e-05,1.177158290901375e-06
1785123446.2325459,3.783798018439336e-05,1.1771479260088036e-06
1785123446.2391193,3.78378453107751e-05,1.177137348770656e-06
1785123446.2431223,3.783770752788876e-05,1.1771265247750381e-06
1785123446.2473514,3.783757141266336e-05,1.177115743124833e-06
1785123446.251994,3.7837438858643616e-05,1.1771051752964738e-06
1785123446.2573302,3.783730354364217e-05,1.177094361501688e-06
1785123446.261584,3.783716945673083e-05,1.1770835432948548e-06
1785123446.2672706,3.7837029301394465e-05,1.1770722161365995e-06
1785123446.2721772,3.783689656208204e-05,1.1770615378607793e-06
1785123446.2763813,3.7836760102877105e-05,1.1770506119042945e-06
1785123446.282708,3.7836627047769145e-05,1.1770399602977728e-06
1785123446.2869072,3.7836497290363905e-05,1.1770294584597454e-06
1785123446.292578,3.783636426429674e-05,1.1770186676888665e-06
1785123446.2977252,3.783623581012806e-05,1.1770082486690224e-06
1785123446.3030825,3.783610776738694e-05,1.1769978200368993e-06
1785123446.3088417,3.783597706892932e-05,1.1769870551105794e-06
1785123446.3121948,3.783584265795536e-05,1.176975893253781e-06
1785123446.3173747,3.783571077266543e-05,1.1769648758240196e-06
1785123446.3235,3.783557815642642e-05,1.1769538363179888e-06
1785123446.32935,3.783544313740239e-05,1.176942520907225e-06
1785123446.3428347,3.783530589262829e-05,1.1769310798057628e-06
1785123446.3472013,3.783516908087652e-05,1.1769197557160631e-06
1785123446.3519723,3.7835039974525344e-05,1.1769090645040508e-06
1785123446.357809,3.783490369667371e-05,1.1768977540132089e-06
1785123446.3627687,3.783476717100797e-05,1.176886223750907e-06
1785123446.366768,3.783463050965725e-05,1.1768746974743665e-06
1785123446.3734398,3.7834494061047144e-05,1.1768631269854307e-06
1785123446.3773348,3.783435409007399e-05,1.176851310304913e-06
1785123446.3828068,3.783421559692844e-05,1.176839677647804e-06
1785123446.3878903,3.7834083388194825e-05,1.1768286181883494e-06
1785123446.392698,3.7833950565868506e-05,1.1768175062783544e-06
1785123446.3971925,3.7833817243915094e-05,1.1768063527245794e-06
1785123446.4016867,3.783368412509235e-05,1.1767951871870875e-06
1785123446.4074159,3.783354923940335e-05,1.1767839894302908e-06
1785123446.4123626,3.783341881439685e-05,1.1767730314301591e-06
1785123446.417213,3.7833282512771364e-05,1.1767614708002953e-06
1785123446.4250317,3.783314631136125e-05,1.1767499830165149e-06
1785123446.4298644,3.7833009576385104e-05,1.1767384417103639e-06
1785123446.4352806,3.7832880570658585e-05,1.1767274508950152e-06
1785123446.440379,3.7832748620994066e-05,1.176716238232543e-06
1785123446.4531364,3.783261168970068e-05,1.1767046464810656e-06
1785123446.4594123,3.7832475895441035e-05,1.1766930947125021e-06
1785123446.4641314,3.783233804284414e-05,1.1766815551827438e-06
1785123446.4690862,3.783220639299138e-05,1.1766705918151858e-06
1785123446.4727924,3.783207591836582e-05,1.1766597202985373e-06
1785123446.477291,3.7831947233391595e-05,1.1766490762458168e-06
1785123446.482853,3.783181341847375e-05,1.1766381166822675e-06
1785123446.4870255,3.783167769963982e-05,1.1766270240268377e-06
1785123446.4920208,3.783154720849584e-05,1.176616418173085e-06
1785123446.4964042,3.7831413814583346e-05,1.1766054974212384e-06
1785123446.5033221,3.783128028315471e-05,1.1765944797901334e-06
1785123446.5081494,3.783114615842123e-05,1.176583447301911e-06
1785123446.5125024,3.783101539434726e-05,1.176572578219204e-06
1785123446.5223038,3.78308825412747e-05,1.1765614889514748e-06
1785123446.525486,3.783075067596523e-05,1.176550503632631e-06
1785123446.5299952,3.7830616965201186e-05,1.1765393466328728e-06
1785123446.532989,3.783048663036915e-05,1.1765284888165678e-06
1785123446.5382154,3.78303550855804e-05,1.1765174931320805e-06
1785123446.5426555,3.783021983696199e-05,1.1765062752908668e-06
1785123446.5475118,3.78300825601622e-05,1.1764948154735967e-06
1785123446.558594,3.782994172167257e-05,1.1764829993932284e-06
1785123446.5615633,3.7829807699621785e-05,1.1764717044172937e-06
1785123446.5664594,3.7829671462602316e-05,1.1764602168226051e-06
1785123446.5731246,3.782953901824992e-05,1.176449016024261e-06
1785123446.5769453,3.782940396978716e-05,1.1764376125663846e-06
1785123446.5819016,3.782926812330806e-05,1.1764262100880144e-06
1785123446.5865407,3.782913371550682e-05,1.1764149888398529e-06
1785123446.5937734,3.782900304079113e-05,1.176403999474968e-06
1785123446.5967798,3.782886515969047e-05,1.176392405268339e-06
1785123446.6014981,3.782873172122638e-05,1.1763810234642708e-06
1785123446.6090674,3.782859256995503e-05,1.1763692427015263e-06
1785123446.6123116,3.782845519105306e-05,1.17635765240297e-06
1785123446.6205635,3.7828321988415624e-05,1.1763464212681001e-06
1785123446.6249232,3.782818675427839e-05,1.1763349768510734e-06
1785123446.629673,3.782805491167704e-05,1.1763238010372312e-06
1785123446.6329253,3.782791818731746e-05,1.176312239255823e-06
1785123446.6379437,3.78277836813474e-05,1.1763009991144532e-06
1785123446.6440585,3.7827653145444585e-05,1.1762900571465548e-06
1785123446.6484346,3.782751920469777e-05,1.1762788596878286e-06
1785123446.6523006,3.782738644370281e-05,1.1762676835503394e-06
1785123446.664403,3.782725536481054e-05,1.1762566425517241e-06
1785123446.6713161,3.782711751950036e-05,1.1762449854597526e-06
1785123446.675641,3.782698289127842e-05,1.176233669915302e-06
1785123446.6783264,3.782684862315889e-05,1.176222421856286e-06
1785123446.6818762,3.78267193510785e-05,1.1762115848636665e-06
1785123446.687805,3.782658478466089e-05,1.176200378285394e-06
1785123446.6931581,3.782645145140039e-05,1.176189201109205e-06
1785123446.697074,3.7826317298500395e-05,1.1761779217271847e-06
1785123446.7026415,3.7826179925500775e-05,1.1761663796492946e-06
1785123446.7080207,3.782604745914486e-05,1.1761552855302845e-06
1785123446.7121818,3.7825913937918575e-05,1.1761441283070639e-06
1785123446.718837,3.782578188461198e-05,1.176133078539241e-06
1785123446.7235782,3.782564954909367e-05,1.1761220759101756e-06
1785123446.728588,3.7825514658900395e-05,1.1761107802442961e-06
1785123446.732615,3.7825380498059314e-05,1.1760995419355002e-06
1785123446.7371912,3.78252489751353e-05,1.1760884877810367e-06
1785123446.7435548,3.782511658933765e-05,1.176077317822324e-06
1785123446.747699,3.782498559677949e-05,1.1760662389113132e-06
1785123446.752501,3.782485304892416e-05,1.176054925962389e-06
1785123446.7585864,3.782472314883534e-05,1.1760438226159276e-06
1785123446.7685223,3.782458867434774e-05,1.1760324294137598e-06
1785123446.772096,3.782445538985929e-05,1.176021271201561e-06
1785123446.776464,3.782432301842234e-05,1.1760100506377263e-06
1785123446.7839386,3.78241884628187e-05,1.1759987358255664e-06
1785123446.7870536,3.782405508394209e-05,1.1759876574284814e-06
1785123446.7920136,3.7823924668363864e-05,1.1759768292730863e-06
1785123446.7969015,3.782379071820523e-05,1.1759656617348029e-06
1785123446.8013675,3.782365693931009e-05,1.1759544576694444e-06
1785123446.8067756,3.782352482740359e-05,1.1759434203371466e-06
1785123446.8109453,3.7823392449332045e-05,1.1759323171354368e-06
1785123446.8169138,3.782325660481852e-05,1.1759209578073502e-06
1785123446.8232553,3.78231248131338e-05,1.1759097859331718e-06
1785123446.8272436,3.782298996473576e-05,1.1758983769055478e-06
1785123446.8307533,3.782285556326759e-05,1.1758869856133124e-06
1785123446.837029,3.782272421262343e-05,1.1758757653769459e-06
1785123446.8413644,3.7822593088366116e-05,1.1758645300433674e-06
1785123446.846065,3.782245897637728e-05,1.1758529294884723e-06
1785123446.8517776,3.782232125532358e-05,1.1758409945629888e-06
1785123446.8565083,3.78221853790322e-05,1.1758292852858e-06
1785123446.861952,3.782205177300673e-05,1.1758178445851545e-06
1785123446.871038,3.782191678813889e-05,1.1758062337537141e-06
1785123446.8745239,3.7821781807463985e-05,1.175794465585989e-06
1785123446.8784459,3.782164556373275e-05,1.175782775766029e-06
1785123446.8826792,3.7821507352906014e-05,1.1757708795974087e-06
1785123446.8894475,3.7821374992118137e-05,1.1757594650898182e-06
1785123446.8924773,3.78212404271201e-05,1.1757479377872557e-06
1785123446.8967211,3.7821108969775006e-05,1.1757366028941951e-06
1785123446.9020348,3.7820974592253004e-05,1.175724980456537e-06
1785123446.9077568,3.782083831677006e-05,1.1757131451822918e-06
1785123446.9119883,3.782070235986448e-05,1.1757013515601562e-06
1785123446.918354,3.782056708640021e-05,1.1756895002904078e-06
1785123446.9249592,3.782043028722905e-05,1.1756775524152133e-06
1785123446.9307492,3.7820294306436786e-05,1.1756656408606203e-06
1785123446.933914,3.782016078546116e-05,1.175653908207922e-06
1785123446.9372575,3.7820030588666054e-05,1.1756424610590867e-06
1785123446.9424365,3.781989388932148e-05,1.1756304966388487e-06
1785123446.947541,3.781975780980546e-05,1.1756186086367252e-06
1785123446.9524946,3.781962722343303e-05,1.1756072670273482e-06
1785123446.9579012,3.781949134514933e-05,1.1755954335394728e-06
1785123446.963177,3.78193608205284e-05,1.1755841221108618e-06
1785123446.9727895,3.781922874623039e-05,1.1755727226791198e-06
1785123446.97711,3.781909646013493e-05,1.1755613913691156e-06
1785123446.9811494,3.7818962976079204e-05,1.1755499818575929e-06
1785123446.98678,3.781882718538791e-05,1.1755384433686393e-06
1785123446.9931467,3.781869588445116e-05,1.1755273474561865e-06
1785123446.997239,3.781856041979662e-05,1.1755159034382468e-06
1785123447.002659,3.781842337058006e-05,1.1755043361204613e-06
1785123447.0083954,3.7818289527352704e-05,1.1754930650574542e-06
1785123447.0128274,3.781816199847225e-05,1.1754823376703133e-06
1785123447.018205,3.7818025467530445e-05,1.1754709068935936e-06
1785123447.0239854,3.7817889430212194e-05,1.1754595404399366e-06
1785123447.0282192,3.781775016909456e-05,1.1754479225096767e-06
1785123447.0326455,3.7817614923558004e-05,1.1754365151711777e-06
1785123447.0374258,3.78174812477968e-05,1.1754250960410248e-06
1785123447.042662,3.781734521846358e-05,1.1754134284591071e-06
1785123447.047445,3.781720691464059e-05,1.1754015000030385e-06
1785123447.0531032,3.781707654162872e-05,1.1753902600025244e-06
1785123447.0584872,3.781694731401854e-05,1.1753791272835834e-06
1785123447.062557,3.78168156803324e-05,1.1753679474827381e-06
1785123447.068099,3.781668322224158e-05,1.1753566909250557e-06
1785123447.0783207,3.781654952001327e-05,1.1753453179314878e-06
1785123447.0821345,3.78164199709449e-05,1.1753343139102373e-06
1785123447.086727,3.781628601170407e-05,1.17532296638898e-06
1785123447.0930808,3.7816149682945954e-05,1.1753113824739386e-06
1785123447.0972295,3.781601367923225e-05,1.1752997296470753e-06
1785123447.1018221,3.781587654261013e-05,1.1752880684171389e-06
1785123447.1085038,3.781573668080014e-05,1.1752762007363574e-06
1785123447.1128056,3.7815604859921674e-05,1.1752649829552192e-06
1785123447.1182733,3.781546843062708e-05,1.1752533542717582e-06
1785123447.121868,3.781533522670579e-05,1.175242018874797e-06
1785123447.1269283,3.7815203769399144e-05,1.1752308140806189e-06
1785123447.1326025,3.781506991636233e-05,1.1752194165458404e-06
1785123447.1366792,3.781494138605802e-05,1.1752084097348772e-06
1785123447.1422768,3.781480725458565e-05,1.175196912066343e-06
1785123447.1461926,3.781467520167394e-05,1.1751856125009815e-06
1785123447.1511338,3.781453923745811e-05,1.1751739471046848e-06
1785123447.1566782,3.781440335459602e-05,1.1751624233875135e-06
1785123447.160858,3.7814272110006396e-05,1.175151250491854e-06
1785123447.1660411,3.781413957806712e-05,1.1751399693284718e-06
1785123447.171976,3.781400966390543e-05,1.17512892372265e-06
1785123447.1783779,3.781387581748721e-05,1.1751176173342265e-06
1785123447.1812127,3.781374432916937e-05,1.1751065191549151e-06
1785123447.1872666,3.7813608253917975e-05,1.1750948938555007e-06
1785123447.1926723,3.781347078406402e-05,1.175083102084254e-06
1785123447.1960468,3.781333192946166e-05,1.1750711343146275e-06
1785123447.2006798,3.781320019048716e-05,1.1750596297832702e-06
1785123447.206535,3.7813069420754144e-05,1.175048086413307e-06
1785123447.2110434,3.7812932031608585e-05,1.1750359359596955e-06
1785123447.216453,3.7812799603518465e-05,1.1750242859415219e-06
1785123447.2208257,3.781266148391497e-05,1.1750119968121355e-06
1785123447.226504,3.781252901716335e-05,1.1750000805217734e-06
1785123447.2309444,3.7812396287540126e-05,1.174988021260459e-06
1785123447.2372193,3.7812262962347016e-05,1.174975914762402e-06
1785123447.2413754,3.7812127774397226e-05,1.1749636662983105e-06
1785123447.2455542,3.7811991192031265e-05,1.1749513001268675e-06
1785123447.251191,3.781185798527694e-05,1.1749391247990322e-06
1785123447.2567549,3.781172953241888e-05,1.1749274449472755e-06
1785123447.262028,3.7811601345396975e-05,1.174915756547463e-06
1785123447.267022,3.7811470027397437e-05,1.174903828664123e-06
1785123447.27136,3.7811337474166485e-05,1.1748916888684225e-06
1785123447.277166,3.7811199382764775e-05,1.1748790758786323e-06
1785123447.281642,3.7811064803539136e-05,1.1748667288956052e-06
1785123447.2858531,3.7810934457264e-05,1.1748546757236975e-06
1785123447.2914875,3.7810796588982276e-05,1.1748419570855946e-06
1785123447.2971365,3.7810657430793336e-05,1.1748290772598357e-06
1785123447.3016164,3.781052805907762e-05,1.1748169508219712e-06
1785123447.3068361,3.781039206559694e-05,1.1748041426293393e-06
1785123447.3117955,3.781026053589128e-05,1.1747917819789589e-06
1785123447.3171945,3.781012675346995e-05,1.1747792730972456e-06
1785123447.3218346,3.7809991545193117e-05,1.1747665732476925e-06
1785123447.3281841,3.7809862368369196e-05,1.1747544187000376e-06
1785123447.3326123,3.7809731131375274e-05,1.1747421420958171e-06
1785123447.3394337,3.780960030018562e-05,1.1747298732760163e-06
1785123447.3450875,3.7809463130364866e-05,1.1747168792604208e-06
1785123447.3477514,3.7809330194810476e-05,1.1747044019982058e-06
1785123447.3523374,3.780919935926568e-05,1.1746921481088033e-06
1785123447.3582022,3.780906647398863e-05,1.1746796822184686e-06
1785123447.3622887,3.7808931007654076e-05,1.1746669809864724e-06
1785123447.3663232,3.780879880378993e-05,1.174654546309833e-06
1785123447.3731806,3.7808663903004696e-05,1.174641767062536e-06
1785123447.3814197,3.780853731837484e-05,1.1746297931337396e-06
1785123447.3833814,3.78084002782688e-05,1.174616826296737e-06
1785123447.3863065,3.780826500330174e-05,1.1746041291334342e-06
1785123447.391774,3.780813564547551e-05,1.1745919868179317e-06
1785123447.3965018,3.780799755829595e-05,1.174579121796385e-06
1785123447.4015698,3.780786346764209e-05,1.1745665763134386e-06
1785123447.4067705,3.7807730091745055e-05,1.1745540426425993e-06
1785123447.4113803,3.780759855420921e-05,1.174541691687852e-06
1785123447.4161127,3.78074645261457e-05,1.174529168621943e-06
1785123447.4213655,3.7807331206391305e-05,1.1745166826380255e-06
1785123447.4260182,3.78071981423531e-05,1.1745041640704175e-06
1785123447.4319417,3.780706314000086e-05,1.1744914625373447e-06
1785123447.4367568,3.7806930142856356e-05,1.1744789053230617e-06
1785123447.441944,3.780679730499117e-05,1.1744664105434208e-06
1785123447.4481022,3.78066641583679e-05,1.1744538484578067e-06
1785123447.4525537,3.78065275366981e-05,1.174440998815793e-06
1785123447.4577138,3.780639257896795e-05,1.1744282607163486e-06
1785123447.462104,3.780626194899321e-05,1.1744157973501799e-06
1785123447.4668255,3.7806127303241736e-05,1.1744029669701582e-06
1785123447.4722695,3.7805987953258646e-05,1.1743896671126052e-06
1785123447.4801946,3.780585667969671e-05,1.1743769861571673e-06
1785123447.4822474,3.780572881509021e-05,1.1743646324838097e-06
1785123447.4872642,3.780559210257038e-05,1.174351412339279e-06
1785123447.4924648,3.780545820830989e-05,1.174338450269364e-06
1785123447.4962425,3.780532715190935e-05,1.1743257813200899e-06
1785123447.502191,3.7805191138250716e-05,1.1743126703357695e-06
1785123447.5068283,3.7805055915152894e-05,1.1742996096622306e-06
1785123447.5113206,3.78049246302878e-05,1.1742869244878932e-06
1785123447.5168147,3.780479242759212e-05,1.1742741236943628e-06
1785123447.5221617,3.780466201278413e-05,1.1742614752785987e-06
1785123447.52661,3.780452830686196e-05,1.1742484402263516e-06
1785123447.531259,3.780439282513135e-05,1.1742351916880628e-06
1785123447.5360048,3.780425881083114e-05,1.1742219743527634e-06
1785123447.5425131,3.7804120650349546e-05,1.1742082999492815e-06
1785123447.5470388,3.780398663615919e-05,1.174194990342552e-06
1785123447.5521855,3.780385620882186e-05,1.1741820984085515e-06
1785123447.5572066,3.78037236985294e-05,1.1741690335337562e-06
1785123447.5622516,3.780358733170031e-05,1.174155561769386e-06
1785123447.5681102,3.7803457237155504e-05,1.1741427218687549e-06
1785123447.5729952,3.7803327106515055e-05,1.1741298458369413e-06
1785123447.5825865,3.780319640688441e-05,1.1741169616479848e-06
1785123447.587796,3.780305930134949e-05,1.1741034664187915e-06
1785123447.5912058,3.780292636513547e-05,1.1740904602905793e-06
1785123447.596707,3.7802789986440984e-05,1.1740771567609145e-06
1785123447.601818,3.780265604391891e-05,1.1740642463148201e-06
1785123447.6078756,3.780252446248097e-05,1.1740515087049408e-06
1785123447.6118493,3.780239287034994e-05,1.1740386542796947e-06
1785123447.6182046,3.780226104666444e-05,1.1740257429446957e-06
1785123447.6221058,3.780212539076888e-05,1.1740124792303518e-06
1785123447.6260905,3.780199710792797e-05,1.17399986012627e-06
1785123447.6311433,3.78018653097079e-05,1.1739869217322022e-06
1785123447.6372027,3.78017298763515e-05,1.1739736829900614e-06
1785123447.6419096,3.780159993785118e-05,1.1739609355757482e-06
1785123447.646852,3.7801468289748565e-05,1.1739480211489238e-06
1785123447.6534317,3.7801332699552e-05,1.1739347302373597e-06
1785123447.6590948,3.7801192775172974e-05,1.1739210727337583e-06
1785123447.6630228,3.780105920095342e-05,1.1739079674386213e-06
1785123447.667338,3.780092328729028e-05,1.1738947194395816e-06
1785123447.6736574,3.780079128151946e-05,1.1738818160912972e-06
1785123447.6765933,3.7800653241638e-05,1.1738683511706748e-06
1785123447.68225,3.7800522808494526e-05,1.1738555707232044e-06
1785123447.68637,3.780039292755633e-05,1.1738428191056723e-06
1785123447.6930065,3.7800256240644294e-05,1.1738294870638017e-06
1785123447.696001,3.780012030028001e-05,1.1738162753795704e-06
1785123447.7014596,3.779999042921551e-05,1.1738035396844692e-06
1785123447.7073853,3.7799854613991915e-05,1.1737902261216528e-06
1785123447.711291,3.7799727657680965e-05,1.1737777949371158e-06
1785123447.71658,3.779958739030867e-05,1.173764068964018e-06
1785123447.7224479,3.7799450931272345e-05,1.1737507700758927e-06
1785123447.7264068,3.7799319507209056e-05,1.1737379419333858e-06
1785123447.7310686,3.7799191306486144e-05,1.1737253765586562e-06
1785123447.7361155,3.779905463879902e-05,1.1737119289453419e-06
1785123447.7421293,3.779891809696877e-05,1.1736985629299295e-06
1785123447.7464066,3.77987780175576e-05,1.1736847813226902e-06
1785123447.7520978,3.779864226250662e-05,1.173671406854138e-06
1785123447.7570171,3.779850671335559e-05,1.1736580778123937e-06
1785123447.7632172,3.779837675914791e-05,1.1736453061834831e-06
1785123447.7678156,3.779824363986597e-05,1.1736322634650534e-06
1785123447.7727172,3.779810390779378e-05,1.1736184709340833e-06
1785123447.7767336,3.7797968460126714e-05,1.173605085412629e-06
1785123447.7831042,3.7797835823257974e-05,1.1735919240785915e-06
1785123447.7868657,3.7797702891751914e-05,1.1735788234781423e-06
1785123447.7913527,3.7797573001106366e-05,1.17356602262741e-06
1785123447.796027,3.7797443284826026e-05,1.1735532008538877e-06
1785123447.8014526,3.7797308890524755e-05,1.1735399346398827e-06
1785123447.8076458,3.779717536514114e-05,1.1735267061870003e-06
1785123447.8106863,3.779704312051576e-05,1.1735136060081934e-06
1785123447.8168583,3.7796907911051565e-05,1.1735002219728715e-06
1785123447.8208961,3.7796778830417796e-05,1.1734874715644924e-06
1785123447.8267543,3.779664760311018e-05,1.1734746123406477e-06
1785123447.831435,3.779651359477651e-05,1.1734616918565345e-06
1785123447.8361073,3.7796379941049293e-05,1.1734488366286147e-06
1785123447.8423343,3.7796252605898494e-05,1.1734365634858105e-06
1785123447.8469317,3.779612315280194e-05,1.1734240500825945e-06
1785123447.8513687,3.7795990196434504e-05,1.173411217897472e-06
1785123447.8586802,3.7795854879602776e-05,1.1733981500672133e-06
1785123447.861921,3.779572037891828e-05,1.173385201242693e-06
1785123447.8677154,3.779558678160902e-05,1.173372296789394e-06
1785123447.8717942,3.779545692753249e-05,1.1733597824936543e-06
1785123447.8763292,3.7795321066220675e-05,1.1733466861847277e-06
1785123447.8830378,3.779518318521046e-05,1.173333449096809e-06
1785123447.8859687,3.7795048710569534e-05,1.1733205337645473e-06
1785123447.891758,3.779491842823941e-05,1.1733078911016566e-06
1785123447.896256,3.779478277745298e-05,1.173294780348517e-06
1785123447.9031086,3.7794648577120596e-05,1.1732817820188063e-06
1785123447.9085648,3.779451663390968e-05,1.1732690755589988e-06
1785123447.9128814,3.7794381561601384e-05,1.1732560434353438e-06
1785123447.91731,3.779424556917162e-05,1.1732427947852187e-06
1785123447.9226053,3.779411001484145e-05,1.1732296467451883e-06
1785123447.927644,3.779397953697998e-05,1.1732169593388816e-06
1785123447.9327624,3.779384703328913e-05,1.1732040253518352e-06
1785123447.9369388,3.779371582707053e-05,1.1731912918594046e-06
1785123447.9425633,3.7793587321093414e-05,1.173178851778311e-06
1785123447.9467497,3.779344840368877e-05,1.1731654736679645e-06
1785123447.9518855,3.779331698494397e-05,1.1731527938390465e-06
1785123447.957563,3.779318189043567e-05,1.1731397885415956e-06
1785123447.961696,3.779304906401125e-05,1.1731269929373895e-06
1785123447.966945,3.7792915861605346e-05,1.173114205168363e-06
1785123447.9709415,3.779278110060499e-05,1.1731013290401312e-06
1785123447.977003,3.7792642990661894e-05,1.1730882363336742e-06
1785123447.984606,3.779251311638075e-05,1.17307594964668e-06
1785123447.987352,3.779237567680963e-05,1.1730631314483295e-06
1785123447.9919708,3.7792243673869175e-05,1.1730508442637455e-06
1785123447.9991627,3.779211164849711e-05,1.1730385568154767e-06
1785123448.007692,3.7791981545059055e-05,1.1730265837963387e-06
1785123448.00944,3.779184856918829e-05,1.1730142685898974e-06
1785123448.0120952,3.779171390538589e-05,1.17300176331834e-06
1785123448.0175416,3.7791576641374344e-05,1.1729890524564378e-06
1785123448.0291882,3.779144288370945e-05,1.1729766942606994e-06
1785123448.0319505,3.7791312503573994e-05,1.1729646395626736e-06
1785123448.0338416,3.77911819302167e-05,1.1729526061706524e-06
1785123448.0366464,3.779104568010092e-05,1.1729400309589478e-06
1785123448.0431924,3.779090747991382e-05,1.1729272520324178e-06
1785123448.0460176,3.779077490258951e-05,1.1729150024726628e-06
1785123448.051091,3.779063808550421e-05,1.172902408096485e-06
1785123448.058624,3.779050391877458e-05,1.1728900207643206e-06
1785123448.0626838,3.7790374241753e-05,1.1728780654992547e-06
1785123448.0687318,3.779023905448379e-05,1.1728656159664736e-06
1785123448.071483,3.779010517366368e-05,1.172853341969092e-06
1785123448.0758657,3.778996903513054e-05,1.1728407552530271e-06
1785123448.0813265,3.778983710476864e-05,1.1728285883570788e-06
1785123448.0865324,3.778970235018183e-05,1.1728160714621176e-06
1785123448.0914574,3.778957201247869e-05,1.1728040727611855e-06
1785123448.0963671,0.00011403103878051825,8.218793238696216e-06
1785123448.100741,0.00023127873449193902,1.9124768232987443e-05
1785123448.106973,0.000370426842652381,3.209832317204625e-05
1785123448.1112623,0.0005296036978722613,4.681826095477119e-05
1785123448.116211,0.0006851076010734575,6.130238388091661e-05
1785123448.1215477,0.0008499244673587476,7.663848342243794e-05
1785123448.1281087,0.00101131252517064,9.165982403898913e-05
1785123448.1317585,0.001180606044909149,0.00010744004054582993
1785123448.1375778,0.0013474377395136354,0.0001230132593070459
1785123448.142325,0.001515942233923882,0.00013867854758204117
1785123448.1470368,0.0016825012082193115,0.00015435301244484992
1785123448.15242,0.0018545373065618385,0.00017062270339474422
1785123448.159388,0.0020147289998285636,0.0001858123109523596
1785123448.1651993,0.002183804894818877,0.00020190536069220467
1785123448.1727376,0.0023469426110249592,0.00021742008388033504
1785123448.1761892,0.0025121332708914553,0.00023315889581335735
1785123448.18411,0.0026742624949789877,0.0002485805959936635
1785123448.1957355,0.002835990619702915,0.00026396604187770267
1785123448.1987355,0.002996059222614455,0.00027916525919144435
1785123448.2021837,0.00315877979683798,0.0002946597670740473
1785123448.2071319,0.003325943335249638,0.0003106324943582187
1785123448.2106626,0.0034903954319272933,0.0003263101846660524
1785123448.215677,0.0036499046904549448,0.00034135468398817435
1785123448.2228658,0.0038114783318709358,0.00035658318486011094
1785123448.226963,0.003974955948241345,0.0003718764578180731
1785123448.232628,0.004138797623200679,0.00038720541792161886
1785123448.2367008,0.00430093771563625,0.00040244129757282203
1785123448.242188,0.00446336389601031,0.00041789337879468
1785123448.2462664,0.0046207207217605645,0.00043282543992348736
1785123448.2516582,0.004779869938795792,0.00044777984718150473
1785123448.2569275,0.004943717636452915,0.0004630735795782723
1785123448.2636023,0.005116175928367712,0.00047920464172223514
1785123448.2676256,0.005280509305139715,0.000494511012338312
1785123448.2735462,0.005449003793524263,0.0005099872374450329
1785123448.2784462,0.0056179761778865755,0.0005255087533574756
1785123448.2824204,0.005789986382884888,0.0005411933667300649
1785123448.286038,0.005963737847237046,0.0005570166913101563
1785123448.2939928,0.006130334876718837,0.0005720234644624738
1785123448.2964456,0.0063039462710674,0.0005875651596517295
1785123448.3026752,0.00647128099186027,0.0006023826749354318
1785123448.3081257,0.00663396114391455,0.0006166751143155651
1785123448.3137383,0.006813378515928992,0.0006321662560357009
1785123448.3181562,0.0069893899366491275,0.0006472447502137456
1785123448.3262086,0.007163526063399983,0.0006621589186856021
1785123448.331456,0.0073383619392976,0.0006770326416866072
1785123448.3341281,0.007522116284834658,0.0006925939572598373
1785123448.33787,0.007694180938205371,0.0007070574260005959
1785123448.3462152,0.007865590857126722,0.0007214481387920091
1785123448.3503711,0.008028702239547079,0.0007350106719396042
1785123448.3539698,0.00820410558756664,0.0007495305308013725
1785123448.358337,0.008375034573486553,0.0007636331700180076
1785123448.3618126,0.008542891733129332,0.0007774415678521965
1785123448.3668892,0.008714001288305994,0.0007913165889807729
1785123448.3714254,0.008894661145859892,0.0008057786757870191
1785123448.376748,0.0090783656184488,0.0008204288367989184
1785123448.381307,0.00924947829139807,0.000833901338735517
1785123448.386622,0.009436643565485583,0.0008485030059927722
1785123448.3954284,0.009615721638904064,0.0008622248182648315
1785123448.397363,0.00980500127583291,0.0008766520852709693
1785123448.4020383,0.009960438031769594,0.0008883561423458877
1785123448.4079792,0.010150362489844994,0.0009026692136624326
1785123448.4136481,0.010330893990944013,0.0009161325170713348
1785123448.4195309,0.010499032273000924,0.0009285541249372082
1785123448.425902,0.010680539932033155,0.0009420295670655959
1785123448.430224,0.010859139645362514,0.0009552651750422545
1785123448.4343078,0.011043944010739406,0.0009688963597928227
1785123448.4378266,0.011219793684843934,0.0009817226326590128
1785123448.4435933,0.011402583626088477,0.0009949315630870576
1785123448.4462268,0.011584788691847208,0.001007814073553587
1785123448.451464,0.011761315933384187,0.0010200150059297129
1785123448.4567325,0.011952058977702379,0.001033008274711502
1785123448.4630554,0.012138624288077843,0.0010454976671797924
1785123448.4668796,0.01232899193332778,0.0010578691776114808
1785123448.472715,0.012515995572752365,0.0010698978816113137
1785123448.4778333,0.01270179999353676,0.0010816933312350538
1785123448.4827256,0.01288242052498102,0.0010930364486844075
1785123448.48754,0.0130536998113121,0.0011036579301003965
1785123448.4977958,0.013252046434858073,0.0011157361116024855
1785123448.5020504,0.013433345561513507,0.0011266780118408947
1785123448.5075738,0.013616024935424818,0.0011375853430192898
1785123448.512487,0.013798184082233506,0.0011485266466177613
1785123448.517062,0.01397888340308665,0.0011593038826766048
1785123448.5224435,0.014162302547533803,0.0011702045405721957
1785123448.5275075,0.014355408122592318,0.001181369759519268
1785123448.5316842,0.014531156344034723,0.0011913887096217494
1785123448.5378768,0.014715144267248008,0.0012018237758802633
1785123448.5431218,0.014903355563912242,0.0012123834010664258
1785123448.54636,0.015091929282234458,0.0012227659181366863
1785123448.5546377,0.01526615387568423,0.001232142869478102
1785123448.557567,0.01544706849029668,0.0012417612169999313
1785123448.562383,0.015622519335639755,0.0012511400213785742
1785123448.566677,0.01581435750336021,0.001261366917963919
1785123448.5714896,0.015988372843855472,0.0012705511720060775
1785123448.5758793,0.01617574332678198,0.0012803063031792356
1785123448.5808945,0.01635844737790246,0.001289681242300601
1785123448.5862136,0.016544154849717958,0.0012991879428997234
1785123448.5924573,0.016724012709860663,0.0013083680907727442
1785123448.6008885,0.01690152066209946,0.0013173521759014802
1785123448.6033618,0.017094861948497075,0.0013272146992684432
1785123448.6068025,0.01727762069172457,0.001336392980514665
1785123448.612028,0.01745539469817773,0.0013451364548392043
1785123448.616575,0.017644507792135087,0.0013545000452111406
1785123448.6213834,0.017830072557540745,0.0013636759270212182
1785123448.6291103,0.018013191005246256,0.0013725552948706942
1785123448.6322334,0.018199119372618467,0.0013814296322143765
1785123448.6368067,0.018382812545421158,0.0013903305718532331
1785123448.64358,0.018573576218122206,0.0013995988594026698
1785123448.6467264,0.018748746407821835,0.001408084397133542
1785123448.6511104,0.01892779008201691,0.0014166921052801507
1785123448.657439,0.019118101041931554,0.0014258024075852705
1785123448.6626625,0.0193001031536937,0.001434556909047646
1785123448.6675673,0.019487215507505724,0.0014435395536553511
1785123448.673291,0.019667982410710192,0.0014521731533360845
1785123448.6773849,0.01985418513913351,0.001460974357898989
1785123448.6816576,0.02004353404790236,0.0014698902936609692
1785123448.6873286,0.02022924904724448,0.001478561235597714
1785123448.6924636,0.020410183885854825,0.0014867809743601315
1785123448.7010882,0.0205870193470972,0.0014947669560744414
1785123448.7053359,0.020784488195829814,0.0015035727308604734
1785123448.7091138,0.020967321673914446,0.0015115876318894557
1785123448.7118979,0.021149938550296867,0.001519562417684184
1785123448.717828,0.02133923129913912,0.0015278287469445632
1785123448.7237186,0.021517288054103377,0.0015355213957809763
1785123448.7268453,0.02169837030560742,0.0015431905701532634
1785123448.7333145,0.021879652181013533,0.0015507804899836572
1785123448.7371292,0.022056772261499692,0.0015580516392537588
1785123448.7434556,0.02223484956553655,0.0015652748018418923
1785123448.7471623,0.022421955500827564,0.0015729113036081041
1785123448.752223,0.02260783223721939,0.0015804664248035539
1785123448.7575102,0.02278726824990949,0.0015878459499382614
1785123448.762021,0.022975974222410794,0.0015955064438083393
1785123448.7666707,0.023146803405816114,0.0016024512326479538
1785123448.772914,0.02332593197020891,0.0016097543348390227
1785123448.7772822,0.02351381774910198,0.00161719056726017
1785123448.7820585,0.023695108515822117,0.0016241341198546247
1785123448.7864635,0.02387633718415377,0.0016310691752272515
1785123448.7927864,0.024058881473418132,0.0016379920893389015
1785123448.8032274,0.024241245551973982,0.0016449175340610964
1785123448.8070989,0.024410134113674122,0.0016513238940792261
1785123448.8111153,0.024603722834952463,0.0016586111760133432
1785123448.8166943,0.0247753665945281,0.0016651842287192283
1785123448.8233619,0.02495182349562739,0.0016718031289489797
1785123448.828036,0.025128030313654553,0.0016782126744959646
1785123448.833316,0.02531699338009711,0.0016850880188838341
1785123448.8367953,0.025490668364493364,0.001691289130204973
1785123448.8410797,0.025674741123594035,0.00169784586617651
1785123448.8464658,0.025858187360724188,0.001704181050094644
1785123448.8518414,0.026022450788764997,0.0017098655766185304
1785123448.8568993,0.026207099607026673,0.0017161505186342784
1785123448.8612723,0.026386313211329837,0.0017222483424187342
1785123448.8668785,0.02657267541350821,0.0017285001364881504
1785123448.8722014,0.026750196199901235,0.0017343643974446366
1785123448.8774025,0.026919127679456742,0.00173988337759128
1785123448.8827553,0.027103649494026192,0.0017459625633935094
1785123448.8882365,0.027287127076852682,0.0017519564814076067
1785123448.8917837,0.027462493921526374,0.0017576811764152369
1785123448.8967216,0.02764280586045589,0.0017636231880701061
1785123448.907005,0.027820994999790793,0.0017694488780941348
1785123448.9092023,0.027998934029927716,0.0017751624886817598
1785123448.911646,0.028186917071043788,0.001781103739933318
1785123448.9164977,0.028358863498292374,0.001786401128182479
1785123448.9220452,0.028538530308322974,0.001791897146153616
1785123448.9271169,0.02872737175140073,0.00179743471698903
1785123448.9324746,0.02891307908297534,0.0018027212692447547
1785123448.937471,0.029083934095476997,0.001807576605157572
1785123448.9424953,0.02926092020583959,0.0018125708693742958
1785123448.946266,0.02944394672034923,0.0018177144194636845
1785123448.951718,0.0296172351513887,0.001822579875381567
1785123448.9578009,0.029802181981236794,0.0018279247631136847
1785123448.9633813,0.02997509415313925,0.001832930456447492
1785123448.9682567,0.030154418687717267,0.0018382200504728666
1785123448.9729927,0.030342462715365774,0.0018435768139296689
1785123448.977723,0.030518745084237648,0.0018485337152505154
1785123448.983599,0.03070240830367066,0.0018537467988016985
1785123448.9875844,0.030881677559910444,0.0018586477173737578
1785123448.9939747,0.03106619146041218,0.001863646068866815
1785123448.9979236,0.03125099968854225,0.0018687525976074978
1785123449.0084682,0.03142450623988518,0.001873665618346696
1785123449.0135796,0.03160757828353029,0.001878765227907185
1785123449.0170372,0.03178854748058818,0.0018837740647895881
1785123449.0226288,0.03196679257948434,0.0018887083827509696
1785123449.0278053,0.03215310962542774,0.0018938532372953002
1785123449.0315468,0.03233575159126916,0.0018989312961156918
1785123449.0365853,0.03252120727700118,0.0019039292643788363
1785123449.0439315,0.032698407429973285,0.0019086730758607873
1785123449.048438,0.03279249215047991,0.0019111917438717812
1785123449.0521147,0.032849150968431044,0.0019126410630389613
1785123449.0565596,0.03288651771666025,0.001913581514121945
1785123449.0618737,0.03291251709467261,0.0019142288283925538
1785123449.0673702,0.03292142581157853,0.0019144401208208703
1785123449.0734606,0.03293384025285958,0.0019147380790173578
1785123449.0779123,0.03294160180474409,0.001914931130564133
1785123449.08244,0.03295758343073422,0.0019153291546839932
1785123449.088041,0.032961267108742635,0.0019154202527201973
1785123449.0966415,0.032965100168686784,0.0019155159560456068
1785123449.1087747,0.03297589662723107,0.0019157875136013298
1785123449.1109936,0.03299330481381678,0.0019162169591430194
1785123449.1149287,0.03299818279958702,0.0019163367172696122
1785123449.1183307,0.03300326974725146,0.0019164619752030088
1785123449.123142,0.03301532037108023,0.001916752297923655
1785123449.1276627,0.0330369555265362,0.0019172826440473005
1785123449.1314352,0.033048197843285665,0.0019175515791916608
1785123449.1363497,0.03305144859115045,0.001917629381966031
1785123449.142045,0.033063042686060584,0.0019179070540499066
1785123449.146167,0.033075272791156504,0.001918190023297416
1785123449.152134,0.033089847385656714,0.0019185254966597217
1785123449.156655,0.03309481361233182,0.0019186441752266626
1785123449.162167,0.03310131279463669,0.0019187981095782837
1785123449.1665695,0.033115311784719346,0.0019191188318289523
1785123449.1718137,0.03313821955974706,0.001919642403159944
1785123449.1766713,0.03314688944545736,0.0019198302594210976
1785123449.1810176,0.0331545632293126,0.0019199867033035728
1785123449.1872718,0.03316765091194276,0.001920240341378804
1785123449.1933339,0.03318156796467643,0.0019205085420778711
1785123449.19729,0.033196431796384124,0.0019207976693288954
1785123449.2019956,0.03320692610956154,0.0019210019264505021
1785123449.2071035,0.0332206556432803,0.0019212620119923825
1785123449.2198527,0.03323073908746003,0.0019214526541198856
1785123449.225396,0.03323897634090335,0.0019216030907992102
1785123449.231002,0.033252851583246784,0.001921850504904654
1785123449.2337596,0.03325794224405574,0.0019219360205344563
1785123449.2367682,0.03327023014441162,0.001922127515492092
1785123449.2431617,0.0332832090973162,0.00192232175320139
1785123449.2463644,0.033297655323161764,0.0019225268271364983
1785123449.251907,0.033306796081841825,0.001922647397277597
1785123449.2579038,0.03331997049040246,0.0019228011360365872
1785123449.2629313,0.03333695832194705,0.0019229977084043778
1785123449.2670152,0.03334195380213217,0.0019230543482828407
1785123449.2716997,0.033353542138834374,0.001923187069524217
1785123449.2766163,0.03335703297041431,0.0019232265247698874
1785123449.281358,0.03337595328753098,0.0019234393758251866
1785123449.2866802,0.03338152015870261,0.0019235011685138968
1785123449.2930357,0.033392257710927215,0.0019236134441521398
1785123449.2972107,0.03339920711456865,0.0019236869652210567
1785123449.30279,0.03341946719581989,0.0019238873655136
1785123449.3092365,0.033424679225541674,0.0019239359252041755
1785123449.3129373,0.0334287267551307,0.001923971738414107
1785123449.3498957,0.033438965431746584,0.0019240673523914658
1785123449.3545241,0.033459323444132306,0.0019242451223850984
1785123449.3730597,0.0334641647246939,0.0019242842831356977
1785123449.375096,0.03346765859890706,0.001924310805906743
1785123449.3770676,0.03347681865701497,0.001924380175898294
1785123449.3797636,0.033492020274524664,0.0019244785462553405
1785123449.390965,0.03349869450840102,0.0019245164345904884
1785123449.3966057,0.03349831702072412,0.0019245146693548656
1785123449.3989837,0.033509996206603575,0.0019245732214398013
1785123449.4029186,0.03352034834096612,0.0019246178431584974
1785123449.4079316,0.03351456424585135,0.0019245981475363887
1785123449.41144,0.03352981342664989,0.0019246470841331816
1785123449.4183908,0.033541987708206815,0.0019246773255272417
1785123449.4250803,0.033551833351458275,0.0019246982361879154
1785123449.427829,0.03356451777394854,0.001924725097519159
1785123449.4317424,0.03356949468074748,0.0019247377204212534
1785123449.4401348,0.03357765791828829,0.00192474589684202
1785123449.444252,0.03359510784177428,0.0019247522710906415
1785123449.4478774,0.03359095569673096,0.0019247533114277588
1785123449.4516356,0.033595817226260996,0.0019247502783123372
1785123449.4651766,0.03360797342289906,0.0019247403167250124
1785123449.467068,0.03361651598631054,0.0019247243488067795
1785123449.468042,0.03361890644129128,0.0019247203607260786
1785123449.4714818,0.03362903021561885,0.0019247032670165996
1785123449.4787247,0.033631595906544826,0.0019246987656018637
1785123449.4814599,0.03364577427105954,0.0019246759365175799
1785123449.4874945,0.03365003171008402,0.001924668466928855
1785123449.4913962,0.033656490054019515,0.0019246561823300593
1785123449.4962578,0.03366289069764035,0.0019246420850274012
1785123449.5009723,0.03366861964934005,0.0019246213969525963
1785123449.5074358,0.03367929589078334,0.0019245811727147532
1785123449.511667,0.033687588268942754,0.0019245476984602952
1785123449.516259,0.03368554633142853,0.0019245565317548045
1785123449.5213642,0.033698605107742495,0.0019244900752624784
1785123449.526174,0.033697949952548205,0.001924493935853739
1785123449.5315142,0.03371134280822901,0.0019244069076271954
1785123449.5366082,0.033710547042074844,0.0019244124220390648
1785123449.541799,0.03371433858132412,0.0019243874535508799
1785123449.5465076,0.03380507427308296,0.0019237329369327116
1785123449.5509427,0.03394032861521866,0.0019227320788778174
1785123449.557662,0.0340939821697592,0.00192142778516427
1785123449.5627272,0.03426920434427702,0.0019199898676973298
1785123449.5674381,0.034435539955394334,0.001918610253965414
1785123449.571819,0.03461610229098246,0.001917025124726378
1785123449.5758839,0.034796749555495055,0.0019152974696266985
1785123449.5808723,0.034974915970193976,0.001913672480762588
1785123449.5856965,0.0351455807877787,0.0019119813689978374
1785123449.5916846,0.03533268721203783,0.0019100369036939707
1785123449.5964434,0.035438035121620776,0.0019088994811605204
1785123449.6011055,0.03548580307567702,0.0019083764214938331
1785123449.6077962,0.035511921256672505,0.00190806159477737
1785123449.6127105,0.03552391265642038,0.0019079089881575517
1785123449.6172266,0.03554254951230564,0.0019076877028172596
1785123449.6216686,0.03555141980760705,0.0019075833469671783
1785123449.6269245,0.03555185069704287,0.0019075782828593874
1785123449.6323495,0.03555921149695241,0.001907488646360525
1785123449.6361196,0.03556282523025697,0.001907442934500249
1785123449.6420944,0.03556569655273828,0.001907405467425546
1785123449.6468897,0.03556761888634605,0.001907378179657126
1785123449.6518776,0.03556559629580082,0.0019074079749639209
1785123449.6593,0.035565987526795594,0.001907402175843697
1785123449.662414,0.03557244439442759,0.0019073031964114001
1785123449.666541,0.03556632386833572,0.0019073955861397332
1785123449.6708653,0.03557060268042943,0.0019073299288523769
1785123449.6759586,0.035572301440517144,0.0019073049723194516
1785123449.680898,0.03556995839774753,0.0019073395480165135
1785123449.6860735,0.03556991967365102,0.0019073401181167362
1785123449.6914465,0.03557547508164795,0.0019072532032683488
1785123449.6963148,0.03556922091223205,0.0019073569833693638
1785123449.7005837,0.035576877211186936,0.0019072307253210686
1785123449.7070642,0.035579887791846794,0.0019071825585022905
1785123449.710686,0.03557812944414214,0.0019072098474032847
1785123449.716846,0.035578284742260366,0.001907207346946668
1785123449.7213566,0.03558766020591105,0.001907047958395844
1785123449.7267997,0.03558279286865853,0.00190713674221564
1785123449.732518,0.03559172527036472,0.001906973830762612
1785123449.7386127,0.0355946490612592,0.0019069173460794352
1785123449.7418182,0.03558748437032697,0.001907055653555605
1785123449.7464285,0.03559482604858228,0.0019069139837683922
1785123449.751615,0.03558204889791663,0.0019071590290555285
1785123449.758985,0.035577463549057685,0.0019072509750484269
1785123449.761762,0.03558711240686866,0.0019070472324316785
1785123449.7671728,0.03557557159942597,0.00190728983707235
1785123449.7709482,0.03557151745263203,0.0019073749376457767
1785123449.775994,0.035580793124054905,0.0019071765965281509
1785123449.7812815,0.03557433197923477,0.001907316803642172
1785123449.7860985,0.035573156318360596,0.0019073418667307294
1785123449.792948,0.03558850912474759,0.0019070045049430432
1785123449.7958484,0.03558576728473638,0.0019070660042648903
1785123449.8011668,0.03559022076962405,0.001906963051473049
1785123449.8065746,0.03559382563310681,0.0019068746661725852
1785123449.8127456,0.03559477637197854,0.0019068512895533648
1785123449.817154,0.035586794712665855,0.001907051677552822
1785123449.8213415,0.03559465559079498,0.0019068472667183403
1785123449.8276622,0.035589457661034406,0.0019069896318316517
1785123449.8317633,0.035597512049005,0.0019067626099039774
1785123449.8367584,0.03560627114209445,0.0019065044678701461
1785123449.8433638,0.035613921332922384,0.0019062787545567792
1785123449.846583,0.035598940268523636,0.0019067305488010792
1785123449.852337,0.035592889012530396,0.0019069178329438302
1785123449.8589919,0.03560920794807028,0.0019063877669899692
1785123449.8628464,0.03561823527476088,0.0019060866816964942
1785123449.867975,0.035602687548418464,0.0019066212271732536
1785123449.8781826,0.03559574109384277,0.001906874325906224
1785123449.8797238,0.03562265030639947,0.0019058407421502085
1785123449.8825166,0.03560440070571733,0.001906563847258964
1785123449.887669,0.03559578047871149,0.0019069073527287577
1785123449.8922286,0.035612082067646114,0.0019062451469112768
1785123449.898072,0.03561822720774231,0.0019059861914993113
1785123449.9033124,0.03562221669418695,0.0019058112206179314
1785123449.908813,0.03559097936900695,0.0019072248097493471
1785123449.9155989,0.03560725402678869,0.0019064624891097697
1785123449.9176784,0.03561611789101339,0.001906035130339624
1785123449.9227145,0.03562132449147875,0.0019057803866160362
1785123449.9270852,0.03561026878370634,0.0019063365201552984
1785123449.9321737,0.035605100493288196,0.0019066057082726138
1785123449.9379306,0.03561588121865565,0.0019060294913540617
1785123449.9421685,0.03562230577472007,0.0019056746676780402
1785123449.9462821,0.03561267355975175,0.001906227282673132
1785123449.9515321,0.03561852808051458,0.0019058794022771333
1785123449.957338,0.03562212210813859,0.0019056633007422392
1785123449.9614198,0.03562462139299681,0.001905508183648699
1785123449.9662678,0.03561402412257673,0.00190617892532664
1785123449.9713697,0.03561897375591603,0.0019058558088112798
1785123449.9765093,0.03562198168944401,0.0019056524240718634
1785123449.9806898,0.03560673154288608,0.0019067252555188816
1785123449.9856377,0.035610179778287086,0.0019064750787674122
1785123449.9916468,0.035595713070802316,0.0019075561791905692
1785123449.9978237,0.035607841123001534,0.001906625840264892
1785123450.0012407,0.035601442642036164,0.0019071343424345811
1785123450.0068884,0.035598657632101925,0.0019073617964412662
1785123450.0116103,0.03559746314773675,0.0019074607371275538
1785123450.0169375,0.03558883054017159,0.001908188212453076
1785123450.0225098,0.03559165604737256,0.0019079459495382849
1785123450.0277421,0.035593265870820616,0.0019078042049426524
1785123450.0325837,0.03559429296687468,0.0019077110852755061
1785123450.0377007,0.035594995432329114,0.001907645511964575
1785123450.0436065,0.03558420731322656,0.0019086790264078524
1785123450.0474057,0.03558866041468505,0.0019082435910491356
1785123450.0536213,0.0355910983197116,0.0019079998474398454
1785123450.065214,0.035592456664061155,0.001907860887528309
1785123450.0665963,0.035593258091281825,0.001907776811786101
1785123450.0714614,0.035592944869390915,0.0019078103394715963
1785123450.0760574,0.035592836834186146,0.0019078222348405769
1785123450.0829313,0.03559466828981556,0.0019076176608983054
1785123450.0863543,0.035595517306621874,0.0019075201125377146
1785123450.0918345,0.03559592296764557,0.0019074725483006407
1785123450.0975955,0.03560494255147769,0.0019063991728172918
1785123450.1026123,0.035593856737501955,0.001907729383454303
1785123450.1077018,0.035587763272253096,0.0019084733294892832
1785123450.115215,0.03558439249583507,0.0019088900108309706
1785123450.1174257,0.0355887127737811,0.0019083458346688083
1785123450.1232584,0.03559085071441854,0.0019080741505939055
1785123450.1356378,0.03559184205873486,0.0019079460285787906
1785123450.137591,0.03559820922846661,0.0019071073303157577
1785123450.1392386,0.035594578279426047,0.0019075940654624697
1785123450.1422095,0.035592541016424825,0.0019078701761002356
1785123450.1486495,0.035591186780174096,0.0019080559895104656
1785123450.1518543,0.03558914148831399,0.0019083397671727218
1785123450.1574917,0.035587815710082474,0.0019085269649740425
1785123450.1669106,0.03558674211751374,0.0019086816258099615
1785123450.170999,0.03558580729065507,0.0019088177036786181
1785123450.1766312,0.035584953142978375,0.0019089426511124151
1785123450.181628,0.03558294239149803,0.001909240335675044
1785123450.1873062,0.03558154229895639,0.0019094507954252496
1785123450.1931767,0.03558038200423339,0.001909627075407797
1785123450.1970763,0.035579328294808775,0.001909789606046328
1785123450.2018833,0.035578335139572585,0.0019099456776015093
1785123450.207933,0.035577335363813065,0.0019101043114490375
1785123450.2133212,0.03557581514962709,0.0019103477092270952
1785123450.2181826,0.03557455430180632,0.0019105515815251804
1785123450.2242734,0.03557338483517239,0.0019107427339414527
1785123450.2282069,0.03557219305080596,0.001910940273232935
1785123450.233161,0.03557101982273834,0.001911135642983878
1785123450.2369485,0.03556988544419111,0.0019113270716770996
1785123450.2429833,0.035568759698043524,0.001911518004695585
1785123450.2470453,0.03556754694414007,0.0019117257558235595
1785123450.251255,0.035574548339826345,0.001910516866369108
1785123450.2578208,0.03557757347697011,0.0019099875435587314
1785123450.2626488,0.03557862907702553,0.0019098007160175132
1785123450.2726912,0.035569849801084796,0.0019113671095941495
1785123450.2770011,0.03556467616442979,0.0019122997213600265
1785123450.2818744,0.03556119287280187,0.0019129322778298834
1785123450.287371,0.03555866851385232,0.0019133942508256661
1785123450.2923675,0.03555657530117783,0.0019137820567619451
1785123450.2970042,0.035554723967723544,0.0019141279478132394
1785123450.302776,0.03555302521003364,0.0019144475542296588
1785123450.3075805,0.03555135799699023,0.0019147644624221245
1785123450.3128104,0.035549787183652946,0.0019150658936866107
1785123450.3170753,0.03554822900258457,0.0019153674477349666
1785123450.3228533,0.03554667871206739,0.0019156698079367716
1785123450.3287888,0.035545140064157994,0.0019159718127514617
1785123450.3334963,0.035543605103607184,0.001916275961294471
1785123450.3379645,0.035542098346544364,0.0019165760079721348
1785123450.3425837,0.03554053439062675,0.0019168888593894212
1785123450.3460343,0.03553904458699071,0.0019171896640493623
1785123450.3517902,0.03553748900872083,0.0019175063293911212
1785123450.3581204,0.03553603309060496,0.001917804147738558
1785123450.3624518,0.03553451451132626,0.001918116510360443
1785123450.3666983,0.0355329861373193,0.0019184322915753685
1785123450.3744583,0.035531505776981685,0.00191874086025348
1785123450.3758602,0.03552999770355459,0.001919057691326956
1785123450.3809106,0.03552850119381813,0.0019193755167151141
1785123450.3869643,0.03552703772931925,0.001919687673679361
1785123450.3917224,0.035525530176377045,0.0019200112208442798
1785123450.3963983,0.035524043231802443,0.001920332777842624
1785123450.4016101,0.03552260196528928,0.001920646708130363
1785123450.4070013,0.03552113829983409,0.001920967592591022
1785123450.4121356,0.03551961061951091,0.001921305059900827
1785123450.4175813,0.035518171345527885,0.0019216254154708903
1785123450.424589,0.03551670811704193,0.0019219538924169094
1785123450.4270728,0.03551527383787592,0.0019222786118323365
1785123450.4326487,0.03551380777263484,0.0019226126819582474
1785123450.4366684,0.03551242548956793,0.0019229298038306788
1785123450.4441645,0.035510993119974354,0.0019232603658315129
1785123450.4467905,0.035509521846029846,0.0019236030535616359
1785123450.4531786,0.035508086951239984,0.0019239393779709717
1785123450.457693,0.03550663801306965,0.0019242813161326445
1785123450.4618309,0.03550520964616165,0.0019246209797239412
1785123450.467094,0.0355038354465252,0.0019249508464287094
1785123450.4769213,0.03550239419175629,0.0019252990457791462
1785123450.4817271,0.0355008919367487,0.0019256658483733176
1785123450.4865441,0.03549945768704284,0.001926017908530721
1785123450.4921687,0.03549805696655029,0.0019263643791399376
1785123450.4974024,0.035496661932888765,0.0019267125638241394
1785123450.502034,0.03549526248896623,0.0019270644869792235
1785123450.5073192,0.0354938470884402,0.001927423417380698
1785123450.5123405,0.03549247147568779,0.001927774695405257
1785123450.519371,0.035491091978679244,0.0019281289819824488
1785123450.523869,0.035489688942229716,0.0019284900759011302
1785123450.5274184,0.03548833008535948,0.0019288417574835229
1785123450.5331569,0.0354869893391988,0.0019291898611937767
1785123450.538108,0.03548563069715832,0.0019295451717753498
1785123450.542401,0.03548428771099899,0.001929898941052767
1785123450.5468504,0.03548291582439795,0.0019302633236529252
1785123450.5525644,0.035481521123024835,0.0019306352321156002
1785123450.5570416,0.03548017899322811,0.001930995540543801
1785123450.562058,0.035478797243895646,0.0019313689923300982
1785123450.5668113,0.03547743632442008,0.0019317393523897402
1785123450.5716054,0.03547609367867265,0.001932106464764063
1785123450.5801597,0.03547478166141612,0.0019324683064576031
1785123450.583524,0.03547345042174151,0.0019328362873876632
1785123450.5868552,0.03547218094564589,0.0019331898221427285
1785123450.5933745,0.03547088876793171,0.0019335510768033646
1785123450.5963871,0.035469557091839535,0.0019339249519756848
1785123450.6010957,0.03546818240493677,0.0019343126110467784
1785123450.6070611,0.03546682951224,0.001934697204747446
1785123450.612581,0.03546558565112533,0.001935053245487504
1785123450.6173406,0.035464313148548386,0.0019354199903363538
1785123450.6241848,0.03546305483039836,0.0019357861625080817
1785123450.6275878,0.035461823574027704,0.0019361467169519873
1785123450.6321828,0.035460621245316216,0.0019365011311651983
1785123450.636915,0.03545946171030155,0.0019368454037580515
1785123450.6424878,0.035458271433630596,0.0019372012281048394
1785123450.6471598,0.0354570762711245,0.0019375616659760846
1785123450.6520486,0.0354559263117138,0.0019379120075628399
1785123450.659073,0.03545476567208306,0.0019382676631675387
1785123450.662021,0.035453557957888265,0.0019386407055178151
1785123450.6670136,0.03545238837177371,0.001939004264879828
1785123450.6723433,0.035451229040979984,0.001939367164291845
1785123450.6810114,0.03545013563262016,0.0019397104460648698
1785123450.6834097,0.03544902206076824,0.0019400616950971715
1785123450.6887543,0.035447922665384386,0.001940410195924307
1785123450.6943586,0.03544681690636911,0.0019407629566638432
1785123450.6977334,0.035445746138052646,0.0019411067573882486
1785123450.7031503,0.0354446710793962,0.0019414546175522064
1785123450.7080317,0.03544363439854759,0.0019417914692439842
1785123450.7129261,0.03544260359063554,0.0019421285791998387
1785123450.7177286,0.03544161845841059,0.0019424526367568858
1785123450.7241335,0.03544058470155157,0.0019427946759072742
1785123450.7275212,0.035439550593671446,0.001943139478088589
1785123450.7331054,0.035438607564201745,0.001943455602074505
1785123450.7417762,0.03543763522389109,0.0019437838684196694
1785123450.7450671,0.03543665750123265,0.0019441160540370221
1785123450.7485218,0.03543571986967024,0.0019444364219810672
1785123450.7566807,0.03543481541818654,0.0019447468554380691
1785123450.7588997,0.03543392366405107,0.0019450545291461356
1785123450.7626526,0.0354330822970692,0.001945346308262412
1785123450.7677476,0.03543223222050413,0.0019456423775210056
1785123450.7711422,0.03543139935037944,0.0019459346307244066
1785123450.7802162,0.035430602145228765,0.0019462149836412608
1785123450.7823422,0.035429808572712565,0.001946495078049978
1785123450.786133,0.03542905698000699,0.0019467616631847547
1785123450.793403,0.035428333401340086,0.0019470191752291534
1785123450.796941,0.035427735526899734,0.0019472335498196612
1785123450.8017557,0.03542716134571557,0.0019474403124810527
1785123450.8070695,0.03542658629858326,0.0019476485618806511
1785123450.812808,0.03542601006055843,0.0019478584808859097
1785123450.8175015,0.03542541297642044,0.0019480766950182493
1785123450.8227952,0.0354248289152943,0.001948291231388758
1785123450.8271308,0.03542425110035227,0.0019485044490486388
1785123450.8332148,0.035423706305910824,0.0019487063136401292
1785123450.8366282,0.035423173008850777,0.001948904781280814
1785123450.8419363,0.03542269876193666,0.0019490819715134004
1785123450.8477027,0.035422253961506965,0.0019492488756407964
1785123450.851308,0.03542184589136754,0.0019494028988697018
1785123450.8571486,0.03542145770491601,0.0019495502805956092
1785123450.8625872,0.03542110315448146,0.0019496855532994601
1785123450.8669424,0.035420778843853126,0.0019498101594529272
1785123450.872311,0.0354205008919536,0.0019499175315798936
1785123450.885593,0.035420265768905716,0.001950008554012865
1785123450.8895955,0.035420049940397325,0.001950092412041682
1785123450.8962002,0.03541987135914885,0.0019501621357058045
1785123450.897755,0.035419719816950114,0.0019502213956101662
1785123450.9012012,0.035419602113631966,0.0019502677174092276
1785123450.9073508,0.03541951937643021,0.0019503004687837866
1785123450.9119017,0.035419472661601635,0.0019503191408442768
1785123450.9179144,0.03541945619621808,0.0019503257625937266
1785123450.9224963,0.03541946950080175,0.0019503203891706319
1785123450.9268837,0.035419511358984586,0.0019503034151195815
1785123450.9328465,0.03541957993044467,0.0019502754440278473
1785123450.9364862,0.03541967564347138,0.0019502361136240589
1785123450.94228,0.03541979125158212,0.0019501884284020387
1785123450.9471548,0.03541992062683418,0.0019501348653444622
1785123450.9521637,0.035420077315998354,0.0019500696786148306
1785123450.956479,0.03542025660360875,0.0019499945031241006
1785123450.963507,0.03542045880041835,0.0019499095478499532
1785123450.9673321,0.03542067864618055,0.0019498168140223487
1785123450.9726117,0.03542092950215144,0.001949710547075379
1785123450.9775846,0.035421191999926806,0.0019495987750395732
1785123450.9885335,0.035421470976111404,0.0019494793256796161
1785123450.9934082,0.035421764613354195,0.0019493530744026698
1785123450.9968803,0.03542207649749142,0.0019492179006748104
1785123451.0027006,0.03542238744260845,0.001949082341666094
1785123451.0075681,0.0354227078448046,0.001948941883716777
1785123451.0115888,0.03542303600653642,0.0019487972269233895
1785123451.0167696,0.03542339841521996,0.0019486367999581459
1785123451.022061,0.035423772620683726,0.0019484700502207675
1785123451.0276809,0.035424144201098504,0.001948303751983479
1785123451.033028,0.035424534656653295,0.001948127966047476
1785123451.0363533,0.035424956564485716,0.0019479373781008103
1785123451.0420194,0.03542538169822186,0.001947744390901875
1785123451.0468488,0.03542579609634485,0.0019475550949486626
1785123451.052534,0.03542619410284282,0.0019473722170910638
1785123451.056914,0.035426610066120696,0.0019471801683229218
1785123451.0625196,0.03542705435683361,0.001946974250539624
1785123451.0683336,0.03542749716400561,0.0019467683491486939
1785123451.0738792,0.03542795876189956,0.001946552211643108
1785123451.0777092,0.035428433422085195,0.001946328781731437
1785123451.0835829,0.035428930669098795,0.0019460932488942267
1785123451.0975506,0.03542941288525394,0.0019458638049269
1785123451.1022148,0.035509204820902834,0.0019076847090216077
1785123451.108709,0.0356278218286091,0.0018504432973063644
1785123451.1140716,0.03577109968046283,0.0017808033157632876
1785123451.1183722,0.035916549924277966,0.0017097186843593366
1785123451.126037,0.03606547865095128,0.001636488777240506
1785123451.1323535,0.03622285776118964,0.0015584899871482392
1785123451.1342702,0.03638414587301413,0.001478113627690489
1785123451.1376605,0.03654468744418338,0.0013977617552728683
1785123451.1424384,0.03670213234318579,0.0013183884513979529
1785123451.146799,0.03686622505639955,0.0012351393287298848
1785123451.1515558,0.037025406964219375,0.0011539824272262472
1785123451.1647093,0.03718756550746171,0.0010708556355718394
1785123451.1663337,0.037345823858817045,0.0009892759370449325
1785123451.1677573,0.03750571993414936,0.0009064053541767493
1785123451.1716797,0.03767114807449681,0.0008200906270974896
1785123451.17631,0.03783184427815616,0.0007357480307515942
1785123451.1808786,0.03798712283811278,0.000653872689777467
1785123451.1868963,0.03814406535132515,0.0005705088921632562
1785123451.1928048,0.038296738043982224,0.0004891476399450526
1785123451.2023153,0.03845200487283161,0.000405851686259514
1785123451.206975,0.038613078207439304,0.00031913892976376626
1785123451.2123656,0.038771069415063454,0.00023357186283614652
1785123451.2179139,0.03892878549114705,0.00014773906205482496
1785123451.2231193,0.03908417847405134,6.25340534185038e-05
1785123451.2283454,0.039241984760170046,-2.4391311300314618e-05
1785123451.2332892,0.039402242701657104,-0.00011319733035312614
1785123451.2378829,0.03955612524278741,-0.00019894056326874321
1785123451.2432725,0.03971036998184672,-0.0002853292749755364
1785123451.2471752,0.03979306370071624,-0.0003319286064433362
1785123451.2529223,0.03983477130972589,-0.00035557656371978377
1785123451.2570193,0.03985620705179992,-0.0003677919243238307
1785123451.2625437,0.039867373502340264,-0.0003741915688929239
1785123451.2677717,0.039873338299007216,-0.00037762601541176203
1785123451.272661,0.03987674041335544,-0.00037959678342084827
1785123451.2767365,0.039878581102652425,-0.0003806673773182211
1785123451.2817507,0.0398796795345314,-0.00038131071553100635
1785123451.286883,0.039880388240348466,-0.0003817285506554591
1785123451.2919958,0.03988089801498074,-0.00038203020450056736
1785123451.2967362,0.03988128455309661,-0.0003822599994877777
1785123451.3086693,0.039881605360077475,-0.0003824517920067364
1785123451.3126075,0.03988186840904341,-0.00038261007225904057
1785123451.3180351,0.03988208013157705,-0.0003827380650998503
1785123451.325822,0.039882265932675666,-0.0003828510002408103
1785123451.3287616,0.039882429016307064,-0.00038295059003090354
1785123451.3329902,0.039882578626796096,-0.0003830424059085853
1785123451.3367496,0.03988271718820659,-0.0003831278946560667
1785123451.3423772,0.03988285664075563,-0.0003832144483986325
1785123451.3464756,0.03988303363037368,-0.00038332492537966
1785123451.351689,0.039883228387947514,-0.0003834472146227752
1785123451.3573303,0.0398834277121068,-0.000383573019663679
1785123451.361755,0.03988364260982648,-0.0003837093430584362
1785123451.367026,0.039883879093421254,-0.00038386002667022487
1785123451.3712757,0.0398841516446792,-0.00038403465794599836
1785123451.3777153,0.039884463181177957,-0.0003842350695490745
1785123451.3818715,0.03988484376502815,-0.00038448079587831196
1785123451.385902,0.039885299768602785,-0.0003847767264658372
1785123451.3919706,0.039885781837454136,-0.0003850913225090916
1785123451.3965046,0.03988638172736791,-0.0003854842936484106
1785123451.4018686,0.03988708593910788,-0.00038594780743610754
1785123451.407726,0.039887860856443885,-0.0003864596964948656
1785123451.4115925,0.039888654996220026,-0.00038698692230574444
1785123451.41683,0.03988954877388012,-0.00038758267885333577
1785123451.422071,0.03989053635943764,-0.0003882436748576378
1785123451.428207,0.03989157746999021,-0.00038894383157413447
1785123451.4316912,0.039892708553758656,-0.00038970739938886523
1785123451.4368038,0.03989389668393158,-0.00039051198032688273
1785123451.4420168,0.039895239703823644,-0.000391425184000588
1785123451.446332,0.039896656936879736,-0.00039239326377054777
1785123451.451413,0.039898179389939926,-0.0003934369409152621
1785123451.4577975,0.03989979614861703,-0.0003945490273140762
1785123451.4613652,0.03990146605273747,-0.0003957011894548905
1785123451.4665148,0.039903155824099264,-0.0003968727175889812
1785123451.4731882,0.03990497735385516,-0.000398140929094459
1785123451.4765067,0.03990681762363872,-0.0003994277090703436
1785123451.4816155,0.0399086851514233,-0.00040073877156924544
1785123451.4874446,0.03991066374744281,-0.00040213259959275693
1785123451.49165,0.03991278069503582,-0.00040363248248853823
1785123451.4965742,0.039914919040943284,-0.0004051528759044909
1785123451.5016098,0.03991712185075161,-0.000406724923499858
1785123451.5090814,0.03991935959328158,-0.00040832771375030603
1785123451.5113854,0.03992169246158843,-0.0004100061485097513
1785123451.517069,0.03992408193965496,-0.0004117310747147594
1785123451.5223377,0.03992648192203275,-0.00041346987626168005
1785123451.5264416,0.03992896734948109,-0.0004152744467580324
1785123451.5320258,0.03993146381116506,-0.0004170968352857486
1785123451.53621,0.03993392371430012,-0.0004188950169367047
1785123451.5432255,0.03993657408805759,-0.0004208389864421719
1785123451.5467257,0.03993924158588026,-0.00042280257389824545
1785123451.5529535,0.03994209594415227,-0.00042491065269947815
1785123451.557226,0.03994494252211602,-0.0004270232441888475
1785123451.5625618,0.03994777071683431,-0.0004291285237084361
1785123451.56857,0.03995074671189514,-0.00043135516868961747
1785123451.5720975,0.0399537635868052,-0.0004336176865636611
1785123451.5768967,0.03995674505889462,-0.0004358635755047076
1785123451.5815952,0.039959854110193635,-0.0004382134404634984
1785123451.586811,0.03996303173870724,-0.00044062440590397783
1785123451.5952213,0.039966232882994474,-0.00044305799768715567
1785123451.598327,0.03996956364770547,-0.00044559973622298744
1785123451.6027987,0.039972907493194335,-0.000448165982491565
1785123451.6176724,0.03997632392226732,-0.0004508018860921251
1785123451.619299,0.03997989988558128,-0.000453563627681342
1785123451.6246471,0.03998352305849972,-0.0004563739748132332
1785123451.6297324,0.03998723696669333,-0.0004592649880087791
1785123451.634205,0.039990835786731786,-0.00046208000841988357
1785123451.63841,0.039994528983887986,-0.0004649771332786169
1785123451.6437097,0.039998336908271544,-0.0004679812166557897
1785123451.6465595,0.04000221185472193,-0.0004710488129621205
1785123451.6596217,0.040006035964873954,-0.0004740887098956633
1785123451.6610332,0.04001022094246481,-0.0004774273464253847
1785123451.6627376,0.0400142419285536,-0.00048064510963477216
1785123451.6717327,0.0400185832954576,-0.00048413235199315226
1785123451.6751065,0.040022728006802274,-0.0004874706519076741
1785123451.6866155,0.040026870334467946,-0.0004908198088673402
1785123451.694491,0.040039653685009245,-0.0005011962033308448
1785123451.6960618,0.04004868119567077,-0.0005085477321239054
1785123451.6977353,0.040055740712130694,-0.000514316458857564
1785123451.7107933,0.04006190133295717,-0.0005193714724603287
1785123451.7135446,0.040067152518327064,-0.0005236998763374416
1785123451.7143474,0.04007253039561246,-0.0005281530230278069
1785123451.7223632,0.04007750977874799,-0.0005322885163156263
1785123451.7247155,0.04008233468578527,-0.0005363096154630994
1785123451.7322648,0.04008727116657916,-0.0005404425707413794
1785123451.7431893,0.04009594573540142,-0.0005477264185572526
1785123451.745428,0.040103005144713016,-0.0005536879256617838
1785123451.7469606,0.040108844433416176,-0.0005586392414311608
1785123451.7486048,0.0401140729143613,-0.0005630922652938989
1785123451.7594023,0.04011908245808142,-0.0005673726361901028
1785123451.760893,0.04012370389741531,-0.000571332696009276
1785123451.763425,0.04013252706982099,-0.0005789266007123362
1785123451.7671595,0.04013938032569633,-0.0005848537973529064
1785123451.7808354,0.040145254112182276,-0.0005899604928826384
1785123451.785919,0.04015053703938366,-0.0005945773020015352
1785123451.7903383,0.04015544503614502,-0.0005988900265281817
1785123451.7942038,0.040159962831457514,-0.0006028787049835822
1785123451.79833,0.04016746774552727,-0.0006095336461841119
1785123451.8015206,0.04017379831960267,-0.000615186100763756
1785123451.8052306,0.04017912333962958,-0.0006199668565650031
1785123451.8137887,0.04018392793744373,-0.0006243033881953941
1785123451.824086,0.04018867399274601,-0.0006286062688794589
1785123451.8276236,0.04019631660227393,-0.0006355672965692201
1785123451.8287234,0.04020231068127889,-0.0006410533365377362
1785123451.83211,0.04020778162998057,-0.0006460829125162182
1785123451.8331676,0.040216406760736415,-0.0006540480440317434
1785123451.84261,0.04022326780770913,-0.00066041638842121
1785123451.8462627,0.04022897619165612,-0.000665728715058488
1785123451.8478477,0.040234213726269945,-0.0006706319356442742
1785123451.8542597,0.040242632724013,-0.0006785562182071225
1785123451.8574643,0.0402492208045405,-0.0006847759579052014
1785123451.8629699,0.040254956794726245,-0.0006902251686250942
1785123451.8729742,0.04026397637411583,-0.0006988216903568028
1785123451.8756716,0.04027077436679965,-0.0007053206213529952
1785123451.8788247,0.04027664200514347,-0.000710958543896974
1785123451.8819318,0.04028190423664174,-0.0007160439616275339
1785123451.88802,0.04028952447838615,-0.0007234437332503133
1785123451.897405,0.040295820734520725,-0.0007295849867928718
1785123451.9064667,0.04030474357472496,-0.0007383097276365515
1785123451.911988,0.040311374248306824,-0.0007448221639813453
1785123451.913532,0.04031710786530959,-0.0007504854649815613
1785123451.9149263,0.040325569469542404,-0.000758886775513189
1785123451.9228396,0.040332300657081856,-0.0007655986507868942
1785123451.923593,0.04033821765121644,-0.0007715287596229834
1785123451.930746,0.04034574901190458,-0.0007791177606235518
1785123451.9320207,0.04035188681448436,-0.0007853324267893609
1785123451.9362051,0.040360567721404166,-0.0007941491054540138
1785123451.9423625,0.040367284236985185,-0.0008010082501101182
1785123451.9456377,0.04037306933290027,-0.0008069386680040426
1785123451.9506874,0.040380691901063366,-0.0008147894802750584
1785123451.956879,0.04038693484860366,-0.0008212451629238
1785123451.9607472,0.04039477067420108,-0.0008293813852446103
1785123451.9666219,0.040400927865347935,-0.0008358044266344178
1785123451.971464,0.04040964455416355,-0.0008449459322150684
1785123451.976746,0.04041811507622395,-0.0008538762788562048
1785123451.981755,0.04042491579280788,-0.0008610913303903619
1785123451.9870412,0.040430483175712434,-0.0008670262372116483
1785123451.9920132,0.040438838914384136,-0.0008759764541950247
1785123451.9971666,0.04044721024125699,-0.0008849845010667911
1785123452.003686,0.04045376566328024,-0.0008920648465408981
1785123452.0089478,0.04045920497575216,-0.0008979579410702226
1785123452.0123217,0.04046971280895894,-0.0009093680170905183
1785123452.020345,0.04047718274859858,-0.0009175136867575764
1785123452.023743,0.040483406868712005,-0.0009243285747330469
1785123452.0271776,0.04049204855298307,-0.0009338300596972593
1785123452.031675,0.04050303258797421,-0.0009459649598793891
1785123452.0360558,0.04051055981293058,-0.0009543214134891307
1785123452.0421555,0.04051650000024184,-0.0009609503209224847
1785123452.04644,0.040521517603279794,-0.0009665720034183401
1785123452.0526686,0.04053148965277399,-0.0009778124945832368
1785123452.0577173,0.04054061622150997,-0.0009881540051038698
1785123452.0616193,0.04054715394572203,-0.0009955850708090127
1785123452.0669901,0.040552272947523976,-0.0010014204461154502
1785123452.072751,0.04056238527746016,-0.0010130029797807236
1785123452.0761025,0.0405691562028971,-0.0010207885649249112
1785123452.081882,0.04057649469244408,-0.0010292592484780312
1785123452.0863922,0.0405852581012909,-0.001039430712588392
1785123452.0918605,0.04059350871499943,-0.0010490469776899018
1785123452.0963945,0.040599682947597394,-0.001056258770371085
1785123452.1015182,0.040610633584197475,-0.0010690984886916643
1785123452.1073673,0.04061753193178722,-0.0010772120707631557
1785123452.1112936,0.040626661785836016,-0.0010879794432225363
1785123452.1210635,0.04063608975497425,-0.0010991353745499232
1785123452.1246862,0.04064648876468443,-0.0011114981870718567
1785123452.126483,0.04065325002647638,-0.001119568562850296
1785123452.1316752,0.04066373824305187,-0.0011321156616042715
1785123452.136761,0.04067052719112972,-0.0011402568888087793
1785123452.1424913,0.040678219602543725,-0.001149509311146006
1785123452.1459274,0.04068629854272926,-0.0011592628527714328
1785123452.1520257,0.040694510967558405,-0.0011691990758990556
1785123452.156684,0.04070396485022556,-0.0011806673860747098
1785123452.1620624,0.04071302524339342,-0.0011916915869325674
1785123452.1665716,0.040722984815197864,-0.0012038334067064986
1785123452.1725843,0.04073120149834723,-0.0012138838807264536
1785123452.1766567,0.04074084861193841,-0.001225702203135316
1785123452.1827028,0.04074952200363311,-0.0012363858966258133
1785123452.199289,0.04075749154203106,-0.0012462253140910241
1785123452.200545,0.0407666418604673,-0.0012575730905269279
1785123452.2018645,0.04077825905735397,-0.001272041724915367
1785123452.2033217,0.04078482406146227,-0.0012802365579643853
1785123452.206675,0.04079540715019523,-0.001293497228062029
1785123452.2110345,0.04080539300646847,-0.0013060459404505562
1785123452.2177503,0.040815318570547154,-0.0013185442481680402
1785123452.2219565,0.04082472400606833,-0.0013304231055238367
1785123452.22604,0.040832573945755034,-0.0013403719443830185
1785123452.2316277,0.04083979424002138,-0.0013495413847722107
1785123452.2366352,0.0408501811844555,-0.0013627713794805631
1785123452.2418575,0.04085599458057975,-0.0013701924520304108
1785123452.2464168,0.040865293820110574,-0.0013820962350883344
1785123452.2509203,0.0408727977748178,-0.0013917238505150122
1785123452.257707,0.04087955249152949,-0.001400429486685758
1785123452.2623284,0.04088963728071636,-0.0014134569596168866
1785123452.2689996,0.040898606050306915,-0.0014250927076531015
1785123452.271738,0.04090722375144185,-0.0014363094334876828
1785123452.2768009,0.0409174391385116,-0.0014496767088492213
1785123452.281089,0.040922732815256685,-0.0014566292439590805
1785123452.2863445,0.04093230916276755,-0.0014692596646893913
1785123452.2917392,0.04093961527399721,-0.0014789440262959572
1785123452.2962983,0.040947296602786586,-0.0014891820769393983
1785123452.301828,0.04095678449950672,-0.0015018911017372816
1785123452.3083863,0.040963712390639624,-0.0015112106901023666
1785123452.3117485,0.04096972160290269,-0.001519327041429137
1785123452.3208995,0.04097895546100646,-0.0015318538175623899
1785123452.3262823,0.04098579392470905,-0.0015411731028330518
1785123452.3293815,0.040992800288474594,-0.0015507612488065835
1785123452.3334095,0.04100196546963814,-0.0015633605091556835
1785123452.337538,0.04100871600021088,-0.0015726701163257376
1785123452.3437881,0.041015831688534586,-0.0015825265203331437
1785123452.3477614,0.04102444607142001,-0.0015945271063717878
1785123452.352173,0.041045046773947234,-0.0016233956254139382
1785123452.3575463,0.04104810587695103,-0.001627694107907435
1785123452.3623085,0.04105186662259667,-0.001633001017419089
1785123452.3669345,0.04105746675862283,-0.0016409468106728666
1785123452.371111,0.04106284012559752,-0.0016485962770438358
1785123452.3759825,0.041067224102677345,-0.0016548575302649563
1785123452.3812563,0.041074922143933226,-0.0016658792120916523
1785123452.3866043,0.041091808227854625,-0.001690179839599244
1785123452.3925362,0.041098958120377144,-0.0017005222908389383
1785123452.39714,0.04110071799106252,-0.0017030788187299653
1785123452.4022505,0.04110511163210883,-0.0017094919536837074
1785123452.4073565,0.04113376182700722,-0.0017515126760763399
1785123452.4117777,0.041143245882336414,-0.0017654919261245589
1785123452.4224474,0.04114766745357561,-0.0017720370780290695
1785123452.4262006,0.0411500120478364,-0.0017755212353972557
1785123452.4318526,0.041141644253301364,-0.0017630459733714225
1785123452.4375703,0.04114053754472606,-0.0017613879225914233
1785123452.4419174,0.041145970022551416,-0.0017695603216445483
1785123452.4460242,0.04116577332150063,-0.0017995049726268007
1785123452.4528828,0.04115883008827067,-0.0017889717078813298
1785123452.4578764,0.04119005008690045,-0.0018365670606046497
1785123452.463873,0.04118998068811993,-0.0018364607881159933
1785123452.4685326,0.041196813612947504,-0.0018469802511172078
1785123452.473226,0.04121751454829483,-0.0018790053444984914
1785123452.4767373,0.0412019899554635,-0.001854880607988908
1785123452.4816868,0.041177225487502245,-0.0018161914404486133
1785123452.4874842,0.04118383983658468,-0.0018266019774866578
1785123452.491968,0.0411816691528555,-0.001823166523852026
1785123452.4970782,0.04117411691792131,-0.0018111563191720566
1785123452.5015388,0.04115457099496862,-0.0017799399551047335
1785123452.5077655,0.04114804695537093,-0.0017694860859601693
1785123452.5128527,0.041133284742561796,-0.0017457015708174095
1785123452.5181043,0.041130602797127505,-0.001741363763004412
1785123452.5313299,0.04111785707787509,-0.0017206663140753456
1785123452.5333934,0.04107735942273276,-0.0016545346389255612
1785123452.5377953,0.041051815212991366,-0.0016126367998948686
1785123452.5421681,0.04105018540011897,-0.0016099487362894972
1785123452.546389,0.04101209054351931,-0.001546815853306772
1785123452.552765,0.04100767313045708,-0.0015394617559705657
1785123452.557632,0.04096943988030742,-0.0014754764424834237
1785123452.5624883,0.04091381128674406,-0.0013819883589707054
1785123452.5677211,0.040851109997778134,-0.0012761612944425832
1785123452.5726573,0.040825575680602154,-0.001232901704588935
1785123452.576742,0.04077694911661451,-0.0011501205170987858
1785123452.5822563,0.04071655379648766,-0.0010468731122367466
1785123452.58646,0.04065067417372958,-0.0009333146116422896
1785123452.5915556,0.040582896614440776,-0.0008156789243924671
1785123452.5973222,0.04051232681660391,-0.0006924019010362051
1785123452.602183,0.04044120134620145,-0.0005673811872112082
1785123452.6081264,0.04036384507970466,-0.0004307223806405045
1785123452.6124125,0.0402892988346237,-0.000298000158809927
1785123452.6183524,0.040209787155450184,-0.0001554678868152228
1785123452.6233041,0.04013324215593344,-1.7243144825120006e-05
1785123452.6354437,0.04005679973702936,0.00012188650013402418
1785123452.639494,0.03998203340196617,0.0002589500561875815
1785123452.6417193,0.03990806738480645,0.00039547164111811573
1785123452.6461868,0.03982825503077766,0.0005434492495803378
1785123452.6523335,0.03974830881872966,0.000692850246617832
1785123452.6568172,0.0396709258472104,0.0008388573455332548
1785123452.6616282,0.039596827261695715,0.0009796470242607069
1785123452.667506,0.03952678259933045,0.001113619922971258
1785123452.6720357,0.03945566762698873,0.001250511446266555
1785123452.6765964,0.03938223136093887,0.0013928419759817762
1785123452.6815524,0.03930766025019781,0.0015388832021153596
1785123452.686612,0.039231997005763346,0.001688195128062558
1785123452.6922472,0.03915521794119384,0.0018410479433557236
1785123452.6970046,0.039115832319343125,0.0019199812010155894
1785123452.7020473,0.0391176556790417,0.001916295677587652
1785123452.7086482,0.03913071074103259,0.001889722443745491
1785123452.71223,0.03914374174985523,0.001863043755090009
1785123452.7171566,0.03915477358557614,0.0018402944902535876
1785123452.721756,0.03916457514443306,0.0018199103821320579
1785123452.7279887,0.039174188943280355,0.0017997653986921813
1785123452.7359598,0.03918485873702989,0.0017772732254453124
1785123452.7374604,0.03919676636480721,0.0017520717412104754
1785123452.742042,0.03920825077007619,0.0017276474260188126
1785123452.746913,0.03927739454235808,0.0015800016268585286
1785123452.751401,0.03937817637357355,0.0013638290490621031
1785123452.7569876,0.03949445246280471,0.0011137717184200398
1785123452.7621074,0.03961696780023416,0.0008494295984935096
1785123452.767556,0.03974556239525398,0.0005709543901126477
1785123452.7729385,0.03987902473442058,0.0002806723614029012
1785123452.7770524,0.040016136556719525,-1.8507419581722628e-05
1785123452.7839239,0.040156483865075844,-0.0003261437986003093
1785123452.787499,0.04029775451274232,-0.000637267951133826
1785123452.7931988,0.040442764288036295,-0.0009580660190078004
1785123452.7976325,0.040530076375567235,-0.001151830193656122
1785123452.8030434,0.04058376349820458,-0.001271519512405405
1785123452.8076706,0.0406202180211978,-0.0013531522837176336
1785123452.8127537,0.04065053871827693,-0.0014212188326716143
1785123452.81698,0.040677784471617316,-0.001482584239683477
1785123452.822998,0.040703897360157795,-0.0015418036866651046
1785123452.828071,0.04073096821117009,-0.0016037237757555885
1785123452.84965,0.04075161354314241,-0.001651234084011994
1785123452.8507059,0.04077904502890376,-0.0017147736935702097
1785123452.8514988,0.04080969275672107,-0.0017862664645204467
1785123452.85667,0.04083833317703121,-0.0018536698540916733
1785123452.8771877,0.04086882607412685,-0.0019261257895686226
1785123452.8828197,0.040889107139180085,-0.001974789748962448
1785123452.8930967,0.04089867083163682,-0.0019979871317164478
1785123452.8938618,0.04090880568853109,-0.0020228078428914994
1785123452.8959615,0.04096573908651642,-0.0021637756080729034
1785123452.903616,0.04104216402144204,-0.002354964018139556
1785123452.9068754,0.04113036617224523,-0.0025790543867817923
1785123452.9121308,0.041217576274952906,-0.0028036657076889898
1785123452.9166958,0.04131526739785786,-0.003058963194672106
1785123452.9220622,0.04141378458869217,-0.0033203111929419023
1785123452.9267015,0.041517478572528695,-0.003599145615389153
1785123452.9313326,0.04160966284127372,-0.003851042731889817
1785123452.9365337,0.041713017887192665,-0.004137580817235955
1785123452.9435823,0.041811237043499205,-0.004414161813541456
1785123452.9461896,0.04194279688510581,-0.00479021344241267
1785123452.9514418,0.042101226150085755,-0.005249719996462626
1785123452.9586804,0.04225616825095042,-0.005705742181582033
1785123452.9620602,0.04241839991631986,-0.006190398002665801
1785123452.9672246,0.04258878381402116,-0.006706403506007065
1785123452.971346,0.042751502807071476,-0.007205380389472258
1785123452.9763582,0.0429144034100474,-0.007712719990621852
1785123452.980654,0.04307251218891664,-0.008212310750501328
1785123452.9859977,0.043234492834005954,-0.00873119777690044
1785123452.9914925,0.04339433606541989,-0.00924956526242464
1785123452.9972606,0.04358839781836273,-0.009888034674031173
1785123453.0025477,0.04380170729137257,-0.010598211418056475
1785123453.0095873,0.044012309366788065,-0.011306399234822724
1785123453.0126362,0.04422488754587151,-0.012025978323025028
1785123453.0174687,0.04443893215767337,-0.012758315192023922
1785123453.024423,0.044668014627321374,-0.013546960300645172
1785123453.0268,0.044886914136620305,-0.014309294574421042
1785123453.0338786,0.04509982541062383,-0.015055408916060888
1785123453.037544,0.04531197128398988,-0.015803714827692113
1785123453.0426698,0.045527588563230206,-0.016570765930710593
1785123453.047079,0.045739046406983216,-0.017325438707691806
1785123453.0543702,0.04594433817059162,-0.01806096778557257
1785123453.0648897,0.04616201301985977,-0.018843592021819382
1785123453.0669382,0.046380776160491875,-0.01963105000127034
1785123453.0746913,0.046590295084347734,-0.020390192291696238
1785123453.077012,0.046798866533648203,-0.021147559656238483
1785123453.0833702,0.04701146777829749,-0.021919425310460237
1785123453.0880592,0.047219627108493124,-0.02267495806722357
1785123453.093825,0.0474279026591063,-0.023433963397695455
1785123453.0977123,0.047655603941250214,-0.024265503425004463
1785123453.1031322,0.047907998463566276,-0.02518320205884834
1785123453.1088037,0.04816393993198515,-0.02611427478970205
1785123453.113544,0.04842049695930307,-0.027042951406274995
1785123453.1182218,0.048673483040237664,-0.027957325924186104
1785123453.1236877,0.04894627468398659,-0.028941529270923184
1785123453.126924,0.04919368147230544,-0.029830087282547987
1785123453.1321826,0.04945361314989369,-0.030761480460958737
1785123453.1370568,0.04971570838268432,-0.03170155177664505
1785123453.142783,0.049977526500010444,-0.0326406539220147
1785123453.1470444,0.05026889052615777,-0.033683676325319406
1785123453.152759,0.050556642549545776,-0.034714465931774414
1785123453.1566894,0.05086499755811105,-0.03581956490931415
1785123453.1692224,0.05115514112048682,-0.03685872462135253
1785123453.17246,0.05145899326654143,-0.037949250580273056
1785123453.1745746,0.05177072938313064,-0.039068664948904465
1785123453.1778667,0.052076085085689575,-0.04016977037137214
1785123453.181969,0.052383331052485646,-0.04128147230551388
1785123453.1865246,0.05268961832540604,-0.04239284403250814
1785123453.1913726,0.05298301995044235,-0.04346177753116628
1785123453.1966972,0.05328359736610978,-0.0445533922509603
1785123453.2015128,0.05358297873423287,-0.045641831973342775
1785123453.2073264,0.05388474809128154,-0.04673919478676117
1785123453.2112818,0.05420205981595526,-0.04789576037947721
1785123453.2298872,0.05450271383816607,-0.04899632202910914
1785123453.231275,0.054792092962780585,-0.05005800393771979
1785123453.2324302,0.05510543374480589,-0.05121232192666183
1785123453.2336397,0.05540355370287589,-0.05231277773300914
1785123453.236251,0.055694169660000126,-0.053389723582075145
1785123453.2421029,0.05600279919297342,-0.05453636956113907
1785123453.2488563,0.0562484382500484,-0.0554548351814424
1785123453.2515273,0.05646495854842107,-0.05626542861842209
1785123453.2578783,0.05667729636852024,-0.05706364236517825
1785123453.2656965,0.05686819196284476,-0.057785277973103004
1785123453.2688875,0.057061288684676144,-0.058517832276018714
1785123453.2734003,0.05725267306358093,-0.059250935817584206
1785123453.2764473,0.0574391954640177,-0.059968505315857346
1785123453.2813354,0.0576214655909111,-0.060675778681745694
1785123453.2863045,0.057813880041129646,-0.06142677578868356
1785123453.292403,0.05799246903351812,-0.06212798755893474
1785123453.296676,0.05812518834723206,-0.06265154319974527
1785123453.3012984,0.05823715157988967,-0.0630968444207059
1785123453.3072593,0.05833538300350215,-0.0634890556701019
1785123453.3108974,0.05842827632734164,-0.06386099389617446
1785123453.3166926,0.058515101983497644,-0.06421016837714297
1785123453.323107,0.05859849297057032,-0.06454753559165796
1785123453.326711,0.05868162107956333,-0.06488590653741408
1785123453.332091,0.058762310484966,-0.06521600960577224
1785123453.33602,0.05884198996218501,-0.06554413946691988
1785123453.341365,0.05892174001458922,-0.06587400992449247
1785123453.3461013,0.0589646461612102,-0.06605218552873962
1785123453.3509226,0.058985025323241166,-0.06613692229432466
1785123453.3564136,0.05899473632247566,-0.06617739844910513
1785123453.3639238,0.05899905279694738,-0.06619549227434424
1785123453.3694253,0.05900297991400115,-0.06621198963895705
1785123453.3718326,0.05900398428679005,-0.06621621699481169
1785123453.3762603,0.059003439645882706,-0.06621391410419444
1785123453.3811476,0.05900194347842931,-0.06620758948254396
1785123453.3874607,0.0589998294634273,-0.06619862782288356
1785123453.3921313,0.05899805120570091,-0.06619112177338074
1785123453.3965986,0.058996378387761395,-0.06618406893507772
1785123453.401622,0.058994072415032295,-0.06617433633929468
1785123453.4078228,0.058991341395495,-0.06616280591470385
1785123453.411371,0.05898825862168085,-0.06614976783212287
1785123453.4172223,0.05898475094773613,-0.066134966708217
1785123453.4229407,0.05898113185251507,-0.06611972516538736
1785123453.4282196,0.0589773525962088,-0.06610387095026468
1785123453.4326227,0.058974107551713575,-0.06609032401467649
1785123453.4371908,0.05897055637687876,-0.06607548195196722
1785123453.4429348,0.05896677728463687,-0.06605971945851155
1785123453.4465866,0.058963099338606495,-0.06604438035147571
1785123453.451715,0.05895912815303494,-0.06602786306042958
1785123453.4578686,0.058955250990465495,-0.06601177047765795
1785123453.4660764,0.05895113420226037,-0.06599469674381954
1785123453.4687457,0.05894688922757719,-0.06597717534183799
1785123453.471106,0.0589425920676035,-0.0659594342206025
1785123453.4760754,0.058938430640736963,-0.06594232342166574
1785123453.4819407,0.058934303139717835,-0.06592542924357542
1785123453.4873002,0.058930032590896395,-0.0659080774991912
1785123453.4931781,0.058925855072361415,-0.06589114747084696
1785123453.4966419,0.05892172332779654,-0.06587438028161603
1785123453.5033467,0.058917584631290744,-0.06585768084113353
1785123453.5078964,0.058913538015459545,-0.06584143646804394
1785123453.5126295,0.05890938264918961,-0.06582475028872463
1785123453.5186818,0.05890513981698995,-0.06580775873272686
1785123453.5244668,0.0589004712784286,-0.06578918900748527
1785123453.5274475,0.05889514142459192,-0.06576802432705336
1785123453.5336852,0.05888946966236679,-0.06574561179166082
1785123453.5379524,0.05888442036406857,-0.06572567302153097
1785123453.5428255,0.05888009409712443,-0.06570858821212587
1785123453.5466685,0.058876542846957675,-0.06569456500710921
1785123453.5516438,0.05887357137783675,-0.06568284387052496
1785123453.5582228,0.058871246658306176,-0.06567366252215599
1785123453.5688162,0.05886934914880568,-0.06566620534066507
1785123453.5734608,0.05886780456902643,-0.06566012931451837
1785123453.5770836,0.05886663576663722,-0.06565552934894439
1785123453.5817683,0.05886577166442764,-0.06565211717309763
1785123453.5878417,0.058865198700004714,-0.06564985982509125
1785123453.5932639,0.05886489841553909,-0.06564867945281201
1785123453.5969963,0.05886811465689724,-0.0656613966952945
1785123453.6039386,0.058872058647556465,-0.0656769951354557
1785123453.6102886,0.058875856417786976,-0.06569207845886071
1785123453.6182508,0.05887921270276097,-0.06570543892195536
1785123453.6218355,0.05888231763599705,-0.06571781363885795
1785123453.6248384,0.05888523599225977,-0.06572951230153112
1785123453.6282551,0.05888800004739653,-0.06574063411117892
1785123453.6312556,0.05889076878893084,-0.06575178641964045
1785123453.6368577,0.05889351235990744,-0.0657628809594501
1785123453.6422093,0.0588963778879312,-0.06577446514752293
1785123453.6466742,0.05890212982210948,-0.06579786655416857
1785123453.6513278,0.058908313426839505,-0.06582312615270762
1785123453.65814,0.05891428439293473,-0.06584760659555952
1785123453.6619592,0.05892001053365558,-0.06587112852052701
1785123453.6705709,0.05892540046491522,-0.06589336447416448
1785123453.6750994,0.058930671446321824,-0.06591525008567183
1785123453.67732,0.0589357404503662,-0.06593644384284561
1785123453.681931,0.058941065619252615,-0.0659587384969967
1785123453.6873858,0.05894637330108526,-0.06598096188847717
1785123453.691593,0.058951728385851436,-0.06600350372634133
1785123453.6958253,0.058957285987505534,-0.06602684697906644
1785123453.701501,0.058962834789950666,-0.06605019071002234
1785123453.708172,0.05896913307144872,-0.06607682128080886
1785123453.7112842,0.05897540275986175,-0.0661032901751907
1785123453.716875,0.05898194432368649,-0.06613101395777267
1785123453.7227297,0.05898872880342971,-0.06615975645438088
1785123453.726686,0.0589957395323076,-0.06618948886915213
1785123453.7321427,0.059002985625771553,-0.06622021538518252
1785123453.7368107,0.05901072473232699,-0.06625309331118769
1785123453.7418993,0.05901880150005072,-0.06628733718532447
1785123453.7465584,0.05902470365772494,-0.06631228247132114
1785123453.7525315,0.059030399226560816,-0.0663363324509543
1785123453.757404,0.05903662870364312,-0.06636265431704855
1785123453.762104,0.05904340512282399,-0.0663913063689304
1785123453.7699533,0.05905137054473806,-0.0664248224646444
1785123453.772942,0.059059447157421306,-0.06645874943926511
1785123453.7766492,0.05906815738001108,-0.06649535997738418
1785123453.781791,0.05907732492378073,-0.06653376024425538
1785123453.7868268,0.05908691896908677,-0.06657392359376937
1785123453.792889,0.059096642433383785,-0.066614335528244
1785123453.7974722,0.05910339515191473,-0.06664228735690428
1785123453.8019915,0.059109817502699225,-0.0666687525611206
1785123453.8101175,0.05911680553417455,-0.06669754687523906
1785123453.8139694,0.05912428878809104,-0.06672829046607291
1785123453.8185627,0.05913278232748847,-0.06676298924257486
1785123453.8230178,0.05914125261175914,-0.06679753910105869
1785123453.8279057,0.05915004499611101,-0.06683319891569577
1785123453.8318627,0.059159115143783594,-0.06686978542914639
1785123453.8375201,0.05916826029118727,-0.0669064188613972
1785123453.842268,0.05917730083219983,-0.06694243888288985
1785123453.846811,0.05918449980590429,-0.0669709747538186
1785123453.851581,0.05919110606067736,-0.06699711597564362
1785123453.8576245,0.059198206394934276,-0.06702509284948625
1785123453.862593,0.05920574378839414,-0.06705462032338097
1785123453.874953,0.05921301847292501,-0.06708295306307807
1785123453.878464,0.059220266839868405,-0.06711110215750708
1785123453.8818789,0.05922746677970677,-0.06713891594998708
1785123453.8881042,0.05923460483382824,-0.06716635997835976
1785123453.8922522,0.05924171982376662,-0.06719367638182386
1785123453.896633,0.05924862578276126,-0.06722008894384458
1785123453.902004,0.05926029889127123,-0.0672645786345839
1785123453.907864,0.05927328547846437,-0.06731385130183419
1785123453.9127078,0.059285430664934226,-0.06735985550522043
1785123453.917415,0.0592956757216947,-0.06739856721999934
1785123453.9259593,0.059303643802163464,-0.06742853813668162
1785123453.9277422,0.05931006642632322,-0.06745258597528522
1785123453.9337404,0.05931833664126888,-0.06748352611497126
1785123453.9385026,0.05932628892297718,-0.0675133104452688
1785123453.9428384,0.05933208126312335,-0.06753506709773614
1785123453.948719,0.05933966698763754,-0.06756351931058717
1785123453.952231,0.059347455998649594,-0.06759272727800085
1785123453.9568088,0.05935452675980365,-0.06761924009616886
1785123453.9624448,0.05936039065578057,-0.06764120153184516
1785123453.9666805,0.0593653807977009,-0.06765987452161576
1785123453.9748921,0.05937041688142692,-0.06767868983355256
1785123453.9761472,0.059374500073904456,-0.06769394025350846
1785123453.9813204,0.05937834224917802,-0.06770827403145067
1785123453.9873872,0.05938275572152402,-0.067724704555041
1785123453.9939024,0.05938651751800877,-0.06773871140046794
1785123453.996538,0.059391301736401315,-0.06775657275259579
1785123454.0018883,0.05939572133210438,-0.06777304980927888
1785123454.0085735,0.05939986541912814,-0.06778854506839649
1785123454.013672,0.0594039307110089,-0.06780378102795566
1785123454.017667,0.05940782013376752,-0.06781842794155596
1785123454.0236864,0.05941179590782966,-0.06783341510248786
1785123454.0279582,0.0594165507550018,-0.06785136246521516
1785123454.0329936,0.0594210991662313,-0.06786858084706343
1785123454.037424,0.059425255781418725,-0.06788436487637699
1785123454.0424807,0.059430366297962715,-0.06790378949316049
1785123454.046745,0.05943382210650206,-0.06791698400474831
1785123454.0514803,0.05943689579590034,-0.06792877328369099
1785123454.0568619,0.05944021439876702,-0.06794153455886913
1785123454.0615404,0.059444397216467014,-0.06795763802450129
1785123454.0681818,0.05944822156210959,-0.06797235743184271
1785123454.079247,0.05945163787226823,-0.06798552875635214
1785123454.0811646,0.05945577467717183,-0.06800144427855317
1785123454.0859094,0.05945976328799708,-0.06801679231947896
1785123454.092103,0.05946316559259736,-0.06802988277798033
1785123454.0963283,0.0594659889111699,-0.06804077279925344
1785123454.101725,0.059469486578340384,-0.06805429258165366
1785123454.108218,0.05947268699400909,-0.06806668599217065
1785123454.1120722,0.059475300417753764,-0.06807680157866415
1785123454.1180673,0.05947836319655317,-0.06808869629200492
1785123454.1228735,0.05948084673517474,-0.068098357038987
1785123454.1275377,0.05948330690715318,-0.06810790844509092
1785123454.131076,0.05948585455219438,-0.06811778564078139
1785123454.1364949,0.059488474455606996,-0.06812796760692667
1785123454.1429884,0.05949117371817092,-0.06813847689183057
1785123454.1468394,0.059492747222078965,-0.06814462742092482
1785123454.152308,0.0594950685391951,-0.06815367160328464
1785123454.1586745,0.05949611030915933,-0.06815772863512827
1785123454.1626604,0.059497097779152,-0.06816155824304625
1785123454.1676168,0.05949832624812867,-0.06816632127949816
1785123454.1735897,0.059499580578897454,-0.0681711872961386
1785123454.1816497,0.05950102980667509,-0.06817682659520245
1785123454.1831625,0.05950272103658214,-0.06818340496871274
1785123454.1863632,0.059504045718350815,-0.06818855104027356
1785123454.1921535,0.059505482143210595,-0.06819411856049395
1785123454.1967692,0.05950611910823536,-0.06819658541864723
1785123454.2025843,0.05950577645505284,-0.06819525965297846
1785123454.2079682,0.059505551222517813,-0.06819438795986074
1785123454.2123346,0.05950565427328331,-0.06819478579611653
1785123454.2183137,0.05950580460634493,-0.06819536595557665
1785123454.2236183,0.059505394703759304,-0.06819378678942742
1785123454.2277336,0.059505220666775244,-0.06819311801962548
1785123454.2328844,0.05950501368825383,-0.06819232501582329
1785123454.2381737,0.05950465297764289,-0.06819095009112629
1785123454.2430472,0.05950404139456496,-0.06818862249400538
1785123454.2676954,0.059503198692700404,-0.06818541671361927
1785123454.2687647,0.05950206470662138,-0.0681811127128481
1785123454.269773,0.05950077159215935,-0.06817621267105528
1785123454.2733219,0.059499283494031066,-0.06817059225669936
1785123454.275299,0.05949766328592638,-0.06816447377094458
1785123454.2771206,0.05949592860854437,-0.06815790970055272
1785123454.283222,0.05949397501417196,-0.06815051319381965
1785123454.2867625,0.05949192399315577,-0.06814273967378165
1785123454.2926984,0.05948977283345251,-0.06813460440956433
1785123454.2966418,0.05948735378852176,-0.06812547217813072
1785123454.3029346,0.059484821191423176,-0.06811592392290469
1785123454.3068998,0.0594820971166281,-0.06810564717208142
1785123454.3128378,0.05947939878845626,-0.06809550294911837
1785123454.3178327,0.05947664578982985,-0.06808514828069642
1785123454.3238668,0.0594738751545887,-0.06807468145461833
1785123454.3273408,0.05947087812100801,-0.06806336948024522
1785123454.3332608,0.059467875997359865,-0.06805202215255465
1785123454.337268,0.05946470058545073,-0.06804001670461428
1785123454.3418002,0.05946136713318211,-0.06802740089101335
1785123454.346862,0.05945781990997099,-0.06801396490659317
1785123454.3534594,0.05945427281288234,-0.06800052892587909
1785123454.3584964,0.05945054173853269,-0.0679864047422748
1785123454.3637214,0.0594468827540208,-0.06797255784064757
1785123454.3674865,0.059443234762828714,-0.06795879884442084
1785123454.373955,0.059439505856929156,-0.06794473768524782
1785123454.376771,0.05943579200634283,-0.06793074864236777
1785123454.3879995,0.05943184336915619,-0.06791583793948473
1785123454.393261,0.05942811691462729,-0.06790174356720319
1785123454.3971865,0.059424411090185,-0.06788772444990655
1785123454.4033656,0.05942061318175659,-0.06787337557979711
1785123454.4081159,0.05941689242687426,-0.06785926869016061
1785123454.4117172,0.05941385778699039,-0.06784775159501401
1785123454.4190538,0.05941022842315508,-0.06783393241864723
1785123454.423524,0.0594067059910981,-0.06782054298351331
1785123454.4287455,0.059402988871001566,-0.06780639708875977
1785123454.432807,0.05939923243159163,-0.06779207373671413
1785123454.4383752,0.05939632219600416,-0.06778094849116444
1785123454.4429383,0.05939295660976951,-0.06776807577697253
1785123454.446719,0.05938937310899256,-0.06775434302184899
1785123454.4527643,0.05938763851693767,-0.0677476971709719
1785123454.4567976,0.059385044394270975,-0.0677377925857894
1785123454.4632323,0.059382015090707944,-0.06772622176374966
1785123454.4669013,0.05937963094427841,-0.06771711371130908
1785123454.4733005,0.059376682661352716,-0.06770588061240664
1785123454.4770265,0.059373576683291025,-0.06769404581417482
1785123454.4815786,0.059371157567114245,-0.06768482293125162
1785123454.4918754,0.05936827483050886,-0.0676738458342237
1785123454.4935138,0.05936522377056953,-0.06766226842251089
1785123454.4967928,0.05936276930144524,-0.06765298665338537
1785123454.5015578,0.05936118749015468,-0.06764700298920774
1785123454.5069487,0.05935909912254559,-0.06763912255591295
1785123454.5117278,0.059356774422295616,-0.06763036119516662
1785123454.5182915,0.05935579008016455,-0.0676266611499363
1785123454.5225163,0.059353922187031706,-0.06761965689146769
1785123454.5265722,0.05935176487497679,-0.06761157038983115
1785123454.5346417,0.05934962105563884,-0.06760353450027179
1785123454.5379672,0.05934762676177839,-0.06759606995184196
1785123454.5420327,0.059345827799838456,-0.06758935001303408
1785123454.5461166,0.059344262767739776,-0.0675835272747405
1785123454.552036,0.059342836920823275,-0.06757821905817755
1785123454.5564454,0.05934162554560128,-0.06757371295611853
1785123454.5624995,0.059340545522303764,-0.06756969289579003
1785123454.5676172,0.0593395419511873,-0.06756596222162774
1785123454.5718834,0.05933864890579685,-0.0675626462474972
1785123454.5767272,0.059337896770028355,-0.0675598577002185
1785123454.5822725,0.059337232133646924,-0.0675573979201465
1785123454.5930169,0.059336693053144096,-0.06755540688030656
1785123454.5971873,0.059336186920327806,-0.06755354238531694
1785123454.602101,0.0593357819003537,-0.06755205108636901
1785123454.6069984,0.05933550779342941,-0.06755103970320625
1785123454.611493,0.05933534620857379,-0.0675504410992597
1785123454.6168654,0.05933529078242403,-0.0675502362231955
1785123454.6217747,0.0593353349836634,-0.06755039949009949
1785123454.6269073,0.059335471120479405,-0.06755090317510141
1785123454.6323547,0.059335701029830976,-0.06755175279620965
1785123454.6373029,0.05933599817167095,-0.06755285519605056
1785123454.641457,0.05933638954828775,-0.0675543110485619
1785123454.6465294,0.05933678230028901,-0.0675557677620699
1785123454.651808,0.059337275300057966,-0.06755759822118249
1785123454.6571004,0.05933789642254212,-0.06755989424377581
1785123454.6619756,0.05933861425267679,-0.06756255834649975
1785123454.6675022,0.05933938664548835,-0.06756542319427328
1785123454.6732569,0.05934023713742679,-0.0675685817974285
1785123454.6765783,0.05934117311585974,-0.06757206515246524
1785123454.6815276,0.059342133145498285,-0.0675756402434201
1785123454.687389,0.05934314577975592,-0.06757941281069757
1785123454.696954,0.059344276191306035,-0.06758363559597821
1785123454.6998036,0.0593454539649138,-0.06758804719975206
1785123454.7041724,0.05934664772715686,-0.06759252064531372
1785123454.7073116,0.0593479197442282,-0.06759728637309369
1785123454.71286,0.05934924653240729,-0.06760225093500588
1785123454.7180705,0.05935055756160897,-0.06760716431280436
1785123454.722452,0.05935191999554546,-0.06761228568294185
1785123454.7262583,0.05935330427576841,-0.06761748626562605
1785123454.73207,0.05935477566377638,-0.0676230064877101
1785123454.736636,0.05935620027230601,-0.06762837060642655
1785123454.743092,0.059357691048763206,-0.06763398155595211
1785123454.7467349,0.059359201822861134,-0.06763967543723973
1785123454.7514632,0.059360729360614914,-0.06764543993192536
1785123454.7587686,0.059362273777125905,-0.06765128425289026
1785123454.7645757,0.0593638161217353,-0.0676571268617423
1785123454.7690947,0.05936528207836824,-0.06766267031421365
1785123454.7741692,0.059366892941641373,-0.0676687583836643
1785123454.7801328,0.059368418343264936,-0.06767452921211421
1785123454.7827353,0.059370013957555604,-0.06768059520623518
1785123454.7866902,0.059371570020055976,-0.06768650492960046
1785123454.7970028,0.05937310006908849,-0.06769232872791768
1785123454.8021884,0.059374622174136304,-0.0676981202281365
1785123454.8085105,0.059376140704318736,-0.06770391850857806
1785123454.811086,0.05937759381092892,-0.06770946043397442
1785123454.8173113,0.05937907156562214,-0.06771512118748269
1785123454.822782,0.05938046689277963,-0.0677204672518459
1785123454.8266623,0.05938183356965106,-0.06772570338579197
1785123454.8308902,0.059383168987173184,-0.06773082295137497
1785123454.8365078,0.05938453434176428,-0.0677360592293443
1785123454.8411536,0.05938582411934989,-0.06774099180083548
1785123454.8457344,0.059387075013027264,-0.0677457672496334
1785123454.8517852,0.05938829969045938,-0.06775043808202447
1785123454.8565536,0.05938950951217004,-0.06775504305854112
1785123454.8614726,0.059390650017784895,-0.06775938534613994
1785123454.8667634,0.0593917686018359,-0.06776364333004234
1785123454.872373,0.059392827239484525,-0.0677676681400902
1785123454.876048,0.05939385434503774,-0.06777156641021939
1785123454.8809607,0.059394829483448916,-0.06777526912867345
1785123454.8866317,0.05939574047204965,-0.06777873852018429
1785123454.8920343,0.059396649112056596,-0.06778219994164038
1785123454.898937,0.05939746187631025,-0.0677852916134225
1785123454.9026227,0.05939825627920324,-0.06778831756835005
1785123454.9073112,0.059399004220002,-0.06779117538313922
1785123454.9117568,0.05939967075910431,-0.06779372765601682
1785123454.9179811,0.05940029952029991,-0.06779613393017916
1785123454.9249053,0.05940088035182581,-0.06779835859861504
1785123454.9268513,0.05940141825658449,-0.0678004212410738
1785123454.9321733,0.05940187812010506,-0.06780219042477348
1785123454.9369624,0.059402316593722485,-0.06780387427616696
1785123454.943,0.0594026971586154,-0.06780533528876921
1785123454.9478886,0.059403033843629015,-0.06780663021752345
1785123454.95166,0.05940332973682354,-0.06780776764959391
1785123454.9568803,0.059403578028065986,-0.06780872077950466
1785123454.961974,0.05940378378024581,-0.06780951087770959
1785123454.9663126,0.05940393817246913,-0.06781010669383801
1785123454.9713778,0.05940405275278385,-0.06781054928238164
1785123454.975898,0.059404124588910964,-0.06781082591122364
1785123454.9812486,0.059404152937324026,-0.06781093503712239
1785123454.986459,0.059404139107773396,-0.06781088177451092
1785123454.99152,0.05940408520943894,-0.067810673988112
1785123454.9971962,0.059403995152445974,-0.06781032527236168
1785123455.001152,0.05940386559054015,-0.06780982284964564
1785123455.007246,0.059403701732892625,-0.06780918787878967
1785123455.0108833,0.059403504282663874,-0.06780842063424926
1785123455.0171447,0.059403276321345566,-0.06780753535509584
1785123455.0220902,0.05940301597884214,-0.06780652472749749
1785123455.0274925,0.05940271799836894,-0.06780537100185834
1785123455.0321722,0.05940238171707346,-0.0678040753565192
1785123455.0366073,0.059402031333593,-0.06780272268139743
1785123455.0421686,0.05940164870196032,-0.06780124848512899
1785123455.0470023,0.059401227851325254,-0.06779962364814696
1785123455.051424,0.05940079287229475,-0.0677979420199442
1785123455.056575,0.05940033643703616,-0.06779616761580053
1785123455.0613182,0.05939984965042663,-0.06779427640398972
1785123455.0661983,0.05939937567653544,-0.06779243456139676
1785123455.0734868,0.05939883488027565,-0.06779032938843507
1785123455.0768569,0.05939830131194118,-0.06778825280063971
1785123455.0824347,0.05939774899517852,-0.06778610258313102
1785123455.0881734,0.059397189332139055,-0.06778392368200137
1785123455.092192,0.05939659980519438,-0.06778162687224554
1785123455.1015275,0.05939600182190211,-0.0677792996142903
1785123455.1054878,0.05939540393152773,-0.0677769679904313
1785123455.107787,0.05939476804001751,-0.06777449150838573
1785123455.1118567,0.05939414052880527,-0.0677720431141033
1785123455.1173737,0.05939351433300665,-0.06776960015908827
1785123455.1230462,0.059392867936961635,-0.06776708343797087
1785123455.1268952,0.05939221883732017,-0.06776455108613326
1785123455.1333222,0.05939156420008015,-0.06776200313988509
1785123455.1377544,0.05939090779493595,-0.06775944844120461
1785123455.1438203,0.05939026116830375,-0.06775692643350482
1785123455.147021,0.05938961476054634,-0.06775440649836434
1785123455.152768,0.05938895632499239,-0.06775183213724828
1785123455.158148,0.05938831998583083,-0.06774933563808819
1785123455.162036,0.05938768305417718,-0.0677468391907199
1785123455.1670144,0.05938705199410264,-0.0677443645806467
1785123455.1727822,0.059386420553931146,-0.06774188584905494
1785123455.1774762,0.059385778613953055,-0.06773936950100272
1785123455.1816568,0.05938515998562579,-0.06773694563900291
1785123455.1877162,0.05938451812900978,-0.06773442868525832
1785123455.1919944,0.0593838922174638,-0.06773197061549666
1785123455.199798,0.0593832892824255,-0.06772960482956811
1785123455.2018638,0.05938267889249724,-0.06772721804025779
1785123455.2070293,0.059382074277394115,-0.06772485490780791
1785123455.2113008,0.05938149299278301,-0.06772258099273003
1785123455.217337,0.059380919699820914,-0.06772034327051393
1785123455.2221773,0.05938033753312607,-0.06771807541480307
1785123455.226512,0.059379775044213344,-0.06771588562841016
1785123455.231761,0.05937923744173235,-0.06771379307344155
1785123455.2367146,0.05937869418854096,-0.06771167853100371
1785123455.242186,0.059378182406237816,-0.06770968317215206
1785123455.2464225,0.05937766489455813,-0.06770767023579143
1785123455.2521129,0.05937718264078216,-0.06770579261648287
1785123455.2570531,0.05937670462499318,-0.0677039207755988
1785123455.2617679,0.05937624415243059,-0.06770211553889979
1785123455.267699,0.0593758185150089,-0.0677004520554766
1785123455.2728426,0.05937538774648459,-0.0676987657812828
1785123455.2802172,0.0593749809485044,-0.06769717306509672
1785123455.2814202,0.05937458710218108,-0.06769562695873646
1785123455.286164,0.05937421108845813,-0.06769415339302591
1785123455.291711,0.05937385138055521,-0.06769274215918411
1785123455.2981625,0.05937350578385941,-0.06769138573724527
1785123455.3015156,0.05940192413982203,-0.0678031773699403
1785123455.307223,0.05944736787882921,-0.06798174028070883
1785123455.3182435,0.059500225957255785,-0.06818955809766487
1785123455.3190646,0.05955376341219786,-0.0684003529924646
1785123455.3370433,0.05961164166381769,-0.06862846732984784
1785123455.3563752,0.05967114535342947,-0.0688625491501624
1785123455.3595424,0.05972741744723727,-0.0690840257216741
1785123455.3768458,0.05981466457344036,-0.06942757141456136
1785123455.3857286,0.059917622046976454,-0.06983293266830586
1785123455.3886762,0.06003170816084031,-0.07028146483613901
1785123455.4085383,0.06014572126955863,-0.07073092814378468
1785123455.409858,0.0602574748389928,-0.07117245689447352
1785123455.4136508,0.06041113223623537,-0.071779202860997
1785123455.418741,0.06057081483421643,-0.07240968002998904
1785123455.4197936,0.060738512972709824,-0.0730731322442598
1785123455.422871,0.060915712725631024,-0.07377410509566511
1785123455.427642,0.061084298429180034,-0.0744423879356909
1785123455.442964,0.06126332685916858,-0.07515575902906926
1785123455.4437072,0.061444929920445555,-0.07588353570643326
1785123455.4487524,0.061618070803302685,-0.07658016898540226
1785123455.4510808,0.061822206341410564,-0.07740397619452749
1785123455.4575915,0.062040743033605156,-0.07828921066816812
1785123455.46196,0.06227115381458748,-0.07922653341259228
1785123455.4669387,0.06250927293095009,-0.08019859037236447
1785123455.4720135,0.0627373131675085,-0.08113499669826106
1785123455.4764135,0.06295530543514119,-0.08204037514062493
1785123455.4819605,0.0631811749905364,-0.08298470416497074
1785123455.4867353,0.06341173860895448,-0.08395533819027756
1785123455.492267,0.06364501977253366,-0.08494106786792373
1785123455.4957323,0.06389118784558066,-0.08599538907196076
1785123455.500917,0.06415926438943825,-0.08715160226847397
1785123455.506837,0.06443369931196748,-0.08834382849061866
1785123455.5116272,0.06470808424037196,-0.08954403929630864
1785123455.516714,0.06497826165563338,-0.09073747711179107
1785123455.52275,0.06524375953139251,-0.0919200888703766
1785123455.5271783,0.06550973229688234,-0.0931156244360926
1785123455.5321527,0.0657795089395857,-0.09433958777816476
1785123455.5379837,0.06603548103727544,-0.0955126609905977
1785123455.542692,0.06629143085059888,-0.09669206671710358
1785123455.5496519,0.06655337417582782,-0.09791247014861268
1785123455.5545673,0.06682833667603863,-0.09920800983237228
1785123455.5568824,0.06711226530849432,-0.10056151686135942
1785123455.562642,0.06740294060423987,-0.10196593492341195
1785123455.5679758,0.06768686554154418,-0.10335269190271751
1785123455.5719454,0.06797658099012985,-0.10478129229075228
1785123455.5773895,0.06826333220696396,-0.10621012330236446
1785123455.5816364,0.06855508223311688,-0.10768046113064376
1785123455.5871298,0.06883366271370833,-0.1090926877250197
1785123455.59265,0.06911601486207888,-0.11053793014465382
1785123455.597126,0.06942454038523921,-0.11213447261236188
1785123455.6017914,0.06973856660559162,-0.11377140322362707
1785123455.6075206,0.07004729160183605,-0.11539631074343902
1785123455.6114292,0.0703625127101726,-0.11706927962032151
1785123455.617512,0.07068699895740906,-0.11880543719564551
1785123455.6211102,0.07099683084350111,-0.12047598274319382
1785123455.6281343,0.07130689400177025,-0.12217286565893479
1785123455.634767,0.07160388174745254,-0.12381210209032001
1785123455.6398323,0.0718987378642834,-0.12545470067517567
1785123455.643726,0.07218858090575735,-0.12708913994005447
1785123455.6525707,0.07248543078588832,-0.1287768724907133
1785123455.6580358,0.07280067698344223,-0.13058379342593018
1785123455.6621656,0.07312561287951834,-0.13245429833065375
1785123455.6668937,0.07344762150170275,-0.13433420520418185
1785123455.6984353,0.073775201864166,-0.13626246861828165
1785123455.6995356,0.07409106587897558,-0.13813956760148743
1785123455.7003376,0.07441428467619587,-0.14008449641056392
1785123455.701218,0.0747255880182072,-0.14198683784519986
1785123455.7019556,0.07504094441963535,-0.14393853163548187
1785123455.7026129,0.07534064401153812,-0.14581172475060672
1785123455.7032616,0.07564804457637649,-0.1477554996669234
1785123455.7077088,0.07594274064343978,-0.14962806733452153
1785123455.7112858,0.07623777752504864,-0.15152898361204742
1785123455.7164876,0.07653554585019615,-0.15346767171121425
1785123455.7208,0.0768216890023312,-0.15534968867487944
1785123455.7282197,0.07709556765160891,-0.15716676010779354
1785123455.731505,0.07738818401195517,-0.15912447084332168
1785123455.7364666,0.0776695338946463,-0.16102704536234666
1785123455.7427988,0.07795049115224409,-0.1629485886757209
1785123455.745975,0.07821599089231271,-0.16479090132292154
1785123455.7523117,0.07847049676531617,-0.16658018551196474
1785123455.7587855,0.07871497065306475,-0.1683313366582479
1785123455.762247,0.07895641218451006,-0.17007598131442586
1785123455.7668161,0.0791967243435081,-0.1718384228153227
1785123455.7714007,0.07943435876430098,-0.17360646789288917
1785123455.7778945,0.0796709348121073,-0.17539767372394227
1785123455.7815557,0.07989730747694515,-0.17713208549132572
1785123455.78575,0.08011756248997626,-0.178847593237033
1785123455.7932918,0.08033268736489173,-0.18055313824803523
1785123455.7967331,0.08054922399749964,-0.18229434946717687
1785123455.8014276,0.08076502392480298,-0.18405818510585645
1785123455.8081546,0.08096800427196638,-0.18575579111371285
1785123455.813049,0.08117444248547948,-0.18750802528714677
1785123455.8175309,0.0813786261372482,-0.1892681656930301
1785123455.8219388,0.08157080889016358,-0.19094759355431856
1785123455.828781,0.08177150851583037,-0.1927385117129691
1785123455.832825,0.08196460256330274,-0.19449236222124625
1785123455.8377526,0.082149872490564,-0.19622097869452088
1785123455.842917,0.08233338672280677,-0.19797795277281424
1785123455.8464801,0.08252151093152814,-0.19981052366802798
1785123455.8533607,0.08270825818442638,-0.20166833793228303
1785123455.8579967,0.08289148457239814,-0.20354667660454595
1785123455.8610792,0.08308168576602755,-0.20553339372322058
1785123455.866406,0.08326394791534134,-0.20748796855223695
1785123455.8714075,0.08344022819225218,-0.20943472564638366
1785123455.8777926,0.08360844440167782,-0.21132903678797638
1785123455.881316,0.0837666385037152,-0.21316657573641531
1785123455.8881376,0.08392508448394151,-0.21506129239458233
1785123455.891808,0.08408410168407962,-0.21700031321496327
1785123455.89607,0.08423313263003696,-0.21888510621041946
1785123455.9018953,0.08437714399393834,-0.22075134418886455
1785123455.9072626,0.08452195333869192,-0.2227053272832988
1785123455.9113855,0.08465632038025843,-0.22459427442810556
1785123455.9175646,0.0847882201391997,-0.2264991627554798
1785123455.9231777,0.08491720698936023,-0.2284147262720996
1785123455.9279802,0.08503892918865671,-0.23029518950182998
1785123455.9317102,0.08515770420933362,-0.23222670277890367
1785123455.9364982,0.08526927032084942,-0.23412516604156738
1785123455.9431734,0.08537639720322496,-0.2360200042952317
1785123455.9467933,0.08547001574690513,-0.23774685144076993
1785123455.9531662,0.08555867821951588,-0.23946265902528135
1785123455.9583292,0.08564261638090118,-0.24118403234979333
1785123455.962837,0.0857205089182231,-0.2428560441617899
1785123455.9664052,0.08579435816113147,-0.24450269480526865
1785123455.9715085,0.08586122538789578,-0.24610605658546383
1785123455.9778717,0.08592714827041167,-0.24781562731871506
1785123455.9813578,0.08598916568954408,-0.24950411665878
1785123455.9866858,0.08604947942492912,-0.2512355111614364
1785123455.9941053,0.08610518906259526,-0.25296000231993937
1785123455.9967048,0.08615484497735627,-0.2546210443537399
1785123456.0013797,0.08619689776247147,-0.25620921349190956
1785123456.007944,0.08623177898322221,-0.25772373237128887
1785123456.011717,0.08626358905676518,-0.2593031059667428
1785123456.0185027,0.0862898320429724,-0.26082672448513516
1785123456.022468,0.08631155150202334,-0.2623571446588075
1785123456.0265799,0.08632952493307629,-0.2639075810310298
1785123456.0318627,0.08634342841211651,-0.2654966725471633
1785123456.0366104,0.08635262261918296,-0.26703547677482686
1785123456.043153,0.08635904950188054,-0.2686456170703261
1785123456.0465121,0.0863625960521871,-0.27024607595781996
1785123456.0553842,0.08636305528653783,-0.2718306894568895
1785123456.058884,0.08635989667574462,-0.2733248746255317
1785123456.0634737,0.08635363516298906,-0.27489739295954474
1785123456.0666068,0.08634583247787365,-0.27643600682112085
1785123456.0754764,0.08633672903299637,-0.278072834949619
1785123456.0771923,0.08632517142562936,-0.2796256865053285
1785123456.081729,0.08631249410337638,-0.2812027118741761
1785123456.0859423,0.08629955470757623,-0.28271796002078864
1785123456.0925744,0.08628541942258174,-0.2842842393664142
1785123456.0964012,0.08626957934422637,-0.2859173258105868
1785123456.1014786,0.08625271321586599,-0.28757450652600053
1785123456.107906,0.08623638024709784,-0.2892031285845215
1785123456.1123457,0.0862184974287159,-0.29080876851422494
1785123456.1173158,0.0861994411304588,-0.2924506408741736
1785123456.1221027,0.0861791283915455,-0.29407132208028824
1785123456.1277215,0.08615887708145094,-0.29571452987670266
1785123456.1315608,0.08613860605580505,-0.297316624109901
1785123456.1367764,0.08611771834102738,-0.2988625007341066
1785123456.148321,0.0860944288899702,-0.30053070552081135
1785123456.1497045,0.08606977398914491,-0.3021879428923367
1785123456.1575358,0.08604404221800123,-0.30382458050154615
1785123456.162306,0.08601637300578119,-0.3054767194080091
1785123456.1639216,0.0859853178373409,-0.3071068366522386
1785123456.1679995,0.08595249339240146,-0.308672585402462
1785123456.1709557,0.08591265269572251,-0.31037783200842733
1785123456.1768105,0.08587142999280148,-0.312019901649343
1785123456.182138,0.0858265080184751,-0.31368450889163835
1785123456.186535,0.08577853603130625,-0.31533855618310036
1785123456.1912293,0.08572472473067949,-0.31698313351534213
1785123456.1966724,0.08566131172519612,-0.31874871045924585
1785123456.2013557,0.08559131424493262,-0.3205716577618919
1785123456.2068162,0.08551015251832408,-0.3225255857959321
1785123456.2113028,0.08542574503013715,-0.32442733028563714
1785123456.2171764,0.08533465964239116,-0.32631741115240037
1785123456.2267478,0.08523411920267378,-0.3282463753068245
1785123456.228477,0.08512886872413647,-0.33012566937518917
1785123456.2326262,0.0850157181980721,-0.33201446000086227
1785123456.2370083,0.08489207685588807,-0.33392547975072473
1785123456.2419431,0.08476277360958802,-0.3358076292128441
1785123456.2465222,0.08462252837667994,-0.3377284808048105
1785123456.2561133,0.08446389782120114,-0.3397852591434711
1785123456.258984,0.08430492728992724,-0.3417478512804282
1785123456.2611303,0.08413610621242869,-0.34374747712166814
1785123456.2668126,0.08395550024661293,-0.3457768172552027
1785123456.2717505,0.08376976844873041,-0.34776353296447077
1785123456.2763708,0.08357543644386546,-0.3497522791536774
1785123456.2811441,0.08336831733457259,-0.3517860070713804
1785123456.2866728,0.083153350019335,-0.3537964970569339
1785123456.2976077,0.082928895015625,-0.35581468882055256
1785123456.2987862,0.08271008018494137,-0.3577104622604718
1785123456.3013055,0.08249580123499484,-0.35951040790450633
1785123456.3080947,0.0822658670045153,-0.36138685236467466
1785123456.3126752,0.08203569921632411,-0.3632101618130056
1785123456.317204,0.08180440578198936,-0.3650023939456877
1785123456.321871,0.08156879211357995,-0.36678333925555956
1785123456.3286464,0.0813233037164445,-0.3685839193999164
1785123456.3317196,0.08107383023432793,-0.37037177975512575
1785123456.3381543,0.08081907703001219,-0.37216750279610067
1785123456.342466,0.0805533407838246,-0.3740042575831488
1785123456.3461914,0.08029405849420732,-0.3757577464029355
1785123456.3579106,0.08005211318601746,-0.3773796757938371
1785123456.3595936,0.07980005220273825,-0.379045838122544
1785123456.3637276,0.07954469730840542,-0.3807049382484805
1785123456.3684888,0.07928504996653953,-0.3823760857450635
1785123456.3723838,0.07902468593682112,-0.3840306597647849
1785123456.3782713,0.0787612509349857,-0.3856893487313803
1785123456.3818817,0.07851295994937624,-0.387244909859118
1785123456.3860874,0.07824307898135408,-0.38890723431321295
1785123456.3925457,0.07797890507232376,-0.39051486244733213
1785123456.3960268,0.07771184234091581,-0.39213003752968817
1785123456.4011762,0.07744001369252716,-0.3937544965877809
1785123456.4084244,0.07717106384499424,-0.39535379111762026
1785123456.4121284,0.07689430379977803,-0.39699385445321406
1785123456.4168377,0.07662275523458063,-0.3985913506189416
1785123456.4248364,0.07633770523635275,-0.4002545848255374
1785123456.4267008,0.07605445025341577,-0.40190394193293333
1785123456.4317944,0.07578126211194443,-0.40348482236928
1785123456.4366667,0.07550686414169504,-0.4050576868467618
1785123456.442813,0.07521552693996768,-0.40672182749315466
1785123456.446539,0.07492896579167758,-0.40834761082207455
1785123456.4527407,0.07463598616476835,-0.4100024949767774
1785123456.4590502,0.07434778304142128,-0.4116140407996314
1785123456.4615068,0.0740567066394632,-0.4132358020311424
1785123456.466786,0.07375062981286035,-0.41492747824496184
1785123456.4731905,0.07346184514165978,-0.4165164349866099
1785123456.4781654,0.07316426032576095,-0.41815161280751106
1785123456.4822621,0.07286771700961842,-0.4197722284737934
1785123456.486972,0.07257295045451062,-0.4213777438520191
1785123456.491782,0.07228349339755427,-0.42294410277189104
1785123456.4966943,0.0719808279140386,-0.4245658499463126
1785123456.5015004,0.07166849131948526,-0.4262283460147643
1785123456.508671,0.07136118810543458,-0.42786386821260836
1785123456.5127025,0.07104126826143556,-0.42955021807680294
1785123456.5180416,0.0707275615298723,-0.4312046688821754
1785123456.523133,0.07041217322600729,-0.4328553677004853
1785123456.5279071,0.07010014400909163,-0.4344852304915899
1785123456.5322418,0.06978722792216392,-0.4361040764677403
1785123456.5369332,0.06947228405184501,-0.4377184409050128
1785123456.5429063,0.06914729351382427,-0.4393733772976873
1785123456.5475602,0.06882055513006255,-0.44102531343756574
1785123456.553684,0.06849173397059631,-0.4426799703432969
1785123456.5625987,0.06816500445473972,-0.44432320246526935
1785123456.565416,0.06784791846849961,-0.44591562530877854
1785123456.566645,0.06752152438409449,-0.4475464514576028
1785123456.5722675,0.06719629983119266,-0.4491620073918029
1785123456.577795,0.06685629476943851,-0.4508305707234805
1785123456.5809515,0.06653075609721701,-0.4524154013258887
1785123456.5860486,0.06619712587866759,-0.4540302301375178
1785123456.5921044,0.0658663160278388,-0.4556271231510885
1785123456.5963871,0.06550908113700778,-0.4573387845493084
1785123456.600944,0.0651415707150085,-0.45908703340641666
1785123456.608107,0.06475574144821909,-0.46090890874780394
1785123456.6119266,0.06436183469238468,-0.46275270332011037
1785123456.6164477,0.06397437007337572,-0.4645585435805746
1785123456.622145,0.06357322722376303,-0.4664088649005058
1785123456.6267674,0.06315125649006557,-0.4683383563397101
1785123456.6322272,0.06272313016998979,-0.47028377432160423
1785123456.6368656,0.06229815943792398,-0.47220196089216204
1785123456.6425502,0.061887885309259455,-0.47404282824050664
1785123456.6468234,0.06144428251307511,-0.4760190485641255
1785123456.652647,0.06101305350566415,-0.47792682070916664
1785123456.6579502,0.06056280596087193,-0.47990436523014296
1785123456.6628242,0.06011810544675519,-0.4818401603852623
1785123456.6667223,0.05965518637196493,-0.48384298343214704
1785123456.6712143,0.059195414476121616,-0.48581386061742277
1785123456.6780841,0.0587370098250467,-0.4877695357704935
1785123456.6820233,0.05828541557433861,-0.489677077915011
1785123456.6866934,0.057822633796582555,-0.49161515800022587
1785123456.6932795,0.0573714359487913,-0.49348927420642497
1785123456.697126,0.05688200126144701,-0.49550259802931895
1785123456.701533,0.05639735393727648,-0.4974876598304758
1785123456.708883,0.055904101181367294,-0.49949080920954836
1785123456.7126105,0.055404781720772296,-0.5015004106504183
1785123456.7167656,0.05490789800067226,-0.5034874020777054
1785123456.7218087,0.05440546798412153,-0.5054745315588178
1785123456.7288897,0.053906001651310306,-0.5074297065420837
1785123456.7314386,0.053405572322843445,-0.509369630106904
1785123456.7370765,0.052903718574138794,-0.5112968066071314
1785123456.7430613,0.05237307774846506,-0.513312865877833
1785123456.7471054,0.0518687519160454,-0.5152131501273401
1785123456.7521412,0.05139202451242403,-0.5169975644623843
1785123456.7572465,0.05090958033515967,-0.5187845548926516
1785123456.7625618,0.05043789237245847,-0.5205126694756285
1785123456.766189,0.049960170891318115,-0.5222394806353372
1785123456.7731113,0.049478745888537526,-0.5239619653642292
1785123456.7771068,0.048979021486692365,-0.5257337551292051
1785123456.7814565,0.04848500750572267,-0.5274726229354909
1785123456.7869496,0.04798360133353703,-0.5292189846064119
1785123456.7925382,0.047482909646678076,-0.5309507435254806
1785123456.7966573,0.0469726787415855,-0.5327064948764075
1785123456.801113,0.04649329964289561,-0.5343424223052349
1785123456.8077824,0.0459743162840501,-0.5360951377172846
1785123456.812054,0.04546891122511008,-0.537784783963604
1785123456.818158,0.04493196385742914,-0.5395638079241477
1785123456.8240976,0.04439366839795891,-0.5413265438844187
1785123456.8287501,0.04388248206659818,-0.5429834277447222
1785123456.832513,0.043362681017294374,-0.5446534483855671
1785123456.8364892,0.0428226507844839,-0.5463759222082515
1785123456.8426273,0.04228372495117352,-0.5480795300485936
1785123456.8471286,0.041748372168478126,-0.5497577796534904
1785123456.8526635,0.04119498388312773,-0.5514766073509076
1785123456.857567,0.04063716377262159,-0.5531922743770555
1785123456.8623044,0.040069984704802136,-0.5549219624910038
1785123456.866358,0.03948770831416439,-0.5566842075938244
1785123456.871297,0.03893292929299092,-0.558348599469653
1785123456.8769095,0.038351392705649884,-0.5600786654671033
1785123456.8816462,0.037770127454838515,-0.5617915798442149
1785123456.8865504,0.0371985807025976,-0.5634636631082807
1785123456.8929422,0.03661014449173888,-0.5651724856581776
1785123456.89671,0.035998439863534376,-0.5669274810887103
1785123456.9016223,0.035361914836664045,-0.568738182520059
1785123456.9090748,0.03472223276796306,-0.5705459752952287
1785123456.9131508,0.03407282345594581,-0.572363340497404
1785123456.9174216,0.03342588725152147,-0.5741612489004105
1785123456.9211261,0.032769679822284174,-0.5759732579111582
1785123456.928881,0.03209085053321256,-0.5778346573747772
1785123456.9312139,0.03141989997241331,-0.5796677472443945
1785123456.9369311,0.030740685313182612,-0.5815070575462205
1785123456.9434328,0.030066862600811275,-0.583318390613545
1785123456.9478884,0.029393917761929376,-0.5851132100240791
1785123456.9546235,0.02873778118335981,-0.5868514842507055
1785123456.9612446,0.02802836568062493,-0.5887203165210461
1785123456.963341,0.027336386589001668,-0.5905268301935
1785123456.9664855,0.026649455382986235,-0.5923077865322075
1785123456.971261,0.02592579721022718,-0.5941714431173915
1785123456.9780095,0.025206637469571167,-0.5960127447987879
1785123456.9816866,0.02447542837821405,-0.5978710334265865
1785123456.9860759,0.02374543883368738,-0.5997124484814222
1785123456.9940357,0.023035970988898275,-0.6014900612933402
1785123456.9969265,0.02228905862634908,-0.6033494926047066
1785123457.000966,0.021558313702052755,-0.6051580270403095
1785123457.0080981,0.020852702246846,-0.6068957243694169
1785123457.01263,0.02014808064092631,-0.6086202704954896
1785123457.016817,0.019418965799101833,-0.6103967693390747
1785123457.0226054,0.018685388887266997,-0.6121704189143727
1785123457.026633,0.01796189306516088,-0.6139120430695789
1785123457.031761,0.017243186915187475,-0.6156308667219733
1785123457.0364387,0.016507547643745683,-0.617384904300021
1785123457.0424612,0.01577347431167544,-0.6191251207032996
1785123457.0473535,0.015049347256780381,-0.6208310899089503
1785123457.05405,0.014288242073899648,-0.6226147347140163
1785123457.0585077,0.013565896614037141,-0.6242994861658128
1785123457.06193,0.012788382976999755,-0.6261044941171736
1785123457.0679805,0.012049796536769023,-0.6278107269724826
1785123457.0729563,0.011312733588804816,-0.6295068392638765
1785123457.0767343,0.010534706322090814,-0.6312883520806993
1785123457.08298,0.00975266182272052,-0.6330688285317492
1785123457.0856473,0.008963641479872938,-0.6348539013096752
1785123457.092104,0.008201431386844071,-0.6365724368166694
1785123457.0975108,0.007478028679551026,-0.6381970011150037
1785123457.1010077,0.006758199250466994,-0.6398079152444868
1785123457.1065097,0.0060290962772342185,-0.6414393472727165
1785123457.1116328,0.005311757313784653,-0.6430382041612562
1785123457.1172907,0.004603491675383962,-0.6446194582712796
1785123457.1221375,0.003894480652186906,-0.6462030495003869
1785123457.126546,0.0031630660286217386,-0.6478367045698996
1785123457.1313004,0.0024225261509734355,-0.6494888291521437
1785123457.1362169,0.0017263559487518377,-0.6510376522366289
1785123457.142108,0.0009845535661097628,-0.6526848121842151
1785123457.1467733,0.0002623038180781077,-0.6542855170165451
1785123457.1553757,-0.00044339336122385567,-0.6558500193371347
1785123457.1586864,-0.0011587096042212325,-0.6574358310476103
1785123457.1621878,-0.001887142856093964,-0.6590488569762193
1785123457.1674747,-0.002606077023904318,-0.6606413861466609
1785123457.1716878,-0.0033425475740639634,-0.6622732904584175
1785123457.1777177,-0.004078765309895178,-0.6639022135656419
1785123457.181726,-0.004809805412193797,-0.6655187244174315
1785123457.1861732,-0.005547659026830696,-0.6671493061668832
1785123457.191721,-0.006272940930555165,-0.6687534394515571
1785123457.1985502,-0.007019232039029172,-0.6704037243767987
1785123457.2012281,-0.00777405897700269,-0.6720722152070743
1785123457.2066422,-0.008487805494570044,-0.6736476242693065
1785123457.2120473,-0.009233824096473192,-0.6752937656650435
1785123457.2168944,-0.009972391663842764,-0.676924153400867
1785123457.221959,-0.010690038498101049,-0.6785060740483497
1785123457.2292926,-0.011437899241750116,-0.6801536755774353
1785123457.2321863,-0.012158536219641834,-0.6817414145094512
1785123457.2366211,-0.012894846972015792,-0.6833643746428608
1785123457.2418964,-0.013616674815427913,-0.6849546026971983
1785123457.247966,-0.014382470953352875,-0.6866424529867926
1785123457.2557695,-0.015113139800752831,-0.6882509473009828
1785123457.2601686,-0.01586274842773839,-0.6898992921093324
1785123457.262425,-0.01660386227153657,-0.69152891646161
1785123457.267386,-0.017342384778994684,-0.6931524847277368
1785123457.2731168,-0.018086409109271746,-0.6947853556007976
1785123457.2778494,-0.01881671366296376,-0.6963840058657367
1785123457.2816193,-0.019581290844568593,-0.6980506685787204
1785123457.2870638,-0.020312034776790264,-0.6996416033727355
1785123457.2923672,-0.021055963089361484,-0.7012573064362699
1785123457.2977839,-0.02182822327638912,-0.7029279016727055
1785123457.30141,-0.022567932654747585,-0.7045190306107403
1785123457.3078327,-0.023322206486395627,-0.7061351794324191
1785123457.3123407,-0.024093153667380726,-0.7077822875132571
1785123457.3170364,-0.024848968703829796,-0.7093902239495421
1785123457.3301537,-0.025633340666547634,-0.711052588391201
1785123457.3320162,-0.026409880945342953,-0.7126931882823422
1785123457.3331485,-0.027205973642835148,-0.7143663571751996
1785123457.3382673,-0.02797320411782258,-0.7159686894416036
1785123457.341197,-0.02876331882698231,-0.7176049741133418
1785123457.347288,-0.029596507501000548,-0.7193268616027751
1785123457.353216,-0.030426005602762124,-0.7210369601409631
1785123457.3566196,-0.031326074822465196,-0.7228836494918829
1785123457.3618948,-0.032179625735155995,-0.7246244901530815
1785123457.3674214,-0.033054289131292346,-0.7264032423091644
1785123457.3723586,-0.033916821165322804,-0.7281493709153569
1785123457.376012,-0.0348055529135798,-0.7299428657931059
1785123457.3812718,-0.03571100097724267,-0.7317623830784198
1785123457.3865132,-0.0365946085194933,-0.733527560861187
1785123457.391722,-0.03751336448270024,-0.7353522992254106
1785123457.39816,-0.038451104393846997,-0.7372052283767663
1785123457.4019306,-0.03938138712543826,-0.7390318096056925
1785123457.407877,-0.04032392534658647,-0.7408747951206331
1785123457.4124181,-0.04127794351214762,-0.7427313153763517
1785123457.4179423,-0.042214364718845696,-0.7445441580352791
1785123457.4224331,-0.04316796697194536,-0.746380271099834
1785123457.4317622,-0.044116958904688114,-0.7481972286307443
1785123457.4334676,-0.04507381705749513,-0.7500201471708589
1785123457.4373493,-0.04603903460954892,-0.7518485731910517
1785123457.4423254,-0.04707121552274283,-0.7537925715392799
1785123457.4476256,-0.04807557964816451,-0.7556732988801839
1785123457.45691,-0.04905507988769056,-0.757494140789176
1785123457.4597976,-0.050072159929963736,-0.7593731771211654
1785123457.4626427,-0.05108614410149052,-0.7612360669645513
1785123457.4666107,-0.052138688445350904,-0.763157352766048
1785123457.4712925,-0.053183934056894776,-0.7650528105961871
1785123457.4766438,-0.05420468083815265,-0.7668961132292257
1785123457.4816506,-0.055242330342550994,-0.7687587603829814
1785123457.486131,-0.05631046920807938,-0.7706633058799393
1785123457.4920297,-0.057362278758197625,-0.7725247019929654
1785123457.4967856,-0.05847445322283282,-0.7744772812151578
1785123457.5011559,-0.05956212757090818,-0.7763758818963709
1785123457.5081813,-0.060621448906623736,-0.7782120564525054
1785123457.51212,-0.06166022812378765,-0.7800015610234561
1785123457.5184917,-0.06276323862814875,-0.7818877732638886
1785123457.5223498,-0.06390445247119295,-0.7838239702309895
1785123457.5290349,-0.06505841644953511,-0.7857650060454209
1785123457.5316236,-0.06618497703775196,-0.7876490591353167
1785123457.536187,-0.06734742157321197,-0.7895827972017305
1785123457.5423257,-0.06846564181520304,-0.7914288149536969
1785123457.5479484,-0.06957953819361488,-0.7932583304375119
1785123457.5559714,-0.07065819453511443,-0.7950185380115747
1785123457.5591314,-0.07171863826074396,-0.7967391224920078
1785123457.56304,-0.07278803024816936,-0.798468112284128
1785123457.5670915,-0.07385750845607518,-0.8001869672594529
1785123457.5718517,-0.07488719430716276,-0.8018351971540384
1785123457.5771189,-0.07594466915794028,-0.8035181163101025
1785123457.581725,-0.07702293015366378,-0.8052239638097913
1785123457.5873911,-0.07808628068911694,-0.8068992014561108
1785123457.592008,-0.07917812790019889,-0.8086097327855362
1785123457.5974462,-0.08024232538062215,-0.8102690725731143
1785123457.601165,-0.0813242635273316,-0.811952504085355
1785123457.6083066,-0.08241262614302958,-0.8136425588540689
1785123457.6125786,-0.08350989756047861,-0.8153402228966249
1785123457.617269,-0.08456420947563723,-0.8169662823638675
1785123457.6237824,-0.08564593777158555,-0.8186234545611908
1785123457.62716,-0.08674440973392805,-0.820297286016182
1785123457.631419,-0.08787092659163628,-0.8220045626385629
1785123457.6370478,-0.08902386482122666,-0.8237456679152922
1785123457.6414628,-0.09010597617038885,-0.8253732253104608
1785123457.6473625,-0.09123816178391611,-0.8270689605889681
1785123457.6566951,-0.09244077657217345,-0.8288655969636789
1785123457.658978,-0.0936234970148417,-0.8306256630402066
1785123457.663039,-0.09485380267285767,-0.8324493485376483
1785123457.6667106,-0.09606501867941339,-0.834237872308549
1785123457.6730676,-0.09727393212639644,-0.8360148953045847
1785123457.6766853,-0.09846107801336425,-0.8377516543079384
1785123457.682078,-0.09963807670537912,-0.8394677450415478
1785123457.6868396,-0.10082070116550114,-0.8411826882545208
1785123457.6926053,-0.10206799809390057,-0.8429836853857167
1785123457.6970036,-0.10324761712609926,-0.8446845604547941
1785123457.7027733,-0.10447257116434408,-0.8464444401700514
1785123457.707721,-0.10561271918803435,-0.8480765255387372
1785123457.7116463,-0.10682197227537814,-0.8498020033375527
1785123457.7168353,-0.10801223269638556,-0.8514943728626965
1785123457.7234805,-0.10920709978873037,-0.853189161551495
1785123457.7273128,-0.11036299299251404,-0.8548216873111596
1785123457.7325602,-0.11155117243031167,-0.8564965103492365
1785123457.737175,-0.1126875355586993,-0.8580896423639354
1785123457.7418113,-0.11385469517818021,-0.8597168224530091
1785123457.7474983,-0.11506032216522843,-0.8613898107407912
1785123457.756159,-0.11623916707619716,-0.863017268635248
1785123457.7608151,-0.11746721566802121,-0.8647027695913344
1785123457.7662919,-0.11867406018038903,-0.8663474991951138
1785123457.7693248,-0.11989969294983997,-0.8680088593955304
1785123457.7719777,-0.12109422364022006,-0.8696222248259211
1785123457.7771652,-0.12227835039158841,-0.8712069645907342
1785123457.7822747,-0.1234684460357233,-0.8727912923273451
1785123457.7864757,-0.12472236967150825,-0.8744481492885748
1785123457.7917511,-0.12591477778799148,-0.8760131598041226
1785123457.7967305,-0.12711403678085903,-0.8775772564050807
1785123457.8013895,-0.12832283972471067,-0.8791445123838225
1785123457.8076494,-0.12958822783093976,-0.8807708155641795
1785123457.8120248,-0.1308096451602096,-0.882326884639677
1785123457.8182502,-0.13202785535445524,-0.8838671204912528
1785123457.8232834,-0.13320649322971423,-0.88534709270564
1785123457.831438,-0.13446880582463536,-0.8869204633295831
1785123457.833786,-0.13574184256112842,-0.8884973333292568
1785123457.8372612,-0.137035688110767,-0.8900878104409519
1785123457.8424182,-0.13827844141616283,-0.8916026518961858
1785123457.84668,-0.13947267383175918,-0.8930470340995302
1785123457.854267,-0.14061262121558946,-0.8944152971355006
1785123457.8568506,-0.14177453420735747,-0.8957970728117812
1785123457.8622181,-0.14288392654370838,-0.8971079612645128
1785123457.8662086,-0.14403425814086857,-0.8984557279133233
1785123457.8718426,-0.1452413928402224,-0.8998585349393099
1785123457.877814,-0.1464262209873064,-0.9012255443407331
1785123457.8815176,-0.14757823893381533,-0.9025452325874344
1785123457.8862069,-0.1487423715576309,-0.9038722470473148
1785123457.8917842,-0.14991084406241934,-0.9051942229288454
1785123457.8958886,-0.15109488801880058,-0.9065257196052176
1785123457.9017994,-0.1522473008349175,-0.9078122530151052
1785123457.9087636,-0.15345304405730437,-0.9091480172115409
1785123457.9120715,-0.15459160153469587,-0.9104031327066486
1785123457.9178455,-0.15578492369385977,-0.9117115676933865
1785123457.9235737,-0.15695818921156438,-0.9129888482668822
1785123457.9288473,-0.15811087827319698,-0.9142362495245077
1785123457.931774,-0.1593224036853231,-0.9155406925995649
1785123457.9361026,-0.1605266030895004,-0.9168290595718053
1785123457.9429665,-0.16174629161330586,-0.9181272149022663
1785123457.9463642,-0.16297944454482052,-0.9194332230533676
1785123457.9545677,-0.16429540804705195,-0.9208213805250343
1785123457.9593422,-0.1655423945380594,-0.9221325618535768
1785123457.962387,-0.16683774321887596,-0.9234889591245506
1785123457.9668126,-0.16816461357311463,-0.924874403810817
1785123457.9717307,-0.1695087118910571,-0.9262757089628754
1785123457.9765327,-0.1708563883973038,-0.9276757136733309
1785123457.9810805,-0.17216217308311005,-0.9290309196927612
1785123457.9867058,-0.173480374792652,-0.9303973223417437
1785123457.992175,-0.17480388888957188,-0.9317676936248157
1785123457.9962256,-0.17608968725276297,-0.9330964888709546
1785123458.0010273,-0.17738349927120753,-0.934433708080064
1785123458.0064638,-0.1786967664378351,-0.9357914484629324
1785123458.011821,-0.18005682349551563,-0.9371962048985645
1785123458.0179148,-0.18141865754231382,-0.9386021870630143
1785123458.0213614,-0.18270688227949744,-0.9399289790574115
1785123458.026854,-0.18407073438612337,-0.9413330653523616
1785123458.0325015,-0.18540325783598288,-0.9427033933283175
1785123458.0365987,-0.1866535729318746,-0.9439886603147113
1785123458.043164,-0.18798122380962448,-0.9453526716158356
1785123458.0476966,-0.18927181075447863,-0.9466790428930145
1785123458.0570405,-0.1905622982835068,-0.9480059505870939
1785123458.059423,-0.19187942579513637,-0.9493597923438771
1785123458.0632699,-0.19317751446544532,-0.9506903218625159
1785123458.0684457,-0.1944739975635859,-0.9520192020472497
1785123458.0710955,-0.1958063961322848,-0.9533835564363206
1785123458.0769968,-0.19713355673508498,-0.9547423515738819
1785123458.08153,-0.19843970533619945,-0.9560807148972099
1785123458.086877,-0.19978151981726727,-0.9574542722360337
1785123458.0921557,-0.20111742697546958,-0.9588192783754856
1785123458.0960314,-0.20242973088908472,-0.9601599380487421
1785123458.1019971,-0.20375324388800853,-0.9615140854270742
1785123458.1095607,-0.20508279742210841,-0.962875210693454
1785123458.1118033,-0.2063943499846029,-0.964216374485624
1785123458.117557,-0.2077607071286483,-0.9656123741799444
1785123458.123032,-0.20902595615050645,-0.9669029904522692
1785123458.1305306,-0.21034949532837752,-0.968252379530586
1785123458.1332815,-0.21165993593018,-0.9695899402790324
1785123458.1376922,-0.21295734328118054,-0.970912926773534
1785123458.1424842,-0.21429998111564438,-0.9722812062202673
1785123458.1467545,-0.21562448399101433,-0.9736319713800301
1785123458.1532643,-0.21686079702688338,-0.9748912653422882
1785123458.1568584,-0.21804542054972678,-0.976098646002636
1785123458.1611931,-0.21930154416068173,-0.9773770753701363
1785123458.166919,-0.22056374997203015,-0.9786613641834204
1785123458.1735513,-0.2218395750034149,-0.9799572652212475
1785123458.177115,-0.22306498981456097,-0.9812022591939634
1785123458.1812158,-0.22426856705795029,-0.9824265028186889
1785123458.189373,-0.22552970419504362,-0.9837093853429518
1785123458.1952994,-0.2267460366340377,-0.9849461486001935
1785123458.1982381,-0.22799581381074216,-0.9862175136713508
1785123458.2013383,-0.2291882884069141,-0.9874316471005598
1785123458.2072117,-0.23044990573919522,-0.9887143733333276
1785123458.2119236,-0.23167628959622022,-0.9899630584038346
1785123458.2168136,-0.23295264106342523,-0.9912624291195776
1785123458.2228518,-0.23419135210004738,-0.9925237405683639
1785123458.228853,-0.23544267799305496,-0.993797972121885
1785123458.2331557,-0.23669689346338124,-0.9950737499804629
1785123458.236745,-0.23793458797488973,-0.9963328866942435
1785123458.2430944,-0.23918658661973702,-0.9976068405101322
1785123458.245942,-0.24043913585052323,-0.998878872126435
1785123458.2542083,-0.24171529342584858,-1.0001757029372247
1785123458.2573123,-0.2429724511482697,-1.001452388651167
1785123458.2618794,-0.2442396356611366,-1.002739502715093
1785123458.2672455,-0.24552014844020514,-1.0040403574464312
1785123458.272175,-0.24677560803852808,-1.0053142139763827
1785123458.2767386,-0.2480205888924439,-1.006573448629017
1785123458.281534,-0.24929208942757206,-1.007860997702428
1785123458.2892914,-0.25054892235406073,-1.0091341404965752
1785123458.291811,-0.2518315683543862,-1.0104327823342873
1785123458.3074744,-0.2531703540201713,-1.0117914589730554
1785123458.3091495,-0.25452596286546547,-1.0131661724557623
1785123458.3099537,-0.25593990356785273,-1.0145973338838143
1785123458.3226497,-0.25736504451549125,-1.0160367965370891
1785123458.3247085,-0.25873493155402166,-1.0174188345684583
1785123458.3285384,-0.26012388994855534,-1.018815811834806
1785123458.3417566,-0.2615248238468604,-1.0202245038331965
1785123458.3494806,-0.2629886316252084,-1.0216932381312682
1785123458.3618326,-0.26441918350218946,-1.0231258178027742
1785123458.363533,-0.26585066990060924,-1.0245538375761674
1785123458.3648481,-0.2672403043980165,-1.0259344629540126
1785123458.3688323,-0.26871105676394547,-1.0273928279325961
1785123458.377812,-0.27016434423998575,-1.028829209309836
1785123458.3787389,-0.27159170313344777,-1.0302375905172185
1785123458.3811169,-0.2730309915593685,-1.0316538795427415
1785123458.3868923,-0.2744345544459269,-1.0330308802803927
1785123458.3920403,-0.2758407065346839,-1.0344059142739925
1785123458.3963325,-0.2772027111837825,-1.0357305373975434
1785123458.4016163,-0.27842677350607486,-1.036915345244702
1785123458.4070716,-0.2796318448897953,-1.038076072267693
1785123458.4115546,-0.28087504667081653,-1.0392672107654652
1785123458.417443,-0.28205271694368517,-1.0403910685466042
1785123458.421425,-0.2832842528759361,-1.0415606769735348
1785123458.4273622,-0.2845220457187047,-1.0427299374564092
1785123458.4317136,-0.2857886313914183,-1.0439199201449598
1785123458.4370105,-0.28700017235114533,-1.0450534671609426
1785123458.4419885,-0.28822371882285536,-1.0461901018571926
1785123458.4460485,-0.2893098537483768,-1.0471936051732977
1785123458.452231,-0.2903531150030191,-1.048151809139541
1785123458.457727,-0.29136524112595763,-1.0490747331535624
1785123458.4613712,-0.2923547226757702,-1.0499698560365098
1785123458.467831,-0.2933049353853845,-1.050823737023698
1785123458.4710984,-0.2943170106326311,-1.0517279130603934
1785123458.4769895,-0.29527837714405336,-1.0525817918576583
1785123458.481573,-0.2962481361714256,-1.053437100397539
1785123458.4865472,-0.2972222201822633,-1.0542911498898542
1785123458.4921217,-0.29818135295159665,-1.0551277835508566
1785123458.4962192,-0.299025771114145,-1.0558596266934848
1785123458.5012825,-0.2998128987567158,-1.056536723473884
1785123458.5069432,-0.3005540462262003,-1.0571698196974295
1785123458.511303,-0.3013043540224851,-1.0578052887751919
1785123458.517359,-0.30201280069403835,-1.0583998750711339
1785123458.5217676,-0.30270653433585515,-1.0589762355573544
1785123458.5269325,-0.30343711058924083,-1.0595783323616077
1785123458.5319939,-0.30417822379638826,-1.0601848842286452
1785123458.5371275,-0.30489407228535265,-1.0607658320440196
1785123458.5425246,-0.3055863490966892,-1.0613246901446487
1785123458.5464435,-0.30618689581094694,-1.0618045595212868
1785123458.5514865,-0.3066921613200194,-1.0622052048785355
1785123458.5580885,-0.3071863863376433,-1.0625936768975408
1785123458.5618908,-0.30764502904046964,-1.0629507430715746
1785123458.5694559,-0.3081141392416264,-1.0633125397778849
1785123458.5721138,-0.30860269026866,-1.0636860107198043
1785123458.5772119,-0.30908821118318053,-1.0640543145716934
1785123458.5811658,-0.3095594720790909,-1.0644086209866643
1785123458.586337,-0.3100469840533296,-1.0647719810557565
1785123458.5921507,-0.3105392443592643,-1.065136331924229
1785123458.5970283,-0.3108571130558589,-1.0653696704635183
1785123458.6014745,-0.3111678996507707,-1.0655961953113622
1785123458.6071432,-0.3114546995505737,-1.0658034447676112
1785123458.611479,-0.3117021485057718,-1.0659809493467889
1785123458.6176844,-0.3119023412461138,-1.0661233364678373
1785123458.6231797,-0.3121205935872602,-1.066277537992833
1785123458.6274521,-0.312343338577058,-1.0664335821401758
1785123458.6322348,-0.31256013228295293,-1.0665843444498504
1785123458.6371062,-0.3127824094998117,-1.066737842815405
1785123458.643094,-0.3130525832609346,-1.0669230117496697
1785123458.6466384,-0.31327745800744633,-1.067075757445191
1785123458.6515644,-0.31345526063078716,-1.0671956232908326
1785123458.6573253,-0.3136334454791531,-1.067314662756842
1785123458.6623018,-0.3138192740614409,-1.0674378253639403
1785123458.6698668,-0.3140045625824931,-1.067560007521444
1785123458.6728787,-0.31418375363725454,-1.0676774460495952
1785123458.6771877,-0.3143580233772425,-1.0677909080276708
1785123458.681834,-0.31453208700815954,-1.067903321194719
1785123458.6865764,-0.3146997251221496,-1.0680107102347605
1785123458.6921954,-0.3148696895246653,-1.068118710198703
1785123458.696492,-0.31503686742804665,-1.0682240800096094
1785123458.7017148,-0.31520318513090834,-1.068328406718911
1785123458.707688,-0.3153733765392931,-1.0684343150778772
1785123458.7118611,-0.3155515402628983,-1.0685445578186779
1785123458.7173786,-0.3157356244753856,-1.0686575608856481
1785123458.7210805,-0.31591740281259834,-1.0687684958370458
1785123458.7276018,-0.3160961689398434,-1.068876872701913
1785123458.733302,-0.3162769552803021,-1.0689857739064788
1785123458.7372527,-0.3164588059699587,-1.0690946296993513
1785123458.7418957,-0.31663257206624,-1.0691981228594012
1785123458.746261,-0.316815045963919,-1.0693059798294395
1785123458.751503,-0.3169874045627854,-1.0694073220684197
1785123458.7584066,-0.31717160508314723,-1.0695146237990238
1785123458.7622077,-0.317351563964608,-1.0696186652711392
1785123458.7700963,-0.3175341459299872,-1.0697236246306632
1785123458.7720509,-0.3177183685311167,-1.0698287625728269
1785123458.7768962,-0.3179231172481953,-1.0699447818892291
1785123458.781188,-0.3181338668491566,-1.0700631337001574
1785123458.7865846,-0.3183382613128072,-1.0701770078672674
1785123458.792034,-0.3185295631711705,-1.0702825890868828
1785123458.7966564,-0.31882121956831466,-1.0704420959704164
1785123458.801481,-0.31915428526377254,-1.0706230214050296
1785123458.808716,-0.31951643624579523,-1.0708185165328388
1785123458.8116987,-0.3198888634656894,-1.0710182004979731
1785123458.8169641,-0.3202710921349317,-1.0712217115434393
1785123458.8215568,-0.3206477980636905,-1.071420856691448
1785123458.828074,-0.32102026760126046,-1.0716164648286763
1785123458.8314893,-0.3213834879740156,-1.0718061025353531
1785123458.8372412,-0.32174313277246014,-1.0719928241338634
1785123458.8421671,-0.32208069964993696,-1.0721671387837595
1785123458.846726,-0.322314160665936,-1.0722868973381248
1785123458.8518584,-0.322483806735589,-1.0723733591458318
1785123458.8584666,-0.3226197490506248,-1.0724422501951951
1785123458.8630214,-0.322735131319539,-1.0725002814623747
1785123458.868593,-0.32284158684821096,-1.0725534425879524
1785123458.8729708,-0.32293753064823305,-1.0726010269771167
1785123458.8769825,-0.32302452360326755,-1.0726438385328512
1785123458.8814175,-0.3230992700409803,-1.0726803179140434
1785123458.8871424,-0.323171326490329,-1.0727152189511684
1785123458.893636,-0.3232356179812568,-1.0727461223918136
1785123458.897951,-0.32329177831782824,-1.0727729411200875
1785123458.9007776,-0.3233488889100751,-1.0728000149201806
1785123458.907515,-0.32339975534824617,-1.0728239323369715
1785123458.9112597,-0.3234463350838484,-1.0728455957311502
1785123458.91686,-0.3234828118140731,-1.0728624344055802
1785123458.9212525,-0.3235122624647283,-1.0728758975824466
1785123458.9269574,-0.3235338854534887,-1.0728856965011995
1785123458.9316962,-0.32354883366663134,-1.072892397768341
1785123458.9368026,-0.32355694819643716,-1.0728960026783347
1785123458.942071,-0.32355889704073776,-1.0728968607731
1785123458.9462805,-0.32355695555876507,-1.0728960143231236
1785123458.9509807,-0.32354886981468645,-1.0728925220460406
1785123458.9564703,-0.3235347547523272,-1.0728864953235242
1785123458.9621675,-0.3235151892484025,-1.072878211517617
1785123458.9675221,-0.3234796137125767,-1.0728633373080796
1785123458.9708438,-0.3234499035344162,-1.0728510696328715
1785123458.9768305,-0.3233906827240873,-1.072826907355959
1785123458.981599,-0.32335004379584675,-1.0728105048211891
1785123458.9858756,-0.32328392005871437,-1.0727841056557617
1785123458.9924276,-0.3232350914408168,-1.0727647774821216
1785123458.9971375,-0.32317486284508873,-1.0727412181722034
1785123459.0022244,-0.323110001340047,-1.0727161827744505
1785123459.009141,-0.32302659883427337,-1.0726843887882256
1785123459.011975,-0.3229469980138327,-1.0726543076169048
1785123459.017135,-0.3228544532669152,-1.072619783731043
1785123459.0238516,-0.3227670628602418,-1.072587551674984
1785123459.0280697,-0.3226696984324203,-1.0725519666691172
1785123459.0326545,-0.32254360072994354,-1.072506337680006
1785123459.038177,-0.32244303706131544,-1.072470267663026
1785123459.0444086,-0.32233263888473956,-1.0724309885052723
1785123459.0483255,-0.3221947580846968,-1.0723824880505843
1785123459.0512466,-0.32210215201439774,-1.0723501791247225
1785123459.0567865,-0.3219873715340892,-1.0723104557063359
1785123459.0622337,-0.32183987349624027,-1.0722597792153064
1785123459.0695798,-0.321737346910508,-1.0722248394779221
1785123459.0727804,-0.3215999412866005,-1.072178254175908
1785123459.0775146,-0.32148627660352336,-1.0721399903429822
1785123459.081826,-0.3213660079981177,-1.0720997662933096
1785123459.086269,-0.32124507827548177,-1.072059453023283
1785123459.0919201,-0.3211036108046525,-1.0720125152264133
1785123459.0957308,-0.32098459910185145,-1.0719732528555443
1785123459.1008804,-0.320848835037555,-1.0719286850502925
1785123459.1071455,-0.32071165139267743,-1.0718838920999245
1785123459.1118572,-0.3205898621738882,-1.07184425653276
1785123459.1178434,-0.32046293808187587,-1.071803296873852
1785123459.1230876,-0.32031858411566383,-1.0717569728414622
1785123459.1277673,-0.320205392249566,-1.0717207760466008
1785123459.1329715,-0.3200637536647434,-1.0716753415803568
1785123459.138098,-0.31994038600211694,-1.0716356788733963
1785123459.142497,-0.31983514597014184,-1.071601924199752
1785123459.1482189,-0.31969183902835074,-1.0715559997968993
1785123459.1515057,-0.3195640600434416,-1.071515153046066
1785123459.157327,-0.3194614407631064,-1.0714824498967568
1785123459.1629667,-0.31932411406599526,-1.0714386778613405
1785123459.170264,-0.3192229722493885,-1.0714064579528415
1785123459.1730285,-0.3191057252532054,-1.0713691092446107
1785123459.1770282,-0.3189884731328059,-1.0713317921044412
1785123459.182081,-0.3189033239131399,-1.0713047034444532
1785123459.1867526,-0.3187744071261424,-1.071263685088652
1785123459.1928282,-0.3186802444782924,-1.0712336727452194
1785123459.1964426,-0.31856620010934084,-1.0711972994472274
1785123459.200935,-0.31848155934311095,-1.071170348428335
1785123459.207194,-0.3183873876514283,-1.0711404558575122
1785123459.2124603,-0.3182824170042042,-1.0711071322710433
1785123459.2168183,-0.31820323816408813,-1.0710820465218525
1785123459.2238326,-0.3180647540661661,-1.071038275438264
1785123459.2273767,-0.31796790753165804,-1.0710077366111506
1785123459.2323265,-0.3178769815220955,-1.0709791347612887
1785123459.2365222,-0.31780542840614506,-1.070956679967957
1785123459.242864,-0.3177039179122809,-1.0709248245976943
1785123459.247311,-0.3175553050300176,-1.0708782418302623
1785123459.2515194,-0.31749911822016447,-1.070860638980017
1785123459.258077,-0.31738795510811435,-1.0708259443531793
1785123459.2625813,-0.31732225029554584,-1.0708054560185842
1785123459.2727416,-0.317196655430362,-1.070766341318172
1785123459.2765985,-0.31711518551858914,-1.0707409928225071
1785123459.2813363,-0.31702807696186003,-1.0707139933084264
1785123459.2877119,-0.3169159853628942,-1.0706793454137966
1785123459.2926133,-0.31686484498976614,-1.0706635183914508
1785123459.2973268,-0.31674924703737584,-1.0706278163250615
1785123459.3019981,-0.31665981548686123,-1.0706001733976087
1785123459.3080676,-0.31654817060326385,-1.0705657275306077
1785123459.3119726,-0.31645561879238465,-1.0705372282894963
1785123459.3175826,-0.316400407702292,-1.0705202940282845
1785123459.3231466,-0.31630287302680327,-1.0704904839074796
1785123459.3272974,-0.3162204602627092,-1.0704653203575842
1785123459.3321834,-0.31618582932321776,-1.0704547839771728
1785123459.3397026,-0.3160865987472799,-1.07042460967137
1785123459.3431525,-0.3160847656366337,-1.0704240527168218
1785123459.347275,-0.31599185897646365,-1.0703959333983089
1785123459.3545008,-0.31595080954882504,-1.070383550332248
1785123459.3608456,-0.31590432046709155,-1.0703695330205458
1785123459.36296,-0.31586735396654175,-1.070358435501825
1785123459.36864,-0.3158615351095745,-1.0703566843194594
1785123459.3754435,-0.3157902927658455,-1.0703352947012568
1785123459.377947,-0.31578100305493495,-1.0703325016915377
1785123459.3867495,-0.3157760722708953,-1.070331020991797
1785123459.3886528,-0.31572897106978004,-1.0703168828458984
1785123459.391403,-0.3157134139404976,-1.0703122151914997
1785123459.3974051,-0.31570617192573824,-1.0703100458083343
1785123459.4006927,-0.31569983822824715,-1.0703081496038171
1785123459.407721,-0.31569286326411927,-1.0703060649932954
1785123459.4115756,-0.3156853044464135,-1.070303816883631
1785123459.4159946,-0.3156746913189118,-1.0703006611372576
1785123459.422659,-0.3156658271055442,-1.0702980322247468
1785123459.4270847,-0.3156588865886594,-1.0702959728988113
1785123459.4315612,-0.3156533722596342,-1.0702943409750063
1785123459.4377584,-0.31564969864744336,-1.0702932554711417
1785123459.4422858,-0.3156477081306076,-1.070292667515265
1785123459.4470391,-0.3157627963264465,-1.0703266130998175
1785123459.452541,-0.3159349820413971,-1.0703772111989358
1785123459.4587195,-0.31613624107327143,-1.0704363195416529
1785123459.4622815,-0.31638904153610703,-1.070510338073988
1785123459.4671063,-0.316672009011909,-1.0705929127811504
1785123459.4757433,-0.3169833186532187,-1.0706837980638906
1785123459.4771135,-0.317257328729805,-1.0707634786901203
1785123459.4808104,-0.3175251905120425,-1.0708409935720762
1785123459.4869418,-0.31777642100496406,-1.0709132742144
1785123459.4921465,-0.31806072070696534,-1.07099468333308
1785123459.4960377,-0.31847084691735034,-1.0711114933281332
1785123459.5023618,-0.3189199659858171,-1.071238477348281
1785123459.508623,-0.3194045319876688,-1.0713738508750061
1785123459.5116358,-0.3198978934198139,-1.071510177504954
1785123459.5172734,-0.320415928106047,-1.0716524274634407
1785123459.5210679,-0.32093723062665774,-1.071794084514008
1785123459.5270288,-0.32145706101891897,-1.0719334415468562
1785123459.5314634,-0.3219678111878995,-1.072068691798061
1785123459.5365105,-0.3225372738854755,-1.0722175551172042
1785123459.543701,-0.323145522568856,-1.072374421608715
1785123459.546878,-0.3237459146064541,-1.072526327918536
1785123459.5511959,-0.32440590558200466,-1.0726909555016164
1785123459.5585988,-0.32515497380303937,-1.0728745043511694
1785123459.5610132,-0.3258947807971589,-1.0730524328979572
1785123459.5668137,-0.3266719531986631,-1.0732362957361852
1785123459.5735264,-0.3274489886721758,-1.0734167760014297
1785123459.5765944,-0.32819288437888383,-1.0735863327900232
1785123459.581782,-0.3290438635779404,-1.073776475411999
1785123459.5857813,-0.32982285956938373,-1.073946741425336
1785123459.591524,-0.33063068126074147,-1.074119423388243
1785123459.5969138,-0.33158645901507416,-1.0743197447656825
1785123459.6010995,-0.33252280640785414,-1.0745112928256024
1785123459.607733,-0.33341859826034315,-1.0746899024858216
1785123459.613052,-0.33446725611073264,-1.0748938419034342
1785123459.6177564,-0.3355320421532994,-1.0750952284005852
1785123459.621133,-0.3365482245717585,-1.0752821525482714
1785123459.6274567,-0.33753159818430994,-1.075458628687049
1785123459.6312497,-0.3385542599410181,-1.075637632993947
1785123459.6370451,-0.339579320903412,-1.075812294225472
1785123459.6427302,-0.3405435610053483,-1.0759726481286034
1785123459.6473162,-0.34173182533128693,-1.0761642440632488
1785123459.6513002,-0.3429200668900469,-1.0763512807079973
1785123459.6585631,-0.34416192490725467,-1.0765420599694377
1785123459.6629004,-0.3454823163199983,-1.0767393646320276
1785123459.6661103,-0.3467500192657938,-1.076924526650489
1785123459.6741142,-0.34801233664260817,-1.0771047512254528
1785123459.6768868,-0.3492368644810644,-1.077275436864978
1785123459.6812172,-0.350486503885075,-1.077446185071629
1785123459.6860495,-0.35178786448895694,-1.0776196043574362
1785123459.6938908,-0.3530693891964504,-1.0777867516246173
1785123459.6977787,-0.3544756779735398,-1.0779673514137382
1785123459.7013817,-0.35599825677348723,-1.0781598163543085
1785123459.7076006,-0.35750472890211854,-1.0783467161960327
1785123459.7122002,-0.3590043167498036,-1.0785300412385366
1785123459.716579,-0.36053822469800806,-1.078715131501967
1785123459.7215145,-0.3620913774202856,-1.0789006914546906
1785123459.7273386,-0.3635760285912728,-1.0790761483746547
1785123459.7320905,-0.36510529452139207,-1.0792545505668685
1785123459.737145,-0.36668678185735915,-1.07943719786481
1785123459.7423606,-0.3681856633561091,-1.0796087940032766
1785123459.7469058,-0.36970935879383066,-1.0797829085634603
1785123459.7513258,-0.37141463477254566,-1.0799760023998344
1785123459.7590575,-0.3731240955079254,-1.080169485809247
1785123459.7632916,-0.3748612922831049,-1.0803654717158928
1785123459.766612,-0.3766780827910225,-1.080570032256638
1785123459.773429,-0.37840733500966844,-1.0807634138244915
1785123459.7769578,-0.3801296275753346,-1.0809552603642831
1785123459.781576,-0.3818300478976443,-1.0811453156479929
1785123459.785649,-0.3835233058896158,-1.0813342259894358
1785123459.7926805,-0.38525980164382695,-1.0815275910739355
1785123459.7972708,-0.3869472643046943,-1.0817169741449808
1785123459.8017478,-0.3887361475135971,-1.0819170115924048
1785123459.8070405,-0.3904631284307069,-1.0821088652591329
1785123459.8122191,-0.3921319364617857,-1.0822942657114012
1785123459.815996,-0.39392082572494697,-1.0824919330529548
1785123459.8211443,-0.39562325020557715,-1.0826790014568655
1785123459.828495,-0.397326670133465,-1.0828649486594888
1785123459.831692,-0.398940968345968,-1.083041235919441
1785123459.8362257,-0.4005788752264734,-1.0832200940430472
1785123459.8421144,-0.40225995576264445,-1.0834034523703846
1785123459.8468966,-0.40399608603083553,-1.0835922113203453
1785123459.851441,-0.40568638376427807,-1.0837755669578986
1785123459.8571637,-0.4073708012799004,-1.0839576598342116
1785123459.8634398,-0.40902156646720045,-1.0841355652540354
1785123459.8671339,-0.41069392412049094,-1.0843131958075607
1785123459.8764133,-0.41235695511086196,-1.0844879632487743
1785123459.8798482,-0.41399209269629855,-1.0846577289691204
1785123459.8820963,-0.4156372945962386,-1.0848260013885505
1785123459.8862329,-0.41729010194465266,-1.084992134181397
1785123459.8924787,-0.41893524347522426,-1.085156134251713
1785123459.8966482,-0.42061614700435135,-1.0853207449197335
1785123459.901074,-0.42234682042206967,-1.0854888480075238
1785123459.9074967,-0.4240335848721242,-1.0856523793921593
1785123459.912862,-0.42568395077221677,-1.0858101890309209
1785123459.9179895,-0.4273777581093158,-1.0859683071200426
1785123459.9227505,-0.42908245598642525,-1.0861250893169685
1785123459.9279406,-0.4307880624984449,-1.086278834125362
1785123459.9327104,-0.43242991534100655,-1.086423790808
1785123459.9361303,-0.43415632934759346,-1.0865738338811048
1785123459.943236,-0.43580512404010724,-1.0867146930302052
1785123459.9466834,-0.4375266311056705,-1.086858400957902
1785123459.9511862,-0.43934026975034957,-1.0870048086991728
1785123459.9573903,-0.4411584432237157,-1.0871507169656867
1785123459.9630063,-0.44297801679584214,-1.0872932396644717
1785123459.9672637,-0.4448256799386025,-1.0874351161333482
1785123459.975581,-0.44663794837543336,-1.087570690350307
1785123459.9798393,-0.44852811335953796,-1.0877079973616113
1785123459.9827576,-0.45035741274897784,-1.0878390021019306
1785123459.9863052,-0.4522207208481108,-1.0879682868363088
1785123459.9921358,-0.45403873716076343,-1.088092069537388
1785123459.998044,-0.45594043671198276,-1.0882188481441812
1785123460.0009437,-0.45782965269614184,-1.088341793428445
1785123460.0067322,-0.45974180613808463,-1.0884621686376446
1785123460.0121124,-0.4616306997443575,-1.0885773726726056
1785123460.017017,-0.46352348633288915,-1.0886888514392319
1785123460.021791,-0.46543781220919817,-1.088796779341166
1785123460.028114,-0.46733072208220416,-1.0889006498254412
1785123460.031172,-0.46923638433031745,-1.0889995549050762
1785123460.0363715,-0.47110094590670365,-1.0890922723230052
1785123460.0429788,-0.4730388908994278,-1.089183261394389
1785123460.0466,-0.47493403861721495,-1.089268106365086
1785123460.0511615,-0.476759611267657,-1.089342265851506
1785123460.05765,-0.4785717903342543,-1.0894085233287527
1785123460.0625174,-0.48034250934266143,-1.0894687061551063
1785123460.0663214,-0.48219157719638245,-1.0895259605529792
1785123460.0732155,-0.4839785376664983,-1.0895753453361126
1785123460.0791264,-0.48574015514119545,-1.089617766833295
1785123460.0813904,-0.4875555100310898,-1.089655052478799
1785123460.0866675,-0.48933712975355537,-1.0896852296025565
1785123460.091854,-0.4911296012451506,-1.0897098993811765
1785123460.0965214,-0.49294959676312117,-1.0897285333758575
1785123460.1005833,-0.49483868431654604,-1.089740717754719
1785123460.1077657,-0.49677031857608894,-1.0897447432967562
1785123460.1130347,-0.49868407987598085,-1.0897421037688946
1785123460.1165602,-0.5006489193726219,-1.0897338605567999
1785123460.1217818,-0.5025901637077743,-1.0897204848427544
1785123460.1295245,-0.5045586593604375,-1.089698868522505
1785123460.13189,-0.5065258916109041,-1.0896707756795232
1785123460.1373978,-0.5085094427686144,-1.0896349212041327
1785123460.142625,-0.5103751106603046,-1.0895938868450687
1785123460.146053,-0.5122851590511415,-1.0895478058918002
1785123460.150984,-0.5141988582811678,-1.0894942855376082
1785123460.1576982,-0.5160877719798597,-1.0894359935222158
1785123460.1630175,-0.5180415353858913,-1.0893711059314992
1785123460.166501,-0.5200006963049775,-1.0893003084856385
1785123460.174386,-0.5218761224644314,-1.0892283114963264
1785123460.178263,-0.5238401161769274,-1.0891463824794665
1785123460.1817684,-0.5257872904890062,-1.0890611593340844
1785123460.1864152,-0.5277521501454455,-1.08897073383757
1785123460.1927264,-0.5297799333799763,-1.0888741153549508
1785123460.1970303,-0.5317391814181415,-1.088775879291526
1785123460.2014103,-0.5337370709330466,-1.0886720420537868
1785123460.207328,-0.5357339058589892,-1.0885624489461687
1785123460.212747,-0.5377329792695487,-1.088450136670635
1785123460.217226,-0.5398133453607443,-1.088329327107314
1785123460.221666,-0.5416989801293511,-1.0882171868240325
1785123460.2286763,-0.5437041853999613,-1.088093734705089
1785123460.2320743,-0.5457481556317719,-1.087963918425364
1785123460.2360873,-0.5477546620802896,-1.0878333618330611
1785123460.2430136,-0.5497196177039971,-1.0877030271773054
1785123460.2468207,-0.5516973724648909,-1.087568065075745
1785123460.2506125,-0.5536785891710982,-1.0874292841219353
1785123460.2571988,-0.5556798248929942,-1.0872862171880315
1785123460.2626638,-0.5576376684507853,-1.087143698807557
1785123460.2663136,-0.5596276408214134,-1.0869949315248308
1785123460.2751148,-0.5615659312482261,-1.0868476846573276
1785123460.2784262,-0.5634920804961824,-1.0866968061103983
1785123460.2816744,-0.5655885863613341,-1.08652957986748
1785123460.2862427,-0.5674675593808147,-1.0863757834850223
1785123460.2924974,-0.5695165715580439,-1.0862065042633497
1785123460.2970037,-0.5715257197108088,-1.0860371474783794
1785123460.3006434,-0.5735117602036331,-1.085865290020173
1785123460.3073611,-0.5755452135074959,-1.0856863760465552
1785123460.313341,-0.5775145591730371,-1.08550871423763
1785123460.3185053,-0.5795033619800284,-1.0853264405212506
1785123460.3215895,-0.5814172747430573,-1.0851469454405358
1785123460.3333647,-0.5834501486664535,-1.0849536553136165
1785123460.335113,-0.5854666296296295,-1.0847600925918457
1785123460.3375845,-0.587463459133681,-1.0845653946499476
1785123460.3424282,-0.5893901608529883,-1.08437438560189
1785123460.3482232,-0.591404985348897,-1.08417273863457
1785123460.3511424,-0.5934383031149428,-1.0839676925236712
1785123460.3572502,-0.5954939426026323,-1.0837558793957847
1785123460.3632245,-0.5975143751482321,-1.0835435752973248
1785123460.3691196,-0.5995457586516941,-1.0833264598482124
1785123460.3801382,-0.6015586884623199,-1.0831072281826233
1785123460.3814702,-0.6035029607499063,-1.0828925283093986
1785123460.3890548,-0.6054827230061982,-1.0826702904467291
1785123460.3920953,-0.6075092926873196,-1.0824377793122903
1785123460.3963904,-0.6095478374359583,-1.0821989749949388
1785123460.4008071,-0.6115585027915739,-1.0819603086977723
1785123460.4085197,-0.6135720026472612,-1.0817205657395585
1785123460.4193974,-0.6157061642159383,-1.081464247173089
1785123460.4214697,-0.6178103198165918,-1.0812057122212748
1785123460.423385,-0.6197618328373616,-1.080962989528868
1785123460.43084,-0.6218067370851523,-1.0807055131476007
1785123460.432259,-0.6239187156075763,-1.0804352958774313
1785123460.4372246,-0.6259080212217285,-1.0801778526644226
1785123460.4433095,-0.6279592186100642,-1.0799083278689983
1785123460.4478602,-0.6300835006093746,-1.0796259119355682
1785123460.452051,-0.6320632501665259,-1.079359158116459
1785123460.4564986,-0.6341438888041347,-1.0790765241125613
1785123460.4633453,-0.6361504073834565,-1.078799403323909
1785123460.466721,-0.6381951207102479,-1.078514617534164
1785123460.471618,-0.6403045630558543,-1.0782179890464108
1785123460.4785824,-0.6423033061926783,-1.0779329212062756
1785123460.4814525,-0.6443078237413208,-1.0776412412534082
1785123460.4859302,-0.6463411086580833,-1.0773383657407767
1785123460.4918437,-0.6483830468245475,-1.0770277194119013
1785123460.4970272,-0.6503277417286161,-1.076725777737124
1785123460.5015948,-0.6521825128769642,-1.0764349010533059
1785123460.5071604,-0.6540246120575242,-1.0761425309878727
1785123460.5126176,-0.6557778558565835,-1.0758592210724205
1785123460.5168796,-0.6575716822864173,-1.0755639621013153
1785123460.522585,-0.6593545559097213,-1.0752678727904066
1785123460.5278223,-0.6611734696107983,-1.074962417382222
1785123460.5317886,-0.6629771499724959,-1.0746556279380952
1785123460.5360692,-0.664809016926583,-1.0743404738208764
1785123460.5427752,-0.6666025545933634,-1.0740278187903165
1785123460.546635,-0.6683140511855845,-1.0737266980278695
1785123460.551076,-0.6702288004713074,-1.073388463608734
1785123460.5595317,-0.6722167474424083,-1.0730352856771197
1785123460.5628934,-0.6742267424151486,-1.0726731618450334
1785123460.566932,-0.6762374992461132,-1.072308199608375
1785123460.5710864,-0.6781634792277706,-1.07195476562429
1785123460.5805485,-0.6801332787507312,-1.0715896836708803
1785123460.581816,-0.6820778182564389,-1.0712237322018054
1785123460.586788,-0.6840833676752274,-1.0708425560280244
1785123460.5934865,-0.686064562985075,-1.070463346469063
1785123460.596993,-0.6880363982212673,-1.0700823607356924
1785123460.6010854,-0.689937819044894,-1.0697136847737336
1785123460.607896,-0.6918914068014175,-1.0693317943410805
1785123460.611919,-0.69383946608118,-1.0689474769122282
1785123460.6169698,-0.695901897006872,-1.0685363437220485
1785123460.6259778,-0.6979305521073953,-1.0681305024579035
1785123460.6278207,-0.6999233729860707,-1.0677281431187402
1785123460.6330256,-0.7018838825752818,-1.0673297472349663
1785123460.6370378,-0.703834344469529,-1.0669309272532057
1785123460.6427143,-0.7058708749985114,-1.0665117351729683
1785123460.6482992,-0.7078846999915395,-1.0660959406349182
1785123460.6518886,-0.7097568944448782,-1.0657063815458891
1785123460.657012,-0.711592977471061,-1.0653238105775888
1785123460.663356,-0.713374398959976,-1.0649513829120891
1785123460.6673994,-0.7152229740816113,-1.064564897121917
1785123460.6714706,-0.7169774566782223,-1.0641967042715854
1785123460.6794512,-0.718777045265549,-1.06381772665623
1785123460.6814308,-0.7206050076843553,-1.0634307298324646
1785123460.6874113,-0.7223706500807303,-1.0630545281521653
1785123460.6927848,-0.7241457615392181,-1.0626757934833135
1785123460.6967056,-0.7259788831698988,-1.0622839766217957
1785123460.7015986,-0.7278596732949387,-1.0618790971958536
1785123460.7090924,-0.7297608065171332,-1.061468704749813
1785123460.7125561,-0.731673685121248,-1.0610554634733822
1785123460.7176423,-0.7335704930399471,-1.0606452708193397
1785123460.7227373,-0.7354815585308206,-1.0602282356344492
1785123460.7295349,-0.737504641308373,-1.0597840283993523
1785123460.7318141,-0.7394228861920229,-1.0593620699643265
1785123460.7371085,-0.741396967029085,-1.0589263045600796
1785123460.7433794,-0.7432984915844085,-1.058504601927427
1785123460.7482617,-0.7452140346772925,-1.058077964335186
1785123460.7508993,-0.7470704012769427,-1.0576632691426033
1785123460.758018,-0.7490460065764757,-1.0572203916010599
1785123460.763036,-0.7510441378054517,-1.0567727345021143
1785123460.7664075,-0.752949975285477,-1.0563444247221019
1785123460.7717292,-0.754895227257314,-1.0559075679838428
1785123460.7797918,-0.75677144533789,-1.0554846660689472
1785123460.7816205,-0.7587584366352146,-1.055035259327482
1785123460.7867796,-0.7606638405473081,-1.0546008383147767
1785123460.792802,-0.7625963111090529,-1.0541581654638872
1785123460.7970648,-0.7644701656968494,-1.0537288031757697
1785123460.801288,-0.7663706198622376,-1.053291507700768
1785123460.807474,-0.7682834032380349,-1.0528495328170473
1785123460.8131232,-0.7701897827123079,-1.0524060380449698
1785123460.8231761,-0.7721449539563079,-1.0519514988873642
1785123460.8250847,-0.7740800709386985,-1.0515007767177125
1785123460.8288808,-0.7760091351005167,-1.0510489353074668
1785123460.832153,-0.7779338570382113,-1.0505963930225386
1785123460.8361447,-0.7798655891050771,-1.0501402389719203
1785123460.843336,-0.7818089519624143,-1.0496794335663073
1785123460.8474107,-0.7838213971716436,-1.0491998609312154
1785123460.850977,-0.7857199503770336,-1.0487468812392242
1785123460.857404,-0.787641926407561,-1.0482847746626645
1785123460.8623323,-0.7895963019792926,-1.0478123299778668
1785123460.86802,-0.7915246522593341,-1.0473432072118698
1785123460.8718565,-0.7933540005058023,-1.0468952254024007
1785123460.8808951,-0.7952504243370735,-1.0464265133068287
1785123460.8826203,-0.7971240998850754,-1.0459611802116404
1785123460.88783,-0.799055294531679,-1.0454785755877287
1785123460.8911695,-0.8010061487928969,-1.044986873181883
1785123460.8972898,-0.8029013646441223,-1.044506566806517
1785123460.9009302,-0.8047852312692455,-1.0440259954086901
1785123460.9073803,-0.8066647011799876,-1.0435413770372477
1785123460.9123158,-0.8086354836892274,-1.0430283405567704
1785123460.9166515,-0.8105649471699733,-1.0425231702165347
1785123460.9226773,-0.8123513325975374,-1.042052888833965
1785123460.931831,-0.8142278268533996,-1.0415538452075268
1785123460.9424336,-0.8161487162934881,-1.0410390443470152
1785123460.948739,-0.8180146461912292,-1.040534052543986
1785123460.9502196,-0.819901762262315,-1.0400182642381492
1785123460.9511292,-0.8218366541956249,-1.0394851063969608
1785123460.9534004,-0.8237184613289874,-1.03896296829117
1785123460.9575207,-0.8256478829512044,-1.038421873801208
1785123460.9637578,-0.8275221216690226,-1.037891611038007
1785123460.9694576,-0.829392689436843,-1.037357853431634
1785123460.9767227,-0.8313331817513672,-1.0367984306892513
1785123460.981465,-0.8332508862530893,-1.0362421332915142
1785123460.9884086,-0.8351398858404792,-1.0356905475300253
1785123460.9902732,-0.8370494869434254,-1.0351276983858597
1785123460.99336,-0.8389212137420294,-1.0345722756047824
1785123460.9981463,-0.8407962819828515,-1.0340099465061328
1785123461.001687,-0.8426183119932044,-1.0334604022799836
1785123461.0071769,-0.8445841195677628,-1.032862640276616
1785123461.012962,-0.8464848962987903,-1.0322808100595822
1785123461.0183828,-0.8483713299970467,-1.0316970179633238
1785123461.022414,-0.8502360407583262,-1.0311154911147709
1785123461.0281153,-0.852102141940819,-1.030528356591266
1785123461.0322518,-0.8538976538785165,-1.029956984146459
1785123461.0360696,-0.8557276449165114,-1.029369072059415
1785123461.0410538,-0.8575910731360649,-1.0287660964916563
1785123461.0467608,-0.8594577679551014,-1.028157205169196
1785123461.051446,-0.861279796909152,-1.0275592737056536
1785123461.0567975,-0.8631112553320344,-1.02695342896906
1785123461.0626721,-0.8649691581103779,-1.0263351086774146
1785123461.0681422,-0.8669119501893996,-1.025682419097097
1785123461.0717263,-0.8687366504502848,-1.0250644598936964
1785123461.082319,-0.8705361721129958,-1.0244511646614445
1785123461.083884,-0.8723978368489921,-1.0238118884216332
1785123461.0870137,-0.8742358244381409,-1.023177111099591
1785123461.0911112,-0.8760700211383564,-1.0225392499282835
1785123461.0977662,-0.8779257512824936,-1.021888978958748
1785123461.102404,-0.8798546683058858,-1.0212074712493568
1785123461.1071482,-0.8816668126536135,-1.02056447910849
1785123461.1140077,-0.8834735759580131,-1.0199199657370266
1785123461.1182606,-0.8853904613429244,-1.0192298389044179
1785123461.122043,-0.8871582930778655,-1.0185913515631497
1785123461.1273386,-0.8889903703530112,-1.0179271639560588
1785123461.1328497,-0.8908255731479043,-1.0172593317711525
1785123461.1371024,-0.8927318281554839,-1.0165631270122115
1785123461.1420105,-0.8945243262318693,-1.0159063714362986
1785123461.1496673,-0.8963687614720438,-1.0152275967740223
1785123461.1528904,-0.8982154254821059,-1.0145461846146837
1785123461.1585221,-0.9000786679655465,-1.0138539952207777
1785123461.1627557,-0.9019487611689669,-1.0131540384399966
1785123461.1669507,-0.9038562298332781,-1.0124378530184672
1785123461.171604,-0.9057121749882869,-1.0117376531028108
1785123461.1777306,-0.907587597608758,-1.0110258564584533
1785123461.1821527,-0.9093929693521344,-1.0103375614159444
1785123461.1860974,-0.9112316540840397,-1.0096329105268436
1785123461.1918244,-0.9131530538037747,-1.0088963811086247
1785123461.197946,-0.9149929178687837,-1.0081879280774624
1785123461.20187,-0.9168656395530249,-1.0074630464353787
1785123461.2065613,-0.9186991325348816,-1.0067515783317038
1785123461.2117405,-0.9204496059825519,-1.0060703964807423
1785123461.217162,-0.9223244124511247,-1.0053390679626972
1785123461.2228358,-0.9241579493994468,-1.0046220616732224
1785123461.2272737,-0.9259531501269721,-1.0039191585211815
1785123461.2324336,-0.9277380959338983,-1.0032186655361726
1785123461.2370913,-0.9295557696644929,-1.00250365429701
1785123461.241929,-0.9313954105422381,-1.0017782763411462
1785123461.2495847,-0.9332419899580586,-1.0010505424051999
1785123461.2526264,-0.9351048220191833,-1.0003162649906328
1785123461.2569652,-0.9369305869381487,-0.9995969433465601
1785123461.2625089,-0.9388003283911651,-0.9988585904750241
1785123461.2663727,-0.940643260709491,-0.9981301668569146
1785123461.2716458,-0.9424907897531855,-0.9973988521899964
1785123461.2823348,-0.9442904814129967,-0.9966871235420631
1785123461.2839315,-0.9461445236096909,-0.9959541309348936
1785123461.286158,-0.9479944046747213,-0.9952213285782777
1785123461.2919397,-0.9498503930821413,-0.9944858525955268
1785123461.2981255,-0.9517177589309359,-0.9937443933291457
1785123461.3014657,-0.9535377306071738,-0.9930194827340452
1785123461.307501,-0.9553895210158135,-0.9922824295526127
1785123461.3114574,-0.9572644031104589,-0.9915360182694478
1785123461.317006,-0.9591273707660443,-0.9907929099210615
1785123461.322781,-0.96097373204442,-0.9900561601186697
1785123461.3299093,-0.9627164775578985,-0.9893583453756765
1785123461.3317025,-0.9645596558111094,-0.9886178626024031
1785123461.336065,-0.9663869434405845,-0.9878810979952704
1785123461.3419027,-0.9682315495296762,-0.9871366904567034
1785123461.3467984,-0.9701312808851079,-0.9863676750299625
1785123461.3519113,-0.9719626369306485,-0.9856235767070206
1785123461.3561263,-0.9738286789374818,-0.9848613300960098
1785123461.361905,-0.9756320484883511,-0.9841216650263146
1785123461.3703272,-0.9774502699010471,-0.9833740308021145
1785123461.3730383,-0.9793484915872932,-0.9825898554632556
1785123461.3879008,-0.9812499899827507,-0.9818007116999204
1785123461.3909373,-0.9830092097713001,-0.981067512388665
1785123461.39318,-0.9848519366235237,-0.9802955013108507
1785123461.3970947,-0.9866596383927029,-0.979535209763772
1785123461.4017663,-0.9885013258358047,-0.978758332596554
1785123461.4070723,-0.990381337516605,-0.9779612144629821
1785123461.4122102,-0.9922103048252151,-0.977182180090003
1785123461.4176288,-0.9940802857749089,-0.9763809008364256
1785123461.4225974,-0.9959294018585988,-0.9755843390433461
1785123461.427244,-0.9977865268797311,-0.9747834302230541
1785123461.432184,-0.9995940073564946,-0.9740020939141153
1785123461.4375513,-1.001463003330229,-0.9731917795892239
1785123461.449008,-1.0033126991091885,-0.9723877886103347
1785123461.450106,-1.0051473974038,-0.9715900689563319
1785123461.452126,-1.0070049743475404,-0.9707783195743178
1785123461.4574897,-1.0087942972974402,-0.9699930679600854
1785123461.4633052,-1.0106144359674272,-0.9691907906968626
1785123461.4659305,-1.012432733440497,-0.968387594698974
1785123461.4715023,-1.014228919164245,-0.96759180568121
1785123461.477101,-1.0160540857274838,-0.9667808504314295
1785123461.4850423,-1.017885706439525,-0.9659635085183742
1785123461.4891715,-1.019640109127385,-0.965177388928104
1785123461.4916847,-1.021509663211852,-0.9643353265739231
1785123461.4977574,-1.023284169362645,-0.9635335665387477
1785123461.501061,-1.0251542895949637,-0.9626844602864494
1785123461.508012,-1.0270138061311354,-0.9618362516149372
1785123461.5122242,-1.0289175594756175,-0.9609635429410666
1785123461.517857,-1.0308010362797335,-0.960097182429242
1785123461.5231948,-1.032595607788652,-0.9592670958019557
1785123461.5280519,-1.0344592515971776,-0.9584014697544866
1785123461.5332956,-1.0363380415618828,-0.957524322314766
1785123461.53836,-1.038170193261402,-0.9566654566666581
1785123461.5445075,-1.0400067653462077,-0.9557998100196199
1785123461.5463452,-1.041851264648358,-0.9549279732998401
1785123461.5519803,-1.043573500939244,-0.9541109884318023
1785123461.5573165,-1.0454415917997446,-0.9532222301773406
1785123461.5624528,-1.0473203658972972,-0.9523247014517554
1785123461.5671895,-1.0491563965465225,-0.9514439931033898
1785123461.5729685,-1.0510082452000724,-0.9505506207849459
1785123461.5765605,-1.0528356841758757,-0.9496658922639482
1785123461.584048,-1.0546471026999933,-0.9487849437094993
1785123461.5877547,-1.0565185579062497,-0.9478732731877888
1785123461.5927584,-1.0583313382365696,-0.946986538335538
1785123461.5979898,-1.0602248680628963,-0.9460580146399125
1785123461.6021793,-1.0620537635795961,-0.9451583728516771
1785123461.6088583,-1.063898688107394,-0.9442486164380264
1785123461.6113129,-1.0657437265005367,-0.9433365175751729
1785123461.617866,-1.0675636543437927,-0.9424335974611774
1785123461.6229432,-1.0694429757105175,-0.941498680725425
1785123461.6269157,-1.0712354193529956,-0.9406043074855271
1785123461.6326911,-1.0730523509447885,-0.9396936349508549
1785123461.638069,-1.074893817934975,-0.9387670144523397
1785123461.6431224,-1.07670608629286,-0.9378548273955875
1785123461.647411,-1.078526354142258,-0.9369350222720583
1785123461.650875,-1.0804157320194527,-0.9359799066916827
1785123461.657824,-1.0822365852551055,-0.9350559888934605
1785123461.6613297,-1.0840538244880942,-0.9341325973021622
1785123461.6665943,-1.085896978372129,-0.9331950527222992
1785123461.672843,-1.0877520302807426,-0.93225205989725
1785123461.676242,-1.0896110485140094,-0.9313037103022256
1785123461.6831572,-1.0914747327975372,-0.9303521156623077
1785123461.6863463,-1.0933234217330925,-0.9294065009413527
1785123461.6918676,-1.095174809931412,-0.9284586353200269
1785123461.6960115,-1.0970433065575513,-0.9275010807867657
1785123461.70215,-1.098920946487378,-0.9265376096109222
1785123461.7087028,-1.1008742724718688,-0.9255314476881861
1785123461.7109542,-1.1026632450369978,-0.9246088065165997
1785123461.7180572,-1.1046213466031143,-0.9235957769765447
1785123461.7234664,-1.1065079467722534,-0.9226166842155284
1785123461.7269535,-1.1083878378553118,-0.9216378352542782
1785123461.7313197,-1.1102794751245788,-0.9206487388402665
1785123461.7358575,-1.1122212811071075,-0.9196310698516181
1785123461.742053,-1.1141112460260443,-0.9186382055722241
1785123461.746512,-1.116002538089635,-0.9176421189107518
1785123461.7518525,-1.117887561921033,-0.9166447949904316
1785123461.7575004,-1.1198334236607705,-0.9156109754572105
1785123461.7619574,-1.121713485250607,-0.9146088135005223
1785123461.7677345,-1.1235678199096761,-0.9136182464385052
1785123461.7730634,-1.1254270137364257,-0.912621269386924
1785123461.7765162,-1.127342210674655,-0.9115911194527649
1785123461.791621,-1.129200295502818,-0.9105884799375583
1785123461.7947018,-1.1310255115611125,-0.9095988523161735
1785123461.7978933,-1.1329052983883485,-0.9085735406176824
1785123461.8058658,-1.1346945141069673,-0.9075945354452176
1785123461.812059,-1.136400083860076,-0.9066583032518548
1785123461.813784,-1.1381230954868249,-0.9057085876137091
1785123461.8170605,-1.1397989640118737,-0.9047804967226787
1785123461.8235393,-1.1415347251777148,-0.9038170072863313
1785123461.8315814,-1.143241029503541,-0.9028676084200797
1785123461.8330884,-1.1449472567219316,-0.9019150587597717
1785123461.8388898,-1.1466082656864534,-0.9009832987482063
1785123461.8497276,-1.1482028835318154,-0.9000863124576397
1785123461.8533845,-1.1499014074150684,-0.8991279396280234
1785123461.8550556,-1.151562333920798,-0.898188565292021
1785123461.859786,-1.1532085745650429,-0.8972532236231825
1785123461.8635793,-1.1548769387261504,-0.8963041954815127
1785123461.8673499,-1.1565747508156887,-0.8953353535351094
1785123461.871478,-1.1582140906813507,-0.8943972063408306
1785123461.8775432,-1.1598739627494308,-0.8934462258953911
1785123461.881359,-1.1615296163605373,-0.8924948958678539
1785123461.8878174,-1.1631879237389648,-0.8915386331316719
1785123461.892394,-1.1648249288743804,-0.8905921461400422
1785123461.8980188,-1.1665288059954604,-0.8896033657835383
1785123461.9011333,-1.1683145418312775,-0.8885625501467365
1785123461.9077685,-1.170032112504022,-0.8875588661666711
1785123461.911465,-1.1717550147107219,-0.8865528399128414
1785123461.9169223,-1.1734483033993928,-0.8855634567895901
1785123461.9214625,-1.1752365515737688,-0.8845167900671302
1785123461.927405,-1.1769330728857117,-0.8835193074370464
1785123461.9315302,-1.17869680449294,-0.8824792615043682
1785123461.9368398,-1.1804558582867994,-0.8814401214676768
1785123461.9427047,-1.1822329388987458,-0.8803888497903413
1785123461.9468148,-1.1839797682000823,-0.8793533098613237
1785123461.9518616,-1.185706727339822,-0.8783276592319812
1785123461.9582934,-1.1874612775708961,-0.8772838904224034
1785123461.9628808,-1.1891890240255965,-0.876255745941779
1785123461.9674025,-1.1908991679821126,-0.8752341806375574
1785123461.9720547,-1.1926147697769327,-0.8742062601151107
1785123461.9766996,-1.1943272215208374,-0.8731776700930507
1785123461.9822397,-1.1960278888666251,-0.8721527322050677
1785123461.990467,-1.1977023248557652,-0.871140831468022
1785123461.9939845,-1.1993930619148139,-0.8701153702327669
1785123461.9963653,-1.2010183317266576,-0.8691251237576815
1785123462.0025332,-1.202648756078617,-0.8681267792566658
1785123462.007371,-1.2043901695911416,-0.8670564842753478
1785123462.0116198,-1.2060245575793693,-0.8660484903284749
1785123462.0167055,-1.2077441697329603,-0.8649871746860414
1785123462.0214849,-1.2094470026025375,-0.8639332620106447
1785123462.0273054,-1.2111041077596065,-0.8629032980384986
1785123462.0314033,-1.2128215716484763,-0.8618326181064687
1785123462.0364738,-1.2144599017000317,-0.8608075169242992
1785123462.0418692,-1.2160919162349864,-0.8597819933941008
1785123462.0464873,-1.2177637343104533,-0.8587262694461345
1785123462.0521145,-1.21941182532798,-0.8576819764854531
1785123462.0575051,-1.2210435731091867,-0.8566465557585532
1785123462.0614142,-1.222762264727812,-0.8555511876024092
1785123462.0665636,-1.2244088049064357,-0.8545004105172243
1785123462.0723686,-1.2261018898286142,-0.8534170210820966
1785123462.0772362,-1.227747172373904,-0.8523607912085234
1785123462.081931,-1.2294291805203876,-0.8512772999800459
1785123462.0885246,-1.2310978830091135,-0.8502030382733402
1785123462.0914416,-1.2327536991361585,-0.8491351231703582
1785123462.096886,-1.2343974128601587,-0.8480725784713481
1785123462.1013892,-1.2360624503240625,-0.8469944885985957
1785123462.1067584,-1.23773459525121,-0.845910106128255
1785123462.1115856,-1.239385155081774,-0.8448372163236542
1785123462.1171367,-1.2410172194784208,-0.8437757320538946
1785123462.1210816,-1.2426429458332797,-0.842716349880368
1785123462.127542,-1.2443047669237182,-0.8416333267894245
1785123462.130791,-1.2458982643687795,-0.8405939602556673
1785123462.1364756,-1.2475693697654806,-0.8395028989100294
1785123462.1422265,-1.249147135273192,-0.8384720919497786
1785123462.1462767,-1.2507877128300482,-0.8374001538949888
1785123462.1515963,-1.2524397551183406,-0.8363199568160264
1785123462.1574385,-1.254136482930684,-0.8352095886970495
1785123462.1609552,-1.2557541895246076,-0.8341516208074884
1785123462.167645,-1.2574394164778493,-0.8330488708051762
1785123462.1708803,-1.2590859110393238,-0.8319717151418795
1785123462.1765118,-1.260712587812483,-0.8309079998611789
1785123462.1812272,-1.262346956322048,-0.8298399820975434
1785123462.1880991,-1.2639978961917442,-0.8287618092984336
1785123462.191624,-1.2656615861672786,-0.8276757192295349
1785123462.1965878,-1.26731071041864,-0.8266012310602544
1785123462.2007868,-1.26892795548269,-0.8255472772264226
1785123462.2074873,-1.2705408110022107,-0.8244974238688666
1785123462.2117665,-1.2721551635276034,-0.8234457924311173
1785123462.2174017,-1.273834358882524,-0.8223529194555892
1785123462.2222366,-1.27548877444797,-0.8212766808195102
1785123462.2267487,-1.2771252120761707,-0.8202103413145703
1785123462.230951,-1.278801336654678,-0.8191176668573297
1785123462.2367406,-1.2803966028262392,-0.8180770268454736
1785123462.2419167,-1.2820609736147042,-0.8169917755737641
1785123462.2462845,-1.283713391405248,-0.8159146401548428
1785123462.2510674,-1.2853215699762217,-0.8148672416092044
1785123462.2574832,-1.2870043040377557,-0.8137724752796601
1785123462.2622087,-1.2886272835458348,-0.812715739646255
1785123462.2671065,-1.290308770382464,-0.8116189888849968
1785123462.2712822,-1.2919385581872422,-0.8105554815232365
1785123462.2766514,-1.2935750827486616,-0.8094866359823802
1785123462.2810736,-1.2951823903909747,-0.8084347145210485
1785123462.2876859,-1.2968130665248705,-0.8073678113550257
1785123462.2910295,-1.2984777234874838,-0.8062790794617122
1785123462.2966778,-1.3001091400041418,-0.8052117308209127
1785123462.3011208,-1.3017266292654348,-0.8041499813599695
1785123462.307322,-1.303352593452945,-0.8030842352175069
1785123462.311543,-1.304960579930325,-0.8020289574988906
1785123462.3174245,-1.306603061010341,-0.8009497559437515
1785123462.3215187,-1.308248060337582,-0.7998692023152268
1785123462.3275144,-1.30993846330878,-0.7987574447329054
1785123462.3310285,-1.311613009397473,-0.7976555635438437
1785123462.3363805,-1.3132939493502354,-0.796549809820967
1785123462.3420465,-1.3149042205233223,-0.7954899058966242
1785123462.3464642,-1.316588084252674,-0.7943819734352485
1785123462.3509033,-1.3182238178660544,-0.7933052458462628
1785123462.3579154,-1.3198661930174143,-0.7922248120674678
1785123462.361108,-1.3215343297432454,-0.7911279584346156
1785123462.3668242,-1.3231741819972485,-0.790051301281692
1785123462.3720949,-1.3247759551334102,-0.7889987618750611
1785123462.3776758,-1.326505148135785,-0.7878610121687397
1785123462.3809848,-1.328172256237561,-0.7867633191457568
1785123462.3870778,-1.3298557842793282,-0.78565418273338
1785123462.3914025,-1.33154471808463,-0.784541967747107
1785123462.3960361,-1.333200182484461,-0.7834498551372343
1785123462.400719,-1.334867249674543,-0.7823471523555874
1785123462.4073262,-1.3365038925119133,-0.7812640574857984
1785123462.411457,-1.3381186961995775,-0.7801941190321757
1785123462.4164042,-1.3397549380777343,-0.7791074092374821
1785123462.4212928,-1.3413953709384594,-0.778014474254641
1785123462.427128,-1.3430809105995645,-0.7768910535345092
1785123462.4308183,-1.344784990287584,-0.7757527399056724
1785123462.4365957,-1.3463989492047013,-0.7746718281482852
1785123462.441556,-1.348092491552124,-0.773533091153505
1785123462.4461884,-1.3497683188756202,-0.7724060242673764
1785123462.4512596,-1.3514520668060772,-0.7712697863552103
1785123462.4580355,-1.3530620046070605,-0.7701788716578669
1785123462.4611433,-1.3546322929611145,-0.7691099575179882
1785123462.4663367,-1.356264125736835,-0.7679967188672466
1785123462.4802265,-1.3579013013965362,-0.7668757970874476
1785123462.481856,-1.359505687439976,-0.7657738022445076
1785123462.4827416,-1.3610896347985546,-0.7646810419686391
1785123462.4875572,-1.3627801499439045,-0.763509319241707
1785123462.491889,-1.3644172791705091,-0.7623690463213368
1785123462.4968748,-1.3660278266747945,-0.7612431260688532
1785123462.5009596,-1.3676747590315772,-0.7600852337130863
1785123462.507585,-1.3693313447116207,-0.7589153633186451
1785123462.5108871,-1.370990342894226,-0.757738798833778
1785123462.517424,-1.3725413570586291,-0.7566330011747641
1785123462.5213537,-1.3741474623457077,-0.755480186832017
1785123462.52756,-1.3757917038559173,-0.7542943461339435
1785123462.5313728,-1.3774041932296937,-0.7531273161970881
1785123462.537757,-1.3790721173459592,-0.7519147369462246
1785123462.5425692,-1.3806865417903977,-0.7507366448742996
1785123462.5465488,-1.3822470383684249,-0.7495942924135979
1785123462.5515704,-1.3837665641390453,-0.7484773419836764
1785123462.5581796,-1.3852789069356954,-0.7473600957022889
1785123462.5623662,-1.3867638254259385,-0.7462606779162135
1785123462.566772,-1.3882234236671602,-0.7451763457955363
1785123462.5712802,-1.3896180855115454,-0.744136105807084
1785123462.5764802,-1.3911031644379188,-0.7430222518364156
1785123462.5812864,-1.3925557825256334,-0.7419288941930652
1785123462.5918605,-1.394044607484412,-0.7408045034530668
1785123462.5948236,-1.3954764127981811,-0.7397174611461312
1785123462.5974333,-1.396946047949443,-0.7385956495175588
1785123462.6025674,-1.3984707362848827,-0.737426488419227
1785123462.6075075,-1.400073383999363,-0.7361928608761595
1785123462.6115143,-1.4016654369753148,-0.7349627393530799
1785123462.616795,-1.4032565312195306,-0.7337314856766399
1785123462.621236,-1.404824078832594,-0.7325126289295447
1785123462.6273844,-1.4064138020984,-0.7312710780288525
1785123462.6310194,-1.407991034382302,-0.730034094333721
1785123462.636219,-1.4095375912363417,-0.7288181540860855
1785123462.6416197,-1.4111283296573376,-0.7275628128294483
1785123462.6461816,-1.4127104072263348,-0.7263097680249632
1785123462.65138,-1.4142886434960986,-0.7250566498458987
1785123462.6570728,-1.4158096290538555,-0.7238456813303586
1785123462.6612484,-1.4173377026414524,-0.7226238617320621
1785123462.666926,-1.4189103727495465,-0.7213607425293586
1785123462.6711967,-1.4204350380155142,-0.7201299178133987
1785123462.676594,-1.4219234717799771,-0.7189236444106376
1785123462.680903,-1.423506842654925,-0.7176378896002978
1785123462.687058,-1.42504925324954,-0.7163808312230513
1785123462.6919348,-1.4265659829046295,-0.7151400111447082
1785123462.6961067,-1.4281102398051675,-0.7138722085870569
1785123462.7012534,-1.4295963626056791,-0.7126482474280831
1785123462.7071142,-1.4310709358607563,-0.711429121287069
1785123462.7111173,-1.4326202291806278,-0.710140588428612
1785123462.7163224,-1.434179272522829,-0.7088398628510083
1785123462.7211075,-1.4356928411011014,-0.7075715290552447
1785123462.7274637,-1.4372040040671044,-0.706300817343785
1785123462.7313094,-1.4387750656376737,-0.7049726788445076
1785123462.7371109,-1.440325254730458,-0.7036584205153565
1785123462.7421532,-1.44182368759045,-0.7023833164302842
1785123462.746013,-1.4433536261480011,-0.7010783260977304
1785123462.7514722,-1.4449040737858594,-0.6997529059461965
1785123462.756963,-1.4464124577865856,-0.6984595168618172
1785123462.7609277,-1.4479400623223133,-0.6971437494218907
1785123462.766786,-1.4494279516603663,-0.6958603851873412
1785123462.7717187,-1.451000742609013,-0.6944997378555029
1785123462.7766538,-1.4525495890194446,-0.6931559160184144
1785123462.7810118,-1.4541265936833365,-0.6917842218388739
1785123462.7879922,-1.4556622158145491,-0.6904421686469394
1785123462.7924316,-1.4571869385746556,-0.6891080742554422
1785123462.7973282,-1.4586796244035427,-0.6877971465860888
1785123462.8011148,-1.4601409624805133,-0.686509798484468
1785123462.8068337,-1.4616559239566522,-0.6851696322446511
1785123462.81136,-1.4631455362769294,-0.6838461084439413
1785123462.8160176,-1.4646494411858761,-0.6825072555619566
1785123462.8210504,-1.4660562003233282,-0.6812517796824584
1785123462.8272552,-1.4675538364875063,-0.6799113836297419
1785123462.8330941,-1.469028143220933,-0.67858736686413
1785123462.8374274,-1.470473579369998,-0.6772807999785435
1785123462.8428233,-1.4719864682070039,-0.6759058784320046
1785123462.848118,-1.4734306770220593,-0.6745865958697188
1785123462.8514714,-1.474822128515516,-0.6733102760580245
1785123462.8589253,-1.476150923474107,-0.6720873256498223
1785123462.864561,-1.4775492916466073,-0.6707950734700632
1785123462.8672302,-1.4789304106441312,-0.6695125840272306
1785123462.872996,-1.4802353307451128,-0.6682969428543111
1785123462.87662,-1.481581561837931,-0.6670380822102747
1785123462.88146,-1.4829295264231799,-0.6657724491610213
1785123462.8881023,-1.4842298995688377,-0.6645463763500153
1785123462.8920135,-1.485563903422703,-0.6632821384685363
1785123462.8965356,-1.486853339732609,-0.662057161280237
1785123462.9018035,-1.4882008532427846,-0.6607717978878208
1785123462.9073381,-1.489472443268715,-0.6595526690551162
1785123462.9111636,-1.4908363934114417,-0.6582398919272531
1785123462.918644,-1.4921678349167418,-0.6569520395768317
1785123462.9221094,-1.4934560848079328,-0.655699260193861
1785123462.9270377,-1.4947803810032814,-0.654405088592646
1785123462.9315124,-1.4960978271485461,-0.6531128969626773
1785123462.9361458,-1.4973518419411254,-0.6518784454734053
1785123462.9413176,-1.4986160661644976,-0.6506283425888505
1785123462.9461868,-1.4999874931898138,-0.6492651001876671
1785123462.952441,-1.5013575425120778,-0.6478992036937241
1785123462.9573007,-1.502712987023841,-0.6465423108832752
1785123462.9620395,-1.504152839795484,-0.645093559521004
1785123462.9676673,-1.5056104558659429,-0.643619082439324
1785123462.9738078,-1.5070104794786685,-0.6421964716822112
1785123462.976747,-1.5084024752380663,-0.6407770715990413
1785123462.9812062,-1.509787563757197,-0.6393573367496309
1785123462.9871464,-1.5111692575685063,-0.6379357290336758
1785123462.9918797,-1.5125250245450506,-0.6365361619768959
1785123462.9961104,-1.5139187492103656,-0.6350922565452009
1785123463.001678,-1.515264116955112,-0.633692715591886
1785123463.0073051,-1.5166412068782515,-0.6322534175018603
1785123463.0128343,-1.5180315885404645,-0.6307947268285539
1785123463.017099,-1.519408015766659,-0.6293427785562341
1785123463.022318,-1.5206943501438144,-0.627979210253292
1785123463.027557,-1.5220930867221725,-0.6264892587383942
1785123463.0317893,-1.5234408501237409,-0.6250480700859361
1785123463.0371547,-1.5247921805284004,-0.6235986388994391
1785123463.0425532,-1.526178372416594,-0.6221036721836298
1785123463.046164,-1.527529135569042,-0.6206406475014742
1785123463.0519319,-1.5288844479820183,-0.6191675289545615
1785123463.0565305,-1.5302339548268546,-0.6176951051035058
1785123463.0611632,-1.5315579788466451,-0.6162430715582853
1785123463.0666165,-1.532877991791753,-0.6147911118751762
1785123463.0726216,-1.5341726914035632,-0.613361151973786
1785123463.076796,-1.5355286262826253,-0.6118573306107837
1785123463.0810118,-1.5368802261968817,-0.6103493903151406
1785123463.0871236,-1.538201659457512,-0.608867661906667
1785123463.0928402,-1.5395382203440702,-0.6073625370169693
1785123463.096754,-1.5408995961838365,-0.6058220881559601
1785123463.1022725,-1.542208348676377,-0.604336858314786
1785123463.1070516,-1.543490856322986,-0.602874489509283
1785123463.1121254,-1.5447771924462264,-0.601401766057811
1785123463.1176264,-1.5460717736981988,-0.5999128420270375
1785123463.122091,-1.5474044248868395,-0.5983771561302511
1785123463.1285274,-1.548663095296094,-0.5969211194744938
1785123463.132632,-1.5499963918398887,-0.5953718400605067
1785123463.1365721,-1.5513016011532188,-0.5938501935633479
1785123463.1425507,-1.5526242803505097,-0.5923020566528787
1785123463.1460598,-1.5538997287243077,-0.5908029452050608
1785123463.150905,-1.555093295473623,-0.5893912891498446
1785123463.1576219,-1.5562831157468218,-0.5879773300561261
1785123463.1624484,-1.5574238054900271,-0.5866154365624302
1785123463.1664577,-1.558594431988568,-0.5852128169885794
1785123463.1716092,-1.5597547419656412,-0.5838161481187678
1785123463.1767642,-1.560898031487963,-0.5824358386001026
1785123463.1811872,-1.5620410683925927,-0.581050884194693
1785123463.189501,-1.5632239710766984,-0.5796146702693916
1785123463.1915095,-1.5644098919392273,-0.5781712171363516
1785123463.1962714,-1.565552535538205,-0.5767734997950558
1785123463.2013593,-1.5667060304132432,-0.5753580507055766
1785123463.2068613,-1.5678955355341642,-0.5738918447815203
1785123463.211398,-1.5690184066497324,-0.5725031009073759
1785123463.217239,-1.5701471848355184,-0.5711022875853103
1785123463.223906,-1.5712992187497208,-0.56966858457266
1785123463.226581,-1.5724626696697963,-0.5682145041410361
1785123463.2320778,-1.573556578384319,-0.5668428322485538
1785123463.2362003,-1.5747119468080084,-0.5653900410919044
1785123463.2419744,-1.5758254720732554,-0.5639838401047884
1785123463.2459185,-1.5770185514992099,-0.5624698606395524
1785123463.2520638,-1.5782130974004747,-0.5609490248047247
1785123463.2573173,-1.5794217250185398,-0.5594048759241619
1785123463.26111,-1.5806590301058632,-0.5578159219581889
1785123463.2680469,-1.5818982473105287,-0.5562166116880064
1785123463.2725177,-1.583078571281859,-0.5546868469348303
1785123463.2771425,-1.5843203829939363,-0.5530725632736727
1785123463.2819939,-1.5855384424668124,-0.5514822507791419
1785123463.2888834,-1.5867505439140956,-0.5498954269469823
1785123463.2921288,-1.5879363614101516,-0.5483348097470282
1785123463.2956111,-1.5891646388620913,-0.5467075716304136
1785123463.3022852,-1.5903745195831616,-0.5450992407375065
1785123463.3073683,-1.5915968561760487,-0.5434687184806211
1785123463.3114321,-1.5927580546439222,-0.5419143114072579
1785123463.3168318,-1.593921362002276,-0.540350144760022
1785123463.321624,-1.5950692512014697,-0.538797734373353
1785123463.3273163,-1.596229969236853,-0.5372239471530363
1785123463.33217,-1.5974265776666632,-0.5355958997155803
1785123463.33709,-1.5985829228352322,-0.5340153644203651
1785123463.3434455,-1.599763607769716,-0.5323954629652732
1785123463.3482149,-1.6009305096074697,-0.5307872257641312
1785123463.3518345,-1.6021258624630352,-0.5291332957136969
1785123463.3590348,-1.6032958361713554,-0.5275101545378604
1785123463.3630126,-1.604447328093729,-0.5259041327016204
1785123463.368219,-1.605583501900359,-0.524312804076751
1785123463.3730514,-1.6067188872194738,-0.5227158583873659
1785123463.3784559,-1.6078763003727081,-0.5210775867756459
1785123463.3843749,-1.6090262932237138,-0.5194419605148752
1785123463.3917181,-1.6101760642622416,-0.5177994029042757
1785123463.396883,-1.611295427458411,-0.5161922780660094
1785123463.401772,-1.6124187253992404,-0.5145701443673996
1785123463.4084857,-1.613510380277332,-0.5129863488324122
1785123463.4128256,-1.614639700940294,-0.5113410223618563
1785123463.4192717,-1.6157025808518362,-0.5097860423089148
1785123463.4312782,-1.6167585232972963,-0.5082355512197468
1785123463.4330778,-1.6178650162733361,-0.506603270690494
1785123463.438761,-1.618986745611069,-0.504941933018295
1785123463.4455366,-1.620064692714979,-0.5033361701811869
1785123463.447793,-1.6212016622683982,-0.5016366260948496
1785123463.4549325,-1.6222228095870046,-0.5000994648410438
1785123463.4590073,-1.623180641986114,-0.49865132881777663
1785123463.4636261,-1.6241587455606932,-0.49716414806621795
1785123463.4680142,-1.6250971658973192,-0.4957287692989843
1785123463.473172,-1.626087512224258,-0.4942056828888916
1785123463.477213,-1.6270370245196297,-0.49274023591323224
1785123463.482118,-1.6279690267593911,-0.4912918750248036
1785123463.4878385,-1.6289067716539776,-0.4898257432480829
1785123463.493228,-1.6297959534576947,-0.4884279001180921
1785123463.5139878,-1.6306506040457316,-0.4870736672102515
1785123463.515129,-1.6315687340295522,-0.48561155863036226
1785123463.5168412,-1.6324754106090575,-0.48415998866538446
1785123463.5183113,-1.6333574236906827,-0.4827389419868291
1785123463.5191,-1.634230154922245,-0.48132340623842657
1785123463.5207884,-1.6351096709911028,-0.47988481464506677
1785123463.5269125,-1.6359566603875841,-0.47848873285346655
1785123463.5316136,-1.636831352818037,-0.47703783915650655
1785123463.5369055,-1.6377027979562926,-0.4755794790047115
1785123463.5421126,-1.638572598984867,-0.47411509895175946
1785123463.5470686,-1.6394620678597667,-0.47260759839796607
1785123463.5514677,-1.6403447934391773,-0.47109934947686577
1785123463.558318,-1.6412531705106743,-0.4695365024640849
1785123463.5626647,-1.6421669184859782,-0.4679545632818031
1785123463.5669122,-1.6431010598986515,-0.46632659433646545
1785123463.5724504,-1.6440506621376942,-0.4646610552509324
1785123463.5771399,-1.6449688371491649,-0.4630387464339267
1785123463.5809734,-1.6458676300412687,-0.4614428548460275
1785123463.5868564,-1.6467796121860654,-0.45981109366195555
1785123463.591782,-1.6477347369284607,-0.4580921765157655
1785123463.6005042,-1.6486568078744794,-0.45642155364168335
1785123463.604983,-1.6495955539830918,-0.454708319926743
1785123463.6073012,-1.6505099085458428,-0.45303028496411063
1785123463.6133168,-1.6514235029472843,-0.4513414996348933
1785123463.61675,-1.652341613066521,-0.44963379653974067
1785123463.6214066,-1.6532430051268427,-0.44795112492860495
1785123463.6280906,-1.6541458606863733,-0.4462586033100256
1785123463.6317492,-1.6550186985120687,-0.4446165119062609
1785123463.6361184,-1.655890750739168,-0.4429680998388864
1785123463.6426342,-1.6567341999986043,-0.4413690031961277
1785123463.647904,-1.6576210398420725,-0.439683576208636
1785123463.6517851,-1.6584694940795357,-0.43806967156651894
1785123463.65862,-1.6593475159862658,-0.4363960853056312
1785123463.662997,-1.6602586364037972,-0.43465915005142325
1785123463.6669574,-1.6611312871161317,-0.4329957883436036
1785123463.672805,-1.6620193241853651,-0.4313016449348527
1785123463.6767583,-1.662908811112979,-0.4296029069765553
1785123463.6821494,-1.6638047511554905,-0.42789343170678423
1785123463.6891,-1.6647151019426918,-0.4261560501154769
1785123463.6920583,-1.665602498023384,-0.4244606726161033
1785123463.7023046,-1.666508347374999,-0.4227289871728264
1785123463.7077317,-1.6674114601618713,-0.4210023243886676
1785123463.7124622,-1.6683255958835892,-0.4192510620515347
1785123463.7183921,-1.6692255465809955,-0.4175225683270333
1785123463.7238016,-1.6701346259844045,-0.41577404932923756
1785123463.72713,-1.6710664737531011,-0.41398176571497214
1785123463.7314224,-1.6719703012201435,-0.4122371085959821
1785123463.7370882,-1.672865780271648,-0.4105022208005451
1785123463.74235,-1.673791039149061,-0.40870160275450934
1785123463.747119,-1.6747103774852912,-0.40690696796004444
1785123463.7518651,-1.6755439641515049,-0.4052697094119114
1785123463.757953,-1.676370276314651,-0.403634598513587
1785123463.7626147,-1.6772197113927356,-0.40194332421816314
1785123463.7674499,-1.678030447504912,-0.4003199092975089
1785123463.7721488,-1.6788283184320067,-0.3987087849885839
1785123463.7770507,-1.6796368726029196,-0.3970633771469229
1785123463.7826002,-1.6804666625576457,-0.3953629439773452
1785123463.7868216,-1.6812833839161585,-0.3936757526534041
1785123463.7923534,-1.682045394638877,-0.3920858159897993
1785123463.7961001,-1.6828658526640785,-0.39036043961650574
1785123463.8024724,-1.6836914924507547,-0.3886080506836627
1785123463.8084083,-1.6845535064421306,-0.38675747161783786
1785123463.812071,-1.685407485365585,-0.38490471878146376
1785123463.8178854,-1.6862507630281973,-0.38305572850693004
1785123463.8224456,-1.6870911118416891,-0.38118980930857815
1785123463.8280864,-1.6879447279149,-0.379271413979596
1785123463.8320227,-1.688775779011282,-0.3773808847985907
1785123463.8392813,-1.6895830490469088,-0.3755230890480228
1785123463.8420389,-1.6903748200467594,-0.37368201018843317
1785123463.8490176,-1.6911425160223035,-0.37187809990224
1785123463.8579931,-1.6918945715602491,-0.37009393214525316
1785123463.8588634,-1.6926831921524805,-0.3682027633437249
1785123463.868706,-1.693472041033744,-0.3662936546461479
1785123463.877094,-1.6942235108048367,-0.3644614540645586
1785123463.881152,-1.6950204047974804,-0.36250621541496536
1785123463.8869135,-1.6957883127602773,-0.3606084387828229
1785123463.8911753,-1.696548154821211,-0.35871603833735854
1785123463.8942118,-1.6973106760351069,-0.3568034202539306
1785123463.898896,-1.6980797691021845,-0.3548614780331357
1785123463.9067934,-1.698863877590159,-0.3528749065188934
1785123463.9145045,-1.6996185958188856,-0.3509558794759094
1785123463.9245276,-1.7003651216882234,-0.34905084187901375
1785123463.92741,-1.7010860937329695,-0.3472080039103577
1785123463.933475,-1.7018302394193983,-0.3452996929758695
1785123463.9420974,-1.7025781552136434,-0.34337929353141067
1785123463.952968,-1.7033109212604145,-0.34149584277635414
1785123463.9539237,-1.704055830610834,-0.3395813721274381
1785123463.9687047,-1.7048292651898824,-0.3375977046011201
1785123463.9705834,-1.705580075189329,-0.3356765166848619
1785123463.972161,-1.7063331015136338,-0.33376070902607924
1785123463.9738183,-1.7071077160522277,-0.3317972643360035
1785123463.978502,-1.7078756009043852,-0.3298568642548387
1785123463.991664,-1.7086308183945986,-0.32795589183256385
1785123463.9924994,-1.7094179217849756,-0.32598506178548164
1785123463.9939969,-1.710223497255587,-0.32398053023554424
1785123464.0008085,-1.7109990237687378,-0.322061702435406
1785123464.007216,-1.7117275079046872,-0.32027349208776346
1785123464.0105178,-1.7124452518513265,-0.31852299712798104
1785123464.0125742,-1.7131971971134399,-0.31669423868266344
1785123464.0195346,-1.713916070344362,-0.31495801674190604
1785123464.032846,-1.7146351074012978,-0.3132328037248597
1785123464.0398173,-1.7153437174544477,-0.31154109592006984
1785123464.0426826,-1.716088669279676,-0.30977313057194805
1785123464.051161,-1.716818338699772,-0.30805038944227825
1785123464.0536642,-1.7175661181334392,-0.306296108868484
1785123464.0552866,-1.7183384325962043,-0.3044988166741009
1785123464.0663836,-1.7191213187094172,-0.3026898761031382
1785123464.0697045,-1.719859511160231,-0.3009915216223726
1785123464.0727856,-1.720610816812023,-0.29927386011464774
1785123464.0742376,-1.721371411712492,-0.2975434518724002
1785123464.077454,-1.7221441142624787,-0.29579669880217097
1785123464.0830395,-1.722916413945145,-0.2940601380305724
1785123464.0885007,-1.723692358560401,-0.2923252790196363
1785123464.091524,-1.7244281598889304,-0.2906887578476433
1785123464.0982788,-1.7252113818783021,-0.28895610930968596
1785123464.1033666,-1.7260120586079921,-0.2871918609646706
1785123464.1079874,-1.7268215140945176,-0.2854143939845817
1785123464.111358,-1.7276651165481942,-0.2835714142177592
1785123464.1186626,-1.7285077356097251,-0.2817370785494935
1785123464.1246998,-1.729343833518737,-0.27992143505612527
1785123464.134923,-1.73013333566949,-0.2782073798155641
1785123464.13919,-1.7309995175804014,-0.27633009281574383
1785123464.142077,-1.7318432089173494,-0.274507325334423
1785123464.1498547,-1.7327042276728766,-0.2726493380891736
1785123464.1542044,-1.7335665489051202,-0.27079194928549166
1785123464.157942,-1.7344459334222366,-0.268907582588485
1785123464.1618218,-1.7353083105159541,-0.26706284859790674
1785123464.1693592,-1.7361943496777317,-0.2651708523737697
1785123464.177264,-1.73707354996574,-0.26329732677404905
1785123464.18299,-1.7379146563831565,-0.2615055124069822
1785123464.185613,-1.7387528444821192,-0.2597252262458113
1785123464.1868865,-1.7396032215321502,-0.25791968250157804
1785123464.1924822,-1.74043310505934,-0.2561586599323002
1785123464.2020094,-1.7413138067020622,-0.2542955882633031
1785123464.2056556,-1.7421934804891968,-0.2524334283294702
1785123464.2076855,-1.742992117747426,-0.25074010684895953
1785123464.2110977,-1.7438447302152638,-0.24892981809641004
1785123464.2188804,-1.7446945743542461,-0.2471251467344437
1785123464.2253995,-1.7455220356132066,-0.2453665766845762
1785123464.2275326,-1.7463546555692357,-0.24359377007952582
1785123464.238456,-1.747215300297404,-0.24175827943960226
1785123464.2448335,-1.7480859881516875,-0.23989706700841829
1785123464.2492588,-1.7488933832825304,-0.23816606036561025
1785123464.2608085,-1.749750231793718,-0.23632421180937352
1785123464.262199,-1.7506029030852153,-0.23448734011369748
1785123464.2631269,-1.7514660619178362,-0.23262065266781595
1785123464.2699263,-1.7522796898424848,-0.23085366038544472
1785123464.2784193,-1.7530741050379302,-0.22912282198858225
1785123464.2813525,-1.753903780540951,-0.22730350353327786
1785123464.284027,-1.7547129457714141,-0.22552069799604932
1785123464.2869349,-1.7555138101582919,-0.22374471758174597
1785123464.293467,-1.7563279535564664,-0.22193278415191436
1785123464.2983248,-1.7571262576069968,-0.22014940700474453
1785123464.3024487,-1.7578844922989174,-0.21844904883668714
1785123464.309337,-1.7586652717044107,-0.21668901246948655
1785123464.3118477,-1.7594334841718864,-0.2149472436628624
1785123464.3192446,-1.7601704138521228,-0.21326252783097036
1785123464.3229313,-1.76087252814758,-0.21164538119871687
1785123464.326995,-1.7615426783885426,-0.21009024093421652
1785123464.3407254,-1.762258951007678,-0.20841543146984737
1785123464.352258,-1.762988122899645,-0.20669753020060425
1785123464.3613882,-1.7636634565745812,-0.20509639752073314
1785123464.3631966,-1.7643777412463393,-0.20339204424857096
1785123464.3652081,-1.7650845249534295,-0.20169281130826658
1785123464.3804123,-1.7657819198521574,-0.20000027618622707
1785123464.470316,-1.7664741066856011,-0.19830750290146987
1785123464.4727898,-1.7671486555780622,-0.19664491414786825
1785123464.4743848,-1.767823690045771,-0.19496442629107055
1785123464.4796805,-1.7685196068408624,-0.19321619289592176
1785123464.4902625,-1.769180771055612,-0.19154368573513453
1785123464.4928331,-1.7698511867865259,-0.18983470838406502
1785123464.4945366,-1.770529875254749,-0.18808878740514065
1785123464.5009894,-1.771199957083484,-0.18634975714816057
1785123464.505375,-1.7718367925182743,-0.1846833552540877
1785123464.5081499,-1.7724673151470194,-0.183021788666698
1785123464.5098522,-1.773096024859393,-0.1813526661283321
1785123464.5134163,-1.773746084046979,-0.17961299855956844
1785123464.516288,-1.7743935806082307,-0.17786914101636905
1785123464.5178082,-1.775033524435229,-0.17613554313158009
1785123464.5185852,-1.7756789214034308,-0.17437607130090382
1785123464.5333652,-1.7763490047219679,-0.17254008189364942
1785123464.5498924,-1.7770338643106254,-0.17065018265471651
1785123464.5514317,-1.7777181182385897,-0.16875188581491363
1785123464.5528395,-1.7784092753607303,-0.16683175669719988
1785123464.5540965,-1.7790685662418821,-0.16499270384276019
1785123464.5554907,-1.7797470902727115,-0.16308628375997694
1785123464.5564919,-1.780429048963951,-0.16116446680893254
1785123464.5620947,-1.7810631575106854,-0.15937408500547207
1785123464.5650647,-1.7817135250312872,-0.15753099331362888
1785123464.5678766,-1.7823711415028152,-0.15566231653090323
1785123464.5749311,-1.7830527610240043,-0.15371785969812668
1785123464.5773149,-1.7837382873266578,-0.15176125115920075
1785123464.581434,-1.7844045067325327,-0.14985429044178195
1785123464.587647,-1.785052944488402,-0.1479964561781885
1785123464.5942104,-1.7857056233828756,-0.14612134453461267
1785123464.598854,-1.7863743661541753,-0.14419767884545698
1785123464.602654,-1.7870249296991465,-0.14232138464468774
1785123464.608772,-1.7876508408733365,-0.14051488281581154
1785123464.6135933,-1.7883035035703603,-0.13863336771512808
1785123464.6180964,-1.7889647670009727,-0.13672684960792233
1785123464.631347,-1.7896109943924952,-0.1348678172763716
1785123464.633065,-1.7902652109288497,-0.13299376459747206
1785123464.636779,-1.7909204431383856,-0.1311211898858169
1785123464.6429899,-1.791580333488552,-0.12924403679109533
1785123464.6471214,-1.7922365355003615,-0.12738035173134163
1785123464.6534083,-1.7929309338236081,-0.12541430218328842
1785123464.6607606,-1.7936160835201638,-0.12347875541706088
1785123464.6650748,-1.7942779469053423,-0.12161042594686929
1785123464.6684022,-1.7949633076373797,-0.11967866587017367
1785123464.6723373,-1.7956194776372836,-0.11783445658170699
1785123464.683718,-1.796274940719168,-0.11599959814736288
1785123464.6857774,-1.7969415215928701,-0.11414032480333164
1785123464.6891093,-1.7976180464676337,-0.1122605598420035
1785123464.6954718,-1.7982993209555944,-0.11037446866495325
1785123464.6979678,-1.7990019982555836,-0.10843689061125503
1785123464.7034981,-1.7996727816373201,-0.10660162537806088
1785123464.7074378,-1.8003729021181527,-0.10469343610972269
1785123464.7125187,-1.8010948692903441,-0.10273570783351565
1785123464.7170846,-1.8017924879149718,-0.10085055938486055
1785123464.7226272,-1.8024912346067083,-0.09897693278466727
1785123464.7329996,-1.8031862673217571,-0.09711740847051703
1785123464.744526,-1.8039055771862005,-0.09520085177328788
1785123464.7488356,-1.8046533295051292,-0.09321731142987727
1785123464.7546408,-1.8053547934717042,-0.09135888187039705
1785123464.7596252,-1.80610692295372,-0.08937634289384877
1785123464.7639186,-1.8068358865646348,-0.08746466429857275
1785123464.7694516,-1.807548963665477,-0.085603621597892
1785123464.7777297,-1.8082727796205793,-0.08372015942514686
1785123464.7796657,-1.8089903796620597,-0.0818622124572681
1785123464.7838974,-1.8097508106934472,-0.07990213145488738
1785123464.7870255,-1.8104548035429042,-0.07809313903932673
1785123464.7958503,-1.8111853200930341,-0.07622574515352634
1785123464.7974932,-1.8119364874609625,-0.07431747687699643
1785123464.8015797,-1.8126392735983425,-0.07254357237789218
1785123464.8095577,-1.8133740443498316,-0.07070041332256613
1785123464.8137074,-1.8140762803951078,-0.0689480159114678
1785123464.8172364,-1.8147987700475317,-0.0671548581268818
1785123464.8222208,-1.8155270864957582,-0.06535524173780544
1785123464.830726,-1.816230481949772,-0.06362825390921294
1785123464.8397775,-1.8169390682395188,-0.06190167431696919
1785123464.8588235,-1.8176566355761925,-0.06016678739584121
1785123464.869189,-1.8183454598234587,-0.05851100191993314
1785123464.8754048,-1.8190147315905933,-0.056910466220332113
1785123464.8786418,-1.8196571252863496,-0.055381735342251215
1785123464.8850133,-1.8202865491180955,-0.053892154781852344
1785123464.8968887,-1.820935768635291,-0.05236309596601089
1785123464.8984559,-1.8215990322722229,-0.05081043437382052
1785123464.8993664,-1.8222606070580192,-0.049270424663941936
1785123464.9060392,-1.822941803720191,-0.047693774144222205
1785123464.9110303,-1.8236296097963343,-0.046109457125169326
1785123464.9162688,-1.824305716340988,-0.04456261861524554
1785123464.9181554,-1.8249558342837815,-0.04308346458447379
1785123464.9324746,-1.8256424664842337,-0.041528168498408
1785123464.9359303,-1.8263289466961259,-0.03998275699034411
1785123464.941193,-1.8270109947395838,-0.03845441823393826
1785123464.9543104,-1.8277027523882061,-0.03691409705807583
1785123464.9563138,-1.8283900047203854,-0.035392593111663914
1785123464.9627662,-1.8290938775119714,-0.03384241007755425
1785123464.9686456,-1.8298026172215873,-0.03228778921509117
1785123464.9739914,-1.8305250663456853,-0.0307049618030698
1785123464.9882357,-1.8311889780820163,-0.029252597081390885
1785123464.9909487,-1.8319067616512226,-0.027684495534674645
1785123464.9981563,-1.8325954366136474,-0.02618411723505866
1785123465.0000796,-1.8332884368570224,-0.02467550775142839
1785123465.0041986,-1.8339810631356135,-0.023169704713080316
1785123465.0103052,-1.834645427509473,-0.021723090869423808
1785123465.0127137,-1.8353399266135282,-0.020208910102471677
1785123465.0211115,-1.8360262735430966,-0.01871222045876112
1785123465.0312333,-1.8366962544349317,-0.017250581126854944
1785123465.0381684,-1.8374009952752397,-0.015712138272927226
1785123465.046732,-1.838090942648718,-0.014207555476683821
1785123465.0489953,-1.8387706591013178,-0.01272706626085604
1785123465.0512197,-1.8394556740895327,-0.011233100737962897
1785123465.059923,-1.8401732385046958,-0.009668962369520005
1785123465.0698247,-1.8408801953529632,-0.008129615381991473
1785123465.0725882,-1.8415665689205896,-0.006635688395658697
1785123465.0739653,-1.8422635313757036,-0.005122184866277338
1785123465.0852652,-1.842957597884074,-0.003614123541372392
1785123465.087762,-1.8436597418220895,-0.0020888987852350537
1785123465.0924618,-1.8443777703120583,-0.0005265204528220975
1785123465.1014173,-1.845054086105304,0.0009458727654995235
1785123465.1040466,-1.8457706342546416,0.002504431015590694
1785123465.1076853,-1.8464781368957726,0.004045760582283023
1785123465.1162617,-1.8471468724793518,0.005503971371710453
1785123465.118086,-1.8478585300092059,0.0070560569998021246
1785123465.1246836,-1.8485377182249463,0.008538679836770258
1785123465.1268666,-1.8492267186996265,0.010042508294274768
1785123465.1333144,-1.8498915692192597,0.0114921521550818
1785123465.141299,-1.850572913394197,0.012980940758771665
1785123465.1493075,-1.8512683340861644,0.01449867645291745
1785123465.151329,-1.851964758357557,0.016017866034867358
1785123465.1530662,-1.8526393273332111,0.017491303185881803
1785123465.1578739,-1.8533157090688066,0.018963932634653326
1785123465.1624246,-1.854001949931612,0.02045929834070261
1785123465.1671636,-1.8546687031045261,0.021906912596709998
1785123465.173429,-1.855352801654435,0.02339011635226618
1785123465.1770709,-1.8560349012051405,0.024865858193809823
1785123465.182602,-1.8567285158361158,0.026363324510659192
1785123465.1879327,-1.8574281568612248,0.02786928536422952
1785123465.1929398,-1.85814286046606,0.029403355896275764
1785123465.1999695,-1.858819006206563,0.030849728777698045
1785123465.2033687,-1.8595235063474327,0.032350044704993204
1785123465.2064815,-1.860214008401406,0.03381593494443773
1785123465.2128901,-1.860909963737343,0.0352825598270352
1785123465.217536,-1.861616814432515,0.036768195006735185
1785123465.2213552,-1.862313210785606,0.03822884066861906
1785123465.2279797,-1.8630233197991233,0.03971561240286866
1785123465.231592,-1.863730411205811,0.041189272641275594
1785123465.236561,-1.8644333235501227,0.04264858448012654
1785123465.242459,-1.8651359401825818,0.04409862052401003
1785123465.247236,-1.865880623725935,0.045626778060991434
1785123465.2510562,-1.8666672769864077,0.047228332694866614
1785123465.258079,-1.867451248711008,0.0488163633070177
1785123465.2620935,-1.868264673535243,0.050459372324787366
1785123465.267317,-1.8690686463085657,0.05207717280434079
1785123465.2734578,-1.8698648047220154,0.05366902925764439
1785123465.277208,-1.8706822415450859,0.055293075760792613
1785123465.2817967,-1.8714791829097108,0.056868868899192425
1785123465.2879484,-1.8723306325126645,0.0585429896088935
1785123465.2925847,-1.8731333919463393,0.060113563366330246
1785123465.3003902,-1.8739806867211812,0.06176536987872692
1785123465.3031552,-1.8748017651198798,0.06335775768388588
1785123465.3084497,-1.8756211321585101,0.0649381577825143
1785123465.3114831,-1.8764575185719465,0.06654297163783918
1785123465.316784,-1.877334069259512,0.0682150572562324
1785123465.3219235,-1.8781932464381321,0.06985024181698922
1785123465.3268352,-1.879036244235973,0.07144860130805158
1785123465.3352468,-1.879889122983596,0.07306046115191177
1785123465.3394616,-1.880748647251737,0.07467638963562444
1785123465.3469727,-1.8816035020728104,0.07627148223170943
1785123465.3488839,-1.8824802984575977,0.07789894336982714
1785123465.3520212,-1.883383624038646,0.07956778376788672
1785123465.3581893,-1.8842829598800672,0.08122402687753877
1785123465.3614018,-1.8851535038238179,0.08281863321921193
1785123465.3677387,-1.8860222216390454,0.08440223682813552
1785123465.3720264,-1.8869017828389818,0.08599981876672928
1785123465.3767073,-1.8878071108885313,0.08763339327032535
1785123465.382487,-1.8887141927409048,0.08926211768712404
1785123465.3867044,-1.8895817226816867,0.09081365813737112
1785123465.3924682,-1.8904681844518338,0.09239285467580695
1785123465.4001567,-1.8913444799890131,0.09394699202354309
1785123465.4059744,-1.8922048214810778,0.0954678530425739
1785123465.4076877,-1.8931071778350415,0.097057614462083
1785123465.4149492,-1.8940025597423478,0.09862626910912975
1785123465.4201252,-1.8949440070097787,0.10026801488741074
1785123465.42466,-1.8958735045264126,0.10188097259569733
1785123465.4285934,-1.896742970432759,0.10338202703335275
1785123465.4317195,-1.897650806733994,0.10494354670069797
1785123465.4372373,-1.8985439153671337,0.10647061915105215
1785123465.4425917,-1.899459516764284,0.10802891232080884
1785123465.4477813,-1.9003668299144467,0.1095678310824253
1785123465.4512954,-1.9013205389781347,0.1111799957397271
1785123465.457235,-1.9022156735809919,0.11268432596847545
1785123465.4610622,-1.9031544085421,0.11425752486603756
1785123465.4664521,-1.9041099526946232,0.11585059336088661
1785123465.4714146,-1.905065607797791,0.11743613669245159
1785123465.4773118,-1.905991430439163,0.11896487244892907
1785123465.4826727,-1.906907597442502,0.1204706089815491
1785123465.4883401,-1.9078580649312482,0.12202633896486438
1785123465.4917367,-1.9087983503141734,0.12356330125174143
1785123465.4979856,-1.909710037484697,0.1250479448553173
1785123465.5011675,-1.9106461955762841,0.12656660510532156
1785123465.507868,-1.9115152373543078,0.12797194011967802
1785123465.5122561,-1.9124242014456128,0.12943607261157017
1785123465.5171642,-1.9132951444521735,0.13083330428120143
1785123465.5221925,-1.914177806146699,0.1322428301296638
1785123465.5270026,-1.915060707490566,0.133649310235189
1785123465.5330462,-1.915944277882952,0.13505056958003137
1785123465.5363472,-1.9168152409973087,0.13642896764718251
1785123465.543959,-1.9177080368400385,0.13783500536130044
1785123465.5469267,-1.9186670788028626,0.13934069075714522
1785123465.552358,-1.9196398471020473,0.14086179077775
1785123465.5618029,-1.920663117690414,0.14245353167098118
1785123465.5637124,-1.9216630671117376,0.14400519672130538
1785123465.5681422,-1.922666155583731,0.14555847203302913
1785123465.5716567,-1.9237004793359729,0.14715335650283842
1785123465.576739,-1.9247187483305224,0.14871660852814947
1785123465.5816057,-1.9257051336413884,0.15022484472729686
1785123465.5864084,-1.9267076754157588,0.15174940045393664
1785123465.592821,-1.9277574586231003,0.15333716056639674
1785123465.6021338,-1.928815615875593,0.15493288767243657
1785123465.6073997,-1.9298917465366237,0.1565515010718325
1785123465.6146228,-1.9309929111906576,0.15820547483908626
1785123465.6173737,-1.9320836117360665,0.15983980644203674
1785123465.6238263,-1.9331836609404318,0.1614848427541124
1785123465.63682,-1.9343130452822435,0.16316962814571068
1785123465.638701,-1.9354035328909927,0.16479164971475446
1785123465.6399562,-1.9365097349133478,0.16643158895197996
1785123465.6444483,-1.9376270999434504,0.16808669589847341
1785123465.6492069,-1.9387588512912566,0.1697575849645583
1785123465.65205,-1.9398759440764723,0.171403860097028
1785123465.659906,-1.94099199622044,0.17303940607482302
1785123465.6629333,-1.9421169928099813,0.17468266299431004
1785123465.6770544,-1.943218101488947,0.17628663039273718
1785123465.6787891,-1.944348030303134,0.17792663456210775
1785123465.679793,-1.9454726507864424,0.17955187161480143
1785123465.6818311,-1.9465974047691097,0.18117312063600807
1785123465.6878448,-1.9477343453668154,0.1828054307423061
1785123465.6955402,-1.9489152835951096,0.1844923524012872
1785123465.6982868,-1.9501150531375337,0.18620063033880035
1785123465.7816443,-1.9570722146261532,0.1959774316311802
1785123465.783191,-1.9582348245989323,0.19759395581146583
1785123465.7850306,-1.9593769417728748,0.19917520927995977
1785123465.7865777,-1.9605291574712358,0.20076605090073316
1785123465.7880092,-1.961679502256539,0.20235065880998432
1785123465.7894905,-1.9628627112932564,0.2039752774595106
1785123465.7908938,-1.9639643645054905,0.2054821836988523
1785123465.7925391,-1.9650922461935107,0.20702082309996211
1785123465.7953289,-1.9661776379211808,0.20849975862034487
1785123465.7994196,-1.9672647269088903,0.2099762827158259
1785123465.8033385,-1.968337494995644,0.2114301260691576
1785123465.80549,-1.9694271296595027,0.21290121648947186
1785123465.8071225,-1.9705218207527853,0.21437702662346017
1785123465.808723,-1.9716596527806762,0.21590674987751346
1785123465.8102186,-1.972791494684613,0.21742470191262817
1785123465.8177307,-1.9740004998729042,0.21903917434733308
1785123465.8258357,-1.9752063026575455,0.22063935712054913
1785123465.835412,-1.976407277773618,0.2222294693744505
1785123465.8454595,-1.9776175392362765,0.2238282282343054
1785123465.8491151,-1.9788348308011743,0.22543047061522373
1785123465.8517506,-1.9800185812519135,0.22698209055829244
1785123465.8657382,-1.9812306837799467,0.22856411556418024
1785123465.8679595,-1.9824089386166477,0.23009585178296535
1785123465.8853965,-1.9836201953370158,0.23166516181040217
1785123465.8864179,-1.9848876625944725,0.23329953605315049
1785123465.8876765,-1.9861170295725932,0.23487832306874026
1785123465.8898692,-1.9873386270658293,0.2364422784488364
1785123465.8920562,-1.9885712078290174,0.23801591209714745
1785123465.8990638,-1.9898063782536282,0.23958739310325755
1785123465.9029932,-1.9910538872310102,0.24117104190153843
1785123465.907344,-1.9923341248516657,0.24278951215160802
1785123465.9119005,-1.9935774599071476,0.24435879936560745
1785123465.9196346,-1.9948544777103001,0.24596516518318054
1785123465.9277449,-1.9960877692790344,0.2475126386107767
1785123465.9318347,-1.99731649694776,0.24904942000453012
1785123465.9371557,-1.9985892887002543,0.25063693323758773
1785123465.9450734,-1.9998445469971007,0.25219820552682487
1785123465.9491346,-2.0011024060439184,0.25375543195577943
1785123465.9517267,-2.002408674985119,0.2553669348491409
1785123465.9597216,-2.003637874708313,0.25687882439116316
1785123465.9691553,-2.004878392684898,0.25840275225606785
1785123465.9707522,-2.0061634905033032,0.2599750950635514
1785123465.9721642,-2.007372811664417,0.2614497771324608
1785123465.9867742,-2.0086067907984084,0.2629492474180955
1785123465.9886284,-2.009900306575406,0.2645166148231725
1785123465.9902298,-2.0111744132271383,0.26605781410352025
1785123465.9925807,-2.012399406314697,0.2675347415366734
1785123465.9971945,-2.0136503668339314,0.2690382045266715
1785123466.0067387,-2.0149280911934575,0.2705674044624847
1785123466.013641,-2.0161865813578377,0.27206704389627706
1785123466.0191464,-2.017482091561136,0.27360571669965233
1785123466.0255275,-2.0187460284638403,0.275101486482811
1785123466.0291822,-2.020036481856938,0.27662239548291834
1785123466.0346038,-2.0213026281519926,0.2781075923929051
1785123466.0368903,-2.022557453791025,0.2795728418348226
1785123466.0491538,-2.0238635158618905,0.2810946152472766
1785123466.0520322,-2.0250773433601683,0.2825019330360597
1785123466.058893,-2.026324775136616,0.2839409787599735
1785123466.0635507,-2.0275677019021914,0.285372809284927
1785123466.0668328,-2.0287235502515064,0.2866990843168184
1785123466.073095,-2.029939701619013,0.2880876640555781
1785123466.0765991,-2.031137830454187,0.2894505681100878
1785123466.081928,-2.032363686226093,0.2908397593854261
1785123466.0868711,-2.0335731925470095,0.2922057467787342
1785123466.0947123,-2.034825613342104,0.2936147912339163
1785123466.0971556,-2.0360115930901155,0.2949444165016361
1785123466.1017427,-2.0372149477064254,0.2962890485621602
1785123466.1070547,-2.038460501337743,0.29767334832112324
1785123466.1139128,-2.0396667475869257,0.2990101851897555
1785123466.1183834,-2.0408621944249514,0.30033022815534477
1785123466.1254056,-2.0420926150731344,0.30167994578994595
1785123466.1289818,-2.043266728681615,0.30296602419111035
1785123466.1353168,-2.0445529009775862,0.30436896446621914
1785123466.1528573,-2.0458328741298653,0.3057617811038259
1785123466.1578104,-2.047066253686132,0.30709898859467694
1785123466.1591716,-2.0483122669243916,0.30844578640817477
1785123466.167325,-2.049554738902149,0.30978521595915615
1785123466.1690085,-2.050765249134902,0.31108477018908465
1785123466.1703734,-2.0520402886457334,0.31244978122967
1785123466.1735752,-2.053293054002895,0.313786421719923
1785123466.17709,-2.0545149385942993,0.31508442978546297
1785123466.181802,-2.055763131246243,0.31640597388968866
1785123466.1863906,-2.0569864555318307,0.31769695275372106
1785123466.1924243,-2.058255992286203,0.319032873325274
1785123466.196131,-2.0596263715527,0.32047213955607107
1785123466.201757,-2.0609829195605016,0.321892912751757
1785123466.207866,-2.0623323689442885,0.3233022479365073
1785123466.2113867,-2.0637169292296313,0.32474230168959084
1785123466.216978,-2.065065642883672,0.326139949802124
1785123466.2214103,-2.0664541084322705,0.32757437000743567
1785123466.2276068,-2.0678457479278665,0.3290082763025799
1785123466.231593,-2.0692191130046167,0.3304210591153257
1785123466.236996,-2.070569305808963,0.33180368883994654
1785123466.2418537,-2.072011842272153,0.3332784577520984
1785123466.2457907,-2.0734193278611635,0.33471184916635893
1785123466.2531397,-2.074912340542329,0.3362291635325843
1785123466.2566535,-2.0762918799532484,0.33762651356124734
1785123466.2610877,-2.0777309173100895,0.33907882656605964
1785123466.266762,-2.079137825835052,0.34049593776365206
1785123466.2725034,-2.0805567495874095,0.34192053376188447
1785123466.2761126,-2.0820111809237773,0.3433750153837553
1785123466.2815955,-2.0834042514762503,0.34476520276615985
1785123466.2860487,-2.0848453344277744,0.3461966808154585
1785123466.2926037,-2.0862792374301873,0.34761651113379605
1785123466.2958372,-2.087673891610022,0.34899342053026233
1785123466.3026097,-2.089086539831618,0.35038348810024594
1785123466.3069365,-2.0904637632132186,0.35173243195502146
1785123466.3115711,-2.0918362564448203,0.3530732038891809
1785123466.3169262,-2.0932725762403606,0.354471155671919
1785123466.3215897,-2.0947241034032236,0.3558827216261264
1785123466.3269477,-2.0961538777179642,0.357269720642482
1785123466.33227,-2.097618310418008,0.35868628525513935
1785123466.3364024,-2.099077262527976,0.3600925683543049
1785123466.3418105,-2.100516251991783,0.36147307783204996
1785123466.346897,-2.1018941768346897,0.36279132016362564
1785123466.3537724,-2.1032502442615226,0.36408470085402483
1785123466.3567767,-2.1045857429354133,0.36535263011014474
1785123466.3613844,-2.1059276749422033,0.3666228022619195
1785123466.3668742,-2.1073254787280984,0.3679409825837449
1785123466.3716016,-2.1086076873150645,0.3691490102457437
1785123466.3773518,-2.1098956612899946,0.3703579298762027
1785123466.3812077,-2.1112660252951665,0.37164002285930614
1785123466.3865025,-2.112580798631438,0.37286674365264333
1785123466.3917382,-2.113908533268949,0.374101389247012
1785123466.3967755,-2.1152303766624656,0.3753284205771727
1785123466.4023762,-2.116587497940146,0.37658583715173166
1785123466.4076176,-2.1179518713203063,0.3778461475023008
1785123466.4111578,-2.119319255433432,0.37910405438367606
1785123466.4172308,-2.1206453952060347,0.3803173338186354
1785123466.4216874,-2.121913868622916,0.3814753797791552
1785123466.4271176,-2.1232561759238036,0.38269659536075734
1785123466.432344,-2.124621563814974,0.383934016876707
1785123466.4363832,-2.1260073454613067,0.38518472644600793
1785123466.4429545,-2.127352318611558,0.38639472370381023
1785123466.4465141,-2.1287194602398665,0.38762058663176807
1785123466.4539642,-2.130112892456501,0.388866673443048
1785123466.4569142,-2.1314365565887647,0.39004477221702744
1785123466.4621103,-2.1327665617148495,0.3912236964446867
1785123466.4670103,-2.1340848280190263,0.3923880678651151
1785123466.47134,-2.1354601400476354,0.39359870279078507
1785123466.4762523,-2.1369017186821315,0.394865601864092
1785123466.4813244,-2.1382636047566383,0.39605861463158604
1785123466.4858081,-2.1395857893074535,0.3972126086935049
1785123466.4919465,-2.1409388455728515,0.39838761258201394
1785123466.4956753,-2.1423566276681374,0.39961326703733
1785123466.5017185,-2.1438031153047308,0.4008589596128429
1785123466.506995,-2.1453161696929484,0.402155365700431
1785123466.5113845,-2.1468382341546888,0.4034556221506829
1785123466.516682,-2.148333733787942,0.4047309467574322
1785123466.521167,-2.1498738082766913,0.4060420871853626
1785123466.5263436,-2.1513626515297974,0.4073039968181665
1785123466.531198,-2.1528583981491805,0.40856765347813334
1785123466.5368173,-2.1543969644884795,0.409865177658694
1785123466.5426311,-2.1559132336998115,0.4111397442177763
1785123466.5465267,-2.157380225016939,0.412369660558683
1785123466.5543292,-2.158922876191133,0.41365766394386744
1785123466.5561657,-2.1604708738493095,0.41494591288953053
1785123466.5611353,-2.162054942084744,0.416261480634853
1785123466.5657103,-2.1636050959115245,0.41754591319728296
1785123466.5720918,-2.165149536679291,0.41882073462592895
1785123466.576251,-2.1666829751765784,0.42008302003665965
1785123466.5813553,-2.168248367188981,0.42136938822302833
1785123466.5860896,-2.1697828972188686,0.4226274245497725
1785123466.5922163,-2.1713732771737835,0.4239303098460439
1785123466.5958965,-2.172940963686289,0.42521309027423976
1785123466.6018074,-2.174495641305953,0.4264822555347621
1785123466.6068754,-2.1760388339816386,0.42773770172898634
1785123466.6113853,-2.1776009205099824,0.42900652481180446
1785123466.6163647,-2.179105601876748,0.43022666979036395
1785123466.62105,-2.18073877231964,0.4315471000923941
1785123466.626623,-2.182328202627178,0.43282857243022044
1785123466.6307595,-2.1838412059943786,0.4340466964468037
1785123466.6366866,-2.185342858626338,0.43525272784586533
1785123466.6422603,-2.1869328787772018,0.43652649892147577
1785123466.6456923,-2.1884622028982044,0.4377475525401142
1785123466.6525817,-2.1900075966996146,0.43897975808973816
1785123466.6567132,-2.1915103207610915,0.4401759292999683
1785123466.6615047,-2.1930484296461197,0.4413980911535733
1785123466.6670046,-2.1945951221398756,0.4426250104889193
1785123466.6710603,-2.196176679959747,0.4438761565378378
1785123466.6758637,-2.197734497753239,0.44510696842816166
1785123466.6814842,-2.199278253658003,0.4463222095215497
1785123466.6875334,-2.200848865232688,0.447555686943252
1785123466.6924841,-2.202426102072866,0.44879229391776954
1785123466.6965046,-2.2039291283737925,0.4499677438392843
1785123466.7017355,-2.2053578182812306,0.45108419440780223
1785123466.70707,-2.206826363953239,0.4522295944562396
1785123466.7113597,-2.208308126953368,0.45338216667301884
1785123466.716793,-2.2097347240076153,0.45448834505458935
1785123466.7218618,-2.2111399579522395,0.45557663577279256
1785123466.7263148,-2.212611506347406,0.45671236335230136
1785123466.7308457,-2.21404210186343,0.4578134682023885
1785123466.7385304,-2.2154734229577606,0.45891214410512987
1785123466.7418787,-2.216932064372964,0.46002793179273127
1785123466.7477562,-2.2183911690770586,0.4611427988014701
1785123466.756138,-2.2198217370016344,0.46223106595568225
1785123466.7590172,-2.221261139897123,0.4633233511333095
1785123466.7619607,-2.222704509368789,0.464416285080094
1785123466.766522,-2.2241504927110447,0.4655089538661054
1785123466.771865,-2.2255988479473316,0.46660026906598845
1785123466.776534,-2.227034034378759,0.46768073015525097
1785123466.781364,-2.2285036888466694,0.468784287506694
1785123466.7859879,-2.229950201479656,0.46986583142174587
1785123466.791564,-2.231406821772354,0.4709513336386951
1785123466.7968833,-2.232933497447084,0.47208640367744636
1785123466.8015835,-2.2345246929246865,0.47326853450106393
1785123466.806523,-2.2360939284801873,0.4744295458506233
1785123466.8109193,-2.2377089771258443,0.4756207508918879
1785123466.817173,-2.239349917322433,0.4768289984760529
1785123466.8219926,-2.240951485298311,0.47800708617959675
1785123466.8280153,-2.2425553424393705,0.47918379526533655
1785123466.8315156,-2.2441494658279284,0.4803509573830857
1785123466.836513,-2.245700599483739,0.4814834355281971
1785123466.8416731,-2.247338467377621,0.4826764951336918
1785123466.8462002,-2.2489725557275446,0.48386423833674763
1785123466.8524833,-2.2505124897254225,0.4849806660389006
1785123466.856555,-2.2521435552520708,0.4861588365522017
1785123466.8612208,-2.253768461839389,0.4873265333743135
1785123466.866543,-2.2554006469920322,0.4884959565999094
1785123466.8708904,-2.257007183864433,0.4896450189408156
1785123466.8760948,-2.2585930692809293,0.4907772450751952
1785123466.8808208,-2.2602444253740623,0.4919533523357184
1785123466.8863387,-2.2618561830115427,0.49309904399748816
1785123466.8921278,-2.263436002932012,0.494221460889436
1785123466.89678,-2.2651138954003383,0.4954110292417369
1785123466.9018767,-2.2666976180697835,0.4965315991730936
1785123466.9077017,-2.2682245626140594,0.4976108343621656
1785123466.91125,-2.2698465304640223,0.49875509398453294
1785123466.9165428,-2.271479306209407,0.49990483107671607
1785123466.9238603,-2.2730970692776356,0.5010409880024258
1785123466.9270184,-2.274715652705972,0.5021739161711509
1785123466.9325821,-2.276314941209428,0.5032908391834119
1785123466.9373758,-2.277958666174724,0.5044368642520184
1785123466.9426951,-2.279613902377923,0.5055889592897733
1785123466.947077,-2.281269950924596,0.50673797011827
1785123466.9650617,-2.2828784661768418,0.5078523599000686
1785123466.9705904,-2.284524583407197,0.5089905896257516
1785123466.9747133,-2.286126959356567,0.510095112607242
1785123466.9770067,-2.287749885993085,0.5112094324754094
1785123466.9812882,-2.2894126721553176,0.5123479246598839
1785123466.987218,-2.291055210714963,0.5134694831493124
1785123466.9923906,-2.2927257570942703,0.5146086341275115
1785123466.996015,-2.294240614785052,0.5156392391314479
1785123467.0016353,-2.295741405616218,0.5166570584463336
1785123467.0076146,-2.2972077690245816,0.5176478583814798
1785123467.0137932,-2.2987236824974624,0.5186702556821081
1785123467.0172536,-2.300146628268273,0.5196263948591863
1785123467.0215466,-2.3016193161880336,0.5206138044666234
1785123467.0265222,-2.3030526931309088,0.5215720394203829
1785123467.0316672,-2.3045427800448226,0.5225666346635154
1785123467.0364094,-2.3059960948300904,0.5235325467272429
1785123467.0421429,-2.3074894126380165,0.5245203030990989
1785123467.0464256,-2.3089600694858112,0.5254890043640106
1785123467.0515773,-2.310385335088837,0.526425702963189
1785123467.0566828,-2.3117644083339046,0.5273266966450739
1785123467.065841,-2.3132211862983887,0.5282738039199837
1785123467.068092,-2.314645152686792,0.5291961126573884
1785123467.0726194,-2.316019110035423,0.5300816889670499
1785123467.0766733,-2.3174056343945226,0.530970440213814
1785123467.0840228,-2.318833731231809,0.5318819484841704
1785123467.087643,-2.320233373846243,0.5327702870938212
1785123467.092093,-2.321673704906575,0.5336796668952275
1785123467.0977118,-2.323170722175733,0.5346179845008584
1785123467.1037107,-2.3246925806234255,0.5355667166512824
1785123467.107159,-2.326201980182233,0.5365029751670666
1785123467.1117094,-2.3277587965405684,0.5374632666599287
1785123467.1186173,-2.3293824312393734,0.5384574970072467
1785123467.1210978,-2.330958698616975,0.5394180299529114
1785123467.1266067,-2.3325658226779717,0.5403919417850878
1785123467.1354291,-2.334162889747539,0.5413535178462423
1785123467.138179,-2.3357936542763795,0.5423301111559011
1785123467.1420135,-2.3374389996375324,0.5433082736318174
1785123467.1466572,-2.3390873223484916,0.5442831599378771
1785123467.152614,-2.3407350486949756,0.5452540285518516
1785123467.157832,-2.342360352186917,0.5462047953006437
1785123467.165784,-2.343987769136967,0.5471495261308147
1785123467.174534,-2.3456121309039064,0.5480863726010873
1785123467.1770968,-2.3472677788768364,0.5490341317971047
1785123467.1818366,-2.348949361903447,0.5499899268844491
1785123467.1869543,-2.350581426586803,0.5509121239152666
1785123467.1938639,-2.352197814262266,0.5518212438130896
1785123467.19649,-2.353901924903057,0.5527724854971976
1785123467.2011528,-2.355500572116036,0.553660192210304
1785123467.2085085,-2.3571582571511858,0.5545759371597436
1785123467.2114182,-2.358795989430332,0.5554772966236765
1785123467.2163565,-2.360443337568468,0.5563802041592052
1785123467.2210603,-2.36210808051465,0.5572894985980943
1785123467.2266982,-2.363698087614738,0.5581549960169595
1785123467.2329938,-2.365334496871737,0.5590445099778157
1785123467.2363944,-2.366956449378625,0.5599219965604312
1785123467.2458215,-2.3686197908992415,0.5608189566604278
1785123467.2504663,-2.370272917549291,0.5617100092509868
1785123467.2563906,-2.371911828145129,0.5625911794310811
1785123467.258379,-2.3736038330562255,0.5635019264837733
1785123467.2645211,-2.375256669083518,0.5643884932683774
1785123467.2734585,-2.3769299470358503,0.5652872005089356
1785123467.275515,-2.378545191222812,0.5661531893223459
1785123467.2781303,-2.380230607819649,0.5670548060899769
1785123467.281376,-2.3819236417484357,0.567959853463968
1785123467.290026,-2.38365803126844,0.5688865872317737
1785123467.2914772,-2.385431196855298,0.5698335658293905
1785123467.2966464,-2.387089151359934,0.5707169430138045
1785123467.3025372,-2.3887294073327805,0.5715912860828344
1785123467.307605,-2.3903902488942075,0.5724746974682747
1785123467.3119428,-2.3920571193172018,0.5733600589263028
1785123467.3164983,-2.39364728046565,0.5742018143409235
1785123467.3248494,-2.395238841348113,0.5750422117722628
1785123467.3286057,-2.3968704583652243,0.5759017005164855
1785123467.3341618,-2.3984470241508973,0.5767286021289636
1785123467.3412523,-2.400115957206945,0.5775997807279005
1785123467.3473763,-2.4017337961315826,0.5784390145030658
1785123467.3506906,-2.403321571268656,0.5792578648601612
1785123467.3553674,-2.4049764272724983,0.5801082700694351
1785123467.3621957,-2.406671491430789,0.5809734390904773
1785123467.3664603,-2.408321465790664,0.5818086198327811
1785123467.3736885,-2.4099522863882847,0.5826272911547399
1785123467.3784442,-2.4115627082390017,0.5834304828911095
1785123467.3821886,-2.4131930109025523,0.5842391199689838
1785123467.386639,-2.4148832082427383,0.5850694487539597
1785123467.392903,-2.416521674266323,0.5858672230135433
1785123467.3963053,-2.4182500154153472,0.5867010918817311
1785123467.4016113,-2.4200737351851553,0.587573403443615
1785123467.4084187,-2.421848854933396,0.5884174307859082
1785123467.4122484,-2.4237288714799186,0.5893019503061294
1785123467.4161801,-2.4255360764036538,0.5901418308722407
1785123467.4213347,-2.427381529521597,0.5909896145295999
1785123467.4268007,-2.429254722009259,0.5918404380706548
1785123467.4320436,-2.4311598720918397,0.5926957898005688
1785123467.4364474,-2.4330358456618995,0.5935281364838042
1785123467.442285,-2.4349574072956375,0.5943729707769639
1785123467.4458826,-2.43679638150348,0.5951753785791162
1785123467.450721,-2.438645091389106,0.595973619282756
1785123467.4568303,-2.4404724760407728,0.5967559362083684
1785123467.4608393,-2.4423565592988585,0.5975549391683659
1785123467.4666355,-2.4442054938016544,0.5983323253941207
1785123467.4742,-2.4461010339185396,0.5991220716705806
1785123467.4767473,-2.448028588356678,0.5999194889030945
1785123467.4817839,-2.449912628346845,0.600693217376044
1785123467.4891584,-2.451840157489752,0.6014790050086678
1785123467.4914427,-2.4537500679275817,0.602252662240757
1785123467.496464,-2.455619872819343,0.6030049247750273
1785123467.5021756,-2.4575169587883328,0.6037643637590956
1785123467.5074399,-2.459485400684864,0.6045484341253378
1785123467.5120142,-2.4614026710060166,0.6053073244730358
1785123467.518304,-2.4632505846669437,0.6060362021079486
1785123467.5222838,-2.4650950461696217,0.6067600635697364
1785123467.5274024,-2.466934178870415,0.6074793534410557
1785123467.5326815,-2.468871528342588,0.6082348081118613
1785123467.5389261,-2.470796605590582,0.608984112105798
1785123467.5434942,-2.4726887777670803,0.6097185336385913
1785123467.5486531,-2.4746136768490556,0.6104640709247566
1785123467.5515857,-2.476484280011811,0.6111899128179528
1785123467.5578954,-2.4783263137374454,0.6119032384063312
1785123467.567813,-2.480127707453577,0.6125999901971941
1785123467.5732963,-2.481887583667515,0.6132823161741713
1785123467.5804603,-2.483669638066984,0.6139742719850781
1785123467.582086,-2.4854253427173503,0.6146568648952971
1785123467.5858982,-2.487190683405549,0.6153450378103852
1785123467.5923367,-2.488981877336403,0.6160438355790573
1785123467.5964386,-2.4907582464897846,0.6167366766629572
1785123467.6008852,-2.4925017967215117,0.617418667982841
1785123467.6183593,-2.4942639534076902,0.6181100659699658
1785123467.6191628,-2.4960097763025204,0.6187966109233256
1785123467.6198504,-2.497801350392083,0.6195020292112786
1785123467.6229606,-2.4995772593402203,0.6202016458219087
1785123467.6270702,-2.5014071955548633,0.6209249245575525
1785123467.6316512,-2.503183115934658,0.6216302214549507
1785123467.636391,-2.5049912883426186,0.6223486438135749
1785123467.642517,-2.5067291928027378,0.6230433378603398
1785123467.645962,-2.5085822155403297,0.623788398138794
1785123467.6514401,-2.5104190653252636,0.6245300734088971
1785123467.6574943,-2.5122497946500704,0.6252737149375058
1785123467.6612506,-2.514255220221809,0.6260924283635009
1785123467.666525,-2.5162062975052986,0.6268918673170332
1785123467.6748872,-2.5180350778076,0.6276436524704841
1785123467.685247,-2.5198885023904234,0.6284103093791792
1785123467.687467,-2.521843967281679,0.6292220880568815
1785123467.692768,-2.523720867505949,0.6300050926622914
1785123467.6977656,-2.5256778263966995,0.6308247131645357
1785123467.701632,-2.52762252112318,0.6316416222320356
1785123467.707168,-2.5294649649278558,0.6324170879076725
1785123467.711793,-2.53136174956343,0.6332195345114865
1785123467.716953,-2.5332559033766175,0.6340217329495701
1785123467.7242622,-2.5352220242120693,0.6348570433220625
1785123467.7308288,-2.5371106474865006,0.6356597883672631
1785123467.7369084,-2.538950986172333,0.6364434594226331
1785123467.73877,-2.5408184881080556,0.6372392161177607
1785123467.7417245,-2.5426648231714033,0.6380271526134804
1785123467.745988,-2.5444889574850267,0.6388059704845106
1785123467.7527397,-2.5463213872367376,0.6395887461035529
1785123467.7575827,-2.5481718395553954,0.64038180999706
1785123467.7618706,-2.550055283225176,0.6411898692676951
1785123467.7669485,-2.5519796440994367,0.6420145866821847
1785123467.7729475,-2.5538418929757913,0.6428111976000067
1785123467.776123,-2.555649768382131,0.6435822516459114
1785123467.787277,-2.5575139975666357,0.6443778819304066
1785123467.7904232,-2.5593391965744225,0.6451546566840817
1785123467.7947319,-2.561147683279956,0.6459226089078912
1785123467.7979674,-2.5629948364575426,0.6467038064213487
1785123467.8021295,-2.564873675218908,0.647496902125534
1785123467.8073726,-2.566803966568199,0.648307433217299
1785123467.811698,-2.568685647643823,0.6490937169295434
1785123467.8173468,-2.570558994591972,0.6498710276257377
1785123467.824944,-2.5723703045748545,0.6506194451730043
1785123467.8271558,-2.574197906389063,0.6513687513966161
1785123467.8358688,-2.576032721359092,0.6521155501101079
1785123467.8379817,-2.5779005529763124,0.6528715641158753
1785123467.8416204,-2.5796677295517925,0.6535808379588552
1785123467.8466136,-2.5814600999304047,0.6542930225952229
1785123467.8513017,-2.5832480773404667,0.6549986473332154
1785123467.8569818,-2.584913323198033,0.6556456439632885
1785123467.8616447,-2.5866520049297614,0.6563132065093071
1785123467.866983,-2.5884215018180523,0.6569853996250797
1785123467.8746874,-2.5901000081325294,0.6576184508887869
1785123467.8781736,-2.5917964797955175,0.658251613401743
1785123467.886245,-2.5934945176189768,0.6588783994750544
1785123467.887949,-2.595172508683059,0.6594898277271924
1785123467.89198,-2.596888195344052,0.6601064882627268
1785123467.8970857,-2.5986338590927116,0.6607255438732499
1785123467.9022384,-2.6003481252193437,0.6613270200388005
1785123467.9070506,-2.6020305703042106,0.6619094257926523
1785123467.911124,-2.6037454095009815,0.6624958822649845
1785123467.9161127,-2.605492195579455,0.6630851614255604
1785123467.9218307,-2.607203608497009,0.6636541073655715
1785123467.9271448,-2.6089734343692275,0.6642356602762334
1785123467.931628,-2.6106820527976335,0.6647901608157852
1785123467.936818,-2.6123966798258214,0.6653408462292331
1785123467.941815,-2.614156487528271,0.6658983256524511
1785123467.9466846,-2.616032486434682,0.666485153064972
1785123467.9516072,-2.6178949553152178,0.6670596530896115
1785123467.9564037,-2.6197433913499064,0.6676229771877271
1785123467.9626086,-2.6216768910747015,0.6682073329362173
1785123467.9665587,-2.6235109666895458,0.6687563436599603
1785123467.9710603,-2.625453428193227,0.6693310514844778
1785123467.9766464,-2.627387858653266,0.6698968216454531
1785123467.983835,-2.62935483455957,0.6704686412109532
1785123467.9885833,-2.6314055387297897,0.6710601013862666
1785123467.992077,-2.6333365199057965,0.6716133114167756
1785123467.9967158,-2.6353187743483804,0.6721755000509895
1785123468.0024385,-2.637233156151217,0.6727152675421577
1785123468.0066402,-2.6391688798986097,0.6732569988025073
1785123468.0114682,-2.6410776860852003,0.6737879770226731
1785123468.016932,-2.643028167611582,0.6743286223131173
1785123468.021849,-2.6449613933663794,0.6748630136316088
1785123468.0271685,-2.646820423826324,0.6753742671332263
1785123468.0313463,-2.6487723272098833,0.6759094278221662
1785123468.0366242,-2.6507504185304627,0.676449155176234
1785123468.0416281,-2.6527098919586556,0.676981967714709
1785123468.0462444,-2.6546322849651967,0.6775023743061893
1785123468.0518591,-2.656600338945318,0.6780337435263599
1785123468.0574005,-2.6585302496458016,0.6785543516676796
1785123468.0614848,-2.6604327288232277,0.6790685165797278
1785123468.0713818,-2.6623932757476263,0.6795973435700154
1785123468.0766733,-2.664331539381171,0.6801221899906457
1785123468.0791092,-2.666284864122366,0.6806505418953324
1785123468.0853124,-2.6682796995261944,0.6811916588563075
1785123468.0876462,-2.67021213787089,0.6817145815416255
1785123468.0920675,-2.6721585525242144,0.6822424704344023
1785123468.0963748,-2.674050644440884,0.6827568721408981
1785123468.1013987,-2.6758117366650276,0.6832386290172665
1785123468.1065605,-2.6774853969308743,0.6836980106795095
1785123468.1112392,-2.6792545200715443,0.6841846833629128
1785123468.1172857,-2.681043194432582,0.6846775718960898
1785123468.1227696,-2.6828077953362373,0.6851648466355106
1785123468.128608,-2.6846307098229727,0.6856718226952424
1785123468.1322436,-2.6863935029161237,0.6861639669789698
1785123468.1370704,-2.6881192395530076,0.6866496078095937
1785123468.1426172,-2.6898243755648723,0.6871323710624501
1785123468.148622,-2.6916349155810693,0.6876469849067021
1785123468.1518679,-2.6933343797249765,0.6881311766033403
1785123468.157724,-2.695052705791705,0.6886219772887161
1785123468.1618335,-2.6967734090105693,0.6891158435664012
1785123468.1668973,-2.6985015775384005,0.6896148371541033
1785123468.1723187,-2.7002620053196553,0.6901281151367892
1785123468.1765869,-2.7019805563691577,0.6906320192226526
1785123468.1829185,-2.703717468180384,0.6911443949096546
1785123468.1862054,-2.7054304688824713,0.6916522403124316
1785123468.1924543,-2.7071398555086974,0.6921632405188816
1785123468.1961856,-2.70891509339078,0.6926964161303428
1785123468.201714,-2.710600025736192,0.6932057516655021
1785123468.2074502,-2.7123426543627196,0.6937348481093919
1785123468.2113557,-2.7140620671618985,0.6942583712401514
1785123468.217435,-2.7157559528010493,0.6947763923840607
1785123468.2245762,-2.717506990045607,0.6953128616798164
1785123468.227276,-2.7192623088426178,0.6958529604773835
1785123468.2320395,-2.7210607793168644,0.6964080377036974
1785123468.2369108,-2.7227829740937612,0.6969401929254682
1785123468.243129,-2.72448469241203,0.6974674403395251
1785123468.2459583,-2.726229653116918,0.6980086198301922
1785123468.25137,-2.7280411102096314,0.6985710211651706
1785123468.2583063,-2.729820830304217,0.6991244357290268
1785123468.262992,-2.7316871228259814,0.6997054447283164
1785123468.2666407,-2.733568194648358,0.7002931003854906
1785123468.2756462,-2.7354086235431674,0.70086832903714
1785123468.2782116,-2.737303843568013,0.7014610371891716
1785123468.2845724,-2.739140137478552,0.7020349691732956
1785123468.2862394,-2.7410078769378567,0.7026178556775673
1785123468.2915955,-2.7428881127247475,0.7032026670957986
1785123468.29661,-2.7448613252381917,0.7038164978067503
1785123468.3009899,-2.7468165837268335,0.7044228040004773
1785123468.3068242,-2.748727442835971,0.7050141753843854
1785123468.3110929,-2.7506321266402436,0.7056045270367
1785123468.3161793,-2.752589917992501,0.706208495719993
1785123468.3212996,-2.754575331615258,0.706817290353444
1785123468.3265638,-2.756528859633377,0.707412768968006
1785123468.3326197,-2.758390658285663,0.7079791959506042
1785123468.3368108,-2.760329742258033,0.7085661039697804
1785123468.3423364,-2.7623296853812604,0.7091691931956707
1785123468.3467543,-2.764302089217852,0.7097622417411729
1785123468.3511496,-2.7662503630902346,0.7103434704554928
1785123468.3569953,-2.768250719181531,0.7109354029537532
1785123468.361995,-2.770223512063394,0.7115173573122376
1785123468.366651,-2.772162492511373,0.7120852228699166
1785123468.3712268,-2.7741130621906036,0.7126510632526484
1785123468.3762567,-2.7760270589016582,0.7132019972052298
1785123468.3853452,-2.7779079725359868,0.7137389632334711
1785123468.3888755,-2.779840978892662,0.7142878159845669
1785123468.3912404,-2.7817986113578788,0.714839401082686
1785123468.3969498,-2.7836947258842897,0.715368178339027
1785123468.4015045,-2.785502992714863,0.7158683220250663
1785123468.406774,-2.787308380111321,0.7163618489967235
1785123468.4118037,-2.789101041490275,0.7168497712027586
1785123468.4169302,-2.7908285828737127,0.717314733941552
1785123468.4213526,-2.7925933148894853,0.7177857749181207
1785123468.4270492,-2.7944297954368817,0.7182718596365132
1785123468.4321313,-2.7961927618174034,0.7187330678712393
1785123468.4371634,-2.7979791212169736,0.719195375516983
1785123468.4421144,-2.7996943156185115,0.7196348254996175
1785123468.4464824,-2.8014644212006194,0.7200846274144054
1785123468.4519506,-2.8032858401841825,0.7205430032634376
1785123468.4578376,-2.805073880180813,0.720988156878853
1785123468.4619558,-2.8068405901890165,0.7214238051796914
1785123468.4668393,-2.8086339319013964,0.721864983846904
1785123468.471219,-2.8104539111128726,0.722307777412616
1785123468.4766765,-2.8122762374657975,0.7227469789078733
1785123468.4820313,-2.81409609129628,0.7231814403452173
1785123468.4888167,-2.81594276245182,0.723618825553208
1785123468.4908395,-2.81770134576476,0.7240304224592705
1785123468.4966793,-2.819551913958501,0.7244595324473575
1785123468.5017571,-2.8214985235409045,0.7249076466174422
1785123468.5071607,-2.8234439074914963,0.7253528981164187
1785123468.5117161,-2.825423583264635,0.7258020818295924
1785123468.5166903,-2.8274347436496274,0.7262567398777993
1785123468.5225523,-2.8293471005018893,0.7266855241212545
1785123468.5266716,-2.8313362810141425,0.7271275956710148
1785123468.5319002,-2.833300707159476,0.7275594312844857
1785123468.5359979,-2.83528587362348,0.7279895795776127
1785123468.5422907,-2.8371642610942995,0.728392737655947
1785123468.546249,-2.839115981121942,0.7288082566436611
1785123468.5517483,-2.841080860711866,0.7292237525396836
1785123468.557754,-2.843037067319388,0.7296340870139787
1785123468.5612502,-2.8450864411902694,0.7300617815687475
1785123468.5673304,-2.847122846871335,0.7304840205710297
1785123468.5715303,-2.8491307852228953,0.730898019329321
1785123468.576234,-2.8510951850844037,0.7313011057724853
1785123468.582506,-2.853109920682638,0.7317122338824646
1785123468.5865278,-2.855051231239967,0.7321070598236873
1785123468.5914216,-2.8570959391174093,0.7325204594805063
1785123468.5959687,-2.8590908868642586,0.7329218763884202
1785123468.6006827,-2.8610198639953075,0.7333077088929616
1785123468.6072693,-2.8630214778362166,0.7337065899834609
1785123468.6119874,-2.86503869818163,0.7341056102043721
1785123468.6175578,-2.867029986219388,0.734497831349004
1785123468.6259146,-2.8690151001029194,0.7348877336388079
1785123468.6276822,-2.8710218909515826,0.7352792550918246
1785123468.6314218,-2.8729609988233764,0.7356564988807435
1785123468.6364186,-2.874954580359291,0.7360425778756741
1785123468.6420546,-2.8768724021204877,0.7364125761832585
1785123468.6459355,-2.8786985333718995,0.7367628653099975
1785123468.6509645,-2.8805943742573397,0.7371238017630577
1785123468.6577578,-2.88242162340997,0.7374697613984428
1785123468.661609,-2.8842455826865927,0.7378128966176913
1785123468.666353,-2.886100709818619,0.7381607841106649
1785123468.6719115,-2.8879545371446556,0.7385057010992968
1785123468.6762733,-2.889771068497717,0.7388438747882137
1785123468.683354,-2.891529426341596,0.7391686792910585
1785123468.6863866,-2.893343813833679,0.7395030400079388
1785123468.6927953,-2.8950753990722524,0.7398209053611972
1785123468.696013,-2.89686730821791,0.7401491499630604
1785123468.7019515,-2.898640511363648,0.7404728020720673
1785123468.7065654,-2.900472606236133,0.7408072759252077
1785123468.7109132,-2.902301805532376,0.741141731283078
1785123468.7171512,-2.904145484408752,0.7414790090418661
1785123468.7212284,-2.9059060294072063,0.7417995630828533
1785123468.7268102,-2.9077548082636016,0.742136311464195
1785123468.7316382,-2.9095661769939674,0.7424657615921031
1785123468.7361765,-2.911303112463815,0.7427814983239412
1785123468.7419403,-2.91308141415245,0.7431040033799853
1785123468.746238,-2.9148399999928842,0.7434226478109449
1785123468.751113,-2.916634194249937,0.7437457287431155
1785123468.7566113,-2.918394024694527,0.7440627046085275
1785123468.7610464,-2.920193004421107,0.7443874909114845
1785123468.7658284,-2.9220115805088787,0.7447138171191177
1785123468.7716959,-2.923755063458036,0.7450243271580663
1785123468.775955,-2.925518978091824,0.7453364635979803
1785123468.7827823,-2.9272590742578224,0.7456440901038617
1785123468.7863107,-2.9290848088123904,0.7459660702182146
1785123468.7913976,-2.9308715196872686,0.7462812866894845
1785123468.7962246,-2.93269128601335,0.7466013783623228
1785123468.8013115,-2.9346442733268834,0.7469447636052766
1785123468.8068917,-2.936559210675833,0.7472794774407705
1785123468.8112984,-2.9384724140569634,0.7476114924046638
1785123468.81657,-2.9404526685936387,0.7479539038935754
1785123468.8214443,-2.9423876554642505,0.7482860748570124
1785123468.826698,-2.9443291102443023,0.7486188759473937
1785123468.8313391,-2.946264145560883,0.74894992045408
1785123468.8359184,-2.948217297789779,0.749283434276825
1785123468.8415387,-2.9501058465058456,0.7496055088288176
1785123468.845954,-2.95210906513763,0.7499466677876645
1785123468.851705,-2.9540344332504915,0.7502728109895247
1785123468.856889,-2.9559844948847855,0.7506014244300835
1785123468.8609426,-2.9579603899701676,0.750932401337102
1785123468.8661215,-2.959888721574378,0.7512539984250411
1785123468.873195,-2.961863648578246,0.7515807941757486
1785123468.875913,-2.963743266333551,0.7518901295637718
1785123468.8829763,-2.965709753180641,0.7522112594782732
1785123468.8859901,-2.9676494250307672,0.7525254177948435
1785123468.8921568,-2.9695684215153646,0.7528340543808484
1785123468.8963387,-2.9715006768889443,0.7531429171443593
1785123468.9016414,-2.9734538376390014,0.7534539174216546
1785123468.9068506,-2.975438413213133,0.7537664807532931
1785123468.9111543,-2.9774513930514273,0.7540809389906041
1785123468.9178557,-2.9794918232011613,0.7543978910078949
1785123468.9224174,-2.981396243749848,0.7546904495592764
1785123468.9268985,-2.98332083038778,0.7549854493368665
1785123468.931523,-2.985254194451602,0.7552799085567126
1785123468.9372697,-2.9872211977751997,0.7555769903877954
1785123468.9417028,-2.98909080113125,0.7558566023695638
1785123468.946718,-2.9909396906744448,0.7561319877842031
1785123468.952215,-2.9927179997904836,0.7563935339833563
1785123468.9572542,-2.994548037945432,0.7566593672047401
1785123468.9620175,-2.9963013292788663,0.7569120602233581
1785123468.9668121,-2.9980919759711853,0.7571673571588898
1785123468.9721296,-2.9998161414980187,0.7574109539701109
1785123468.976248,-3.001610969546312,0.7576613317218814
1785123468.9856534,-3.0034349812489207,0.7579138327343469
1785123468.9887965,-3.00522920736339,0.758159761436733
1785123468.9913452,-3.0070718020991447,0.7584107057133964
1785123468.9960027,-3.0088337618319225,0.7586474220328427
1785123469.0011072,-3.010576544244217,0.7588790830715088
1785123469.0068262,-3.0123150674259187,0.7591095497638347
1785123469.0110047,-3.0140976220558744,0.7593423412475981
1785123469.017078,-3.015921139019406,0.7595770368455386
1785123469.0212803,-3.017677327293781,0.75980167393618
1785123469.0272233,-3.0194403884140337,0.7600259226872019
1785123469.0314443,-3.021222900750313,0.7602504757191842
1785123469.0367503,-3.0230195944955134,0.760474404236899
1785123469.0417247,-3.0247944624637095,0.7606951832176003
1785123469.0461888,-3.0266712592643565,0.7609263767503146
1785123469.0530012,-3.0285693987949682,0.761157558411578
1785123469.0569828,-3.030431848827529,0.7613807073171953
1785123469.0611663,-3.032412391042865,0.7616166204401609
1785123469.0664275,-3.0343331362451282,0.7618441382402537
1785123469.0719762,-3.0363095577126336,0.7620755035861917
1785123469.0770338,-3.0383000079864617,0.7623079778345317
1785123469.0826485,-3.040234715093983,0.7625332163621942
1785123469.0859616,-3.0421196418044345,0.7627510852958047
1785123469.091723,-3.0441178741667003,0.7629805399059745
1785123469.0959637,-3.0461145777310756,0.7632099584077104
1785123469.1012173,-3.048089323530528,0.7634364371793626
1785123469.106364,-3.0500887989823693,0.7636643460001258
1785123469.1112325,-3.0520513899187507,0.7638869194828835
1785123469.1169455,-3.054094995272556,0.7641174281011217
1785123469.1227033,-3.056031438665484,0.7643345901837348
1785123469.1267192,-3.0580115474156546,0.7645562572204522
1785123469.1323473,-3.060053798827054,0.7647840031237159
1785123469.1373107,-3.0620280127654587,0.765003460692353
1785123469.141542,-3.0639687718796087,0.7652185530188983
1785123469.1474285,-3.065916470125421,0.7654336253394781
1785123469.1582909,-3.0678608564328878,0.7656462769287835
1785123469.1601396,-3.06989416460656,0.7658673603402485
1785123469.1644561,-3.0718910171671023,0.7660824958661457
1785123469.1666596,-3.0738913558034926,0.7662972061457133
1785123469.1730123,-3.0758641838661527,0.7665068142975808
1785123469.1764994,-3.077805037601756,0.766711381768713
1785123469.1838188,-3.07979736075696,0.7669217029276459
1785123469.1864846,-3.0817559719497325,0.7671284239654578
1785123469.192121,-3.0837477987980804,0.7673392051626298
1785123469.1964204,-3.0857386884943945,0.7675511646730853
1785123469.2020495,-3.08754985694863,0.7677436604536527
1785123469.2063406,-3.0893308804718194,0.7679319871896341
1785123469.2128048,-3.091131390548043,0.7681231419917328
1785123469.2175076,-3.0930080433929095,0.768324228021534
1785123469.2216012,-3.0947660588459494,0.7685125179912944
1785123469.2274706,-3.096543452887342,0.7687021627923445
1785123469.2319767,-3.0983280335992145,0.7688928062962902
1785123469.2367473,-3.100142143138981,0.7690859870129586
1785123469.2433176,-3.1019179679399556,0.7692741355369258
1785123469.245923,-3.1037408456378954,0.7694681539140343
1785123469.2520916,-3.1055329195313783,0.7696585515916549
1785123469.2598536,-3.107347192759289,0.7698517259130094
1785123469.2627518,-3.1091399163379876,0.7700435830386453
1785123469.2664316,-3.1109782883047736,0.77023823164177
1785123469.2707675,-3.11279314961643,0.7704312207995132
1785123469.2766807,-3.114557961041882,0.7706181978135441
1785123469.283501,-3.1163292762836536,0.7708040652184789
1785123469.2873695,-3.118110188621663,0.7709910691966346
1785123469.292814,-3.1199051486582374,0.7711785935633186
1785123469.2975183,-3.121809092804326,0.7713779812953876
1785123469.3015013,-3.1237163816232187,0.7715770099629453
1785123469.3086748,-3.125611132638857,0.771774815776512
1785123469.3108156,-3.1275526229880644,0.7719771848878522
1785123469.3160233,-3.1294818701264306,0.772179279172795
1785123469.3242528,-3.1314818996349487,0.7723855976225509
1785123469.3274407,-3.1334775735623164,0.7725888323445209
1785123469.3321128,-3.1354054953745845,0.7727829503661968
1785123469.3366349,-3.1373694400070806,0.7729801839355286
1785123469.3432028,-3.139372340438805,0.7731806211260811
1785123469.3469243,-3.141282925918827,0.7733703258096876
1785123469.3522,-3.1432503042743267,0.7735630140384092
1785123469.358088,-3.14526931102552,0.7737591704850363
1785123469.3618782,-3.1472258234039536,0.7739484508876511
1785123469.3680584,-3.1492303766427945,0.7741435625681213
1785123469.3741245,-3.1512289704202896,0.7743350061834078
1785123469.3770306,-3.153135994305865,0.7745154788496892
1785123469.3907337,-3.1550938765206267,0.7746999340134683
1785123469.3930771,-3.157042107829282,0.7748832620279984
1785123469.396807,-3.159023206181805,0.7750680306221056
1785123469.4010499,-3.1610386287727272,0.7752530440133405
1785123469.4075387,-3.1629993753656764,0.7754293220051703
1785123469.4117658,-3.164938420843885,0.7756023823253075
1785123469.4159055,-3.1669149133219174,0.7757783095578292
1785123469.4208276,-3.168850409697972,0.7759477844085222
1785123469.427098,-3.170874273995308,0.7761212242302616
1785123469.4319746,-3.172863760938067,0.7762908903522198
1785123469.4360807,-3.174819175333578,0.7764564241955776
1785123469.4433205,-3.176840626539149,0.7766249406733546
1785123469.4469657,-3.178776736728124,0.7767835988864413
1785123469.4520633,-3.1806933351689772,0.7769394667399016
1785123469.4579778,-3.18254751568751,0.777089262952422
1785123469.4636314,-3.184449237155575,0.7772407147906321
1785123469.4688308,-3.186327409494611,0.7773900382896956
1785123469.4742937,-3.18816601584324,0.7775360220889201
1785123469.4789133,-3.189938623124833,0.777674681399682
1785123469.483753,-3.1917809943259576,0.7778164449488624
1785123469.4913447,-3.193529261879729,0.7779493014970712
1785123469.494256,-3.195347049268324,0.7780879061676784
1785123469.496342,-3.197118565207862,0.778219716403082
1785123469.5014315,-3.1989556089141233,0.7783556072831889
1785123469.507396,-3.2007660090759624,0.7784883782328166
1785123469.5118318,-3.202549423842841,0.7786178310890424
1785123469.5160866,-3.204382251939459,0.7787492920107124
1785123469.5217288,-3.2062567861189555,0.7788829934146373
1785123469.5261092,-3.2080739936277842,0.7790115102411158
1785123469.531273,-3.2098501633159864,0.7791364752939206
1785123469.5372348,-3.2116732498073977,0.779263760532583
1785123469.5418322,-3.2134526900006226,0.7793870997633656
1785123469.5466747,-3.2154511503026675,0.7795249753623567
1785123469.5526009,-3.2174555224771315,0.77966293474647
1785123469.5562408,-3.2194160901778788,0.7797959714546909
1785123469.561562,-3.2214445703158185,0.7799313467241181
1785123469.566635,-3.2234430438012502,0.7800623747239703
1785123469.5719676,-3.2254886060233745,0.780193047151923
1785123469.5766468,-3.227465291053415,0.7803163151308814
1785123469.5836344,-3.2294178554983377,0.7804362820706424
1785123469.5913053,-3.231458562056891,0.7805596057991955
1785123469.5931756,-3.233465842235623,0.7806797058788564
1785123469.597084,-3.235491963246096,0.7807997952668095
1785123469.6015272,-3.237497164834444,0.7809187086642888
1785123469.606897,-3.239438258171864,0.781034708246454
1785123469.6110058,-3.241426024514291,0.7811525451776287
1785123469.6171157,-3.2434952040413356,0.7812767339498936
1785123469.6208498,-3.2455354633656235,0.7813985320622088
1785123469.626992,-3.2476303882711437,0.7815241381523791
1785123469.6317255,-3.2496854969119684,0.7816477923274547
1785123469.6375237,-3.251679076891785,0.7817663475894978
1785123469.6438894,-3.2536974252684754,0.7818873834331002
1785123469.646234,-3.2557055609896133,0.7820080759008964
1785123469.6508617,-3.2577845384077757,0.7821326380554038
1785123469.6578977,-3.259812024539191,0.7822551231407091
1785123469.6630223,-3.2617934762964116,0.7823758296516573
1785123469.6670692,-3.2637574011963446,0.7824943491343681
1785123469.6725802,-3.26577679178689,0.7826173808567305
1785123469.6769605,-3.267757028748736,0.7827366901964184
1785123469.6806931,-3.2697520526257904,0.782857743381284
1785123469.687846,-3.2717870435688137,0.7829817778186923
1785123469.6931689,-3.273842905444572,0.7831077624667274
1785123469.6958919,-3.2758020066116513,0.7832266907253255
1785123469.7030141,-3.2776599447005075,0.7833397795380752
1785123469.7080092,-3.2795204797102984,0.7834534526012716
1785123469.7130737,-3.2813889173442283,0.7835675614968011
1785123469.7169862,-3.2831704085688966,0.7836771073906821
1785123469.7232091,-3.2850245492814785,0.7837934872718956
1785123469.7272048,-3.286897682194678,0.7839115977275369
1785123469.7322652,-3.2887734105142523,0.7840295755997132
1785123469.7361052,-3.2906297534185494,0.7841468582828889
1785123469.7434866,-3.2925170307172444,0.7842663299059506
1785123469.7461824,-3.294487746062434,0.7843912701314996
1785123469.7508574,-3.2964259200979824,0.7845157716851817
1785123469.7566805,-3.2984381302165824,0.7846456428952561
1785123469.7613995,-3.300449769448385,0.7847761617217984
1785123469.766581,-3.3025271951317237,0.7849116613050082
1785123469.772321,-3.3044753373257763,0.785038623771982
1785123469.776569,-3.306515066296823,0.7851726984787205
1785123469.7824612,-3.308491344972435,0.7853034335602177
1785123469.7923832,-3.3104673702705507,0.785434283994656
1785123469.7964377,-3.312493985848371,0.7855671762857124
1785123469.8023603,-3.3145264388010043,0.785699598352121
1785123469.8074985,-3.3164613564299454,0.7858258292010677
1785123469.8119886,-3.318466528247387,0.7859573184819424
1785123469.8238692,-3.320503332354595,0.7860903501976992
1785123469.8255453,-3.32248779884494,0.7862187787430654
1785123469.8276668,-3.324452219866482,0.7863440928042782
1785123469.8313622,-3.3263914166127275,0.7864669377631398
1785123469.838829,-3.3284222692046788,0.7865966641553231
1785123469.8419676,-3.3304698702881987,0.7867263777258459
1785123469.8474152,-3.3324360879342736,0.7868509758853973
1785123469.8525555,-3.3344231975502243,0.7869769383152254
1785123469.8572989,-3.3364383205443624,0.7871050090384302
1785123469.8616576,-3.3383579534724763,0.7872270277132012
1785123469.8781652,-3.340333848837714,0.7873523313058467
1785123469.8788176,-3.3423823197768185,0.7874814620405395
1785123469.8794558,-3.344368084961017,0.787606101825515
1785123469.8835807,-3.3463118506446,0.7877275970159913
1785123469.886119,-3.3483050219441157,0.7878526604907375
1785123469.8943787,-3.3502713135034545,0.7879767656833075
1785123469.896461,-3.352232314084467,0.7881004700355148
1785123469.901577,-3.354254544894019,0.7882276518393654
1785123469.907077,-3.3561911137033893,0.788347717347437
1785123469.91239,-3.358210266477497,0.7884712780400001
1785123469.9174354,-3.3601687473265223,0.7885909854231393
1785123469.9238057,-3.3621777045230963,0.7887114762590215
1785123469.927792,-3.3641615100155264,0.7888292932740119
1785123469.9313438,-3.366105509427835,0.788942332425046
1785123469.9374306,-3.3680470751866363,0.789054041811535
1785123469.9416976,-3.370037025931996,0.7891681968585593
1785123469.9470994,-3.3719359731689367,0.7892769735595726
1785123469.95196,-3.3738544990089188,0.7893862870504014
1785123469.957075,-3.3757503185855233,0.7894946458767665
1785123469.9620895,-3.3776055138068277,0.7896010416857483
1785123469.9680376,-3.379408901465962,0.7897037909307696
1785123469.9721398,-3.381241905632662,0.7898079532512556
1785123469.9768195,-3.3830820067254215,0.78991083693632
1785123469.9835675,-3.3849477065391382,0.790013498461706
1785123469.9876544,-3.3867588094319374,0.7901114829783223
1785123469.996456,-3.388603191222967,0.7902102661236466
1785123470.0004003,-3.390438588095738,0.7903063491938797
1785123470.0033884,-3.3921428790662174,0.7903965159276607
1785123470.0066755,-3.393961857700022,0.7904937062913653
1785123470.0118773,-3.395854519307884,0.790595789982038
1785123470.0232174,-3.3976430794452908,0.7906910643444259
1785123470.0246806,-3.3995100112953858,0.7907887961615718
1785123470.0307395,-3.4013175827431796,0.7908826624615695
1785123470.0358865,-3.4031125312684116,0.7909759835188694
1785123470.03926,-3.4049070722966537,0.7910686502967961
1785123470.0433517,-3.4067324077431573,0.7911623686777248
1785123470.0468946,-3.4086667273306284,0.7912587270326182
1785123470.0523682,-3.410603561347265,0.7913544911556457
1785123470.0578487,-3.412593908114859,0.7914519014202991
1785123470.0627327,-3.41459877208281,0.7915490211595994
1785123470.0670667,-3.416566396552564,0.7916433746365776
1785123470.0720608,-3.4186238190509317,0.7917422452889824
1785123470.0769746,-3.4207086583311406,0.7918418261074915
1785123470.084157,-3.4226998285167727,0.7919374949117725
1785123470.0865624,-3.4247271975370244,0.792034625770553
1785123470.0949073,-3.4267072531677614,0.792129405489619
1785123470.096818,-3.428746606390221,0.7922275688741868
1785123470.1021948,-3.4307302615765303,0.7923221894021023
1785123470.107472,-3.4327522520279152,0.7924166724530273
1785123470.1127589,-3.4347918124192267,0.7925093850086319
1785123470.1168423,-3.436810345787067,0.7926017456560415
1785123470.123059,-3.438766185723048,0.7926913628520135
1785123470.127461,-3.4407142222620593,0.7927795787724502
1785123470.1320174,-3.4427412590896864,0.7928717930616065
1785123470.140142,-3.4447292785858097,0.792962989126928
1785123470.144093,-3.446687478278946,0.7930528008804872
1785123470.1489582,-3.4487164392709015,0.7931463489200681
1785123470.1588204,-3.450671992353575,0.7932379113721573
1785123470.1593795,-3.4526832513867016,0.7933330221806738
1785123470.1633978,-3.4546585795644713,0.7934287726117409
1785123470.167517,-3.456662332100554,0.7935255126961562
1785123470.171376,-3.458577953359315,0.7936183615079698
1785123470.1778767,-3.460562691648166,0.7937137467946307
1785123470.18274,-3.46253432289933,0.7938090554358652
1785123470.1870134,-3.464595901943691,0.7939096810651483
1785123470.1954398,-3.4665472962624158,0.7940030224216095
1785123470.1976976,-3.468584721330547,0.7940997302305973
1785123470.2019842,-3.47042319000771,0.7941859677891978
1785123470.2067287,-3.4722858517299913,0.7942720925310618
1785123470.2136722,-3.4741139979646887,0.7943563492074273
1785123470.2170057,-3.4759975103639253,0.7944442709402253
1785123470.2240863,-3.4778074537842354,0.794528655933075
1785123470.2271528,-3.4796134117445137,0.7946117001212423
1785123470.231934,-3.4813688874677853,0.7946916857708549
1785123470.2366488,-3.4831222190180524,0.7947712153864254
1785123470.2430613,-3.4849956049147788,0.7948579603939815
1785123470.2470198,-3.486808591584651,0.7949410066229924
1785123470.251512,-3.4885488103404665,0.7950211781495301
1785123470.256627,-3.4903922139349954,0.795106610706242
1785123470.2612782,-3.4922204344515886,0.7951904295448478
1785123470.2662776,-3.4940795194960397,0.7952751962242475
1785123470.2721756,-3.4958916079005555,0.7953569439431226
1785123470.2770796,-3.497755256511932,0.795441391130498
1785123470.2823763,-3.4995360270872644,0.7955209165915736
1785123470.286585,-3.501356750622907,0.7956010123303535
1785123470.294309,-3.5031732870426757,0.7956804234953837
1785123470.2961419,-3.505066350933318,0.79576289113614
1785123470.301023,-3.5070280272372423,0.7958473011978754
1785123470.3073657,-3.5089796593650915,0.7959311104296751
1785123470.311215,-3.510936118574705,0.7960143019686087
1785123470.3161883,-3.5129251519163924,0.7960985385089313
1785123470.323983,-3.514900982086087,0.7961818102749407
1785123470.3268356,-3.5168755729206036,0.7962655720386635
1785123470.3318691,-3.518920309372091,0.7963520654785883
1785123470.3365889,-3.520878525805929,0.7964331962964641
1785123470.342864,-3.5228935581355834,0.7965176498475943
1785123470.3463259,-3.524887144634378,0.7966020275020442
1785123470.351692,-3.5269148705783318,0.7966869392893978
1785123470.3565714,-3.5289267458655917,0.7967710561624363
1785123470.362396,-3.5308723309875356,0.7968525696128873
1785123470.3677876,-3.5328961825789267,0.796937264603392
1785123470.3778992,-3.5348922944704544,0.7970206813196367
1785123470.37979,-3.5368507395749784,0.797102083180886
1785123470.3826728,-3.5388457304606473,0.7971845326903307
1785123470.3860073,-3.5408740522094933,0.7972694155044846
1785123470.3950102,-3.542947872780001,0.7973544652329886
1785123470.3969007,-3.5449601808508753,0.7974370259589524
1785123470.4012005,-3.5470234632587787,0.7975205377835687
1785123470.4085772,-3.5490220739310163,0.7976007428284811
1785123470.411625,-3.55099144006888,0.7976794147828383
1785123470.4175296,-3.553001842156222,0.7977600496541275
1785123470.424742,-3.5550108166732786,0.7978405772555793
1785123470.427333,-3.557005312849595,0.7979215737527836
1785123470.442204,-3.5590044806436145,0.7980028364400324
1785123470.4450135,-3.5609956418077147,0.7980830845264397
1785123470.4474373,-3.562979418280755,0.7981627760530724
1785123470.4539819,-3.564969628217595,0.7982409109599966
1785123470.458673,-3.566984586994648,0.7983188464344065
1785123470.46278,-3.5689243113538165,0.7983927891022925
1785123470.4676118,-3.5709321995963856,0.7984686008613346
1785123470.47258,-3.5729409378955257,0.7985433373983373
1785123470.4773488,-3.5749006069763754,0.7986145015463376
1785123470.4851806,-3.576855414313579,0.7986857504031527
1785123470.4891477,-3.5787722397403003,0.7987548564910953
1785123470.4919727,-3.5808501506342356,0.7988289167304884
1785123470.500608,-3.582834369487984,0.7989001756615989
1785123470.5053763,-3.5847201459880207,0.7989665026789081
1785123470.5069923,-3.5866370835501367,0.7990337618095025
1785123470.5122955,-3.588454705205531,0.7990966918118766
1785123470.5176203,-3.5902820437312046,0.7991588675221437
1785123470.5240574,-3.592109934487025,0.7992226676861329
1785123470.5271995,-3.593957618926834,0.7992861582839321
1785123470.5324733,-3.5957658937558183,0.7993483512564219
1785123470.5374632,-3.5975230659729522,0.7994092377306145
1785123470.5427167,-3.599360777381435,0.7994713519726377
1785123470.5467365,-3.6011438340146333,0.7995328472121523
1785123470.551477,-3.6030727717399658,0.7995973776988942
1785123470.55824,-3.6049948966801364,0.7996609462583851
1785123470.5678763,-3.6069730585519286,0.7997254419780937
1785123470.5689464,-3.609013505448354,0.799789579216395
1785123470.5714335,-3.6110184504151253,0.7998523443079938
1785123470.5764976,-3.61298777184313,0.7999135410207798
1785123470.582246,-3.6149336332692354,0.799973872729274
1785123470.5872293,-3.6169246633362406,0.8000351456600427
1785123470.5928066,-3.6189506630318196,0.8000972839040489
1785123470.5997727,-3.620972828848916,0.8001583730642889
1785123470.6039932,-3.6230010088329654,0.8002190454587266
1785123470.6077693,-3.625005101895188,0.8002769643465364
1785123470.612853,-3.6269976435934232,0.8003349696483927
1785123470.6169436,-3.6289305459302774,0.8003902948625646
1785123470.6239302,-3.6309743002773387,0.8004489265638235
1785123470.626798,-3.632960409054974,0.800504625085893
1785123470.6357927,-3.634949172858098,0.8005592267163513
1785123470.6394856,-3.6368878688269155,0.8006110881021957
1785123470.643084,-3.6388589919493937,0.8006644492277747
1785123470.6462464,-3.6407710147090917,0.8007157170201206
1785123470.651338,-3.642845401845059,0.8007696522617601
1785123470.6582541,-3.6448987291408734,0.8008212734284208
1785123470.6619577,-3.646931087326338,0.8008706367250531
1785123470.6662633,-3.648928125735035,0.8009175338057322
1785123470.6749806,-3.650931178403624,0.8009648522114786
1785123470.6787114,-3.6528769487603316,0.8010095447772714
1785123470.682724,-3.6548941275628275,0.8010540852571738
1785123470.6869972,-3.656862727641401,0.8010936470281208
1785123470.691537,-3.6589216701579192,0.8011345091344401
1785123470.7062714,-3.6609001619891504,0.8011731176779636
1785123470.7101088,-3.6629241638561068,0.8012114004804312
1785123470.7203672,-3.665029651339691,0.8012494060738264
1785123470.72226,-3.667015518319833,0.8012828306361343
1785123470.73062,-3.669018185498311,0.8013130886169814
1785123470.7415788,-3.6709590888478822,0.8013408050524375
1785123470.7431068,-3.6729298064183724,0.8013671342587306
1785123470.757847,-3.6749474551707424,0.8013935124031634
1785123470.7594993,-3.6769300900720014,0.8014184897538942
1785123470.7725458,-3.6789541393229745,0.801443863509451
1785123470.7742815,-3.68090342121071,0.8014667978517243
1785123470.775635,-3.682871014974472,0.801488581343263
1785123470.7872498,-3.6848643181282754,0.8015094166329959
1785123470.7891777,-3.6868504829371034,0.801529156236378
1785123470.7977693,-3.6887815665418717,0.8015462530444415
1785123470.7987413,-3.6907809033121928,0.8015642690794005
1785123470.8112423,-3.692762578469633,0.8015801532470082
1785123470.8367877,-3.694740497909754,0.8015944273017827
1785123470.8400807,-3.696756100646658,0.8016067387825675
1785123470.8534884,-3.6987520670580043,0.8016176695012698
1785123470.8842623,-3.7006928990014516,0.8016286112066694
1785123470.8868744,-3.702708055748553,0.8016365094226916
1785123470.9016016,-3.7047441704237127,0.8016423217094496
1785123470.9147787,-3.7067195356502993,0.8016459053103734
1785123470.9158437,-3.708702477829178,0.8016471280574038
1785123470.9320812,-3.7106615628073594,0.8016455439639383
1785123470.9331605,-3.712654021365055,0.8016425601768362
1785123470.949215,-3.714616381970315,0.801638471787378
1785123470.952163,-3.7166582204049443,0.8016325169837336
1785123470.9643216,-3.7186813771439517,0.8016255225456923
1785123470.972649,-3.720676827831729,0.801616328295731
1785123470.9745502,-3.722784977921307,0.8016055225244835
1785123470.9891758,-3.7247620545684303,0.8015937328660895
1785123470.9903214,-3.7267303698805376,0.8015793698728331
1785123470.9922469,-3.7287229949457497,0.8015609895674115
1785123471.0041041,-3.730836217502057,0.8015385542914321
1785123471.0080066,-3.7328127997297673,0.8015158828266067
1785123471.012137,-3.734788065200595,0.8014919038566267
1785123471.0280674,-3.7367820439263686,0.8014652877371005
1785123471.0289085,-3.7387861809444116,0.8014365391122512
1785123471.0608947,-3.7408766139431338,0.8014036670725588
1785123471.0788317,-3.742884533259252,0.8013717835946779
1785123471.079977,-3.744905156865806,0.8013365798691545
1785123471.0877745,-3.746886709247348,0.8013005046356447
1785123471.091459,-3.7488304937289927,0.8012631545877479
1785123471.1258302,-3.7508738483131374,0.8012238973332844
1785123471.133209,-3.7527617386122896,0.801185292943206
1785123471.133913,-3.754713916360684,0.801143583764606
1785123471.1377838,-3.7566840861111044,0.8011006372304104
1785123471.1444633,-3.7586468829944866,0.801056895767768
1785123471.1503026,-3.760626566138161,0.8010115488494751
1785123471.1529875,-3.7626547753739996,0.8009647305394154
1785123471.1571488,-3.7646291313940643,0.8009165480172725
1785123471.1624823,-3.7667156780881887,0.8008657412244906
1785123471.1673892,-3.7687661771922474,0.8008157392375319
1785123471.1733356,-3.7707841333139602,0.8007679556342129
1785123471.176152,-3.772805663012127,0.8007197668571627
1785123471.182239,-3.7748301085321363,0.8006702199235467
1785123471.1873362,-3.7767415250232026,0.8006239693163493
1785123471.1921027,-3.7787369343977733,0.8005742286585278
1785123471.200173,-3.7806736341638185,0.8005256004120668
1785123471.2038388,-3.78258407679722,0.8004752739110613
1785123471.2101521,-3.784634006817523,0.8004181756870797
1785123471.2140718,-3.7866114243990316,0.8003627208113623
1785123471.2187574,-3.7885939929264727,0.8003056055452549
1785123471.2276995,-3.790620307773416,0.80024520191334
1785123471.2296362,-3.7925982997026177,0.8001830232059705
1785123471.2325404,-3.794599215692609,0.800118801410871
1785123471.2367275,-3.796682128338173,0.800049875485595
1785123471.2425613,-3.798685930327032,0.799983896497762
1785123471.2470772,-3.8006799293595033,0.799916975144155
1785123471.2518368,-3.8027243889667064,0.7998469916538529
1785123471.2606668,-3.804693172983429,0.7997796421449921
1785123471.2660267,-3.8066642650232336,0.7997116534434426
1785123471.2776814,-3.808620299177616,0.7996445316528773
1785123471.2825751,-3.8106265012039024,0.7995744269235602
1785123471.2866871,-3.8125640185511074,0.7995061663600295
1785123471.2919571,-3.81451071185767,0.7994356444899056
1785123471.2967832,-3.8163835664964574,0.7993678020693376
1785123471.3013031,-3.8183186754148504,0.7992974145162908
1785123471.3091164,-3.8200964545992084,0.7992313497711961
1785123471.311894,-3.821902207871928,0.7991627538695211
1785123471.3183956,-3.8237403532436893,0.7990904120988153
1785123471.3240807,-3.8255720098748123,0.7990165861967747
1785123471.3276296,-3.8273558595436667,0.7989445853708339
1785123471.333292,-3.829199338929759,0.7988678304221941
1785123471.3408973,-3.8309686597792925,0.7987932827808345
1785123471.345192,-3.832800201974964,0.7987133742665697
1785123471.3504002,-3.8345842042790808,0.7986344173368355
1785123471.3569534,-3.836512537156214,0.7985483346247874
1785123471.3601496,-3.838491101349769,0.7984577479604913
1785123471.3641915,-3.8403970408175354,0.7983681858548107
1785123471.3683832,-3.8422979967522437,0.7982779736742366
1785123471.3739688,-3.8442666667557535,0.7981832851821002
1785123471.3803577,-3.8461787725312093,0.7980893839213811
1785123471.3828795,-3.8481245221048237,0.7979913008035485
1785123471.38931,-3.850187432172603,0.797885987108627
1785123471.3933644,-3.852129882962887,0.7977873346266278
1785123471.4005117,-3.854142747451922,0.7976832699349129
1785123471.4027143,-3.8560612197238404,0.7975819882635083
1785123471.4117982,-3.8579657895571486,0.79748123208381
1785123471.4173205,-3.8600118468541313,0.7973707704593854
1785123471.4185991,-3.861991184894977,0.7972591059648917
1785123471.4258652,-3.8639129124045763,0.7971487423486365
1785123471.427336,-3.8659470233405084,0.7970302538664268
1785123471.431772,-3.867943958413822,0.7969113143009704
1785123471.4396815,-3.8699026327166384,0.7967932516967534
1785123471.4443824,-3.8719030423614673,0.7966694750552761
1785123471.448061,-3.8739015678291784,0.7965448257711203
1785123471.4530296,-3.8758221825028185,0.7964233544568237
1785123471.458133,-3.877789316493945,0.7962954948957095
1785123471.462841,-3.879734990676361,0.7961671696389875
1785123471.4668424,-3.881703859290344,0.7960349942146437
1785123471.4728763,-3.8836221064200602,0.795904561352001
1785123471.476373,-3.8856149024443245,0.7957687448727486
1785123471.4813654,-3.887611998144139,0.795629046455584
1785123471.48724,-3.8895857660710704,0.7954919600114514
1785123471.4915314,-3.891532093953281,0.7953544671599375
1785123471.4959698,-3.8935082375057006,0.7952140331741074
1785123471.5019639,-3.895448138930932,0.7950745813944189
1785123471.5093477,-3.8974342338808055,0.794930101499088
1785123471.5125773,-3.899382305394796,0.7947879057971837
1785123471.5185645,-3.9014247234296207,0.794637040299309
1785123471.523725,-3.903371280643172,0.794491334086423
1785123471.5266438,-3.905353152310704,0.7943417332952406
1785123471.5322044,-3.9073642235098784,0.7941870489663262
1785123471.5372455,-3.9093445761433223,0.7940316385706035
1785123471.5428743,-3.911307825780448,0.793874946278292
1785123471.5463343,-3.9132855700913676,0.7937175743055457
1785123471.552782,-3.915272174062693,0.7935587521375264
1785123471.557756,-3.917257020528839,0.7933971327757062
1785123471.5622125,-3.919217471404964,0.7932333639493886
1785123471.566206,-3.9211864014089306,0.7930643815440666
1785123471.57389,-3.923132713152971,0.792894668264359
1785123471.5775084,-3.9251837617456387,0.7927111166053189
1785123471.5817797,-3.9271534009958855,0.7925317127026262
1785123471.58782,-3.929110251437365,0.7923493008645627
1785123471.59151,-3.9311130469858306,0.7921593120409111
1785123471.596267,-3.933092247884503,0.7919696146899093
1785123471.6013167,-3.9350264008183595,0.7917819050198271
1785123471.6115324,-3.9369928586170246,0.7915883431309504
1785123471.6156728,-3.9389725056385587,0.7913898688747807
1785123471.6180565,-3.9409812718451764,0.7911854288084954
1785123471.623706,-3.942989630415814,0.7909786613698758
1785123471.6270454,-3.9449658180182663,0.7907722683859403
1785123471.6316938,-3.9469168547853926,0.7905646330250414
1785123471.6372411,-3.9488997094230545,0.7903508551298946
1785123471.6420543,-3.9509214109807416,0.7901320357679308
1785123471.646521,-3.952834323879726,0.7899222919306176
1785123471.6538396,-3.9546808333345793,0.7897176135532209
1785123471.664925,-3.956536090424705,0.7895108733989353
1785123471.6676533,-3.9583758097193873,0.7893031537892335
1785123471.6812313,-3.9602073705773995,0.7890947977899712
1785123471.6848962,-3.962050348767776,0.7888817939124549
1785123471.686697,-3.963867156178212,0.7886690278023526
1785123471.7026272,-3.965639002595266,0.7884601643746354
1785123471.7042704,-3.9675161907586856,0.788236339274867
1785123471.7132075,-3.9694199918379356,0.7880064653689445
1785123471.715894,-3.9714214341146215,0.7877628657034496
1785123471.7477152,-3.973319592918204,0.7875291017857687
1785123471.760559,-3.9752962195570367,0.7872811013674007
1785123471.7635233,-3.9772617576189786,0.7870303530031404
1785123471.7712514,-3.979254924040018,0.7867726183171139
1785123471.787217,-3.9811872086087825,0.7865199805042085
1785123471.7903817,-3.983251075586962,0.7862455846348534
1785123471.7920122,-3.9852256184995967,0.7859807125719297
1785123471.7942863,-3.9872619224986394,0.7857038663992852
1785123471.796076,-3.989173931224415,0.7854404685371484
1785123471.799084,-3.9911842575488197,0.7851612346878857
1785123471.8011663,-3.9931765522037814,0.7848807600859463
1785123471.8073742,-3.9951996296835572,0.7845909972892405
1785123471.8126917,-3.997184326050347,0.7843028930723828
1785123471.817857,-3.9990610566393543,0.7840285494921507
1785123471.823883,-4.0010366518808524,0.7837380381719813
1785123471.830583,-4.0030449861990025,0.7834389749049497
1785123471.8343186,-4.005000868093891,0.7831466662589806
1785123471.836844,-4.006909695701191,0.7828596459823683
1785123471.843414,-4.0088229556114205,0.7825695822051052
1785123471.8471363,-4.010827108439051,0.7822636870372925
1785123471.856882,-4.012787868832434,0.7819616079516951
1785123471.8652165,-4.014772010582056,0.7816524956544266
1785123471.8716254,-4.016669566597246,0.7813532693396282
1785123471.8740952,-4.018658824408157,0.781036911337693
1785123471.877532,-4.0206060150008955,0.7807233647519173
1785123471.882899,-4.0225815642608,0.7804020415803585
1785123471.8874984,-4.024535133699562,0.7800818259129114
1785123471.8995066,-4.0264354983769515,0.7797662514857079
1785123471.902317,-4.028390053502481,0.7794395243965087
1785123471.9149582,-4.03025697208741,0.7791233512231625
1785123471.925825,-4.032087044812957,0.778808758610262
1785123471.9307249,-4.033908518061892,0.7784922565315224
1785123471.9324238,-4.035742238111324,0.7781710695435138
1785123471.9338071,-4.037482544183033,0.7778621004240127
1785123471.949142,-4.03926383555508,0.7775428269596707
1785123471.9507744,-4.04103931350231,0.7772226540639817
1785123471.9641433,-4.042776312197261,0.7769074425540844
1785123471.9659271,-4.044495919628275,0.7765932938820401
1785123471.96734,-4.0463285613227615,0.7762565586586954
1785123471.9746594,-4.048056786421182,0.775936545162761
1785123471.9755125,-4.049794537964006,0.7756141085146225
1785123471.980739,-4.051606263573167,0.7752732995169874
1785123471.9842536,-4.053262532437459,0.7749599015305834
1785123471.9901855,-4.055027335286135,0.7746233349449281
1785123471.993276,-4.056789784006351,0.7742844395675548
1785123471.9964178,-4.058675365446324,0.7739187198416024
1785123472.0028324,-4.060522633509932,0.773556698956498
1785123472.009632,-4.062413462712553,0.7731838777703908
1785123472.0121927,-4.0644482689247425,0.7727803754453946
1785123472.0189054,-4.066377139189983,0.7723963376607382
1785123472.0247214,-4.068347926181286,0.7720019156445106
1785123472.0321093,-4.070345556954438,0.771600078178029
1785123472.0372953,-4.072245589831226,0.7712160262107303
1785123472.0397778,-4.074137333822944,0.7708314187560372
1785123472.0433578,-4.0760280498247266,0.7704433857092884
1785123472.0466478,-4.077934344413649,0.7700496510776038
1785123472.0546427,-4.0798895094991625,0.7696439514674
1785123472.0575042,-4.081858081736575,0.7692333717677828
1785123472.0633206,-4.083827591491562,0.7688224534142192
1785123472.0673532,-4.085811193044838,0.7684085203284376
1785123472.0744243,-4.0878155495282025,0.7679872767103619
1785123472.0896606,-4.089749147872549,0.7675802338235121
1785123472.0910237,-4.091742417236963,0.7671593532249508
1785123472.0930023,-4.0936569844297,0.7667544954997039
1785123472.0978122,-4.095661259625421,0.7663271463011466
1785123472.1018302,-4.0976095466154385,0.7659099856057237
1785123472.1096182,-4.099544959541209,0.7654942428703724
1785123472.1121488,-4.1015160018108405,0.7650688202473178
1785123472.1182413,-4.103464239245895,0.7646460100331489
1785123472.12479,-4.1053696872699845,0.7642307800806355
1785123472.132445,-4.107205562203816,0.7638271281673585
1785123472.1335726,-4.109079005764999,0.7634148473407983
1785123472.139661,-4.111058660916399,0.762976447635361
1785123472.143162,-4.113062259225086,0.7625327876175759
1785123472.1467865,-4.114948302135231,0.7621128076831516
1785123472.1536443,-4.11688325787994,0.7616804357040057
1785123472.1584194,-4.118885733921546,0.7612323212903256
1785123472.1655674,-4.120802377407456,0.7608032860411941
1785123472.1683156,-4.122782363590898,0.7603567229571077
1785123472.1719792,-4.124821120067835,0.7598943428183635
1785123472.1762204,-4.126733023853153,0.7594599433552545
1785123472.1896317,-4.128632169392426,0.7590273090230903
1785123472.1928155,-4.130622814866963,0.7585709596027029
1785123472.1940517,-4.132455564546233,0.7581483384052079
1785123472.1963372,-4.134373636900329,0.7577050904391889
1785123472.2029471,-4.136313160903696,0.7572538065591461
1785123472.208202,-4.138213707938319,0.7568071421706101
1785123472.2112043,-4.140202428570001,0.7563338255183112
1785123472.2181764,-4.14207096744749,0.7558871329007817
1785123472.2229502,-4.1439997030210955,0.7554224498531045
1785123472.2265477,-4.146011377338372,0.7549358785151419
1785123472.2317286,-4.147945297907672,0.7544655089617655
1785123472.2375526,-4.1499117308933595,0.7539846347762512
1785123472.2414153,-4.151843184114508,0.7535092427860902
1785123472.2500782,-4.153716433733113,0.7530443863018738
1785123472.2542858,-4.155674821700031,0.7525554273857735
1785123472.2736492,-4.157628699609247,0.7520639111283769
1785123472.2832615,-4.159626311240089,0.7515572986242283
1785123472.2850785,-4.161601317687637,0.7510527636148491
1785123472.290024,-4.1634927849003365,0.7505660734700618
1785123472.292601,-4.165456180418712,0.7500577933186248
1785123472.2940714,-4.167372004530721,0.749559566813246
1785123472.2954862,-4.169248543092989,0.7490680310118567
1785123472.2976234,-4.171173871119701,0.7485607673166077
1785123472.3021486,-4.173074838441927,0.7480559770545683
1785123472.3092072,-4.175024158527785,0.7475353242803748
1785123472.3126085,-4.176879026514784,0.7470359867766827
1785123472.317652,-4.17876041183904,0.7465249371759493
1785123472.322068,-4.180721877853723,0.7459885728979649
1785123472.3320718,-4.1825854298970375,0.7454755440726011
1785123472.3347404,-4.184560746952769,0.7449287315297051
1785123472.3385816,-4.186536380505113,0.744379292859348
1785123472.3445578,-4.188463827347657,0.743840378023322
1785123472.3496058,-4.190435303326301,0.7432862820875459
1785123472.352573,-4.1924075979798365,0.7427285523996283
1785123472.3591,-4.194381219825592,0.7421682708188319
1785123472.3646257,-4.1963009645286995,0.7416215487894975
1785123472.3700168,-4.198257668577993,0.7410610605041559
1785123472.3737063,-4.2002206205467205,0.7404952866813527
1785123472.3772058,-4.202162855771093,0.7399336799628073
1785123472.3821034,-4.204151815930092,0.7393557901081417
1785123472.3896663,-4.206111319507635,0.7387841624440619
1785123472.3927062,-4.208073030601319,0.7382079855467379
1785123472.397394,-4.210035608286414,0.7376303452734558
1785123472.401537,-4.211968603856963,0.7370560400629459
1785123472.4081514,-4.213894756009024,0.7364804534010364
1785123472.410856,-4.215840176769887,0.735895828837039
1785123472.4173706,-4.217819122087084,0.7352991101490086
1785123472.4215877,-4.219795730593659,0.7346983302084444
1785123472.4268858,-4.221765177723949,0.7340957022928039
1785123472.4319448,-4.223756390109905,0.7334833718024354
1785123472.438021,-4.225791371748801,0.7328535500689783
1785123472.4424663,-4.227746121341958,0.7322465648292259
1785123472.446371,-4.229723265221236,0.7316294517722509
1785123472.452355,-4.231707229008129,0.7310073156908903
1785123472.4565296,-4.233653712193881,0.7303931536401415
1785123472.4621377,-4.235646661079752,0.7297615960588439
1785123472.4669585,-4.237738880065193,0.7290935765159355
1785123472.472168,-4.239777093708503,0.728438917167493
1785123472.4770107,-4.241739332455981,0.7278060500750826
1785123472.4810703,-4.243746939567482,0.7271563778049124
1785123472.4885502,-4.245773858116148,0.7264950993544703
1785123472.491323,-4.247889740293706,0.7258008284103586
1785123472.496608,-4.250021146845552,0.7250947317727086
1785123472.5016725,-4.251963157812205,0.7244470760525928
1785123472.5074563,-4.254009353434354,0.7237582533031964
1785123472.5114238,-4.256047820487766,0.7230690405139846
1785123472.5170214,-4.2581106908546245,0.7223661705249458
1785123472.523128,-4.2601117850494115,0.7216792931655431
1785123472.5267346,-4.262252208288128,0.7209396346347091
1785123472.5312953,-4.264322585469842,0.7202165476420974
1785123472.5360348,-4.266401111952505,0.7194868284286149
1785123472.5417209,-4.268402681463372,0.7187770525621572
1785123472.5464616,-4.270335400238291,0.7180860709158526
1785123472.5518327,-4.272295533344355,0.7173812133630039
1785123472.5565915,-4.274341878939606,0.7166402799513103
1785123472.5614176,-4.276328262104095,0.7159167775580048
1785123472.566746,-4.278298637777549,0.7151945013140935
1785123472.5715551,-4.280317743790858,0.7144501835577913
1785123472.5758948,-4.282284420588689,0.7137209190510609
1785123472.581527,-4.284286047405371,0.7129731439532953
1785123472.587463,-4.286289171512014,0.7122228747395243
1785123472.5918088,-4.288262281213088,0.7114808658381451
1785123472.596506,-4.290179582483995,0.7107570952641794
1785123472.6018424,-4.291981349354423,0.7100740640125195
1785123472.6073167,-4.2938577532962245,0.7093593990048771
1785123472.610659,-4.29568239492535,0.7086616204543346
1785123472.6168404,-4.297537074003853,0.7079498272917968
1785123472.6218982,-4.299335512526999,0.7072603335036969
1785123472.627419,-4.301151274863894,0.7065637722135941
1785123472.6311376,-4.302935105723184,0.7058787042945504
1785123472.6370883,-4.304741881539741,0.7051822783726871
1785123472.6426494,-4.30647685978584,0.7045120694278317
1785123472.6463556,-4.308158782213288,0.7038610535461718
1785123472.6520057,-4.309888884983442,0.703191698534889
1785123472.6573787,-4.311587928289923,0.7025319741810221
1785123472.6615407,-4.313315160561857,0.7018608623131404
1785123472.6673753,-4.31503911392458,0.7011893590277388
1785123472.6735697,-4.316818165123105,0.7004961349423728
1785123472.6761723,-4.318495125013972,0.6998426052005964
1785123472.6816802,-4.320197869678077,0.6991752293915553
1785123472.6950197,-4.321891817098905,0.6985076335207939
1785123472.698606,-4.323514873493171,0.6978656225077001
1785123472.7030098,-4.325319526721055,0.6971497206753652
1785123472.7079556,-4.32716225968264,0.696415730815833
1785123472.7133937,-4.328907756888359,0.6957171614687909
1785123472.7175608,-4.330783192273816,0.6949621909505301
1785123472.7234342,-4.332615269585346,0.6942211659552984
1785123472.7274375,-4.334410633443237,0.693488551804763
1785123472.7331328,-4.336264200317141,0.6927276736209202
1785123472.7377007,-4.338057587879086,0.6919859373856893
1785123472.7431946,-4.339869619991259,0.6912321814937432
1785123472.747137,-4.341705661977161,0.6904632993297413
1785123472.7527127,-4.343498978950346,0.6897061663889761
1785123472.7575934,-4.345358264931373,0.6889136393346592
1785123472.7618358,-4.3472175416033805,0.6881144134456829
1785123472.7677057,-4.3489762761929,0.6873511927306526
1785123472.7739835,-4.350793603139763,0.6865543446740899
1785123472.7783673,-4.352559923274804,0.6857719990124789
1785123472.7840686,-4.354333816573592,0.6849788135946665
1785123472.7876847,-4.356141101986656,0.6841618265158634
1785123472.8028293,-4.357919289352856,0.6833506402341634
1785123472.8051984,-4.3596421009605475,0.6825557483356149
1785123472.8072727,-4.361430656069322,0.6817237104964781
1785123472.8120673,-4.363206011142712,0.6808901837646643
1785123472.817508,-4.364943637551176,0.6800670249996325
1785123472.8215396,-4.366745648895717,0.6792068380093559
1785123472.8265555,-4.368521922636444,0.6783524507518578
1785123472.8324962,-4.370249619779364,0.6775150780956993
1785123472.8371334,-4.372025032888732,0.6766462679368912
1785123472.8416326,-4.373833388269068,0.6757537937210959
1785123472.8459954,-4.3755209778529744,0.6749147970662487
1785123472.8508732,-4.377173774913543,0.67408737082516
1785123472.8567173,-4.37873595813286,0.6733003008712491
1785123472.8616216,-4.380363097879009,0.672475259424876
1785123472.8676775,-4.381964295380815,0.6716590256328382
1785123472.8720589,-4.383550899438284,0.6708431803753242
1785123472.8763812,-4.3851993552655655,0.6699910678210297
1785123472.881472,-4.3867838294024635,0.6691690411475654
1785123472.8874223,-4.3883706351933185,0.6683413657126374
1785123472.8920062,-4.389883298802173,0.6675490266189753
1785123472.9015937,-4.391484190901842,0.6667065935988888
1785123472.9046025,-4.393076691293716,0.6658660939183764
1785123472.9090617,-4.394623463318966,0.6650473589732044
1785123472.911871,-4.396179794143479,0.6642211717371932
1785123472.9165988,-4.397831595343135,0.663340646369788
1785123472.9219213,-4.3994058903179125,0.6624980963234909
1785123472.927575,-4.400946253274647,0.6616717511510182
1785123472.9329305,-4.402481300555825,0.6608471761640379
1785123472.936626,-4.404104150159069,0.6599724335887422
1785123472.942416,-4.405628689153621,0.6591504972048223
1785123472.9466171,-4.4071679559427075,0.6583203798114899
1785123472.9523044,-4.408717860903588,0.6574852733321714
1785123472.9575412,-4.41025863162822,0.6566549254880644
1785123472.9620118,-4.411812640680113,0.6558164743132062
1785123472.9677048,-4.4134223509425725,0.6549479932654518
1785123472.9724936,-4.4149385078481,0.6541300242214219
1785123472.9763825,-4.416491585307308,0.6532897308748342
1785123472.981471,-4.418070042312273,0.6524363994063703
1785123472.986606,-4.419605080902843,0.6516055364726733
1785123472.992247,-4.421176853733163,0.6507550868785659
1785123473.0019436,-4.422716884181591,0.6499224679292682
1785123473.0052443,-4.424272608190217,0.6490824016054235
1785123473.0074506,-4.4259167224185925,0.6481949949009335
1785123473.013061,-4.427629423894084,0.6472710830477425
1785123473.0177107,-4.429352163878343,0.6463433167567386
1785123473.0226436,-4.431022100199343,0.6454416173395437
1785123473.028167,-4.432792994960815,0.6444876809681802
1785123473.0328028,-4.434480306718554,0.6435797673493254
1785123473.0370183,-4.436133442955716,0.6426905900273555
1785123473.0426764,-4.437802268821169,0.6417945535971102
1785123473.0464158,-4.43943998697501,0.6409154101067374
1785123473.052589,-4.441140392544772,0.6400037959367679
1785123473.0585105,-4.44287006026825,0.63907760522018
1785123473.061985,-4.444582249717343,0.6381612693779125
1785123473.0694153,-4.44631616949843,0.6372352182500927
1785123473.073273,-4.44796825839891,0.6363547248432402
1785123473.0774815,-4.44969738185921,0.6354313538917982
1785123473.0820096,-4.451384813813038,0.6345289195334526
1785123473.0879347,-4.453081823194886,0.6336218729179953
1785123473.0922647,-4.454736481637375,0.632736684859119
1785123473.1022303,-4.456476026573937,0.6318051141914254
1785123473.1059084,-4.458179887998316,0.6308926062703997
1785123473.1082573,-4.459894347210449,0.6299728767333955
1785123473.1115162,-4.461516811399207,0.6291008383568418
1785123473.1169872,-4.4632439513002415,0.6281701946271252
1785123473.1244824,-4.464966436341902,0.6272413175604492
1785123473.1267982,-4.466731556206027,0.6262872282604184
1785123473.1320956,-4.468460734004924,0.625349088138605
1785123473.137556,-4.470143623239988,0.6244327839888075
1785123473.1422586,-4.471832107910282,0.6235099557269402
1785123473.1488004,-4.473555194001501,0.6225661589929582
1785123473.1528502,-4.475236047621429,0.6216451901727861
1785123473.15881,-4.4769427208349475,0.620709646114449
1785123473.1635046,-4.478692615792808,0.6197486622166283
1785123473.1663842,-4.480372632888073,0.6188227685494477
1785123473.1711636,-4.482152011678283,0.6178378479301299
1785123473.1762989,-4.483933249334064,0.6168490594661831
1785123473.1813369,-4.485652668042803,0.6158925193400526
1785123473.1877153,-4.487403801699602,0.6149148931380112
1785123473.1932783,-4.489152966573298,0.6139364658197793
1785123473.2028823,-4.490884116290723,0.6129664013179479
1785123473.2075405,-4.492627503520443,0.6119891542384069
1785123473.2116303,-4.494343781113279,0.611025208205117
1785123473.217576,-4.49609976849106,0.6100365134641155
1785123473.2235389,-4.497832089930014,0.6090570302543694
1785123473.2290223,-4.499505805118472,0.6081087549822453
1785123473.2328467,-4.501247094130132,0.6071193689116579
1785123473.2379408,-4.5030626829329385,0.6060817807205934
1785123473.2429829,-4.504892481920284,0.6050319697191282
1785123473.248014,-4.506612589953574,0.6040390190878524
1785123473.2519958,-4.50834701305801,0.6030326701136365
1785123473.2575147,-4.510121815380667,0.6019975585575205
1785123473.263558,-4.511834880623033,0.60099489573117
1785123473.2666998,-4.513566479551958,0.5999784485351057
1785123473.2727616,-4.515336915448171,0.5989348064131603
1785123473.277712,-4.517116329358578,0.5978817636034313
1785123473.2824736,-4.518846019202793,0.5968558014038929
1785123473.2873755,-4.5205142746775016,0.5958612481419673
1785123473.294865,-4.522251909370158,0.5948230907974801
1785123473.298048,-4.5239755778876924,0.593791076257283
1785123473.3086262,-4.525738898932218,0.5927318648198358
1785123473.3111963,-4.527449813368244,0.5917013433715683
1785123473.3176425,-4.5290267044583965,0.5907490472726341
1785123473.3220327,-4.530623829935031,0.5897797332007768
1785123473.326792,-4.532235967315949,0.5887985162005194
1785123473.3322349,-4.53386952881703,0.5878007902535672
1785123473.3370745,-4.535450717831625,0.5868314151729618
1785123473.3468363,-4.537068591055589,0.5858363862186311
1785123473.3497334,-4.53862408710151,0.5848752564789172
1785123473.3527122,-4.540183382446198,0.5839076124167885
1785123473.3582313,-4.541710565699354,0.5829562232539501
1785123473.3622937,-4.54325731716933,0.5819900403738308
1785123473.367824,-4.544857124687246,0.5809868746019077
1785123473.3723843,-4.546410633075822,0.5800093737224747
1785123473.3811536,-4.547958619921061,0.5790327312552971
1785123473.3854809,-4.549556101108163,0.5780221416583546
1785123473.3965335,-4.551093085883043,0.57704663254756
1785123473.4004824,-4.552670123633494,0.5760450514916272
1785123473.4032516,-4.5542567439661665,0.5750350243037583
1785123473.4063945,-4.555754335140515,0.5740772263515087
1785123473.4223266,-4.557204736124449,0.5731457837803238
1785123473.4246604,-4.558684549168275,0.5721933199698862
1785123473.4305372,-4.560063429177357,0.5713037034650107
1785123473.4357731,-4.561513641378619,0.5703625546205104
1785123473.4392228,-4.562922057693826,0.569444673350477
1785123473.4419234,-4.5643487940432435,0.5685125625471951
1785123473.4432514,-4.565704183495779,0.5676245138613812
1785123473.446,-4.567143756254352,0.5666794265368127
1785123473.451861,-4.5686950595654725,0.5656581791471552
1785123473.456725,-4.570190444793372,0.5646703309719644
1785123473.461553,-4.571733124229363,0.5636474958152297
1785123473.4657862,-4.573354580797332,0.5625688568122371
1785123473.4714353,-4.574953920942889,0.5615018316034461
1785123473.4773204,-4.57660153576019,0.5603986846914265
1785123473.4812474,-4.578180225934348,0.5593380548864889
1785123473.4857328,-4.579804223408939,0.5582436737129707
1785123473.4913058,-4.581382642204335,0.5571776714775395
1785123473.4957135,-4.583059624879527,0.556043560135157
1785123473.5012593,-4.584676492506489,0.554944342995429
1785123473.507315,-4.586339568481851,0.5538107988847973
1785123473.5152352,-4.588071021213927,0.5526240859958963
1785123473.5184507,-4.589673206101463,0.5515217114891623
1785123473.523748,-4.5913505985069785,0.550364101849296
1785123473.5283902,-4.592994585340561,0.5492265961507034
1785123473.5319197,-4.5946784057585495,0.548058770084734
1785123473.5374575,-4.5963029800180735,0.5469297577397304
1785123473.5426853,-4.597984164655707,0.5457584689353806
1785123473.546407,-4.5996390743133375,0.5446033192988639
1785123473.5524685,-4.601278761324769,0.5434543957243152
1785123473.5568552,-4.602951350211445,0.5422787075299709
1785123473.5617192,-4.604642697393948,0.5410872309682774
1785123473.567033,-4.606266241360476,0.5399408436329569
1785123473.5716846,-4.607901424224427,0.5387841544138512
1785123473.5772488,-4.609536870174205,0.5376257260511692
1785123473.5817914,-4.611164450453303,0.536470105275724
1785123473.5859773,-4.612794199650479,0.5353100783923882
1785123473.5914655,-4.61443324125986,0.5341398062642484
1785123473.5965984,-4.616058404706576,0.5329763563580918
1785123473.6021395,-4.617706137950805,0.5317947094230522
1785123473.6068103,-4.61938063413823,0.5305884277767168
1785123473.6149414,-4.62102027337414,0.5294047870000779
1785123473.6171873,-4.622632257767729,0.5282379557084914
1785123473.621868,-4.624269678784997,0.527049827503345
1785123473.6277583,-4.625919512552697,0.5258495494553358
1785123473.6320317,-4.627582889771525,0.5246381668149839
1785123473.6369054,-4.6291966451236535,0.5234581762150003
1785123473.6426427,-4.6308345050238895,0.5222582155379312
1785123473.6471195,-4.632361170818199,0.5211340592898718
1785123473.6511135,-4.633910822398108,0.5199909208349033
1785123473.6563458,-4.635460243435135,0.518847118912854
1785123473.661374,-4.636905640828381,0.5177768865397616
1785123473.6665065,-4.638341298882076,0.5167114350873412
1785123473.6723769,-4.6398387807223935,0.5155956617947433
1785123473.676369,-4.641306119954225,0.5145003720772187
1785123473.6813421,-4.6428165348671175,0.5133708243337533
1785123473.6876342,-4.644294489218368,0.5122641897495199
1785123473.692645,-4.645830061370811,0.5111133804846699
1785123473.6962616,-4.6472291189480615,0.5100603845454966
1785123473.7010076,-4.648641093975931,0.508994651327112
1785123473.707233,-4.650121724645956,0.5078756430985534
1785123473.7144256,-4.651620866393594,0.506740589080455
1785123473.716879,-4.653057667489187,0.5056516640159143
1785123473.723217,-4.654490400404813,0.504563184755528
1785123473.7263722,-4.655890525353187,0.5034962335819871
1785123473.7319758,-4.6573400910822995,0.5023892618146695
1785123473.735816,-4.65874720294896,0.5013133564235724
1785123473.741922,-4.660183603281073,0.5002118229574262
1785123473.7458303,-4.661711259035744,0.4990380909306592
1785123473.7516897,-4.663177796752589,0.49790903061289404
1785123473.7569191,-4.6647028843401745,0.4967331059240498
1785123473.7609904,-4.6662149033964475,0.4955642725541901
1785123473.7667944,-4.667764800943726,0.49436681522461207
1785123473.7718103,-4.669248007569443,0.49321935200456585
1785123473.7772307,-4.670831351141879,0.49199017306153014
1785123473.7815647,-4.672396413110863,0.4907723616405165
1785123473.786539,-4.673976100755322,0.48954340526175727
1785123473.7919674,-4.675581843742685,0.48829274985698234
1785123473.796746,-4.6770849898581135,0.4871184038128046
1785123473.8016722,-4.678621593811969,0.4859146457308303
1785123473.8070877,-4.680101125136782,0.4847540349434014
1785123473.8172507,-4.681646138416471,0.4835426711607694
1785123473.8206391,-4.6832713862040425,0.482266214112784
1785123473.8227901,-4.684768782085981,0.4810874226471615
1785123473.8293839,-4.686338871986638,0.4798475106903511
1785123473.8321004,-4.687898763603382,0.47861206698871117
1785123473.8364062,-4.689474438242242,0.47736260081176307
1785123473.842162,-4.690959831424488,0.47618170826601414
1785123473.8467088,-4.6924302245852365,0.4750095931219813
1785123473.8520138,-4.693976284628697,0.47377408343081484
1785123473.8578494,-4.695533332580963,0.47252619730316403
1785123473.8614986,-4.6970336169241245,0.4713216457668604
1785123473.8676438,-4.698586653220414,0.470069912169859
1785123473.8729541,-4.700153994528271,0.46880666762005735
1785123473.8766074,-4.701629329243333,0.4676170383337053
1785123473.8818152,-4.703174045938283,0.4663660922264105
1785123473.8862445,-4.704732085680161,0.4651005967596188
1785123473.892092,-4.706283839126331,0.4638364569465448
1785123473.896663,-4.707822657825619,0.46257846625145843
1785123473.9012463,-4.70931266750134,0.4613562750108972
1785123473.9073853,-4.710780674755013,0.46014787421711967
1785123473.9135642,-4.712286314704084,0.4589055511742316
1785123473.918452,-4.713808533896725,0.4576464592372112
1785123473.9235032,-4.715295929140101,0.4564139968413154
1785123473.9276383,-4.716797551011226,0.4551661472348063
1785123473.9327555,-4.718348339093955,0.4538738685621539
1785123473.9374428,-4.7198464597768535,0.45262385652762055
1785123473.9423697,-4.721368454548229,0.451351194045377
1785123473.946141,-4.722881490193494,0.4500859518668368
1785123473.951555,-4.724346828940209,0.448858134563384
1785123473.9570396,-4.725839383663504,0.4476049356688568
1785123473.9612825,-4.727341546500537,0.44633999334797286
1785123473.966816,-4.728840763018045,0.44507582778360366
1785123473.973519,-4.730298692635814,0.4438453137264756
1785123473.9765751,-4.731827089100214,0.4425538675976284
1785123473.9818604,-4.733358088679927,0.4412568430891213
1785123473.9881053,-4.734822788801106,0.4400134981437987
1785123473.9916198,-4.736315994120677,0.4387423641667888
1785123473.9968576,-4.737785869642158,0.4374910645750983
1785123474.0021317,-4.739318285747889,0.4361858973208273
1785123474.0075889,-4.7407724420016075,0.4349456405410178
1785123474.0184588,-4.742240430183682,0.4336939356350038
1785123474.0239968,-4.743707549095151,0.43244179648005887
1785123474.0275536,-4.745182545116037,0.43118364865054626
1785123474.0333946,-4.746687234840011,0.42989805938279174
1785123474.0366666,-4.748184013758965,0.4286158111791518
1785123474.0426905,-4.749685878048151,0.4273299027110473
1785123474.0467613,-4.75119953402583,0.4260308688914647
1785123474.0511038,-4.752675359526754,0.4247631995720907
1785123474.0572805,-4.7541612419403965,0.42348533575979064
1785123474.0628412,-4.755725880313666,0.42213738227278047
1785123474.0681732,-4.757163568810962,0.4208967868271442
1785123474.072542,-4.758679071071608,0.419588177101413
1785123474.0773914,-4.760108493867479,0.41835317813675865
1785123474.082697,-4.761632280399529,0.4170343476675739
1785123474.0874026,-4.763135528773232,0.41573322327970197
1785123474.0926156,-4.764590681831899,0.4144717441129229
1785123474.0976558,-4.7661301812410155,0.41313658899673145
1785123474.1017368,-4.767592806414409,0.4118650892175104
1785123474.1090863,-4.7690590359408915,0.41058871228766713
1785123474.1122043,-4.770568223869196,0.40927706165782585
1785123474.1234815,-4.771999418417099,0.4080334377511796
1785123474.1267476,-4.773426354842966,0.40679508422857014
1785123474.1309626,-4.774899456353492,0.4055175995333034
1785123474.1363735,-4.776373971427255,0.4042387428151211
1785123474.142696,-4.7778760460020555,0.40293469037115276
1785123474.1461742,-4.779236370058405,0.4017534433219736
1785123474.151008,-4.780556663209759,0.40060496483629776
1785123474.158129,-4.781958172853573,0.39938581305440535
1785123474.1616247,-4.783325122149866,0.3981955889444325
1785123474.1673021,-4.784682978395719,0.39701329795414153
1785123474.1721885,-4.786002984721732,0.3958634088638141
1785123474.1775627,-4.787335631581375,0.39470270357578946
1785123474.1818926,-4.788668538171776,0.3935412697056713
1785123474.1866713,-4.7900397164125,0.39234825253449446
1785123474.1926112,-4.7914120128352895,0.39115232393476873
1785123474.1963737,-4.792767497199278,0.38997066928175583
1785123474.2012382,-4.794246388867791,0.3886834675050285
1785123474.20789,-4.7957136148616755,0.38740558332992464
1785123474.2122433,-4.797161617097622,0.38614074262279013
1785123474.2178407,-4.798620395885313,0.38486552809811003
1785123474.2302272,-4.800121461839458,0.38355237435105105
1785123474.2332313,-4.801582755887943,0.3822738948132665
1785123474.237013,-4.80300920435996,0.38102653888949023
1785123474.2421267,-4.804504206817907,0.37971810288686403
1785123474.2462955,-4.805964656279296,0.3784386702909955
1785123474.2516024,-4.807471632532723,0.37711337410395784
1785123474.2577107,-4.808962393122417,0.3758010774983114
1785123474.2618093,-4.810454375659289,0.374486943418851
1785123474.2672894,-4.811908230951354,0.37320575159740665
1785123474.2738223,-4.813397842603338,0.3718906261096248
1785123474.2774954,-4.814938340511058,0.3705276686373952
1785123474.281741,-4.816357945769648,0.36926860238432957
1785123474.2880955,-4.817785120568655,0.3680041333250115
1785123474.2937372,-4.819299024316961,0.3666595033641049
1785123474.296524,-4.820781305676681,0.36534192349150285
1785123474.3018594,-4.822217205622505,0.3640647424128255
1785123474.3069084,-4.82368678095501,0.36275601268343693
1785123474.3113585,-4.825148472361055,0.36145395029547905
1785123474.3166344,-4.826618868510336,0.36014076788499927
1785123474.3217654,-4.8280951550577855,0.3588220008576888
1785123474.3333898,-4.829533663568021,0.35753574635866037
1785123474.3367932,-4.83098490570753,0.3562347637520164
1785123474.3452172,-4.832517942186155,0.35485971291504775
1785123474.347256,-4.833980412576111,0.3535473925112062
1785123474.3520637,-4.835501380182093,0.35217962920610263
1785123474.356845,-4.836984167202886,0.3508444879419444
1785123474.3614376,-4.838486470891116,0.3494882176750975
1785123474.3668194,-4.8399537763274205,0.34816341975896203
1785123474.3726308,-4.841467201845638,0.3467950328377058
1785123474.378825,-4.8429531405137185,0.3454499100804746
1785123474.3816154,-4.844461991598487,0.3440826582982398
1785123474.3864865,-4.845935809520674,0.34274595218736836
1785123474.3914478,-4.847396003217829,0.34141862338235157
1785123474.3959813,-4.8488903295825025,0.3400582274403915
1785123474.4020925,-4.850361372481953,0.3387171506069085
1785123474.4072187,-4.851834848295163,0.33737047465849884
1785123474.4116802,-4.853358590330656,0.33597724382202676
1785123474.4169867,-4.85486368365793,0.33460022411054613
1785123474.4235718,-4.856408840469487,0.3331850247276332
1785123474.4296863,-4.857941243217009,0.331779154227785
1785123474.4383273,-4.8594286309335475,0.33041264498160433
1785123474.4428241,-4.860911626750732,0.3290510535089771
1785123474.4469128,-4.862420760993908,0.3276634776595947
1785123474.4530895,-4.863864734861572,0.32633197145661813
1785123474.4575963,-4.865363566865345,0.32494916858522654
1785123474.4630482,-4.866826883518879,0.3235978745049331
1785123474.4682233,-4.868313394268179,0.32222167232392135
1785123474.4724703,-4.869810755201402,0.3208305894129098
1785123474.4761472,-4.871268879319934,0.31947246935371904
1785123474.4822419,-4.872776799006996,0.3180662403536706
1785123474.4895544,-4.874220884581588,0.3167185804610132
1785123474.4915695,-4.875715303647673,0.315320762438162
1785123474.4972901,-4.877127899170395,0.3139982416898764
1785123474.5020957,-4.8785111680157325,0.3127007568985438
1785123474.5081613,-4.879838515082853,0.31145332682238186
1785123474.511578,-4.881219951611194,0.3101521778540928
1785123474.5171094,-4.88258591010834,0.308863770858677
1785123474.5217855,-4.883977206805782,0.30754949764551354
1785123474.529999,-4.885273810951491,0.306321918090671
1785123474.532577,-4.886609770680546,0.3050570893282279
1785123474.540707,-4.88793925472285,0.30379743200268544
1785123474.543308,-4.889304887613046,0.302503430641572
1785123474.5477388,-4.890614313485034,0.30126432168357636
1785123474.555235,-4.891986741179967,0.2999629493320647
1785123474.5594234,-4.893431443276817,0.29859248105055214
1785123474.5617392,-4.894845569736547,0.297250564419253
1785123474.5671506,-4.896224874725529,0.2959401305263168
1785123474.5734804,-4.897762087345962,0.29448169779502686
1785123474.5774076,-4.899245457530815,0.29307330798891795
1785123474.5814083,-4.900770059504401,0.29162191493363093
1785123474.5888197,-4.90224049834193,0.2902211271421316
1785123474.5934224,-4.903673693556767,0.2888545000494834
1785123474.5965583,-4.905101572650951,0.28749239763735895
1785123474.601866,-4.906570098321119,0.28608776822434906
1785123474.6088207,-4.908054624696155,0.2846667233637614
1785123474.6114464,-4.909535153058053,0.283252081341535
1785123474.6171098,-4.910971163683168,0.28188098749456086
1785123474.6229048,-4.912432678609005,0.2804846712469886
1785123474.626636,-4.913878284038508,0.2791003485233051
1785123474.6317177,-4.915344988631143,0.2776949518496882
1785123474.6394923,-4.91674919835063,0.2763459039686891
1785123474.6427572,-4.918223162452884,0.2749284462007405
1785123474.6469822,-4.91971729574895,0.27348893321197726
1785123474.6525745,-4.921190285938542,0.2720676230082202
1785123474.6581256,-4.92262736911651,0.27067995519311183
1785123474.6614275,-4.9241033122867295,0.26925279857007134
1785123474.6671793,-4.925522898238133,0.2678779173452806
1785123474.675365,-4.927017745070317,0.26642989084423524
1785123474.676948,-4.928428120525303,0.2650627320692655
1785123474.6822433,-4.929866425627702,0.2636647377653148
1785123474.687349,-4.931315569050082,0.26225492087719343
1785123474.6913164,-4.932707940173701,0.26089790571274457
1785123474.6975148,-4.934140435719812,0.25949938227773367
1785123474.7027764,-4.9355493277427485,0.25811870480726057
1785123474.7070796,-4.936971893499568,0.2567238066426279
1785123474.7115228,-4.938447280663766,0.2552759416086389
1785123474.7174346,-4.9398331451057835,0.25391176563070433
1785123474.7226443,-4.94127349051581,0.25248925432814395
1785123474.7279696,-4.942700834325161,0.2510777311967768
1785123474.731627,-4.944173222025366,0.24962013900550384
1785123474.7386906,-4.945573406424126,0.24823076485727094
1785123474.7429717,-4.946984932537703,0.24682755117333344
1785123474.7466922,-4.948428810240416,0.24538730839006748
1785123474.7528622,-4.949868888578148,0.24394854168717545
1785123474.7589548,-4.951279175096548,0.2425383486643556
1785123474.7611606,-4.9527119540748625,0.24110387061810942
1785123474.7668893,-4.954143077178122,0.23966774145131187
1785123474.7757022,-4.955540414828117,0.23826222612424525
1785123474.7786133,-4.956975562043239,0.23681560611867475
1785123474.782185,-4.958313433340831,0.23546653811040597
1785123474.7862058,-4.959695351728861,0.23407208332689663
1785123474.791971,-4.96109309823497,0.23266115208816399
1785123474.795776,-4.962471349529525,0.23126524307205112
1785123474.8007119,-4.963897522384168,0.22981562656546525
1785123474.8067381,-4.965356498602839,0.2283319666359608
1785123474.8113346,-4.966785681376726,0.22687653926526982
1785123474.8169844,-4.968194351246527,0.22543907650913453
1785123474.8241808,-4.969549382929888,0.22405339191473606
1785123474.8284466,-4.970973248449947,0.22259810285886641
1785123474.8319438,-4.972381592451954,0.22115491317286842
1785123474.8438354,-4.973782137224349,0.2197183330411241
1785123474.845664,-4.97514818867998,0.2183142865304412
1785123474.8499837,-4.976550563925437,0.21686884430367198
1785123474.852319,-4.9779528132521484,0.2154197391836435
1785123474.8565915,-4.979330733495677,0.21399201805637807
1785123474.8622305,-4.980762684500079,0.21250258467363994
1785123474.8662548,-4.9821882105758135,0.2110161577209902
1785123474.8716152,-4.983582111925856,0.20955948479365816
1785123474.876034,-4.984925551973624,0.20815433454843552
1785123474.8818755,-4.986329074020442,0.20668182370199095
1785123474.8868341,-4.987753397344688,0.2051868427624844
1785123474.8919744,-4.989095369295426,0.20377639380406365
1785123474.8961225,-4.990433203360031,0.20236657684071302
1785123474.9015946,-4.991723338189445,0.20100479107086092
1785123474.9090242,-4.99298513776866,0.19967163364136328
1785123474.911359,-4.994221885907781,0.19836226662513562
1785123474.9178064,-4.995521078955576,0.19698519743481008
1785123474.9235656,-4.996800681546368,0.1956275695883487
1785123474.9274168,-4.998063581309035,0.19428608413991402
1785123474.931324,-4.999290182712774,0.1929819261523393
1785123474.9378047,-5.000534648424245,0.19165979057434498
1785123474.9418619,-5.001786754290115,0.1903251244063419
1785123474.946202,-5.003025054963438,0.18900455709223976
1785123474.9511945,-5.004348463402963,0.18759220900585985
1785123474.957464,-5.005664788072512,0.18618582249163604
1785123474.9623225,-5.0069805641088765,0.1847789191646424
1785123474.9657934,-5.008331283904989,0.18333227370064695
1785123474.9715269,-5.009684595627249,0.18188258960340847
1785123474.977517,-5.0111140101684315,0.18034759457737343
1785123474.9816668,-5.012490574462686,0.17886745629186107
1785123474.9863534,-5.013848969535074,0.1774073145866426
1785123474.9923325,-5.0152469500561425,0.1759031784168289
1785123474.9961338,-5.016604122387891,0.17444305344550068
1785123475.0013182,-5.017946104482843,0.17299600635968343
1785123475.0088396,-5.0193232633906355,0.17151051306016482
1785123475.012015,-5.020677541518781,0.17004923770936006
1785123475.0178654,-5.021964794676405,0.16865779720179827
1785123475.0224345,-5.023319550320133,0.16718877915471517
1785123475.0280738,-5.024647548199528,0.165746376444939
1785123475.0328574,-5.026023780546727,0.16424762491365708
1785123475.0432003,-5.027374427222489,0.16277461425897632
1785123475.0464149,-5.02872557775111,0.16130024983082045
1785123475.0513446,-5.030078378171489,0.1598216972055609
1785123475.0582917,-5.031420154766484,0.15835321374936726
1785123475.0621996,-5.032748426249412,0.1568950358256308
1785123475.066219,-5.034064567941027,0.15544673771287193
1785123475.0730257,-5.035397134899793,0.15397925170983986
1785123475.0773125,-5.03677527550665,0.15246101784683852
1785123475.0813355,-5.0381271080876955,0.15097176720149316
1785123475.0865252,-5.039536076276688,0.14942168234371433
1785123475.0934532,-5.040853052385523,0.14797199604427352
1785123475.0980763,-5.042075589216612,0.146627533028886
1785123475.1022384,-5.043291520617128,0.1452914048604993
1785123475.1087055,-5.044511421075212,0.14395059354325968
1785123475.1127388,-5.045744068199875,0.142596517172167
1785123475.1178133,-5.046948783280357,0.1412738836662084
1785123475.1234164,-5.04817876784614,0.13992270067604748
1785123475.128636,-5.049365424128806,0.13862105845997783
1785123475.1330554,-5.050576974780323,0.13728961494855493
1785123475.1379666,-5.051801578041265,0.13594170602291478
1785123475.1457922,-5.052987716325211,0.13463625811212576
1785123475.1490333,-5.054199076650737,0.1333009964003175
1785123475.1509407,-5.055386120409816,0.13199173852051402
1785123475.156849,-5.05663235453879,0.1306172159401932
1785123475.1621308,-5.057794149270805,0.12933395245899593
1785123475.1668458,-5.058982177273823,0.1280195100327777
1785123475.1714373,-5.060191789222958,0.12668040611180073
1785123475.1761475,-5.061365288420967,0.12538014523027172
1785123475.1811118,-5.062557388478302,0.12405808506399664
1785123475.1864502,-5.063799184360611,0.122678695300855
1785123475.1927986,-5.065027772408551,0.1213142831148813
1785123475.1971953,-5.066213828304679,0.11999599279942275
1785123475.2012625,-5.067439416503494,0.11863547148943669
1785123475.2064164,-5.068651749572114,0.11728811752164757
1785123475.2125676,-5.069909594084661,0.1158870825024523
1785123475.217469,-5.07110458861195,0.11455553185978518
1785123475.22155,-5.072271994775296,0.11325481649262542
1785123475.2282286,-5.073536297373767,0.1118451608369613
1785123475.232535,-5.07471546917783,0.11052746285069226
1785123475.2360501,-5.07592626667759,0.10917305166396742
1785123475.24677,-5.0771670706982235,0.10778563215574055
1785123475.2498822,-5.078448269322171,0.10635383924835881
1785123475.2518713,-5.079745571752188,0.1049006463168905
1785123475.257556,-5.08103829707217,0.1034515031496974
1785123475.2621052,-5.082336250651781,0.10199713630764799
1785123475.2664664,-5.083671151724713,0.1004994234687827
1785123475.2735138,-5.0850156589595,0.09899066840557698
1785123475.2786002,-5.086319525084168,0.09752759794865443
1785123475.2816095,-5.087663098431977,0.09601795441988728
1785123475.2862122,-5.088957427674235,0.09456175032942339
1785123475.2919984,-5.090288215586231,0.09306413738174676
1785123475.2968986,-5.091596167050365,0.09159221391940318
1785123475.3027472,-5.092922332170989,0.09009743318031771
1785123475.307477,-5.094264345461008,0.08858156269120473
1785123475.311303,-5.0955969511441,0.08707362052366166
1785123475.317378,-5.096923313977832,0.08557276787777122
1785123475.3240056,-5.0982503708847045,0.08407102155340111
1785123475.3272681,-5.099530098398535,0.08262178339071174
1785123475.3315783,-5.100799791285385,0.08118260116269096
1785123475.336359,-5.102127447515341,0.07967510644080376
1785123475.3457005,-5.103446788125805,0.0781755251073517
1785123475.3476493,-5.104756273783482,0.07668292439310595
1785123475.351601,-5.10608298334726,0.07516659736655915
1785123475.3567064,-5.107425468433196,0.07363330046058461
1785123475.3625298,-5.1087369724144756,0.07213223721102441
1785123475.3662894,-5.1100107227589415,0.0706712181098661
1785123475.3736265,-5.111362430793888,0.06912005236193505
1785123475.3770084,-5.112648662592525,0.06764227323245846
1785123475.3816984,-5.11397454596598,0.0661169839243989
1785123475.3862953,-5.115296621313193,0.06459306790101182
1785123475.391664,-5.116616317107534,0.06306901911492707
1785123475.3959095,-5.117911802505241,0.061571315012979834
1785123475.4022136,-5.119255047489174,0.06001295741536083
1785123475.4078827,-5.1205827874557315,0.05847167491437936
1785123475.4115884,-5.121879809010981,0.05696443032039311
1785123475.4171472,-5.123190588091092,0.05544113876966894
1785123475.421934,-5.12448704132261,0.053931247104652316
1785123475.4279833,-5.1257818583784776,0.05242518206937644
1785123475.4325256,-5.127065584817544,0.05092883242384128
1785123475.436395,-5.128358964954099,0.04942133888728295
1785123475.4479754,-5.12966975969011,0.04789139121158134
1785123475.452897,-5.130899109225509,0.04645476582708529
1785123475.4629557,-5.132114338576206,0.04503255609427018
1785123475.4644816,-5.133323741239369,0.04361667738595632
1785123475.4653862,-5.13452629866059,0.04220783665431988
1785123475.4669862,-5.135735223922002,0.0407906630100178
1785123475.472789,-5.136899747171947,0.03942489569960056
1785123475.476655,-5.138096494341821,0.038018094251807556
1785123475.4812438,-5.139276441884846,0.03662959535858952
1785123475.4862897,-5.140442972462461,0.03525616023850774
1785123475.4924314,-5.14165700195478,0.03382579735474322
1785123475.4960585,-5.142857842152336,0.03241167455530673
1785123475.5011687,-5.144023072706312,0.031038111628553435
1785123475.506881,-5.145217311874059,0.02962935100561116
1785123475.5118651,-5.146384353788998,0.028252334588972108
1785123475.5170603,-5.147548311056296,0.026879041349503592
1785123475.5233085,-5.148739353630217,0.025473352901008915
1785123475.5276613,-5.149921955821948,0.024076812134471704
1785123475.5328279,-5.151077976242899,0.02271063461540246
1785123475.5366185,-5.15229538740901,0.021272524025950673
1785123475.546643,-5.153512581600752,0.019833720400983072
1785123475.5516198,-5.154766898036203,0.0183486430029006
1785123475.5574718,-5.156072904355692,0.01679999431063246
1785123475.5610511,-5.157367532272033,0.015262281727322743
1785123475.5665565,-5.158699090298228,0.013680157087866426
1785123475.5720828,-5.160005788199042,0.012125850593594166
1785123475.5768397,-5.161296600796539,0.010591154333499157
1785123475.5814602,-5.162565731451399,0.009081094017146196
1785123475.5861866,-5.1638845626181435,0.00750952725596033
1785123475.5920022,-5.165149301290165,0.0060027210972297355
1785123475.5962396,-5.166393658426731,0.004515513836945177
1785123475.6027882,-5.167628653599885,0.0030368743438410183
1785123475.6069207,-5.168906356835202,0.0015044051499353232
1785123475.612523,-5.1702223102425,-7.602747770646683e-05
1785123475.6178794,-5.171520637655108,-0.0016381907438759486
1785123475.624742,-5.172806005512694,-0.0031843856373505266
1785123475.6304176,-5.17403145076901,-0.004662198247730602
1785123475.6340349,-5.175283766089447,-0.006173244146246733
1785123475.6367502,-5.176567816305732,-0.007724418371367052
1785123475.642023,-5.177863971682574,-0.009293648731667823
1785123475.6593258,-5.17916413083211,-0.010870744624146604
1785123475.661298,-5.180469036057887,-0.01245186272300258
1785123475.666896,-5.1817362190252885,-0.01398775494930661
1785123475.6722987,-5.183005165191223,-0.01552729442845833
1785123475.6761115,-5.1842750128199215,-0.017070338258012352
1785123475.6776066,-5.185560336858855,-0.01863195651535078
1785123475.6896589,-5.186832362635824,-0.020179417237450432
1785123475.6924803,-5.188088651837766,-0.0217088646006393
1785123475.6946023,-5.1893382999678295,-0.023231003061184786
1785123475.696972,-5.190587627857227,-0.02475225746825184
1785123475.7056146,-5.19188274873812,-0.026328332053432355
1785123475.712794,-5.193180458619133,-0.02790937259646823
1785123475.7174027,-5.194462774175238,-0.029472788446182514
1785123475.7185853,-5.195699337762048,-0.030982048157716435
1785123475.7218294,-5.197004756708139,-0.03257820852513375
1785123475.726842,-5.198262202478851,-0.03411718780996271
1785123475.7318428,-5.199526050645637,-0.03566638719205843
1785123475.7363715,-5.200757989981322,-0.03717763911985308
1785123475.7423494,-5.202043956483257,-0.03875510104297612
1785123475.7460485,-5.203282825127836,-0.04027481122141921
1785123475.753219,-5.204466712120254,-0.041728837428719814
1785123475.7577765,-5.205617302651538,-0.04314474983252183
1785123475.7618268,-5.206755594390023,-0.044550180469866134
1785123475.7665823,-5.2078965860723,-0.0459576349894722
1785123475.7711225,-5.209025604852585,-0.047355273728017316
1785123475.7761657,-5.210154110368852,-0.04875376389437364
