t,x,y
1785465402.735735,0.089999994935854,-0.09000000006068899
1785465402.8358884,0.08999999369878471,-0.0900000000833371
1785465402.9514894,0.08999999230800221,-0.09000000011547628
1785465403.0516815,0.08999999086087586,-0.09000000015067255
1785465403.1518905,0.08999998934073236,-0.09000000018715267
1785465403.2522936,0.08999998832761194,-0.0900000002092826
1785465403.3548539,0.0899999869572791,-0.09000000023925409
1785465403.4577675,0.08999998550749004,-0.09000000027371198
1785465403.5590663,0.08999998419429059,-0.09000000030456234
1785465403.6594508,0.08999998275171688,-0.09000000034253192
1785465403.7630517,0.08999998145450963,-0.09000000037832795
1785465403.8637192,0.08999998022451297,-0.09000000041107631
1785465403.9651108,0.08999997894139514,-0.09000000044229832
1785465404.0658448,0.0899999776514332,-0.09000000047273957
1785465404.1680272,0.08999997628368671,-0.09000000050497661
1785465404.270517,0.0899999748551786,-0.09000000054221115
1785465404.3708968,0.08999997342113776,-0.09000000058144335
1785465404.4711623,0.08999997213978186,-0.09000000062043347
1785465404.5715342,0.08999997085827055,-0.09000000066117625
1785465404.6763163,0.08999996944562282,-0.09000000070764569
1785465404.7774925,0.08999996802617219,-0.09000000075382067
1785465404.8778102,0.08999996661680632,-0.09000000080161402
1785465404.9813623,0.08999996535399496,-0.09000000084972805
1785465405.0817654,0.08999996395931523,-0.09000000090251851
1785465405.1822882,0.08999996269143713,-0.09000000095073775
1785465405.2871504,0.08999996129035771,-0.09000000100335535
1785465405.391696,0.08999995989286355,-0.09000000105589769
1785465405.5007455,0.08999995843307398,-0.09000000111365572
1785465405.6016865,0.08999995725127846,-0.09000000116443735
1785465405.705632,0.0899999558671444,-0.09000000122822055
1785465405.80653,0.08999995475810786,-0.09000000127855193
1785465405.9071264,0.08999995338867284,-0.09000000133315932
1785465406.0120466,0.08999995222671486,-0.09000000137766903
1785465406.1127493,0.08999995092028389,-0.09000000143040429
1785465406.212935,0.08999994989301384,-0.09000000147164923
1785465406.313326,0.08999994859614309,-0.09000000152144512
1785465406.4156168,0.08999994729856013,-0.09000000156824792
1785465406.5165944,0.08999994601934905,-0.09000000161468749
1785465406.6168733,0.08999994493136147,-0.09000000165239214
1785465406.7201285,0.08999994358013248,-0.09000000169620849
1785465406.820309,0.08999994256070416,-0.09000000172661574
1785465406.921903,0.0899999412193731,-0.0900000017672249
1785465407.0222087,0.08999994014696176,-0.09000000180169651
1785465407.126435,0.0899999388708252,-0.09000000184380505
1785465407.2266545,0.08999993766361157,-0.09000000188469422
1785465407.3306532,0.08999993651996467,-0.09000000192378574
1785465407.431588,0.08999993538565204,-0.09000000196551897
1785465407.5317996,0.089999934456106,-0.09000000200121332
1785465407.6326218,0.08999993318644646,-0.09000000204995216
1785465407.7328517,0.08999993191769189,-0.09000000209625733
1785465407.851226,0.0899999309246528,-0.09000000213280394
1785465407.9516833,0.0899999296655109,-0.09000000218078032
1785465408.052504,0.08999992853824262,-0.09000000222264369
1785465408.1555276,0.08999992754571344,-0.09000000226239399
1785465408.2579257,0.08999992662352527,-0.09000000230011676
1785465408.3613102,0.08999992570100684,-0.09000000234000005
1785465408.4840274,0.08999992477587197,-0.09000000238162492
1785465408.5853133,0.0899999238489676,-0.0900000024221642
1785465408.6861646,0.08999992266088515,-0.09000000247261135
1785465408.7866068,0.08999992149417545,-0.09000000252432931
1785465408.8869753,0.08999992037897887,-0.09000000257575226
1785465408.987513,0.0899999193349373,-0.09000000262262475
1785465409.0886104,0.08999991802544163,-0.09000000268154536
1785465409.2100244,0.0899999176994179,-0.09000000269596396
1785465409.3151038,0.08999991730322969,-0.0900000027142288
1785465409.4162178,0.08999991600043515,-0.09000000277544251
1785465409.5637872,0.08999991600043515,-0.09000000277544251
1785465409.6701431,0.08999991313484507,-0.09000000291494589
1785465409.7714107,0.08999991195870048,-0.09000000297450228
1785465409.8729484,0.08999991104930552,-0.09000000302145769
1785465409.9737124,0.08999991001082489,-0.09000000307596005
1785465410.0762155,0.08999990911547816,-0.09000000312496569
1785465410.177718,0.08999990820883949,-0.09000000317551392
1785465410.2789683,0.08999990736549601,-0.09000000322272297
1785465410.3815594,0.08999990639176689,-0.09000000327677068
1785465410.4819214,0.08999990542551993,-0.09000000332969199
1785465410.597423,0.08999990414446922,-0.09000000339674963
1785465410.69765,0.08999990303561678,-0.09000000345658082
1785465410.7978125,0.08999990168152004,-0.09000000352812149
1785465410.8982425,0.08999990051959565,-0.0900000035908162
1785465411.0060968,0.08999989967841736,-0.09000000363739487
1785465411.1123977,0.08999989845273622,-0.09000000370515342
1785465411.2128232,0.08999989735903559,-0.09000000376454281
1785465411.3132775,0.08999989612828736,-0.09000000383293862
1785465411.4134393,0.08999989497012695,-0.09000000389651333
1785465411.5143194,0.08999989375031785,-0.09000000395944248
1785465411.6155698,0.08999989272941808,-0.09000000401321742
1785465411.7181485,0.08999989163988291,-0.09000000407075048
1785465411.8194754,0.08999989061436908,-0.09000000412749809
1785465411.9203906,0.08999988927072804,-0.09000000420322961
1785465412.0209455,0.08999988804562228,-0.09000000427245937
1785465412.12144,0.08999988689681776,-0.0900000043367459
1785465412.2254071,0.089999885549528,-0.09000000441254387
1785465412.3275316,0.08999988426857107,-0.09000000448438682
1785465412.4312375,0.08999988317246474,-0.09000000454464102
1785465412.5324438,0.08999988215689768,-0.09000000460062826
1785465412.6327417,0.08999988094076923,-0.09000000466964642
1785465412.735069,0.08999987997919282,-0.09000000472643821
1785465412.8376193,0.08999987907880265,-0.09000000477990092
1785465412.941631,0.08999987793071186,-0.09000000485032113
1785465413.042054,0.0899998769134438,-0.0900000049125951
1785465413.1550357,0.08999987608741015,-0.09000000496557328
1785465413.2552817,0.08999987500383622,-0.09000000503632555
1785465413.3615308,0.0899998741724063,-0.0900000050901483
1785465413.4617858,0.0899998735366493,-0.09000000513116982
1785465413.5665874,0.08999987244863793,-0.09000000520258584
1785465413.6765609,0.0899998711760768,-0.09000000528803145
1785465413.7820528,0.08999987040578027,-0.09000000534175415
1785465413.8952744,0.08999986964511804,-0.09000000539681585
1785465414.022375,0.08999986868874048,-0.09000000546578123
1785465414.1235006,0.08999986826670855,-0.09000000549644421
1785465414.2277937,0.08999986741506837,-0.09000000555898482
1785465414.3405118,0.08999986645683508,-0.09000000563102119
1785465414.4430947,0.08999986563490496,-0.09000000569342573
1785465414.5433114,0.08999986474601573,-0.09000000576008448
1785465414.651106,0.08999986360455618,-0.09000000584417231
1785465414.7513452,0.08999986246745069,-0.09000000592932224
1785465414.855769,0.0899998613909561,-0.09000000601150424
1785465414.95636,0.08999986030528999,-0.09000000609368787
1785465415.0639987,0.08999985916081421,-0.09000000618243806
1785465415.1653626,0.08999985802236234,-0.09000000626839003
1785465415.2730217,0.08999985707483335,-0.09000000634128408
1785465415.3740296,0.08999985618492087,-0.0900000064123836
1785465415.4837422,0.08999985568264442,-0.09000000645260404
1785465415.583963,0.08999985485214575,-0.09000000651696664
1785465415.6859603,0.08999985390372452,-0.09000000658942024
1785465415.786984,0.0899998530204783,-0.09000000665922515
1785465415.887445,0.08999985188367071,-0.09000000674994713
1785465415.9875543,0.08999985093579242,-0.09000000682460119
1785465416.0878615,0.089999849859086,-0.09000000690767962
1785465416.1882873,0.0899998490378932,-0.09000000697101193
1785465416.28962,0.08999984809502601,-0.09000000704708437
1785465416.3929513,0.08999984733969302,-0.09000000710702585
1785465416.5036323,0.08999984651106989,-0.09000000717218025
1785465416.6038826,0.08999984536900288,-0.09000000726402105
1785465416.7078478,0.08999984416520096,-0.09000000735908224
1785465416.8086174,0.08999984314822607,-0.09000000743930886
1785465416.912481,0.0899998420105106,-0.0900000075295548
1785465417.0143414,0.08999984112606646,-0.09000000760083218
1785465417.1192951,0.08999984005225395,-0.09000000768614366
1785465417.2230456,0.08999983897392358,-0.09000000777172767
1785465417.3294911,0.08999983783939428,-0.09000000786215277
1785465417.4307044,0.0899998368313132,-0.09000000794267214
1785465417.5333447,0.08999983556549465,-0.09000000804408213
1785465417.6350775,0.08999983449240712,-0.09000000812857754
1785465417.7358785,0.08999983324312166,-0.09000000822947027
1785465417.8360813,0.08999983210920351,-0.09000000832238397
1785465417.936699,0.08999983091793823,-0.09000000842313532
1785465418.040996,0.08999982971668097,-0.09000000852826821
1785465418.1457548,0.0899998283918362,-0.09000000864515549
1785465418.2516985,0.0899998273133771,-0.09000000874205012
1785465418.3518116,0.08999982605387358,-0.09000000885119136
1785465418.456473,0.08999982503504693,-0.09000000893768655
1785465418.5685482,0.08999982377710034,-0.09000000904259067
1785465418.6688132,0.08999982263641242,-0.0900000091374093
1785465418.7693925,0.08999982150738074,-0.09000000922933825
1785465418.8802903,0.08999982030662718,-0.09000000932672733
1785465418.9805958,0.08999981898477198,-0.09000000943305665
1785465419.0811543,0.08999981778646896,-0.09000000952969618
1785465419.1817605,0.0899998167093811,-0.09000000961570435
1785465419.2841535,0.08999981551316227,-0.09000000971377374
1785465419.3849823,0.08999981450321616,-0.09000000979803817
1785465419.4861236,0.08999981336854326,-0.09000000989301797
1785465419.6341205,0.08999981261292735,-0.09000000995736707
1785465419.7347474,0.08999981053993937,-0.09000001014119409
1785465419.8352678,0.08999980959918014,-0.09000001022459685
1785465419.9360087,0.08999980833804815,-0.09000001033363526
1785465420.0362706,0.08999980719570157,-0.09000001043223585
1785465420.1540651,0.0899998061847236,-0.09000001052302534
1785465420.2544076,0.08999980498579326,-0.09000001063504023
1785465420.3549688,0.08999980378050565,-0.09000001074767033
1785465420.4551935,0.08999980283374519,-0.09000001083824868
1785465420.5557387,0.08999980157369335,-0.09000001095936823
1785465420.6565876,0.08999980036874346,-0.09000001107445003
1785465420.7609684,0.08999979923501934,-0.09000001118007242
1785465420.8624418,0.08999979803786519,-0.09000001128738848
1785465420.9628026,0.08999979677614454,-0.09000001139866105
1785465421.064,0.08999979558536798,-0.09000001150047626
1785465421.1641767,0.08999979426704183,-0.0900000116086
1785465421.2663686,0.08999979306927508,-0.09000001170921369
1785465421.3764143,0.08999979186445374,-0.09000001180598398
1785465421.477739,0.08999979073533267,-0.09000001189111217
1785465421.5778384,0.08999978952330014,-0.09000001198012214
1785465421.678358,0.0899997883090115,-0.09000001206869969
1785465421.7811944,0.08999978717004883,-0.09000001215079159
1785465421.882172,0.0899997859021636,-0.09000001224307998
1785465421.9836488,0.08999978463313787,-0.09000001234045107
1785465422.0839806,0.08999978336617899,-0.09000001243996142
1785465422.1846945,0.0899997822947105,-0.09000001252566474
1785465422.285418,0.08999978172675867,-0.0900000125709015
1785465422.387284,0.0899997804648684,-0.09000001266960751
1785465422.4993048,0.08999977952066966,-0.09000001274154815
1785465422.6057377,0.08999977850145788,-0.09000001282029686
1785465422.7068038,0.08999977774413696,-0.09000001288048923
1785465422.807025,0.08999977679617602,-0.09000001295735806
1785465422.9226835,0.08999977578964972,-0.09000001303991152
1785465423.0229669,0.08999977458033315,-0.090000013139606
1785465423.125577,0.08999977357845278,-0.09000001322344302
1785465423.2264886,0.08999977269694315,-0.09000001329597437
1785465423.3281403,0.0899997718725882,-0.09000001336330557
1785465423.4328306,0.08999977111565773,-0.09000001342357682
1785465423.5352826,0.08999977051485372,-0.09000001347120053
1785465423.6362689,0.08999976947494694,-0.09000001355370585
1785465423.7367413,0.08999976839866955,-0.09000001363640647
1785465423.8380258,0.08999976745460155,-0.0900000137079865
1785465423.9388607,0.0899997668260742,-0.0900000137568246
1785465424.0402136,0.08999976587963103,-0.0900000138288089
1785465424.141423,0.09033329870160843,-0.0899752802711333
1785465424.2460673,0.09234038917916687,-0.08982580726140164
1785465424.3470135,0.09521195405737336,-0.08962496275337115
1785465424.447222,0.09797227976299812,-0.08950836075773148
1785465424.5503094,0.09959857967838188,-0.08949528172284368
1785465424.663179,0.09966291235256479,-0.08949700163986865
1785465424.7689104,0.09968280169428569,-0.08949770227562001
1785465424.872898,0.0997134531041665,-0.08949955966767864
1785465424.975574,0.09970057308620413,-0.08949814080848272
1785465425.0782535,0.0996701656842204,-0.08949426909670358
1785465425.179966,0.09964156461558123,-0.0894899146763986
1785465425.2813988,0.09957467245919442,-0.08947792949787209
1785465425.381956,0.09949551763814413,-0.08946140087246492
1785465425.4822118,0.09945914016109915,-0.08945269062406484
1785465425.584414,0.09942847328435557,-0.08944389842340213
1785465425.685169,0.09931489675549832,-0.08940763057489587
1785465425.7858007,0.09910855685945921,-0.08933622145978454
1785465425.8897207,0.09858800693938018,-0.08913940492267365
1785465425.9908967,0.09802282575822514,-0.08890463352860573
1785465426.0919547,0.0972515368560809,-0.08855048188968909
1785465426.1985822,0.0977735607512982,-0.08881463357140607
1785465426.3166628,0.10033086112334269,-0.09011027629084147
1785465426.4178777,0.1030093676303712,-0.09152443922563756
1785465426.52209,0.10536933418649666,-0.09285083615839781
1785465426.6263387,0.10631132799446733,-0.09343645659321466
1785465426.727254,0.10875765516765351,-0.09511107731614926
1785465426.8280032,0.11153503105773487,-0.097204456568542
1785465426.931657,0.11304651154116754,-0.09844326081122046
1785465427.032393,0.11296536471656869,-0.09836180031210424
1785465427.1340282,0.11259974299061366,-0.09798631637038874
1785465427.234705,0.1117951325412389,-0.09707563317389913
1785465427.3349502,0.11108093491084575,-0.09623507113851393
1785465427.435162,0.11008218511290253,-0.09505814648599918
1785465427.5355296,0.10962917478055456,-0.0945119458106855
1785465427.636678,0.1095456921774263,-0.09440597379629645
1785465427.7444196,0.10964640717875618,-0.09455004441325571
1785465427.847891,0.10983367554146865,-0.09485548198926783
1785465427.948003,0.11012507956961991,-0.09538437229786542
1785465428.048723,0.11089858891245746,-0.09689996646342897
1785465428.150424,0.11162908220163571,-0.09840937709890532
1785465428.2507298,0.11207153717057337,-0.09932335974489073
1785465428.3515532,0.11214943495471777,-0.09948363450815237
1785465428.4517672,0.11191588859756893,-0.09895490392033476
1785465428.5523782,0.11117468856885727,-0.09706986079561855
1785465428.6550064,0.11000045877568108,-0.09354345909624848
1785465428.755716,0.10936828584845065,-0.0915076602087422
1785465428.8567111,0.10924151960097753,-0.09108818895411205
1785465428.9673984,0.10968687662266688,-0.09334613157813339
1785465429.0676332,0.10988738321478142,-0.09475453609364703
1785465429.1680398,0.11002556732745322,-0.09657450053430529
1785465429.2698119,0.11013255815283306,-0.09817096233946235
1785465429.38332,0.11022046174285248,-0.09959568653520015
1785465429.4863136,0.1102332537833133,-0.0999067020745293
1785465429.5889735,0.11024301150404363,-0.10068553406653856
1785465429.7556455,0.11024105065171833,-0.09999230120588547
1785465429.8637962,0.11014849548226087,-0.10180379062441786
1785465429.9646025,0.10988769566537546,-0.10499438883634513
1785465430.0722048,0.10910666190184495,-0.11103162530952441
1785465430.1724505,0.10783692282571264,-0.11800875785893226
1785465430.2757752,0.10672779754257722,-0.12292680167609868
1785465430.3799264,0.10523949767688323,-0.12867811436346546
1785465430.4806082,0.10395330009107179,-0.13342728063423415
1785465430.5810308,0.10281185306833304,-0.13761063460149597
1785465430.6827888,0.10202729995102228,-0.14033513148291138
1785465430.7966769,0.10156419020384877,-0.14181806050544252
1785465430.8977711,0.10089993450700677,-0.14359034410761778
1785465430.9981952,0.09788860519969325,-0.1511226306525833
1785465431.0989826,0.0961182418275932,-0.15546018089729702
1785465431.1995482,0.09336764097130998,-0.16192044572074066
1785465431.301071,0.08969941116025339,-0.1695492172364032
1785465431.402899,0.08501784929748658,-0.17786385426152657
1785465431.5032642,0.07279556991345902,-0.19727561727442167
1785465431.6038074,0.05728074576530111,-0.2210436977757219
1785465431.7039673,0.04330963655245766,-0.24262906229965714
1785465431.8067925,0.03320853868718515,-0.2588004853603454
1785465431.9193316,0.013226026186758832,-0.2928884431284706
1785465432.023659,-0.004748577840836238,-0.32471416493069916
1785465432.127928,0.03499809328316866,-0.15465027302936313
1785465432.230024,0.015018147019654482,-0.18007139481371576
1785465432.3322418,-0.0007481630861374544,-0.19966728178043125
1785465432.4351842,-0.01673334709285862,-0.2196034984888624
1785465432.5528157,-0.033652145088777174,-0.2396464726042143
1785465432.653647,-0.051727321916453434,-0.2594266982281564
1785465432.7538123,-0.07614138527770731,-0.2854856268761354
1785465432.8591897,-0.0976103159497485,-0.3070818639444836
1785465432.967978,-0.12505819501187876,-0.3319430160217571
1785465433.0787435,-0.14779331280628338,-0.35131752335344363
1785465433.1795764,-0.17599834189079877,-0.3755074756877567
1785465433.2925653,-0.1957288962789362,-0.3929160580931229
1785465433.3937638,-0.22587373783191989,-0.41952453718159755
1785465433.4984312,-0.25640998120771874,-0.42286668608888023
1785465433.601817,-0.2827614340077253,-0.4420995126153623
1785465433.7024145,-0.3188558405745731,-0.46679344325582584
1785465433.802578,-0.3464746082729347,-0.4862010174279022
1785465433.9069,-0.3719403333808911,-0.5047643261018395
1785465434.01792,-0.39445884009605486,-0.521399972274552
1785465434.1206307,-0.425402895124195,-0.5441397340502666
1785465434.2212522,-0.4513389833424119,-0.5625661888555128
1785465434.3222477,-0.4738993327754574,-0.577929191909242
1785465434.4265766,-0.508921493713518,-0.6011241659330794
1785465434.5297055,-0.5312466184020354,-0.6196243141179594
1785465434.6318133,-0.5478964986423744,-0.6706179169574423
1785465434.7336998,-0.5745848198285953,-0.6881034375221373
1785465434.8352873,-0.6035523702999535,-0.7060433268028998
1785465434.9354048,-0.6227730088678637,-0.7166265451671296
1785465435.0355904,-0.647552009008344,-0.7283572698531938
1785465435.1357307,-0.6762864913947508,-0.7401645680482953
1785465435.236989,-0.7012877076024264,-0.7494878993492249
1785465435.3371894,-0.7327180032661539,-0.7603300939745767
1785465435.4410226,-0.7656882122950749,-0.7701990109374346
1785465435.541262,-0.8032008791062117,-0.7800891712282471
1785465435.6541767,-0.833950074218167,-0.7875404589944782
1785465435.7546732,-0.8807169358855425,-0.8102184711159801
1785465435.8550668,-0.9416569519349078,-0.8620635893676065
1785465435.9554274,-0.979481614665695,-0.8682506671744732
1785465436.0559373,-1.0122311013899272,-0.8723103116614178
1785465436.156658,-1.0478724322450361,-0.8755802651830497
1785465436.2577887,-1.077765120513094,-0.8765567196014078
1785465436.3588612,-1.103561258883599,-0.8902388948559178
1785465436.4624615,-1.1271496692185532,-0.9141313097726305
1785465436.566287,-1.1528895558939247,-0.9130850481406395
1785465436.6667123,-1.1843211397459918,-0.9118670555183812
1785465436.7669868,-1.211371975557541,-0.9109237196955595
1785465436.8679972,-1.2431433995814603,-0.9097977426710148
1785465436.9689028,-1.2720358139431875,-0.9085624371912849
1785465437.0690174,-1.309301097254357,-0.9064072826409444
1785465437.1693413,-1.3307249089912492,-0.9046793576135814
1785465437.2701757,-1.3650145326123093,-0.9010119472590628
1785465437.3713934,-1.397494473546314,-0.8966370444726512
1785465437.483082,-1.4275343990383669,-0.8912610432824412
1785465437.586454,-1.46083272171739,-0.8832415880570439
1785465437.6870334,-1.4904198198204854,-0.8745464810399836
1785465437.7877173,-1.5942024327644337,-0.8622673379771578
1785465437.9039898,-1.6223032583762833,-0.8529749268332819
1785465438.0066326,-1.6558786951957363,-0.8437095557649577
1785465438.1070201,-1.679839658139233,-0.8385972227476258
1785465438.2075603,-1.7174969242177447,-0.832373368600838
1785465438.3252904,-1.7483614207649094,-0.8268873188910421
1785465438.4264095,-1.7809824308555493,-0.8209945559547297
1785465438.5275207,-1.8045082829932255,-0.8171327553726618
1785465438.628115,-1.8424509595470504,-0.8117281842281462
1785465438.7289755,-1.8787791686030224,-0.8079688694047413
1785465438.8293486,-1.9124273723898233,-0.8056959891633312
1785465438.9295552,-1.9593233215508572,-0.7987181199453242
1785465439.0310557,-2.005279777387274,-0.7932888417004191
1785465439.1358042,-2.0403063946839484,-0.7933374577222556
1785465439.2392123,-2.074394685566488,-0.7944982539388168
1785465439.3401506,-2.1038349958894957,-0.796553087872762
1785465439.440417,-2.13253082169808,-0.7994495888325509
1785465439.541101,-2.174832063690532,-0.8007153021551311
1785465439.65021,-2.2343420110748093,-0.7792892193407195
1785465439.7553992,-2.2702761734172996,-0.7853574762120431
1785465439.9123046,-2.2702761734172996,-0.7853574762120431
1785465440.0145133,-2.334120279880444,-0.8004970637015986
1785465440.1155822,-2.351110877986319,-0.8048332261885404
1785465440.2157393,-2.3630945320995793,-0.8077008854677828
1785465440.3214319,-2.375596110932547,-0.8105019968968769
1785465440.4263508,-2.389426112395744,-0.813152658053227
1785465440.5315576,-2.40215283416227,-0.8153338214859086
1785465440.6319425,-2.42009878422207,-0.8182412357025516
1785465440.7322335,-2.43621942963399,-0.8204948339483793
1785465440.832496,-2.455316858268499,-0.822581743148766
1785465440.936314,-2.476465404462841,-0.8240736722286092
1785465441.0398154,-2.5026469851626625,-0.824475671660674
1785465441.140287,-2.522278541675569,-0.8241645194686822
1785465441.2419474,-2.540381257001144,-0.8234050369320495
1785465441.3460865,-2.565240657178828,-0.8208092512172022
1785465441.4515405,-2.584636883004086,-0.8177212057565308
1785465441.5516582,-2.538440761506873,-0.7400200105632131
1785465441.6586628,-2.5578455588269002,-0.7367874937123488
1785465441.7652733,-2.5766068778135054,-0.7333095625069929
1785465441.865707,-2.591311204196729,-0.7302170657213402
1785465441.966214,-2.5999461035888363,-0.7280302720333022
1785465442.0677235,-2.601462704100138,-0.7275241389336335
1785465442.168317,-2.6064775219288387,-0.7258240836325934
1785465442.2706602,-2.608954055333749,-0.7250658583333534
1785465442.3726497,-2.6110509294638256,-0.7244466830527868
1785465442.4739583,-2.612252201386675,-0.7240906468674404
1785465442.5847268,-2.6202101392330466,-0.7214822389891222
1785465442.6948683,-2.628125161141811,-0.7183473529538966
1785465442.8132527,-2.6382595011367895,-0.7138646629335496
1785465442.9141908,-2.6441389978279215,-0.7111318236612921
1785465443.0151768,-2.647358480042632,-0.7095240563524827
1785465443.117963,-2.650592534046077,-0.7077809361445906
1785465443.2200148,-2.6522025272423306,-0.7069119393479023
1785465443.3206925,-2.6537444623585893,-0.7061523301141195
1785465443.4207773,-2.6559232920639007,-0.7051520454622089
1785465443.522944,-2.658470770862266,-0.70395532346728
1785465443.6272109,-2.6608038312860343,-0.7027593225001589
1785465443.7273762,-2.6903503836394598,-0.70851067172309
1785465443.8275418,-2.7818792002138886,-0.7305675281716684
1785465443.9301033,-2.8019024663624497,-0.7343359208167879
1785465444.0307655,-2.8040065501055995,-0.7331659281566185
1785465444.1384053,-2.8059773471842684,-0.7320742715427955
1785465444.2387826,-2.806501056997763,-0.7317883598135957
1785465444.3402677,-2.8070004218144824,-0.7315156172545205
1785465444.444339,-2.8073109365038946,-0.7313446532586607
1785465444.5466444,-2.8072519308654456,-0.731377275299125
1785465444.6619313,-2.806978698101655,-0.7315282370992424
1785465444.7625396,-2.8066526525548827,-0.7317079850651875
1785465444.868308,-2.8064929454936696,-0.7317956701458
1785465444.969095,-2.8065495690858215,-0.7317647879130238
1785465445.0772157,-2.8067154728498847,-0.7316744446941028
1785465445.177943,-2.806861429984962,-0.7315949040350007
1785465445.2804434,-2.8068948588693305,-0.7315765318593583
1785465445.3863585,-2.8068411794977837,-0.7316057680983247
1785465445.4865744,-2.8067612730914187,-0.7316494922647652
1785465445.5871549,-2.806696539870428,-0.7316849433809682
1785465445.6898444,-2.806687693421786,-0.731689751539987
1785465445.7903125,-2.806725097775295,-0.7316695004129263
1785465445.8905973,-2.8067702937721726,-0.731645080169791
1785465445.9924982,-2.806790109288476,-0.7316343454825877
1785465446.09621,-2.806785146152583,-0.7316370227471718
1785465446.1964176,-2.8067638622842344,-0.7316484319172591
1785465446.2970808,-2.8067433850165027,-0.7316593193933342
1785465446.397266,-2.8067366968371097,-0.7316628442894222
1785465446.4976244,-2.8067432344448706,-0.7316594182637963
1785465446.598352,-2.8067537606071262,-0.731653883197719
1785465446.7003222,-2.8067593609377712,-0.7316509163669556
1785465446.801345,-2.806757898763212,-0.7316516925152099
1785465446.9049664,-2.8067522351590397,-0.7316546962932375
1785465447.0139408,-2.806747141128138,-0.7316574030455172
1785465447.1144867,-2.806745884746875,-0.7316580716160537
1785465447.215527,-2.806748804227614,-0.731656515044151
1785465447.3161807,-2.806752691791017,-0.7316544435254855
1785465447.4171455,-2.806756737675115,-0.7316522862472973
1785465447.5203686,-2.8067574382302976,-0.7316519126330965
1785465447.6204658,-2.8067558078883432,-0.7316527794964409
1785465447.7208812,-2.8067535555154453,-0.7316539782863918
1785465447.8212998,-2.806751910879897,-0.7316548550388325
1785465447.921584,-2.8067518131840683,-0.7316549070470584
1785465448.0224035,-2.806752893891672,-0.7316543346290517
1785465448.1257935,-2.8067540489994545,-0.7316537194737172
1785465448.2304265,-2.8067545111328416,-0.7316534736206834
1785465448.3308768,-2.806754242528106,-0.73165361718404
1785465448.4312258,-2.8067535921881914,-0.7316539652755125
1785465448.5317826,-2.8067531776398966,-0.7316541862107595
1785465448.6326618,-2.8067530316127836,-0.7316542633967247
1785465448.7335978,-2.8067531721372254,-0.7316541897182605
1785465448.8348296,-2.806753464969527,-0.7316540356019352
1785465448.9353511,-2.8067536082169613,-0.7316539596655882
1785465449.035636,-2.8067535975850224,-0.7316539652988014
1785465449.1365056,-2.8067534874717444,-0.7316540236091628
1785465449.2367463,-2.806753325178377,-0.7316541098028692
1785465449.3371046,-2.8067532384960447,-0.7316541559451006
1785465449.4399734,-2.8067532316555384,-0.7316541595742133
1785465449.5405273,-2.80675326895278,-0.731654139594165
1785465449.640977,-2.8067533032603347,-0.7316541211404943
1785465449.7411642,-2.806753309401613,-0.7316541178280784
1785465449.8464386,-2.806753277460116,-0.7316541351417019
1785465450.0429928,-2.806753249560672,-0.7316541503074792
1785465450.1432428,-2.806753168197292,-0.7316541943718766
1785465450.2434618,-2.8067531588327173,-0.7316541994273397
1785465450.3464966,-2.806753156851145,-0.7316542004947009
1785465450.4468627,-2.8067531497112834,-0.7316542043187693
1785465450.547267,-2.8067531355772535,-0.7316542118636403
1785465450.6509447,-2.806753112327625,-0.7316542243513051
1785465450.7515366,-2.8067530931130307,-0.7316542346968303
1785465450.8563027,-2.806753072707132,-0.7316542456949513
1785465450.9602442,-2.806753061261922,-0.731654251875745
1785465451.0635743,-2.806753049665856,-0.7316542581497676
1785465451.1639314,-2.806753039166001,-0.7316542638466556
1785465451.268882,-2.806753028685239,-0.731654269542849
1785465451.3705618,-2.8067530160524146,-0.7316542764017944
1785465451.471044,-2.8067529990003273,-0.7316542856412016
1785465451.5718913,-2.8067529868199284,-0.7316542922267025
1785465451.6767216,-2.806752973207474,-0.7316542995902446
1785465451.7800062,-2.8067529626892993,-0.7316543052901943
1785465451.8807812,-2.8067529513809584,-0.7316543114304195
1785465451.9809291,-2.806752940145299,-0.7316543175641818
1785465452.081093,-2.8067529291545235,-0.7316543235846399
1785465452.183872,-2.80675291826328,-0.7316543295455435
1785465452.2861767,-2.8067529089316756,-0.7316543346936949
1785465452.3863213,-2.8067528985756693,-0.7316543404370148
1785465452.4867957,-2.8067528898595477,-0.7316543452599424
1785465452.5869644,-2.8067528814565814,-0.7316543499067936
1785465452.6882813,-2.8067528736175738,-0.7316543542565894
1785465452.7901633,-2.806752864081598,-0.7316543595092528
1785465452.8907473,-2.806752855281035,-0.7316543642874707
1785465452.991282,-2.8067528471662477,-0.7316543686855088
1785465453.0917053,-2.8067528388921805,-0.7316543731620311
1785465453.1963615,-2.8067528310226475,-0.7316543773912167
1785465453.2985053,-2.806752824208125,-0.7316543810745266
1785465453.399691,-2.806752818732427,-0.7316543840472673
1785465453.5004082,-2.806752813033495,-0.7316543871395849
1785465453.6014,-2.8067528062462217,-0.7316543908144253
1785465453.7016497,-2.8067527993727976,-0.7316543945174174
1785465453.805088,-2.806752793288975,-0.7316543978012573
1785465453.9056997,-2.8067527873210967,-0.7316544010241193
1785465454.0058627,-2.8067527813215976,-0.7316544042654074
1785465454.1059997,-2.8067527753809522,-0.731654407457512
1785465454.2110174,-2.8067527699144703,-0.7316544103900464
1785465454.3124638,-2.8067527654011504,-0.7316544128042937
1785465454.4135273,-2.8067527610963534,-0.7316544150882097
1785465454.5140352,-2.8067527564010497,-0.7316544175803272
1785465454.615847,-2.806752752184732,-0.7316544198057198
1785465454.7219572,-2.8067527487900388,-0.7316544216039413
1785465454.8253953,-2.8067527444992897,-0.7316544238793241
1785465454.9263065,-2.806752740807489,-0.7316544258369847
1785465455.0273397,-2.806752737289166,-0.7316544277135522
1785465455.1276252,-2.806752734175829,-0.7316544293727094
1785465455.229155,-2.806752731147014,-0.7316544309895193
1785465455.3358421,-2.8067527285017664,-0.7316544324040732
1785465455.4367805,-2.806752725806948,-0.7316544338522116
1785465455.5404925,-2.806752722925622,-0.7316544353996486
1785465455.6458817,-2.806752720001526,-0.7316544369688075
1785465455.746419,-2.806752717354559,-0.7316544383847965
1785465455.8466358,-2.8067527143918953,-0.7316544399745267
1785465455.9471033,-2.8067527119904105,-0.7316544412657995
1785465456.0474834,-2.8067527093521796,-0.7316544426892269
1785465456.147638,-2.806752706875332,-0.7316544440244372
1785465456.2480402,-2.806752704482533,-0.7316544453102811
1785465456.350989,-2.8067527020720475,-0.7316544466033734
1785465456.451535,-2.8067527000995494,-0.7316544476603901
1785465456.5518062,-2.806752698368745,-0.7316544485891368
1785465456.6520317,-2.806752696549554,-0.7316544495631317
1785465456.7525048,-2.8067526950653146,-0.731654450362349
1785465456.8551223,-2.806752693479583,-0.7316544512128405
1785465456.9554427,-2.8067526918713046,-0.7316544520771836
1785465457.055558,-2.806752690322061,-0.7316544529178608
1785465457.1558645,-2.8067526890799486,-0.731654453591641
1785465457.2567701,-2.8067526879712856,-0.7316544541950488
1785465457.3610704,-2.8067526869522204,-0.7316544547492634
1785465457.4623814,-2.806752685969598,-0.731654455282464
1785465457.5628428,-2.8067526851311895,-0.7316544557371089
1785465457.6659439,-2.806752684147059,-0.7316544562704199
1785465457.7665133,-2.8067526832801875,-0.7316544567401186
1785465457.869858,-2.8067526824053695,-0.7316544572140562
1785465457.9701598,-2.8067526816585477,-0.7316544576188848
1785465458.0707335,-2.8067526809601517,-0.7316544579969023
1785465458.1711774,-2.8067526804420813,-0.7316544582792749
1785465458.271759,-2.8067526798843163,-0.7316544585799911
1785465458.3729117,-2.8067526793359785,-0.7316544588730403
1785465458.475573,-2.806752678848215,-0.7316544591324101
1785465458.5773396,-2.8067526783919106,-0.7316544593744758
1785465458.6780667,-2.80675267800468,-0.7316544595809066
1785465458.7813594,-2.8067526776961804,-0.7316544597451371
1785465458.896325,-2.806752677421361,-0.7316544598918948
1785465458.9968505,-2.8067526772377556,-0.7316544599900107
1785465459.0998323,-2.8067526771196154,-0.7316544600535906
1785465459.2005558,-2.8067526771298192,-0.7316544600480729
1785465459.3012044,-2.8067526771461644,-0.7316544600392247
1785465459.403211,-2.8067526771933067,-0.7316544600138353
1785465459.5107017,-2.806752677221579,-0.7316544599985787
1785465459.61143,-2.8067526772503357,-0.7316544599830499
1785465459.7122862,-2.806752677325465,-0.7316544599426458
1785465459.8124926,-2.8067526774965237,-0.7316544598504258
1785465459.9128523,-2.8067526777329364,-0.7316544597230208
1785465460.0153046,-2.806752677998048,-0.7316544595795866
1785465460.1876965,-2.8067526781108914,-0.7316544595185484
1785465460.2902734,-2.806752678803136,-0.7316544591452919
1785465460.3908527,-2.806752679070999,-0.7316544589997744
1785465460.5060673,-2.8067526794540694,-0.7316544587919267
1785465460.608026,-2.806752679976835,-0.731654458507998
1785465460.7124581,-2.8067526804453595,-0.7316544582540871
1785465460.8134995,-2.8067526808517855,-0.7316544580335658
1785465460.915522,-2.8067526812225148,-0.7316544578350865
1785465461.0158498,-2.8067526818374424,-0.7316544575097261
1785465461.1169143,-2.80675268229167,-0.7316544572716759
1785465461.2224638,-2.8067526828835554,-0.731654456961331
1785465461.3256555,-2.80675268339164,-0.7316544566955008
1785465461.428683,-2.806752684021827,-0.7316544563658277
1785465461.5306318,-2.8067526846155477,-0.7316544560557995
1785465461.6309023,-2.806752685257606,-0.731654455721422
1785465461.7316306,-2.806752685824334,-0.7316544554274711
1785465461.8328748,-2.8067525803675144,-0.7316545100733177
1785465461.9332745,-2.8067522467669557,-0.7316546832560611
1785465462.0334837,-2.806750647701897,-0.7316555116042467
1785465462.1336493,-2.8067647085519187,-0.7316480344928813
1785465462.2408557,-2.8067218834645273,-0.7316709258930358
1785465462.341088,-2.806704371239633,-0.7316803356068139
1785465462.4475813,-2.806680571681586,-0.7316941291580927
1785465462.5507393,-2.806704815772085,-0.7316788110004095
1785465462.6534762,-2.806749523420638,-0.7316512178000242
1785465462.755252,-2.8067829379557927,-0.7316307521995691
1785465462.855445,-2.8067931573357163,-0.7316243935125322
1785465462.95609,-2.806779183408744,-0.7316330887006399
1785465463.056739,-2.806762581606872,-0.7316434114024456
1785465463.1575992,-2.8067499739675292,-0.7316513132873272
1785465463.257718,-2.8067327929360135,-0.7316621309864366
1785465463.376142,-2.806729293140825,-0.7316643352671286
1785465463.4766467,-2.806735202840965,-0.7316606265752632
1785465463.5768178,-2.8067426649761598,-0.7316559299105303
1785465463.6770124,-2.8067516867033704,-0.7316502290051845
1785465463.7777588,-2.8067567681441954,-0.7316470043387631
1785465463.878949,-2.8067568611407454,-0.7316469458656227
1785465463.9795527,-2.8067524428781723,-0.7316497659438865
1785465464.080029,-2.8067470558734104,-0.7316532150938917
1785465464.182554,-2.806744441671593,-0.7316548802285145
1785465464.2829146,-2.8067448361581677,-0.7316546319144842
1785465464.3850493,-2.806747192686579,-0.7316531527667476
1785465464.4862363,-2.8067499433431555,-0.7316514292539371
1785465464.5865293,-2.8067511099109868,-0.7316507010052108
1785465464.6867995,-2.806750668779103,-0.7316509766983774
1785465464.7868907,-2.806749036083653,-0.7316520008179009
1785465464.8872066,-2.806747775073869,-0.7316527912841986
1785465464.9901989,-2.8067474365523557,-0.7316530034879523
1785465465.0905416,-2.8067478853780026,-0.731652722138036
1785465465.191095,-2.8067485536809764,-0.7316523030652209
1785465465.2919848,-2.806748996619553,-0.7316520237383811
1785465465.3938947,-2.806749023115412,-0.7316520068850538
1785465465.4994264,-2.806748717326801,-0.7316522020361514
1785465465.6005273,-2.8067483434471145,-0.7316524401719041
1785465465.7059426,-2.8067481090188093,-0.7316525898146541
1785465465.8062317,-2.8067480789889103,-0.7316526089950877
1785465465.90945,-2.80674820070647,-0.7316525320258025
1785465466.0168986,-2.8067483374488877,-0.7316524456067748
1785465466.1178696,-2.8067484040576645,-0.7316524033071712
1785465466.2199132,-2.8067484014710464,-0.7316524049426942
1785465466.3204012,-2.8067483084090608,-0.7316524640193036
1785465466.4208302,-2.8067482160021004,-0.7316525226525562
1785465466.5227783,-2.8067481452572722,-0.7316525679485191
1785465466.6255805,-2.806748125662453,-0.7316525805097487
1785465466.7257733,-2.806748143045388,-0.7316525694409559
1785465466.8279662,-2.806748162107087,-0.7316525572779162
1785465466.928159,-2.8067481640787286,-0.7316525560159246
1785465467.0315185,-2.8067481444867926,-0.7316525684823862
1785465467.1390026,-2.8067481066296986,-0.731652592564479
1785465467.2402894,-2.8067480740365474,-0.7316526132261152
1785465467.3407373,-2.806748051062698,-0.7316526277723737
1785465467.4408991,-2.806748042196937,-0.7316526333838707
1785465467.5416098,-2.806748036410443,-0.7316526370343153
1785465467.647754,-2.806748035118057,-0.7316526378477933
1785465467.7514243,-2.8067480302294063,-0.7316526409167593
1785465467.8543017,-2.806748019383526,-0.7316526477233845
1785465467.9553218,-2.8067480046380315,-0.731652656965877
1785465468.0557039,-2.8067479855330526,-0.7316526688991201
1785465468.1565895,-2.806747970478031,-0.7316526782699532
1785465468.256715,-2.8067479559704203,-0.7316526872752883
1785465468.3611228,-2.8067479471376324,-0.7316526927524802
1785465468.462839,-2.8067479363639234,-0.73165269943118
1785465468.5631673,-2.8067479250102485,-0.7316527064700429
1785465468.6654248,-2.8067479129544144,-0.7316527139115255
1785465468.765715,-2.806747901680418,-0.7316527209199135
1785465468.877011,-2.8067478900521814,-0.7316527281838725
1785465468.9777026,-2.8067478786574043,-0.7316527353144422
1785465469.0780973,-2.8067478677277133,-0.7316527421582999
1785465469.1802642,-2.8067478578349148,-0.7316527483531787
1785465469.2804868,-2.806747847970669,-0.7316527545114531
1785465469.3817995,-2.8067478391238785,-0.7316527599986637
1785465469.481882,-2.8067478282527794,-0.731652766685184
1785465469.582322,-2.8067478190650763,-0.7316527723333524
1785465469.682527,-2.8067478091503784,-0.731652778448061
1785465469.79152,-2.8067478006199966,-0.7316527836790305
1785465469.9092455,-2.806747791400608,-0.7316527893248408
1785465470.012912,-2.806747782945607,-0.7316527944839334
1785465470.115968,-2.8067477754354195,-0.7316527990491963
1785465470.364274,-2.8067477684332274,-0.7316528033188924
1785465470.4646518,-2.8067477481171177,-0.7316528156866937
1785465470.5660098,-2.806747740855541,-0.7316528200845549
1785465470.6763136,-2.8067477333635167,-0.7316528246132853
1785465470.7767045,-2.8067477264569756,-0.7316528287835288
1785465470.8769493,-2.8067477197178143,-0.731652832856361
1785465470.9788284,-2.806747713402562,-0.73165283667991
1785465471.091282,-2.806747706827021,-0.7316528406627594
1785465471.1966076,-2.8067476996816545,-0.7316528449822173
1785465471.2973423,-2.8067476934345503,-0.7316528487508649
1785465471.3977697,-2.8067476872659514,-0.731652852467367
1785465471.5000513,-2.806747681860897,-0.7316528557264503
1785465471.600503,-2.80674767566355,-0.7316528594575129
1785465471.70083,-2.806747669202359,-0.7316528633477852
1785465471.801776,-2.806747662875626,-0.7316528671868586
1785465471.906823,-2.806747656276983,-0.7316528712191971
1785465472.007947,-2.8067476500917645,-0.7316528749889704
1785465472.1164289,-2.806747644409963,-0.7316528784643628
1785465472.2167828,-2.8067476385820935,-0.7316528820228382
1785465472.321216,-2.8067476334576424,-0.7316528851368408
1785465472.4219663,-2.8067476275494982,-0.7316528887356573
1785465472.5261369,-2.8067476225489885,-0.7316528917959007
1785465472.6283967,-2.8067476171255024,-0.7316528951229146
1785465472.730806,-2.80674761252079,-0.7316528979399644
1785465472.8327827,-2.8067476077760722,-0.7316529008393329
1785465472.9352434,-2.806747602888578,-0.7316529038332236
1785465473.0360672,-2.8067475983522954,-0.7316529066035478
1785465473.13711,-2.8067475943577267,-0.7316529090522297
1785465473.2378938,-2.806747589612182,-0.7316529119486198
1785465473.3489234,-2.806747585449253,-0.7316529144856194
1785465473.4491935,-2.8067475809261224,-0.7316529172483068
1785465473.5503845,-2.806747576250647,-0.7316529201002913
1785465473.6516438,-2.806747572335798,-0.7316529224901978
1785465473.7551003,-2.8067475674856643,-0.73165292544883
1785465473.855638,-2.8067475629395764,-0.7316529282173189
1785465473.9558556,-2.8067475588921487,-0.731652930707167
1785465474.056095,-2.8067475545225102,-0.7316529333928337
1785465474.1614046,-2.806747551284613,-0.7316529353752552
1785465474.2636108,-2.8067475470802536,-0.7316529379645202
1785465474.3662388,-2.8067475433334512,-0.7316529402658489
1785465474.4679987,-2.8067475393657935,-0.7316529426878619
1785465474.5718303,-2.80674753581906,-0.7316529448454331
1785465474.673036,-2.8067475317260673,-0.7316529473175957
1785465474.7753525,-2.8067475283419676,-0.7316529493751593
1785465474.8762636,-2.806747524413501,-0.7316529517767894
1785465474.977003,-2.80674752067488,-0.7316529540559359
1785465475.0795517,-2.806747516778283,-0.7316529564272085
1785465475.1804135,-2.806747513085791,-0.7316529586567675
1785465475.2807121,-2.806747509271607,-0.7316529609533694
1785465475.38237,-2.806747506638013,-0.7316529625404836
1785465475.4839878,-2.806747503710337,-0.7316529643060478
1785465475.5963213,-2.806747500436622,-0.7316529662777118
1785465475.6993952,-2.8067474970388275,-0.7316529683209237
1785465475.800134,-2.80674749382414,-0.731652970257162
1785465475.900526,-2.8067474905384855,-0.731652972228682
1785465476.0007496,-2.806747487491753,-0.7316529740505581
1785465476.101396,-2.8067474841199136,-0.7316529760643395
1785465476.2015285,-2.8067474809978625,-0.7316529779202128
1785465476.303173,-2.8067474782248576,-0.7316529795686493
1785465476.4049768,-2.8067474751467927,-0.7316529814039892
1785465476.5057998,-2.8067474719237557,-0.7316529833272543
1785465476.6060119,-2.806747469238116,-0.731652984931321
1785465476.7062323,-2.806747466677252,-0.7316529864564598
1785465476.8068247,-2.8067474636981298,-0.7316529882298803
1785465476.9079516,-2.806747460891739,-0.73165298990071
1785465477.0139403,-2.8067474581408107,-0.7316529915329921
1785465477.1141722,-2.806747455357922,-0.731652993184154
1785465477.221097,-2.8067474525668135,-0.7316529948356953
1785465477.321909,-2.8067474499462697,-0.7316529963886782
1785465477.4224892,-2.8067474470598004,-0.7316529981021284
1785465477.5232215,-2.806747443859911,-0.7316529999977277
1785465477.623539,-2.8067474406522255,-0.7316530018904666
1785465477.7243423,-2.8067474375260275,-0.7316530037338607
1785465477.8260322,-2.80674743473762,-0.7316530053717136
1785465477.9270368,-2.8067474315648657,-0.7316530072334001
1785465478.0315917,-2.8067474289084755,-0.7316530087822393
1785465478.1317446,-2.8067474259329126,-0.7316530105117252
1785465478.2319763,-2.806747423233039,-0.7316530120826201
1785465478.3323245,-2.8067474200751232,-0.7316530139069353
1785465478.4325118,-2.8067474173960356,-0.7316530154490781
1785465478.532855,-2.806747414404671,-0.7316530171832161
1785465478.6351976,-2.8067474115651265,-0.7316530188304882
1785465478.7354338,-2.806747408439948,-0.7316530206366805
1785465478.8355234,-2.8067474053320716,-0.731653022410381
1785465478.9356186,-2.8067474022086847,-0.7316530241847485
1785465479.0356944,-2.806747399690026,-0.731653025610224
1785465479.1363113,-2.8067473967185683,-0.7316530272857793
1785465479.2364912,-2.8067473939662873,-0.7316530288331824
1785465479.3390157,-2.8067473910571534,-0.7316530304663098
1785465479.4408717,-2.8067473882926923,-0.7316530320109164
1785465479.541577,-2.8067473853553304,-0.7316530336465201
1785465479.6462646,-2.806747382730302,-0.7316530351046631
1785465479.7581465,-2.8067473799987113,-0.7316530366122256
1785465479.8622146,-2.806747377112987,-0.7316530382024102
1785465479.9631627,-2.8067473745223035,-0.7316530396389354
1785465480.0665014,-2.806747371791441,-0.731653041151137
1785465480.166668,-2.806747368746875,-0.7316530428344603
1785465480.2700071,-2.8067473655218804,-0.731653044616171
1785465480.5293298,-2.806747362723126,-0.7316530461608395
1785465480.6304502,-2.806747354504748,-0.7316530507214573
1785465480.7306104,-2.8067473515734,-0.7316530523423146
1785465480.8308027,-2.8067473485055943,-0.7316530540291759
1785465480.9319792,-2.806747345876214,-0.7316530554642908
1785465481.0326862,-2.8067473098512674,-0.7316530750533519
1785465481.132849,-2.806747254127981,-0.7316531052293318
1785465481.2386606,-2.8067471697054884,-0.7316531512329332
1785465481.340495,-2.8067472240492957,-0.73165312176715
1785465481.4415858,-2.8067473856619656,-0.7316530342253411
1785465481.5435925,-2.806747433314405,-0.7316530084283446
1785465481.6475067,-2.806747338265227,-0.7316530597920652
1785465481.7477856,-2.8067472924943626,-0.7316530845881727
1785465481.8478944,-2.806747297532381,-0.7316530818441405
1785465481.9483445,-2.8067472932923505,-0.7316530841323816
1785465482.048836,-2.8067472934806506,-0.7316530840315172
1785465482.1502619,-2.8067473191095496,-0.7316530702190254
1785465482.250431,-2.806747334544914,-0.7316530618847676
1785465482.350683,-2.806747324192944,-0.7316530674531292
1785465482.4515264,-2.8067473082315737,-0.7316530760520267
1785465482.551718,-2.806747300469951,-0.7316530802370164
1785465482.6549113,-2.8067472971848044,-0.7316530820039759
1785465482.755143,-2.8067472956690054,-0.7316530828207913
1785465482.8552709,-2.8067472982179456,-0.7316530814518669
1785465482.9555547,-2.8067473009494295,-0.731653079987125
1785465483.055943,-2.806747298973725,-0.7316530810457513
1785465483.156372,-2.8067472925536885,-0.7316530844762954
1785465483.2565284,-2.8067472869863566,-0.7316530874424008
1785465483.3567708,-2.8067472836479244,-0.7316530892142566
1785465483.4612012,-2.806747281430057,-0.7316530903968225
1785465483.5615635,-2.806747279846729,-0.7316530912391649
1785465483.6631281,-2.806747278042977,-0.7316530922002623
1785465483.7636824,-2.8067472750013893,-0.7316530938137304
1785465483.865035,-2.8067472715553023,-0.7316530956238858
1785465483.9652367,-2.806747267885408,-0.7316530975492145
1785465484.0664499,-2.806747265238666,-0.7316530989271677
1785465484.1666172,-2.80674726249154,-0.7316531003528699
1785465484.2676454,-2.806747073468915,-0.731653198229955
1785465484.3700686,-2.8067470030176276,-0.731653235029024
1785465484.470904,-2.806744787165643,-0.7316544009516176
1785465484.5723784,-2.8067582697247246,-0.7316472373705061
1785465484.6757035,-2.806737727151975,-0.7316582536940016
1785465484.776285,-2.8067234219194015,-0.7316665455791485
1785465484.8781855,-2.8067229566235676,-0.7316667517673855
1785465484.980044,-2.806710147068987,-0.7316755521114073
1785465485.0812452,-2.8067011765316145,-0.7316819188645103
1785465485.196046,-2.806728668250155,-0.7316616649914691
1785465485.296332,-2.8067846701048462,-0.731621608970519
1785465485.3970451,-2.8068245873071174,-0.7315933936371204
1785465485.4973452,-2.8068358968807687,-0.7315853200829094
1785465485.5981624,-2.8068208900642095,-0.7315958910271284
1785465485.6982803,-2.8067947025990994,-0.7316142193381806
1785465485.7984707,-2.8067818922088024,-0.7316232583303666
1785465485.9003139,-2.806781393842485,-0.7316236118041517
1785465486.0004637,-2.80678582676178,-0.7316205106247843
1785465486.1010058,-2.8067894692713793,-0.731617969754701
1785465486.2117183,-2.806790461860037,-0.7316172780956047
1785465486.317745,-2.806787969419363,-0.7316190130921527
1785465486.4261847,-2.806783842782338,-0.7316218971856254
1785465486.5265188,-2.8067818675983243,-0.7316232792288846
1785465486.627603,-2.806783356781241,-0.7316222420232708
1785465486.728788,-2.8067695590564923,-0.7316318312332628
1785465486.8294833,-2.8067587698261955,-0.7316393144754162
1785465486.9313943,-2.806756283964359,-0.7316410238489388
1785465487.0333366,-2.806761638139796,-0.731637326426521
1785465487.139773,-2.806761170825364,-0.7316376553212468
1785465487.2400973,-2.8067728516312616,-0.7316295459625224
1785465487.3409774,-2.806768990080193,-0.7316322199755455
1785465487.4411561,-2.8067734841273344,-0.7316291233176064
1785465487.5417852,-2.8067820774983345,-0.7316232619674994
1785465487.6421223,-2.8067828030977178,-0.7316227822435476
1785465487.7459621,-2.8067863639897555,-0.7316203776595316
1785465487.8490272,-2.806785451868145,-0.7316210124765019
1785465487.9504695,-2.806788101294485,-0.7316192047598458
1785465488.0508258,-2.806780517522898,-0.731624286519672
1785465488.1605334,-2.806780290805101,-0.7316244223496069
1785465488.261863,-2.806775819125357,-0.7316273827976678
1785465488.3627179,-2.806770562585026,-0.7316308473527229
1785465488.4631872,-2.8067702969056025,-0.7316310207562191
1785465488.5642538,-2.806773619715533,-0.7316288392831691
1785465488.6655614,-2.806777170925071,-0.7316265025845679
1785465488.7664359,-2.806779275231791,-0.7316251275021936
1785465488.866661,-2.806778975298394,-0.7316253223762508
1785465488.9675975,-2.806777155076337,-0.7316265021758916
1785465489.0678098,-2.80677539159419,-0.7316276342442922
1785465489.169948,-2.806774408708081,-0.7316282626837812
1785465489.2705784,-2.806774553545574,-0.7316281696654325
1785465489.373672,-2.8067753982200125,-0.7316276270921525
1785465489.475484,-2.8067762435003614,-0.7316270858244787
1785465489.5764647,-2.806776488347712,-0.7316269289928339
1785465489.6766098,-2.806775717962941,-0.73162741374948
1785465489.7778819,-2.806775340080934,-0.7316276500835963
1785465489.8781326,-2.8067755765420643,-0.7316275026982739
1785465489.980553,-2.8067760611285477,-0.731627200054108
1785465490.0816135,-2.8067762831354774,-0.7316270619203045
1785465490.181965,-2.806776259442202,-0.7316270765836402
1785465490.2820358,-2.8067759035473565,-0.7316272961269602
1785465490.3822434,-2.806775669079272,-0.7316274405213279
1785465490.4852824,-2.806775656548385,-0.7316274482846066
1785465490.7304676,-2.8067757080217284,-0.7316274169669064
1785465490.8461566,-2.806775882107234,-0.7316273115005514
1785465490.947069,-2.8067757800614612,-0.7316273728432504
1785465491.047438,-2.80677573060114,-0.7316274026816416
1785465491.1490865,-2.8067756785528752,-0.7316274340822415
1785465491.2496283,-2.806773752226338,-0.7316285964653196
1785465491.3509793,-2.806755202332695,-0.7316399368827595
1785465491.4550602,-2.806734795222251,-0.731652776409921
1785465491.555368,-2.8067183103682707,-0.7316634435136843
1785465491.6641743,-2.8067191781217256,-0.731662845062266
1785465491.767076,-2.8067439462871495,-0.7316457446126997
1785465491.870041,-2.8067735173402633,-0.731625275154623
1785465491.972071,-2.806800496912537,-0.7316070271037711
1785465492.075311,-2.8068073407126177,-0.731602396930763
1785465492.1760163,-2.806796855441533,-0.7316095482655969
1785465492.2785351,-2.80677915259596,-0.7316215598589411
1785465492.379111,-2.80676264561579,-0.7316327835330481
1785465492.4812326,-2.806754750502041,-0.7316381540457993
1785465492.5820189,-2.806759135632957,-0.7316351755043571
1785465492.682273,-2.806768160215714,-0.7316290569611827
1785465492.7823699,-2.8067769787672114,-0.731623070646578
1785465492.8825974,-2.8067824033349775,-0.7316194007237682
1785465492.9828808,-2.806782093295866,-0.731619605703407
1785465493.085189,-2.8067771537761814,-0.7316228991751408
1785465493.186407,-2.80677071484441,-0.7316271530224914
1785465493.2886157,-2.806766275608692,-0.73163006650747
1785465493.389081,-2.806763312297848,-0.7316320187376625
1785465493.4901578,-2.806761365015921,-0.7316333425582653
1785465493.5908394,-2.806763308212488,-0.7316320094189643
1785465493.6917725,-2.8067711253996683,-0.7316267936972819
1785465493.792069,-2.806780249479915,-0.7316208174094277
1785465493.8960085,-2.8067821198196796,-0.731619586491279
1785465493.9964287,-2.806777329889737,-0.7316227816886702
1785465494.0970871,-2.8067721004665764,-0.7316262400118005
1785465494.197756,-2.8067681259442674,-0.7316288452906312
1785465494.2980726,-2.8067674838441086,-0.7316292667105202
1785465494.4023583,-2.806769731430422,-0.7316277735636694
1785465494.5058672,-2.8067726791993617,-0.7316258376084015
1785465494.6065946,-2.8067744818218063,-0.7316246621837836
1785465494.7118044,-2.806774440680409,-0.7316246880549364
1785465494.8125818,-2.8067730896505014,-0.7316255630206367
1785465494.9134815,-2.8067716534910874,-0.731626484424948
1785465495.01366,-2.8067707740697023,-0.7316270456644538
1785465495.115062,-2.806770879952482,-0.731626977659597
1785465495.2155595,-2.8067716283104285,-0.7316264967680997
1785465495.3157015,-2.8067723268732534,-0.7316260503258973
1785465495.4176967,-2.8067726215453335,-0.7316258625310497
1785465495.5200946,-2.8067723990312596,-0.7316260047824779
1785465495.6208324,-2.8067719484571394,-0.7316262931141378
1785465495.721543,-2.806771622563561,-0.7316265015448631
1785465495.8249733,-2.8067715344723623,-0.7316265577717072
1785465495.925331,-2.806771660860113,-0.7316264775916446
1785465496.026238,-2.8067718769175625,-0.731626340256359
1785465496.1267538,-2.8067719984605066,-0.7316262625071057
1785465496.2276301,-2.8067719796531834,-0.7316262745595741
1785465496.3280168,-2.8067718785115296,-0.7316263393418061
1785465496.4336905,-2.8067717707376407,-0.7316264084628604
1785465496.5349393,-2.806771719604804,-0.7316264412218666
1785465496.635892,-2.806771729268083,-0.7316264350621896
1785465496.7361543,-2.806771762977034,-0.731626413460883
1785465496.8363724,-2.806771793742843,-0.731626393827141
1785465496.9406452,-2.806771797240967,-0.7316263915974077
1785465497.0412438,-2.8067717736970454,-0.7316264064495833
1785465497.1422813,-2.806771743746923,-0.7316264254656968
1785465497.2496579,-2.806771722692744,-0.7316264389035871
1785465497.3500862,-2.806771710909885,-0.7316264463890092
1785465497.4502864,-2.806771709294953,-0.7316264474118848
1785465497.5507152,-2.806771711180494,-0.7316264462107448
1785465497.651391,-2.806771708980508,-0.731626447616167
1785465497.75156,-2.8067716995472836,-0.7316264536351356
1785465497.8518572,-2.8067716864157286,-0.7316264619388846
1785465497.952373,-2.8067716727176903,-0.7316264705757594
1785465498.0543532,-2.8067716638668743,-0.7316264761306297
1785465498.1574214,-2.8067716583030853,-0.7316264796093281
1785465498.2688982,-2.8067716540034766,-0.731626482284593
1785465498.3702605,-2.806771648079758,-0.731626485964207
1785465498.475684,-2.8067716423983966,-0.7316264894656336
1785465498.5834394,-2.806771633992227,-0.7316264946091346
1785465498.685605,-2.8067716245926126,-0.7316265003584221
1785465498.786019,-2.8067716185317337,-0.7316265040587526
1785465498.8867164,-2.8067716130435016,-0.7316265074194768
1785465498.9874055,-2.806771607328145,-0.7316265109381899
1785465499.088494,-2.806771601516604,-0.7316265145224599
1785465499.1893897,-2.806771597558799,-0.7316265169634744
1785465499.2962508,-2.8067715913429296,-0.731626520808607
1785465499.3972769,-2.806771585938273,-0.7316265241587769
1785465499.499246,-2.8067715791218224,-0.7316265283734513
1785465499.5994036,-2.806771572856733,-0.7316265322345019
1785465499.6997962,-2.8067715671035733,-0.7316265357482379
1785465499.8004847,-2.8067715618264013,-0.7316265389301513
1785465499.904212,-2.806771555663864,-0.7316265426383954
1785465500.0050242,-2.8067715502619897,-0.7316265458744333
1785465500.106401,-2.8067715444314674,-0.7316265493511867
1785465500.2065136,-2.806771538550948,-0.7316265528385122
1785465500.311961,-2.806771533078384,-0.7316265560811914
1785465500.4127414,-2.8067715276720753,-0.7316265592913195
1785465500.5163255,-2.8067715217417404,-0.731626562816224
1785465500.616666,-2.806771517099724,-0.7316265655814352
1785465500.7170942,-2.8067715112926326,-0.7316265690361029
1785465500.9628243,-2.8067715106715627,-0.7316265694062951
1785465501.0632343,-2.806771492242443,-0.7316265803999346
1785465501.1636143,-2.8067714865212445,-0.7316265838502206
1785465501.265666,-2.806771480623719,-0.7316265874249728
1785465501.3661983,-2.806771474797725,-0.7316265909766592
1785465501.4681978,-2.8067714696485786,-0.7316265941182128
1785465501.5686295,-2.806771464222306,-0.7316265974357006
1785465501.66878,-2.8067714599707605,-0.7316266000332163
1785465501.7707074,-2.806771454347091,-0.7316266034835054
1785465501.8711812,-2.806771449864784,-0.7316266062292773
1785465501.977067,-2.8067714442815936,-0.7316266096653186
1785465502.0816777,-2.8067714386831475,-0.731626613111392
1785465502.1821957,-2.806771433970722,-0.7316266160163641
1785465502.2827744,-2.8067714287016257,-0.7316266192579223
1785465502.3867183,-2.806771423753473,-0.7316266222890919
1785465502.488119,-2.806771419118984,-0.7316266251240302
1785465502.590098,-2.806771413925154,-0.7316266282924002
1785465502.6957624,-2.8067714087781623,-0.7316266314408725
1785465502.7968829,-2.8067714041176655,-0.7316266342811735
1785465502.89957,-2.8067713992077556,-0.7316266372616818
1785465503.0062757,-2.80677139544288,-0.7316266395500468
1785465503.1067495,-2.80677139090549,-0.7316266423146547
1785465503.2114298,-2.8067713866874056,-0.7316266448897639
1785465503.3142884,-2.806771382716219,-0.7316266473048822
1785465503.4144373,-2.806771378210608,-0.731626650043222
1785465503.5235536,-2.8067713736930147,-0.7316266527897041
1785465503.625633,-2.8067713689348373,-0.7316266556780118
1785465503.7258527,-2.8067713639293657,-0.7316266587291282
1785465503.8263314,-2.806771359445568,-0.73162666147408
1785465503.9287941,-2.806771354389332,-0.7316266645707106
1785465504.030177,-2.8067713490939257,-0.7316266678004295
1785465504.1319149,-2.8067713448678204,-0.7316266703600858
1785465504.2322788,-2.806771340655882,-0.7316266729050934
1785465504.3327515,-2.806771335131982,-0.7316266762396528
1785465504.435678,-2.806771331187641,-0.7316266786268097
1785465504.5358746,-2.8067713264471177,-0.7316266814979102
1785465504.63604,-2.806771321688009,-0.7316266843812103
1785465504.7366202,-2.806771316438323,-0.7316266875605502
1785465504.8400414,-2.8067713122224984,-0.7316266901120673
1785465504.9402575,-2.806771307185306,-0.731626693143969
1785465505.0405128,-2.806771302670414,-0.7316266958554283
1785465505.141115,-2.806771297385646,-0.7316266990269871
1785465505.2466612,-2.806771292912356,-0.731626701714368
1785465505.3480818,-2.806771288360563,-0.7316267044526212
1785465505.4485068,-2.806771283815469,-0.7316267071811631
1785465505.551849,-2.8067712787851646,-0.7316267102086755
1785465505.6519785,-2.8067712744925704,-0.7316267127835742
1785465505.7522955,-2.806771270476545,-0.7316267151938157
1785465505.8529887,-2.8067712661714777,-0.7316267177681206
1785465505.9629643,-2.806771261631141,-0.7316267204653768
1785465506.0715728,-2.806771257086806,-0.7316267231435147
1785465506.172256,-2.806771251936631,-0.7316267261730702
1785465506.2723782,-2.806771248648452,-0.731626728112972
1785465506.3732736,-2.806771245144035,-0.7316267301813127
1785465506.4735684,-2.806771241135971,-0.7316267325451364
1785465506.5780194,-2.8067712363277666,-0.731626735385938
1785465506.6784694,-2.806771231152992,-0.7316267384329409
1785465506.7965255,-2.806771226776712,-0.7316267410017031
1785465506.896708,-2.8067712212413833,-0.7316267442376572
1785465506.9978962,-2.8067712168186425,-0.7316267468413113
1785465507.0980535,-2.806771212686504,-0.7316267492531106
1785465507.1986873,-2.806771207440572,-0.7316267523098585
1785465507.3010929,-2.806771203296565,-0.7316267547271298
1785465507.401792,-2.806771198234874,-0.7316267576743753
1785465507.5024905,-2.806771193475978,-0.7316267604293106
1785465507.6028564,-2.8067711887007176,-0.7316267632038802
1785465507.7054927,-2.806771184180436,-0.731626765851343
1785465507.8091843,-2.806771179898606,-0.731626768365031
1785465507.9134257,-2.8067711751161184,-0.7316267711894422
1785465508.0142307,-2.806771170011918,-0.73162677419913
1785465508.1144743,-2.8067711660590464,-0.7316267765213711
1785465508.2154632,-2.806771161213821,-0.7316267793463223
1785465508.324046,-2.80677115714287,-0.7316267816977848
1785465508.4262633,-2.8067711513852895,-0.7316267850099321
1785465508.5263999,-2.8067711470281407,-0.7316267875060602
1785465508.631735,-2.8067711417644094,-0.7316267905183882
1785465508.732083,-2.8067711373514923,-0.7316267930353404
1785465508.8351128,-2.80677113145316,-0.731626796383182
1785465508.936158,-2.806771125521704,-0.7316267997354289
1785465509.036624,-2.80677111986074,-0.7316268029280841
1785465509.1367667,-2.806771113755845,-0.7316268063572364
1785465509.238539,-2.806771108241193,-0.7316268094337939
1785465509.3401585,-2.8067711033957883,-0.7316268121316079
1785465509.4405797,-2.8067710982547616,-0.7316268150026233
1785465509.5452325,-2.8067710933796794,-0.7316268177034914
1785465509.6534767,-2.80677108877611,-0.7316268202326452
1785465509.7538574,-2.8067710841618245,-0.7316268227385841
1785465509.854176,-2.8067710810765156,-0.7316268244126377
1785465509.954447,-2.806771076177398,-0.731626827088242
1785465510.055829,-2.8067710718419274,-0.7316268294611143
1785465510.156494,-2.8067710681035547,-0.7316268315073264
1785465510.2646332,-2.806771063709853,-0.7316268339021728
1785465510.3668122,-2.8067710590499506,-0.7316268364416711
1785465510.4670126,-2.8067710552814544,-0.7316268384913978
1785465510.5677004,-2.8067710496310934,-0.7316268415602811
1785465510.6680365,-2.806771044526705,-0.7316268443265913
1785465510.7691817,-2.8067710410190294,-0.7316268462218523
1785465510.8780158,-2.8067710387772205,-0.7316268474386334
1785465511.534987,-2.8067710371801984,-0.7316268483085524
1785465511.639242,-2.8067710278744515,-0.7316268534020194
1785465511.743715,-2.8067710205131067,-0.7316268574478393
1785465511.848414,-2.806771001613583,-0.7316268677922957
1785465511.9520597,-2.8067709966400103,-0.7316268705086664
1785465512.0539455,-2.8067709919506925,-0.7316268730683939
1785465512.1544018,-2.806770987596395,-0.7316268754408233
1785465512.262296,-2.8067709829313894,-0.7316268779884211
1785465512.3700166,-2.806770977687512,-0.731626880833248
1785465512.470695,-2.806770972647027,-0.7316268835630948
1785465512.5726438,-2.8067709665587497,-0.7316268868499018
1785465512.6760259,-2.8067709611287537,-0.7316268897845506
1785465512.776829,-2.8067709549666517,-0.7316268930911631
1785465512.8836114,-2.8067709494220527,-0.7316268960558965
1785465512.9839993,-2.806770943486285,-0.7316268992459946
1785465513.084687,-2.8067709382699113,-0.7316269020385548
1785465513.1988635,-2.8067709327484223,-0.7316269049832314
1785465513.301665,-2.806770928184056,-0.7316269074043628
1785465513.4019547,-2.806770922234037,-0.731626910568583
1785465513.5037622,-2.806770916614437,-0.7316269135479535
1785465513.6039598,-2.806770911683287,-0.7316269161770306
1785465513.7208228,-2.8067709084806327,-0.7316269178842814
1785465513.8210363,-2.8068656323299694,-0.7315768068247512
1785465513.9214046,-2.8109368209821315,-0.7294178367492452
1785465514.0225072,-2.8171458625057717,-0.7261252891756791
1785465514.1230638,-2.8171276487628436,-0.7261348501029778
1785465514.2260897,-2.817477659947597,-0.7259489603083649
1785465514.3292155,-2.818149980104901,-0.7255912459082854
1785465514.441452,-2.818620594707067,-0.7253412052057746
1785465514.5419922,-2.8187435682967386,-0.7252758285116947
1785465514.648319,-2.818599564669026,-0.725351829057748
1785465514.7484958,-2.818350305303447,-0.7254819152826537
1785465514.851969,-2.8182708695774474,-0.7255234434011046
1785465514.9525814,-2.8182318043329864,-0.7255451599128753
1785465515.055151,-2.818182764315327,-0.7255749849207249
1785465515.158567,-2.8181440681951018,-0.7256000446963686
1785465515.2622955,-2.8181404461571846,-0.7256022364470616
1785465515.3653634,-2.8181190313815065,-0.7256175538369706
1785465515.467649,-2.8181166761864747,-0.7256192840124708
1785465515.5680873,-2.818112797594237,-0.7256223281173881
1785465515.6682954,-2.8180999696022355,-0.7256330981631585
1785465515.7756345,-2.8180867276450847,-0.7256449336428258
1785465515.8777924,-2.8180686277147307,-0.7256620054310755
1785465515.9796069,-2.818059980758989,-0.72567054957192
1785465516.0993166,-2.818029335769647,-0.7257019166773977
1785465516.2005172,-2.817970597567288,-0.7257646023227532
1785465516.3035252,-2.8179217449999703,-0.7258196299972806
1785465516.403961,-2.8178723740937106,-0.7258791446144404
1785465516.505036,-2.8178240224914295,-0.7259407655239991
1785465516.6084816,-2.8177340969888314,-0.7260609981225075
1785465516.7115436,-2.8176209657362543,-0.7262183145573063
1785465516.812585,-2.8174969264424425,-0.7263965418858422
1785465516.9127116,-2.8173974595226228,-0.7265457520782145
1785465517.0201154,-2.8173164668437556,-0.7266733899795446
1785465517.120645,-2.8172448667428776,-0.7267901195643287
1785465517.2225616,-2.8171839881635794,-0.726892071936547
1785465517.3266711,-2.8171490901194667,-0.7269517391166129
1785465517.4270144,-2.8171485563691117,-0.7269522338094125
1785465517.5274568,-2.8173159314507616,-0.726638639031401
1785465517.6296968,-2.8193645981236117,-0.7226640882065638
1785465517.7313156,-2.823110114329212,-0.7151263157132342
1785465517.8346097,-2.824174107447519,-0.7129029312684072
1785465517.9349961,-2.824877324590725,-0.7114602546064082
1785465518.0361526,-2.824849714766531,-0.7115166548154196
1785465518.1364365,-2.8242464614830465,-0.7127342984372385
1785465518.236602,-2.8234150228448613,-0.7143538073769548
1785465518.3444068,-2.8229483067174663,-0.7152297956784087
1785465518.452042,-2.8227123615192666,-0.7156668916675982
1785465518.5537252,-2.8226586652818573,-0.7157658280155061
1785465518.6612911,-2.822619000483511,-0.7158385958873617
1785465518.7653599,-2.822564039636021,-0.7159389620606982
1785465518.8669562,-2.822655207393734,-0.7157825875530104
1785465518.9723601,-2.822753973320982,-0.7156184301431652
1785465519.0842795,-2.822839538139917,-0.715478528105124
1785465519.1848092,-2.8229726919586704,-0.7152643069943878
1785465519.285367,-2.8230498549363023,-0.7151437369935365
1785465519.386003,-2.823036885901559,-0.7151620823369651
1785465519.498328,-2.8229439875994715,-0.7152952691886612
1785465519.5985026,-2.822843496479826,-0.7154350388621772
1785465519.699236,-2.8228061986233377,-0.7154856276726245
1785465519.80036,-2.8228014370046437,-0.7154920756614085
1785465519.9169812,-2.8228337863719015,-0.715449747412171
1785465520.0171778,-2.822888099738828,-0.7153807682724241
1785465520.1203809,-2.8229562899925686,-0.7152971404225721
1785465520.220625,-2.8230176643288023,-0.715224928756478
1785465520.3208835,-2.8230731200564763,-0.7151614598497588
1785465520.4226954,-2.823127543977655,-0.715099962136248
1785465520.5281577,-2.8231724772113895,-0.7150497075468065
1785465520.6285198,-2.823196500792223,-0.7150231579862149
1785465520.732167,-2.823202899443328,-0.7150161828642929
1785465520.832735,-2.8232011637201455,-0.715018033611692
1785465520.9350047,-2.8232025065291073,-0.7150165918966507
1785465521.0358868,-2.8232221075295008,-0.7149963310260418
1785465521.1362622,-2.8232651151939483,-0.7149526580204806
1785465521.2368195,-2.823044552609613,-0.7151714515281641
1785465521.3403628,-2.8227649550706255,-0.7154512243339683
1785465521.4405072,-2.8228148140362297,-0.7154002892876443
1785465521.8558667,-2.822804067555023,-0.715411128488993
1785465521.956323,-2.822444489520914,-0.7157609925534378
1785465522.0625315,-2.8225173394637233,-0.715695120570763
1785465522.1630738,-2.8225954687451678,-0.7156253084159461
1785465522.2634656,-2.8226524568080276,-0.7155747602873648
1785465522.366616,-2.822685391420085,-0.715545738704011
1785465522.4671516,-2.8226924779278098,-0.715539507639728
1785465522.5689752,-2.8226961524443226,-0.715536323106458
1785465522.6707296,-2.822723194564719,-0.7155133186734386
1785465522.7711196,-2.822742463922287,-0.7154970990083023
1785465522.8739002,-2.8227899165693744,-0.7154577857527376
1785465522.9766107,-2.8228204701911683,-0.7154328747220917
1785465523.078007,-2.8228369541475384,-0.7154196030711292
1785465523.1811125,-2.8228505394809993,-0.7154087370152791
1785465523.283243,-2.822867738065864,-0.7153950860966307
1785465523.3873088,-2.8228772630745524,-0.7153876248919413
1785465523.4878683,-2.8228879463850274,-0.7153793772820107
1785465523.5915422,-2.8229015469923677,-0.7153689785140771
1785465523.6918623,-2.822914618584374,-0.7153590998916557
1785465523.7945561,-2.8229252520254624,-0.7153511376164927
1785465523.8962753,-2.822933943808357,-0.7153446529190637
1785465523.9967353,-2.8229433240162836,-0.7153377180940376
1785465524.0974329,-2.8229497524434084,-0.7153329788266325
1785465524.1979096,-2.8229235626626155,-0.7153522013568261
1785465524.3003569,-2.8228744931378467,-0.7153879935435319
1785465524.4014783,-2.8228188360061464,-0.7154282874795364
1785465524.5024629,-2.822761962361608,-0.7154695689801509
1785465524.6105525,-2.8227112095052247,-0.7155062856936355
1785465524.7108583,-2.822684768797649,-0.7155252759592334
1785465524.8129687,-2.8226865233493195,-0.7155240743828986
1785465524.914244,-2.822698472639531,-0.7155157408884677
1785465525.015134,-2.822710853162939,-0.7155071414927727
1785465525.1163328,-2.8227324883538105,-0.7154922338073721
1785465525.22169,-2.822758511388195,-0.7154743552031102
1785465525.3246062,-2.8228054693165676,-0.7154423585060116
1785465525.4257686,-2.82286827691083,-0.7153999632186809
1785465525.526495,-2.82291401971545,-0.715369514191532
1785465525.6281314,-2.8229401852592573,-0.7153522247832476
1785465525.7316654,-2.8229669397829995,-0.7153346246067458
1785465525.8318338,-2.8229982820267243,-0.7153141236956231
1785465525.9359264,-2.823008075024922,-0.7153077699479348
1785465526.0371726,-2.822996322123326,-0.7153153656485661
1785465526.13731,-2.8229728277189365,-0.7153305155683416
1785465526.2374794,-2.822942878284991,-0.7153497439856875
1785465526.3401752,-2.8229116858606624,-0.7153696570678554
1785465526.4408484,-2.8228803806934497,-0.71538946979643
1785465526.541927,-2.8228617816113744,-0.7154011748539474
1785465526.6424851,-2.82283754844619,-0.7154162088752495
1785465526.748163,-2.8228119893147015,-0.715431842605676
1785465526.8489377,-2.822810091132688,-0.7154330042912183
1785465526.9510152,-2.822830666807523,-0.7154206498077194
1785465527.0513122,-2.8228544878670387,-0.7154063799909305
1785465527.1520064,-2.822872370805646,-0.7153957110526137
1785465527.2530112,-2.822875859195552,-0.715393636137603
1785465527.3548234,-2.8228674785185532,-0.7153986650632179
1785465527.4548984,-2.822854585384159,-0.7154063698824189
1785465527.555674,-2.822847254793348,-0.7154107271585839
1785465527.6562965,-2.822845131623571,-0.7154119934686431
1785465527.7569969,-2.8228484472824076,-0.7154100279907465
1785465527.860904,-2.8228552875916537,-0.7154059905578074
1785465527.962785,-2.8228601449695687,-0.7154031397043285
1785465528.0629451,-2.8228617715108224,-0.7154021909597648
1785465528.1632402,-2.8228600515624684,-0.7154031801420099
1785465528.2666056,-2.8228572361442374,-0.7154047981484721
1785465528.3669658,-2.822855178947608,-0.7154059789155331
1785465528.4698758,-2.8228544963527877,-0.7154063698526307
1785465528.5705085,-2.8228553402406074,-0.7154058915434651
1785465528.6711805,-2.822857050191979,-0.7154049206650438
1785465528.7714767,-2.8228582015783306,-0.7154042648776566
1785465528.8733697,-2.8228583678953556,-0.7154041703741447
1785465528.9754603,-2.822857819212214,-0.7154044807574549
1785465529.0778236,-2.8228570699469167,-0.7154049026764687
1785465529.178204,-2.8228566768033843,-0.7154051243839785
1785465529.2815516,-2.822856626950766,-0.7154051524205557
1785465529.3859584,-2.822856791952086,-0.715405060442374
1785465529.4864995,-2.8228571751377998,-0.715404847407534
1785465529.5872447,-2.822857455467314,-0.715404691466782
1785465529.689908,-2.822857990982043,-0.7154043959907699
1785465529.7905855,-2.8228587747620377,-0.7154039640141251
1785465529.8909745,-2.822858754277692,-0.7154039752768115
1785465529.992835,-2.8228582011471657,-0.7154042788457851
1785465530.0944784,-2.8228574100389485,-0.7154047104986909
1785465530.1956184,-2.822857131948674,-0.715404861584334
1785465530.298382,-2.8228574745613453,-0.7154046764117654
1785465530.398928,-2.8228579661874624,-0.7154044113955689
1785465530.5008786,-2.8228584071503584,-0.7154041750618316
1785465530.6012065,-2.8228583024899074,-0.7154042307510807
1785465530.701495,-2.8228579318096103,-0.7154044272133506
1785465530.8051987,-2.8228576657748286,-0.7154045675290264
1785465530.9057002,-2.8228576118594035,-0.7154045959465255
1785465531.0058472,-2.822857761219125,-0.7154045179965421
1785465531.1060288,-2.822857935218529,-0.7154044272556772
1785465531.20617,-2.822857982403679,-0.7154044026888862
1785465531.3067513,-2.822857913983497,-0.7154044381031293
1785465531.4116588,-2.822857816540398,-0.7154044881733377
1785465531.5134833,-2.822857772300094,-0.7154045107425682
1785465531.614181,-2.8228577738052416,-0.7154045099846241
1785465531.7151415,-2.8228577965072508,-0.7154044985319462
1785465531.815495,-2.8228578134630737,-0.715404489976821
1785465532.2027125,-2.822857816081633,-0.7154044886513738
1785465532.3052874,-2.8228577611709484,-0.7154045159136978
1785465532.4060774,-2.822857750681537,-0.7154045210898601
1785465532.5069156,-2.8228577463369575,-0.7154045232309761
1785465532.6093936,-2.822857744595398,-0.7154045240867446
1785465532.7127266,-2.8228577414364664,-0.7154045256368711
1785465532.8130562,-2.8228577358056395,-0.7154045283857837
1785465532.9142652,-2.8228577267224297,-0.7154045328242825
1785465533.0151265,-2.8228577173781213,-0.7154045374082068
1785465533.1156158,-2.8228577071768006,-0.7154045423774661
1785465533.2160718,-2.822857699966992,-0.7154045458773179
1785465533.3162038,-2.8228576941323924,-0.7154045486948115
1785465533.4205127,-2.8228576898317965,-0.715404550760607
1785465533.5221465,-2.822857683477143,-0.7154045537980034
1785465533.6266398,-2.8228576769548086,-0.7154045569204028
1785465533.727427,-2.82285766929806,-0.7154045605877926
1785465533.8278584,-2.8228576615389294,-0.7154045642957998
1785465533.9321704,-2.8228576554785922,-0.7154045672147611
1785465534.032891,-2.8228576490826547,-0.7154045702782892
1785465534.1330383,-2.8228576431300367,-0.7154045731181102
1785465534.2333736,-2.822857637485555,-0.7154045757901459
1785465534.3357034,-2.8228576299755925,-0.7154045793193958
1785465534.4363136,-2.8228576063674087,-0.7154045902887612
1785465534.537064,-2.8228575796171054,-0.7154046026181091
1785465534.6373403,-2.822857405568776,-0.7154046823139316
1785465534.7518919,-2.8228572482561947,-0.7154047541074002
1785465534.8520212,-2.8228573249019115,-0.7154047195614299
1785465534.9524288,-2.8228574256144827,-0.7154046743815581
1785465535.0553637,-2.8228574231417354,-0.7154046755749084
1785465535.1558583,-2.822857345090205,-0.715404710744618
1785465535.255965,-2.822857260523029,-0.7154047488622735
1785465535.366288,-2.822857227276151,-0.7154047638115015
1785465535.4667392,-2.8228571901214075,-0.7154047804775536
1785465535.5766225,-2.822857164001509,-0.7154047921804563
1785465535.6769562,-2.8228571665000852,-0.7154047910694161
1785465535.777431,-2.822857182095086,-0.7154047841288422
1785465535.878709,-2.8228571861750016,-0.7154047823136822
1785465535.9791996,-2.8228571718644746,-0.7154047886664675
1785465536.0797365,-2.8228571541627026,-0.7154047964833393
1785465536.1872265,-2.822857145580869,-0.7154048002663832
1785465536.2875478,-2.8228571411387886,-0.7154048022284335
1785465536.3880336,-2.8228571414692576,-0.7154048020838458
1785465536.488665,-2.822857147736154,-0.7154047993422848
1785465536.5977435,-2.822857152234115,-0.7154047973700483
1785465536.700292,-2.822857157061417,-0.7154047952446747
1785465536.8010342,-2.822857158086521,-0.715404794789307
1785465536.9016373,-2.822857159210754,-0.7154047942885877
1785465537.0021925,-2.822857161383766,-0.7154047933192242
1785465537.1039276,-2.8228571656559165,-0.715404791412665
1785465537.2066565,-2.8228571697768445,-0.7154047895620328
1785465537.3068993,-2.8228571751853084,-0.715404787123868
1785465537.412068,-2.822857180382248,-0.7154047847657239
1785465537.5123324,-2.822857185655306,-0.715404782357207
1785465537.614167,-2.822857190733748,-0.7154047800343433
1785465537.7143872,-2.822857196406656,-0.7154047774441636
1785465537.8149412,-2.822857201194502,-0.7154047752588464
1785465537.9155724,-2.8228572076390823,-0.7154047723256303
1785465538.016243,-2.8228572144863087,-0.7154047692044949
1785465538.1166155,-2.8228572216641674,-0.7154047659207335
1785465538.2201416,-2.822857228149723,-0.7154047629406527
1785465538.3209517,-2.8228572352639896,-0.7154047596767896
1785465538.4212558,-2.822857242136925,-0.7154047565068035
1785465538.5214388,-2.822857248784643,-0.7154047534225199
1785465538.6272414,-2.8228572556553804,-0.7154047502573626
1785465538.7287703,-2.82285726268215,-0.7154047470113525
1785465538.8318365,-2.822857268577995,-0.7154047442855356
1785465538.93201,-2.8228572740680677,-0.7154047417366058
1785465539.0366812,-2.8228572809863905,-0.7154047385010757
1785465539.1373343,-2.8228573626975546,-0.7154047003591711
1785465539.2384098,-2.8228575077538594,-0.7154046327154144
1785465539.3398898,-2.822857645439382,-0.7154045684045708
1785465539.440476,-2.8228577749913724,-0.7154045082829834
1785465539.5415454,-2.8228576081353705,-0.7154045852235842
1785465539.6419168,-2.8228572730612815,-0.7154047408286505
1785465539.744772,-2.822857037762642,-0.7154048505843257
1785465539.8454037,-2.822857099142567,-0.7154048222586833
1785465539.946441,-2.8228573143297804,-0.7154047231192014
1785465540.050942,-2.8228574001851574,-0.715404683434663
1785465540.1512043,-2.8228574255329697,-0.7154046717254416
1785465540.251392,-2.822857422110779,-0.7154046733228021
1785465540.3519351,-2.8228573678218996,-0.7154046988746512
1785465540.452253,-2.8228573941662973,-0.7154046863105742
1785465540.555094,-2.8228575797295123,-0.7154045973717399
1785465540.6552255,-2.82285794367722,-0.7154044227665752
1785465540.756203,-2.822858029135411,-0.7154043817597309
1785465540.8568068,-2.822857846766475,-0.7154044698764288
1785465540.9588995,-2.822857710097185,-0.7154045356929711
1785465541.0617173,-2.8228576815064437,-0.7154045493780463
1785465541.1620545,-2.822857681841743,-0.7154045492164898
1785465541.2645602,-2.8228576888927797,-0.7154045458272229
1785465541.3656423,-2.822857730507333,-0.7154045259145319
1785465541.4660006,-2.8228577752113257,-0.7154045046262555
1785465541.5662096,-2.8228577966627726,-0.7154044944484468
1785465541.6681495,-2.8228577800781487,-0.7154045022362368
1785465541.7682717,-2.8228576901645805,-0.7154045441768617
1785465541.870089,-2.8228575577570374,-0.7154046059542548
1785465541.9705243,-2.822857323924183,-0.7154047161912346
1785465542.0711496,-2.822857015564226,-0.7154048620994891
1785465542.171804,-2.8226012192407617,-0.7155271301248813
1785465542.5862944,-2.822553708529536,-0.715549924830468
1785465542.686957,-2.821942654508719,-0.7158594610503328
1785465542.7872329,-2.821914179776679,-0.7158739503442513
1785465542.8873532,-2.821960469627879,-0.7158501326934015
1785465542.9878023,-2.82205673188319,-0.7158004931821151
1785465543.0943189,-2.822122762456638,-0.7157664623920204
1785465543.1958973,-2.822136647237738,-0.7157593626187791
1785465543.2967615,-2.822113818462111,-0.7157709614253918
1785465543.3976557,-2.8220718152861144,-0.7157922657062434
1785465543.50057,-2.8220443069458536,-0.715806157331718
1785465543.6017034,-2.82203989807544,-0.7158083769054684
1785465543.7037935,-2.8220542305723124,-0.7158012194715546
1785465543.8048074,-2.822076875837996,-0.7157899102943356
1785465543.9049625,-2.822089418957784,-0.7157836322080098
1785465544.0057933,-2.8220872038033926,-0.7157847516418512
1785465544.10601,-2.8220759375954807,-0.7157904047850736
1785465544.2069097,-2.8220685001643875,-0.7157941204658396
1785465544.3091693,-2.822066764869078,-0.7157949862018299
1785465544.413767,-2.822070467174747,-0.7157931545801832
1785465544.5143445,-2.8220746952572204,-0.7157910815956863
1785465544.6158159,-2.8220775533272904,-0.7157896849761938
1785465544.7159047,-2.8220775523713884,-0.7157896853427939
1785465544.8165383,-2.822075575216436,-0.7157906578902647
1785465544.9167736,-2.8220733126779667,-0.7157917728218286
1785465545.0172927,-2.8220721961265003,-0.7157923156285289
1785465545.1208801,-2.8220727297005856,-0.7157920565351163
1785465545.2211823,-2.822073923591424,-0.7157914783768826
1785465545.3214824,-2.822074716340438,-0.7157910974359851
1785465545.4216468,-2.8220747690209573,-0.7157910723252696
1785465545.52211,-2.8220742772990457,-0.7157913083491088
1785465545.622391,-2.822073680946448,-0.7157915942253887
1785465545.7283075,-2.8220733693472213,-0.7157917427880924
1785465545.828855,-2.822073396951322,-0.7157917298361549
1785465545.9295032,-2.8220736149920618,-0.7157916271543889
1785465546.0301108,-2.8220738572451247,-0.7157915124209289
1785465546.13033,-2.8220739417970697,-0.715791472448138
1785465546.232096,-2.822073918527381,-0.7157914835154833
1785465546.3364303,-2.8220737940852443,-0.715791542614248
1785465546.4374366,-2.822073663436922,-0.7157916046609069
1785465546.5377173,-2.8220735817651996,-0.7157916432610754
1785465546.6378582,-2.8220735808694113,-0.7157916437030784
1785465546.7464907,-2.822073741796358,-0.7157915684516947
1785465546.8467162,-2.8220738499739118,-0.7157915178602264
1785465546.9470396,-2.8220737234904174,-0.7157915769715708
1785465547.047561,-2.822073509973937,-0.7157916763771568
1785465547.1477346,-2.822073421006144,-0.715791717722706
1785465547.2515266,-2.8220733094980357,-0.7157917698716236
1785465547.3552232,-2.8220732194930003,-0.7157918120684417
1785465547.4559972,-2.822073149618141,-0.7157918447675914
1785465547.5561326,-2.8220732048240103,-0.7157918188779246
1785465547.6587424,-2.8220732393938217,-0.715791802690479
1785465547.761797,-2.8220732380507045,-0.7157918033063274
1785465547.8627024,-2.8220732251824003,-0.7157918093104232
1785465547.963176,-2.822073218036403,-0.7157918126538555
1785465548.064187,-2.8220732354754237,-0.7157918044167528
1785465548.1643534,-2.8220732762720333,-0.7157917851208422
1785465548.2655888,-2.8220734916725903,-0.7157916829029665
1785465548.3658843,-2.8220737420187145,-0.7157915646650956
1785465548.466169,-2.8220737314752133,-0.7157915697468364
1785465548.5666637,-2.822073617461129,-0.715791623710499
1785465548.667162,-2.822073639448249,-0.7157916133240786
1785465548.7679415,-2.822073655724487,-0.7157916056959133
1785465548.8739347,-2.8220736202601975,-0.7157916223642695
1785465548.9757733,-2.822073415386028,-0.7157917184832923
1785465549.077673,-2.822073138488131,-0.7157918489937316
1785465549.1799822,-2.822072810030855,-0.7157920033722812
1785465549.2817535,-2.8220718391089816,-0.7157924662970336
1785465549.3822494,-2.821961591959241,-0.7158451336326264
1785465549.4825306,-2.8219252766339213,-0.7158627400819597
1785465549.5827382,-2.821918724485251,-0.7158659306224392
1785465549.6862595,-2.8218434678843423,-0.7159032636683118
1785465549.787463,-2.821785888276869,-0.7159316428379698
1785465549.8904066,-2.8217530942869997,-0.7159476786605177
1785465549.9919384,-2.8217642073176767,-0.7159422240872112
1785465550.0924697,-2.821795508167722,-0.7159268068409061
1785465550.195733,-2.821825751904907,-0.7159120578547824
1785465550.2996385,-2.8218360903872415,-0.7159070446965632
1785465550.4035149,-2.8218268999003056,-0.7159114999295482
1785465550.5178995,-2.821810033927666,-0.7159196389666864
1785465550.62056,-2.8218004912120365,-0.7159242252953669
1785465550.7211516,-2.8218015654084607,-0.7159237059760063
1785465550.8217719,-2.821808528301679,-0.715920370213821
1785465550.9267178,-2.8218155605668396,-0.7159170239094075
1785465551.032251,-2.8218187502998737,-0.7159155188368873
1785465551.1361253,-2.8218180306376244,-0.7159158568952426
1785465551.2364671,-2.8218164052023065,-0.7159166148602423
1785465551.351371,-2.8218131571951575,-0.715918129114737
1785465551.4519799,-2.8218108778138804,-0.7159191972242382
1785465551.5557182,-2.821810826890277,-0.7159192216128287
1785465551.6563702,-2.8218119242146744,-0.7159187107215432
1785465551.7580848,-2.8218130228731537,-0.7159181993737374
1785465551.8618872,-2.8218133869016633,-0.7159180295006842
1785465551.9634066,-2.8218133452860648,-0.7159180489190422
1785465552.0635562,-2.821812950478276,-0.7159182333124603
1785465552.1643877,-2.8218124393987045,-0.7159184727714742
1785465552.2666576,-2.821812031438569,-0.7159186641607099
1785465552.3668604,-2.821811897979011,-0.7159187272154828
1785465552.4716036,-2.8218119503214067,-0.7159187025082745
1785465552.5725663,-2.821812332756781,-0.7159185219734582
1785465552.9774313,-2.821812419912824,-0.7159184808898422
1785465553.0781868,-2.8218126936855312,-0.7159183525190143
1785465553.1796253,-2.8218127416959775,-0.7159183301090641
1785465553.280304,-2.8218129130049334,-0.7159182501628458
1785465553.3806589,-2.8218129512318226,-0.7159182322222227
1785465553.4852662,-2.8218129694336724,-0.7159182237486661
1785465553.5875065,-2.821813123862188,-0.7159181519327993
1785465553.6903234,-2.8218132476303546,-0.7159180946925994
1785465553.7910979,-2.8218132119100665,-0.7159181111946618
1785465553.8917773,-2.8218131212359117,-0.7159181525268694
1785465553.9935763,-2.8218129175045945,-0.7159182449181327
1785465554.094104,-2.8218128066464243,-0.7159182952981642
1785465554.1961966,-2.821812854523001,-0.7159182736719012
1785465554.29715,-2.821812919247658,-0.7159182445684985
1785465554.3973663,-2.8218129055443892,-0.715918250768484
1785465554.5033722,-2.8218128505469826,-0.7159182756353372
1785465554.604613,-2.8218128209003983,-0.7159182890439613
1785465554.7050202,-2.8218128050718057,-0.7159182961892419
1785465554.8069897,-2.8218127947149476,-0.7159183008589101
1785465554.909649,-2.821812813495518,-0.7159182924214005
1785465555.0136032,-2.821812846051373,-0.715918277709062
1785465555.1137145,-2.8218128591180442,-0.7159182718112753
1785465555.2138782,-2.821812860110506,-0.7159182713642094
1785465555.315277,-2.82181286281216,-0.7159182701439917
1785465555.417816,-2.8218128719878006,-0.7159182660175654
1785465555.520097,-2.8218128848542725,-0.715918260241982
1785465555.6218884,-2.8218128988061912,-0.7159182539706447
1785465555.7254438,-2.8218129156683256,-0.715918246405477
1785465555.8263977,-2.821812933542856,-0.715918238388654
1785465555.930396,-2.8218129463473343,-0.7159182326649842
1785465556.0319865,-2.8218129584007174,-0.715918227246116
1785465556.134443,-2.821812971372391,-0.7159182213776865
1785465556.2367449,-2.821812986270124,-0.715918214602324
1785465556.3436656,-2.8218130017004484,-0.715918207575412
1785465556.4469044,-2.82181301906607,-0.7159181997024018
1785465556.5473814,-2.82181303662553,-0.7159181917749035
1785465556.6475232,-2.8218130533202364,-0.7159181842423056
1785465556.7506163,-2.821813067800807,-0.71591817765958
1785465556.8513808,-2.8218130801696346,-0.7159181720386859
1785465556.9522898,-2.8218130939708552,-0.7159181657675395
1785465557.0553558,-2.8218131109451043,-0.7159181580379091
1785465557.1560903,-2.8218131263523594,-0.7159181510148845
1785465557.2562292,-2.8218131426292983,-0.7159181436382731
1785465557.3626244,-2.8218131588778226,-0.7159181363019799
1785465557.4722025,-2.821813170109187,-0.7159181312364531
1785465557.5728698,-2.8218131848936636,-0.7159181245725802
1785465557.6735253,-2.8218132003323073,-0.7159181175874539
1785465557.7754765,-2.8218132133067746,-0.7159181116776177
1785465557.8761663,-2.8218132271168535,-0.7159181053979473
1785465557.9779246,-2.821813239374827,-0.7159180997981087
1785465558.0836859,-2.821813251492237,-0.7159180942227208
1785465558.1870341,-2.821813261189909,-0.7159180897396444
1785465558.2946088,-2.821813273741359,-0.7159180839010063
1785465558.3961978,-2.821813282431003,-0.7159180798615787
1785465558.4966912,-2.8218132925830157,-0.7159180751635357
1785465558.5981338,-2.8218133040535056,-0.7159180698563675
1785465558.6983669,-2.8218133184033176,-0.715918063198919
1785465558.8005874,-2.821813330467588,-0.7159180575821431
1785465558.901202,-2.821813341284659,-0.715918052554631
1785465559.0053463,-2.8218133560388847,-0.7159180456493259
1785465559.1059432,-2.8218133692976313,-0.71591803942251
1785465559.2060869,-2.8218134426102823,-0.7159180049079326
1785465559.3065917,-2.8218135866565355,-0.7159179370910254
1785465559.4099822,-2.821813877449706,-0.7159178001710034
1785465559.5130177,-2.8218141133880668,-0.7159176887348442
1785465559.6140826,-2.8218140621877374,-0.7159177129361805
1785465559.7153757,-2.8218138858988846,-0.7159177961822267
1785465559.820271,-2.821813803199368,-0.7159178351722548
1785465559.920917,-2.821813784039031,-0.7159178442156048
1785465560.0216455,-2.8218137513967227,-0.7159178595659739
1785465560.1223755,-2.821813657946463,-0.7159179039979096
1785465560.2269907,-2.821813190475728,-0.7159181273253801
1785465560.3301208,-2.821812167642887,-0.715918617730734
1785465560.4315677,-2.8217703513586567,-0.7159390606282159
1785465560.531664,-2.8217290203083736,-0.7159593421027064
1785465560.634518,-2.82171598738903,-0.715965815399989
1785465560.7385328,-2.8217064320479857,-0.7159705882453602
1785465560.8392732,-2.8216891366238968,-0.7159793396811195
1785465560.9411778,-2.8216706596618275,-0.7159887242127221
1785465561.0451176,-2.8216663807388893,-0.7159909177750139
1785465561.1472912,-2.8216752010707182,-0.7159864005893795
1785465561.247433,-2.821691945546467,-0.7159779432745135
1785465561.3477368,-2.821709670772111,-0.7159689847272468
1785465561.4479506,-2.8217170757545045,-0.7159651989025795
1785465561.551066,-2.8217140033538284,-0.7159667586023337
1785465561.6516755,-2.8217052135321903,-0.715971138074587
1785465561.752435,-2.821698206737492,-0.7159746065133605
1785465561.855636,-2.8216935822158087,-0.7159768776539485
1785465561.9579616,-2.821692943181887,-0.7159771929519692
1785465562.0635355,-2.821696260318811,-0.715975570621896
1785465562.1636758,-2.8216996903295075,-0.715973920037688
1785465562.2642035,-2.821676251895689,-0.7159851227634817
1785465562.3660076,-2.8216733565644514,-0.7159864870122206
1785465562.4669352,-2.8216748358470154,-0.7159858789921243
1785465562.5670197,-2.82167913192026,-0.7159842528198623
1785465562.667427,-2.821681806724587,-0.7159832902189952
1785465562.7712553,-2.8216789492095695,-0.7159842338886113
1785465562.871468,-2.8216786588738314,-0.7159844305522655
1785465562.9719243,-2.821669806830792,-0.715986886377082
1785465563.3603659,-2.8216699040026403,-0.7159868617177446
1785465563.4613607,-2.8215294200126237,-0.7160033711689295
1785465563.562748,-2.82143518637973,-0.7160091541371303
1785465563.6629205,-2.8211664085441313,-0.7160142821800275
1785465563.763418,-2.82075895059222,-0.7160077930951916
1785465563.8636408,-2.820118058079442,-0.7159745966346153
1785465563.963745,-2.8196884194311407,-0.7159372355064981
1785465564.0646062,-2.8193068058745117,-0.7158949624144023
1785465564.1694257,-2.8190194450976946,-0.7158549959118085
1785465564.2760918,-2.8190952790070125,-0.7158697520883779
1785465564.3775089,-2.8194971785752507,-0.7159579993572263
1785465564.4803143,-2.8206818184516753,-0.7162593337857177
1785465564.5806174,-2.8216205724803354,-0.7165281838903326
1785465564.681595,-2.8214396063758276,-0.7164714238980832
1785465564.7819226,-2.821007521731791,-0.716316295241137
1785465564.883124,-2.8201706527215817,-0.7159560262395923
1785465564.9855337,-2.818958205518786,-0.7153512249616373
1785465565.0868726,-2.8176773461998645,-0.714669509243268
1785465565.1871276,-2.816912048334798,-0.7142572358198234
1785465565.2904203,-2.8170065500030748,-0.7143125724265189
1785465565.3916621,-2.8172947768938124,-0.7144905789321087
1785465565.4932647,-2.817862160174188,-0.7148919877346533
1785465565.5953035,-2.8183964714543945,-0.7153120049101789
1785465565.7007298,-2.8192844180605685,-0.7160340594415082
1785465565.801002,-2.8202244922312802,-0.7168044357938443
1785465565.9011443,-2.8206554085088484,-0.7171637107235271
1785465566.0014892,-2.8204344301273703,-0.7169697193881301
1785465566.1019914,-2.8197832297121534,-0.7163532809459539
1785465566.2023327,-2.818764919025047,-0.7152963871942581
1785465566.305332,-2.8177767075202493,-0.7141810583693449
1785465566.4057093,-2.8171821366629426,-0.7134649470912608
1785465566.5060818,-2.8168525867900303,-0.7130368877569593
1785465566.6070707,-2.8167524453569284,-0.712894642421595
1785465566.7072377,-2.816822822517548,-0.7130123837638844
1785465566.8077042,-2.8171047188625042,-0.7135212734587035
1785465566.912225,-2.8177650598384005,-0.7147766963266382
1785465567.013834,-2.8189007732046663,-0.7169127500518779
1785465567.1170747,-2.8200846070070016,-0.7189825325008481
1785465567.2185347,-2.8204157327853445,-0.7195110908290816
1785465567.3265254,-2.8195370071812667,-0.7181593269824469
1785465567.4313278,-2.818549357566027,-0.7164480242522757
1785465567.5316265,-2.8169616806467825,-0.7131566674600307
1785465567.6328294,-2.8155018080821406,-0.7101230656309248
1785465567.7377253,-2.8144994549316404,-0.7081698128832422
1785465567.8404248,-2.8138993465595656,-0.7069798072887605
1785465567.94558,-2.814376108555385,-0.7079480324313487
1785465568.052943,-2.8149790579947673,-0.7091061075452479
1785465568.1552494,-2.8157917835310275,-0.7106083155664142
1785465568.2582495,-2.8162151600773213,-0.7113942859307312
1785465568.3641336,-2.8164968553519327,-0.7118909523474148
1785465568.466033,-2.816656762198195,-0.7121441394411798
1785465568.5679984,-2.8168476646246674,-0.7124154014530529
1785465568.6739914,-2.816874812636564,-0.7124528798449159
1785465568.7763042,-2.816382604688542,-0.7118353364836159
1785465568.8767765,-2.8158344403683437,-0.7111700662986703
1785465568.9796178,-2.815375105987831,-0.7106319190247703
1785465569.079837,-2.8151814479979547,-0.71040978906067
1785465569.1806147,-2.8151172064640515,-0.7103378077101543
1785465569.2834291,-2.8152483071315655,-0.7104786226732029
1785465569.386764,-2.815749210914656,-0.7109854686923197
1785465569.490781,-2.8175313425237847,-0.7126480109336439
1785465569.5912647,-2.819199982315093,-0.7140722482151134
1785465569.695409,-2.8208357581826298,-0.7153878380746657
1785465569.7955742,-2.8211600650814486,-0.7156386677929627
1785465569.899489,-2.8207709513030235,-0.715386095670844
1785465570.0111463,-2.820186222590824,-0.7150574862115695
1785465570.1136272,-2.8191165787490955,-0.7144902877227444
1785465570.2137613,-2.817850540267836,-0.7138123056662878
1785465570.3188424,-2.816966295658554,-0.7133353048279625
1785465570.4215634,-2.8166293330484775,-0.7131570532816367
1785465570.5240061,-2.816506668159582,-0.7130936927242537
1785465570.6241677,-2.8166989434233694,-0.713184994704841
1785465570.724386,-2.817057586121962,-0.713340981767666
1785465570.8267293,-2.8179425043003277,-0.7136657003207312
1785465570.9273946,-2.818926524605214,-0.7139874659631165
1785465571.02859,-2.819852763785366,-0.7142918003880129
1785465571.1311064,-2.820205513642015,-0.7144173910041245
1785465571.231433,-2.819880910323737,-0.7143020945907237
1785465571.336354,-2.819443828655031,-0.7141620215932831
1785465571.4446836,-2.818527856344283,-0.7139248072698654
1785465571.549499,-2.8174178477673038,-0.713694017136644
1785465571.659537,-2.8161979386556384,-0.7134674988179815
1785465571.7616372,-2.8153263923479477,-0.7133035071983688
1785465571.8667843,-2.8153053671517263,-0.7132990820681595
1785465571.9677114,-2.815644368170015,-0.7133610685179741
1785465572.0692031,-2.8163299407600157,-0.7134562832609489
1785465572.1766078,-2.817132024934363,-0.7135419561539754
1785465572.2827291,-2.818036264612529,-0.7136355936389255
1785465572.383313,-2.8185424280252307,-0.7136933957219911
1785465572.483483,-2.8187424944563038,-0.713717041018485
1785465572.5875676,-2.8185175487709277,-0.7136945009725095
1785465572.6881447,-2.8178966748333862,-0.7136448992479221
1785465572.7883036,-2.817241156533712,-0.7136074702074378
1785465572.8907607,-2.816565842256171,-0.7135829398634093
1785465573.0018568,-2.816185539095943,-0.7135741828265587
1785465573.1066499,-2.8161060583468887,-0.7135728454486499
1785465573.2115138,-2.8162624074977347,-0.7135721159593484
1785465573.3152883,-2.816677689092599,-0.7135618313860843
1785465573.9239562,-2.8169356985236473,-0.7135518406368709
1785465574.024117,-2.818080267549705,-0.7134951299724712
1785465574.125964,-2.8177326757240415,-0.7135217426808792
1785465574.228147,-2.81740988599208,-0.7135503494276794
1785465574.3309789,-2.8171267167722776,-0.7135792934170864
1785465574.4327188,-2.8168929896346744,-0.7136054828852585
1785465574.539075,-2.816703354728181,-0.7136289179968661
1785465574.6400099,-2.8166459564092765,-0.7136364694738391
1785465574.7403462,-2.816710108097868,-0.713627363176162
1785465574.8412695,-2.816893341854896,-0.7136012901887279
1785465574.9419448,-2.8170241964135876,-0.7135825368350937
1785465575.0445578,-2.8170990922634505,-0.7135716943973963
1785465575.146524,-2.8170192906281626,-0.7135840132482685
1785465575.2467885,-2.8168730778829483,-0.7136075207340744
1785465575.3472269,-2.8167120948158266,-0.7136341416835852
1785465575.4500942,-2.8166326183651615,-0.713647481668024
1785465575.5505416,-2.816598247712642,-0.7136533453968619
1785465575.652588,-2.816597729591009,-0.7136534382915353
1785465575.7527394,-2.8165980249388416,-0.7136534145854503
1785465575.853121,-2.8166025913441546,-0.7136525897508967
1785465575.9545188,-2.816600735282229,-0.7136529545146406
1785465576.0552955,-2.8166101412664672,-0.713651153946541
1785465576.1565533,-2.8165725992471757,-0.7136587124243937
1785465576.2569156,-2.816523274346255,-0.7136690728319959
1785465576.361815,-2.8164386890134154,-0.7136874302548606
1785465576.4627745,-2.816376628753669,-0.7137011442995109
1785465576.5634117,-2.8163692279124626,-0.7137027788111178
1785465576.6658964,-2.816351000444477,-0.7137068923854561
1785465576.7670875,-2.816280042300252,-0.7137228749169445
1785465576.8707123,-2.81612668586538,-0.7137570882973039
1785465576.9717774,-2.8159880259287524,-0.7137879006125916
1785465577.0719886,-2.8158735153276133,-0.7138142090604257
1785465577.1756282,-2.8158024171658793,-0.7138309019520623
1785465577.278311,-2.8157689730672546,-0.7138388050529285
1785465577.3813598,-2.8157332523787644,-0.7138472310873709
1785465577.4824197,-2.815728749510102,-0.713848294331753
1785465577.5831246,-2.815750587010559,-0.7138429559265556
1785465577.68332,-2.8158287397052204,-0.7138238216826327
1785465577.7836444,-2.8159496124951966,-0.7137939102154823
1785465577.8855963,-2.816036262347414,-0.7137725838228907
1785465577.986403,-2.8160787544849097,-0.7137620561865162
1785465578.0870874,-2.8161204531840367,-0.7137515762089379
1785465578.1905627,-2.816165965912882,-0.7137400570473582
1785465578.290724,-2.8161977071250233,-0.713731953260585
1785465578.3924654,-2.816203995749252,-0.7137303255878795
1785465578.4941509,-2.81621843523047,-0.713726597462043
1785465578.5966487,-2.8162231273683394,-0.7137253792494118
1785465578.6972349,-2.816244353511802,-0.7137198237893495
1785465578.798055,-2.816242853140706,-0.713720216512956
1785465578.9008281,-2.816242543884088,-0.7137203162749529
1785465579.0015502,-2.8162567922223074,-0.7137164568481607
1785465579.1029944,-2.8162512694200204,-0.7137179682685308
1785465579.2052398,-2.8162605613234755,-0.7137154319352905
1785465579.306172,-2.8162632338047318,-0.7137146910321631
1785465579.4065838,-2.8162567966851424,-0.7137164874547646
1785465579.5070584,-2.8162868034359216,-0.713708024611337
1785465579.612765,-2.816294322720867,-0.7137058843589452
1785465579.7133296,-2.816307937226494,-0.713701987124798
1785465579.813528,-2.816306924099491,-0.7137022785649804
1785465579.914167,-2.816319540062621,-0.7136986439093767
1785465580.014336,-2.8163227430731643,-0.7136976980729178
1785465580.1147113,-2.816336552092234,-0.7136937156689827
1785465580.2150896,-2.816343385924506,-0.7136917149259655
1785465580.3159015,-2.816345011153259,-0.7136912208679425
1785465580.4164045,-2.8163439874930267,-0.7136915146209597
1785465580.5177772,-2.816337984416318,-0.7136933408780698
1785465580.6203277,-2.8163328499553724,-0.7136949177957492
1785465580.7223935,-2.816323518155376,-0.7136978000122804
1785465580.8257759,-2.8163150589582857,-0.7137004486204674
1785465580.9310865,-2.8163111122675866,-0.713701697625062
1785465581.032501,-2.8163164009511394,-0.7137000272083274
1785465581.1326337,-2.816310305297434,-0.7137019497625305
1785465581.2329676,-2.8162948917179866,-0.7137068351351985
1785465581.3350697,-2.816296800524029,-0.7137062270258602
1785465581.4360127,-2.816297626811718,-0.7137059436226745
1785465581.5364685,-2.8162956044139595,-0.7137066011085638
1785465581.6408784,-2.816288539506398,-0.7137089230834353
1785465581.7457874,-2.816292852088569,-0.713707523211522
1785465581.8464475,-2.8163037107083806,-0.7137039578394931
1785465581.951314,-2.816311913981981,-0.7137012700127257
1785465582.0527058,-2.8163171766312565,-0.7136995628386789
1785465582.1529787,-2.8163165586766605,-0.7136997488766978
1785465582.2541332,-2.81631034512971,-0.713701806638851
1785465582.3630002,-2.816313041435223,-0.7137009193470376
1785465582.4631462,-2.816322786416738,-0.7136977074220021
1785465582.5638611,-2.8163255791805053,-0.7136967821652647
1785465582.665641,-2.816328143646764,-0.7136959311759896
1785465582.766401,-2.8163275506821566,-0.7136961301023905
1785465582.8666825,-2.8163254049705793,-0.7136968487739902
1785465582.9715595,-2.81632132253078,-0.7136982179866096
1785465583.0718536,-2.8163182111545813,-0.7136992715421844
1785465583.1760685,-2.8163170448465142,-0.7136996666440142
1785465583.2774599,-2.8163174439117005,-0.7136995343759722
1785465583.3798363,-2.8163183761132076,-0.7136992257065367
1785465583.4825797,-2.8163193019840027,-0.7136989191953467
1785465583.5827904,-2.8163189055669187,-0.7136990502158379
1785465583.6845856,-2.8163177125956973,-0.7136994464457389
1785465583.7908008,-2.8163163514385863,-0.7136999040072689
1785465583.8924341,-2.8163157877707565,-0.7137000954527712
1785465584.4097488,-2.8163157989508436,-0.7137000916777041
1785465584.5121763,-2.816317336011704,-0.7136995656549873
1785465584.614666,-2.816316389525637,-0.7136998886222338
1785465584.7263756,-2.8163161511261725,-0.7136999701458231
1785465584.8299022,-2.816315974554515,-0.7137000304771575
1785465584.9303334,-2.8163157619974437,-0.7137001036031791
1785465585.0334625,-2.816312997184222,-0.7137010572758833
1785465585.1476736,-2.8163096013273714,-0.7137022263013604
1785465585.2479982,-2.816310307412902,-0.7137019844656263
1785465585.3480923,-2.816313594118823,-0.7137008498818188
1785465585.4487567,-2.816317520017047,-0.7136994963950436
1785465585.5503364,-2.8163207004026214,-0.7136983999525135
1785465585.6532457,-2.8163205853181443,-0.713698439687161
1785465585.7548444,-2.8163185824524675,-0.7136991335844154
1785465585.8552566,-2.8163144572865653,-0.7137005593272547
1785465585.9610848,-2.8163119909767267,-0.7137014164070403
1785465586.0673945,-2.816312507066586,-0.7137012347116374
1785465586.1679509,-2.816314290856267,-0.7137006058405804
1785465586.2681813,-2.8163165012806997,-0.7136998268267996
1785465586.3684304,-2.8163174663694184,-0.7136994874543943
1785465586.4721062,-2.8163171767385733,-0.7136995895300783
1785465586.5777612,-2.816316061152888,-0.7136999821786099
1785465586.6798656,-2.8163150299288886,-0.7137003465612959
1785465586.7805586,-2.8163146669030317,-0.7137004753713017
1785465586.8856847,-2.8163149114820203,-0.7137003887686348
1785465586.9869437,-2.8163154487317894,-0.7137001988861547
1785465587.0874724,-2.8163158595975775,-0.7137000537903622
1785465587.1881955,-2.8163160105000165,-0.7137000004202605
1785465587.289884,-2.8163159794279595,-0.7137000116105745
1785465587.39154,-2.8163157940263575,-0.7137000785895525
1785465587.498895,-2.8163156683998847,-0.713700124411152
1785465587.6009548,-2.816315580777442,-0.7137001565535086
1785465587.701805,-2.81631557615189,-0.7137001582534996
1785465587.8019364,-2.8163156199221384,-0.7137001421365932
1785465587.903557,-2.8163156940861933,-0.7137001146526889
1785465588.0094101,-2.816315764801447,-0.7137000882347009
1785465588.1121802,-2.816315804468533,-0.7137000734411492
1785465588.2142487,-2.8163158320211603,-0.7137000631439754
1785465588.3220599,-2.8163158350767565,-0.713700062001067
1785465588.4232318,-2.8163158339798806,-0.7137000624159777
1785465588.5270615,-2.8163158273028284,-0.7137000649434031
1785465588.6305408,-2.8163158006432623,-0.713700075130997
1785465588.730902,-2.8163157942795753,-0.7137000775784208
1785465588.8312113,-2.816315804178611,-0.7137000737470128
1785465588.9318259,-2.8163158352730027,-0.7137000617720117
1785465589.032508,-2.8163158672119057,-0.7137000494996351
1785465589.134814,-2.816315893270291,-0.7137000394153912
1785465589.2353883,-2.816315908906372,-0.7137000333462733
1785465589.3363647,-2.816315915568188,-0.7137000307395147
1785465589.4394457,-2.81631591933855,-0.713700029260806
1785465589.5402389,-2.816315922821765,-0.7137000278971922
1785465589.6562948,-2.8163159245846847,-0.7137000272027744
1785465589.7564766,-2.816315926147313,-0.7137000265898837
1785465589.8568733,-2.81631593372782,-0.7137000236161093
1785465589.9587846,-2.8163159450432977,-0.7137000191594198
1785465590.061672,-2.8163159661392205,-0.7137000108536532
1785465590.166204,-2.816315987383437,-0.7137000024841442
1785465590.266984,-2.8163160019247555,-0.7136999967265698
1785465590.369047,-2.8163160187887026,-0.7136999900480383
1785465590.4769964,-2.816316031206248,-0.7136999851620026
1785465590.5819893,-2.8163160429329044,-0.7136999805531361
1785465590.6829908,-2.8163160580675517,-0.7136999746014656
1785465590.7834842,-2.8163160704939334,-0.7136999697095487
1785465590.884109,-2.8163160868102297,-0.7136999632666756
1785465590.9861844,-2.816316102644263,-0.7136999569829892
1785465591.0868928,-2.8163161200932736,-0.7136999500153294
1785465591.1872392,-2.816316139831201,-0.713699942023617
1785465591.2903993,-2.81631615344604,-0.7136999364624768
1785465591.390768,-2.816316166689588,-0.7136999310076559
1785465591.491558,-2.8163161792869476,-0.713699925797145
1785465591.594943,-2.8163161929891305,-0.7136999200963098
1785465591.6954134,-2.8163162079317696,-0.7136999138802907
1785465591.7998435,-2.816316225912114,-0.7136999063794787
1785465591.9000108,-2.816316242074928,-0.7136998995937323
1785465592.0015197,-2.8163162563009965,-0.7136998936838402
1785465592.1024525,-2.816316273448531,-0.7136998865804234
1785465592.2068093,-2.816316287610271,-0.7136998807216111
1785465592.3102064,-2.8163163045875486,-0.7136998736167983
1785465592.4108837,-2.816316316929163,-0.7136998684568341
1785465592.5130596,-2.8163163310071004,-0.7136998625628992
1785465592.6134267,-2.8163163482321583,-0.7136998553470005
1785465592.7147665,-2.816316362629706,-0.7136998493193738
1785465592.8149562,-2.8163163809588245,-0.713699841612
1785465592.9165468,-2.816316397541018,-0.7136998346026922
1785465593.017094,-2.816316415076122,-0.7136998271468502
1785465593.1178212,-2.8163164306758293,-0.7136998204617288
1785465593.218009,-2.8163164482209786,-0.7136998128595812
1785465593.318318,-2.81631646483622,-0.713699805577392
1785465593.4186916,-2.816316478426943,-0.7136997995578189
1785465593.5192397,-2.816316492960789,-0.7136997930659016
1785465593.6264596,-2.816316509568828,-0.7136997856322608
1785465593.7293384,-2.816316526224636,-0.7136997781465116
1785465593.830598,-2.816316545821042,-0.7136997693027824
1785465593.9310932,-2.816316560722234,-0.7136997625409527
1785465594.0314014,-2.816316579575315,-0.7136997539625073
1785465594.1320195,-2.8163166003946993,-0.7136997444936503
1785465594.2335753,-2.8163166192329707,-0.7136997359131234
1785465594.3348489,-2.816316641184865,-0.713699725946898
1785465595.0033898,-2.816316654245839,-0.7136997200232182
1785465595.1037416,-2.8163176488309194,-0.7136992626203729
1785465595.204215,-2.8163173863015447,-0.7136993839036987
1785465595.3043382,-2.8163172542595145,-0.713699444870399
1785465595.4058304,-2.8163172189123182,-0.7136994612473169
1785465595.5062392,-2.8163172205599736,-0.7136994604850455
1785465595.6066394,-2.8163172731160526,-0.7136994360876121
1785465595.7094128,-2.8163173443886595,-0.7136994030672861
1785465595.8123393,-2.8163173704360007,-0.7136993909547386
1785465595.914421,-2.816317346913017,-0.7136994018932485
1785465596.0145905,-2.8163173007440117,-0.7136994233434057
1785465596.1163068,-2.8163172548316737,-0.7136994446537325
1785465596.2175615,-2.8163172365829396,-0.7136994531458485
1785465596.3235195,-2.8163172287106075,-0.7136994568272861
1785465596.4274447,-2.8163172328138493,-0.7136994549019076
1785465596.530521,-2.816317241352533,-0.7136994508913651
1785465596.6312432,-2.816317246008911,-0.7136994487036836
1785465596.7329724,-2.8163172428641845,-0.7136994501811101
1785465596.8331099,-2.8163172288691896,-0.7136994567250057
1785465596.9335027,-2.816317213469745,-0.7136994638612625
1785465597.0349662,-2.816317201169642,-0.7136994695910382
1785465597.13578,-2.816317189968076,-0.7136994748026444
1785465597.2360678,-2.8163171858662346,-0.7136994766987285
1785465597.3367531,-2.8163171820868382,-0.7136994784412577
1785465597.438782,-2.8163171785441015,-0.7136994800679017
1785465597.540836,-2.816317174116649,-0.7136994821135472
1785465597.6483645,-2.8163171652806613,-0.713699486192604
1785465597.7509391,-2.81631715871555,-0.7136994892222901
1785465597.8539708,-2.8163171507072544,-0.7136994929235776
1785465597.9546285,-2.8163171417918345,-0.713699497043266
1785465598.0556324,-2.816317136135565,-0.7136994996508245
1785465598.155841,-2.8163171295454736,-0.7136995026688341
1785465598.2560463,-2.8163170646378304,-0.713699531993397
1785465598.3689022,-2.8163169475325796,-0.713699584782272
1785465598.4723475,-2.8163167143016175,-0.7136996905747237
1785465598.5781693,-2.816316529737134,-0.7136997747639051
1785465598.6814933,-2.816316581057247,-0.7136997514580132
1785465598.7816823,-2.816316659837208,-0.7136997157217644
1785465598.8844326,-2.816316723203843,-0.7136996870194188
1785465598.9851813,-2.8163166847005527,-0.7136997045465017
1785465599.0880492,-2.816316622494389,-0.7136997329280215
1785465599.1895134,-2.8163166308623677,-0.7136997290485996
1785465599.2924094,-2.816316727984319,-0.713699684669977
1785465599.3972926,-2.8163169548992264,-0.7136995807811521
1785465599.4979756,-2.8163172293856458,-0.7136994551296549
1785465599.598384,-2.8163172510536434,-0.7136994452452823
1785465599.7024775,-2.8163169103665497,-0.7136996005951138
1785465599.806389,-2.816316436430694,-0.7136998162978212
1785465599.9067054,-2.8163132567330016,-0.7137013012916698
1785465600.0068498,-2.816314947881766,-0.7137004974981745
1785465600.1071186,-2.8163001265474974,-0.7137074707715112
1785465600.2096744,-2.8162873780339184,-0.7137136983962677
1785465600.3222444,-2.8162617675340855,-0.7137267988979713
1785465600.4226663,-2.816269942847324,-0.7137223761036178
1785465600.5276062,-2.81626607384774,-0.7137246076397366
1785465600.6283293,-2.8162828732303495,-0.7137146489439061
1785465600.7297246,-2.816309724601401,-0.7136983062913314
1785465600.8322287,-2.816340986516761,-0.7136795175520494
1785465600.932617,-2.8163762953212403,-0.7136587251982109
1785465601.0328095,-2.8163816405046416,-0.7136555552512638
1785465601.1337829,-2.8163741429788036,-0.7136600345595576
1785465601.2342052,-2.816356760219222,-0.7136703831284665
1785465601.3369083,-2.81633947560114,-0.7136806390925676
1785465601.437078,-2.8163219314140386,-0.7136910912327434
1785465601.5376873,-2.816317651894448,-0.7136936359048822
1785465601.6398315,-2.81632306298066,-0.7136904328421464
1785465601.740005,-2.816335593623374,-0.7136829984360389
1785465601.8403046,-2.816343629528105,-0.7136782287743123
1785465601.947025,-2.8163472535093383,-0.713676097550582
1785465602.047588,-2.8163449070603854,-0.7136774862977993
1785465602.1510975,-2.8163388779947365,-0.7136810534770901
1785465602.2513595,-2.8163321031141466,-0.7136850664975498
1785465602.3514488,-2.816327137051725,-0.7136880065148616
1785465602.4539726,-2.816325830341187,-0.7136887784997794
1785465602.554137,-2.8163275906702303,-0.7136877428712697
1785465602.6551037,-2.8163292179871853,-0.713686783917769
1785465602.7556987,-2.8163303431775177,-0.7136861180072775
1785465602.856645,-2.8163291402236927,-0.7136868248785717
1785465602.9595423,-2.8163279039075273,-0.7136875466971573
1785465603.0598097,-2.816329152718806,-0.713686813174666
1785465603.1693773,-2.816331280550116,-0.7136855582392306
1785465603.2733445,-2.8163343589603187,-0.7136837359570489
1785465603.3736496,-2.8163355376939667,-0.713683032855086
1785465603.4779682,-2.8163353969354437,-0.7136831168207788
1785465603.5933821,-2.816334132718072,-0.7136838723881457
1785465603.6946793,-2.8163323859280527,-0.7136849141369659
1785465603.797389,-2.8163315220636638,-0.7136854264227577
1785465603.8977938,-2.816331455009998,-0.7136854662547318
1785465603.9986799,-2.816332174109605,-0.7136850390659821
1785465604.0995095,-2.8163327924736596,-0.7136846721383345
1785465604.2022917,-2.816333269184836,-0.7136843906520849
1785465604.3039987,-2.8163332424577705,-0.7136844065053214
1785465604.404651,-2.816332874738734,-0.7136846233137539
1785465604.5059557,-2.8163324704367954,-0.7136848610310924
1785465604.6061,-2.8163322452009636,-0.7136849930021709
1785465604.7072465,-2.8163322659157908,-0.7136849810019334
1785465604.8132362,-2.8163324016578146,-0.7136849027567738
1785465604.9221432,-2.816332535513601,-0.7136848259819362
1785465605.7137232,-2.8163326019753487,-0.7136847882907538
1785465605.813819,-2.816332414172275,-0.7136848939832757
1785465605.9141471,-2.8163323795464987,-0.7136849133400465
1785465606.0146387,-2.8163323887403653,-0.713684908293597
1785465606.1160197,-2.8163323751322142,-0.7136849157585643
1785465606.2187717,-2.8163323445642336,-0.7136849323593601
1785465606.3189468,-2.8163323228383925,-0.7136849441177789
1785465606.4319987,-2.8163323007290564,-0.7136849560690998
1785465606.5387137,-2.8163322868674348,-0.7136849635625103
1785465606.6400645,-2.8163322830596287,-0.7136849656198465
1785465606.7412784,-2.816332280763416,-0.7136849668600695
1785465606.8452065,-2.8163322744430754,-0.7136849702669911
1785465606.9470334,-2.816332263146079,-0.7136849763177027
1785465607.0542662,-2.816332249286935,-0.7136849837171846
1785465607.1558313,-2.816332233743119,-0.7136849920130777
1785465607.264218,-2.8163322192696536,-0.7136849997468382
1785465607.3647673,-2.8163322068421413,-0.713685006404309
1785465607.466644,-2.8163321954690765,-0.7136850125042904
1785465607.5669048,-2.8163321887635195,-0.7136850160886674
1785465607.6670845,-2.816332150044094,-0.7136850368081781
1785465607.7673907,-2.816332124239065,-0.7136850506193981
1785465607.873274,-2.8163320403385224,-0.7136850955036863
1785465607.9764738,-2.8163320532238765,-0.7136850886018213
1785465608.0768063,-2.8163321596473994,-0.7136850316964678
1785465608.1895978,-2.816332210540876,-0.713685004487634
1785465608.2906747,-2.8163321504235874,-0.71368503667227
1785465608.3908057,-2.816332093542094,-0.7136850669296859
1785465608.4931774,-2.8163320794734337,-0.7136850743767318
1785465608.5963972,-2.816332077713526,-0.7136850753075625
1785465608.696842,-2.816332066228051,-0.7136850813611582
1785465608.802399,-2.8163320539608914,-0.713685087786317
1785465608.9034917,-2.816332061259795,-0.7136850840075739
1785465609.005596,-2.8163320675249612,-0.7136850807667123
1785465609.1065812,-2.8163320571665107,-0.7136850861348754
1785465609.2070825,-2.816332040282613,-0.7136850948961839
1785465609.3072457,-2.8163320283648754,-0.713685101062456
1785465609.4075427,-2.8163320181781333,-0.7136851063154788
1785465609.5145257,-2.816332005555309,-0.7136851128201112
1785465609.6156595,-2.8163319975062384,-0.7136851169420663
1785465609.7163765,-2.8163319938880274,-0.713685118780657
1785465609.8217554,-2.8163319898032,-0.7136851208434265
1785465609.9264102,-2.8163319831136366,-0.7136851241886357
1785465610.0265515,-2.81633197136732,-0.7136851300696768
1785465610.126839,-2.816331962771186,-0.7136851343756482
1785465610.2285602,-2.8163319546750385,-0.7136851384469093
1785465610.3322058,-2.8163319464537575,-0.7136851425566594
1785465610.4329329,-2.8163319402869478,-0.7136851456213221
1785465610.5337718,-2.8163319340989243,-0.7136851486825758
1785465610.634266,-2.816331928122771,-0.713685151641384
1785465610.7419953,-2.8163319206119914,-0.713685155344023
1785465610.8424819,-2.816331911013711,-0.7136851600677293
1785465610.9466329,-2.816331904959112,-0.7136851630444998
1785465611.0494351,-2.8163318968801505,-0.7136851670180449
1785465611.1505327,-2.8163318913399507,-0.7136851697351685
1785465611.2507126,-2.816331883742354,-0.7136851734737046
1785465611.3677912,-2.8163318767513044,-0.7136851769314483
1785465611.476481,-2.816331868575894,-0.7136851809600346
1785465611.5812004,-2.81633186073429,-0.7136851848191784
1785465611.6818364,-2.816331854489484,-0.713685187869386
1785465611.7830381,-2.816331847854495,-0.7136851910983397
1785465611.884106,-2.81633184177372,-0.7136851940410713
1785465611.9842808,-2.8163318345397514,-0.713685197548716
1785465612.090956,-2.816331827715137,-0.7136852008599671
1785465612.1919296,-2.81633182016454,-0.713685204514511
1785465612.296722,-2.8163318146719343,-0.713685207172055
1785465612.39871,-2.8163318064129133,-0.7136852111657526
1785465612.4995418,-2.8163318005952327,-0.7136852139625331
1785465612.6017728,-2.8163317951607305,-0.7136852165616845
1785465612.7020736,-2.81633178821236,-0.713685219867839
1785465612.8024743,-2.8163317828133176,-0.7136852224306891
1785465612.9028604,-2.8163317767255065,-0.713685225325981
1785465613.020253,-2.8163317699024395,-0.7136852285696704
1785465613.1221442,-2.81633176311781,-0.71368523178133
1785465613.2265675,-2.816331755611162,-0.7136852353358807
1785465613.328302,-2.816331750462291,-0.713685237763215
1785465613.428844,-2.816331747159367,-0.7136852393210275
1785465613.534174,-2.8163317389659124,-0.713685243184548
1785465613.6373758,-2.8163317349335153,-0.7136852450996231
1785465613.738872,-2.8163317313132747,-0.7136852468258458
1785465613.8394666,-2.816331728965145,-0.7136852479451086
1785465613.9413884,-2.81633172370553,-0.7136852504576616
1785465614.0442047,-2.8163317202047877,-0.7136852521212735
1785465614.1477973,-2.8163317139613584,-0.7136852550838431
1785465614.2481995,-2.816331708379642,-0.7136852577354882
1785465614.348831,-2.8163317012059066,-0.7136852611607891
1785465614.4490483,-2.816331693839168,-0.7136852646765424
1785465614.5511665,-2.8163316891123884,-0.7136852669275693
1785465614.654127,-2.8163316851831683,-0.7136852687882854
1785465614.7554693,-2.816331678216746,-0.713685272081603
1785465614.8591373,-2.816331671953525,-0.7136852750779412
1785465614.9595528,-2.8163316663928324,-0.7136852777331524
1785465615.0598526,-2.816331660425834,-0.7136852805896874
1785465615.1619134,-2.8163316537050997,-0.7136852837907227
1785465615.2629783,-2.8163316480494864,-0.7136852864897998
1785465615.3637977,-2.816331642408235,-0.7136852891681
1785465615.4696329,-2.8163316368105025,-0.7136852918238166
1785465615.570465,-2.8163316301717214,-0.713685294964955
1785465615.670682,-2.816331625003325,-0.7136852974135349
1785465616.4668827,-2.8163316222529495,-0.7136852987213363
1785465616.5698957,-2.8163315979957373,-0.7136853102017497
1785465616.6701798,-2.81633158697553,-0.7136853153500515
1785465616.7708154,-2.816331574617364,-0.7136853210581589
1785465616.872856,-2.8163315666114266,-0.7136853247601989
1785465616.9739766,-2.8163315611685755,-0.7136853272769459
1785465617.0755842,-2.816331554969705,-0.7136853301341772
1785465617.1766164,-2.8163315489029164,-0.7136853329184571
1785465617.2779806,-2.8163315446954256,-0.7136853348559836
1785465617.3979146,-2.8163315405449914,-0.713685336763028
1785465617.5171893,-2.81633153645744,-0.7136853386343088
1785465617.621749,-2.8163315291765647,-0.7136853419794642
1785465617.7327826,-2.8163312491037797,-0.7136854702444372
1785465617.8334303,-2.8163310698637942,-0.7136855516538618
1785465617.9338388,-2.8163307462652343,-0.7136857012848652
1785465618.0340734,-2.8163292917303013,-0.7136863785654344
1785465618.1343865,-2.8163292394211723,-0.7136864030013121
1785465618.2357204,-2.816330419190778,-0.7136858609909869
1785465618.338835,-2.816331168297303,-0.7136855177859167
1785465618.4392128,-2.8163319006610443,-0.7136851827503683
1785465618.540638,-2.816332364401716,-0.7136849710637365
1785465618.6427746,-2.8163321257011464,-0.7136850801419716
1785465618.747776,-2.816330445453799,-0.713685855323212
1785465618.8518097,-2.816345975300827,-0.7136786821749388
1785465618.9546309,-2.8163486862216174,-0.7136773368964464
1785465619.0548215,-2.8163103804465592,-0.7136960541009534
1785465619.1672685,-2.816304400376666,-0.7136991200936456
1785465619.2678747,-2.816313746436363,-0.7136941445765914
1785465619.3683214,-2.8163394069788095,-0.7136807227645001
1785465619.4757295,-2.816360773434112,-0.7136698022783643
1785465619.5779207,-2.8163891376334576,-0.7136553671022465
1785465619.6797166,-2.816398404705153,-0.7136505743394628
1785465619.781396,-2.816393783584704,-0.7136529973001531
1785465619.8818588,-2.8163766996465855,-0.7136618694344584
1785465619.9844744,-2.816358707322692,-0.7136711402723442
1785465620.0846238,-2.8163460942098193,-0.7136777010854982
1785465620.2026942,-2.8163456922993735,-0.7136779103015329
1785465620.3029974,-2.8163543309089043,-0.713673412261596
1785465620.4034889,-2.816365799508975,-0.7136674119976874
1785465620.5057418,-2.816370628896882,-0.7136648901850788
1785465620.6062326,-2.8163707251947496,-0.7136648376794956
1785465620.7063649,-2.816365173539086,-0.7136676923266677
1785465620.8066025,-2.816359843354485,-0.7136704249905108
1785465620.9074183,-2.8163575002081602,-0.7136716332404411
1785465621.021887,-2.81635865578275,-0.713671040359865
1785465621.1256678,-2.816361642038935,-0.7136695049652224
1785465621.2263334,-2.816363851107651,-0.7136683703931317
1785465621.328259,-2.816364081817506,-0.7136682521432197
1785465621.4291008,-2.8163630062493943,-0.7136688021979982
1785465621.5314038,-2.8163616899419726,-0.7136694688886902
1785465621.63194,-2.8163607490346583,-0.7136699440290185
1785465621.732164,-2.8163607278870084,-0.7136699547656253
1785465621.8325508,-2.816361183987299,-0.7136697245654595
1785465621.9329722,-2.8163617877975646,-0.7136694204163176
1785465622.0353262,-2.8163621645936523,-0.7136692309047714
1785465622.145729,-2.816362283552337,-0.7136691707535923
1785465622.2467427,-2.8163621298119,-0.7136692477478375
1785465622.357079,-2.816361808532566,-0.7136694085329749
1785465622.4617891,-2.816361514182168,-0.7136695562975159
1785465622.5719206,-2.816361404443507,-0.7136696111792484
1785465622.673482,-2.8163614617661614,-0.7136695827024951
1785465622.7768579,-2.8163615980555496,-0.7136695149041113
1785465622.8784583,-2.816361707504521,-0.7136694606657662
1785465622.9819152,-2.8163617469693474,-0.7136694411085884
1785465623.0888617,-2.8163617095236897,-0.7136694596618515
1785465623.190396,-2.8163616063470966,-0.7136695107962772
1785465623.2974434,-2.8163615419780763,-0.7136695427123634
1785465623.3988497,-2.8163615048246475,-0.7136695610097593
1785465623.499982,-2.816361506801277,-0.7136695600420622
1785465623.6002555,-2.8163615306548997,-0.7136695483217623
1785465623.700399,-2.8163615494327328,-0.7136695391151591
1785465623.8018696,-2.816361554098638,-0.7136695368294199
1785465623.906984,-2.81636154090612,-0.7136695433003406
1785465624.0120025,-2.8163615143780634,-0.7136695562265853
1785465624.1124246,-2.8163614901484704,-0.7136695679652915
1785465624.2287083,-2.8163614711825335,-0.713669577123931
1785465624.3293788,-2.8163614608925074,-0.7136695820929906
1785465624.4305692,-2.816361458122545,-0.7136695834283666
1785465624.5354095,-2.8163614571179583,-0.7136695839130547
1785465624.6361442,-2.8163614533116785,-0.713669585755191
1785465624.737472,-2.816361445602384,-0.7136695894848252
1785465624.8402524,-2.816361434304583,-0.7136695949440641
1785465624.9409132,-2.8163614216499933,-0.7136696010695882
1785465625.0427291,-2.8163614100464645,-0.713669606663152
1785465625.1434243,-2.8163613998545682,-0.7136696115733356
1785465625.2649074,-2.8163613918940738,-0.7136696153818646
1785465625.365656,-2.8163613846913185,-0.7136696187932394
1785465625.4658184,-2.8163613784074784,-0.7136696217398721
1785465625.5665429,-2.816361369498851,-0.713669625907176
1785465625.671135,-2.816361359393015,-0.7136696306407585
1785465625.7730935,-2.816361351654958,-0.7136696342849632
1785465625.8739815,-2.816361341023598,-0.7136696393010515
1785465625.9765198,-2.81636133417458,-0.7136696425364575
1785465626.0804105,-2.8163613264441723,-0.713669646178096
1785465626.1845272,-2.8163613197653423,-0.713669649328168
1785465626.2922127,-2.816361311400723,-0.7136696532926307
1785465626.3924446,-2.8163613037406834,-0.7136696569145342
1785465627.1130443,-2.8163612977400585,-0.7136696597514116
1785465627.213561,-2.8163612632546253,-0.7136696759551806
1785465627.3187873,-2.816361237471255,-0.713669687916779
1785465627.4205089,-2.8163612303218275,-0.7136696912385113
1785465627.5297697,-2.8163612240791123,-0.7136696941499376
1785465627.630767,-2.8163612163503973,-0.7136696977330221
1785465627.73792,-2.8163612103241453,-0.7136697005070236
1785465627.8404143,-2.816361201456854,-0.7136697045905138
1785465627.9435897,-2.8163611954211505,-0.7136697073691787
1785465628.0462408,-2.8163611873764074,-0.7136697110789567
1785465628.1463797,-2.8163611810076223,-0.7136697140348252
1785465628.2472754,-2.8163611739445362,-0.7136697173309156
1785465628.3475077,-2.816361167706089,-0.7136697202380782
1785465628.4487228,-2.816361159974644,-0.7136697238392918
1785465628.5524457,-2.8163611534669055,-0.7136697268741629
1785465628.6538403,-2.816361146983999,-0.7136697299161461
1785465628.7564192,-2.8163611413018725,-0.7136697325653373
1785465628.8566997,-2.816361133808906,-0.7136697360310071
1785465628.9570158,-2.8163611278423635,-0.713669738779134
1785465629.0577526,-2.816361122633812,-0.7136697411769571
1785465629.166077,-2.8163611151874535,-0.7136697446117386
1785465629.2665277,-2.816361108865831,-0.7136697475062426
1785465629.3666813,-2.8163610744224146,-0.7136697629683024
1785465629.4669328,-2.816361045163461,-0.7136697760053861
1785465629.567455,-2.8163609319393594,-0.7136698259627724
1785465629.6677003,-2.816360660232602,-0.7136699460544613
1785465629.7685783,-2.816360599273676,-0.7136699730916569
1785465629.8704314,-2.816360635875822,-0.7136699568300713
1785465629.9752977,-2.8163607291328314,-0.7136699151423034
1785465630.07733,-2.8163607623774705,-0.7136699002176254
1785465630.1818206,-2.8163607174683225,-0.7136699204416869
1785465630.28223,-2.8163606439660662,-0.7136699535745954
1785465630.3867393,-2.8163605934567792,-0.7136699765475101
1785465630.4868875,-2.8163605636609037,-0.7136699900518384
1785465630.588728,-2.816360538758865,-0.7136700013668706
1785465630.694039,-2.816360525501144,-0.7136700074014626
1785465630.7978249,-2.8163605391033504,-0.7136700012583813
1785465630.8992884,-2.816360569770387,-0.7136699873895923
1785465631.0004313,-2.816360589314219,-0.7136699785568223
1785465631.1161284,-2.8163605900918505,-0.7136699782042917
1785465631.2225718,-2.8163605860326673,-0.7136699800520595
1785465631.326761,-2.8163605877199718,-0.7136699792862762
1785465631.4276898,-2.816360596257438,-0.7136699754185982
1785465631.5308383,-2.816360610369764,-0.7136699690608121
1785465631.6367583,-2.8163606228872364,-0.713669963434342
1785465631.7374463,-2.8163606466453754,-0.7136699527184145
1785465631.8432875,-2.8163606592147126,-0.7136699469988417
1785465631.9445138,-2.8163607873298244,-0.7136698882174564
1785465632.0458312,-2.8163609622013137,-0.7136698078040327
1785465632.1462464,-2.816361311924739,-0.7136696460784508
1785465632.249106,-2.816361508745531,-0.7136695554006602
1785465632.3500948,-2.8163613992047303,-0.7136696060369221
1785465632.4524038,-2.8163612701924414,-0.7136696656623852
1785465632.5662189,-2.81636119188203,-0.7136697019413927
1785465632.6666582,-2.816361190833369,-0.7136697024226542
1785465632.7768316,-2.8163612096527557,-0.7136696936474036
1785465632.8813026,-2.8163612492642853,-0.7136696751580198
1785465632.9822817,-2.8163613014153497,-0.7136696508070174
1785465633.0846,-2.8163613181535885,-0.7136696429958596
1785465633.2016363,-2.816361288388121,-0.7136696569061041
1785465633.3033879,-2.816361253281417,-0.7136696732003585
1785465633.4050837,-2.8163612312387176,-0.7136696834969032
1785465633.505913,-2.8163612264099327,-0.7136696857643285
1785465633.6211426,-2.8163612291216835,-0.7136696845002313
1785465633.721839,-2.8163612383031484,-0.7136696802394317
1785465633.8266976,-2.8163612468388135,-0.7136696762934747
1785465633.9273057,-2.8163612485873615,-0.7136696754871102
1785465634.0287945,-2.8163612413121633,-0.7136696788477513
1785465634.1318464,-2.81636122816786,-0.7136696848999773
1785465634.2321956,-2.8163612181051443,-0.7136696894939566
1785465634.3434336,-2.8163611734657517,-0.713669709885568
1785465634.4595096,-2.8163610835902766,-0.7136697508452134
1785465634.5617256,-2.816360893478788,-0.7136698381714063
1785465634.6730752,-2.816360810680672,-0.7136698764550318
1785465634.7788796,-2.816361005657404,-0.7136697858670331
1785465634.8793457,-2.8163613085996166,-0.7136696451450608
1785465634.9803777,-2.816361455255768,-0.713669577185547
1785465635.083457,-2.816361302148158,-0.7136696479588265
1785465635.1839466,-2.816361145168839,-0.7136697206989511
1785465635.2851985,-2.816361117784473,-0.7136697333386033
1785465635.3859015,-2.816361117379346,-0.7136697335317246
1785465635.4862294,-2.8163611127997425,-0.7136697356546078
1785465635.5876126,-2.8163611445326127,-0.7136697209347054
1785465635.6882002,-2.8163611986240715,-0.713669695891348
1785465635.7905548,-2.816361218471072,-0.7136696867319927
1785465635.8930895,-2.816361201623141,-0.7136696944456747
1785465635.9974158,-2.8163611019195485,-0.7136697398577163
1785465636.1008806,-2.8163608966036233,-0.7136698331185991
1785465636.2029004,-2.816360538011974,-0.713669997810917
1785465636.303131,-2.816359684727274,-0.7136703896753684
1785465636.4034731,-2.816327888165473,-0.7136848276295225
1785465636.5043323,-2.816336811172746,-0.7136807526327286
1785465636.6051598,-2.816327093587569,-0.7136854620676649
1785465636.7140708,-2.8163377697894254,-0.7136802746810964
1785465636.8188312,-2.8163606289871,-0.713669304601709
1785465636.919782,-2.816385943906751,-0.7136572806571244
1785465637.026533,-2.816394793346447,-0.7136530571289008
1785465637.8402026,-2.816392402853662,-0.7136542152492895
1785465637.9406629,-2.8163782343531025,-0.7136610854004779
1785465638.0409884,-2.8163769403273267,-0.7136617110175156
1785465638.1423442,-2.8163740548716114,-0.7136631047139804
1785465638.2426496,-2.8163721937268456,-0.7136640048060834
1785465638.3440533,-2.8163709068166733,-0.7136646269728957
1785465638.4460561,-2.8163712497980007,-0.7136644622659399
1785465638.5463517,-2.816372540469283,-0.7136638439329899
1785465638.6467156,-2.81637372946098,-0.7136632769673192
1785465638.7490313,-2.8163742652579513,-0.7136630224246086
1785465638.8504684,-2.8163741701585456,-0.7136630677792812
1785465638.9509423,-2.8163735618371786,-0.7136633565748134
1785465639.057187,-2.816372979953633,-0.7136636302266186
1785465639.15749,-2.8163726146863564,-0.7136638022989008
1785465639.2585428,-2.8163726136464806,-0.7136638028840538
1785465639.3592248,-2.8163728528003067,-0.713663691432128
1785465639.4708393,-2.816373092632749,-0.7136635800868549
1785465639.574792,-2.8163733391595938,-0.7136634654589273
1785465639.6749802,-2.8163733722296302,-0.7136634500719643
1785465639.7789798,-2.8163732533108927,-0.713663505612693
1785465639.87979,-2.816373081426732,-0.7136635858359699
1785465639.984844,-2.816372967640569,-0.7136636391169827
1785465640.104448,-2.816372951163047,-0.7136636468284654
1785465640.204746,-2.8163730092338097,-0.7136636194703836
1785465640.305258,-2.816373067537788,-0.7136635920703918
1785465640.4115841,-2.8163731070534146,-0.7136635735985479
1785465640.5142066,-2.8163731196848065,-0.7136635676876215
1785465640.6150556,-2.8163731027171233,-0.7136635756497764
1785465640.7157679,-2.816373064003204,-0.7136635937810418
1785465640.8161902,-2.8163730204800466,-0.7136636141336452
1785465640.917078,-2.8163730016171113,-0.7136636229231108
1785465641.0174425,-2.8163730003405103,-0.7136636235184795
1785465641.1204977,-2.8163730103152282,-0.7136636188438845
1785465641.221621,-2.816373020606213,-0.7136636140096027
1785465641.3257015,-2.816373022768487,-0.713663612990187
1785465641.4270518,-2.8163730153347655,-0.7136636165253152
1785465641.52726,-2.816373003387515,-0.7136636221901398
1785465641.627958,-2.816372989848605,-0.713663628567341
1785465641.7285788,-2.8163729795656915,-0.7136636333697508
1785465641.8288836,-2.8163729730701412,-0.7136636363756264
1785465641.929241,-2.8163729694198367,-0.7136636380507532
1785465642.0319262,-2.816372967577014,-0.713663638895845
1785465642.132441,-2.8163729643867708,-0.7136636403552243
1785465642.2333784,-2.816372960529486,-0.7136636421196215
1785465642.3354259,-2.816372952517451,-0.7136636457826089
1785465642.437783,-2.8163727861732823,-0.7136637216420532
1785465642.5407715,-2.8163725322387405,-0.7136638365663404
1785465642.641699,-2.8163720386132893,-0.71366406654981
1785465642.7441244,-2.8163633235595613,-0.7136681054435752
1785465642.8452108,-2.816357157649426,-0.7136710560984485
1785465642.9458132,-2.816358102155436,-0.7136706138624582
1785465643.047346,-2.8163679507758967,-0.7136659255600637
1785465643.1474597,-2.8163826435843564,-0.7136590383564985
1785465643.2493706,-2.816392811263044,-0.7136542601861993
1785465643.3496752,-2.816397496643837,-0.7136520420972392
1785465643.4546049,-2.816394948698404,-0.7136532553461743
1785465643.5548432,-2.816387135805275,-0.7136569740491168
1785465643.6565752,-2.8163818127413425,-0.7136594879238538
1785465643.7567806,-2.816378411010286,-0.713661101121013
1785465643.858012,-2.8163794100593442,-0.7136606222843357
1785465643.960338,-2.8163825248599146,-0.713659131575658
1785465644.06339,-2.816385769152575,-0.7136575777442458
1785465644.1670287,-2.816387315318615,-0.7136568428711326
1785465644.2680738,-2.816386831419361,-0.7136570729694109
1785465644.3717983,-2.816385461988326,-0.7136577241869725
1785465644.472268,-2.8163840149115664,-0.7136584143645887
1785465644.5735314,-2.8163829868481205,-0.713658905698364
1785465644.6738374,-2.816383002769438,-0.7136588982324035
1785465644.774012,-2.8163837218146512,-0.7136585582261472
1785465644.8764887,-2.8163844547975723,-0.7136582122636481
1785465644.9793031,-2.816384916973092,-0.7136579937194619
1785465645.0795867,-2.8163848663268265,-0.7136580172910987
1785465645.1798782,-2.816384555326654,-0.7136581624880278
1785465645.2808108,-2.8163842201824676,-0.7136583194205255
1785465645.3842354,-2.8163839532789834,-0.7136584434363857
1785465645.4845207,-2.816383961443029,-0.7136584396657568
1785465645.584788,-2.8163841347966674,-0.7136583595684692
1785465645.6856992,-2.816384297267609,-0.7136582842709243
1785465645.7858627,-2.8163843883138218,-0.7136582422796627
1785465645.8874097,-2.816384378471046,-0.713658246795658
1785465645.9884984,-2.816384289183967,-0.7136582876064258
1785465646.1055899,-2.8163841531833262,-0.7136583494255552
1785465646.2213156,-2.8163839686111047,-0.7136584333890268
1785465646.321524,-2.8163837776651452,-0.713658520610787
1785465646.4217103,-2.8163827097566556,-0.7136590111437651
1785465646.5228033,-2.816360004126449,-0.7136694299675699
1785465646.626515,-2.816357724936635,-0.7136703139729303
1785465646.7362113,-2.8163379027649356,-0.7136800560390815
1785465646.8368804,-2.816336884862321,-0.7136806100800482
1785465646.9372694,-2.816351721224192,-0.7136726707421484
1785465647.04385,-2.8163745450582924,-0.713660364818056
1785465647.1456573,-2.8164033357468927,-0.7136449576102828
1785465647.2543218,-2.816429307821757,-0.7136312691329502
1785465647.3553193,-2.816441381744981,-0.7136249326640847
1785465647.455555,-2.81643471160613,-0.7136284665828834
1785465647.5563772,-2.8164182700855416,-0.7136371241107272
1785465647.6568675,-2.8163975921082285,-0.7136479329789365
1785465647.7612946,-2.8163788249012005,-0.713657760081488
1785465648.9793804,-2.816373800074229,-0.713660374208672
1785465649.0797358,-2.8163925439955437,-0.7136505515729072
1785465649.1800299,-2.816393996434789,-0.7136497829791049
1785465649.2808013,-2.8163974550610718,-0.7136479519917345
1785465649.3840694,-2.8164017115673934,-0.7136457111247717
1785465649.4845414,-2.8164033420330816,-0.7136448541911034
1785465649.585919,-2.81640281008397,-0.7136451309808612
1785465649.6871006,-2.8164011527272517,-0.7136459933874609
1785465649.7873092,-2.816399298148034,-0.7136469580938938
1785465649.889534,-2.8163981862797254,-0.7136475384467947
1785465649.9909554,-2.8163981920574614,-0.7136475359004275
1785465650.0929084,-2.816398964548382,-0.7136471384190533
1785465650.1933737,-2.8163999110780713,-0.7136466542815527
1785465650.2974608,-2.816400405393488,-0.7136464016349899
1785465650.3979013,-2.8164004823623263,-0.7136463623180189
1785465650.501495,-2.8164000505088955,-0.7136465826500378
1785465650.604816,-2.81639964205431,-0.7136467916133404
1785465650.706402,-2.816399258433075,-0.7136469879935254
1785465650.8069642,-2.816399196836931,-0.7136470193144615
1785465650.909479,-2.816399283308447,-0.7136469756258919
1785465651.0100577,-2.8163994681853133,-0.7136468822809733
1785465651.1178708,-2.8163996636129696,-0.7136467837485181
1785465651.2207015,-2.8163997263433216,-0.7136467522739578
1785465651.3269632,-2.8163996700852785,-0.7136467805128861
1785465651.4279697,-2.8163995686903345,-0.7136468316268587
1785465651.528689,-2.8163994347033614,-0.7136468989992982
1785465651.6289883,-2.816399371322939,-0.7136469307185205
1785465651.7379916,-2.816399375021733,-0.7136469288904053
1785465651.8394368,-2.816399420760109,-0.7136469061969415
1785465651.9400463,-2.8163994517677824,-0.7136468908627271
1785465652.0421834,-2.8163994607802185,-0.7136468864026637
1785465652.1590893,-2.816399441100421,-0.7136468961612332
1785465652.262587,-2.8163994022991194,-0.7136469153014315
1785465652.3698316,-2.8163993687210582,-0.7136469317927191
1785465652.4712257,-2.816399346131177,-0.7136469428964832
1785465652.5718284,-2.8163993390324036,-0.7136469464050208
1785465652.6721997,-2.8163993397325453,-0.713646946057332
1785465652.77418,-2.8163993421446474,-0.713646944863906
1785465652.8742661,-2.816399375851134,-0.7136469281523417
1785465652.97912,-2.8163994308292843,-0.7136469008568977
1785465653.0795496,-2.8163995444708583,-0.7136468445121573
1785465653.1836035,-2.8163995965836235,-0.7136468186704896
1785465653.2857273,-2.8163995329304083,-0.7136468503206602
1785465653.3888016,-2.816399468026312,-0.713646882697689
1785465653.4944556,-2.8163993951001083,-0.7136469190955186
1785465653.5947626,-2.8163993813854065,-0.7136469259300525
1785465653.6951149,-2.816399384797794,-0.7136469242314042
1785465653.8007634,-2.8163993887991485,-0.7136469222393573
1785465653.9009974,-2.8163993941491783,-0.7136469195762094
1785465654.0023806,-2.8163993999322203,-0.7136469167256201
1785465654.1034362,-2.8163994096720986,-0.713646911932938
1785465654.204824,-2.8163994119804925,-0.7136469107993408
1785465654.3059175,-2.8163993981574107,-0.713646917596011
1785465654.407918,-2.816399378023543,-0.7136469274811543
1785465654.5129466,-2.816399359115635,-0.7136469367897964
1785465654.6221957,-2.8163993491405916,-0.713646941665747
1785465654.7284896,-2.816399345060008,-0.7136469436455144
1785465654.8289416,-2.8163993415596855,-0.7136469453443369
1785465654.9303088,-2.8163993390776567,-0.7136469465439943
1785465655.0304124,-2.8163993370929035,-0.7136469475055012
1785465655.1307912,-2.8163993317739053,-0.713646950078911
1785465655.2312226,-2.816399321763459,-0.7136469549479887
1785465655.332434,-2.8163993114455947,-0.7136469599590605
1785465655.4332948,-2.8163993040284723,-0.7136469635384071
1785465655.5422142,-2.816399299084493,-0.7136469659242797
1785465655.64885,-2.8163992923654297,-0.7136469691255962
1785465655.7490788,-2.8163992886554507,-0.7136469709018135
1785465655.850404,-2.816399283369608,-0.7136469734406192
1785465655.9537096,-2.8163992781054255,-0.7136469759772784
1785465656.0555613,-2.8163992720946953,-0.7136469788806812
1785465656.1562405,-2.81639926357191,-0.7136469829999265
1785465656.2589972,-2.8163992555525073,-0.7136469868643593
1785465656.3615584,-2.816399246977656,-0.7136469909860435
1785465656.4632728,-2.816399243101861,-0.7136469928366287
1785465656.5676184,-2.816399236282371,-0.7136469960893933
1785465656.6766465,-2.8163992314766726,-0.7136469983778779
1785465656.7778456,-2.816399225430932,-0.71364700125367
1785465656.8801885,-2.8163992184908153,-0.7136470045414065
1785465656.9814904,-2.8163992123712065,-0.7136470074434895
1785465657.0817184,-2.816399204242825,-0.7136470112729568
1785465657.1821723,-2.816399198255759,-0.7136470140806379
1785465657.28256,-2.8163991911894666,-0.7136470173742686
1785465657.3855376,-2.8163991857834443,-0.713647019881116
1785465657.4857228,-2.816399179197988,-0.7136470229259986
1785465657.5860486,-2.816399172597371,-0.7136470259638554
1785465657.6897209,-2.816399141442139,-0.7136470402099846
1785465657.7953098,-2.8163991058395097,-0.713647056554089
1785465657.8960083,-2.8163987835767488,-0.7136472041803072
1785465657.9987538,-2.816398553771456,-0.7136473096152995
1785465658.099893,-2.816398766659409,-0.7136472136913987
1785465658.20105,-2.81639921842607,-0.7136470122219539
1785465658.3018336,-2.8163990388079756,-0.7136470930454064
1785465658.4043612,-2.8163986839493007,-0.7136472528147126
1785465658.5058758,-2.8163985874527633,-0.7136472961325271
1785465658.6062536,-2.816398680542744,-0.7136472542442673
1785465658.7064989,-2.8163986581470972,-0.7136472643170471
1785465658.8070307,-2.816398671125592,-0.7136472584641269
1785465658.908501,-2.8163987305324403,-0.7136472317399218
1785465659.5496004,-2.816398736028872,-0.7136472292585321
1785465659.649987,-2.816399212979707,-0.7136470109633001
1785465659.751986,-2.816399091909722,-0.7136470657350851
1785465659.8527925,-2.816399057737192,-0.7136470811936719
1785465659.9530962,-2.8163990515581228,-0.7136470839824696
1785465660.0557985,-2.8163990069671905,-0.7136471039979343
1785465660.1574054,-2.816398944394083,-0.7136471320166441
1785465660.2581341,-2.816398824018848,-0.7136471860317569
1785465660.3622196,-2.8163986455655348,-0.7136472657600996
1785465660.4626358,-2.8163986857347934,-0.7136472476375268
1785465660.5634077,-2.8163988083776057,-0.7136471920222462
1785465660.665105,-2.8163988765342705,-0.7136471606696551
1785465660.7658403,-2.8163989158763925,-0.7136471423821465
1785465660.8699906,-2.8163990664765555,-0.7136470723551708
1785465660.9702215,-2.816399294498482,-0.7136469666782639
1785465661.0711975,-2.816399191536442,-0.7136470142864915
1785465661.1723564,-2.8163990292364653,-0.7136470893748843
1785465661.275906,-2.8163990156761316,-0.7136470956740459
1785465661.3765662,-2.8163990578875477,-0.7136470761969178
1785465661.4774914,-2.816399066809699,-0.7136470720827841
1785465661.5850244,-2.8163990745178733,-0.7136470684899854
1785465661.6859558,-2.816399103385485,-0.7136470552057091
1785465661.7878022,-2.8163991212344133,-0.7136470470243382
1785465661.8951266,-2.8163990956944596,-0.7136470586934271
1785465661.9953406,-2.8163990269135164,-0.7136470899751809
1785465662.095902,-2.8163989402070575,-0.713647129568858
1785465662.1971006,-2.8163988166816036,-0.7136471865473619
1785465662.3030922,-2.8163987152019296,-0.7136472337237412
1785465662.407055,-2.8163988327998823,-0.7136471791904992
1785465662.5145552,-2.8163991692597357,-0.7136470234923715
1785465662.6147058,-2.8163993345792795,-0.7136469471304794
1785465662.718274,-2.816399203924542,-0.7136470078626176
1785465662.8268318,-2.8163990242223997,-0.7136470913024444
1785465662.9303222,-2.816398996791547,-0.7136471039905244
1785465663.039288,-2.8163990060511415,-0.7136470997586923
1785465663.147365,-2.8163989850933513,-0.7136471093820587
1785465663.2477086,-2.8163990210381527,-0.7136470929433938
1785465663.349501,-2.816399036317274,-0.7136470859718858
1785465663.450128,-2.8163989229260746,-0.7136471378223379
1785465663.5530694,-2.816398415653455,-0.7136473701140664
1785465663.6552808,-2.816362449724394,-0.7136639473701629
1785465663.7564576,-2.8163571945080323,-0.7136663690648508
1785465663.856621,-2.816338249657796,-0.7136759901800358
1785465663.9572012,-2.816342432749812,-0.7136738850867295
1785465664.061184,-2.8163144451785294,-0.7136889261788069
1785465664.1629636,-2.8163398436080422,-0.7136748298278852
1785465664.2655241,-2.816364168910119,-0.7136610341055375
1785465664.3671358,-2.8164034316716235,-0.713639064132798
1785465664.4673958,-2.8164271481649825,-0.7136260328815134
1785465664.5748644,-2.816437187777288,-0.7136204874509793
1785465664.6780832,-2.8164306040050557,-0.7136241486364034
1785465664.7794974,-2.8164105091918574,-0.7136352457487771
1785465664.881019,-2.8163921625463284,-0.7136454124449725
1785465664.982495,-2.8163790920696967,-0.7136526930332178
1785465665.082635,-2.816378056855088,-0.7136532682424416
1785465665.1840842,-2.8163817568141787,-0.7136512093091527
1785465665.2948523,-2.816385891764625,-0.7136489064656087
1785465665.3987184,-2.8163900957628996,-0.7136465664851541
1785465665.5002608,-2.8163928819105095,-0.7136450104260316
1785465665.6008582,-2.8163957312732393,-0.7136434286310277
1785465665.7014894,-2.8163976100278,-0.7136423885939676
1785465665.8018951,-2.81639773437104,-0.7136423197307507
1785465665.9021575,-2.8163963620362558,-0.7136430765324696
1785465666.0033755,-2.8163949307439453,-0.7136438656845966
1785465666.1037452,-2.8163936451492875,-0.7136445748164002
1785465666.2221017,-2.816393039310677,-0.7136449102808623
1785465666.3230503,-2.8163931635867896,-0.7136448414516476
1785465666.423859,-2.81639357890719,-0.7136446107772374
1785465666.5264392,-2.81639434461689,-0.7136441877086642
1785465666.62691,-2.816394926612109,-0.7136438669316401
1785465666.7280703,-2.816395092955514,-0.7136437753701089
1785465666.832671,-2.816394837692666,-0.7136439161464251
1785465666.935627,-2.816394302903282,-0.7136442092787346
1785465667.0369437,-2.816393773465493,-0.7136444993122717
1785465667.1407928,-2.8163936412349697,-0.7136445717469837
1785465667.241145,-2.8163937688055114,-0.7136445012994512
1785465667.3414633,-2.816393967964508,-0.7136443912425945
1785465667.4459221,-2.81639420967518,-0.7136442574709883
1785465667.5470529,-2.8163942823311836,-0.7136442171579841
1785465667.649541,-2.816394204850539,-0.7136442604229898
1785465667.7498653,-2.816394050671338,-0.713644346577954
1785465667.8582554,-2.8163939890044043,-0.7136443810423959
1785465667.962556,-2.8163938901968955,-0.7136444361922702
1785465668.0632036,-2.8163938631902408,-0.7136444513436488
1785465668.167591,-2.8163938989936588,-0.7136444311902468
1785465668.268455,-2.8163939406002503,-0.7136444077439548
1785465668.3808951,-2.8163939747912687,-0.7136443884896634
1785465668.482035,-2.8163939693305444,-0.7136443915626134
1785465668.5835454,-2.816393934456258,-0.7136444111168174
1785465668.6854134,-2.816393890919031,-0.7136444354716582
1785465668.786251,-2.8163938603968357,-0.7136444524365253
1785465668.8905382,-2.8163938421572547,-0.7136444624138576
1785465668.991276,-2.816393836455359,-0.7136444655184959
1785465669.0921397,-2.81639383594196,-0.7136444657971629
1785465669.1922848,-2.816393833385513,-0.7136444671832828
1785465669.292614,-2.81639382522698,-0.7136444715734749
1785465669.3950133,-2.816393810251992,-0.7136444795926626
1785465669.4953203,-2.8163937947063165,-0.7136444878432142
1785465670.2858179,-2.8163937824347474,-0.7136444943682965
1785465670.3864992,-2.8163937064840203,-0.7136445341946456
1785465670.4878855,-2.816393679352357,-0.7136445483065155
1785465670.5905788,-2.816393664687548,-0.7136445559049018
1785465670.6957293,-2.816393654658059,-0.7136445610920172
1785465670.8006604,-2.8163936433281855,-0.7136445669230388
1785465670.9008608,-2.816393633246905,-0.7136445720791474
1785465671.0027418,-2.8163936216020415,-0.7136445780273478
1785465671.1055899,-2.816393611630117,-0.7136445830780872
1785465671.2080607,-2.816393597528013,-0.7136445901417721
1785465671.312233,-2.816393587482673,-0.713644595154401
1785465671.4125347,-2.8163935752731026,-0.7136446012777133
1785465671.5128725,-2.816393566490518,-0.7136446056618988
1785465671.613684,-2.8163935553955755,-0.7136446111884687
1785465671.7138965,-2.8163935457240084,-0.7136446159552978
1785465671.8227289,-2.8163935334404346,-0.7136446220470649
1785465671.9234014,-2.816393524235244,-0.7136446265871648
1785465672.0241911,-2.816393513886974,-0.713644631684353
1785465672.1291394,-2.8163935043148545,-0.713644636398221
1785465672.236505,-2.816393494273579,-0.7136446412952677
1785465672.3367686,-2.816393483793927,-0.7136446463730804
1785465672.4376988,-2.816393473904347,-0.7136446511483308
1785465672.5391188,-2.8163934658946475,-0.7136446549828546
1785465672.6400833,-2.8163934538605266,-0.7136446607353158
1785465672.7404747,-2.816393445979483,-0.713644664478587
1785465672.8413782,-2.816393437056464,-0.7136446686823067
1785465672.941926,-2.816393428773902,-0.7136446725692176
1785465673.046695,-2.816393417208085,-0.7136446779592358
1785465673.1484034,-2.816393406881543,-0.7136446827494425
1785465673.2516968,-2.816393396152438,-0.7136446877268925
1785465673.3521276,-2.816393387624572,-0.7136446916920413
1785465673.4526122,-2.8163933791746887,-0.713644695625836
1785465673.555269,-2.8163933708785933,-0.7136446994994688
1785465673.65851,-2.8163933615805044,-0.7136447037914218
1785465673.7616878,-2.81639335286141,-0.7136447077811134
1785465673.8621173,-2.81639334420243,-0.7136447117631601
1785465673.9627755,-2.8163933356445203,-0.7136447157089725
1785465674.0629318,-2.8163933276217823,-0.7136447194087784
1785465674.1634896,-2.8163933202430163,-0.7136447228029792
1785465674.2660737,-2.8163933114674915,-0.7136447268208941
1785465674.3667858,-2.8163932835645062,-0.7136447395831986
1785465674.4682918,-2.816393229553249,-0.7136447642724402
1785465674.5701182,-2.8163929300810104,-0.7136449014354698
1785465674.6734555,-2.816392771687696,-0.7136449744506435
1785465674.7755625,-2.8163931129056077,-0.7136448187142639
1785465674.8778052,-2.816393540623681,-0.7136446244411281
1785465674.9782555,-2.816393527498935,-0.713644630423377
1785465675.0794404,-2.8163932748444043,-0.7136447456144402
1785465675.1957183,-2.8163931362953742,-0.7136448080711566
1785465675.296261,-2.816393164039355,-0.7136447957360579
1785465675.3987896,-2.8163931533980846,-0.713644800493926
1785465675.4990108,-2.816393092053701,-0.7136448277774781
1785465675.599606,-2.816393036982467,-0.7136448519590163
1785465675.6997972,-2.8163928664633144,-0.7136449263372022
1785465675.8006284,-2.816392822296313,-0.7136449456061209
1785465675.9018955,-2.8163929115000674,-0.7136449062735845
1785465676.0026429,-2.8163929221885646,-0.7136449014760998
1785465676.1054876,-2.816392832644821,-0.7136449407140546
1785465676.206346,-2.8163927677452314,-0.7136449690604015
1785465676.306767,-2.816392736067849,-0.7136449827507257
1785465676.4068708,-2.8163927118423864,-0.7136449931347763
1785465676.507459,-2.816392705186406,-0.7136449959764362
1785465676.6077,-2.8163927190289564,-0.7136449900323254
1785465676.7080142,-2.816392734727526,-0.7136449832554395
1785465676.8084447,-2.816392735607936,-0.7136449828741067
1785465676.9090018,-2.816392729423265,-0.7136449855743441
1785465677.01111,-2.8163927283539034,-0.7136449860411076
1785465677.1202009,-2.8163927164654337,-0.7136449912177774
1785465677.2226274,-2.816392714678476,-0.713644991995352
1785465677.330717,-2.8163927090623275,-0.7136449944434687
1785465677.453364,-2.816392708416769,-0.7136449947244019
1785465677.5544088,-2.816392708927184,-0.7136449945004444
1785465677.6591852,-2.8163927141568785,-0.7136449922211898
1785465677.7604249,-2.8163927200389693,-0.7136449896544885
1785465677.861525,-2.8163927284620063,-0.713644985987054
1785465677.962751,-2.8163927361832304,-0.71364498259918
1785465678.0635192,-2.8163927412832304,-0.7136449803555409
1785465678.1707237,-2.816392746337109,-0.7136449781308398
1785465678.2718441,-2.816392751921827,-0.7136449756676317
1785465678.3830044,-2.8163927578639245,-0.7136449730494825
1785465678.4835944,-2.81639276135223,-0.7136449715107411
1785465678.5862234,-2.8163927705797414,-0.7136449674445526
1785465678.6873531,-2.8163927788031815,-0.7136449638238537
1785465678.7893593,-2.816392786084202,-0.7136449606093644
1785465678.89647,-2.816392795698251,-0.7136449563914141
1785465678.9972093,-2.8163928025789784,-0.713644953366606
1785465679.0973494,-2.816392811669637,-0.7136449493546513
1785465679.1975448,-2.8163928186091933,-0.7136449462936292
1785465679.3028147,-2.816392826717243,-0.7136449427075977
1785465679.4198887,-2.816392834553313,-0.7136449392679834
1785465679.5274556,-2.8163928428583875,-0.7136449356283916
1785465679.6345904,-2.816392850692534,-0.7136449321927323
1785465679.7355971,-2.816392860439592,-0.713644927919611
1785465679.8360264,-2.816392867714212,-0.7136449247497052
1785465679.9397182,-2.816392875548938,-0.7136449213043458
1785465680.0398512,-2.816392882871366,-0.7136449180783109
1785465680.1403003,-2.816392892169006,-0.7136449139655912
1785465680.2410893,-2.8163929015835873,-0.7136449097990549
1785465681.0987544,-2.8163929060534283,-0.7136449078225262
1785465681.2017856,-2.816392976678305,-0.7136448760743037
1785465681.303257,-2.8163929846851,-0.7136448724572895
1785465681.4038556,-2.8163929926933813,-0.7136448688583629
1785465681.5041058,-2.816393001220164,-0.7136448650330143
1785465681.604499,-2.8163930096395826,-0.7136448612542201
1785465681.7052054,-2.8163930191949453,-0.7136448569654683
1785465681.806109,-2.8163930272372437,-0.7136448533739601
1785465681.9083064,-2.8163930364077228,-0.7136448493017399
1785465682.0113373,-2.816393044051491,-0.7136448459120281
1785465682.1116972,-2.816393053292657,-0.7136448418315988
1785465682.2123094,-2.8163930614173696,-0.7136448382399512
1785465682.3131065,-2.816393070008082,-0.7136448344267627
1785465682.4133646,-2.8163930776125965,-0.713644831029105
1785465682.5150986,-2.816393085721422,-0.7136448273873883
1785465682.6155968,-2.816393093343732,-0.7136448239619537
1785465682.7159846,-2.8163931025227464,-0.7136448197973457
1785465682.816469,-2.8163931091324987,-0.7136448167929177
1785465682.9200962,-2.8163931199323105,-0.7136448119036742
1785465683.0205517,-2.8163931302525804,-0.7136448072437842
1785465683.1212246,-2.816393139143694,-0.7136448032205199
1785465683.2216516,-2.816393146999599,-0.7136447996600965
1785465683.3219733,-2.816393156490501,-0.7136447953575227
1785465683.4276984,-2.816393164315457,-0.7136447918152593
1785465683.5283809,-2.816393172607727,-0.7136447880727828
1785465683.6312234,-2.816393180432447,-0.713644784533829
1785465683.7320502,-2.8163931871242585,-0.713644781513084
1785465683.8435504,-2.8163931955081574,-0.7136447777428958
1785465683.9558558,-2.8163932059137586,-0.7136447730580556
1785465684.0626357,-2.8163932126628577,-0.7136447700062153
1785465684.1628256,-2.816393223214583,-0.7136447651996365
1785465684.2702882,-2.816393232152856,-0.7136447611348109
1785465684.3767266,-2.8163932378874468,-0.7136447585006441
1785465684.4864898,-2.816393420591761,-0.7136446742636867
1785465684.5891638,-2.816393602356887,-0.713644590064757
1785465684.6899898,-2.8163938511557496,-0.7136444748676005
1785465684.7902591,-2.8163940146280293,-0.7136443990452662
1785465684.90757,-2.8163940429501295,-0.713644385920944
1785465685.0087843,-2.8163940400065406,-0.7136443872853956
1785465685.1138883,-2.816393871908085,-0.713644465275155
1785465685.216403,-2.8163937189812414,-0.7136445362575173
1785465685.3170626,-2.816393669755478,-0.7136445590631497
1785465685.4182334,-2.816393657482278,-0.7136445647619398
1785465685.5193884,-2.816393664008949,-0.71364456172425
1785465685.6200666,-2.8163937079310775,-0.713644541350545
1785465685.720828,-2.816393760317597,-0.7136445170885987
1785465685.821519,-2.8163937773160224,-0.7136445092081898
1785465685.9276774,-2.8163937571723574,-0.7136445185836164
1785465686.0278106,-2.816393715038482,-0.7136445383561818
1785465686.128045,-2.8163936849262976,-0.7136445525596393
1785465686.228335,-2.8163936771536435,-0.7136445562557769
1785465686.3288195,-2.81639367844204,-0.7136445556434989
1785465686.429806,-2.816393686980052,-0.7136445515947657
1785465686.5316017,-2.816393699050058,-0.7136445458843633
1785465686.6326427,-2.8163937014278995,-0.7136445447632433
1785465686.733027,-2.816393692105348,-0.7136445491326415
1785465686.83601,-2.816393679936048,-0.7136445548261587
1785465686.9369428,-2.816393670439847,-0.7136445592153986
1785465687.040301,-2.816393666984715,-0.7136445608064049
1785465687.1410456,-2.8163936657734556,-0.7136445613668978
1785465687.2423909,-2.816393665727057,-0.7136445613886
1785465687.3462045,-2.816393663806855,-0.713644562282441
1785465687.4464793,-2.816393658812046,-0.7136445645990122
1785465687.5473254,-2.816393651898388,-0.7136445678291126
1785465687.6474624,-2.8163936456977434,-0.7136445707217105
1785465687.7478323,-2.816393640818333,-0.7136445729867669
1785465687.8498151,-2.8163936368500626,-0.7136445748250276
1785465687.9507647,-2.816393632513858,-0.7136445768234998
1785465688.051059,-2.8163936280480155,-0.7136445788653035
1785465688.1511464,-2.8163935888361964,-0.7136445966863626
1785465688.2513423,-2.8163935249721215,-0.7136446257022464
1785465688.3515975,-2.816393307974959,-0.7136447245965121
1785465688.4518805,-2.816393190740585,-0.7136447778404076
1785465688.5520585,-2.8163932859924383,-0.7136447346155472
1785465688.6551595,-2.8163933648119555,-0.7136446989172255
1785465688.7554483,-2.816393317774059,-0.7136447201331675
1785465688.8560336,-2.8163932297307586,-0.713644759807899
1785465688.9561977,-2.8163931745562305,-0.7136447849122008
1785465689.0569084,-2.8163931850726125,-0.7136447800652351
1785465689.1582105,-2.8163932481999034,-0.7136447510385734
1785465689.2613482,-2.816393452766143,-0.7136446576170755
