t,x,y
1785123984.0159822,3.797002974330874e-05,1.186722163939351e-06
1785123984.0168514,3.7969889630670145e-05,1.1867142355945406e-06
1785123984.0227122,3.7969758664790206e-05,1.1867067824939352e-06
1785123984.0272388,3.796962668790138e-05,1.1866992880887487e-06
1785123984.030737,3.79694947264833e-05,1.1866917455046131e-06
1785123984.0354688,3.796936224694983e-05,1.186684234764917e-06
1785123984.0406513,3.7969223963300435e-05,1.186676431534911e-06
1785123984.048945,3.7969090568002515e-05,1.1866688556870913e-06
1785123984.0508177,3.796895610228911e-05,1.1866611741187163e-06
1785123984.0562727,3.7968822929103604e-05,1.1866535245643372e-06
1785123984.0603542,3.7968684936757485e-05,1.1866455453090196e-06
1785123984.0651746,3.7968552489766596e-05,1.1866378113896346e-06
1785123984.0708358,3.796841968151112e-05,1.1866300629308028e-06
1785123984.0756073,3.7968286950831734e-05,1.186622244568751e-06
1785123984.0808728,3.796815000726722e-05,1.186614213839374e-06
1785123984.0856898,3.796801879328605e-05,1.186606438608724e-06
1785123984.0915627,3.796788610385466e-05,1.1865984748423507e-06
1785123984.0954864,3.796775271939609e-05,1.1865904777589827e-06
1785123984.1000443,3.7967617056143016e-05,1.186582462847845e-06
1785123984.1066072,3.7967480440833104e-05,1.1865745471081296e-06
1785123984.1105309,3.7967347656659426e-05,1.1865668570159464e-06
1785123984.115864,3.796721403928964e-05,1.1865591002888688e-06
1785123984.122785,3.796708411506884e-05,1.186551595930407e-06
1785123984.1249983,3.796694813751377e-05,1.1865437393872327e-06
1785123984.1298993,3.7966813457139195e-05,1.186535944653448e-06
1785123984.1360133,3.796667961886917e-05,1.186528220765429e-06
1785123984.1422238,3.796654762878636e-05,1.1865206059389217e-06
1785123984.1527188,3.796641885828986e-05,1.1865131255383162e-06
1785123984.158805,3.7966283654150924e-05,1.186505282553793e-06
1785123984.162311,3.7966149547526335e-05,1.186497406438167e-06
1785123984.1656792,3.7966014705558164e-05,1.186489376662274e-06
1785123984.1726635,3.7965881447439405e-05,1.186481423630326e-06
1785123984.1755486,3.796574639627178e-05,1.1864733698503635e-06
1785123984.1800487,3.79656113618674e-05,1.1864653242306907e-06
1785123984.1852078,3.796547246912167e-05,1.1864570048902415e-06
1785123984.190896,3.796533598120799e-05,1.1864489129883993e-06
1785123984.1955845,3.796519915078482e-05,1.1864406801994334e-06
1785123984.2007663,3.796506282413502e-05,1.186432360655082e-06
1785123984.2063925,3.7964931089311416e-05,1.1864242580144174e-06
1785123984.2101698,3.796480161429755e-05,1.1864164006378408e-06
1785123984.215405,3.796467144785389e-05,1.1864083803959914e-06
1785123984.2209342,3.7964533910536656e-05,1.1863998085684863e-06
1785123984.2265315,3.796440604216818e-05,1.1863916768486246e-06
1785123984.230412,3.796427235819466e-05,1.18638308084305e-06
1785123984.2357304,3.79641392657195e-05,1.1863745264737298e-06
1785123984.2404473,3.796400266822916e-05,1.1863658125165057e-06
1785123984.247401,3.7963872390518524e-05,1.186357518259977e-06
1785123984.251791,3.796373781754178e-05,1.1863489777760036e-06
1785123984.2565215,3.79636063220114e-05,1.186340580393971e-06
1785123984.2598999,3.7963476223300834e-05,1.1863323129886385e-06
1785123984.2653708,3.796334348556443e-05,1.1863237741261897e-06
1785123984.2724137,3.7963210377235966e-05,1.1863151756142171e-06
1785123984.2756746,3.796307801423821e-05,1.1863065154034844e-06
1785123984.2800114,3.796294501291096e-05,1.1862977560883278e-06
1785123984.2856126,3.796281097236879e-05,1.1862889172611827e-06
1785123984.2908702,3.796267471360359e-05,1.186279863302478e-06
1785123984.295894,3.796253826424402e-05,1.1862708882628011e-06
1785123984.3001587,3.796240709772859e-05,1.1862622827264309e-06
1785123984.3064227,3.7962273271421964e-05,1.1862534993983661e-06
1785123984.3098342,3.796213649413921e-05,1.186244413743604e-06
1785123984.31497,3.796200349731678e-05,1.1862355882575659e-06
1785123984.3232546,3.79618666395645e-05,1.1862263873652566e-06
1785123984.326124,3.79617351172268e-05,1.1862175741625767e-06
1785123984.331138,3.7961601331057334e-05,1.1862085939728033e-06
1785123984.3373117,3.796147067005932e-05,1.1861998154600831e-06
1785123984.3407764,3.796133871703549e-05,1.1861910390534592e-06
1785123984.3452415,3.7961205833236324e-05,1.1861820611840459e-06
1785123984.3530514,3.7961069803894135e-05,1.1861728093940062e-06
1785123984.3571587,3.7960934732488774e-05,1.186163670567644e-06
1785123984.3606193,3.796079998684472e-05,1.1861544491119017e-06
1785123984.3656194,3.796066786844576e-05,1.186145436250612e-06
1785123984.3713639,3.7960533768074786e-05,1.186136334701939e-06
1785123984.376757,3.7960398100871986e-05,1.1861270030392358e-06
1785123984.380398,3.7960264686189744e-05,1.1861177671836555e-06
1785123984.3861003,3.796013790114301e-05,1.1861088456610766e-06
1785123984.3912666,3.796000127893539e-05,1.1860993202020557e-06
1785123984.395023,3.795986782836912e-05,1.1860900432193516e-06
1785123984.4011817,3.7959733313691366e-05,1.1860807456419187e-06
1785123984.4058928,3.795959672730657e-05,1.1860713366699291e-06
1785123984.4098494,3.7959465478466725e-05,1.186062278633979e-06
1785123984.4154158,3.795933316632149e-05,1.186053094680082e-06
1785123984.423468,3.795920489459901e-05,1.1860441475570812e-06
1785123984.4254327,3.7959067028550774e-05,1.186034463528063e-06
1785123984.4302945,3.795893623761628e-05,1.1860252541455788e-06
1785123984.4354663,3.795880337105854e-05,1.186015852615005e-06
1785123984.4416738,3.795867140998456e-05,1.1860065084522494e-06
1785123984.4461985,3.7958536221058954e-05,1.1859968472413026e-06
1785123984.45634,3.7958399578134406e-05,1.1859870820049624e-06
1785123984.4578917,3.7958264433272044e-05,1.1859773939788514e-06
1785123984.4611783,3.795812871439068e-05,1.1859675728267732e-06
1785123984.4660308,3.795799850601885e-05,1.1859581670474702e-06
1785123984.471099,3.795786581813376e-05,1.185948478539806e-06
1785123984.4762373,3.795773236646815e-05,1.1859387239673888e-06
1785123984.480689,3.7957597607120984e-05,1.185928962801449e-06
1785123984.4854312,3.7957463928582016e-05,1.1859193076783963e-06
1785123984.4913142,3.7957329862398724e-05,1.185909739072387e-06
1785123984.4956756,3.795719489382789e-05,1.185900002521325e-06
1785123984.4998002,3.7957058543790505e-05,1.1858900542246836e-06
1785123984.506954,3.7956925360654775e-05,1.1858803805203918e-06
1785123984.5110533,3.795679705792226e-05,1.185871152823294e-06
1785123984.5157423,3.795666252243518e-05,1.1858615163061818e-06
1785123984.521627,3.795653116394453e-05,1.1858522322839194e-06
1785123984.5255167,3.7956398111017535e-05,1.1858429473666913e-06
1785123984.5303802,3.795625728965532e-05,1.1858330560857346e-06
1785123984.5359342,3.795612385040589e-05,1.1858237277977809e-06
1785123984.5409262,3.7955988347558375e-05,1.185814204480281e-06
1785123984.5451372,3.7955857019798666e-05,1.1858050196448109e-06
1785123984.550802,3.795572062447973e-05,1.1857954864482033e-06
1785123984.5573218,3.795558363896941e-05,1.1857860058644133e-06
1785123984.5600371,3.7955445758240275e-05,1.185776581124416e-06
1785123984.5650446,3.7955316521782774e-05,1.1857676679599582e-06
1785123984.570907,3.7955182246155e-05,1.1857583959195363e-06
1785123984.5770147,3.7955045458819555e-05,1.1857490246258717e-06
1785123984.581016,3.795491084500343e-05,1.1857397028593649e-06
1785123984.587956,3.7954777200327915e-05,1.185730396227625e-06
1785123984.5906506,3.795464537231414e-05,1.185721234980096e-06
1785123984.5973768,3.795450906044786e-05,1.1857119068948955e-06
1785123984.6004252,3.795437283729948e-05,1.1857027674643224e-06
1785123984.606712,3.795423826227584e-05,1.185693783782387e-06
1785123984.6104808,3.795410233655196e-05,1.1856848024696752e-06
1785123984.6162238,3.795396568986846e-05,1.1856758550233994e-06
1785123984.6213188,3.7953828666182345e-05,1.1856668609916494e-06
1785123984.625828,3.7953694212048626e-05,1.185657940857128e-06
1785123984.632446,3.7953560411931854e-05,1.1856489646771549e-06
1785123984.6351564,3.795342642055554e-05,1.1856398977103942e-06
1785123984.6410513,3.7953292603877015e-05,1.1856307424193267e-06
1785123984.6463883,3.795315682622485e-05,1.1856214961052711e-06
1785123984.6523745,3.795302377715134e-05,1.1856125645329194e-06
1785123984.656548,3.795289441237793e-05,1.1856036926879504e-06
1785123984.6607747,3.795276161374238e-05,1.185594644829836e-06
1785123984.6658094,3.795263015275512e-05,1.1855857407668908e-06
1785123984.6713545,3.795249714453667e-05,1.1855768076362208e-06
1785123984.6753395,3.795236818147168e-05,1.1855681252441007e-06
1785123984.68076,3.795223545822921e-05,1.185559208850135e-06
1785123984.685513,3.7952097389449585e-05,1.1855500008355178e-06
1785123984.6918502,3.795196194402741e-05,1.1855410534550078e-06
1785123984.6955912,3.795182961402265e-05,1.1855323600627132e-06
1785123984.7004073,3.795169552510908e-05,1.1855235596189627e-06
1785123984.7071874,3.795156190560486e-05,1.1855148307948243e-06
1785123984.7114449,3.795142412585415e-05,1.1855057033243752e-06
1785123984.7153687,3.795128870729e-05,1.185496736366618e-06
1785123984.7212887,3.7951157107699974e-05,1.1854880779733442e-06
1785123984.7264464,3.79510231700731e-05,1.185479285536091e-06
1785123984.7301054,3.795089310553003e-05,1.185470738408064e-06
1785123984.735083,3.79507596814581e-05,1.1854619609135494e-06
1785123984.7411494,3.7950623693651095e-05,1.185453053493384e-06
1785123984.7454007,3.795049317554661e-05,1.1854445492155502e-06
1785123984.7503052,3.795035816391011e-05,1.1854356974873795e-06
1785123984.7567601,3.7950219265318285e-05,1.1854265180399767e-06
1785123984.7598991,3.7950088336558176e-05,1.185417917797964e-06
1785123984.7656124,3.7949957216192356e-05,1.1854092787421314e-06
1785123984.775038,3.794982555436038e-05,1.1854005669910703e-06
1785123984.7767015,3.7949694604933086e-05,1.1853918976474833e-06
1785123984.7803984,3.794955745126179e-05,1.1853828061760562e-06
1785123984.7850876,3.7949419528742155e-05,1.1853736865831343e-06
1785123984.7910569,3.79492822304175e-05,1.185364688028167e-06
1785123984.7967322,3.7949153585624604e-05,1.185356229247822e-06
1785123984.799862,3.7949017329540233e-05,1.185347235270044e-06
1785123984.8066673,3.794888426072037e-05,1.1853383952204197e-06
1785123984.810559,3.794874949430372e-05,1.1853294441694513e-06
1785123984.8154783,3.794862048164909e-05,1.1853209829791512e-06
1785123984.8238459,3.794848754863829e-05,1.185312252998743e-06
1785123984.8263075,3.794835098221003e-05,1.185303338614457e-06
1785123984.8309345,3.794821406423485e-05,1.1852945577711987e-06
1785123984.836262,3.794807757952113e-05,1.1852857972708953e-06
1785123984.8431702,3.794794390069082e-05,1.185277174199494e-06
1785123984.8464065,3.794780836418746e-05,1.1852683773708938e-06
1785123984.8581128,3.794767312834798e-05,1.1852595729350155e-06
1785123984.8621888,3.7947540495887536e-05,1.1852509466350814e-06
1785123984.8656392,3.794741177419339e-05,1.185242514902618e-06
1785123984.8732064,3.7947280269381956e-05,1.1852338207936853e-06
1785123984.8754702,3.7947146992394664e-05,1.1852250028607877e-06
1785123984.8806415,3.7947012679083756e-05,1.1852161616046839e-06
1785123984.8859837,3.7946875453106796e-05,1.1852070858072498e-06
1785123984.8928874,3.794674044940808e-05,1.1851981453473094e-06
1785123984.896638,3.794660570602743e-05,1.1851892962244403e-06
1785123984.900904,3.7946473343779515e-05,1.1851805327622354e-06
1785123984.9071934,3.7946341539197124e-05,1.1851717920979027e-06
1785123984.910152,3.794620336156061e-05,1.1851626699836449e-06
1785123984.915791,3.794606886654243e-05,1.1851537933019601e-06
1785123984.9264345,3.79459353051209e-05,1.1851449943072231e-06
1785123984.9276652,3.7945797298168124e-05,1.1851357770720496e-06
1785123984.9309385,3.7945665852090875e-05,1.185126989860066e-06
1785123984.9356,3.794553034316852e-05,1.1851178476406323e-06
1785123984.9406538,3.794539480277312e-05,1.1851086904385285e-06
1785123984.9464986,3.794525930320814e-05,1.185099420602865e-06
1785123984.9503956,3.7945123404943054e-05,1.1850902306183182e-06
1785123984.960719,3.794498636859566e-05,1.1850810533184017e-06
1785123984.9618125,3.7944855630649186e-05,1.1850723596551083e-06
1785123984.9652812,3.794472099500471e-05,1.1850634274229046e-06
1785123984.9737155,3.7944582705778175e-05,1.1850541324071473e-06
1785123984.9782217,3.794444993022751e-05,1.1850451532769074e-06
1785123984.9808054,3.794431734357437e-05,1.1850362929716167e-06
1785123984.988625,3.7944184567624626e-05,1.185027315595353e-06
1785123984.9912643,3.794405337777331e-05,1.1850185091624518e-06
1785123984.995432,3.794391826708329e-05,1.1850093862661871e-06
1785123985.0016625,3.794378502755278e-05,1.1850004344204995e-06
1785123985.0078533,3.79436507977702e-05,1.1849915139434273e-06
1785123985.0115004,3.79435158322213e-05,1.184982621974331e-06
1785123985.0160432,3.794337980703015e-05,1.18497374414262e-06
1785123985.0215802,3.79432480664642e-05,1.1849650848794689e-06
1785123985.0261674,3.794311504818584e-05,1.1849563024183777e-06
1785123985.0313072,3.794297653527501e-05,1.1849471068605885e-06
1785123985.035646,3.7942841850487145e-05,1.184938209202266e-06
1785123985.0403826,3.794270743138959e-05,1.1849293903221922e-06
1785123985.0456383,3.794257368543649e-05,1.1849206427773033e-06
1785123985.0504003,3.7942436960033386e-05,1.1849115819680353e-06
1785123985.0592382,3.794230342581697e-05,1.1849027773234538e-06
1785123985.0610676,3.7942166330762826e-05,1.1848937222256421e-06
1785123985.065837,3.794203430999458e-05,1.1848849573020268e-06
1785123985.0717716,3.794190227513447e-05,1.18487618808607e-06
1785123985.0759773,3.7941771027672164e-05,1.1848675555393853e-06
1785123985.0809426,3.7941640269313636e-05,1.1848589474353679e-06
1785123985.0851219,3.794150853370543e-05,1.1848502711260163e-06
1785123985.0913954,3.794137354300746e-05,1.1848413429302257e-06
1785123985.0955677,3.79412373233918e-05,1.184832212196396e-06
1785123985.1009066,3.794110244684453e-05,1.1848231503506788e-06
1785123985.106714,3.7940964543053066e-05,1.1848137974468453e-06
1785123985.1108394,3.794082994429551e-05,1.1848047098489503e-06
1785123985.116696,3.7940698099966925e-05,1.1847957409464853e-06
1785123985.1210892,3.794056227389205e-05,1.1847864647767236e-06
1785123985.1268888,3.794042950526506e-05,1.1847774681181372e-06
1785123985.130861,3.7940295957467734e-05,1.1847684177439352e-06
1785123985.1351933,3.7940166960321334e-05,1.1847596359382062e-06
1785123985.1413527,3.79400308165457e-05,1.1847503676387367e-06
1785123985.1451676,3.793989658296802e-05,1.1847412379088787e-06
1785123985.1504686,3.793975507753924e-05,1.1847317124647684e-06
1785123985.157342,3.793962595012214e-05,1.1847230149741162e-06
1785123985.1602335,3.793949077080674e-05,1.1847139622755118e-06
1785123985.1650374,3.793935923935495e-05,1.1847052554801054e-06
1785123985.171374,3.7939223269581294e-05,1.184696284670106e-06
1785123985.1761148,3.79390934393363e-05,1.1846877076792608e-06
1785123985.1805212,3.793895664633592e-05,1.184678671804201e-06
1785123985.1849449,3.79388245771345e-05,1.1846699584820237e-06
1785123985.1911125,3.793868950142428e-05,1.1846610658145145e-06
1785123985.195068,3.7938556581091635e-05,1.184652301713936e-06
1785123985.1999862,3.79384228864796e-05,1.1846434167684717e-06
1785123985.2063904,3.793828850220251e-05,1.1846343801321833e-06
1785123985.2100341,3.793815478059865e-05,1.1846254957380216e-06
1785123985.215682,3.793802026802237e-05,1.1846166063358178e-06
1785123985.2242665,3.793788922870896e-05,1.1846080076599073e-06
1785123985.227319,3.7937754527301275e-05,1.1845992140816181e-06
1785123985.2318723,3.7937624131496986e-05,1.1845907303485628e-06
1785123985.23713,3.7937488649377946e-05,1.1845818614513544e-06
1785123985.2406073,3.793735877439333e-05,1.184573354455537e-06
1785123985.245555,3.793722259853014e-05,1.1845643817005578e-06
1785123985.250989,3.793708751866336e-05,1.184555471332276e-06
1785123985.261364,3.793695949985121e-05,1.184546865581153e-06
1785123985.263252,3.7936828156556594e-05,1.1845380461038217e-06
1785123985.265543,3.793669369732057e-05,1.1845290074205043e-06
1785123985.2712126,3.7936558787346625e-05,1.1845198476931903e-06
1785123985.2758625,3.793642754623014e-05,1.1845110255684876e-06
1785123985.2804096,3.793629673671615e-05,1.1845020960932963e-06
1785123985.2851515,3.7936163232538235e-05,1.184493041561744e-06
1785123985.2929137,3.7936032028796245e-05,1.1844841396672468e-06
1785123985.2962325,3.7935896475975466e-05,1.184474936022162e-06
1785123985.3011868,3.793576289612903e-05,1.1844658444901763e-06
1785123985.3074505,3.793562983325866e-05,1.1844566727437458e-06
1785123985.3118522,3.7935492307686745e-05,1.1844472466108165e-06
1785123985.3166835,3.7935361081212776e-05,1.184438253839335e-06
1785123985.321935,3.7935227295979966e-05,1.1844291089872378e-06
1785123985.326792,3.793509085676825e-05,1.1844197438394922e-06
1785123985.3305264,3.793495769117434e-05,1.1844106241200219e-06
1785123985.3356931,3.793482249044504e-05,1.1844013907402257e-06
1785123985.341863,3.793468364333667e-05,1.1843919414401477e-06
1785123985.3459277,3.7934547861101584e-05,1.184382810519772e-06
1785123985.3500211,3.793441834276084e-05,1.1843742710382008e-06
1785123985.3589897,3.7934280746441834e-05,1.1843651876157687e-06
1785123985.3616488,3.793414263170704e-05,1.1843560587712829e-06
1785123985.364862,3.793401203503607e-05,1.1843474587604743e-06
1785123985.374359,3.793387530388591e-05,1.184338556163461e-06
1785123985.3772588,3.793374841522761e-05,1.1843303572279731e-06
1785123985.3807344,3.793361035356443e-05,1.1843214723468204e-06
1785123985.3861554,3.7933477847789316e-05,1.1843127821169782e-06
1785123985.3933566,3.79333470616981e-05,1.1843042758410173e-06
1785123985.3973136,3.7933213147126235e-05,1.1842955507504674e-06
1785123985.4039876,3.7933078867160494e-05,1.1842867951580306e-06
1785123985.4089983,3.793294319535732e-05,1.1842780035335176e-06
1785123985.4107115,3.793281144882787e-05,1.1842695211496567e-06
1785123985.4152462,3.793267665280194e-05,1.1842608605933086e-06
1785123985.4215286,3.793253723531589e-05,1.184251950665966e-06
1785123985.427199,3.793240380406081e-05,1.1842432746317069e-06
1785123985.4299233,3.7932266937153265e-05,1.184234502800322e-06
1785123985.4357781,3.7932132595784255e-05,1.1842259000193009e-06
1785123985.44182,3.79319980812776e-05,1.1842171545146526e-06
1785123985.4451408,3.793186363835675e-05,1.1842083690035302e-06
1785123985.4509113,3.7931725932789886e-05,1.1841992566445574e-06
1785123985.4586494,3.7931588647362435e-05,1.184190261672842e-06
1785123985.4602282,3.793145501139304e-05,1.1841814488623912e-06
1785123985.4649122,3.793132237277446e-05,1.1841726631388667e-06
1785123985.4722366,3.793119182528044e-05,1.1841639083381995e-06
1785123985.4757013,3.793105801201153e-05,1.1841549749142253e-06
1785123985.4804022,3.793092214996642e-05,1.1841459221655566e-06
1785123985.4853156,3.7930791211146545e-05,1.18413715544737e-06
1785123985.4908965,3.793065485045005e-05,1.1841279588929396e-06
1785123985.495178,3.793052293816341e-05,1.184119117015366e-06
1785123985.4998233,3.79303830234165e-05,1.1841096121395078e-06
1785123985.5063736,3.793025126632369e-05,1.1841005904015595e-06
1785123985.5102103,3.793011721115398e-05,1.1840913884018575e-06
1785123985.5152338,3.7929979127873e-05,1.1840819807273757e-06
1785123985.5207198,3.7929846206059064e-05,1.1840727953688218e-06
1785123985.524912,3.792971277764208e-05,1.184063518275611e-06
1785123985.530284,3.792958298303637e-05,1.1840545333784236e-06
1785123985.5353122,3.792945152125626e-05,1.1840454341283997e-06
1785123985.5420492,3.7929319167949884e-05,1.1840362604398247e-06
1785123985.5459065,3.7929185553620235e-05,1.184026957687901e-06
1785123985.5507808,3.7929052429910974e-05,1.1840176190272587e-06
1785123985.5603533,3.7928916549919836e-05,1.1840081374719803e-06
1785123985.5616088,3.792878403798638e-05,1.1839989003421048e-06
1785123985.565313,3.7928651268150486e-05,1.1839896591130396e-06
1785123985.5711262,3.792851967847048e-05,1.183980477680975e-06
1785123985.5762017,3.792838490994328e-05,1.1839710868262376e-06
1785123985.5809648,3.7928250031463626e-05,1.1839616976356062e-06
1785123985.5852787,3.7928118819404606e-05,1.1839526176522355e-06
1785123985.5910656,3.792798777057887e-05,1.1839435686231779e-06
1785123985.5968404,3.79278524012539e-05,1.1839342679639204e-06
1785123985.600144,3.792771542020301e-05,1.1839249411880417e-06
1785123985.6075003,3.792758167786488e-05,1.1839158189986804e-06
1785123985.6119332,3.792744998637706e-05,1.1839069129903866e-06
1785123985.6154404,3.7927317506370463e-05,1.183897915379723e-06
1785123985.6225426,3.79271859804722e-05,1.1838889914352693e-06
1785123985.6260748,3.792705478916746e-05,1.1838801033034321e-06
1785123985.6317806,3.7926920403112574e-05,1.1838708748905273e-06
1785123985.6368866,3.79267826142262e-05,1.1838613856054763e-06
1785123985.6402621,3.792664373822008e-05,1.1838518533811872e-06
1785123985.645585,3.792651276763725e-05,1.1838429089363248e-06
1785123985.6510422,3.7926378483233885e-05,1.1838337837942823e-06
1785123985.6625316,3.79262450991751e-05,1.1838245333932405e-06
1785123985.6693256,3.792611288782561e-05,1.183815433178084e-06
1785123985.6743007,3.792598218770118e-05,1.183806485583556e-06
1785123985.676815,3.792584853890841e-05,1.1837973283381066e-06
1785123985.6806955,3.7925717595997245e-05,1.183788316776127e-06
1785123985.6862078,3.792558289620552e-05,1.1837790829705923e-06
1785123985.6920753,3.792544936289295e-05,1.183770085386014e-06
1785123985.696149,3.7925318550617965e-05,1.1837612818799034e-06
1785123985.7016704,3.792518182327282e-05,1.1837519499355293e-06
1785123985.7068746,3.792504610300026e-05,1.1837426389966828e-06
1785123985.711121,3.792491604195594e-05,1.1837338233248075e-06
1785123985.716046,3.792478149297873e-05,1.1837247398038237e-06
1785123985.7229404,3.792464447390606e-05,1.183715405889019e-06
1785123985.7283359,3.792451010659245e-05,1.1837063025621364e-06
1785123985.7306697,3.7924371924269795e-05,1.1836969626369675e-06
1785123985.7354612,3.7924234439829825e-05,1.1836876195940664e-06
1785123985.7417033,3.79240981489512e-05,1.183678329390163e-06
1785123985.7455933,3.7923965074742325e-05,1.1836692169482681e-06
1785123985.7506785,3.792383403472293e-05,1.1836601105983808e-06
1785123985.7577958,3.7923700077778066e-05,1.1836508348908253e-06
1785123985.7650852,3.792356618968274e-05,1.1836416520539292e-06
1785123985.7681496,3.7923434557721603e-05,1.1836325598001304e-06
1785123985.771872,3.792329652074518e-05,1.1836230400704536e-06
1785123985.775749,3.792316587404025e-05,1.1836139654353151e-06
1785123985.781171,3.7923029970754525e-05,1.1836045065014336e-06
1785123985.7857206,3.792289483585019e-05,1.1835949948836314e-06
1785123985.7912502,3.7922761676809265e-05,1.1835855097340568e-06
1785123985.7957094,3.792262744056125e-05,1.1835759065450994e-06
1785123985.8014107,3.792249253397321e-05,1.183566230187711e-06
1785123985.8062797,3.792236130354726e-05,1.1835568122128511e-06
1785123985.8106687,3.7922227238668075e-05,1.1835472658376821e-06
1785123985.8167138,3.792209470307684e-05,1.1835378670249877e-06
1785123985.8223503,3.792196332495056e-05,1.183528494389741e-06
1785123985.8294177,3.792183218372211e-05,1.183519102608678e-06
1785123985.8309247,3.792170254657672e-05,1.1835097690595644e-06
1785123985.835719,3.792156966550887e-05,1.1835002317631234e-06
1785123985.841233,3.792143481374293e-05,1.1834905240452452e-06
1785123985.8454173,3.7921304491576374e-05,1.1834811284580957e-06
1785123985.8503904,3.7921175142668216e-05,1.1834718265955404e-06
1785123985.8566494,3.792103940519584e-05,1.1834620550901329e-06
1785123985.8629968,3.7920911880898885e-05,1.183452878279336e-06
1785123985.8655295,3.792077841126833e-05,1.1834433296916241e-06
1785123985.871397,3.792064440052487e-05,1.1834338129239944e-06
1785123985.8756413,3.792050842288921e-05,1.1834241417527298e-06
1785123985.8799753,3.7920372751428136e-05,1.1834144938288956e-06
1785123985.8850415,3.792023827122346e-05,1.1834049899531045e-06
1785123985.8927205,3.792010210206724e-05,1.1833954602306964e-06
1785123985.896316,3.791997477838611e-05,1.1833864894126825e-06
1785123985.9005098,3.791983813684091e-05,1.1833768565522122e-06
1785123985.90682,3.791971213049104e-05,1.1833679300572316e-06
1785123985.9110644,3.7919571094274885e-05,1.183357945529975e-06
1785123985.916131,3.791943872045423e-05,1.1833486768793377e-06
1785123985.9239447,3.7919303709624175e-05,1.1833393307042134e-06
1785123985.9292626,3.791916849092725e-05,1.1833299811401348e-06
1785123985.9308589,3.7919036288229793e-05,1.1833208051546343e-06
1785123985.9361541,3.7918903618575004e-05,1.1833117461903755e-06
1785123985.9410567,3.791876854787003e-05,1.183302479499974e-06
1785123985.9454107,3.79186352057622e-05,1.1832933440688142e-06
1785123985.9502225,3.791850013126548e-05,1.18328413533177e-06
1785123985.9577703,3.7918362001766615e-05,1.183274703738035e-06
1785123985.9651942,3.791822679087792e-05,1.1832655764169831e-06
1785123985.9741106,3.791809271090236e-05,1.1832566031993701e-06
1785123985.9773228,3.791796094942907e-05,1.1832478578433062e-06
1785123985.9808416,3.791782267725071e-05,1.183238767007523e-06
1785123985.9857004,3.79176856779358e-05,1.1832297611405336e-06
1785123985.9914412,3.7917552254952566e-05,1.1832210636771323e-06
1785123985.995965,3.791741896646059e-05,1.1832123070836386e-06
1785123986.0010836,3.79172850855409e-05,1.1832035034922674e-06
1785123986.0094783,3.791715157005041e-05,1.1831947753039111e-06
1785123986.0112343,3.791701827842183e-05,1.1831859185495623e-06
1785123986.0163732,3.791688277881624e-05,1.1831769212935121e-06
1785123986.024837,3.7916750900595664e-05,1.1831681013365948e-06
1785123986.030109,3.7916610979104814e-05,1.1831587332046043e-06
1785123986.0312726,3.7916482608639074e-05,1.1831500660923224e-06
1785123986.0358186,3.791635253469854e-05,1.1831412844370122e-06
1785123986.0412009,3.7916216496238574e-05,1.1831321774030118e-06
1785123986.0461292,3.7916083486809765e-05,1.1831232683893921e-06
1785123986.0503354,3.791594980813718e-05,1.1831142622527737e-06
1785123986.0574079,3.79158142068939e-05,1.1831050248663544e-06
1785123986.0615885,3.791567764873015e-05,1.183095701673343e-06
1785123986.067015,3.7915543956708946e-05,1.1830865393621497e-06
1785123986.070844,3.7915415609883204e-05,1.1830776798541565e-06
1785123986.0763748,3.7915279042415224e-05,1.1830681573544218e-06
1785123986.0806315,3.7915142087489424e-05,1.1830585365429181e-06
1785123986.0856802,3.7915008278656276e-05,1.1830491781664985e-06
1785123986.0913253,3.791487444033009e-05,1.1830397695864575e-06
1785123986.0965714,3.791474216492953e-05,1.1830304702311025e-06
1785123986.1008015,3.79146083452473e-05,1.1830211385549675e-06
1785123986.1069424,3.791446931781223e-05,1.1830113758042707e-06
1785123986.1108694,3.7914339295670495e-05,1.1830022464784864e-06
1785123986.1155853,3.791420767895209e-05,1.1829929618295046e-06
1785123986.1227684,3.791407441576734e-05,1.1829835860485681e-06
1785123986.1264508,3.791394529140355e-05,1.18297454501499e-06
1785123986.1310234,3.7913810292073796e-05,1.1829651219499059e-06
1785123986.1380782,3.791367976642205e-05,1.182955991697835e-06
1785123986.1425936,3.791354825124153e-05,1.1829467538026982e-06
1785123986.1459017,3.7913416092752106e-05,1.1829373953826585e-06
1785123986.1512027,3.7913284380590956e-05,1.1829280991015363e-06
1785123986.1573696,3.7913150634543855e-05,1.1829187203340284e-06
1785123986.160965,3.791301540401343e-05,1.1829092789953996e-06
1785123986.1671965,3.791288469045621e-05,1.182900161018744e-06
1785123986.1727943,3.7912748858559926e-05,1.1828906921152162e-06
1785123986.1761723,3.791261273119819e-05,1.1828813256401084e-06
1785123986.1815155,3.791248061708767e-05,1.1828722231727226e-06
1785123986.1865823,3.79123489844238e-05,1.1828630781017393e-06
1785123986.1913457,3.791221374588684e-05,1.1828537227629905e-06
1785123986.1955373,3.7912073837022195e-05,1.182843983723565e-06
1785123986.2003534,3.791193828934183e-05,1.182834530994536e-06
1785123986.2070632,3.791180318849604e-05,1.1828251285367273e-06
1785123986.210941,3.791166799858173e-05,1.1828157018023194e-06
1785123986.2160118,3.791153199801432e-05,1.182806056516593e-06
1785123986.2215521,3.7911399886829924e-05,1.1827966675772155e-06
1785123986.2328384,3.791126809835588e-05,1.182787223818231e-06
1785123986.2379704,3.791113536876057e-05,1.182777716019935e-06
1785123986.2396939,3.791100233051409e-05,1.1827681528461715e-06
1785123986.2410867,3.791087214150546e-05,1.1827588076351573e-06
1785123986.2452896,3.7910739970865725e-05,1.1827493026033609e-06
1785123986.2501001,3.791060872019714e-05,1.1827399183597259e-06
1785123986.2565243,3.791047856644798e-05,1.182730617434239e-06
1785123986.2607083,3.791034606317845e-05,1.182721080802553e-06
1785123986.2664204,3.7910206396586835e-05,1.1827109939308489e-06
1785123986.2726278,3.791007317268689e-05,1.1827013903883918e-06
1785123986.2761745,3.790993840853227e-05,1.1826915423631524e-06
1785123986.2806628,3.7909802061494077e-05,1.182681693088628e-06
1785123986.2869184,3.790966803390379e-05,1.1826720438729386e-06
1785123986.2914364,3.7909534879735656e-05,1.1826624109056014e-06
1785123986.2964308,3.7909403235961636e-05,1.1826528000380184e-06
1785123986.3005755,3.7909271954511407e-05,1.182643218625315e-06
1785123986.3068075,3.79091371979509e-05,1.1826333568086727e-06
1785123986.3114512,3.790900258830797e-05,1.182623458034263e-06
1785123986.3159018,3.7908865302212035e-05,1.1826134121367891e-06
1785123986.3214233,3.790873101918014e-05,1.1826035285887948e-06
1785123986.326849,3.790859782985424e-05,1.1825938035396572e-06
1785123986.3304868,3.790846289202143e-05,1.1825838903782338e-06
1785123986.3351772,3.7908330392534685e-05,1.182574120184309e-06
1785123986.3408298,3.7908193892009426e-05,1.1825641010794075e-06
1785123986.3458238,3.790806197786718e-05,1.1825544627848814e-06
1785123986.3506105,3.790792839008868e-05,1.1825446958238362e-06
1785123986.35679,3.790779554534746e-05,1.1825348290643353e-06
1785123986.3610907,3.790766263884521e-05,1.1825249139055303e-06
1785123986.3683336,3.790753187587468e-05,1.1825151224279955e-06
1785123986.3708513,3.7907400807997585e-05,1.1825053731765695e-06
1785123986.376163,3.79072709668174e-05,1.1824957901243807e-06
1785123986.3809688,3.790713825988133e-05,1.1824860886829043e-06
1785123986.3851306,3.7906997976089245e-05,1.182475918985707e-06
1785123986.391327,3.790686013367568e-05,1.1824659336741572e-06
1785123986.397195,3.7906721726889636e-05,1.1824557653218637e-06
1785123986.400968,3.7906586960039254e-05,1.1824460037574446e-06
1785123986.406962,3.7906452127134864e-05,1.1824362278808324e-06
1785123986.4116027,3.790631619837468e-05,1.1824262902110249e-06
1785123986.415772,3.790618371299356e-05,1.182416504847764e-06
1785123986.4240818,3.790605040854887e-05,1.18240664672159e-06
1785123986.427608,3.790591520399705e-05,1.182396734311806e-06
1785123986.431423,3.790578405885148e-05,1.182387076668194e-06
1785123986.4354906,3.790565120304681e-05,1.182377248333602e-06
1785123986.4416053,3.790551560113041e-05,1.1823671814371844e-06
1785123986.4456456,3.790537920361603e-05,1.1823570293567137e-06
1785123986.4506903,3.7905245309742846e-05,1.1823470486583463e-06
1785123986.4567955,3.790511445157224e-05,1.1823373152595496e-06
1785123986.4604826,3.790498575777072e-05,1.1823276710757718e-06
1785123986.46989,3.790485701909861e-05,1.182318034480085e-06
1785123986.4720876,3.790472161149433e-05,1.1823078328521447e-06
1785123986.4752922,3.7904587836229077e-05,1.1822976962470035e-06
1785123986.4807928,3.7904451212999176e-05,1.1822875062514804e-06
1785123986.486048,3.790431644378934e-05,1.1822773551933963e-06
1785123986.4908607,3.79041857019228e-05,1.182267492012904e-06
1785123986.4958332,3.7904054685022625e-05,1.182257579108731e-06
1785123986.5000496,3.790391933287737e-05,1.182247296183281e-06
1785123986.505984,3.790378768648915e-05,1.1822372157344145e-06
1785123986.5101953,3.7903655163575924e-05,1.1822270567114846e-06
1785123986.5159316,3.790351835006079e-05,1.182216593312755e-06
1785123986.5218468,3.790338188297882e-05,1.182206085002573e-06
1785123986.5262494,3.790324917048636e-05,1.1821958753727358e-06
1785123986.5307403,3.790311572025783e-05,1.182185594577053e-06
1785123986.5411358,3.790298465659485e-05,1.1821755402040217e-06
1785123986.5433316,3.790285374654647e-05,1.182165464476827e-06
1785123986.5463214,3.7902723006544395e-05,1.1821554654281781e-06
1785123986.551195,3.7902590495837784e-05,1.1821453735206142e-06
1785123986.5584373,3.790245513819615e-05,1.1821350640666338e-06
1785123986.563671,3.7902321906296436e-05,1.182124840065737e-06
1785123986.5716279,3.7902188310400175e-05,1.1821146665282541e-06
1785123986.5769923,3.790204674845548e-05,1.1821038632317141e-06
1785123986.5811312,3.7901910927327304e-05,1.1820936337805167e-06
1785123986.5863094,3.7901778669955136e-05,1.182083712097523e-06
1785123986.5929296,3.7901645515240634e-05,1.1820735982432448e-06
1785123986.595553,3.790151218465288e-05,1.1820634330396995e-06
1785123986.5997431,3.790137674912028e-05,1.1820531506527386e-06
1785123986.6061928,3.790124384094317e-05,1.1820431709428431e-06
1785123986.6100898,3.79011102709501e-05,1.182033169625261e-06
1785123986.615841,3.790097412557129e-05,1.1820229037425786e-06
1785123986.6205535,3.790083818729747e-05,1.182012539413706e-06
1785123986.6250806,3.790070506029235e-05,1.182002385594074e-06
1785123986.6299894,3.7900567834891825e-05,1.1819918362234734e-06
1785123986.6352372,3.790043333172051e-05,1.1819814127815888e-06
1785123986.6407785,3.790029857314645e-05,1.181971019055935e-06
1785123986.6452441,3.790016826522999e-05,1.1819609269733804e-06
1785123986.6496294,3.790003743735517e-05,1.1819508437138495e-06
1785123986.6567855,3.789990386930039e-05,1.1819405248266708e-06
1785123986.6611202,3.789976941941599e-05,1.1819301829820386e-06
1785123986.6672769,3.7899639175597254e-05,1.1819201019952498e-06
1785123986.677824,3.7899508535114894e-05,1.1819099511129318e-06
1785123986.6810362,3.7899377773681014e-05,1.1818997598807605e-06
1785123986.68572,3.7899240683380436e-05,1.1818890306276134e-06
1785123986.6906762,3.789910822255334e-05,1.181878652199006e-06
1785123986.695765,3.7898972044909695e-05,1.1818679305728905e-06
1785123986.700514,3.789883833796005e-05,1.1818573663441188e-06
1785123986.7062092,3.7898705155302946e-05,1.1818469099281726e-06
1785123986.7106318,3.789857100257977e-05,1.181836318290806e-06
1785123986.7159271,3.7898441945419715e-05,1.1818260876277864e-06
1785123986.724344,3.789830768532434e-05,1.1818153928983837e-06
1785123986.7268782,3.789817675103889e-05,1.1818049885274347e-06
1785123986.7318525,3.78980446586115e-05,1.1817944792967085e-06
1785123986.7356865,3.789790907714497e-05,1.1817837274560085e-06
1785123986.741535,3.7897773967301666e-05,1.181772933396646e-06
1785123986.7463815,3.7897640797078804e-05,1.181762337147992e-06
1785123986.751454,3.789750290742758e-05,1.1817514300606313e-06
1785123986.7563293,3.789736996272679e-05,1.181740847449322e-06
1785123986.7623425,3.789723291898389e-05,1.181729890721304e-06
1785123986.767157,3.789709827326251e-05,1.1817191195528468e-06
1785123986.772959,3.789696354250122e-05,1.1817083047173453e-06
1785123986.7852378,3.7896827358574986e-05,1.181697219411757e-06
1785123986.7877865,3.78966932459116e-05,1.181686275546065e-06
1785123986.7908978,3.789655663757143e-05,1.1816751149098955e-06
1785123986.7955868,3.7896418837418806e-05,1.1816638563799422e-06
1785123986.800847,3.789628964261835e-05,1.1816532639877302e-06
1785123986.8084447,3.789615866100014e-05,1.1816425800077462e-06
1785123986.8117492,3.789602457924091e-05,1.1816317183630003e-06
1785123986.8177989,3.789588955471428e-05,1.1816208072679432e-06
1785123986.8302972,3.78957535472595e-05,1.181609874103896e-06
1785123986.8383281,3.789562139646658e-05,1.181599128854381e-06
1785123986.8397906,3.789548980051145e-05,1.1815884609299049e-06
1785123986.8416276,3.789535792460962e-05,1.181577761406055e-06
1785123986.8436964,3.789522616021138e-05,1.1815671051074894e-06
1785123986.84523,3.789509226338362e-05,1.181556233701674e-06
1785123986.850359,3.78949570029864e-05,1.1815451350279076e-06
1785123986.8559062,3.789482495926577e-05,1.181534271226474e-06
1785123986.8608613,3.789469286885237e-05,1.1815234062704657e-06
1785123986.8655648,3.7894558361094475e-05,1.1815122555860751e-06
1785123986.872514,3.7894426182168705e-05,1.1815012806678944e-06
1785123986.8765273,3.7894290788999617e-05,1.181489997636824e-06
1785123986.8874314,3.7894156613565724e-05,1.1814787987205533e-06
1785123986.8910427,3.789402538253856e-05,1.1814677621949097e-06
1785123986.8967283,3.7893888022723726e-05,1.1814562365647293e-06
1785123986.9000986,3.789375699849238e-05,1.1814453472855656e-06
1785123986.9066021,3.7893622358856065e-05,1.1814341750192721e-06
1785123986.9113715,3.7893487400989887e-05,1.1814229887668793e-06
1785123986.9166014,3.7893357385945874e-05,1.181412192252943e-06
1785123986.9249501,3.789322165346129e-05,1.1814009554693162e-06
1785123986.9291553,3.789309061210512e-05,1.1813901313527436e-06
1785123986.9314456,3.789296401121121e-05,1.1813797134990668e-06
1785123986.9348927,3.789282996498854e-05,1.181368715845005e-06
1785123986.9452353,3.78926972170573e-05,1.181357842576649e-06
1785123986.9469662,3.7892564948212346e-05,1.1813469979780422e-06
1785123986.9498007,3.789243047299518e-05,1.1813359474106404e-06
1785123986.9565887,3.78922931698224e-05,1.1813247324817237e-06
1785123986.961508,3.7892157824771056e-05,1.1813135589371952e-06
1785123986.965459,3.7892023903868416e-05,1.1813024575017124e-06
1785123986.9730828,3.789189408908604e-05,1.1812917071437753e-06
1785123986.9814408,3.7891759641915005e-05,1.1812805562942072e-06
1785123986.985739,3.789162350954665e-05,1.1812692098645418e-06
1785123986.9973092,3.789149035604396e-05,1.1812581198040128e-06
1785123987.002277,3.789136124592189e-05,1.1812473766357953e-06
1785123987.0067987,3.789122813522956e-05,1.181236350757648e-06
1785123987.0101764,3.7891095218521714e-05,1.1812254266107067e-06
1785123987.0155866,3.789096072621083e-05,1.1812144012117318e-06
1785123987.0226576,3.789082632543068e-05,1.1812033548091883e-06
1785123987.0293975,3.789068746156686e-05,1.1811919279210559e-06
1785123987.0320897,3.7890556164181235e-05,1.1811811248465539e-06
1785123987.0404937,3.789042195279037e-05,1.1811701504633062e-06
1785123987.0452619,3.789029409008342e-05,1.1811598007370795e-06
1785123987.0469425,3.789016255273889e-05,1.1811490211237715e-06
1785123987.0505948,3.789003307411369e-05,1.1811384275580807e-06
1785123987.0569375,3.788990221840267e-05,1.1811276647679787e-06
1785123987.060522,3.7889767939731746e-05,1.1811167151326693e-06
1785123987.066228,3.78896365844217e-05,1.1811060946978218e-06
1785123987.0710144,3.788950381608129e-05,1.1810953948619723e-06
1785123987.0751016,3.7889370009496684e-05,1.1810845455112061e-06
1785123987.080825,3.788923938083429e-05,1.1810738610034565e-06
1785123987.0851202,3.7889107985070825e-05,1.1810630597100802e-06
1785123987.0911393,3.788897621711093e-05,1.1810522581667122e-06
1785123987.1000621,3.788884592785925e-05,1.1810415736022361e-06
1785123987.1020854,3.7888717095020524e-05,1.181030967157059e-06
1785123987.1055565,3.788858628254462e-05,1.1810201295634468e-06
1785123987.1106732,3.788845153719739e-05,1.1810088714670274e-06
1785123987.1160967,3.788831551206599e-05,1.1809975171733766e-06
1785123987.1216478,3.7888183601811835e-05,1.1809864818804598e-06
1785123987.1252286,3.7888050702859954e-05,1.1809753666160771e-06
1785123987.1311364,3.788792002215641e-05,1.1809644889630082e-06
1785123987.1356192,3.788778480252411e-05,1.180953402061188e-06
1785123987.1408358,3.7887649581459875e-05,1.1809423009169986e-06
1785123987.1468613,3.788751826367239e-05,1.1809314901758083e-06
1785123987.1504376,3.78873855846554e-05,1.180920546616274e-06
1785123987.1559043,3.788724907136358e-05,1.1809092894872992e-06
1785123987.160124,3.788711149527932e-05,1.1808980064371863e-06
1785123987.165203,3.788698306693422e-05,1.1808874950468293e-06
1785123987.1714149,3.7886848284115914e-05,1.1808765487439616e-06
1785123987.176016,3.788671048445796e-05,1.180865473896586e-06
1785123987.1809657,3.788657649869699e-05,1.1808548286833263e-06
1785123987.1851144,3.7886443905651125e-05,1.1808442842136206e-06
1785123987.1913364,3.788631473913999e-05,1.1808339291134136e-06
1785123987.196936,3.7886181533474406e-05,1.1808233232100464e-06
1785123987.1998892,3.788604556857306e-05,1.180812441342799e-06
1785123987.2067492,3.788591128408538e-05,1.180801725270849e-06
1785123987.2118933,3.7885774738519344e-05,1.1807908099155073e-06
1785123987.2154148,3.788564100889032e-05,1.1807801944914228e-06
1785123987.2215424,3.788550517732648e-05,1.1807694677547926e-06
1785123987.22544,3.788537821788838e-05,1.180759473412603e-06
1785123987.2310958,3.788523907831523e-05,1.1807485309564085e-06
1785123987.2356498,3.7885110066904925e-05,1.180738488654856e-06
1785123987.2403464,3.788497839073629e-05,1.1807283076137383e-06
1785123987.245261,3.7884840431162426e-05,1.180717585160726e-06
1785123987.2502134,3.788470676267253e-05,1.1807071944195158e-06
1785123987.2561991,3.788457688530371e-05,1.1806970154245505e-06
1785123987.2598908,3.788444556961563e-05,1.1806867101947327e-06
1785123987.2655118,3.788431004659765e-05,1.1806761036969453e-06
1785123987.2709432,3.788417473674006e-05,1.1806655181226324e-06
1785123987.2753828,3.788404432186697e-05,1.1806553058779886e-06
1785123987.281578,3.7883911184085245e-05,1.1806448426700291e-06
1785123987.2854297,3.788377113357576e-05,1.1806339150404777e-06
1785123987.2912211,3.7883633994517194e-05,1.1806230967980858e-06
1785123987.2978053,3.7883500271935724e-05,1.1806125109757155e-06
1785123987.300221,3.788336649721601e-05,1.1806018766060915e-06
1785123987.3063335,3.7883237164246334e-05,1.1805916115364011e-06
1785123987.309948,3.78831043956294e-05,1.180581118996115e-06
1785123987.3159697,3.78829722934608e-05,1.1805706729627456e-06
1785123987.3203359,3.788284277903117e-05,1.180560323458283e-06
1785123987.3255765,3.7882709233698335e-05,1.1805497022363654e-06
1785123987.330977,3.788257506245527e-05,1.1805390249361339e-06
1785123987.3353865,3.7882440500475933e-05,1.1805282953723474e-06
1785123987.3410661,3.788230570142813e-05,1.1805174657376108e-06
1785123987.346013,3.7882165480565395e-05,1.1805061881583144e-06
1785123987.350126,3.788202872518637e-05,1.1804953302187731e-06
1785123987.3563704,3.788189042270682e-05,1.1804843978642423e-06
1785123987.3620822,3.7881753889561115e-05,1.1804736138529773e-06
1785123987.3652997,3.788161760901393e-05,1.1804627659053655e-06
1785123987.3710282,3.7881480505491704e-05,1.1804517844854153e-06
1785123987.3766556,3.788134927759595e-05,1.180441272755994e-06
1785123987.3806334,3.788121493298916e-05,1.1804305042685006e-06
1785123987.384993,3.7881079045365135e-05,1.1804196559658736e-06
1785123987.3912306,3.788094408296127e-05,1.1804088460247948e-06
1785123987.3977528,3.788081093120826e-05,1.1803981868381943e-06
1785123987.4001439,3.788067808696852e-05,1.1803875807256053e-06
1785123987.405869,3.788054658759836e-05,1.180377160806242e-06
1785123987.4103084,3.788041329605116e-05,1.180366558084544e-06
1785123987.4159636,3.7880282464645264e-05,1.180356165048043e-06
1785123987.420643,3.7880151971672364e-05,1.1803456653130758e-06
1785123987.4265618,3.788002086619291e-05,1.1803351433140977e-06
1785123987.4302993,3.787988617035193e-05,1.1803243470992111e-06
1785123987.4368842,3.787975229469573e-05,1.1803135792368986e-06
1785123987.4407232,3.787961812083191e-05,1.1803027076015394e-06
1785123987.4449155,3.7879488541214815e-05,1.1802922695614195e-06
1785123987.450061,3.787935341058193e-05,1.1802814768130209e-06
1785123987.4564779,3.787921759659223e-05,1.180270729352256e-06
1785123987.460295,3.7879086173336304e-05,1.180260311130966e-06
1785123987.4656823,3.787895185588164e-05,1.1802496462677914e-06
1785123987.4709682,3.7878817278164516e-05,1.1802388661725068e-06
1785123987.4755223,3.7878685474724175e-05,1.1802283063896624e-06
1785123987.4808156,3.787854876430286e-05,1.1802174407656417e-06
1785123987.4868836,3.787841303867926e-05,1.1802066705592995e-06
1785123987.4913242,3.787827570453445e-05,1.18019584604108e-06
1785123987.4980304,3.787814071520118e-05,1.1801851313581671e-06
1785123987.5012486,3.78780074720798e-05,1.1801745301281037e-06
1785123987.5067785,3.7877867107351765e-05,1.1801632882365077e-06
1785123987.5102577,3.787773531155964e-05,1.1801527183400818e-06
1785123987.5165727,3.787760728153988e-05,1.180142518384167e-06
1785123987.5212097,3.787747401594847e-05,1.1801319969715364e-06
1785123987.5254877,3.7877339479143246e-05,1.1801213271837108e-06
1785123987.5306265,3.787720610018573e-05,1.1801107185767073e-06
1785123987.535286,3.787707042115169e-05,1.1800998291324925e-06
1785123987.5408325,3.787693977132574e-05,1.1800894561290836e-06
1785123987.5451326,3.787680672510752e-05,1.1800788053839768e-06
1785123987.5502732,3.7876667978861685e-05,1.1800676481475774e-06
1785123987.5567951,3.7876535325984395e-05,1.1800568927218786e-06
1785123987.560691,3.787640540770046e-05,1.1800463775004081e-06
1785123987.5659816,3.787626952049415e-05,1.180035476004094e-06
1785123987.57393,3.787613379376551e-05,1.1800245347010267e-06
1785123987.5765817,3.787599430309643e-05,1.1800133094516833e-06
1785123987.5804904,3.78758596727775e-05,1.1800024348651259e-06
1785123987.585045,3.7875728498210635e-05,1.17999182894874e-06
1785123987.5911212,3.787559512047231e-05,1.1799809248489961e-06
1785123987.6001167,3.787546216256306e-05,1.1799700760761267e-06
1785123987.6020112,3.787532731926006e-05,1.179958951655814e-06
1785123987.60684,3.7875192909875505e-05,1.179947916380108e-06
1785123987.610777,3.787505378052213e-05,1.1799365062456906e-06
1785123987.615477,3.7874914877888064e-05,1.1799251930963343e-06
1785123987.6224768,3.787478241705282e-05,1.1799143071918234e-06
1785123987.62723,3.787465332567543e-05,1.17990369842364e-06
1785123987.630689,3.787451856220377e-05,1.1798925995863934e-06
1785123987.6348763,3.7874388631910484e-05,1.1798819045486973e-06
1785123987.6408029,3.787425749052686e-05,1.1798712675951666e-06
1785123987.6452973,3.787412450001527e-05,1.1798604740057822e-06
1785123987.6497316,3.787399339221401e-05,1.1798498525413662e-06
1785123987.6559095,3.787385448659592e-05,1.179838582062865e-06
1785123987.66003,3.78737218593078e-05,1.179827826772738e-06
1785123987.6653132,3.7873589795965676e-05,1.179817047816885e-06
1785123987.6712615,3.787345413480314e-05,1.1798059734303678e-06
1785123987.6756947,3.787331871132365e-05,1.179794858763176e-06
1785123987.6807024,3.7873184674690045e-05,1.1797837989591918e-06
1785123987.6871505,3.7873046779381314e-05,1.1797723509498413e-06
1785123987.691346,3.7872914544601615e-05,1.1797613768605728e-06
1785123987.699785,3.787278190943056e-05,1.1797504711947012e-06
1785123987.7020857,3.787264498582879e-05,1.1797392936901627e-06
1785123987.7062435,3.7872510708622906e-05,1.1797284388960636e-06
1785123987.7105238,3.7872384608656635e-05,1.1797182527361754e-06
1785123987.7178438,3.787225164663893e-05,1.179707419450271e-06
1785123987.7215545,3.787211582211897e-05,1.179696414325053e-06
1785123987.7263434,3.787198199659998e-05,1.1796855259312306e-06
1785123987.7315097,3.7871848027539904e-05,1.179674709851864e-06
1785123987.7353654,3.787171501949899e-05,1.1796639834549628e-06
1785123987.7405448,3.787158434678376e-05,1.1796534421976778e-06
1785123987.745648,3.7871454477309265e-05,1.1796430445883245e-06
1785123987.7501855,3.787132361969386e-05,1.1796326345161727e-06
1785123987.7568996,3.7871186078995695e-05,1.1796217595935244e-06
1785123987.7598932,3.7871050965323864e-05,1.1796111310334753e-06
1785123987.7662745,3.7870914817268245e-05,1.17960044684398e-06
1785123987.7703323,3.787077616808683e-05,1.1795896232464513e-06
1785123987.7754502,3.787064336640049e-05,1.1795792677444358e-06
1785123987.7833571,3.7870507137805825e-05,1.1795685441851389e-06
1785123987.7849348,3.787037641498151e-05,1.1795582747703976e-06
1785123987.791075,3.7870241930665505e-05,1.1795477207472836e-06
1785123987.7982788,3.787011151725642e-05,1.1795374665577291e-06
1785123987.8004718,3.7869976844662315e-05,1.1795268575231242e-06
1785123987.806627,3.78698434207929e-05,1.1795164291704591e-06
1785123987.8108056,3.7869706577931384e-05,1.1795056846757792e-06
1785123987.8151844,3.7869570494341945e-05,1.1794950036442972e-06
1785123987.8202326,3.786943746646356e-05,1.1794846374257026e-06
1785123987.826106,3.7869303466560596e-05,1.1794742480367583e-06
1785123987.8311286,0.00011386571609430376,7.064041762415331e-06
1785123987.835906,0.00023034770722738359,1.6119081306586392e-05
1785123987.8412786,0.00037399866503681637,2.7271254880680682e-05
1785123987.847176,0.0005265423055615726,3.9129091698718874e-05
1785123987.8509297,0.0006891033958190472,5.1776792076682096e-05
1785123987.85649,0.0008572099704423483,6.491368815387535e-05
1785123987.8610518,0.001024494739010414,7.784379182101593e-05
1785123987.865663,0.0011919817994971757,9.076332544075946e-05
1785123987.870406,0.0013589135603740267,0.00010381551026623239
1785123987.8755913,0.0015289199611997807,0.00011709339378047856
1785123987.8801336,0.0016925755071735766,0.00012993541696346944
1785123987.8850021,0.0018596769244375237,0.00014305642114562902
1785123987.8915017,0.002031390018618301,0.00015652497202647755
1785123987.8983202,0.002198123221798908,0.00016944505631871784
1785123987.899952,0.002361753507836825,0.00018213956286519906
1785123987.9067283,0.002527584942507458,0.00019501915531036483
1785123987.9101148,0.0026944435080694827,0.00020784023589691592
1785123987.9156208,0.0028581451643352822,0.00022029105632322124
1785123987.920128,0.0030221681350428736,0.00023265143666418664
1785123987.9253974,0.003183578652862505,0.00024482968192066556
1785123987.9320555,0.0033508556509717637,0.00025738774692128625
1785123987.9355302,0.00351775961840986,0.00026990493523942004
1785123987.9411643,0.0036833682882111396,0.0002823053713540975
1785123987.9449418,0.0038400247988617346,0.0002939348375798922
1785123987.9512565,0.004002452319892671,0.0003058318765253404
1785123987.9562368,0.004163563037537066,0.0003175386551714252
1785123987.960521,0.004324477407334437,0.00032907103979421524
1785123987.9662037,0.004492313262624424,0.0003411203761554428
1785123987.9720156,0.004651409427623477,0.00035228567280227725
1785123987.9775932,0.004815499015924745,0.00036395856992793286
1785123987.980249,0.004975592323459405,0.00037526057768186326
1785123987.9883475,0.005137583127140163,0.0003867425062633405
1785123987.990998,0.0053003773250140185,0.0003982201019791069
1785123987.9991183,0.005465819808604574,0.0004097478427942842
1785123988.0018127,0.005623054249776852,0.000420595345224265
1785123988.0092869,0.005786942060377589,0.00043176346101731617
1785123988.0108514,0.005952339727261825,0.0004429544933480247
1785123988.016321,0.006120849514498771,0.00045445959575070066
1785123988.0254397,0.00628472116485149,0.0004654627401840347
1785123988.027095,0.006449320828005171,0.0004765677624062648
1785123988.0312142,0.006617287088523497,0.0004879419993934268
1785123988.0376616,0.00678495040678721,0.0004994369892569918
1785123988.0422251,0.006951854902160612,0.0005109260527819596
1785123988.0506756,0.007119995043593493,0.000522545472105214
1785123988.0519547,0.0072910367418658134,0.000534357522394643
1785123988.0570045,0.00746464037399427,0.0005463179039837652
1785123988.060124,0.007630596347189511,0.0005577014706129407
1785123988.06594,0.007802287991122099,0.0005694109344002973
1785123988.0714881,0.007982875848026797,0.0005816193015085613
1785123988.0758388,0.008168232675104657,0.0005940201832809942
1785123988.0822897,0.008337106361051509,0.0006051967313223599
1785123988.0867975,0.008505543966919889,0.0006162694811626951
1785123988.0926814,0.008684604644157028,0.0006279680377773433
1785123988.0999684,0.008855842485720428,0.0006390917424956063
1785123988.111254,0.00902816255358529,0.0006502409936303091
1785123988.1122973,0.009206247809087282,0.0006616795639078506
1785123988.1175754,0.009379195505124433,0.0006727192542988147
1785123988.121404,0.009563246198088043,0.0006843515474626087
1785123988.1300583,0.00973825480653347,0.0006953454695691997
1785123988.1332037,0.009911970006216053,0.0007061183313959824
1785123988.1358736,0.010089005096410806,0.0007171444002129366
1785123988.1514783,0.010260786828915274,0.0007278626605864769
1785123988.1530888,0.01044000137675846,0.0007389749480380647
1785123988.1547973,0.010622228264267002,0.0007503413897433752
1785123988.158646,0.01080269901097152,0.0007614660636937454
1785123988.1611822,0.010985348893076893,0.0007725582240109332
1785123988.1659083,0.011158332043671726,0.0007831532906240577
1785123988.175688,0.01133900112519932,0.0007941457324123598
1785123988.1786087,0.011510736079227674,0.0008044743179017699
1785123988.1801739,0.011696150320682537,0.0008154978383679895
1785123988.1933684,0.01187903939374954,0.0008262564708817127
1785123988.1961052,0.01205893152434628,0.0008368715451044866
1785123988.2013981,0.012245210498360488,0.0008477573886686682
1785123988.212217,0.012425118001170255,0.0008582812902695406
1785123988.216707,0.012609910951756249,0.0008691421120140809
1785123988.2243695,0.012794858442202944,0.0008799621312990642
1785123988.226218,0.012977842119214478,0.0008904710305795578
1785123988.2340841,0.013167261439413616,0.0009011871935905545
1785123988.2355824,0.0133446204776879,0.0009110604269226527
1785123988.2402,0.013535829619521478,0.0009216783594865679
1785123988.2451487,0.013724469796165034,0.0009320517774964681
1785123988.2500992,0.01390614075233762,0.0009419385337439184
1785123988.2559109,0.014094089177965747,0.0009520610550418285
1785123988.2615032,0.01426636093981649,0.0009612715014728389
1785123988.2673852,0.014458972632108553,0.0009715446073991973
1785123988.2719247,0.01464725988166765,0.0009815392606612671
1785123988.2769158,0.014824338683522684,0.000990906110929227
1785123988.2809703,0.015009985950528291,0.0010005154089002875
1785123988.2876148,0.015191056374787648,0.001009766764480973
1785123988.2932014,0.015370956467924309,0.0010188392884453797
1785123988.2953994,0.015553942901900718,0.0010278449436119913
1785123988.3008132,0.015741185611270553,0.0010368435895857452
1785123988.3104994,0.01592704786489952,0.0010455846894134714
1785123988.3193543,0.016105995151021218,0.0010539145474830229
1785123988.3216243,0.016303001543317947,0.001062897080673805
1785123988.3261824,0.01648607673224337,0.0010710024487541145
1785123988.331582,0.016668238695984945,0.0010789958027863633
1785123988.3411748,0.01685540466114584,0.0010871601296803856
1785123988.3439636,0.01704438530098929,0.0010952810315860225
1785123988.3467152,0.0172274988556308,0.0011029902580189503
1785123988.3512888,0.017408757026448292,0.0011104598275942744
1785123988.3608618,0.01759102288322152,0.0011179440268673873
1785123988.3629963,0.017776865295100697,0.001125658342319675
1785123988.3665466,0.01796219442048506,0.0011332588654101644
1785123988.3751974,0.018145122012064845,0.0011407084625489694
1785123988.3785925,0.018343279833989097,0.0011485921372730655
1785123988.3808138,0.01852781766069163,0.0011557654839793436
1785123988.3862255,0.018711088515644715,0.0011629252109646463
1785123988.3919141,0.01890126257061914,0.0011701972427070313
1785123988.3959675,0.01908518379136356,0.0011769959215586101
1785123988.4014401,0.019271271494516354,0.0011837982283912337
1785123988.4100618,0.019451826916016254,0.0011904478854119563
1785123988.4136634,0.019633312765487215,0.0011970482796745496
1785123988.4258618,0.01983406742939607,0.0012043233837940415
1785123988.4302611,0.020016867564791492,0.00121094863418599
1785123988.4317589,0.02020288670690182,0.001217594353500894
1785123988.4416726,0.020383961974821604,0.0012240046342419939
1785123988.4434738,0.020575052310942362,0.001230767910259907
1785123988.4464447,0.02075470797717814,0.0012370266830322733
1785123988.4518712,0.020929670700414953,0.001243093410509748
1785123988.457075,0.02111158650910435,0.0012492487662164535
1785123988.462952,0.021294231716095645,0.0012554855432840527
1785123988.4770868,0.02147654799814252,0.0012617993329789965
1785123988.480247,0.021660165505544653,0.0012679872637161723
1785123988.483286,0.021838842600392448,0.0012737947184882563
1785123988.4843764,0.02202090533057301,0.001279655407687899
1785123988.487013,0.022205844861726918,0.0012855720156506674
1785123988.4924653,0.022388282979432055,0.0012914200723262242
1785123988.4971979,0.02257140650451693,0.0012972276883706562
1785123988.5019133,0.02274517521472003,0.001302454613319552
1785123988.5067275,0.022936114967982136,0.0013081919386056132
1785123988.514191,0.023117244717961522,0.0013136055771099694
1785123988.5183113,0.02329415062246776,0.001318861492492737
1785123988.532536,0.02347298161852004,0.0013240485481567012
1785123988.5348554,0.023648572714081825,0.0013291111034138803
1785123988.5427053,0.023830161471873963,0.0013342165753245537
1785123988.543897,0.024015618096850128,0.0013392499941145906
1785123988.5459425,0.02419099355248264,0.001343871816701598
1785123988.551206,0.024369003945652796,0.00134851456291649
1785123988.5599825,0.024547383505829024,0.0013531809154333947
1785123988.5613449,0.024731416137253822,0.0013579189490958655
1785123988.566165,0.024917041333151802,0.001362610342782951
1785123988.5748513,0.02509069877464852,0.001367021140109703
1785123988.5790725,0.025267493430352776,0.0013714997052268858
1785123988.5817273,0.025445010668103594,0.001375956202036497
1785123988.5859444,0.025628375314077842,0.0013806850451016602
1785123988.5920653,0.025804448455269517,0.0013851369121321568
1785123988.5959275,0.025983276215066953,0.0013895150112911685
1785123988.601278,0.026169379995439706,0.0013939835975081112
1785123988.609389,0.026344284187273293,0.0013980515013942139
1785123988.6111796,0.0265207494617372,0.0014020877938663693
1785123988.6159184,0.026693478371913566,0.0014059132797976084
1785123988.621741,0.02686537586564445,0.0014096376680363372
1785123988.649384,0.027053829986710635,0.0014136909631774276
1785123988.6537344,0.027227613920694445,0.0014174461169735551
1785123988.656925,0.02741045216211365,0.0014212344341417295
1785123988.660561,0.02757520525481857,0.0014245609054473552
1785123988.6672952,0.027769952202110898,0.0014284488366677426
1785123988.6771152,0.027957344863762675,0.001432221153785558
1785123988.6829517,0.02813869678791591,0.0014359499486914678
1785123988.6878226,0.02830864204214753,0.0014393654628206646
1785123988.6927514,0.028487078454611396,0.0014428802704354433
1785123988.6957772,0.028670883091349127,0.0014464207073056022
1785123988.701458,0.02885507620230167,0.0014499308121383879
1785123988.7072263,0.029028529925587274,0.0014532651137582288
1785123988.713755,0.029219000214866186,0.0014568247017756016
1785123988.716237,0.029398674815861954,0.0014602066350438174
1785123988.724511,0.029581234081694253,0.0014636054196702007
1785123988.7269967,0.029772361532437983,0.001467239538864888
1785123988.731144,0.02995564112969745,0.001470588791212649
1785123988.7368348,0.03013804576017548,0.0014738232622162478
1785123988.7433233,0.030310241199456266,0.0014767964560885958
1785123988.7451723,0.030495651078378958,0.0014799297453421808
1785123988.7561746,0.03067365967821549,0.0014829812917894203
1785123988.761219,0.030848715245585648,0.0014860065396272925
1785123988.7679636,0.031033232003135628,0.0014890974889069277
1785123988.7749453,0.031211841844111347,0.0014918648244265544
1785123988.776426,0.03139550029074613,0.0014946622535957571
1785123988.7803955,0.031586883297695476,0.0014975468689287974
1785123988.78669,0.03176806146495419,0.001500388824125664
1785123988.793306,0.0319457350268617,0.0015031796029790273
1785123988.7953196,0.03213245964775205,0.0015059782817302269
1785123988.8013499,0.03231922510764551,0.0015087145618610314
1785123988.8071668,0.03250692349001379,0.0015112357207315691
1785123988.8133917,0.0326966619413869,0.0015137022723457514
1785123988.8154824,0.03287726081339994,0.0015159262083043192
1785123988.8237545,0.03305884806796523,0.0015179882236421684
1785123988.8342588,0.03324912350505291,0.0015197595763133283
1785123988.8419914,0.03343113551132718,0.0015213337612662722
1785123988.8438106,0.03361494085133229,0.001522861801812199
1785123988.8452706,0.03371995146311279,0.0015237150088460625
1785123988.8498232,0.03378283761475884,0.001524213541585719
1785123988.8599293,0.03381551222117073,0.0015244613944745647
1785123988.8629055,0.03384030960278543,0.0015246587027235962
1785123988.8733644,0.03385887548789064,0.001524805350601443
1785123988.8746324,0.03387634990710278,0.0015249469633586167
1785123988.8793256,0.03388248707998722,0.0015249999988564671
1785123988.882668,0.033894995193212214,0.0015251006172811768
1785123988.8921914,0.03391781335128233,0.0015252725900707321
1785123988.8948014,0.033930441153537785,0.0015253728047677124
1785123988.8980145,0.03394536502315103,0.0015254838761605833
1785123988.9020774,0.033955802154791166,0.0015255612467575304
1785123988.912708,0.033978527378411005,0.0015257388037135152
1785123988.9199343,0.03398731949750789,0.0015258082539169023
1785123988.9249923,0.03400199540227786,0.001525927805582745
1785123988.9283338,0.03401806260558422,0.0015260540409812828
1785123988.941135,0.0340345497092652,0.0015261894679595058
1785123988.9426742,0.034051898593535815,0.0015263325364722722
1785123988.9441018,0.034064614560105066,0.0015264383813736646
1785123988.9458582,0.034081753915284944,0.0015265681945744773
1785123988.951113,0.03409481594711789,0.00152666105558468
1785123988.9578211,0.03411205461511688,0.0015267596167748978
1785123988.9654412,0.03412060619796304,0.0015268079031980659
1785123988.979544,0.034137003805886364,0.0015268924112281086
1785123988.9839127,0.03416119741572451,0.0015270013169714216
1785123988.988623,0.03417664181461363,0.001527076819359902
1785123988.9928286,0.03419539811193002,0.0015271637041090272
1785123988.9957175,0.0342170408228748,0.0015272699623695351
1785123989.000834,0.03423745336810774,0.0015273693101154119
1785123989.0081978,0.0342520726905275,0.0015274397913967294
1785123989.0157554,0.0342704764538265,0.0015275329552466193
1785123989.0168397,0.03428800439552124,0.0015276156163946618
1785123989.0331564,0.03430747297741287,0.00152770798343619
1785123989.0423546,0.03431698841305015,0.0015277508907548748
1785123989.043819,0.03433338622229642,0.0015278275340325008
1785123989.045119,0.03435609495267114,0.001527942615165781
1785123989.046506,0.03437038527348357,0.001528009765822253
1785123989.0506265,0.03437747435534833,0.0015280355503663225
1785123989.0571373,0.03440020601586496,0.0015281177655428588
1785123989.062304,0.0344194542805558,0.0015281850758766743
1785123989.0658486,0.03442792589346287,0.0015282101850666897
1785123989.0709844,0.03443684228474329,0.0015282398189399979
1785123989.0781488,0.03445567156420485,0.0015283023855300732
1785123989.084138,0.03447371231247964,0.0015283574817564166
1785123989.0879388,0.03449027857038356,0.0015284085431560266
1785123989.0938952,0.034498073714267136,0.001528433499450981
1785123989.0980618,0.03451176994343414,0.0015284653169767182
1785123989.1003916,0.034526847903489845,0.0015284944718907893
1785123989.1075335,0.03455002663654323,0.001528551181670483
1785123989.1121054,0.0345618991866975,0.0015285757754749164
1785123989.1169865,0.03457471937641392,0.0015285871142535865
1785123989.123707,0.03459134080195137,0.001528592061213873
1785123989.126979,0.03460520009624258,0.0015285896673550995
1785123989.1307802,0.034608649889478704,0.001528583914031564
1785123989.1386683,0.03462709865108692,0.00152854106056366
1785123989.143613,0.03463116784010015,0.0015285305811114955
1785123989.1461277,0.03464042708812806,0.0015285085123778377
1785123989.1603796,0.03465937193154685,0.001528464058219462
1785123989.162102,0.034667136332429134,0.0015284480513574133
1785123989.1634848,0.034676112168805444,0.0015284352116078275
1785123989.1655948,0.03468577733826208,0.0015284249234336173
1785123989.175475,0.03469491116756808,0.001528414745623009
1785123989.1774209,0.03469457338964286,0.0015284153543617075
1785123989.1872723,0.03470542552059327,0.0015283972825512835
1785123989.1948824,0.03471391272441501,0.001528378788416734
1785123989.1970665,0.0347257491624406,0.0015283549031100173
1785123989.2008872,0.034734299576929195,0.001528327144605965
1785123989.2065275,0.03473259710127962,0.0015283327542263496
1785123989.2104986,0.03474136125672266,0.0015283072542013585
1785123989.2159169,0.03474794647133373,0.0015282872636539272
1785123989.2203138,0.034758298543557435,0.001528256149988482
1785123989.2259119,0.03476503333406819,0.001528233938069465
1785123989.2393644,0.034771261355782325,0.0015282070070581186
1785123989.2410011,0.03477644374308987,0.0015281895558375157
1785123989.241984,0.03478101919973359,0.0015281709191937156
1785123989.2459369,0.03478167219291546,0.0015281679368147946
1785123989.2511775,0.03478447529705994,0.0015281548335724377
1785123989.2566483,0.03479284672135954,0.0015281185647154035
1785123989.26059,0.03479272753973493,0.0015281191420849433
1785123989.2659047,0.03480424194389396,0.0015280619773847003
1785123989.2718265,0.034809762621665956,0.001528036297578865
1785123989.2765048,0.03480989622892229,0.0015280355306812648
1785123989.2813163,0.03481121521790919,0.0015280274023756564
1785123989.2875843,0.03482267757492793,0.0015279593630393095
1785123989.2918124,0.034818928139393066,0.0015279798309398252
1785123989.296068,0.03482853956921118,0.0015279137271806337
1785123989.300488,0.034832466087532085,0.001527885053632499
1785123989.306376,0.034844556761752396,0.0015277947341284365
1785123989.310164,0.03484415268307544,0.0015277981745105936
1785123989.315185,0.03485416666519029,0.0015277148852115314
1785123989.3209498,0.034857888184038566,0.0015276822822362405
1785123989.3259778,0.034860812533756474,0.0015276556756065507
1785123989.3381062,0.034862119337923804,0.0015276448583556254
1785123989.3516865,0.0348683815470496,0.0015275938426528959
1785123989.3568938,0.03487035016540556,0.0015275779168597995
1785123989.3638945,0.034876086744970704,0.0015275346254032263
1785123989.3678837,0.0348885643704568,0.0015274304126749196
1785123989.369059,0.03489212931546916,0.0015274016869121297
1785123989.3786824,0.03489292329008404,0.0015273952068588321
1785123989.3802097,0.03489799110695627,0.0015273567802614825
1785123989.3822656,0.03490544365893482,0.0015272998856742158
1785123989.3863132,0.03490719618421527,0.001527286088967899
1785123989.3926842,0.03490724419547671,0.0015272856950240428
1785123989.4009805,0.03490764424024546,0.0015272824255841496
1785123989.4068255,0.034913689139200885,0.001527225840196142
1785123989.4103699,0.034914927205170955,0.001527212899589178
1785123989.415403,0.034924091638121164,0.0015271132459162013
1785123989.424265,0.03492185253487264,0.001527137829099653
1785123989.4267867,0.034926958301569146,0.0015270815634736265
1785123989.4304924,0.03492862241238544,0.0015270615241816546
1785123989.437669,0.03493361440881454,0.001526998655942825
1785123989.441144,0.03494013935577441,0.001526918332030371
1785123989.4448853,0.03494209699860085,0.0015268935446671583
1785123989.450575,0.0349524950937525,0.0015267585252710016
1785123989.4564075,0.034954321952421236,0.0015267345796815286
1785123989.460567,0.03495507677457714,0.0015267240009793803
1785123989.465009,0.034954960580436206,0.0015267256142239096
1785123989.4729195,0.03495980668587144,0.001526655230165732
1785123989.4753969,0.03496943950153801,0.001526507521498001
1785123989.4800956,0.03496676771208839,0.001526550111870248
1785123989.485834,0.03497493407376787,0.0015264133637960054
1785123989.4911327,0.03497652958714193,0.0015263863161777246
1785123989.494981,0.0349848735870032,0.00152624117109981
1785123989.5023603,0.03498174161305744,0.0015262993002588647
1785123989.5062277,0.034985273153503985,0.0015262354173890106
1785123989.5122383,0.03498514120832691,0.0015262378786426753
1785123989.5153775,0.03497989748310608,0.0015263346516159655
1785123989.52084,0.03498678214889015,0.0015262075908121417
1785123989.5252857,0.03498749663793377,0.0015261942742031383
1785123989.531008,0.034986705418004825,0.0015262083993221398
1785123989.5362506,0.03498514371602617,0.0015262374810046905
1785123989.5403419,0.03497713865242996,0.0015263941691897557
1785123989.5451736,0.03497864138147367,0.001526365380037812
1785123989.5504317,0.03498468429714837,0.0015262456094496798
1785123989.5565221,0.034969518261505995,0.0015265479649778895
1785123989.560609,0.034968183012568765,0.0015265753095878736
1785123989.5654943,0.03497455274654928,0.0015264452516936396
1785123989.5733573,0.034966333710949635,0.0015266195999058636
1785123989.577712,0.03495485154013978,0.0015268732567762036
1785123989.5799644,0.03496214226939029,0.0015267039871178375
1785123989.5856202,0.03494837874699604,0.0015270400519766573
1785123989.5908234,0.03495453793331301,0.0015268789616833904
1785123989.5946388,0.0349402568565625,0.0015272629653964344
1785123989.6019742,0.034940600375768564,0.0015272535616958221
1785123989.6071365,0.03492401160782727,0.0015277252312751474
1785123989.6112788,0.03492511305608928,0.0015276928618348405
1785123989.6153538,0.03490842670609799,0.0015282038138838883
1785123989.6212406,0.03490898325799205,0.0015281867158491401
1785123989.626109,0.03490730265147578,0.0015282410197985426
1785123989.6302888,0.03490468720770504,0.0015283266993856028
1785123989.6357517,0.03490059102675712,0.0015284626465016673
1785123989.6411407,0.03489642152268684,0.0015286092937459024
1785123989.6452868,0.03489239289550596,0.0015287587248298965
1785123989.6502435,0.03488863448952841,0.0015289026645528654
1785123989.6567688,0.03489533446993561,0.0015286371698155395
1785123989.6599317,0.034878705750801944,0.00152930285909886
1785123989.664848,0.034868597337552404,0.001529721659406334
1785123989.6714559,0.03489255554727196,0.001528706346573229
1785123989.6756194,0.034869613973830614,0.0015297172544304414
1785123989.6807864,0.034856887182462645,0.0015302896882623948
1785123989.6854641,0.034880347971929,0.0015291911481557655
1785123989.6912348,0.03486790251123629,0.0015297889670146693
1785123989.694865,0.03485980879472004,0.0015301921402624725
1785123989.7017758,0.03486948987157396,0.0015296889905056182
1785123989.7073278,0.03487256128554532,0.0015295264789215073
1785123989.712248,0.0348513723614291,0.0015306844514853038
1785123989.716203,0.03484546329332528,0.0015310176300865155
1785123989.727503,0.03485227317362508,0.0015306178796369648
1785123989.7283702,0.03485375062155748,0.001530528916838157
1785123989.7301342,0.03485254243949477,0.0015306057660291062
1785123989.7354398,0.034846446684895456,0.0015310052855804178
1785123989.7410302,0.034841433112019406,0.0015313461290799735
1785123989.745876,0.03483687915358577,0.0015316648965155361
1785123989.7501166,0.03485709855344685,0.0015301957181740181
1785123989.7563581,0.034838632280718373,0.001531577570630794
1785123989.760799,0.0348272767309546,0.0015324575835435692
1785123989.7651446,0.034834011886817506,0.0015319237202188122
1785123989.771585,0.034835509690797885,0.0015318010712050934
1785123989.7761168,0.03483296138117493,0.0015320164307950882
1785123989.7799025,0.0348294546182734,0.0015323214793309349
1785123989.7850554,0.03482501766278138,0.001532714129344805
1785123989.7916915,0.03483227829621397,0.0015320592071372987
1785123989.7950065,0.03482139839827378,0.0015330622247060788
1785123989.8017588,0.03481356355186414,0.001533800462320418
1785123989.8068743,0.034814366894420974,0.0015337239231344936
1785123989.8110561,0.03481255421107155,0.0015339021900588402
1785123989.8158288,0.03480936915373491,0.0015342225283869022
1785123989.8239698,0.034805458944684564,0.0015346253475449
1785123989.826275,0.03479173043785029,0.0015360584977958307
1785123989.8306427,0.034792349196334435,0.001535992540895211
1785123989.838544,0.034790306700497715,0.0015362137263657556
1785123989.8416405,0.034786677543738494,0.0015366139307352125
1785123989.845351,0.034789915210744565,0.0015362511180239797
1785123989.8552518,0.03478938407956266,0.0015363115778059295
1785123989.8567138,0.03478362262506846,0.00153698479859145
1785123989.860399,0.03477221210428527,0.001538333538601946
1785123989.8652308,0.03477328555328628,0.0015382053869493265
1785123989.8707905,0.03477714615222118,0.0015377351231432759
1785123989.8755448,0.034776875153197516,0.001537768599959201
1785123989.8800778,0.03477455271935758,0.001538060009514204
1785123989.8850207,0.03477109420265455,0.0015384999300221472
1785123989.8909833,0.03476696520339531,0.0015390331953526173
1785123989.8955266,0.034768645517100655,0.001538813469943032
1785123989.902439,0.034767240019573,0.0015389989992638101
1785123989.906078,0.034764182657038005,0.0015394097318410962
1785123989.9102244,0.03475333415246794,0.0015408890640413208
1785123989.9155214,0.034754838842199424,0.0015406812950996395
1785123989.921122,0.034758994174903766,0.001540098288937442
1785123989.9287837,0.0347588196914898,0.0015401231199249805
1785123989.930956,0.03475643181562606,0.001540466506697671
1785123989.9353468,0.034753018017588407,0.0015409633403018683
1785123989.9404938,0.03475176940455,0.0015411476096133573
1785123989.944812,0.03474868821327439,0.0015416060437698203
1785123989.9497168,0.03474470594036678,0.001542205036041783
1785123989.9566615,0.03474752199825664,0.0015417748151140133
1785123989.9606156,0.0347466767166958,0.0015419054667500176
1785123989.9663079,0.03474396919088275,0.0015423292458876857
1785123989.9705913,0.0347476161512089,0.001541753005968345
1785123989.9761202,0.03474729092264522,0.0015418050760509624
1785123989.9798448,0.034744662586285405,0.0015422292716356688
1785123989.9854097,0.03473797408897808,0.0015433154006440153
1785123989.9909694,0.034732407972366375,0.001544230081426551
1785123989.9961083,0.03472700765802209,0.0015451268345500696
1785123990.0039442,0.03472793639891994,0.0015449713064143412
1785123990.0066211,0.03472604335313858,0.0015452927298998298
1785123990.0107286,0.03472280394746198,0.0015458499900324403
1785123990.0156422,0.03472503002368711,0.0015454640255206287
1785123990.0206497,0.03472397354244662,0.0015456489097764254
1785123990.0261204,0.03472124017273065,0.001546133270041169
1785123990.0300777,0.03472660812953166,0.001545178051105531
1785123990.0351381,0.03472718999806421,0.0015450732460276753
1785123990.0405748,0.034725302724250055,0.0015454174980247318
1785123990.045086,0.03472197771418582,0.0015460309713150374
1785123990.0500147,0.03472738376328066,0.0015450206002678838
1785123990.0580173,0.03472795750948315,0.001544912739373413
1785123990.0600636,0.03472603781810434,0.001545275758905405
1785123990.0651445,0.03472273151178071,0.001545906350529286
1785123990.0725799,0.03472811637016449,0.0015448694273358233
1785123990.075784,0.0347286710787279,0.0015447616977052343
1785123990.0804083,0.034726810676705015,0.0015451266329194132
1785123990.0856216,0.03472359869955208,0.0015457581794423962
1785123990.0916817,0.0347196752636254,0.0015465339161924582
1785123990.095168,0.03472244377594092,0.001545984639276712
1785123990.1015995,0.034721686804631134,0.0015461361184989615
1785123990.1069689,0.03471912002863639,0.0015466533170722444
1785123990.110039,0.034715593307272814,0.0015473660910321461
1785123990.1158135,0.03471146219685043,0.0015482030447139835
1785123990.1218958,0.03471429882168149,0.0015476264133734124
1785123990.125778,0.034713604022086335,0.0015477681495197988
1785123990.131574,0.03471117374831271,0.0015482674321845868
1785123990.1351857,0.03470788242738428,0.0015489499979416243
1785123990.1409452,0.034704073081156916,0.0015497458112324163
1785123990.1452856,0.034709911064411035,0.0015485198909509815
1785123990.150569,0.034710906895306856,0.0015483093612420026
1785123990.1563513,0.034709450818072723,0.0015486189429564999
1785123990.160318,0.03470678264399396,0.0015491893291986738
1785123990.1655781,0.034703290288028134,0.001549941607773169
1785123990.1717823,0.03470958944789192,0.001548574007428529
1785123990.1762671,0.03471090064997354,0.0015482873004975914
1785123990.180834,0.034709741973609425,0.0015485425711926101
1785123990.1854527,0.03470731715697606,0.0015490821080125531
1785123990.1913977,0.034704251066312045,0.0015497657470277813
1785123990.1952977,0.034707610455178756,0.0015490112114902184
1785123990.2021945,0.03470767705478295,0.0015489961591951514
1785123990.2064116,0.03470601189958028,0.0015493746694638516
1785123990.2104704,0.03470356571359229,0.0015499323280449388
1785123990.2157571,0.0347006414375798,0.001550605253754003
1785123990.2230837,0.0347040412645228,0.001549818332790746
1785123990.2281218,0.03470432413145306,0.0015497523908762868
1785123990.2304804,0.03470291629136048,0.001550084458767645
1785123990.2351453,0.03470059235417618,0.0015506380094973213
1785123990.2418761,0.03470415073924299,0.0015497878840358267
1785123990.2460382,0.03470457183719461,0.0015496866075273793
1785123990.2505507,0.03470339163557365,0.001549971928665073
1785123990.2573376,0.03470144416330909,0.0015504457998241567
1785123990.2605546,0.0347050774734263,0.0015495550460529913
1785123990.2653644,0.034705648543987416,0.0015494144380922507
1785123990.2709525,0.034704617630930634,0.0015496703955331212
1785123990.2761452,0.03470282716351578,0.0015501176149344683
1785123990.2803745,0.034708524466092884,0.0015486847463994343
1785123990.2851064,0.03471511733341469,0.0015470142929013325
1785123990.2911162,0.03471727334039771,0.001546465346920523
1785123990.2950811,0.03471724249374594,0.0015464732366331654
1785123990.3022404,0.03471605271616216,0.0015467799947355375
1785123990.3061676,0.03471411572284837,0.0015472826794021522
1785123990.3102615,0.0347118525974323,0.0015478734171894342
1785123990.3153687,0.03470935216747789,0.0015485324174042358
1785123990.3214982,0.034719223445172386,0.0015459099320156316
1785123990.325946,0.03472310699959013,0.0015448725918366785
1785123990.3303864,0.03472399910631391,0.0015446319576725364
1785123990.3357463,0.03472334232942261,0.00154481076146373
1785123990.3404686,0.034721832775297626,0.0015452250269172346
1785123990.3458502,0.03471981997881955,0.001545782320915486
1785123990.3507264,0.03471753645862286,0.001546421087325174
1785123990.357,0.034721987178700925,0.0015451646896348468
1785123990.3605456,0.034727164124735574,0.0015436898946909062
1785123990.3658843,0.03472900478707623,0.0015431614317492864
1785123990.3734035,0.0347289554383047,0.0015431757154526233
1785123990.3762233,0.03472791600886244,0.0015434785965368143
1785123990.3800743,0.03472606554936218,0.0015440211528681953
1785123990.3850718,0.03472394502837555,0.0015446479893495208
1785123990.391078,0.03472476542283712,0.0015444041324395616
1785123990.3950496,0.03472418371856885,0.0015445780038736917
1785123990.4017031,0.034725891671360115,0.0015440652462681862
1785123990.4064872,0.034725924502990044,0.0015440553275784701
1785123990.410518,0.034725076879726854,0.001544312990374186
1785123990.415642,0.03472379804012661,0.0015447043147814384
1785123990.4216976,0.03472218206766933,0.0015452018714510573
1785123990.4260614,0.03472286741327822,0.001544989520965695
1785123990.4306598,0.03472240605507821,0.0015451334439034682
1785123990.435626,0.03472133457773004,0.0015454695377123023
1785123990.4409459,0.034719986845556716,0.001545894316943402
1785123990.4457088,0.034720823328285196,0.0015456289354160886
1785123990.450456,0.0347205352420305,0.001545720920254403
1785123990.4567149,0.034719658798976136,0.001546002009610649
1785123990.4608307,0.03472161125615209,0.0015453700541965606
1785123990.4652314,0.03472196831566833,0.0015452539043604545
1785123990.472435,0.034721519935443666,0.0015454006441734192
1785123990.4758713,0.03472062831929466,0.0015456944265999277
1785123990.479944,0.034723675742909445,0.0015446843246815767
1785123990.48545,0.03472468593043482,0.0015443474798507233
1785123990.4918458,0.03472471584167483,0.0015443374103398253
1785123990.49557,0.034728220593376394,0.0015431517525153035
1785123990.5033724,0.03472953863985014,0.0015427026888950952
1785123990.5116932,0.03472979732980719,0.0015426138019520015
1785123990.5126023,0.034729493834632974,0.001542718810838533
1785123990.5156,0.034734963059078285,0.0015408192193244092
1785123990.5203931,0.03473758253573952,0.0015399087675342874
1785123990.52691,0.03473870782595114,0.001539515485041638
1785123990.5299702,0.03473959319547703,0.001539203526484143
1785123990.5354865,0.034740089961366405,0.001539027378601786
1785123990.5419798,0.034740223568322286,0.001538979671852837
1785123990.5450706,0.03474672750638516,0.0015366449699730942
1785123990.5500333,0.034749773136127204,0.00153554651433018
1785123990.5590327,0.03475126649667016,0.0015350052016113486
1785123990.560333,0.03475830722872939,0.001532446585809497
1785123990.565251,0.034761893589438805,0.0015311342580683553
1785123990.5708747,0.03476367340110145,0.0015304800170763745
1785123990.576491,0.034770669832522735,0.001527900996848338
1785123990.580602,0.03477458993588775,0.0015264509642729234
1785123990.5856457,0.03478525862333136,0.0015224866329142583
1785123990.5909967,0.03479104476444143,0.0015203248434675853
1785123990.5954933,0.034794162463832524,0.0015191541071518746
1785123990.603707,0.03480217280109152,0.0015161395790928623
1785123990.6059968,0.0348066950918692,0.001514433382803516
1785123990.6113722,0.03481760275136149,0.0015103038863329668
1785123990.6157172,0.03482344958266577,0.0015080828033935188
1785123990.6218684,0.03483568096803457,0.001503411264928418
1785123990.6256015,0.03484237982471925,0.0015008352204696552
1785123990.6304305,0.034846228079802026,0.0014993463761450185
1785123990.6366615,0.0348616166402759,0.0014933744368338022
1785123990.641465,0.03486987392530345,0.0014901452470252158
1785123990.6451995,0.03487453952547072,0.0014883061944365272
1785123990.6504254,0.034877412785784434,0.0014871716641617334
1785123990.6561437,0.034885626748062046,0.0014839094807438849
1785123990.6611357,0.034898030911633175,0.0014789541546881323
1785123990.6655924,0.03490512557415819,0.0014761006618217616
1785123990.6705835,0.03491754974424827,0.0014710701476492178
1785123990.6760566,0.034924104058313234,0.0014684038808971576
1785123990.6809318,0.03493615397034356,0.0014634765661084577
1785123990.6852489,0.03494265661467891,0.0014608080758004914
1785123990.6915426,0.03495202199729065,0.0014569480284733788
1785123990.6953347,0.03495719152511007,0.0014548047618553796
1785123990.7014785,0.03496892641498988,0.0014499238916365247
1785123990.7078652,0.034980435705992144,0.0014451015314103156
1785123990.7105126,0.034986465878825146,0.00144255736413777
1785123990.7155333,0.034990061595566904,0.0014410288982096191
1785123990.7233486,0.034998290014835086,0.0014375025338596817
1785123990.7260675,0.03501105208623189,0.0014319986141149458
1785123990.7303843,0.035017647297274225,0.0014291384223547724
1785123990.735835,0.035029645911875046,0.0014239011007918096
1785123990.7415388,0.035036033222430804,0.0014211017915945132
1785123990.7455351,0.03504501260645248,0.0014171410193838689
1785123990.7504313,0.035049655590720166,0.001415079903018371
1785123990.756458,0.03506480299791338,0.0014083104571180388
1785123990.7607386,0.035072962024297424,0.0014046438488593204
1785123990.7651064,0.035077221565342036,0.0014027205054842906
1785123990.770982,0.03508833784380733,0.0013976869987524978
1785123990.7764783,0.03510135929059808,0.0013917485074782345
1785123990.7802448,0.035108004507550646,0.0013886921268326455
1785123990.785282,0.035117599157204395,0.0013842504821868198
1785123990.79124,0.03512246712623729,0.0013819846736529476
1785123990.7949474,0.03512960534363472,0.0013786365890451245
1785123990.801502,0.03513983057910294,0.0013738136410765185
1785123990.807502,0.035145054051891764,0.0013713297129265716
1785123990.8106744,0.03515388529258107,0.0013671045289928238
1785123990.8153095,0.0351628592310578,0.0013627808461957568
1785123990.8207018,0.035167480953682356,0.001360544836649248
1785123990.8286393,0.03517616676977094,0.0013563171040856046
1785123990.8316348,0.03526011202980891,0.0013151963015835648
1785123990.8356643,0.03538694461074649,0.0012527441632655062
1785123990.841529,0.0355287590163257,0.0011825941532374372
1785123990.8461826,0.03567728986415212,0.001108646751840112
1785123990.8501518,0.0358402160998991,0.0010270515815057138
1785123990.8558984,0.03600387042560147,0.0009445144697213033
1785123990.8607428,0.03615864306577605,0.000865971515104915
1785123990.86567,0.03631901204629282,0.0007840386541582701
1785123990.8706796,0.03648982531649651,0.0006964814610767242
1785123990.8758388,0.036648809046655184,0.0006145574310179335
1785123990.8800883,0.03681361226849558,0.0005291125307208657
1785123990.8851223,0.03698029662728023,0.0004422752789490533
1785123990.8929932,0.03714036177535267,0.0003584750439177751
1785123990.894812,0.03730330063108564,0.00027286664933371465
1785123990.9013057,0.03746629313816028,0.00018677390527649254
1785123990.906708,0.037631483050442935,9.903062878490783e-05
1785123990.9111094,0.03779561076761699,1.1150242104670662e-05
1785123990.9152794,0.037955548326618044,-7.467803861352989e-05
1785123990.9203775,0.0381130118249614,-0.00015956181572664044
1785123990.9260585,0.03827506997811382,-0.0002473954570482806
1785123990.9304554,0.03843884361435177,-0.0003366904192180109
1785123990.935298,0.03860256505932599,-0.0004264541611963198
1785123990.9409952,0.03876368171900884,-0.0005154421804581266
1785123990.9447398,0.03892477286144693,-0.000604850649534929
1785123990.9498482,0.039085390715685314,-0.0006944815246000088
1785123990.9577017,0.03925301532606671,-0.0007885934342748336
1785123990.9608643,0.039421852455234226,-0.000884031146491437
1785123990.9651754,0.03958584053159423,-0.0009770977908798147
1785123990.9709296,0.03974575560233235,-0.0010682833034659726
1785123990.9776042,0.0399040976933079,-0.0011590365472135054
1785123990.9804566,0.03998748989472762,-0.0012071310527757546
1785123990.9852319,0.04003055548587998,-0.001232070286814161
1785123990.991986,0.04006049932668785,-0.0012495239015122325
1785123990.9948633,0.04008218467262401,-0.0012622220291251987
1785123991.000641,0.04009275406568646,-0.0012684408472271376
1785123991.005187,0.040104724066152446,-0.0012755219031739165
1785123991.01112,0.04011384031644502,-0.0012809249859282307
1785123991.0152678,0.04012027659361765,-0.0012847499847721754
1785123991.0202498,0.04012904345674984,-0.0012899848508510549
1785123991.0255382,0.04013635300909079,-0.001294368217991233
1785123991.0297961,0.04014267142524773,-0.001298178382494978
1785123991.0351658,0.04015073585619868,-0.0013030620982375652
1785123991.040931,0.04016132493876366,-0.0013095127663358323
1785123991.0457702,0.04017281643350157,-0.0013165329353998288
1785123991.0519345,0.0401775185611338,-0.001319419809582807
1785123991.0557988,0.040186845565638264,-0.0013251719430220474
1785123991.061826,0.0401933121641486,-0.0013291850484830905
1785123991.066082,0.04020347714603394,-0.001335510552822843
1785123991.0711892,0.0402123018542512,-0.0013410191339943314
1785123991.0773766,0.04022300997301081,-0.0013477270824851781
1785123991.0811715,0.040232847388250836,-0.0013539219173932695
1785123991.0852892,0.04024025799481117,-0.001358609210815484
1785123991.0913918,0.0402523280551363,-0.0013662653696873198
1785123991.0970547,0.04026018292802141,-0.001371278852319771
1785123991.1075985,0.040272311976100636,-0.0013790432118924514
1785123991.1111922,0.040280430263684386,-0.0013842588732245497
1785123991.11563,0.04029248326041938,-0.0013920199158210366
1785123991.1224055,0.040303330039884164,-0.001399023350655956
1785123991.1277847,0.04031710504597811,-0.0014079347802899121
1785123991.1310916,0.040325750335168144,-0.0014135435597279159
1785123991.1355326,0.04033871327876775,-0.0014219948898804254
1785123991.1469522,0.04034751911043392,-0.0014277519801555699
1785123991.1496143,0.04036098918868656,-0.001436602619096249
1785123991.1524062,0.04037002427056351,-0.0014425654771759754
1785123991.1557033,0.0403836442576679,-0.001451577095440924
1785123991.1613095,0.04039914693753166,-0.00146188516460258
1785123991.1654215,0.0404114650525861,-0.0014701068366217915
1785123991.170984,0.04042668032847933,-0.0014803043400117423
1785123991.177897,0.04043926957157668,-0.0014887805200504932
1785123991.1813416,0.0404545726218249,-0.001499134589074383
1785123991.1850853,0.040467345070829094,-0.0015078063842824776
1785123991.191378,0.04048275277458579,-0.001518311851316685
1785123991.1948624,0.040495961070576666,-0.0015273712742820845
1785123991.2000346,0.04051273418213043,-0.0015389248199341834
1785123991.2102504,0.04052386119562162,-0.001546616041651677
1785123991.2134197,0.040535589766455105,-0.0015547484369120579
1785123991.21592,0.04055224401723461,-0.0015663543726439438
1785123991.222077,0.040570117891227137,-0.0015788851751097064
1785123991.2279422,0.040581480149029535,-0.001586904873260337
1785123991.2306423,0.04058992494405985,-0.0015929023487103097
1785123991.2352552,0.040605335018675956,-0.0016039015675642773
1785123991.2415109,0.0406222211059643,-0.0016159834767506126
1785123991.2450984,0.04063252850024196,-0.0016233985079108872
1785123991.249904,0.04064735635970938,-0.0016341120854700953
1785123991.2560828,0.040663775298424326,-0.0016460187996780928
1785123991.2606583,0.04067684792824192,-0.0016555331731653137
1785123991.2649984,0.04069274512669437,-0.0016671526317954507
1785123991.2712193,0.04070556603745057,-0.001676574657795669
1785123991.2764223,0.04072178272262095,-0.0016885612501714121
1785123991.2804017,0.040737839728805986,-0.0017004826662403618
1785123991.2854457,0.040749453964304426,-0.0017091445682450206
1785123991.2916193,0.040764351299738245,-0.0017203145702024852
1785123991.295218,0.04077974126625103,-0.0017319141684026822
1785123991.3000321,0.040791874144136,-0.0017410982070905979
1785123991.3097436,0.040806881072862754,-0.0017524930624152478
1785123991.312377,0.04082248661361155,-0.0017644040483208833
1785123991.3153424,0.04083141243541239,-0.0017712521704227188
1785123991.3210242,0.0408445405614415,-0.0017813712017314101
1785123991.3260896,0.04085921453090374,-0.0017927234642980525
1785123991.3321083,0.04087269935080508,-0.0018032022359511764
1785123991.3359816,0.04088036633306282,-0.001809186610554956
1785123991.3412235,0.04089182102065149,-0.0018181529566387697
1785123991.345815,0.04090546686505996,-0.0018288809817352107
1785123991.3503845,0.04091887043768516,-0.0018394863030363816
1785123991.3552866,0.04093260491962557,-0.0018503929853363084
1785123991.3607578,0.04094241663160272,-0.001858224820747302
1785123991.3648806,0.04095451202618259,-0.0018679097608667794
1785123991.370841,0.04096727918810101,-0.0018781915789389506
1785123991.378117,0.040979843454628795,-0.0018883348909532899
1785123991.3811207,0.04099268279646122,-0.0018987551244824892
1785123991.385285,0.0410051820685776,-0.0019089355933090053
1785123991.390804,0.041013844253302886,-0.001916012192104384
1785123991.3955657,0.04102499720439109,-0.0019251737612665722
1785123991.4010046,0.04103714132146094,-0.0019351642948308239
1785123991.4116144,0.04104909370422488,-0.0019450324085413134
1785123991.4154284,0.04106115827142136,-0.0019550504500979696
1785123991.4211335,0.04107233754284226,-0.00196439283740427
1785123991.4274025,0.04108350898948808,-0.0019737637678676877
1785123991.4305868,0.041095881995835595,-0.00198419086589563
1785123991.4353845,0.04114202206778306,-0.002023209694306633
1785123991.4421139,0.041154776892727424,-0.0020340206841527905
1785123991.4456902,0.04116128620997471,-0.002039573017004599
1785123991.4505448,0.041167189436496054,-0.0020446271578336323
1785123991.4586048,0.041174176499751435,-0.002050634828558497
1785123991.4628258,0.04118222121369423,-0.0020575719374049117
1785123991.4664552,0.04119131177361507,-0.002065423899103604
1785123991.4738772,0.04123339066580903,-0.002101889272901372
1785123991.4784808,0.04124728452844017,-0.0021140032454640928
1785123991.481546,0.04125466241400085,-0.002120461041846188
1785123991.4850512,0.041261463520532296,-0.002126442682532849
1785123991.4915957,0.04126926257527741,-0.002133324477918384
1785123991.4955153,0.04129300101910514,-0.002154348217542302
1785123991.5007918,0.041301134697602465,-0.002161565184545182
1785123991.5064678,0.04130572205885204,-0.002165651133191915
1785123991.515408,0.04134595101958245,-0.002201592131449879
1785123991.517899,0.04135729265684175,-0.002211753794810817
1785123991.5213704,0.04136127531775429,-0.002215333796341284
1785123991.5261226,0.04139947432194303,-0.002249821684206953
1785123991.5300577,0.04141198430532751,-0.0022611518638588368
1785123991.5350661,0.0414183841455838,-0.0022669576381876416
1785123991.5407915,0.041440529670147996,-0.002287121164435924
1785123991.5455163,0.04144716366023668,-0.0022931897612382133
1785123991.5514596,0.0414679932306545,-0.0023123073928129167
1785123991.5557253,0.0414723194075449,-0.002316283284671524
1785123991.5625198,0.0414911654309614,-0.00233365022568716
1785123991.5662398,0.041494263858714665,-0.002336513690316126
1785123991.571764,0.041511703219250816,-0.0023527008866377915
1785123991.5782642,0.04151451933630218,-0.002355324639093046
1785123991.5815148,0.041581437423981515,-0.0024178403027980493
1785123991.5856972,0.041592592376423675,-0.0024283157813921926
1785123991.5913384,0.04159102814565418,-0.0024268421373257023
1785123991.5957947,0.041590633494962705,-0.002426469274146273
1785123991.6005034,0.04164302701237608,-0.0024760409946914773
1785123991.6056092,0.04167614073762613,-0.0025074494748162646
1785123991.6180239,0.04167452874554141,-0.002505918328278449
1785123991.623245,0.04166877181740039,-0.0025004416713572237
1785123991.630037,0.041702956854400314,-0.002533060068563645
1785123991.6323946,0.0417319070594673,-0.0025607414766176634
1785123991.6349742,0.04177935923678146,-0.0026062533324846897
1785123991.640927,0.04178837058636878,-0.002614923601872875
1785123991.6462991,0.041849410279014926,-0.002673806618739891
1785123991.6509552,0.041856565908322894,-0.0026807229177539015
1785123991.6573997,0.04185359246117358,-0.0026778414532203257
1785123991.6623034,0.04191636461311331,-0.002738877780426243
1785123991.6689415,0.041949808092347454,-0.002771447323058984
1785123991.6721609,0.04193951792005984,-0.002761392190867409
1785123991.6778543,0.0419703964592313,-0.0027916129610396573
1785123991.680537,0.041997445421345266,-0.0028181564936932647
1785123991.6851237,0.0420208356860025,-0.002841148540461075
1785123991.6913383,0.042063603799799294,-0.0028832919157709496
1785123991.6956658,0.04208818056962324,-0.0029075867343905564
1785123991.700343,0.04213126775366758,-0.0029502280733269782
1785123991.7094297,0.04218079814842446,-0.0029992773714022105
1785123991.7135634,0.042204170941989985,-0.003022495128002763
1785123991.7277524,0.042244666332490154,-0.003062746877735612
1785123991.731164,0.04229216178698347,-0.00311005968123307
1785123991.7329261,0.042316761679417544,-0.003134625922351235
1785123991.736435,0.042358812583370424,-0.003176676485861091
1785123991.740411,0.04237671562543862,-0.0031946084299400083
1785123991.7470393,0.04239442730077419,-0.003212418095296263
1785123991.764732,0.04241195619899963,-0.003230093729688714
1785123991.7660959,0.04242419199437495,-0.003242461694901191
1785123991.7718894,0.042496716626008964,-0.003315887828293114
1785123991.7740781,0.04249117787264983,-0.0033102717849649416
1785123991.7771003,0.042552880047595755,-0.0033729651644058027
1785123991.7780828,0.042547278471127735,-0.0033672707414099056
1785123991.7915103,0.04261492669209878,-0.0034360797775126123
1785123991.7970603,0.042639042278300884,-0.0034606518419561944
1785123991.7996674,0.04268016580393258,-0.0035025759840790227
1785123991.8049045,0.042700447420900164,-0.0035232918814045635
1785123991.8161073,0.042739373929569356,-0.0035630562155085223
1785123991.821899,0.04280498169750588,-0.00363018770205417
1785123991.8425708,0.04286030431737354,-0.003686751228959104
1785123991.8461132,0.042912693588296094,-0.003740392694245785
1785123991.8496487,0.04295125799794574,-0.003779922068763754
1785123991.854773,0.04296866673289203,-0.0037977640289092373
1785123991.86316,0.04298420842125937,-0.0038137001304335656
1785123991.872649,0.04305002962665253,-0.003881194343545008
1785123991.8785586,0.04304602574527651,-0.003877086192564645
1785123991.8802574,0.04311158706020116,-0.003944336900427187
1785123991.8913445,0.043191808472883425,-0.004026518228005261
1785123991.9015005,0.04319021499709211,-0.0040248858406982686
1785123991.906255,0.04320918709470119,-0.00404433634926848
1785123991.910702,0.043279350531864075,-0.004116353625521818
1785123991.9149957,0.043310580330294994,-0.004148426940952925
1785123991.9181328,0.043334211574239716,-0.004172685865275352
1785123991.9215324,0.04341603677646024,-0.004256730681364964
1785123991.9271472,0.04340744888925406,-0.0042479059829692925
1785123991.9320643,0.04345045922449424,-0.004292055802594031
1785123991.9390092,0.043474751097974565,-0.004316989124252648
1785123991.9461727,0.043512323258823545,-0.004355526899213214
1785123991.9492915,0.04358056277506955,-0.00442540760233653
1785123991.9529674,0.04357045963285433,-0.004415054511019948
1785123991.9590805,0.04363298035709725,-0.004479186439300845
1785123991.963605,0.04367589610321123,-0.0045232939253275475
1785123991.970762,0.04370263484085958,-0.004550788758789986
1785123991.9806695,0.04372073792219545,-0.004569382949924345
1785123992.0069535,0.04388077357804949,-0.004733927499635917
1785123992.0081146,0.043902252328156,-0.004756048109745298
1785123992.0093832,0.04396442714821664,-0.004819981755306688
1785123992.011424,0.04395750324495778,-0.0048128545869772395
1785123992.0125225,0.043975741056781745,-0.004831597908958764
1785123992.0133457,0.04398657437414184,-0.004842712956541622
1785123992.0142055,0.043967509758937595,-0.004823159095328377
1785123992.0156212,0.04400431485117825,-0.004860954911398657
1785123992.0165746,0.043996529560945866,-0.004852963023659124
1785123992.0174422,0.04401516617281536,-0.004872104562103506
1785123992.0181527,0.044005633296953346,-0.004862316777668758
1785123992.0188172,0.04402881035618933,-0.00488608481009432
1785123992.0238879,0.04402338268786539,-0.004880510060360657
1785123992.0267136,0.044038349547206805,-0.0048959119316273865
1785123992.030517,0.044035768163172576,-0.004893248280939287
1785123992.0354686,0.04401231504869291,-0.004869019746243236
1785123992.040543,0.043985969474840785,-0.004841757328683838
1785123992.0456548,0.043959241248479566,-0.004814076159243268
1785123992.0506423,0.0439384676425971,-0.0047925414033777
1785123992.0551827,0.04391867877540851,-0.004772046990413323
1785123992.0609071,0.0438996642902744,-0.004752326408065678
1785123992.066012,0.043879332276781556,-0.004731215602702375
1785123992.0703444,0.04386257183600267,-0.004713763912398735
1785123992.0758333,0.043840854083080104,-0.004691078377737215
1785123992.0812194,0.043800851076482086,-0.004649184374601742
1785123992.084871,0.04375852939569394,-0.004604749766536156
1785123992.0905595,0.043716804376243985,-0.004560759450021741
1785123992.0960073,0.04367671735671683,-0.004518423934229635
1785123992.1005979,0.043638994252148955,-0.004478512092580925
1785123992.1054494,0.04360456943520278,-0.0044419851829065726
1785123992.1116009,0.04356764667264201,-0.004402735656296375
1785123992.1158125,0.04352858225673515,-0.00436115554690729
1785123992.1225424,0.04349185258726724,-0.004321887518923091
1785123992.1257305,0.04345352495849349,-0.004280747722144123
1785123992.1311834,0.04339897647465519,-0.004222159881394546
1785123992.134817,0.04333802214665664,-0.004156593227088357
1785123992.140564,0.043275259658678955,-0.0040889994593187725
1785123992.1460009,0.04321754286750825,-0.004026767856357648
1785123992.1504142,0.043162128004024164,-0.003966907021782319
1785123992.156722,0.043100594191091746,-0.003900389409162634
1785123992.1628265,0.04304236254159223,-0.0038373814009718434
1785123992.1652265,0.04297595586995066,-0.003765446377312785
1785123992.1705976,0.04288900530255056,-0.003671228941962808
1785123992.1753888,0.04281025155210082,-0.0035857535440680962
1785123992.180981,0.04273359424562009,-0.0035024097947462538
1785123992.1855903,0.042630062678257356,-0.0033898102867752785
1785123992.1915452,0.04251441420297315,-0.003263870536899291
1785123992.1965938,0.04239052636627939,-0.0031290004682785586
1785123992.200112,0.04226204198160785,-0.002988968635048324
1785123992.2065744,0.04213505612879009,-0.002850628510926277
1785123992.211154,0.04200618882359699,-0.002710103842587142
1785123992.2167912,0.04187217797588335,-0.0025638281080424593
1785123992.231213,0.04174013576949963,-0.0024195640719803825
1785123992.2321267,0.04161155709906807,-0.002279039639911828
1785123992.236845,0.04149358021054756,-0.002150059062496996
1785123992.2411237,0.041368791492638606,-0.0020135746262264173
1785123992.2472534,0.04123876249599095,-0.001871365656699867
1785123992.2508094,0.041112615876624146,-0.001733426405529559
1785123992.2566056,0.04098319080171434,-0.0015920193233303315
1785123992.2612915,0.04085004202147884,-0.0014464124164405253
1785123992.2655754,0.04071799767612524,-0.0013022686234406705
1785123992.2708247,0.040585458709163455,-0.0011572484016374818
1785123992.2754996,0.04045900950933241,-0.0010186298023346005
1785123992.2825313,0.04033151923594362,-0.0008789959550779882
1785123992.28543,0.04020756450789419,-0.0007434292449734858
1785123992.2912521,0.04007972198556305,-0.0006037302854282323
1785123992.2967553,0.0399561338313606,-0.0004687145826750735
1785123992.3008907,0.0398321126752271,-0.00033342468430348424
1785123992.3058314,0.0397062686150346,-0.000196136866455757
1785123992.310883,0.039581115169440184,-5.944486180549453e-05
1785123992.315929,0.039451843288765706,8.162551071324309e-05
1785123992.3220952,0.03932076446865993,0.0002242624407070958
1785123992.3326294,0.03919270034298152,0.0003634033874893517
1785123992.3355906,0.03906771026396762,0.0004987576125248254
1785123992.3404388,0.038941580805667425,0.0006350035646560726
1785123992.3458817,0.0388069363372216,0.0007799774347187705
1785123992.3502493,0.03866133605039373,0.0009364904436927326
1785123992.354995,0.038519254892936276,0.0010890679937391357
1785123992.3608,0.03837113360881155,0.0012479008155970657
1785123992.3663404,0.03822953227482231,0.0013993381581293121
1785123992.3708396,0.03808346861925911,0.0015552621936874124
1785123992.3757408,0.03794014884655122,0.0017078978383785433
1785123992.3811579,0.03779299399428968,0.0018644011210577171
1785123992.385472,0.0376393376630399,0.0020273881515953337
1785123992.390779,0.037489775660088556,0.0021860137776315383
1785123992.3965843,0.03734469503883369,0.002339451141847325
1785123992.4010074,0.03719440521612833,0.002498258673785262
1785123992.4061937,0.03706107424544305,0.0026389453130104576
1785123992.4114923,0.03692679131532224,0.0027805132937026556
1785123992.4153998,0.03678230226729459,0.0029325103197883375
1785123992.4202209,0.03668467615207214,0.0030352591761805617
1785123992.4288037,0.03660680456971773,0.003117226644066912
1785123992.4340339,0.03654088308839984,0.0031865536965147907
1785123992.4367483,0.03641247981831756,0.0033213416282414157
1785123992.441168,0.036321473289022736,0.0034167721348769718
1785123992.446744,0.036272774536027265,0.0034678604905932393
1785123992.4508429,0.036183355027805245,0.0035616570911809965
1785123992.4571927,0.036115069146367425,0.003633198315002704
1785123992.4615154,0.036021629240340906,0.003731107667665366
1785123992.4658148,0.03598584753790538,0.00376852266581304
1785123992.4727886,0.035908498416070356,0.003849256711426866
1785123992.475487,0.03588453597959668,0.003874272804155576
1785123992.481538,0.03584988727390617,0.0039104761333342095
1785123992.485607,0.035785835783957685,0.003977450352694169
1785123992.4909172,0.035775903604275086,0.0039878291994578235
1785123992.4995196,0.035752220545776835,0.004012555186483871
1785123992.5064957,0.03572316896738944,0.004042846936115042
1785123992.5081434,0.03572177400872261,0.0040443014640278935
1785123992.5160868,0.035745879533026395,0.004019185046127725
1785123992.5190194,0.03574111443726775,0.0040241355599350374
1785123992.5225866,0.03573643770642533,0.004028988673389759
1785123992.5289433,0.03574467071799373,0.0040204642023297914
1785123992.5350356,0.035773299793299594,0.003990882206556512
1785123992.5374541,0.03580814698416671,0.003954905322818319
1785123992.5407202,0.03586293341267791,0.003898547433886369
1785123992.5484874,0.03590579637821119,0.003854591732229233
1785123992.5510826,0.03595694258173145,0.0038022592442543716
1785123992.5567448,0.03600906239929064,0.0037491012332244783
1785123992.5628505,0.036069974434423516,0.0036872134373239413
1785123992.5661008,0.03612071806597046,0.0036357674621318803
1785123992.5711675,0.036167085866577575,0.003588984506631813
1785123992.5772774,0.03621649604844595,0.0035393400871084175
1785123992.581921,0.03626414509706034,0.0034916677522734405
1785123992.5872052,0.03632404853620968,0.003431863870066161
1785123992.5920982,0.03639057977465813,0.0033656740094296675
1785123992.6036932,0.036451345208546135,0.003305428320835131
1785123992.6076207,0.03651338635832234,0.0032442071413953458
1785123992.6087465,0.03658313927861397,0.003175749558301457
1785123992.6125894,0.03664570930283874,0.0031146400167119826
1785123992.6186092,0.03671341643785627,0.0030487389213323408
1785123992.6292737,0.03677834874531681,0.0029858566082249507
1785123992.6731844,0.03684688211464353,0.0029197283176844347
1785123992.6747234,0.03691046917198426,0.00285864803951988
1785123992.6758628,0.03698878520284369,0.00278369134335126
1785123992.6910162,0.03713608077795908,0.002643505138209844
1785123992.692015,0.037208342187182844,0.002575027378571339
1785123992.6929023,0.037287850536318015,0.0025000031522274097
1785123992.6965737,0.03736381083639,0.002428624751463745
1785123992.6975586,0.03745180844434889,0.00234609626759591
1785123992.7016087,0.03752897480387845,0.002273888014650896
1785123992.7029717,0.03761433759196138,0.002194058101608882
1785123992.7067914,0.037690029562735844,0.002123424444334631
1785123992.7076206,0.03777215450647304,0.0020469732037450357
1785123992.710342,0.037849528204128145,0.001975224856111851
1785123992.7112367,0.03793583294342816,0.0018953189059351104
1785123992.7120435,0.03802948870387506,0.0018086951416680578
1785123992.7128217,0.03810800542080863,0.001736161658936182
1785123992.716615,0.03818598194938247,0.001664242629130625
1785123992.7177634,0.03827432860081849,0.0015828880436845115
1785123992.7220552,0.03835493060600663,0.00150863657894348
1785123992.7289448,0.03842866538345226,0.001440683993727918
1785123992.7360191,0.03851094248377561,0.001364934984244103
1785123992.7410321,0.038600992733462666,0.0012819868681031273
1785123992.746173,0.03868215615892399,0.0012070355777380841
1785123992.7514331,0.038754972332646284,0.0011396748338365226
1785123992.7556875,0.038842715278128624,0.0010582992705465936
1785123992.7605355,0.03892138364901803,0.0009851709763023095
1785123992.7660823,0.03900228543485094,0.0009098530172128649
1785123992.7714229,0.03907827775398873,0.0008389669088951502
1785123992.7757442,0.039152654505443536,0.0007695282024555992
1785123992.781047,0.03923381211027946,0.0006936079285293363
1785123992.7854176,0.03930853230309861,0.0006236367643213281
1785123992.7906182,0.039382355556104816,0.0005543512824418073
1785123992.795762,0.039457236827706375,0.00048393859740824977
1785123992.8003056,0.03952813058146742,0.0004171359827313877
1785123992.8058035,0.039595829700862346,0.00035322003134922076
1785123992.8108594,0.03966487020597036,0.00028795890967457205
1785123992.8175888,0.03973697360369264,0.00021966691382570684
1785123992.8220966,0.03980196787884966,0.0001579720126552063
1785123992.827504,0.03986822492214039,9.484090152438793e-05
1785123992.8318675,0.03993138366247035,3.4464863303893515e-05
1785123992.840885,0.03999295385383817,-2.4458100752090802e-05
1785123992.8452277,0.04005390756669367,-8.28227283890654e-05
1785123992.851203,0.040113524400196617,-0.0001399633016101325
1785123992.856299,0.040172424781721484,-0.0001964952399288861
1785123992.8606193,0.040229033128309465,-0.0002508814849154437
1785123992.8653898,0.04028435651590206,-0.0003040730971220435
1785123992.8709676,0.04033818351335331,-0.00035588195689354043
1785123992.8755066,0.04038991535148416,-0.00040575582063811084
1785123992.8810923,0.04043925978386275,-0.0004533718622382574
1785123992.885307,0.04048758348790837,-0.000499989779375168
1785123992.8906813,0.040531864769230715,-0.0005427396956226567
1785123992.895397,0.040574513272358684,-0.0005839300484356757
1785123992.9010398,0.040618032916401904,-0.000626020774096517
1785123992.9061902,0.04065865747091391,-0.0006652630292195399
1785123992.9104292,0.040698657639180985,-0.0007039026265108358
1785123992.9159162,0.04073387789393489,-0.0007379370412280788
1785123992.9227865,0.04076956188810098,-0.0007723413424902855
1785123992.9275804,0.040800001671914395,-0.0008016196484577185
1785123992.9319367,0.040829628983788446,-0.0008300706635971132
1785123992.9372194,0.0408578189605803,-0.000857102439005574
1785123992.9452605,0.040883635775774065,-0.0008818191179188215
1785123992.9518328,0.04090900327920879,-0.0009060650540621548
1785123992.9559517,0.04093095118839458,-0.0009270531824798007
1785123992.960744,0.040950119694943,-0.0009453864773064356
1785123992.966086,0.040966711753755485,-0.0009612392762509913
1785123992.9707613,0.040981307166085994,-0.0009751796342947218
1785123992.9806495,0.04099345698498046,-0.0009867647385092405
1785123992.9879122,0.04100254548964476,-0.000995407994843698
1785123992.9934094,0.041009651741599824,-0.0010021521422878008
1785123992.9976678,0.0410143461891835,-0.0010065968358265876
1785123993.001683,0.041016861735428595,-0.0010089710396861456
1785123993.0060112,0.04101706136297082,-0.001009159182934364
1785123993.010921,0.041015118545784185,-0.001007329634829683
1785123993.0155952,0.04101124654722962,-0.001003684719592762
1785123993.0209968,0.04100549381197383,-0.0009982621672225472
1785123993.0264575,0.040998098216195974,-0.0009912975604692243
1785123993.032562,0.040990116784168064,-0.0009837980030776414
1785123993.0409899,0.040980955469282515,-0.00097520677679869
1785123993.047666,0.040974886884453394,-0.0009695236644507042
1785123993.0522225,0.040964693732200345,-0.0009599812881668399
1785123993.0608325,0.04095322559754508,-0.0009492574766425698
1785123993.4750729,0.04094806804219663,-0.0009444347539511776
1785123993.4800797,0.040936027711912175,-0.0009331671554106015
1785123993.4845989,0.040920753358465914,-0.000918867369636675
1785123993.4882624,0.04091331553646712,-0.0009119128026374309
1785123993.4925058,0.040898501350505496,-0.0008980682707883632
1785123993.4946842,0.040884379555763364,-0.000884892112825926
1785123993.5016882,0.04087000619725681,-0.0008714903880387121
1785123993.5041106,0.040854689099549354,-0.0008572074907388499
1785123993.505819,0.04083904522926878,-0.0008426286015213387
1785123993.5071347,0.04082317875327259,-0.0008278466946029541
1785123993.5080025,0.040806584745081066,-0.0008123665335700828
1785123993.5087914,0.040808254667188695,-0.0008139288096709455
1785123993.5099604,0.04080262709835844,-0.0008086665108931862
1785123993.5106995,0.04079895226399047,-0.0008052349300362131
1785123993.5175495,0.04077763431482125,-0.0007853017456855122
1785123993.5234451,0.040781760122892745,-0.0007891616269624072
1785123993.5255485,0.040765464836879685,-0.000773923707700517
1785123993.5326777,0.04075556503611212,-0.0007646706228888528
1785123993.5466623,0.040755742419333774,-0.0007648361418786216
1785123993.5474882,0.04075376216662031,-0.0007629862544376749
1785123993.547994,0.040750001108208804,-0.0007594718327158041
1785123993.551402,0.04075314099740162,-0.0007624031054008956
1785123993.5586808,0.040740913291405514,-0.0007509813054537394
1785123993.5609567,0.04072920381120555,-0.0007400523837276113
1785123993.5661411,0.04072913960022305,-0.000739992474728056
1785123993.5725098,0.04073071460670382,-0.000741461096916334
1785123993.5757256,0.040721227267809634,-0.0007326292504474988
1785123993.5809178,0.04070738693188657,-0.0007197744979443501
1785123993.5853968,0.0406950989252146,-0.0007083673282376468
1785123993.5908606,0.040690627174951984,-0.0007042202351619855
1785123993.595146,0.04067752182177386,-0.0006920964427972104
1785123993.6008599,0.04067307347828205,-0.0006879864196218151
1785123993.6053236,0.04066539693372927,-0.0006808954583262404
1785123993.6101832,0.04065934997425207,-0.0006753147329962272
1785123993.6157086,0.04065877072960955,-0.0006747805480718347
1785123993.6207578,0.04065857308617094,-0.0006745982466131839
1785123993.627655,0.040656602608657826,-0.0006727828790172449
1785123993.6302178,0.04065408820698194,-0.0006704690922589434
1785123993.6357837,0.040643729764514636,-0.0006609395743851169
1785123993.6428757,0.040620261079792275,-0.0006394105140658318
1785123993.6457021,0.0405951530832537,-0.0006164439107288085
1785123993.6510522,0.04057256406612563,-0.0005957622848531853
1785123993.6555607,0.04055359801303445,-0.0005783889783116183
1785123993.6602685,0.04053680108325726,-0.0005630137455447126
1785123993.6659813,0.0405234650287124,-0.0005508166644367737
1785123993.670794,0.04051062776775899,-0.000539094449591637
1785123993.6760309,0.04049743758809251,-0.0005270645317593629
1785123993.680982,0.04048459405670255,-0.0005153703380241739
1785123993.6857781,0.040473159944962554,-0.0005049726994829442
1785123993.6906397,0.040459246099429025,-0.0004923255984394489
1785123993.696113,0.040443925929494126,-0.00047841093641165706
1785123993.7009492,0.040428746588830784,-0.00046462541290045783
1785123993.7062104,0.0404125277264784,-0.000449922357711465
1785123993.710982,0.040395593565458944,-0.00043456374538587125
1785123993.7154112,0.040377397904667746,-0.0004180586810666116
1785123993.721596,0.04036458240072629,-0.0004064178890674699
1785123993.7268813,0.04035582918569972,-0.0003984711145280273
1785123993.7298446,0.04034636269899157,-0.0003898639444659738
1785123993.7353275,0.040326348973686046,-0.00037161437433726007
1785123993.741511,0.0403000040946803,-0.00034755756930906606
1785123993.7464974,0.040273693706544676,-0.0003234975295593208
1785123993.7509816,0.040247193215862044,-0.00029922835627675746
1785123993.7573948,0.04022226393425385,-0.00027638126036250496
1785123993.7608645,0.040198635430595354,-0.0002547200937687215
1785123993.765146,0.0401760475020985,-0.0002339876043960814
1785123993.7729795,0.04015411992711761,-0.00021384507268388172
1785123993.775521,0.040132573774429865,-0.00019404841670838925
1785123993.7845867,0.040112480535890595,-0.00017557128730760283
1785123993.7859683,0.04009197048420271,-0.00015670665742388608
1785123993.7908902,0.040071381204420393,-0.00013775599477324307
1785123993.7956016,0.04004999221328718,-0.00011803868905118858
1785123993.8000503,0.04002878718665948,-9.848988180097325e-05
1785123993.8066857,0.04000812623057011,-7.944460389660798e-05
1785123993.8103824,0.03998810811141028,-6.096979586342443e-05
1785123993.8157492,0.03996685819318722,-4.133026437392096e-05
1785123993.8240793,0.039942252019601714,-1.857875466241211e-05
1785123993.8275652,0.0399228629375035,-6.160548581732905e-07
1785123993.8306391,0.03990636986570375,1.46733037801153e-05
1785123993.8355253,0.039881461901346164,3.7783928155573124e-05
1785123993.8435757,0.039854848089081636,6.250421381005198e-05
1785123993.8468993,0.03982980209134326,8.578266941978767e-05
1785123993.8507013,0.03980597194264519,0.00010793012871447086
1785123993.8567913,0.039784723744541436,0.00012767352826210235
1785123993.8601775,0.039764964764662354,0.00014599068381101498
1785123993.8659832,0.03974628503604087,0.00016329857179290947
1785123993.8714628,0.03972904662278128,0.00017928192237311893
1785123993.8759332,0.03971260777342089,0.00019452831164804208
1785123993.8808687,0.03969598093068737,0.0002099041411509659
1785123993.8855176,0.039680144228180725,0.00022453032691522974
1785123993.8915188,0.039664661929569876,0.0002388243363261768
1785123993.8961537,0.03964944252175912,0.00025288183505970844
1785123993.900101,0.03963535961354184,0.0002658812687994411
1785123993.9065795,0.03962166376914884,0.0002785130244734562
1785123993.9104958,0.039608005853006174,0.00029109442676115017
1785123993.9155369,0.03959495840928391,0.00030310974891175436
1785123993.9243417,0.03957841783582118,0.00031835467619455393
1785123993.925773,0.03956637704175036,0.0003294680526980263
1785123993.930042,0.03955714260313277,0.00033799500315480623
1785123993.9352264,0.03954543496399841,0.0003487938658528344
1785123993.9428096,0.039530409111908756,0.0003626604038812922
1785123993.945578,0.03951607204474808,0.00037588495667786756
1785123993.9500654,0.03950320170733202,0.00038774042084373147
1785123993.957038,0.03949211507810472,0.0003979526693971693
1785123993.9677634,0.03948234608921231,0.00040693375014861114
1785123993.9733663,0.03947387709016925,0.00041472149570149846
1785123993.9793687,0.039466301076764604,0.0004216882095621981
1785123993.9815714,0.039459668845739475,0.0004277894807628392
1785123993.9827454,0.03945376837598483,0.0004332168479146257
1785123993.9857497,0.039448170568235415,0.00043836117040838436
1785123993.9936013,0.03944300233147191,0.0004431069368162102
1785123993.9955237,0.03943847643070455,0.00044726108592947405
1785123994.0016153,0.03943426078306196,0.000451131289363491
1785123994.0071747,0.03943054999783564,0.0004545383448811271
1785123994.0110393,0.03942739525115074,0.0004574353106610562
1785123994.0580585,0.0394229729621836,0.000461496361541745
1785123994.0590158,0.03940789691778835,0.00047532468222185036
1785123994.0605164,0.03940801408223436,0.00047521717675458254
1785123994.0613835,0.03941468268367372,0.00046909668216059197
1785123994.0623453,0.03941267270891525,0.0004709415273561515
1785123994.063475,0.03941253561975214,0.00047106743167107414
1785123994.0643904,0.03941176304332471,0.00047177794733509746
1785123994.0652416,0.039411101984760936,0.00047238610583078217
1785123994.0661023,0.039410303648748646,0.00047312155109046125
1785123994.067091,0.0394101726726492,0.00047324210081755403
1785123994.0676827,0.03941127123461195,0.0004722333521860329
1785123994.0727158,0.03941326832454667,0.0004704009422222493
1785123994.075335,0.039415957632118144,0.0004679363572195023
1785123994.0810466,0.03941902461621606,0.0004651238487681349
1785123994.085238,0.039422001269842515,0.00046239230215614
1785123994.0909894,0.03942552489406538,0.0004591500737319591
1785123994.0949175,0.039429724383844546,0.00045529195682874615
1785123994.0999796,0.039434067895135275,0.00045129567596717015
1785123994.1060636,0.03943898516839076,0.0004467771709571735
1785123994.110594,0.03944395809365486,0.00044220774282697735
1785123994.1150568,0.03944944382794199,0.00043716824187189343
1785123994.1206827,0.03945639739304206,0.0004307794039890775
1785123994.1254385,0.039462610268267674,0.00042508035173396497
1785123994.1304438,0.03946687017909451,0.0004211712355542709
1785123994.1371467,0.03947296233232538,0.00041558155178474744
1785123994.1427484,0.03948204498086672,0.0004072541644402705
1785123994.1473312,0.03949149719850376,0.00039859677878877645
1785123994.1509786,0.03950039629782632,0.0003904449995073889
1785123994.1578565,0.039508670563979435,0.0003828633600407024
1785123994.1611018,0.03951672234151758,0.00037550345697095897
1785123994.165248,0.039524500512735185,0.00036839934663118393
1785123994.1702175,0.03953210023164338,0.00036145952883290597
1785123994.1755722,0.039539782599109535,0.0003544413973276105
1785123994.1802948,0.03954796385075909,0.00034696085392617814
1785123994.185405,0.03955593139112975,0.00033966932015647963
1785123994.190572,0.039563604315391375,0.00033264233002952933
1785123994.195167,0.03957160060039198,0.0003253187542196404
1785123994.2005677,0.03957985310636402,0.0003177688047802788
1785123994.2061052,0.03958802330538797,0.00031030118324040334
1785123994.2098289,0.03959644889718725,0.00030260673218371754
1785123994.2166626,0.039606047591192746,0.00029385316158113303
1785123994.2241652,0.03961643031148287,0.00028436944549930474
1785123994.2269554,0.039622525527061275,0.00027880267745926244
1785123994.2297704,0.03962962054338911,0.0002723251151906834
1785123994.2353983,0.03964143831201276,0.0002615308181710522
1785123994.2457848,0.0396533956572898,0.000250601892266236
1785123994.247426,0.03966394141097337,0.00024096391573370026
1785123994.2502654,0.03967378943790103,0.00023195379266197162
1785123994.2574618,0.03968307977755191,0.00022345202570637186
1785123994.260413,0.03969134044714545,0.00021588471104415702
1785123994.264733,0.039699554385044085,0.0002083627444270719
1785123994.271001,0.03970722499677132,0.00020134357692335725
1785123994.2753885,0.03971482559363479,0.00019438338728328355
1785123994.2803874,0.039722166974352734,0.00018766669928349893
1785123994.285059,0.0397291707478847,0.0001812677001440171
1785123994.2910314,0.039736020223581914,0.00017500338033967348
1785123994.2957168,0.039742579824681,0.00016901184072386284
1785123994.3004541,0.03974896384946901,0.0001631687585871387
1785123994.3075683,0.0397551925680094,0.00015747916129389976
1785123994.3111582,0.039761394322715304,0.0001518218907476655
1785123994.3157995,0.039767296289937776,0.0001464365179573238
1785123994.3211625,0.03977357505420875,0.00014069893422052857
1785123994.326585,0.03977115955065934,0.00014290480312096514
1785123994.3303921,0.03977054989183622,0.000143461466592863
1785123994.3365993,0.03977658406257693,0.00013794430898520147
1785123994.3461099,0.039784559900524936,0.00013065876929130196
1785123994.3481777,0.0397918366855118,0.0001240215046283982
1785123994.3512378,0.03979822275114346,0.00011818916175519718
1785123994.3567083,0.03980356251479482,0.00011331999358495454
1785123994.3599336,0.03980811636529095,0.00010917602399799672
1785123994.3651493,0.039811921067160506,0.00010571828398424174
1785123994.3730114,0.03981530277819421,0.00010264385142498284
1785123994.3763885,0.03981811522685024,0.00010008814707955109
1785123994.3801968,0.03982057259092087,9.785061422887285e-05
1785123994.384916,0.03982280499300821,9.581649880213332e-05
1785123994.390508,0.03982476027650094,9.403556550214968e-05
1785123994.3957233,0.039826415428213205,9.252935128910221e-05
1785123994.4017816,0.039827844782353336,9.122527724683967e-05
1785123994.406956,0.03982906635644958,9.011031463076063e-05
1785123994.4110608,0.03983009238659432,8.917432067015953e-05
1785123994.4168453,0.03983092669759805,8.841342953334736e-05
1785123994.424161,0.039831250554422,8.811816134461476e-05
1785123994.426002,0.03983095095668009,8.839149587111816e-05
1785123994.430113,0.039830211610233784,8.906709134647848e-05
1785123994.435799,0.039830880769934025,8.845540798218701e-05
1785123994.442773,0.03983104486869876,8.830540142268835e-05
1785123994.445636,0.03983072407071566,8.859822846296339e-05
1785123994.451283,0.039830149441285385,8.912204389838061e-05
1785123994.4567583,0.039829412549486465,8.979424938357648e-05
1785123994.4603512,0.0398285600271207,9.057126104414776e-05
1785123994.4648325,0.03982762715928942,9.142144739105555e-05
1785123994.4712107,0.03982654116771314,9.241139580079931e-05
1785123994.47565,0.03982532891765352,9.351525179998695e-05
1785123994.4804294,0.039823902646421654,9.481313373177641e-05
1785123994.485729,0.03982235446288687,9.621565567040943e-05
1785123994.491908,0.039820627577719744,9.778248918897324e-05
1785123994.497043,0.03981864133246092,9.95848061853876e-05
1785123994.5008194,0.03981657122899108,0.00010145986834598064
1785123994.5071542,0.03981441806582929,0.00010340935062448444
1785123994.5105946,0.03981204873006457,0.00010555655979090163
1785123994.5153205,0.03980890812218053,0.00010840281759626722
1785123994.5204663,0.03980482713015943,0.0001120995602025206
1785123994.5261517,0.039800589141368636,0.00011593739634680184
1785123994.5302846,0.039797637866114094,0.00011861102089916076
1785123994.5353804,0.03978469006808358,0.0001303608579618487
1785123994.546936,0.039789137175658525,0.00012632391382688034
1785123994.5509074,0.039801913027671595,0.00011471686320874209
1785123994.5593126,0.03978713152029616,0.00012813176395487172
1785123994.5616403,0.03978694459329284,0.00012830129325485474
1785123994.5656512,0.039789670373094485,0.00012583290414290267
1785123994.5759819,0.0397857271428377,0.0001293983018453328
1785123994.5769498,0.0397716418668848,0.00014214137868793342
1785123994.5799754,0.03977149782868187,0.00014227165784331687
1785123994.5852714,0.03977028739151071,0.00014336546043185105
1785123994.5924225,0.039768614686669715,0.00014487594982862782
1785123994.5949278,0.03976661102335494,0.00014668134958080814
1785123994.6004524,0.03975166917033438,0.00016011334029265688
1785123994.607557,0.0397640439254555,0.00014900846522293906
1785123994.6104302,0.03976052292304954,0.00015216150340893736
1785123994.615274,0.039757632546824816,0.00015475286961005521
1785123994.6227505,0.039745071526827686,0.000165976461297875
1785123994.6261523,0.039745427902116486,0.0001656593064898692
1785123994.6303494,0.03974465282414556,0.00016634735081140178
1785123994.6360574,0.03973933320957623,0.00017106122375782577
1785123994.640588,0.039739753634536544,0.00017068894695106729
1785123994.6466274,0.03973907654798562,0.0001712881078685223
1785123994.6509314,0.039750477704352215,0.0001612244886836256
1785123994.6561282,0.03973500587669136,0.00017482986079786592
1785123994.6603801,0.03973487765726077,0.00017494222034958022
1785123994.6656754,0.03973392731751666,0.00017577389587529634
1785123994.6708784,0.039746559481578764,0.00016474750750823463
1785123994.675354,0.03973047875733422,0.00017875785202601608
1785123994.68008,0.039734558059551575,0.00017521416914960356
1785123994.6849585,0.039735822257173724,0.00017412072753325488
1785123994.690633,0.03973568258630901,0.00017424091687186032
1785123994.6947446,0.03974492522539276,0.00016632716898249225
1785123994.6999242,0.03972681654497028,0.00018175863385683314
1785123994.706498,0.039730040931687215,0.00017902441024807955
1785123994.7108998,0.03973087261902391,0.00017832191452467873
1785123994.7153478,0.039730353663098045,0.00017875845527107184
1785123994.721761,0.03973692145137104,0.00017325413490633084
1785123994.7252636,0.03973205408943144,0.00017730722012062223
1785123994.7298212,0.039728823085775494,0.00017998792151002434
1785123994.735828,0.03972634136993992,0.00018203551102709552
1785123994.7416034,0.039735060431086586,0.00017486162695099747
1785123994.7481577,0.03972807226344936,0.000180586510338922
1785123994.750651,0.039723847134085985,0.0001840353434337008
1785123994.75669,0.039718427171453734,0.0001884384208170578
1785123994.761111,0.039715045248399715,0.00019117259473226138
1785123994.7653713,0.039722110611093,0.00018547911021114363
1785123994.7709658,0.03972508516357981,0.00018309597281308595
1785123994.7759438,0.039718954858994744,0.00018797309916436598
1785123994.779853,0.03971500136662568,0.0001911016147249779
1785123994.7850811,0.039719217408123016,0.0001877790100427941
1785123994.7918284,0.039714152179755505,0.00019174061732927134
1785123994.7955155,0.03971963805034234,0.0001874552237234415
1785123994.8007102,0.03972184994742687,0.00018573529360438508
1785123994.8077781,0.03971687322612697,0.0001895827901156371
1785123994.8118484,0.039721163882304025,0.00018628451543545405
1785123994.815922,0.039715632794326994,0.0001905127112242327
1785123994.8238366,0.039717976580672755,0.0001887337095824945
1785123994.8267992,0.03971860719333192,0.00018825704835769081
1785123994.8310535,0.03971527117470983,0.00019076579753573422
1785123994.835372,0.03971737074611198,0.00018919194787814204
1785123994.841072,0.03972069267601385,0.00018671592025449173
1785123994.846947,0.03971877743432602,0.00018813620685019053
1785123994.8499672,0.039717283398340394,0.00018923892793998813
1785123994.856065,0.039715917067575816,0.0001902407714909236
1785123994.8611407,0.03971212084708069,0.00019301119325803171
1785123994.8656335,0.039712620652149845,0.00019264842223338445
1785123994.871725,0.03971436814243296,0.00019138616306576978
1785123994.8756235,0.0397149664250285,0.0001909565996676802
1785123994.8798733,0.03971262081533741,0.00019262821816173328
1785123994.8858404,0.03971087450133834,0.00019386670014783175
1785123994.8916,0.039709474761597245,0.00019485379423433245
1785123994.8953748,0.03971124499222178,0.00019361188172219978
1785123994.9006658,0.039709455500823734,0.00019486240599883044
1785123994.9079263,0.039708087421192306,0.00019581425399755806
1785123994.910587,0.039709958132290626,0.0001945203943488602
1785123994.9159095,0.0397106061954071,0.00019407434976635078
1785123994.923688,0.039710658820243584,0.0001940382810173401
1785123994.9257536,0.03971039972691298,0.00019421478478226907
1785123994.9312673,0.03970758816802439,0.00019612329131353474
1785123994.9377568,0.03970865666532818,0.00019540108994459834
1785123994.940225,0.039708892259364206,0.000195242467827925
1785123994.946856,0.039708729170100106,0.00019535160128066658
1785123994.950361,0.03970836084277654,0.00019559668561192046
1785123994.9554465,0.03971255301025456,0.0001928202998639905
1785123994.95999,0.039714484271340084,0.0001915477140082501
1785123994.9653642,0.03971205630979464,0.00019314232345078687
1785123994.971782,0.039710516883702626,0.00019414894874182048
1785123994.975998,0.03970944329029928,0.00019484743764598063
1785123994.9799452,0.039708576100209954,0.00019540938824364566
1785123994.9853017,0.03970784920413205,0.00019587812964797416
1785123994.9911747,0.03971058686796474,0.00019412261528864298
1785123994.9955049,0.03971183034466203,0.00019332861232922472
1785123995.0003276,0.039712334767192506,0.00019300739490364917
1785123995.0065134,0.03971246418027158,0.0001929252542575156
1785123995.0101428,0.039712386613200035,0.0001929742748169804
1785123995.0167348,0.03971222559019049,0.0001930754855298321
1785123995.0208251,0.0397119949410963,0.00019321953924566774
1785123995.026788,0.03971171253546472,0.0001933949866712798
1785123995.0306861,0.03971139527632559,0.00019359126565214653
1785123995.0352812,0.03971105818675351,0.00019379959398283428
1785123995.0413525,0.03971070766279764,0.00019401538981832223
1785123995.048952,0.03971035685544017,0.0001942301234505104
1785123995.0518541,0.03971362791748767,0.0001922348951513689
1785123995.0578647,0.03971524820932289,0.00019124992504182227
1785123995.0602598,0.03971603450055793,0.00019077360126590838
1785123995.0650835,0.03971638193821933,0.00019056394726490997
1785123995.071324,0.03971649010132915,0.00019049888715264916
1785123995.0755298,0.03971644547330544,0.00019052560413438947
1785123995.080237,0.039716308773313946,0.00019060728200302236
1785123995.086654,0.039716104342089026,0.00019072898219155756
1785123995.0918798,0.03971585778327199,0.00019087554846886683
1785123995.0954847,0.03971558366711673,0.00019103781238197234
1785123995.100596,0.039715274966462176,0.0001912200697128472
1785123995.10754,0.03971496040019296,0.00019140547520940575
1785123995.1109896,0.03971463806526985,0.0001915947234476883
1785123995.1161757,0.03971431235536865,0.0001917851166651078
1785123995.122714,0.03971400630154279,0.00019196322647967038
1785123995.1257496,0.039713698141560984,0.00019214208726337723
1785123995.1309128,0.03971339245242798,0.0001923195289782525
1785123995.136613,0.03971309558031671,0.00019249180067826925
1785123995.14113,0.03971280100153063,0.00019266198491380172
1785123995.147936,0.0397125127201903,0.0001928281349187228
1785123995.1502461,0.039712239788195,0.00019298534939831308
1785123995.157071,0.03971199179089507,0.00019312752280707343
1785123995.1603558,0.039711768143459295,0.00019325532341956742
1785123995.1655288,0.03971157026177623,0.00019336794200295522
1785123995.1716726,0.03971140417319935,0.00019346221662027105
1785123995.1755464,0.039711269553879214,0.00019353832033338657
1785123995.1807513,0.0397111736516403,0.00019359241781509502
1785123995.1853359,0.039711118854021885,0.00019362322157934724
1785123995.1908937,0.039711103177295995,0.00019363199357842704
1785123995.1954088,0.03971112923486292,0.0001936174588084457
1785123995.20091,0.03971119847204171,0.00019357892337221492
1785123995.2065172,0.03971131554838227,0.00019351404887880272
1785123995.2104757,0.039711467296181205,0.00019343031878678858
1785123995.2161484,0.03971166086916917,0.00019332374248258102
1785123995.224546,0.039711914503503816,0.00019318429646923924
1785123995.2265902,0.0397122078720416,0.00019302364801152618
1785123995.2305837,0.039712537855426305,0.0001928436427903443
1785123995.2357576,0.03971291114509131,0.00019264085503655146
1785123995.2407649,0.03971330491233621,0.00019242798222738664
1785123995.2486382,0.039713734176655725,0.00019219673859471824
1785123995.2499537,0.0397141877750684,0.00019195314598475518
1785123995.2568061,0.03971467464924568,0.0001916927330130366
1785123995.2604508,0.03971518319578776,0.00019142144684507247
1785123995.2653327,0.03971573843793204,0.00019112642145879295
1785123995.2707725,0.03971630115130869,0.00019082891246116233
1785123995.2749972,0.03971689256461424,0.00019051749590811296
1785123995.2798986,0.03971751099221152,0.00019019206984937525
1785123995.2849436,0.039718135560295686,0.00018986426575623837
1785123995.2907102,0.039718762148252665,0.00018953685724624
1785123995.2948182,0.039719401705385946,0.000189204275951585
1785123995.2999082,0.03972001672469331,0.0001888857758116147
1785123995.3073852,0.03972067755476062,0.0001885452090234363
1785123995.3104732,0.03972132406580375,0.0001882135456284342
1785123995.3156512,0.03972199548715294,0.0001878707174180943
1785123995.3212485,0.039722646647435446,0.00018754018353927328
1785123995.326952,0.039723296134680175,0.00018721138484862886
1785123995.331065,0.03972396002028814,0.00018687714315765658
1785123995.3361554,0.039724598526508594,0.00018655751454726947
1785123995.3407965,0.03972522062669526,0.0001862476453142555
1785123995.3476074,0.03972583839276664,0.0001859411611201087
1785123995.350925,0.03972644352929662,0.00018564257942134353
1785123995.3568208,0.039727048597156304,0.00018534553937882473
1785123995.3609252,0.03972763101916813,0.0001850606646527672
1785123995.3656766,0.039728187926179756,0.00018479046697233043
1785123995.3721788,0.039728754765466084,0.00018451736698394772
1785123995.376384,0.039729284051781534,0.00018426339729853868
1785123995.37997,0.03972979702661549,0.0001840180617277281
1785123995.3855789,0.03973028881462383,0.0001837842535370383
1785123995.391151,0.03973074057228216,0.0001835705717390875
1785123995.3960521,0.03973118708214885,0.0001833607452846094
1785123995.4017148,0.0397316152319997,0.0001831610715207646
1785123995.4070814,0.03973201971621167,0.0001829736212926327
1785123995.4108806,0.03973239386711197,0.00018280100520322862
1785123995.416393,0.03973274633324094,0.0001826392964433946
1785123995.4246588,0.03973305442037632,0.0001824986568395575
1785123995.4273431,0.03973334420506976,0.00018236744601536186
1785123995.4319296,0.03973360077575804,0.0001822520649083446
1785123995.437999,0.039733840689794825,0.00018214458981015546
1785123995.4416575,0.03973406679614459,0.0001820439328659873
1785123995.4494987,0.03973426763288316,0.00018195504118498213
1785123995.4517798,0.03973443820143243,0.00018187990350834876
1785123995.456965,0.03973458070348405,0.00018181764882816548
1785123995.4605143,0.0397346959564954,0.0001817677341148725
1785123995.4651198,0.03973478360492509,0.0001817301094234031
1785123995.4712837,0.039734845544881645,0.0001817037114335895
1785123995.4771361,0.039734881378592685,0.0001816885128235441
1785123995.4800265,0.03973489085679421,0.00018168452691064672
1785123995.4854932,0.039734874156508615,0.0001816914915974148
1785123995.492684,0.039734832100789916,0.00018170889461788226
1785123995.4951077,0.03973476289264441,0.00018173733975757823
1785123995.499966,0.03973466715499339,0.00018177647623906715
1785123995.5070653,0.03973455377451658,0.0001818225813086894
1785123995.5106256,0.0397344172684814,0.0001818776751279199
1785123995.5164974,0.03973425422786268,0.00018194294801272595
1785123995.524485,0.03973406128478312,0.00018201975158186446
1785123995.5262864,0.03973384341287104,0.0001821057423310943
1785123995.5306723,0.03973362237451929,0.000182192275078335
1785123995.5354414,0.03973337333099556,0.00018228927794269005
1785123995.540604,0.03973310128260659,0.00018239447710692434
1785123995.5475855,0.03973282047802423,0.00018250194526046778
1785123995.5503705,0.03973250934406221,0.000182620332649388
1785123995.556411,0.039732189662860004,0.00018274104064365816
1785123995.5598354,0.03973184857088819,0.00018286859664751
1785123995.5653756,0.03973148512396812,0.00018300343697444257
1785123995.5715837,0.039731103909346165,0.00018314384762961966
1785123995.5767019,0.03973070279209882,0.00018329053865317416
1785123995.5807774,0.03973030748499393,0.00018343397704651758
1785123995.5850818,0.039729882782484745,0.00018358665750955013
1785123995.5910776,0.0397294674968943,0.00018373497438226938
1785123995.5960379,0.03972903450376426,0.00018388829563024104
1785123995.6004193,0.039728591536751234,0.00018404372335041993
1785123995.6072652,0.039728135689490816,0.00018420281470318202
1785123995.6118364,0.0397276739886334,0.00018436254831243596
1785123995.6152372,0.03972720211233823,0.00018452466979047212
1785123995.6213603,0.03972671743302297,0.00018468967827811773
1785123995.6262486,0.039726204603908015,0.00018486339732082092
1785123995.6304748,0.039725694985093575,0.00018503542518038619
1785123995.636458,0.03972520160711124,0.00018520067331397492
1785123995.6413336,0.03972469971526199,0.00018536725398963843
1785123995.647527,0.03972419105922088,0.00018553441634890208
1785123995.6509411,0.0397236739405198,0.00018570292855465468
1785123995.6561856,0.03972315567302758,0.00018587076893988717
1785123995.6598232,0.03972262001698434,0.00018604303692365431
1785123995.6653829,0.039722087968187006,0.00018621303876013745
1785123995.6734493,0.03972155129349136,0.00018638343829133666
1785123995.6755137,0.03972099938296006,0.00018655814998727835
1785123995.6814103,0.039720467029065204,0.0001867254715731779
1785123995.686413,0.03971991396880056,0.0001868985803372065
1785123995.6914802,0.03971936479635921,0.000187069786463671
1785123995.6954327,0.0397188159651094,0.00018723999325136884
1785123995.7004182,0.039718247762962046,0.00018741505771696507
1785123995.7067509,0.039717669179725024,0.00018759259427071897
1785123995.7101476,0.0397170941634963,0.00018776829897302662
1785123995.7158196,0.039716487660393415,0.00018795246262978042
1785123995.7215178,0.03971588947557402,0.0001881336014208996
1785123995.7261221,0.039715287040310666,0.00018831488763188496
1785123995.7304356,0.03971464001325145,0.00018850828994853644
1785123995.73554,0.03971403833860709,0.0001886869672480973
1785123995.7418866,0.039713449551899635,0.00018886086850437167
1785123995.7487707,0.03971296553926335,0.00018900266161408707
1785123995.7506154,0.039712632468047154,0.0001890995751030825
1785123995.7563891,0.03971246745545526,0.00018914721063691256
1785123995.7610693,0.039712465002922574,0.0001891479121658112
1785123995.7650757,0.03971260011980116,0.0001891094191881943
1785123995.7722692,0.039712852103625754,0.00018903815825727224
1785123995.7761006,0.03971316498340806,0.00018895023129523057
1785123995.779904,0.039713551606099295,0.00018884208254433619
1785123995.7853181,0.039713975608894864,0.00018872406258008337
1785123995.7910213,0.0397144382371563,0.0001885961086083221
1785123995.7947402,0.0397149426692428,0.0001884571886995523
1785123995.8013268,0.039715458635070026,0.00018831600068652335
1785123995.8078296,0.03971601804812945,0.00018816407967089556
1785123995.8119004,0.039716644401474245,0.00018799476312500205
1785123995.8157012,0.039717313345822354,0.00018781516744045473
1785123995.825364,0.03971818135666492,0.0001875828665405915
1785123995.8282752,0.0397190394826695,0.00018735384715756466
1785123995.8299026,0.03971985071809219,0.0001871383152185204
1785123995.835534,0.039720548055822646,0.00018695385911999513
1785123995.8409128,0.03973961991058029,0.00018193560444419252
1785123995.8457441,0.03973806778998946,0.0001823442152708576
1785123995.8501623,0.03973165951911653,0.00018402897996229196
1785123995.8558476,0.03976701893177976,0.00017475796238539446
1785123995.8602715,0.03976860571449855,0.00017434339230068817
1785123995.865742,0.03976117450926802,0.00017627252321582274
1785123995.8703787,0.03977309501893648,0.00017319791970553917
1785123995.8763525,0.039766519705339974,0.00017488646808997723
1785123995.880925,0.03977818204127495,0.00017191005767087483
1785123995.8849108,0.03982018751118892,0.00016127421533719826
1785123995.8910909,0.039816570149144165,0.00016218583113645024
1785123995.8956878,0.03982650746465977,0.00015969133808309255
1785123995.900137,0.03981488898780189,0.00016258017705623234
1785123995.9069452,0.03987895056908161,0.00014672033279639255
1785123995.9115906,0.03987681871827758,0.0001472451076098628
1785123995.915747,0.03991134597918093,0.00013880139876248384
1785123995.921655,0.03995657988490277,0.00012775465844304314
1785123995.92701,0.03995047649024024,0.0001292328055363348
1785123995.9300747,0.04001650597131929,0.00011334964887882318
1785123995.936502,0.04001105266921116,0.00011465160013819642
1785123995.9415767,0.0400421924457973,0.00010726668691006351
1785123995.9507854,0.040059997684384736,0.00010307729684523253
1785123995.9562097,0.04004328439017418,0.0001069908807710271
1785123995.9596887,0.040108114674558146,9.194980706589221e-05
1785123995.9650424,0.0401034373855941,9.302071833052617e-05
1785123995.970502,0.04017260831897479,7.723848797295484e-05
1785123995.9760125,0.04016580310951341,7.877653815905796e-05
1785123995.9804826,0.04019657914521125,7.188811983904174e-05
1785123995.985723,0.0402149662961369,6.780739485681788e-05
1785123995.9904125,0.0402565996662391,5.868862234304038e-05
1785123995.9957,0.040278218827258225,5.3977572328746294e-05
1785123996.0007505,0.040262020817542266,5.745543849572955e-05
1785123996.0065308,0.04032790059565554,4.339622232208385e-05
1785123996.0103772,0.040326992973090434,4.358838777756156e-05
1785123996.0164146,0.04039936824329156,2.8415506434176867e-05
1785123996.0207524,0.04040634682726897,2.6971531839799295e-05
1785123996.0252924,0.04044919539840831,1.820497793138461e-05
1785123996.030461,0.040480706976836436,1.1811459122798302e-05
1785123996.0348034,0.04047935002489688,1.2083911941729736e-05
1785123996.0402014,0.04052043665454989,3.9187489415035635e-06
1785123996.0450933,0.04055416156217652,-2.7024567235939554e-06
1785123996.0509863,0.04055726082292274,-3.3056454488020947e-06
1785123996.0565734,0.040558059188330435,-3.459553555638731e-06
1785123996.0607033,0.04058376315160157,-8.350363359167133e-06
1785123996.065081,0.04059468509954574,-1.0399667310074951e-05
1785123996.072853,0.04064414548805475,-1.955904498546006e-05
1785123996.076018,0.04066551560761017,-2.346719325739878e-05
1785123996.0800073,0.04067878676288197,-2.5862488560227597e-05
1785123996.0852835,0.0406928964887826,-2.8389646937396654e-05
1785123996.0909011,0.04070945488594017,-3.1318665552351865e-05
1785123996.0954163,0.04072816736838952,-3.457906124271891e-05
1785123996.0997043,0.040748203501578886,-3.803653433812448e-05
1785123996.1073494,0.04076918934758675,-4.1599148868770975e-05
1785123996.1106794,0.04079019628574854,-4.51119593207606e-05
1785123996.115866,0.04081125967546546,-4.857508511945935e-05
1785123996.1241643,0.04083179733339825,-5.189032763175633e-05
1785123996.1261878,0.04085104370808029,-5.495866065888707e-05
1785123996.1309204,0.040869726827343425,-5.78779075391074e-05
1785123996.138467,0.04088731941105683,-6.0581443680287756e-05
1785123996.1417437,0.04090395943708907,-6.308996606917245e-05
1785123996.1451046,0.04091981898134957,-6.545907571627217e-05
1785123996.156197,0.04093533662034627,-6.774305374130515e-05
1785123996.1589522,0.04095119519573119,-7.003617458544608e-05
1785123996.1614904,0.04096573951440655,-7.210151638172576e-05
1785123996.1656573,0.04098052091526665,-7.41700807619057e-05
1785123996.171597,0.0409940957847911,-7.60262763613293e-05
1785123996.1762161,0.041007113694785276,-7.777532035902867e-05
1785123996.1807563,0.041020639450039316,-7.956175195388011e-05
1785123996.1850853,0.04103357250060187,-8.12281143472371e-05
1785123996.1904414,0.04104529328088593,-8.269676772758879e-05
1785123996.1954784,0.04105702982283485,-8.413989570019694e-05
1785123996.2001052,0.04106771512786934,-8.542186947646478e-05
1785123996.2070096,0.04107798275865179,-8.662549515284535e-05
1785123996.2105708,0.04108785956747413,-8.775530859608914e-05
1785123996.21719,0.04109721953051237,-8.879644669226553e-05
1785123996.2226145,0.04110640160632564,-8.978621268439474e-05
1785123996.2280662,0.04111424376062857,-9.060850601789392e-05
1785123996.230627,0.04112114783669324,-9.131510066097947e-05
1785123996.236995,0.04112687889048813,-9.188474320312861e-05
1785123996.2422097,0.04113150797291336,-9.233471974986045e-05
1785123996.2466774,0.04115202316676827,-9.4270427791681e-05
1785123996.2582402,0.041141808149699484,-9.333313041987059e-05
1785123996.2590477,0.04112337054235094,-9.168919410914247e-05
1785123996.2609487,0.0411111160502918,-9.062939463968819e-05
1785123996.2653933,0.04112022085970225,-9.139735804361454e-05
1785123996.2737067,0.04111260128232148,-9.078413915387129e-05
1785123996.2756329,0.041134786867761966,-9.25010344224503e-05
1785123996.280733,0.0411204615395069,-9.142901235625826e-05
1785123996.285208,0.0411447539643028,-9.317328977346755e-05
1785123996.292871,0.04113453744922485,-9.247135498676702e-05
1785123996.2950847,0.04115451468935277,-9.379295333166689e-05
1785123996.3007145,0.04116222261019786,-9.428300850186744e-05
1785123996.3083777,0.041136061530934666,-9.269442613225884e-05
1785123996.3114011,0.041147268092978695,-9.333986663518989e-05
1785123996.3156838,0.041176689652789394,-9.495013904498821e-05
1785123996.3239474,0.041153717225692554,-9.375531907571215e-05
1785123996.3270016,0.041145202732319634,-9.333685714898847e-05
1785123996.3302019,0.04116448119725177,-9.422956995881633e-05
1785123996.339675,0.041163558349314254,-9.41904576618726e-05
1785123996.341814,0.04112936848678691,-9.280434798941933e-05
1785123996.3453302,0.04116632107298816,-9.419281791457352e-05
1785123996.352869,0.04113865449278784,-9.322717056736227e-05
1785123996.3579564,0.04114504812684637,-9.343464138061031e-05
1785123996.3601155,0.041137835660256826,-9.322091019776676e-05
1785123996.365253,0.041098464739029845,-9.21406800112734e-05
1785123996.3715947,0.041131235105049145,-9.296445267206205e-05
1785123996.3756008,0.04110284927595774,-9.232724205426228e-05
1785123996.379973,0.04110616314297433,-9.239599212639388e-05
1785123996.3847735,0.041097462847363334,-9.223564793909653e-05
1785123996.3914192,0.04105601796142035,-9.154410007602679e-05
1785123996.3952456,0.041055976538565596,-9.15434973858174e-05
1785123996.4000533,0.04102463881721571,-9.115745970118849e-05
1785123996.4064264,0.04100844356875319,-9.098288070926168e-05
1785123996.4104095,0.040972873847801794,-9.067152592497195e-05
1785123996.4162474,0.040936155643929405,-9.043025814626535e-05
1785123996.4238524,0.040940168253860196,-9.04510763425275e-05
1785123996.4288795,0.040917601774666516,-9.038800763996691e-05
1785123996.431197,0.04088260665728405,-9.036876288364875e-05
1785123996.4360113,0.04083987829513301,-9.041911327139572e-05
1785123996.4415221,0.04080228519870414,-9.055020843574728e-05
1785123996.445834,0.04076731082903238,-9.07254295187616e-05
1785123996.453328,0.04073747276091361,-9.094094156786393e-05
1785123996.4569988,0.04070229595013952,-9.124089600044875e-05
1785123996.4612489,0.04068078788812505,-9.148361194119255e-05
1785123996.4655628,0.040647496614094336,-9.192588286122103e-05
1785123996.4746218,0.04062048672666702,-9.234144824767326e-05
1785123996.4769163,0.040589786539419,-9.286817577490248e-05
1785123996.4809396,0.040561285649045244,-9.34121768403299e-05
1785123996.4851756,0.040530908456905095,-9.4043623143224e-05
1785123996.4912527,0.04050178442525169,-9.469033550357715e-05
1785123996.4959428,0.04048155140928623,-9.517061481959825e-05
1785123996.500006,0.04044149543809992,-9.617776676813259e-05
1785123996.507263,0.04040696489047257,-9.711430654949241e-05
1785123996.5116065,0.040382772996789044,-9.781542536140175e-05
1785123996.5154994,0.040346953330478656,-9.893431059412052e-05
1785123996.520875,0.04029503460633855,-0.00010063042924526667
1785123996.5270398,0.04026054007006181,-0.0001018222751104402
1785123996.5301688,0.04023354495535545,-0.00010279102670179691
1785123996.5355678,0.04019145425690796,-0.00010438445499795578
1785123996.5403917,0.040146731738266425,-0.0001061216842345533
1785123996.544814,0.04011371313637849,-0.00010744383930173455
1785123996.5508425,0.04005674292800927,-0.00010985307367536143
1785123996.5577729,0.039999801838023985,-0.00011237410959029519
1785123996.5604458,0.03996991817441721,-0.00011375973374046088
1785123996.5655386,0.039853139782833315,-0.0001192584362198961
1785123996.5712185,0.03981009734826927,-0.00012135884609042483
1785123996.5755172,0.039735327067903885,-0.00012503533509310787
1785123996.5800266,0.03966948609456083,-0.00012837641711001946
1785123996.5853233,0.039587398657007146,-0.00013273744771194357
1785123996.5913694,0.03951941748392917,-0.00013656004198656264
1785123996.59486,0.03939791923576221,-0.00014368528122427418
1785123996.6006918,0.03934173801629531,-0.00014712112920316965
1785123996.6058316,0.03924171579842307,-0.00015353069642588072
1785123996.6102703,0.03909261405250905,-0.00016337328247369504
1785123996.6170719,0.039015891827645935,-0.00016859773277621046
1785123996.6204333,0.03893355781999032,-0.0001743798219377164
1785123996.6256094,0.03880859367850522,-0.00018351959704900105
1785123996.6310194,0.03865857247435291,-0.00019485026921079143
1785123996.6348517,0.038493742766535326,-0.00020763742050069174
1785123996.6405501,0.038386945010598666,-0.00021616068355701992
1785123996.6454175,0.03824615357974611,-0.0002277379291197457
1785123996.6511872,0.03809982264469549,-0.0002401175806672123
1785123996.6565082,0.0380052350200376,-0.0002483467757572912
1785123996.6604447,0.03786696792245823,-0.00026071597331856183
1785123996.6649704,0.037772467282894996,-0.00026937528031727
1785123996.671199,0.037639119142775096,-0.00028192180766230306
1785123996.6756823,0.03756845183153203,-0.00028874217290057285
1785123996.680512,0.03744640635151681,-0.00030074361891959756
1785123996.6851645,0.03735237898736892,-0.00031015841690104097
1785123996.6908345,0.03722668160082195,-0.00032302933620778363
1785123996.695107,0.037123807352963625,-0.00033381230069578745
1785123996.700387,0.03705306021403481,-0.00034138509848696813
1785123996.7067115,0.036970119239662,-0.000350426850181178
1785123996.7101042,0.036844672267178455,-0.00036425292584166627
1785123996.7155087,0.03679201035284949,-0.00037011536774826854
1785123996.7228556,0.03673790326648202,-0.00037620106653833956
1785123996.725813,0.03664757408759998,-0.0003864372349650419
1785123996.7302637,0.036575807000701115,-0.0003946296785896579
1785123996.738143,0.036505369008474606,-0.00040273488467349594
1785123996.7406878,0.03643345780991345,-0.00041100561079088465
1785123996.7451384,0.036368876751582235,-0.00041845927070301305
1785123996.7517786,0.036293888820834355,-0.00042716262930520617
1785123996.757204,0.03622659999767526,-0.00043499841084377266
1785123996.7599337,0.036158562764361,-0.0004429869964479515
1785123996.7653995,0.036089124459677234,-0.0004511458809535171
1785123996.770623,0.03603009525925325,-0.0004581164297241931
1785123996.7766912,0.035967313704816345,-0.000465555982787125
1785123996.7807932,0.035905781012233795,-0.00047289265542363007
1785123996.785999,0.03585427975585052,-0.0004789924314457569
1785123996.7904859,0.03579929959226557,-0.0004855590998432075
1785123996.794889,0.035750125619168086,-0.0004914255016407632
1785123996.8002255,0.035703361233564226,-0.0004970218182226849
1785123996.806752,0.03566337518431042,-0.0005018270815049379
1785123996.8113785,0.03562814107254788,-0.0005060985104261986
1785123996.815886,0.03558667036291524,-0.0005110973709175068
1785123996.820786,0.03554843297347836,-0.0005156940823282979
1785123996.827703,0.03551843499274182,-0.0005193174200154785
1785123996.8313992,0.03549357327899981,-0.0005223111617955321
1785123996.835535,0.035472409411044195,-0.0005248469774476807
1785123996.8411999,0.03545511374916218,-0.0005269109138717669
1785123996.8453383,0.035427261399453694,-0.0005302346100282276
1785123996.8512406,0.03540759898750161,-0.0005325991152986412
1785123996.8573148,0.03539367091051222,-0.0005342809484938447
1785123996.8602042,0.03538335019680339,-0.000535537938116776
1785123996.865733,0.03536792757285167,-0.0005374131055819298
1785123996.8712697,0.03535826946441027,-0.0005385903631760474
1785123996.8759422,0.035352282912319954,-0.0005393210325871676
1785123996.880374,0.03534917585700438,-0.000539699570584891
1785123996.8866627,0.03534221690196556,-0.0005405456461727531
1785123996.891419,0.03533963584492128,-0.0005408619814290804
1785123996.8951964,0.035340257738661805,-0.0005407853468432755
1785123996.900599,0.035343481027940125,-0.00054038832897649
1785123996.9066916,0.035348895241232234,-0.0005397169335349284
1785123996.9113953,0.03533780579372138,-0.0005411010546142046
1785123996.9155326,0.03534601084246521,-0.0005400676850224503
1785123996.9210048,0.03532217970243572,-0.0005430784895299061
1785123996.9272325,0.03533617036007026,-0.0005412947660011918
1785123996.9309533,0.03536060052841411,-0.0005381478649257297
1785123996.9359355,0.035340615319876686,-0.0005407502440033592
1785123996.9414523,0.03536014665508834,-0.0005381914117439727
1785123996.9452195,0.035388006287993726,-0.0005344965719319842
1785123996.957841,0.0354155090852723,-0.0005308271521994949
1785123996.961861,0.035420925483750074,-0.000530095523943736
1785123996.9654424,0.03544666627666302,-0.000526569135890927
1785123996.971577,0.035477437976106245,-0.0005223118236308825
1785123996.9757686,0.03550786246848422,-0.0005180576257700467
1785123996.98059,0.035536404652255445,-0.0005140144963238865
1785123996.9858537,0.03556580221698834,-0.0005098002492180314
1785123996.993728,0.03559369553227911,-0.0005057656165936204
1785123996.996892,0.035651560512155546,-0.000497303150013173
1785123997.0011687,0.03569521347337669,-0.0004907948908316003
1785123997.0091095,0.03573353830329285,-0.00048498865417940644
1785123997.0114326,0.035769921595592814,-0.0004794346602927776
1785123997.016175,0.03580508710309677,-0.00047398331247871936
1785123997.0244813,0.035841767909824136,-0.0004682006033823686
1785123997.0285504,0.03588771118544546,-0.00046087885626574653
1785123997.0305917,0.03593828067180087,-0.0004527021288643406
1785123997.035418,0.03598071611669648,-0.0004457195874644673
1785123997.0404205,0.036020854692914335,-0.0004390030404001363
1785123997.044881,0.03606085353026663,-0.0004321954491331511
1785123997.0504074,0.036103851850220206,-0.0004247540061186401
1785123997.0616376,0.03614320030337651,-0.0004178299348248289
1785123997.0664053,0.03618174076893224,-0.0004109051459984501
1785123997.0730515,0.03622252697561662,-0.00040342867057487357
1785123997.0764737,0.03626189675069776,-0.00039609415493285793
1785123997.081326,0.036315348377968605,-0.0003859372755369175
1785123997.0872905,0.03637164649521056,-0.0003750757451203007
1785123997.0914335,0.03640503998284245,-0.00036851170361760577
1785123997.09631,0.036503323005503026,-0.00034885067098134584
1785123997.1008554,0.036591967653762617,-0.000330759371067096
1785123997.1068513,0.036671551368961434,-0.0003141790222792952
1785123997.1120834,0.036750307742978126,-0.00029743517541748195
1785123997.117064,0.03686796014600873,-0.0002718962073822998
1785123997.1223035,0.03689802043469419,-0.0002652509314428037
1785123997.1263888,0.036981606984442666,-0.0002464001193016758
1785123997.1302652,0.03709364269445833,-0.00022067755098870775
1785123997.1360862,0.03715075908101153,-0.00020734454563604097
1785123997.1405993,0.03725359016743331,-0.00018291204909361012
1785123997.1454127,0.0373769730120714,-0.00015301449638708108
1785123997.1503193,0.037462011381773054,-0.0001320396509500718
1785123997.1575766,0.037576552255951516,-0.00010334809587048813
1785123997.163688,0.037705840447790295,-7.01650254186214e-05
1785123997.1652403,0.03784224475595584,-3.461690733212917e-05
1785123997.1726165,0.037903505292266076,-1.8445068643577154e-05
1785123997.1756976,0.03800439070523124,8.64916309370875e-06
1785123997.1799755,0.03813016935254419,4.295496757751187e-05
1785123997.1853983,0.03826191033870542,7.946224514943762e-05
1785123997.1908772,0.0384291997632544,0.00012647354705332955
1785123997.1950655,0.03858086357628118,0.00016977125100000657
1785123997.2007778,0.03874035853220748,0.00021604934680311222
1785123997.2074068,0.03882376013473486,0.00024056150156113193
1785123997.2112827,0.03894870434774129,0.00027777115617394195
1785123997.2167685,0.03910664743923743,0.0003254472739254743
1785123997.221831,0.03923801933366547,0.000365728871975473
1785123997.2378922,0.039355482937366036,0.0004021362643245128
1785123997.2402408,0.03946170635876398,0.0004354376306965351
1785123997.2536306,0.03960658424349448,0.000481358771451613
1785123997.2559307,0.03972643673303836,0.0005197828198971606
1785123997.2575185,0.03984781159406253,0.0005590132624563356
1785123997.2717047,0.039960150427445475,0.0005956947721715676
1785123997.2737615,0.04009328364389939,0.000639514806603167
1785123997.2883039,0.040235537035735215,0.0006867927081491597
1785123997.297245,0.040377161795974545,0.0007341441712324796
1785123997.3032067,0.04051917580965652,0.0007818769176379545
1785123997.3061588,0.04066751751801261,0.0008318217343623649
1785123997.3200717,0.040815293726215646,0.0008817431022543707
1785123997.3215404,0.0409626228678335,0.0009315351909305376
1785123997.3291836,0.041136875543221874,0.0009905082250685955
1785123997.3305204,0.041322776481623226,0.0010535998999004908
1785123997.3312216,0.04147849512516471,0.0011064243327728728
1785123997.336334,0.04162010672882407,0.0011544641928622947
1785123997.3418243,0.0417262261240991,0.001190464698006073
1785123997.350714,0.041822740623988844,0.0012233209797225324
1785123997.3527586,0.041915369513421424,0.001254806224579001
1785123997.3575542,0.04200567714857556,0.0012854670092007873
1785123997.3624637,0.04208927934965139,0.0013138841730192148
1785123997.3646793,0.04217230118436715,0.0013421067031905928
1785123997.3715036,0.04224807914334181,0.0013678860978168098
1785123997.3755686,0.04232130211820753,0.001392855517619553
1785123997.3804412,0.0423881206984677,0.0014156582718992962
1785123997.385165,0.04245217738595646,0.001437478421533408
1785123997.3913927,0.042514233364269495,0.001458565503098176
1785123997.39546,0.042565136719970066,0.0014758817427668615
1785123997.400161,0.0426166565008852,0.0014934451772426313
1785123997.4057262,0.0426550227719362,0.0015065282974430342
1785123997.4104521,0.042690527932532134,0.001518665700109286
1785123997.4168167,0.04271947848311096,0.0015285986502152052
1785123997.423276,0.04273744458242124,0.001534787134835602
1785123997.4265697,0.04274001480218714,0.0015356767044263646
1785123997.4305153,0.0427214438986868,0.0015292069137741483
1785123997.4353626,0.042703049807023157,0.0015227641685856645
1785123997.4409745,0.04269873252899682,0.0015212481572015027
1785123997.4450028,0.042647944587569486,0.001503231022644946
1785123997.4508386,0.042647258861424196,0.001502986356157747
1785123997.4570353,0.042596397410719036,0.0014847318013350755
1785123997.4614527,0.042520011419259145,0.0014570990656445233
1785123997.4659235,0.04251097676847841,0.0014538077984574548
1785123997.4746838,0.042412203700393454,0.00141748119243045
1785123997.4763923,0.04235677124239493,0.001396887988417957
1785123997.4804006,0.042316629305191034,0.0013818646214305795
1785123997.4862437,0.04220133119441848,0.001338276315197218
1785123997.4969597,0.04213438824098718,0.0013126797921912765
1785123997.501213,0.04201355492524943,0.0012659788600396474
1785123997.5075035,0.041909057063554835,0.0012251474493755624
1785123997.5131164,0.041793906942954796,0.0011796363811276646
1785123997.5156474,0.041705800380818496,0.001144503739881921
1785123997.523346,0.041595522166846206,0.0010999460627569265
1785123997.5252461,0.041591974278115104,0.0010984995661337661
1785123997.5303311,0.041508901163384175,0.0010642032433878306
1785123997.5358357,0.04138517050287452,0.0010124000050003462
1785123997.5407557,0.04132429885629232,0.0009866624044180703
1785123997.546386,0.04124311413855529,0.0009519790106882179
1785123997.5509336,0.04111650321552184,0.0008973254983568107
1785123997.5571399,0.040972797466840065,0.0008347549785898557
1785123997.560764,0.04089571964974485,0.0008008419954775961
1785123997.5665758,0.040806710124628616,0.0007612434774850379
1785123997.5729856,0.040675078449976754,0.0007020257482027433
1785123997.575894,0.04052447757177378,0.0006336259818801402
1785123997.580527,0.04040642266857257,0.0005795907889261993
1785123997.5851946,0.04032778645750206,0.0005432656097051344
1785123997.5911973,0.040202796718792504,0.00048498193095077285
1785123997.5999684,0.040084020564838556,0.00042924989420126044
1785123997.6032927,0.0399851990558773,0.0003826225016683282
1785123997.6066782,0.03988956495596019,0.0003372659939815041
1785123997.6098602,0.03980402110138302,0.00029651978804739576
1785123997.6151772,0.03969370942236316,0.00024365246961457763
1785123997.6212327,0.0395891364467986,0.00019330535971699887
1785123997.6259649,0.03949433811074696,0.00014754623471070508
1785123997.6312428,0.039404261714940804,0.00010380850728367933
1785123997.6351051,0.039295772381309706,5.083850545797124e-05
1785123997.6404698,0.03918782802132401,-2.241695969691655e-06
1785123997.645182,0.03908522509048389,-5.288053163390658e-05
1785123997.6502228,0.038975304541913766,-0.00010731985499485514
1785123997.656506,0.038867166622364765,-0.00016103005838999363
1785123997.661355,0.03876487713038097,-0.00021210178356006896
1785123997.6662364,0.03866753582524932,-0.00026082992571926987
1785123997.6727893,0.038565112587603256,-0.00031218785934586493
1785123997.675511,0.03847769987549225,-0.0003561423131225099
1785123997.6801429,0.03837778210075397,-0.0004065211161699468
1785123997.6879,0.03828532502339201,-0.0004532628884764117
1785123997.6910043,0.03819829223784451,-0.0004973032610177407
1785123997.705549,0.038115349336904795,-0.000539323779365487
1785123997.7078636,0.038037079497564526,-0.0005790751585451809
1785123997.7104826,0.03795826644306823,-0.0006190898532800142
1785123997.7165818,0.03787498922071486,-0.0006613198966188795
1785123997.7221632,0.03777879108571544,-0.0007100334248123485
1785123997.7264988,0.03767842461353959,-0.0007608434880975499
1785123997.7301168,0.03760581115188238,-0.0007976507660044191
1785123997.7359483,0.03753057962892282,-0.0008357815259732842
1785123997.7406373,0.037474797438522375,-0.0008640080704858096
1785123997.7461865,0.03741260076327445,-0.0008954048290187213
1785123997.7505221,0.03734047790464137,-0.0009317398279142342
1785123997.757471,0.03728796698954216,-0.0009581886599189874
1785123997.7609293,0.03722652491119566,-0.0009890611042355673
1785123997.7652028,0.03716827955474422,-0.001018294193947122
1785123997.77134,0.03712722733253663,-0.0010388300869092933
1785123997.7767386,0.03709671360698099,-0.0010540604829667225
1785123997.78061,0.03704895694533198,-0.0010778642967149738
1785123997.785636,0.03700247007211463,-0.0011009924682028062
1785123997.7906013,0.036972396362414145,-0.0011159637478962167
1785123997.7956836,0.036951208055963,-0.0011264838881109753
1785123997.8027885,0.036900068983656,-0.0011517793394861544
1785123997.8077347,0.036870312714437636,-0.0011664845835022402
1785123997.8105867,0.03685235135878607,-0.0011753427411560784
1785123997.815905,0.03684153263531419,-0.0011806722428181447
1785123997.8207753,0.03680908366847524,-0.0011966538998448605
1785123997.8257084,0.036776680792969044,-0.0012126070666709698
1785123997.8302197,0.036758422529318525,-0.0012215865922739185
1785123997.8350422,0.03674882712958282,-0.001226299156810458
1785123997.8402598,0.036744016958496224,-0.0012286649831546406
1785123997.8451543,0.03672600452448448,-0.0012375022563442912
1785123997.850687,0.03669836788687113,-0.0012510605240655581
1785123997.8570375,0.036685549241440865,-0.001257334552071205
1785123997.8604326,0.036665102057900766,-0.0012673396830046929
1785123997.8652709,0.03664555807731425,-0.0012768881116011072
1785123997.8708029,0.03662588169487929,-0.0012865283428122123
1785123997.8759837,0.036632561717885655,-0.0012832489064822494
1785123997.8804972,0.03657438088874039,-0.0013117877960374929
1785123997.8868954,0.036519579600476915,-0.0013386821114850262
1785123997.8911452,0.03652314148716648,-0.0013369358177691996
1785123997.895781,0.036542817137957574,-0.0013272732750949968
1785123997.9068642,0.03652509133724552,-0.0013359851254968176
1785123997.9085476,0.03650273023566483,-0.0013469955136223815
1785123997.9115648,0.036516726647272714,-0.0013400818782236712
1785123997.9152946,0.036518533395224144,-0.0013391870571545488
1785123997.9223359,0.03653503754275131,-0.0013309848108178101
1785123997.926002,0.03653509195679437,-0.0013309577148853217
1785123997.9312081,0.03655862186548062,-0.0013191967750375289
1785123997.93662,0.036578086235742956,-0.0013094476092219212
1785123997.9407754,0.03655930905603304,-0.0013188860220578896
1785123997.9459865,0.036570809107992285,-0.001313090593210572
1785123997.950182,0.03659548352454793,-0.00130066495544267
1785123997.9575665,0.03661569248368733,-0.0012904360378193569
1785123997.9690385,0.03663449147787064,-0.0012808842709099602
1785123997.9709222,0.036655951978332824,-0.0012699419316138205
1785123997.9807007,0.03667852015411603,-0.0012584056553283382
1785123997.9990385,0.03670223620979639,-0.001246237811006132
1785123998.005955,0.03672639916948772,-0.0012337676670189114
1785123998.0309074,0.03673891445977472,-0.0012272638537284492
1785123998.0325608,0.036757473689763384,-0.0012175751614332932
1785123998.034052,0.036778870727258064,-0.0012063499245832101
1785123998.0431871,0.03680358987911829,-0.0011933096012535737
1785123998.0461662,0.036828945048252,-0.001179843224407663
1785123998.0473511,0.03685459159387192,-0.0011661094154008062
1785123998.0516582,0.03688369792819356,-0.0011504430109433815
1785123998.0582411,0.036924540567303786,-0.0011283292400994427
1785123998.0601573,0.03697279410653826,-0.0011020019335952562
1785123998.0659077,0.03702248322067373,-0.0010746475028734917
1785123998.0755782,0.03707155175074678,-0.0010474294544284576
1785123998.0779858,0.037112590524636425,-0.0010245763522728445
1785123998.0801618,0.03714909114671209,-0.0010040767977517338
1785123998.0848749,0.03718257920614046,-0.0009851258528169164
1785123998.090942,0.03721644116868003,-0.000965832889171986
1785123998.095547,0.03726066047636335,-0.0009404657488586676
1785123998.1007848,0.03730021708641741,-0.0009176129473224317
1785123998.1066804,0.03733793559185455,-0.000895627043061973
1785123998.1105635,0.037379827584096845,-0.0008710118180643995
1785123998.1166368,0.03741889067431988,-0.0008478279434264942
1785123998.1229603,0.037455659479782764,-0.000825796901955119
1785123998.1254604,0.037503637332236495,-0.0007967839777752766
1785123998.130178,0.037538825219311955,-0.0007753577435217691
1785123998.139164,0.037583198225189254,-0.0007480573978158651
1785123998.1417944,0.0376554635277416,-0.0007031786406608556
1785123998.1448169,0.03769457748312283,-0.0006786682257369815
1785123998.1504123,0.03777823629624233,-0.0006257857309340678
1785123998.155975,0.03781319063151957,-0.0006034832002687728
1785123998.160379,0.03789510970474023,-0.0005506371077803804
1785123998.1656919,0.03795001363190927,-0.000514900096635855
1785123998.174784,0.03800998129596729,-0.000475509122347456
1785123998.1763868,0.03810029921957947,-0.0004156558031000066
1785123998.1805146,0.038203933768344585,-0.0003463861179983426
1785123998.186733,0.03823064873323885,-0.0003284176097267945
1785123998.1928134,0.03830666521537605,-0.0002767386451083189
1785123998.1968944,0.0384081387665383,-0.0002071341117424144
1785123998.2005575,0.03851557892357582,-0.00013281317535606432
1785123998.2094648,0.03862901908888433,-5.3748889188653956e-05
1785123998.211708,0.03868476395388837,-1.4580108319651601e-05
1785123998.2156215,0.038773592186602146,4.841671660381796e-05
1785123998.2237868,0.03888071683455419,0.0001251326843912156
1785123998.2266555,0.03897999182834977,0.0001968029765722561
1785123998.2300708,0.03911587114449656,0.00029582465703720717
1785123998.2411199,0.0392301452374869,0.0003797477003667126
1785123998.2449362,0.03929303299844025,0.0004263490338890239
1785123998.249818,0.039365573166538506,0.00048052269453153725
1785123998.2561543,0.03946086017292112,0.0005523307114229577
1785123998.2606626,0.039591310288506015,0.0006514729757752715
1785123998.2658057,0.0396799436150849,0.0007194080604419451
1785123998.2714689,0.039752071006517044,0.0007750646250370682
1785123998.2762456,0.039861284938495625,0.0008599364365873319
1785123998.2807968,0.03994080943190867,0.0009221289640269087
1785123998.2870724,0.04001379487352758,0.0009796280390014576
1785123998.29281,0.04009469537730138,0.0010435320434423224
1785123998.2958663,0.04018898338451278,0.0011183476192881468
1785123998.3022802,0.04029147912572659,0.0012001703166625117
1785123998.3088386,0.04040287997665149,0.0012894620004102921
1785123998.3125746,0.040514025081996446,0.0013789867521722622
1785123998.3164358,0.0406273151608655,0.0014706327643377267
1785123998.3217463,0.04076161944246607,0.0015796122349952535
1785123998.326593,0.040895176777433144,0.0016882484165623114
1785123998.3318043,0.04099289664154101,0.0017678813206641803
1785123998.3376043,0.04108237330096069,0.0018408677325784345
1785123998.3468823,0.0411561170810602,0.0019011372895480331
1785123998.350751,0.04122366437723706,0.0019563545850751207
1785123998.3573432,0.041286314893692146,0.0020075133357751835
1785123998.3612962,0.041349347668972795,0.002058986306963086
1785123998.367348,0.04141246701948155,0.0021105335334102447
1785123998.3746912,0.041470807344614224,0.0021581321531930053
1785123998.3776102,0.041528179080889766,0.0022049337483527457
1785123998.3809042,0.04158021616226153,0.002247377724267115
1785123998.387465,0.04162991159565593,0.00228786420583639
1785123998.392026,0.041673723870190735,0.0023235276431321727
1785123998.3964322,0.04171434202365158,0.002356585097548101
1785123998.4009223,0.04174915285530963,0.002384948897245255
1785123998.4076226,0.0417797471651033,0.0024099001775053715
1785123998.4110725,0.04180646289618478,0.002431727485160087
1785123998.4162226,0.04182883245162475,0.002449968680078985
1785123998.4217238,0.04185086050480932,0.0024679318343183406
1785123998.4275641,0.04186877072528279,0.0024825598643723923
1785123998.4311805,0.04187129601886453,0.002484623804190299
1785123998.4381385,0.04188777754795181,0.002498132207098091
1785123998.4415805,0.041884878334684725,0.002495746336210045
1785123998.450207,0.041881325093087424,0.0024928156027057306
1785123998.4517465,0.04189196795164939,0.002501622750586199
1785123998.4572797,0.04187974434322937,0.002491473451652272
1785123998.4607573,0.04185924475800769,0.002474407790300463
1785123998.465938,0.04183164211412355,0.0024513489573873113
1785123998.4721496,0.041809334308486414,0.0024326317410554125
1785123998.4766405,0.04178055279727486,0.0024083774195747965
1785123998.4803338,0.041753986929824974,0.002385856512771831
1785123998.487395,0.041737461581911946,0.0023717782976531918
1785123998.494398,0.041696152187748484,0.0023363994894379007
1785123998.4980073,0.04166136219821863,0.002306433047925498
1785123998.5025063,0.04164224605018316,0.0022898815339091015
1785123998.5063643,0.04161298988051847,0.00226440068778596
1785123998.5105686,0.04152770787179929,0.0021897802733928805
1785123998.5161972,0.041493292879148394,0.002159494257402981
1785123998.5218532,0.04146076867899247,0.00213066766071867
1785123998.5255113,0.04142496692033266,0.0020986602948969433
1785123998.530634,0.04139952599636284,0.002075698669684257
1785123998.5353274,0.04138358875358498,0.002061191716209401
1785123998.5406797,0.04136650855695577,0.0020455121647686174
1785123998.5499604,0.04133258170466156,0.002014121954423851
1785123998.553054,0.041300126954542285,0.001983915080918317
1785123998.558539,0.04125569625346003,0.00194226618984067
1785123998.5619628,0.04121229361209235,0.0019012453814924838
1785123998.5664327,0.04116997203970178,0.0018609321143469634
1785123998.570942,0.04111983918768602,0.0018127202265256486
1785123998.575905,0.04108664353249932,0.001780557224078157
1785123998.580561,0.04103871211774014,0.0017337670544368662
1785123998.5854316,0.04099774301945155,0.0016935405177833198
1785123998.5913985,0.04095377293005614,0.0016501481649800137
1785123998.595271,0.0409002563663364,0.0015969064272490922
1785123998.6008313,0.04086523611126334,0.001561783323495286
1785123998.6084042,0.04081785969542958,0.0015140110407533317
1785123998.612726,0.04077589577268752,0.0014714454754234734
1785123998.6173005,0.04073186897322949,0.0014264745416338992
1785123998.6248353,0.04069406333840755,0.0013876471361636577
1785123998.6285038,0.04065207445937699,0.0013443310711298137
1785123998.6319551,0.04060754514996362,0.0012981422064068918
1785123998.636114,0.04056074165031308,0.0012493943350841016
1785123998.6410408,0.040522610636294545,0.0012094496168483884
1785123998.6482058,0.040479718314493186,0.001164360383283215
1785123998.6508803,0.04043576674455867,0.0011179666033717564
1785123998.6567862,0.04039179034859333,0.001071355154100218
1785123998.6601152,0.04035301829820086,0.001030128971016188
1785123998.6649137,0.04031173548280195,0.0009860653178501786
1785123998.671622,0.04026829570053978,0.000939537659000276
1785123998.6758718,0.040226364191861506,0.0008944937786971557
1785123998.6810572,0.040186390773568365,0.0008514475452163144
1785123998.6855373,0.04014641722561442,0.0008082756219430593
1785123998.6916745,0.04010760048137922,0.0007662288432181919
1785123998.696637,0.040068366800698446,0.0007236714964529744
1785123998.7014132,0.04003227386137856,0.0006844240669882343
1785123998.7075236,0.039996574856101065,0.0006455224395389371
1785123998.711705,0.03996278735955019,0.000608615040967414
1785123998.7197566,0.0399296356055354,0.0005724386951054016
1785123998.7239313,0.039891607559019646,0.0005309170309056179
1785123998.7277176,0.03985196424446157,0.0004875946501435308
1785123998.7307029,0.03981304979798658,0.00044504734616139594
1785123998.7378063,0.039776769346681944,0.00040544500649185403
1785123998.7457511,0.03974128419367208,0.00036673201931485076
1785123998.7500334,0.03970930794413784,0.00033188868024042445
1785123998.7517943,0.03967763846351914,0.00029744706626804503
1785123998.7557917,0.0396472978360034,0.00026453708753212843
1785123998.7607076,0.039617012530209,0.0002317439601868239
1785123998.7663567,0.03958875781026254,0.0002011622704231867
1785123998.771699,0.03956066752335484,0.0001708358764864929
1785123998.775381,0.03953246354442352,0.0001405033463440423
1785123998.7809715,0.03949685689812715,0.00010231436526941821
1785123998.7875028,0.03945954827014283,6.243940821744687e-05
1785123998.791499,0.039422541981668904,2.2989157791753398e-05
1785123998.795959,0.0393877484796682,-1.3951757057774728e-05
1785123998.8010361,0.03935490028834443,-4.86478201789714e-05
1785123998.8078997,0.03932360108282288,-8.15842041892519e-05
1785123998.8109195,0.039293090121996554,-0.00011353912852258748
1785123998.8157887,0.03926413830661916,-0.00014378066654128658
1785123998.8248057,0.03923535617769004,-0.00017364900043674087
1785123998.8269353,0.03920625423873579,-0.0002036774144810496
1785123998.8304546,0.03917730802218236,-0.00023338338204213836
1785123998.8368118,0.03914952843956,-0.000261772183699803
1785123998.8406873,0.039122461632569966,-0.00028934113804255355
1785123998.8493204,0.03909495628817349,-0.00031723154725583246
1785123998.8503199,0.0390684152952086,-0.00034401126237767576
1785123998.8563385,0.039041419469761994,-0.0003710877615392409
1785123998.8604486,0.03901394508575659,-0.00039853615988123505
1785123998.8653824,0.038988002164735046,-0.0004243394031802971
1785123998.870562,0.03896234049034816,-0.000449750603347553
1785123998.8757243,0.03893673466259921,-0.0004749699061807373
1785123998.8808148,0.03893119841539501,-0.00048040143123705977
1785123998.8884065,0.03892931215534042,-0.0004822441849490409
1785123998.893446,0.03892584118694715,-0.00048561810705096087
1785123998.896992,0.03892006613891006,-0.0004912034289788175
1785123998.9008613,0.03891221508886793,-0.000498767768885547
1785123998.907075,0.03890332905589116,-0.0005072842602326614
1785123998.9107583,0.03889370674839548,-0.0005164761877202326
1785123998.9156592,0.03888458058661097,-0.0005251458422041898
1785123998.9247115,0.03887614635003244,-0.0005331107691990972
1785123998.9276464,0.038868443575265595,-0.0005403585377363059
1785123998.9308867,0.03886972993937835,-0.0005391516106016833
1785123998.9371483,0.038873758081966,-0.0005353870677511276
1785123998.9410594,0.03887826549466181,-0.0005312049712750202
1785123998.9497435,0.038883443970373265,-0.0005264223254243278
1785123998.9515963,0.03888925920403352,-0.0005210869420783867
1785123998.9577432,0.03889596992939686,-0.0005149667608187336
1785123998.9627967,0.03890390623639452,-0.0005077714376174022
1785123998.9684622,0.038913529302787936,-0.0004990962605452275
1785123998.973184,0.03892509994786574,-0.0004887193969961114
1785123998.9761696,0.03893835934305155,-0.0004769005647281931
1785123998.9797587,0.03894553788345882,-0.000470522511401927
1785123998.9858813,0.03895309603619815,-0.0004638457617494942
1785123998.991393,0.038963471300462786,-0.00045472829502330386
1785123998.9961417,0.03897642221495401,-0.0004434042352923347
1785123999.0010881,0.03899224113832388,-0.00042966740008568285
1785123999.0069091,0.03901065557840746,-0.00041375301812775233
1785123999.0103836,0.03903208915400847,-0.00039533680073355686
1785123999.0171995,0.039055379301420466,-0.00037545866674150257
1785123999.021482,0.03908043618866656,-0.0003541805694301251
1785123999.0270686,0.03910634398653226,-0.0003323118791253549
1785123999.0317168,0.03912977199334883,-0.0003126509172553691
1785123999.0361335,0.03914931206315437,-0.0002963569967648516
1785123999.04133,0.039169252518519104,-0.0002798052322320315
1785123999.0505376,0.039189304582360494,-0.0002632551614409565
1785123999.0520782,0.03921137694483986,-0.00024513142561235303
1785123999.057379,0.039234715000125625,-0.00022609124151780168
1785123999.0604641,0.039259030083801084,-0.000206315783971259
1785123999.065452,0.03928343206315395,-0.0001865454476488734
1785123999.0713127,0.0393064022421275,-0.0001680137257425038
1785123999.0755074,0.03932917221456129,-0.00014972625562007376
1785123999.0797563,0.03935144418973217,-0.00013188320133104026
1785123999.0867229,0.03937399580698491,-0.00011386908392530421
1785123999.0910306,0.03939435201659574,-9.765424676290386e-05
1785123999.0955684,0.03941475518276027,-8.144749629606958e-05
1785123999.1003017,0.03943435311587437,-6.592423112886033e-05
1785123999.1070278,0.03945319461585842,-5.102100583297461e-05
1785123999.1107678,0.03947228222225707,-3.591577249190638e-05
1785123999.1161058,0.03949043805829471,-2.157112952856676e-05
1785123999.1224353,0.03950830790924194,-7.455477691477065e-06
1785123999.126181,0.03952704456887483,7.347651701343135e-06
1785123999.1299274,0.03954249653483574,1.9558783494058428e-05
1785123999.1378522,0.03956192524117016,3.491994800226062e-05
1785123999.1409237,0.03958436835956151,5.2700752991103166e-05
1785123999.1471913,0.03961003652922924,7.309471631596024e-05
1785123999.149993,0.03963671303567863,9.435883772855353e-05
1785123999.1564138,0.03966279404843519,0.00011516679180369188
1785123999.1604097,0.0396885677006139,0.00013577117001822319
1785123999.1653557,0.03971510581511566,0.00015703127838496145
1785123999.1708014,0.03974279522461716,0.0001792686435923667
1785123999.1759434,0.039769659099835826,0.00020092128766788936
1785123999.180224,0.03979015003552558,0.00021745951063723
1785123999.1877189,0.03980824933534834,0.00023210289621926732
1785123999.1914475,0.0398291557932473,0.0002490287199475443
1785123999.1951582,0.03985663370153198,0.0002712737213120188
1785123999.2011452,0.03988407144762691,0.00029353817848312106
1785123999.2061656,0.03991411875498492,0.00031795363207679704
1785123999.2099764,0.03994131958793815,0.00034006029928409506
1785123999.2164774,0.03997127548602685,0.0003644324039789792
1785123999.22067,0.039994620170997995,0.0003834472707476249
1785123999.2269652,0.04002031996750612,0.0004043812081758531
1785123999.2309208,0.04004943816081479,0.00042811773277892076
1785123999.2371464,0.04007725647354763,0.0004508151121326593
1785123999.240635,0.04009848120772264,0.000468148214568675
1785123999.2476892,0.040118436488167375,0.00048444552014045324
1785123999.2499592,0.04013665174962212,0.0004993192569009229
1785123999.2569187,0.04015340225378813,0.0005129508195494286
1785123999.2605708,0.04016596521865864,0.0005231653335732232
1785123999.2654548,0.04018510138022497,0.0005387001927438359
1785123999.2703547,0.040202556894734356,0.0005528165258795642
1785123999.2754922,0.04021599304135532,0.0005636498699125071
1785123999.2805266,0.04022612239738877,0.0005718062999427989
1785123999.2858987,0.040232571457863575,0.0005769904819691355
1785123999.2905738,0.04024507886134684,0.0005870133696241214
1785123999.295522,0.04026076615582492,0.0005995347622079829
1785123999.3000793,0.04027907622073543,0.0006140798550246263
1785123999.3065505,0.040299002530853056,0.000629869524271546
1785123999.310605,0.04030674350656834,0.0006359833387948039
1785123999.3167994,0.040323711969747204,0.000649347905023765
1785123999.3212972,0.040339681065244305,0.0006619056498674671
1785123999.3273993,0.04036170203192375,0.0006791434844138272
1785123999.3307555,0.04036882408101597,0.000684700467675693
1785123999.335697,0.04038509445125392,0.0006973432969686811
1785123999.3411326,0.0404046451705127,0.0007124528378229162
1785123999.347121,0.04041100999836197,0.0007173478413020874
1785123999.35001,0.04042129606034807,0.0007252267801040079
1785123999.358303,0.04042977732239083,0.0007316884167442456
1785123999.3605397,0.040437919110184004,0.0007378616015062389
1785123999.3654983,0.04045032322029426,0.0007472240365627529
1785123999.371815,0.04045187584320506,0.0007483912751719188
1785123999.3756325,0.040460623102080255,0.0007549225505714427
1785123999.3797734,0.0404674364430653,0.0007599754625273373
1785123999.3875623,0.04046690409997594,0.0007595825137854874
1785123999.3906412,0.040470481795478346,0.0007622090306196226
1785123999.3957276,0.0404756577705451,0.0007659946315209334
1785123999.4001215,0.04048484192354204,0.0007726759815638556
1785123999.405961,0.040491987296417974,0.0007778435860995976
1785123999.4099166,0.04049084212045957,0.0007770199802061302
1785123999.4165351,0.04049645457260448,0.0007810330388427422
1785123999.424224,0.04050406941933845,0.0007864611723671407
1785123999.4265356,0.04050250660589083,0.0007853508230721284
1785123999.4299297,0.040507380570747036,0.0007888054399071399
1785123999.4358354,0.04051086384468222,0.0007912677804376906
1785123999.4403815,0.040506618703784955,0.0007882766846932868
1785123999.4473228,0.04049772523384671,0.0007820361437847435
1785123999.4500835,0.04050308926339613,0.0007857987665171459
1785123999.4564767,0.04049872694954143,0.0007827515986935733
1785123999.4600112,0.04049828755598552,0.000782445743207821
1785123999.465953,0.040498643752732384,0.0007826926254981942
1785123999.4728932,0.04049114705061461,0.0007775164457698063
1785123999.475599,0.040484951287212925,0.0007732499930859306
1785123999.4800189,0.04048173884142167,0.0007710422228145332
1785123999.4852643,0.04047677750024657,0.0007676383178792082
1785123999.4908638,0.04047275176715155,0.0007648847579279199
1785123999.4953902,0.04046658728872451,0.0007606764117204498
1785123999.5004573,0.04046085312931922,0.0007567662739505523
1785123999.5065014,0.04045777061424273,0.0007546704821519219
1785123999.509957,0.040447545361619125,0.0007477258505012004
1785123999.516726,0.04044174743543715,0.0007437970365332866
1785123999.5209415,0.040437106765838685,0.0007406580887890168
1785123999.5265625,0.04043184418033145,0.0007371047270118984
1785123999.5310662,0.04042915929787877,0.0007352896524900643
1785123999.5354822,0.04042454092128551,0.0007321729539778133
1785123999.5420337,0.04042129188036636,0.0007299817918069592
1785123999.5485392,0.04041623948715631,0.0007265859173019667
1785123999.550338,0.04041282210271051,0.0007242941920851916
1785123999.5576038,0.04040964235521122,0.0007221650751341037
1785123999.5604334,0.0404059379438709,0.000719693124786283
1785123999.564926,0.04040171360383115,0.0007168727585409818
1785123999.570833,0.04039705445549127,0.0007137615711206335
1785123999.5757551,0.04039236967112694,0.0007106373259296706
1785123999.5799284,0.040392016341010306,0.0007104015262624775
1785123999.5851016,0.040388256766821264,0.0007078951265838265
1785123999.5912933,0.04038885861164146,0.0007082956045548353
1785123999.5949755,0.04039098665130829,0.0007097115882953075
1785123999.6000257,0.04039092852472772,0.0007096729256977185
1785123999.606588,0.04039356633078712,0.0007114255838680643
1785123999.6098032,0.04039718824625502,0.000713828976346951
1785123999.6168833,0.040398164938985695,0.000714476529791933
1785123999.6282566,0.040401943147833796,0.0007169796858336306
1785123999.6295843,0.040400999219996556,0.0007163543197593753
1785123999.6316726,0.040405181901305195,0.0007191262795182236
1785123999.6366298,0.04040511860708867,0.0007190844218894838
1785123999.6404803,0.040411013907247655,0.0007229801613469877
1785123999.646565,0.04041205700285127,0.0007236686279667521
1785123999.6506524,0.04041501812437479,0.0007256245717787122
1785123999.656143,0.04042405189602149,0.0007315824206689999
1785123999.6599295,0.040426970850380946,0.0007335056706140795
1785123999.6659122,0.04043137814445813,0.0007364071908561899
1785123999.6714187,0.040441576261392824,0.0007430970896356759
1785123999.6754904,0.0404395290150069,0.0007417566124493684
1785123999.6801755,0.04044610909734042,0.0007460553411674659
1785123999.6860828,0.04044744855234799,0.0007469279291052579
1785123999.6914718,0.04045080786866825,0.0007491125144789601
1785123999.6954834,0.04046048420226258,0.0007553942030979557
1785123999.7005672,0.040467344659880285,0.0007598372325888949
1785123999.7071657,0.040473130387496045,0.0007635783662864101
1785123999.7106125,0.04047889057184369,0.0007672922230392144
1785123999.7166512,0.04048078140510479,0.0007685086746919061
1785123999.7214015,0.04048503454809576,0.0007712326218005213
1785123999.7264187,0.040495695996538274,0.0007780502606268997
1785123999.730408,0.040492095507602535,0.000775757448937295
1785123999.7361045,0.04049723948136336,0.0007790264100911204
1785123999.7402508,0.04050053625116562,0.0007811166811405441
1785123999.7475743,0.04050318958342873,0.0007827914502459396
1785123999.7505288,0.04050212646571262,0.000782121613295558
1785123999.7559938,0.04049925216618886,0.0007803183156491453
1785123999.7603526,0.0405044597160821,0.0007835752126811648
1785123999.7654078,0.040498008630999775,0.000779555836984812
1785123999.7714086,0.04050158946869445,0.0007817793384794379
1785123999.7768762,0.04050015710191453,0.0007808916935134712
1785123999.7826183,0.04049809988926277,0.0007796216742372243
1785123999.7885568,0.04050009141817186,0.0007808463309679237
1785123999.7911742,0.04049132579668432,0.0007754688941362073
1785123999.7954688,0.04049085774633046,0.0007751826606827025
1785123999.7999868,0.0404858446005682,0.0007721265775498398
1785123999.807351,0.04047859531223154,0.0007677211503695806
1785123999.810196,0.040477582062763785,0.0007671079849869696
1785123999.8170645,0.04047429144136301,0.0007651224661952776
1785123999.821794,0.04047001786175526,0.0007625495811524476
1785123999.8271565,0.04046882371179856,0.0007618342625593179
1785123999.8299773,0.04045745410647896,0.0007550550638727257
1785123999.8358538,0.04045261085654137,0.0007521796814595152
1785123999.840878,0.04044932287920305,0.0007502354048373694
1785123999.8468134,0.04043671879212606,0.0007428166145415783
1785123999.8497515,0.040430712980941,0.00073929515679315
1785123999.8570015,0.04042628125914777,0.000736707663081348
1785123999.8601012,0.04041667573469773,0.0007311187214349686
1785123999.866246,0.04040722119767206,0.0007256464137164595
1785123999.8716352,0.04040076619592139,0.0007219238354736541
1785123999.8758805,0.0403952035309809,0.0007187242283433155
1785123999.8807828,0.04038131286266006,0.000710747653926728
1785123999.8855283,0.04037342472300626,0.0007062371517834848
1785123999.890777,0.0403670535103788,0.0007026148502453364
1785123999.8951194,0.04036063515226619,0.0006989817148369557
1785123999.9011016,0.04034585796578749,0.000690653257243733
1785123999.906832,0.0403368196235483,0.000685581880727948
1785123999.9102204,0.04032961372631975,0.0006815532357607952
1785123999.9157434,0.04032249184790542,0.0006775861365449042
1785123999.9210277,0.04031041739423188,0.0006708781400732024
1785123999.9256964,0.04030167470114516,0.0006660407417011362
1785123999.9304233,0.040292208832557984,0.0006608150135193225
1785123999.9377294,0.0402825296758985,0.0006554909988116323
1785123999.9407299,0.040270406380051506,0.0006488479787243275
1785123999.9468796,0.04026034252508148,0.0006433482673028595
1785123999.9501576,0.04025097144435282,0.0006382441773444317
1785123999.9567578,0.0402421652526777,0.0006334699508874044
1785123999.9604115,0.040233620425309966,0.0006288458860172699
1785123999.9656363,0.04022509571402501,0.0006242384061645978
1785123999.9738286,0.04021655959197806,0.0006196407660004109
1785123999.9760478,0.04020790785560789,0.0006149944884205914
1785123999.980509,0.0402017805909773,0.0006117138111749734
1785123999.9860766,0.04019647958906691,0.000608875200100496
1785123999.990642,0.04019103626537785,0.0006059644580769179
1785123999.9955976,0.040183349056049054,0.0006018619155605095
1785124000.0001724,0.04017743872562707,0.0005987171586388642
1785124000.006961,0.04017213434689537,0.0005958905190274715
1785124000.0105042,0.04016728810381857,0.0005933160776081431
1785124000.0161352,0.040162695160658644,0.0005908830300668641
1785124000.0214922,0.04015829003038775,0.0005885532979635808
1785124000.0266042,0.040154029391168605,0.0005863051608627792
1785124000.0302913,0.04015218420024326,0.0005853340867746143
1785124000.0364122,0.0401478325009492,0.000583046713872797
1785124000.0410924,0.040146441455799875,0.0005823168839398134
1785124000.0477467,0.04014608085202071,0.0005821281293912267
1785124000.0503623,0.040146056878196036,0.0005821155891231554
1785124000.0566053,0.04014621439988814,0.0005821978881870247
1785124000.0601912,0.04014298467000658,0.0005805150534804167
1785124000.0655084,0.04014306055421618,0.0005805544828594801
1785124000.0728972,0.04014441964240912,0.0005812606653701751
1785124000.075824,0.04014633795255345,0.0005822561960327399
1785124000.0805192,0.04014913512541249,0.0005837058935182906
1785124000.0866785,0.04015237322236392,0.0005853783954464346
1785124000.0916224,0.040156110104500896,0.0005873038932200016
1785124000.0959325,0.04015608070244694,0.0005872887595178033
1785124000.100695,0.04015973354186092,0.0005891660491489874
1785124000.106745,0.04016478385751264,0.0005917502194208255
1785124000.1104593,0.04017046339723932,0.0005946507447304414
1785124000.116623,0.040176357158136285,0.0005976536299446377
1785124000.1215444,0.04018271599137215,0.0006008895419627727
1785124000.1281412,0.04018918146388021,0.0006041690224515245
1785124000.131072,0.04019085165532201,0.0006050134198058324
1785124000.1362388,0.040196140443929426,0.000607679496557732
1785124000.1408794,0.04020299345306387,0.0006111254257845439
1785124000.14837,0.040210242892540535,0.000614773370815582
1785124000.1509893,0.040217789174716,0.000618561608449502
1785124000.1570644,0.04022575858347995,0.0006225560970383602
1785124000.160172,0.04023400295678555,0.0006266761521538333
1785124000.167959,0.04024225531737329,0.0006307863330939865
1785124000.1730027,0.04024636779766877,0.0006328280668879728
1785124000.1755538,0.04025424141883478,0.000636731328747385
1785124000.1799467,0.040261743360596326,0.0006404490377438502
1785124000.187147,0.04026935438077447,0.0006442086042891749
1785124000.1904473,0.04027737092714059,0.0006481540505682663
1785124000.1958292,0.040285423654807216,0.0006521054797678521
1785124000.199979,0.04029357798481921,0.0006560870000151485
1785124000.206925,0.04029333819548712,0.0006559703711056089
1785124000.2103786,0.040299427676644475,0.000658921732312327
1785124000.2166011,0.040307767335726094,0.0006629491019953213
1785124000.2205286,0.04031665246231361,0.0006672270669661197
1785124000.2273116,0.040325664762939264,0.0006715466063170823
1785124000.2305076,0.040324789541601284,0.0006711291497701155
1785124000.2363486,0.040329637652023305,0.0006734314731221696
1785124000.2403624,0.040336519838824386,0.0006766850707658659
1785124000.2469327,0.04034376234575712,0.000680091114563155
1785124000.2501717,0.04035094035108664,0.0006834530560757542
1785124000.257076,0.040349590602397165,0.0006828231594754305
1785124000.261414,0.040354287784016,0.0006850043073490632
1785124000.2656019,0.04036090488780471,0.0006880629087190626
1785124000.271064,0.04036774941157166,0.0006912161423211136
1785124000.2761047,0.04037437671824085,0.0006942550615887296
1785124000.2801323,0.04037587432460387,0.0006949396152149249
1785124000.2851985,0.0403803395553867,0.0006969723144701317
1785124000.2913194,0.040385697781001206,0.000699407054556525
1785124000.2955987,0.040390950273391374,0.0007017857242765383
1785124000.300512,0.04038759123043146,0.0007002685715652578
1785124000.3069375,0.04038992714653462,0.0007013196679555742
1785124000.3101354,0.04039395334149255,0.0007031251836691596
1785124000.3156466,0.04039813303293364,0.0007049965542255914
1785124000.3225305,0.04040199886764593,0.0007067232923331422
1785124000.3262868,0.04040110253893745,0.0007063255827939105
1785124000.330947,0.04040411229295449,0.0007076573364891632
1785124000.338773,0.04040785365674406,0.0007093049015852142
1785124000.3409102,0.04041148018702387,0.0007108977681101998
1785124000.3477259,0.04040622360639338,0.0007085988737127499
1785124000.351479,0.04040652003939328,0.0007087280517769282
1785124000.357435,0.040408187143174644,0.0007094524002128423
1785124000.3602724,0.04040980823764626,0.0007101537558792617
1785124000.3666105,0.0404109868240742,0.0007106624763797345
1785124000.3735192,0.040403676025093545,0.0007075174006371371
1785124000.3761904,0.040401655171522,0.0007066494376601479
1785124000.3809855,0.040402622335483036,0.0007070637717860646
1785124000.3854923,0.04040404786444613,0.0007076720976917427
1785124000.391604,0.0404050850086611,0.0007081150193205247
1785124000.395184,0.04039707481339231,0.0007047105031268624
1785124000.4007568,0.040394716142000936,0.0007037108156411969
1785124000.4065175,0.04039392485381393,0.0007033761700609071
1785124000.4104242,0.04039331928103628,0.000703120557442685
1785124000.415954,0.04039249857783845,0.0007027751343791777
1785124000.4209855,0.04037797907854173,0.0006966971695102904
1785124000.4262257,0.040368905632830764,0.0006929017203152879
1785124000.4310203,0.04037065030878036,0.0006936298418783911
1785124000.4354122,0.04034267321906642,0.0006819749105963643
1785124000.4414577,0.04034030005990707,0.0006809881407601787
1785124000.447885,0.04031154169770135,0.0006690841842149813
1785124000.4499931,0.0403103687458018,0.0006686002281710074
1785124000.4567645,0.04027435376505061,0.0006537740174542489
1785124000.4598906,0.04027129630482343,0.0006525161748341716
1785124000.4653757,0.04026025974192346,0.0006479997292731699
1785124000.471126,0.04024801901433697,0.000643013961997317
1785124000.4758356,0.04025457496507996,0.0006456752102129122
1785124000.4798386,0.040207978602391815,0.0006267944226464102
1785124000.4851844,0.04019918345070572,0.0006232403474154053
1785124000.4906268,0.0401414153595461,0.0005998929305400012
1785124000.4949892,0.040134177052631816,0.0005969764645874368
1785124000.5003448,0.04010381819749978,0.0005847828518315426
1785124000.5067132,0.04003386893475259,0.0005567230957073523
1785124000.5101728,0.040026043102124674,0.0005535932786197753
1785124000.515621,0.039994884390035276,0.0005411896565874072
1785124000.5239468,0.03992551677424114,0.0005136478719986346
1785124000.5263498,0.03991618510855178,0.0005099538419959872
1785124000.5307448,0.03985403435298412,0.0004854241931349297
1785124000.5366244,0.03985714398418959,0.0004866468012558985
1785124000.540875,0.039804983145842056,0.00046621316893258053
1785124000.5479183,0.03979735944258324,0.00046323826951447875
1785124000.5505207,0.039741191315933184,0.00044146588922870016
1785124000.5577915,0.03973870562864352,0.0004405048146158428
1785124000.5614305,0.039682470326908234,0.00041884500274431117
1785124000.565772,0.03967719888385942,0.0004168223021737484
1785124000.5719762,0.039645722378795815,0.00040482189058057617
1785124000.5759025,0.03960384040224086,0.00038893926557414095
1785124000.5810122,0.039567766608820505,0.00037532208279248455
1785124000.5857236,0.03953190567993353,0.0003618518786574367
1785124000.5907016,0.039484093715116055,0.0003439779566994637
1785124000.5954254,0.039448038604232315,0.0003305576578528425
1785124000.600053,0.039417091075287965,0.00031910350748229886
1785124000.6069465,0.03938691075144021,0.0003079448603769353
1785124000.6111586,0.03935585519927954,0.00029649632155967585
1785124000.6165411,0.03932533056803687,0.00028528653664106545
1785124000.6213586,0.03929572910562588,0.00027445108182845796
1785124000.6260035,0.03926643437271283,0.0002637865185986857
1785124000.6303391,0.03923807552752959,0.000253511171761309
1785124000.6385255,0.03921100830066879,0.00024374918499298174
1785124000.6425595,0.03918284760681876,0.00023361401055923162
1785124000.6476796,0.03915494254507285,0.00022358990727427226
1785124000.650416,0.039128059034456715,0.00021396369439661918
1785124000.6575866,0.03910077044409935,0.0002042285062731681
1785124000.6616445,0.03907481726459625,0.00019501312730068964
1785124000.667233,0.039049384362881606,0.00018602038551312697
1785124000.6713543,0.0390241371864713,0.00017713145824721195
1785124000.676652,0.03899806925799483,0.00016798523587100624
1785124000.6798935,0.0389760438577364,0.00016027029374235627
1785124000.6849627,0.038954843709990396,0.00015287163099199662
1785124000.6912386,0.038930129607811996,0.00014427961689781815
1785124000.6952484,0.03890943326314017,0.0001371158867574363
1785124000.7004352,0.038878848500558436,0.00012654732087930733
1785124000.7064698,0.03885699255453879,0.00011901558853069895
1785124000.7103684,0.038838659270632035,0.00011271819416913593
1785124000.7156057,0.038815139887631,0.00010467685064258094
1785124000.7245686,0.03879684875206189,9.843889264760138e-05
1785124000.7258756,0.0387709275620835,8.963771122703562e-05
1785124000.730368,0.03875237506757742,8.336955458180194e-05
1785124000.7368193,0.03872681921046217,7.477060483275394e-05
1785124000.7407105,0.038709782525905435,6.904181603222963e-05
1785124000.7464368,0.03869640276135075,6.456015059129936e-05
1785124000.750556,0.03867449245249675,5.724729628322852e-05
1785124000.757211,0.038660232180936734,5.251046468010976e-05
1785124000.7601895,0.038638032275068145,4.5170855153523605e-05
1785124000.7656994,0.03862523063785725,4.095582210720909e-05
1785124000.771382,0.03861606016459157,3.7951446682521723e-05
1785124000.77634,0.0385974956535695,3.1909235164975996e-05
1785124000.7796826,0.03858485779306915,2.783279115746806e-05
1785124000.7862825,0.03857475917363532,2.4592966243639944e-05
1785124000.7916496,0.038566073186088616,2.1814088560816373e-05
1785124000.7957668,0.03855243406913274,1.7457286959095435e-05
1785124000.800614,0.038544447979599175,1.491406342659395e-05
1785124000.8089087,0.038538054647297086,1.2884056802647734e-05
1785124000.8222983,0.03852219564570182,7.859709004164544e-06
1785124000.8241184,0.038514335935947136,5.370333316832403e-06
1785124000.8257637,0.03850954292494567,3.865999174967082e-06
1785124000.8274767,0.03850574769852154,2.6774761445534328e-06
1785124000.8310452,0.03849649106571868,-2.0540898581171893e-07
1785124000.8379838,0.0384930347748502,-1.2786292579251244e-06
1785124000.8418708,0.038491537342890556,-1.7415149444276163e-06
1785124000.8494098,0.03848016202258364,-5.244785594974816e-06
1785124000.8516603,0.03847672989298366,-6.297755184848787e-06
1785124000.8564022,0.03847607918466522,-6.4964849218364385e-06
1785124000.8606513,0.0384655413609648,-9.697084536784002e-06
1785124000.864966,0.038463445770315484,-1.0332399237690955e-05
1785124000.8707979,0.038464260362916045,-1.0087031870153647e-05
1785124000.8757563,0.038455473693130814,-1.2726651642013642e-05
1785124000.8796375,0.03845278663256012,-1.3532811764762154e-05
1785124000.8854485,0.03845248887001173,-1.3621940800867489e-05
1785124000.8909094,0.03845329252380435,-1.3381909628203767e-05
1785124000.894844,0.0384491916420861,-1.4604996009333584e-05
1785124000.900576,0.03845020126816887,-1.4303645944005761e-05
1785124000.9070606,0.0384530548276618,-1.3453567238075799e-05
1785124000.913911,0.03844598567444065,-1.555416255983133e-05
1785124000.9159656,0.038447116541569036,-1.5219415529277556e-05
1785124000.9248652,0.03845112098792472,-1.4035109806367716e-05
1785124000.9281127,0.03844549779657783,-1.5689342571982454e-05
1785124000.9309766,0.03843109546827291,-1.992608688669669e-05
1785124000.9358966,0.03841529379695038,-2.456069311995408e-05
1785124000.9412308,0.03840193739492721,-2.846464861392417e-05
1785124000.9503016,0.03839149631776949,-3.151101032568019e-05
1785124000.9520693,0.03838367516064722,-3.379748814195039e-05
1785124000.956311,0.03837808535112006,-3.5426765564239704e-05
1785124000.9606037,0.038373776927016094,-3.668170309405296e-05
1785124000.965274,0.03837024553789775,-3.770841837037135e-05
1785124000.971107,0.038367046753319485,-3.863867123755886e-05
1785124000.9761016,0.03836365600471505,-3.962395542172117e-05
1785124000.9808354,0.03834603635747448,-4.472668986088286e-05
1785124000.9862428,0.03832511394153302,-5.082160730548898e-05
1785124000.9909005,0.03830533092397451,-5.6597360956965564e-05
1785124000.9960551,0.038287524857482415,-6.178992251843175e-05
1785124001.000747,0.03827030775170767,-6.682071588819619e-05
1785124001.0063734,0.038254166632914734,-7.154317260144993e-05
1785124001.0104578,0.03823800102792109,-7.62577968185947e-05
1785124001.0164454,0.03822151406681007,-8.108959392420235e-05
1785124001.024099,0.03820449546781349,-8.609366412976033e-05
1785124001.0280845,0.038186045564213435,-9.152794429863255e-05
1785124001.0311692,0.03815881149856871,-9.958642858099176e-05
1785124001.0369856,0.03812879989927871,-0.00010850363743570544
1785124001.041777,0.03810036934661702,-0.00011698823421968339
1785124001.0502572,0.03807120403197967,-0.0001257395215692376
1785124001.0536988,0.03804249611405003,-0.00013437327472996208
1785124001.0577931,0.03801237790097234,-0.00014350551696717075
1785124001.0602763,0.03798237357313768,-0.00015265814178059284
1785124001.0668821,0.037951597762367,-0.0001620943526762034
1785124001.0711796,0.037918278251842324,-0.00017238088276307238
1785124001.0759547,0.0378843803407522,-0.00018290206396619208
1785124001.080991,0.037848689467235574,-0.0001940441010134916
1785124001.0859694,0.037811538599398696,-0.00020568849346631231
1785124001.0903444,0.037773425168912675,-0.00021772107270427908
1785124001.095976,0.03773687596990128,-0.00022931500258220307
1785124001.1008904,0.03769930281991393,-0.00024129596940639135
1785124001.106716,0.03766093253447576,-0.00025360028617535347
1785124001.1112053,0.037621542822735596,-0.00026629146268555804
1785124001.116683,0.03758082012053569,-0.00027951746297365785
1785124001.1233194,0.03753730521730933,-0.0002937402623133928
1785124001.12621,0.03749457275067963,-0.00030779869832602664
1785124001.13067,0.037467868935164246,-0.00031665695499411776
1785124001.1363845,0.03744344202836395,-0.0003248204304898171
1785124001.1408193,0.03741869369359185,-0.00033316223925155283
1785124001.1479928,0.03738896528653137,-0.0003432524964685316
1785124001.1499655,0.037358916921883804,-0.0003535124924364775
1785124001.1571662,0.037326055453238915,-0.0003647965179761766
1785124001.160573,0.03729312627734804,-0.00037618315534003645
1785124001.1668153,0.03725898495567418,-0.00038809230196775856
1785124001.172962,0.03722493210530096,-0.00040007796823903505
1785124001.1771235,0.037191294007341315,-0.0004120384663864219
1785124001.1809764,0.03715545653432855,-0.0004249119655585777
1785124001.1881347,0.03711897813809501,-0.00043812956454617765
1785124001.1938944,0.03708355392919687,-0.0004510698550808544
1785124001.1972167,0.037050627346719656,-0.00046319782778191684
1785124001.201923,0.037019255668096086,-0.00047482718169439416
1785124001.2080507,0.036988012670898344,-0.0004865284521622449
1785124001.210686,0.036958773047527455,-0.0004976007498414015
1785124001.2163978,0.03696088628385039,-0.0004967932302664661
1785124001.2226589,0.03697183100972618,-0.000492574741972258
1785124001.2253377,0.036982255282246,-0.0004885320519891859
1785124001.231687,0.03698853994713138,-0.0004860817447711142
1785124001.2388384,0.03699240544300217,-0.00048456402967996063
1785124001.24199,0.036995838784345605,-0.0004832038119912652
1785124001.2517695,0.03700024736588943,-0.00048144818240238626
1785124001.2547512,0.03700651662602611,-0.0004789413625321337
1785124001.2575512,0.03701531580988311,-0.00047540813949965225
1785124001.2605283,0.03702716090334563,-0.00047064893057622393
1785124001.2697768,0.03704228429972063,-0.00046455026203507505
1785124001.2758234,0.03705988087662029,-0.000457422127270347
1785124001.2777634,0.03708037857727018,-0.00044908931590772295
1785124001.2807884,0.03710029523996848,-0.00044096603406020745
1785124001.2873785,0.03712287760383933,-0.00043173712046877397
1785124001.2909048,0.03714756526419067,-0.00042162646782498007
1785124001.295254,0.03717432172629701,-0.00041064923782335646
1785124001.300387,0.03720414559459346,-0.00039840149002855245
1785124001.3061864,0.03723587237997147,-0.00038538789923182567
1785124001.310083,0.037269308493165794,-0.0003716601985674792
1785124001.3166752,0.03730448092591317,-0.00035722478112857345
1785124001.3209434,0.03734043717197411,-0.00034247963650302436
1785124001.3255782,0.03737889025493351,-0.0003266871509770441
1785124001.3312562,0.03741687991723374,-0.00031108324623100675
1785124001.3372002,0.03745253296288878,-0.00029645994732544585
1785124001.3406084,0.037487383079812045,-0.0002821732359687785
1785124001.3471107,0.037525590372362985,-0.0002664825748279714
1785124001.3500018,0.03756293571558732,-0.00025114870704812754
1785124001.356071,0.037602363289462454,-0.00023498259155435515
1785124001.3601692,0.03764140342202227,-0.00021900206745728383
1785124001.3652093,0.03768085619054111,-0.00020289417503804703
1785124001.3711119,0.03771961410150572,-0.00018708689506840938
1785124001.376373,0.03775805589777537,-0.00017140998117439152
1785124001.3804848,0.037799246628842695,-0.00015459583983242617
1785124001.3866904,0.03783968996818671,-0.0001380864411187273
1785124001.39095,0.03788192497192831,-0.00012082256302325655
1785124001.395926,0.03792362472239223,-0.00010376934458728933
1785124001.4004192,0.03796617959980012,-8.6362306004429e-05
1785124001.4073668,0.03800818162810589,-6.916360002077176e-05
1785124001.4107306,0.03804959445100763,-5.2235822066074044e-05
1785124001.4159918,0.038089366559953076,-3.59620132613103e-05
1785124001.421547,0.03812076345103359,-2.3079685353059583e-05
1785124001.4268343,0.038151789644467485,-1.0317513560808029e-05
1785124001.4324493,0.03818449180172131,3.1818660953523567e-06
1785124001.4365022,0.03822688461157715,2.068115779570806e-05
1785124001.4403665,0.03825627030349085,3.284607324927384e-05
1785124001.4480937,0.03828707371815509,4.564849226718371e-05
1785124001.4503279,0.03832194023540955,6.01751484047327e-05
1785124001.456478,0.038362830614719096,7.727595645334083e-05
1785124001.4607298,0.038379114584771515,8.408398932889047e-05
1785124001.4689898,0.03840471142393962,9.479207387490696e-05
1785124001.473106,0.038449478253205494,0.0001135810586369645
1785124001.4767623,0.038461269744544474,0.00011852969503272177
1785124001.4802642,0.03849613305028511,0.00013322599292399755
1785124001.4862714,0.03853016608401172,0.00014762560673796388
1785124001.4909317,0.03853669828651058,0.00015040508266250216
1785124001.4952323,0.03857001320635574,0.00016463676314956743
1785124001.5008,0.03860005930999531,0.00017753848263450065
1785124001.5063405,0.03862096361672683,0.00018656426496480486
1785124001.5100856,0.03864417466371248,0.0001966519046721582
1785124001.515675,0.038669920970909426,0.0002079097449384642
1785124001.5221376,0.038673522473060815,0.00020949114539289983
1785124001.5257792,0.03869912828130067,0.00022080510147771235
1785124001.53635,0.03872531511118922,0.0002324696423026183
1785124001.541642,0.03875157694564152,0.0002441962132921957
1785124001.5435205,0.03877463788000807,0.0002545481769939048
1785124001.550526,0.03878543439857202,0.00025942330633610855
1785124001.55208,0.038801895850996075,0.0002669082160420334
1785124001.5569775,0.038821336001237536,0.0002757807268866986
1785124001.560062,0.038826949813371404,0.00027835791118091454
1785124001.5653284,0.038837746506747296,0.00028334231531013717
1785124001.5707514,0.0388536084957025,0.0002907117243181157
1785124001.5761154,0.038871822341909924,0.00029924441044760196
1785124001.5809903,0.03886001898394911,0.0002936784658126117
1785124001.5855312,0.03886335059232106,0.0002952568355121854
1785124001.5910518,0.03887407543784865,0.0003003639437471176
1785124001.5964737,0.0388699003004784,0.00029835997804308293
1785124001.6004298,0.03886524243304884,0.0002961090000815415
1785124001.6069138,0.03887084928968656,0.00029883683129754775
1785124001.6101995,0.038865135273091704,0.000296042492693972
1785124001.6168635,0.038860284832649035,0.0002936555428982662
1785124001.6203916,0.038865526916358265,0.00029624667722383594
1785124001.6257179,0.03886035429978572,0.0002936831603822679
1785124001.6307037,0.038847010859903185,0.00028703871211062203
1785124001.637761,0.03884750627653873,0.00028728677773937056
1785124001.64054,0.038854872701013406,0.00029099670387955313
1785124001.6475084,0.03884636689889615,0.00028669413913092335
1785124001.6509514,0.038834045003617874,0.0002804222419361272
1785124001.6570952,0.03883418359089062,0.00028049312286146285
1785124001.6624205,0.03882631709139252,0.00027643446001806795
1785124001.666186,0.03882349279627939,0.00027496955269086737
1785124001.6717162,0.03881678649257606,0.00027147033074236357
1785124001.6765583,0.03881254198764589,0.0002692493709792991
1785124001.6801317,0.03880459497251076,0.00026507197556525165
1785124001.6853828,0.03880119561814131,0.0002632770464282428
1785124001.6914682,0.03879405964725016,0.00025948774513680266
1785124001.695226,0.038785587074442004,0.00025496621229393376
1785124001.699988,0.0387799227665247,0.0002519291434710658
1785124001.7073264,0.03877186363000304,0.0002475846668045177
1785124001.7109609,0.03876289757260273,0.00024272748505636235
1785124001.716581,0.038753197251733824,0.00023745610289924946
1785124001.7213273,0.038742977370802435,0.00023188051908753571
1785124001.7265174,0.03873279793289201,0.00022630560645863046
1785124001.731572,0.03872187712916708,0.00022031524810663494
1785124001.7364814,0.0387080262082164,0.00021268062813469105
1785124001.7404962,0.03869323214095824,0.00020448648884982367
1785124001.7473993,0.038677998326661266,0.00019600805025939472
1785124001.7518904,0.03866199173359775,0.0001870643837906849
1785124001.7600298,0.038644849737700396,0.00017746915949895092
1785124001.7615461,0.038627963906944215,0.00016798042631170065
1785124001.7719073,0.03860979911949132,0.00015773079000942156
1785124001.773235,0.038590434824904624,0.00014676251517900903
1785124001.7758465,0.038570860684116415,0.00013565166740983332
1785124001.7800665,0.038556575742069464,0.00012751521062197174
1785124001.7880425,0.038535175901810305,0.00011526313803620997
1785124001.7909234,0.038510420776296475,0.00010105425232362629
1785124001.7953382,0.03848538885106249,8.663940747739203e-05
1785124001.8010676,0.03845964887455047,7.178454879294485e-05
1785124001.8067455,0.038440992135982226,6.096775202222602e-05
1785124001.8100848,0.03841615627947462,4.649940820681361e-05
1785124001.8168647,0.03838950770693635,3.089971797282881e-05
1785124001.8224843,0.03836090985476897,1.4091967716105624e-05
1785124001.825782,0.038336832862774395,-1.1781191289954134e-07
1785124001.8509102,0.03830708134266255,-1.7728771921947197e-05
1785124001.8523755,0.0382769806349534,-3.558408126284145e-05
1785124001.8552475,0.038250574826197606,-5.132951045039882e-05
1785124001.85711,0.03822019893959968,-6.953311243660702e-05
1785124001.8604853,0.03819269204341303,-8.605876990640963e-05
1785124001.8618457,0.03816170989234845,-0.00010473532061571507
1785124001.872197,0.038138019717266484,-0.00011904914249324023
1785124001.8857777,0.03810702166374093,-0.00013781336993652223
1785124001.8922539,0.0380840263399607,-0.0001517745435295824
1785124001.896386,0.038054247675605835,-0.0001699111081498359
1785124001.9022667,0.03802179467728829,-0.00018976233434007947
1785124001.9083364,0.037993715917252986,-0.00020700777156440296
1785124001.9114099,0.037972677074067096,-0.00021997240608470918
1785124001.9165134,0.03794246522880632,-0.00023867848790407135
1785124001.922414,0.03790862854746924,-0.0002597498225613363
1785124001.9271338,0.037880140580232154,-0.00027755853624577615
1785124001.9314895,0.037861825155953724,-0.00028906853378345127
1785124001.9377048,0.037837509591200365,-0.000304376590207502
1785124001.9403722,0.037811636422362134,-0.00032072836645957286
1785124001.945339,0.03778482691947457,-0.0003377676131020735
1785124001.9504194,0.03776325934435411,-0.00035153678904247193
1785124001.9571376,0.03773680221248765,-0.00036850370473210005
1785124001.9606864,0.03771897866104837,-0.000380002501027815
1785124001.9679189,0.03769548791777006,-0.0003952300943751138
1785124001.9712603,0.037669918780879365,-0.00041185233547942526
1785124001.978665,0.03764830422245253,-0.0004259303875626151
1785124001.9822497,0.037624905108304074,-0.00044121702342731905
1785124001.9869404,0.03760973056143874,-0.000451174869988227
1785124001.9906127,0.03758891833428019,-0.0004649002792224925
1785124001.9958475,0.03756634578039251,-0.00047984246119769615
1785124002.001601,0.037548902106973835,-0.0004914432317078916
1785124002.0057733,0.03752820740462796,-0.0005052385741695036
1785124002.0103621,0.037515443195729366,-0.0005137667849865559
1785124002.0157907,0.037497305603960585,-0.0005259170006557482
1785124002.0206265,0.03747802218918367,-0.0005388889610367095
1785124002.0258949,0.037467332793548115,-0.0005461026895472878
1785124002.0323446,0.037449875119608775,-0.000557924494849987
1785124002.0354888,0.03743044334237252,-0.000571111520657558
1785124002.0405593,0.037416418445938564,-0.0005806493524303625
1785124002.0469673,0.03740000162335332,-0.0005918504583414016
1785124002.0511417,0.037383666766882644,-0.0006030172369410763
1785124002.057574,0.03737249750551032,-0.0006106756552075088
1785124002.0627453,0.03735836676076818,-0.0006204162166520548
1785124002.0707817,0.03734432582910333,-0.000630129400736846
1785124002.0740776,0.03733836861390138,-0.0006342601146213213
1785124002.0779417,0.03732752335662052,-0.0006417941245052727
1785124002.0812364,0.037313421094815745,-0.0006516215404898339
1785124002.0865903,0.03729931759957849,-0.0006614644876007023
1785124002.0921278,0.037285515884261454,-0.0006711296645349016
1785124002.0953581,0.037277264237846754,-0.0006769327523194003
1785124002.1008258,0.03726652656678219,-0.0006845107138372665
1785124002.1066148,0.03725593938958653,-0.0006920107114889255
1785124002.1104083,0.037245410312307714,-0.000699497565439579
1785124002.1169093,0.03723561409053194,-0.0007064849579274141
1785124002.1220603,0.03723373339217831,-0.0007078300187706437
1785124002.1281188,0.037227126878338755,-0.0007125601043965788
1785124002.1309671,0.03721763256286192,-0.0007193744317127513
1785124002.1384523,0.03720749803371599,-0.0007266807270763121
1785124002.1409905,0.037197766616981015,-0.0007337081659444272
1785124002.1456895,0.03718890988165811,-0.0007401221871710166
1785124002.150485,0.037180607029638296,-0.0007461396483600968
1785124002.1564667,0.037172699895106825,-0.0007518771694173486
1785124002.1612587,0.03717289208722116,-0.0007517374831502934
1785124002.168571,0.03716809469280639,-0.0007552310822797966
1785124002.1731472,0.03716136818024162,-0.0007601333529679061
1785124002.176241,0.03715469633912029,-0.0007650093302433367
1785124002.1809542,0.037146975381063305,-0.0007706666116187686
1785124002.18601,0.03713951109243793,-0.0007761448661502388
1785124002.1905653,0.03713243941263198,-0.0007813457085140779
1785124002.1967225,0.037125868553417506,-0.0007861849244890244
1785124002.201418,0.037119468247306914,-0.0007909070248674974
1785124002.2071376,0.03711369877127634,-0.0007951777403947174
1785124002.2105582,0.037108341996893335,-0.000799145966870465
1785124002.216808,0.03710297381981824,-0.0008031345199394775
1785124002.2233996,0.037098004831747,-0.0008068356493858666
1785124002.2258003,0.03709313843505775,-0.0008104690644941896
1785124002.230662,0.037096779882913086,-0.0008077367510603274
1785124002.2382894,0.03709470394674804,-0.0008092979750306567
1785124002.2421248,0.03709073401376011,-0.0008122934877934526
1785124002.2451067,0.037086098962825456,-0.0008158003861237008
1785124002.2505164,0.03708151832682625,-0.0008192695533651668
1785124002.2568326,0.03707722241945122,-0.0008225311904047927
1785124002.2604399,0.037073392835609335,-0.000825446465284768
1785124002.2694602,0.03706965373120043,-0.0008282992342732066
1785124002.273939,0.03706626349766184,-0.0008308934790866707
1785124002.276463,0.03706301790317667,-0.0008333797679072219
1785124002.281814,0.03706121469066322,-0.0008347655167407445
1785124002.287034,0.037059843670249545,-0.0008358231429215441
1785124002.2903492,0.03705860378133605,-0.0008367818750367679
1785124002.295695,0.03705746724235532,-0.0008376628400926232
1785124002.3009028,0.037056421196293245,-0.0008384767895204928
1785124002.3068113,0.037055461732138875,-0.0008392251601825269
1785124002.3118494,0.03705465031998057,-0.0008398601407604395
1785124002.3157365,0.037054052261437175,-0.0008403282273863627
1785124002.3207128,0.037053668094165514,-0.0008406292063944689
1785124002.3272657,0.037053483695656565,-0.0008407743447746631
1785124002.3319213,0.03704461628857558,-0.0008477748098685761
1785124002.337117,0.03704437982536294,-0.0008479623021555103
1785124002.3412879,0.03703533248400299,-0.0008551537358432473
1785124002.3461757,0.03702405593727507,-0.0008641433644498113
1785124002.3508356,0.037013586921478034,-0.00087251619700745
1785124002.3564386,0.03701404056094962,-0.0008721518694179718
1785124002.3660586,0.03700772774076348,-0.0008772363488459561
1785124002.3791096,0.036984379943041365,-0.0008961028258111655
1785124002.3798223,0.036977831563709346,-0.0009014077810093778
1785124002.3929753,0.03697844948832994,-0.0009009066714600724
1785124002.410482,0.03696905451610988,-0.0009085659124471866
1785124002.4288528,0.03697150267417945,-0.0009065614755223567
1785124002.4391096,0.036974952256475103,-0.0009037240724550201
1785124002.4528668,0.03697646392042835,-0.0009024761328020038
1785124002.473199,0.03696001496680905,-0.0009161243540367358
1785124002.4754667,0.036970461100757766,-0.0009074310382805525
1785124002.4874225,0.03697879546808296,-0.000900465617462612
1785124002.4946532,0.036968509637146964,-0.0009090842859449236
1785124002.4969325,0.03697266760550445,-0.0009055832156070171
1785124002.498903,0.036978684625139105,-0.0009005016337025306
1785124002.5061111,0.03698279500289335,-0.0008970165145264179
1785124002.5078268,0.036960421447537195,-0.000916046052295293
1785124002.5103993,0.03695898806130976,-0.0009172714613468632
1785124002.525114,0.03696290179765049,-0.0009139143454610895
1785124002.5262911,0.0369667089440927,-0.0009106338255685414
1785124002.536168,0.03694434036022316,-0.0009299286787969444
1785124002.5380177,0.03694346569468056,-0.0009306870707732638
1785124002.5452247,0.03694794076255924,-0.0009267928447705001
1785124002.5486963,0.03695539942113506,-0.0009202792705861229
1785124002.5508204,0.036937623459523096,-0.0009358547246879239
1785124002.5571756,0.0369410303038476,-0.0009328542925927829
1785124002.5612361,0.03694967984250627,-0.0009251970596464196
1785124002.565981,0.03695781414956052,-0.0009179603701901006
1785124002.5721185,0.03697247127786054,-0.00090486838156006
1785124002.5758474,0.03696522513448281,-0.0009113675392438825
1785124002.5801213,0.03697246839176333,-0.0009048412029117635
1785124002.585154,0.036982982241779844,-0.0008953162447483804
1785124002.590288,0.03699244185888375,-0.0008866984912330783
1785124002.5959556,0.03700453746957571,-0.0008756361938074842
1785124002.6001017,0.036980526962916774,-0.0008976918919445712
1785124002.606547,0.0369828893660151,-0.0008955134265492205
1785124002.6109145,0.03699293895242139,-0.0008862033950565902
1785124002.6159122,0.037011497472883015,-0.0008689321504588983
1785124002.6226125,0.03702368590617549,-0.0008575482925646619
1785124002.6256905,0.0370333555266759,-0.0008484730766918666
1785124002.6300914,0.03700732401570188,-0.0008729908857704516
1785124002.635686,0.037009945836829136,-0.0008705122924907955
1785124002.6438222,0.03702841521317111,-0.0008529897261089947
1785124002.6466534,0.037043017646762,-0.000839097692598278
1785124002.6500394,0.03705448526133929,-0.000828125099379421
1785124002.657209,0.03706429249319619,-0.0008186997645688099
1785124002.660099,0.03704205141817743,-0.0008401667055828233
1785124002.6647916,0.03704721416499753,-0.0008351672910657157
1785124002.670476,0.03706026046438313,-0.0008224706527425866
1785124002.6756532,0.03707836350584484,-0.0008047943484127757
1785124002.67988,0.03709601799193928,-0.0007874945863149863
1785124002.6852803,0.03711274740855642,-0.0007710392047574739
1785124002.692273,0.037127935510763106,-0.0007560235844822412
1785124002.6948378,0.03712808680247132,-0.0007558736128040043
1785124002.7004914,0.037142501921713984,-0.0007415073203310131
1785124002.7069728,0.03716116455692808,-0.0007228138107867488
1785124002.71038,0.037179137117377234,-0.0007047672627471624
1785124002.7157311,0.03719559902560107,-0.0006881811874829451
1785124002.7220492,0.03721071005867311,-0.0006729243317340676
1785124002.7266345,0.03722522123811602,-0.00065822617254965
1785124002.7316575,0.03723537360734926,-0.0006479154847695754
1785124002.7353544,0.037244401516417544,-0.0006387143906172169
1785124002.7435205,0.0372533378873541,-0.0006295819726302467
1785124002.7451317,0.0372629023201621,-0.000619779395811664
1785124002.750142,0.037243198404690016,-0.0006400224671714265
1785124002.75588,0.03724989940937265,-0.0006331182424999459
1785124002.7603493,0.037264832231346974,-0.0006176675166882287
1785124002.7650046,0.037280973604023514,-0.000600939505578303
1785124002.771684,0.037296103991390196,-0.0005852422205193974
1785124002.7757258,0.037310289210901904,-0.0005704850488070856
1785124002.7806022,0.03728612842943682,-0.0005956243936029269
1785124002.7862513,0.0372906396414178,-0.0005909193829373182
1785124002.7904928,0.037303985050236396,-0.0005769721458610324
1785124002.7953339,0.03731631264060164,-0.0005640546235754896
1785124002.8001091,0.03731448492455762,-0.0005659732475253096
1785124002.8058956,0.037327485053723686,-0.0005522960114831019
1785124002.8106592,0.03734140321923604,-0.0005376189826048459
1785124002.8164315,0.03733877500688037,-0.0005404006416663079
1785124002.8206968,0.03735195971664074,-0.0005263997522123552
1785124002.8255775,0.03736560681701018,-0.0005118682979298203
1785124002.830909,0.03733938500930794,-0.000539838340588107
1785124002.83564,0.03733755921928467,-0.0005417873784522928
1785124002.843801,0.037342412914398534,-0.0005366003191104237
1785124002.8462071,0.03733318653310342,-0.0005464972556090306
1785124002.8506873,0.037338778303674186,-0.0005404844725502179
1785124002.8628073,0.037346484111732414,-0.0005321935333675576
1785124002.8640695,0.0373470120132186,-0.0005316242149661541
1785124002.8657327,0.03735420917139541,-0.000523861401799209
1785124002.8725219,0.03734516247751648,-0.0005336383263519341
1785124002.8754013,0.037350161292520015,-0.0005282242894322465
1785124002.8798342,0.03731754749109563,-0.0005635927912973375
1785124002.885534,0.03731262052080301,-0.0005689475906435402
1785124002.8913045,0.037289548766372395,-0.0005940819171163092
1785124002.8954666,0.03728793035558787,-0.0005958485568931144
1785124002.899877,0.037273788364209755,-0.0006113332005561493
1785124002.9058824,0.03727558268730077,-0.0006093668613160078
1785124002.9113634,0.03724993333156818,-0.000637500966799324
1785124002.916099,0.037226982790930715,-0.0006626978633050576
1785124002.92086,0.03722934175781765,-0.0006601064324437922
1785124002.9270115,0.037240249830529655,-0.0006480906186380736
1785124002.931264,0.037208671674087035,-0.0006829379686102445
1785124002.9356174,0.03719412900813094,-0.0006989910275676253
1785124002.945911,0.03719500003511182,-0.0006980298240806211
1785124002.9501886,0.03717335341834703,-0.0007219406379475871
1785124002.9560885,0.03715049578731647,-0.0007472335950240086
1785124002.960137,0.03715071249941883,-0.0007469933319654673
1785124002.964976,0.03717338703333995,-0.0007218212431846369
1785124002.972223,0.03711914463432363,-0.0007820777148891674
1785124002.9759243,0.03710844428391248,-0.0007939863067085628
1785124002.9800766,0.03711133243647778,-0.000790765906478297
1785124002.9861412,0.037075455887144546,-0.0008308113872540394
1785124002.9911115,0.03707477129223846,-0.0008315766944611086
1785124002.9953377,0.03708009602305673,-0.0008256149403039973
1785124003.0009925,0.037060192831462266,-0.0008479407192793967
1785124003.006455,0.037045300338049,-0.0008646999919967827
1785124003.010188,0.03704644610769532,-0.0008634065587608609
1785124003.0157437,0.037025139526663885,-0.0008875075571553047
1785124003.0215201,0.03701069975061909,-0.0009038741530854495
1785124003.0254016,0.037013258230264544,-0.0009009644195349459
1785124003.0319085,0.03702980502976909,-0.0008820727917481644
1785124003.036374,0.03699257927716368,-0.0009247348988460459
1785124003.040196,0.03699124341967463,-0.0009262682709321815
1785124003.047199,0.03700916901143321,-0.0009056369705487599
1785124003.0508003,0.03699058911505084,-0.0009270749417095939
1785124003.0571713,0.03697003832500827,-0.0009508551786270587
1785124003.0604732,0.036983845197714416,-0.0009348507196032152
1785124003.0654275,0.03700028818661537,-0.0009157408025910363
1785124003.0710511,0.03695025940237504,-0.0009741197075043303
1785124003.0755167,0.03695967300569288,-0.0009630820528819439
1785124003.0805845,0.03698188461512437,-0.0009369456407491049
1785124003.0853264,0.03696278252439164,-0.0009595120325841339
1785124003.0899832,0.03696705096200851,-0.0009544493294964364
1785124003.0965054,0.03698191214023632,-0.0009367990792387324
1785124003.0997179,0.036995860915287206,-0.0009201899661644285
1785124003.105925,0.037020297859612805,-0.0008910006119994521
1785124003.11111,0.0370151092956523,-0.0008972211147056554
1785124003.115548,0.03702821508748286,-0.000881461701749158
1785124003.1227283,0.03701141233308913,-0.0009017172335870361
1785124003.1279628,0.0370144672231724,-0.0008980223303362015
1785124003.130007,0.03703776495103214,-0.0008697898712086962
1785124003.1355639,0.03706292276579502,-0.0008392371383166294
1785124003.140882,0.03708362915083815,-0.0008139900410577061
1785124003.1491888,0.03710070678743744,-0.0007930895471892822
1785124003.1503453,0.03712839765266226,-0.0007591300136469849
1785124003.1559854,0.037146313016847704,-0.0007370697875358395
1785124003.1600852,0.03716118412900122,-0.0007186748072572301
1785124003.1654525,0.037181819900361346,-0.000693043938120517
1785124003.170677,0.03720253165931058,-0.0006672572339429983
1785124003.175661,0.03721833123086814,-0.0006474895159259498
1785124003.1818676,0.0372358018484124,-0.0006255769480821237
1785124003.185481,0.0372592115521034,-0.0005961057224729688
1785124003.192749,0.03727903703962831,-0.0005710769002467467
1785124003.1956306,0.03730291756276934,-0.0005407717403788587
1785124003.2001634,0.037323309026481066,-0.0005148153810356981
1785124003.2067008,0.03734211821431728,-0.0004907829920746195
1785124003.211119,0.037366328386894396,-0.0004597729148185573
1785124003.2177963,0.03738738634381395,-0.00043272962733749464
1785124003.2246344,0.037407878593073735,-0.00040633977418783583
1785124003.2346168,0.0374314513405165,-0.0003758885633512379
1785124003.2385285,0.03745420334126447,-0.0003463943493006079
1785124003.239567,0.03747343883058856,-0.0003214048617236066
1785124003.2416174,0.03749678990897596,-0.0002909763399674626
1785124003.2497613,0.03751801598222364,-0.0002632870106761932
1785124003.2528696,0.03753920501805146,-0.00023559165495025083
1785124003.2566097,0.03756406013885677,-0.00020300706156140634
1785124003.2631898,0.03758769948698324,-0.00017194421565582582
1785124003.2655945,0.03761083733117353,-0.00014152700639002774
1785124003.2719777,0.03763676509696576,-0.00010741012472259159
1785124003.2767642,0.0376620261929427,-7.40462644552662e-05
1785124003.2819164,0.037683302073076165,-4.58876013353831e-05
1785124003.286023,0.03771717225895807,-9.3341997106745e-07
1785124003.2914925,0.037739447794166776,2.8712874805163658e-05
1785124003.2965066,0.03775948883017116,5.547684779993382e-05
1785124003.3004744,0.03778917533404816,9.527418553308543e-05
1785124003.306555,0.03781254544884495,0.00012672813122909974
1785124003.3125587,0.03784176170868862,0.00016612886562265288
1785124003.3171337,0.037872017772523206,0.0002070342647541388
1785124003.320992,0.03791157785206802,0.0002607461653962739
1785124003.3323777,0.037955581769427114,0.0003206119897710902
1785124003.333921,0.03800009872558878,0.0003813170192698592
1785124003.3366003,0.038048054005262406,0.00044690861688159223
1785124003.3445477,0.03808009286564481,0.0004908420620531993
1785124003.3527267,0.038105797209945405,0.0005261980263137413
1785124003.3548808,0.03815902124848092,0.0005997777450340335
1785124003.356231,0.038189380319885585,0.000641870720691605
1785124003.3627975,0.0382447155175406,0.0007189226244938332
1785124003.3661585,0.03831049772496881,0.000810795392206636
1785124003.3710577,0.038354658484844095,0.0008726689559676703
1785124003.375212,0.03841521673571589,0.0009578442730711177
1785124003.3804545,0.038484297560861115,0.0010554789895641384
1785124003.392124,0.03855416296122482,0.0011545425810732515
1785124003.3936446,0.03862749935156663,0.0012591516157552465
1785124003.3953784,0.03870281240471419,0.0013670413886127098
1785124003.3999438,0.038780420233421264,0.0014788934456566938
1785124003.4059207,0.03885623467381526,0.0015886380441662718
1785124003.4102604,0.0389317140592153,0.001698559026879987
1785124003.4159937,0.03900781573639215,0.0018097482635149292
1785124003.4214933,0.03908520571561777,0.00192347280353486
1785124003.4255202,0.03916250867932227,0.0020377044893630254
1785124003.430448,0.03924158065678917,0.0021553555220537725
1785124003.435157,0.03932223357488268,0.002276079049468919
1785124003.4407742,0.03940313663542204,0.0023977986778150246
1785124003.4465008,0.03948086861377289,0.0025152358891346585
1785124003.4503956,0.0395541282375161,0.002626662750870486
1785124003.4573784,0.039626348718263905,0.0027371626044487077
1785124003.4603918,0.03963385343936842,0.0027487275317057223
1785124003.4653914,0.039635144080442435,0.002750729305853978
1785124003.4723601,0.03964707280411733,0.0027693461046412143
1785124003.4757125,0.03967143509985344,0.002807625893573885
1785124003.4813416,0.03970601907370784,0.0028622771629317843
1785124003.4853652,0.03974765918988634,0.0029285445339111813
1785124003.4906664,0.03979253705232023,0.003000459486703206
1785124003.4969091,0.03983834655835866,0.0030741923536283726
1785124003.4999597,0.03988284626896511,0.003146241462421327
1785124003.506061,0.03992567089026194,0.003215981069097667
1785124003.5102174,0.039969417224946596,0.0032876554573752124
1785124003.515472,0.040014229160501326,0.003361339075788827
1785124003.5239322,0.04005745176627387,0.0034326269922973114
1785124003.5264218,0.04010115792266453,0.0035049253751733163
1785124003.5318668,0.04012891062579146,0.0035509836765063012
1785124003.538785,0.04014970907028121,0.0035855756337472605
1785124003.5425613,0.040170371144591134,0.003619999596211235
1785124003.549464,0.040193024443989867,0.0036578231083029982
1785124003.551299,0.040216216949125395,0.003696660098051431
1785124003.5569608,0.040240247661667006,0.0037369681170173817
1785124003.5607774,0.04026822274367991,0.00378397364702378
1785124003.5650966,0.040291838089119056,0.003823698229418373
1785124003.5710828,0.040313826028485635,0.0038607771421399124
1785124003.5764737,0.040342479412488516,0.003909320382911742
1785124003.5802076,0.04036645269624688,0.00395005160176817
1785124003.589439,0.04038175680641767,0.003976148253548928
1785124003.591777,0.040404038167890594,0.0040142777720866794
1785124003.596149,0.040422159644691626,0.004045441240137985
1785124003.6003554,0.040432000647190214,0.00406245413684816
1785124003.6072924,0.0404560534367494,0.004104214712728009
1785124003.6103296,0.040463184492124396,0.004116678451615639
1785124003.6178117,0.04047035467215085,0.004129276354838936
1785124003.623642,0.040475841920505656,0.004138989078819603
1785124003.6263833,0.04048508302199127,0.004155475867961259
1785124003.6310663,0.04049652473498011,0.004176034532408337
1785124003.635346,0.040501026710700196,0.004184166269745079
1785124003.6407666,0.04050718420323121,0.004195364169760405
1785124003.6484132,0.04051716409823944,0.004213707318360496
1785124003.650686,0.04052691806282209,0.004231798750634984
1785124003.6560755,0.04052438439073076,0.004227055218682835
1785124003.6600013,0.040527329280713835,0.00423261342350816
1785124003.6664279,0.04052700223950606,0.004231989771260307
1785124003.6726172,0.04051897940376114,0.00421656380195133
1785124003.675277,0.04051327324980799,0.0042054760458772105
1785124003.6814764,0.04051499655248345,0.004208856666484433
1785124003.6853576,0.040513909396336124,0.00420670110691027
1785124003.6911004,0.040510940208949416,0.004200735063582331
1785124003.6979418,0.04051295418860233,0.004204826308707994
1785124003.7001297,0.04050921255940139,0.004197149915246493
1785124003.706963,0.04050318534853612,0.00418462380655586
1785124003.7123194,0.04049947274648436,0.004176830229153454
1785124003.7158055,0.0404931258156238,0.004163362315204963
1785124003.7231297,0.040489049332595325,0.004154611085582659
1785124003.726707,0.04048261536282546,0.0041406795168136105
1785124003.7303011,0.04047829142454244,0.0041312471876907165
1785124003.735682,0.040471879540973386,0.004117080764470654
1785124003.740827,0.040467678320145875,0.004107712966231559
1785124003.7475715,0.04046633248493263,0.0041046778529979485
1785124003.7499905,0.04046066458301947,0.004091821442420192
1785124003.755787,0.04045848542357213,0.004086837659360158
1785124003.7604294,0.04045751088241527,0.004084589588329857
1785124003.7658765,0.04045160994589922,0.004070866480058421
1785124003.7721217,0.04044440034554804,0.004053962211971102
1785124003.7778022,0.04044406448548714,0.004053169212676618
1785124003.7813597,0.04043286653662709,0.004026635118525053
1785124003.7878904,0.04042418859167385,0.0040059746783691385
1785124003.793541,0.04041428748298323,0.003982262869805736
1785124003.7970648,0.040406738324397784,0.003964143589609432
1785124003.801658,0.04040011950106368,0.0039481682326817
1785124003.8074229,0.040387756356173074,0.003918186384791148
1785124003.810891,0.04037701723628181,0.003892000503655688
1785124003.8163614,0.040368392119291815,0.0038709138863835604
1785124003.8259392,0.040358400457581545,0.003846418648471032
1785124003.8335874,0.040344003632668574,0.0038110089854744597
1785124003.8347614,0.0403286982140495,0.0037733347032949966
1785124003.8430016,0.040321130664932835,0.0037546084836319236
1785124003.8441331,0.040323410526507626,0.003760272363781332
1785124003.8509328,0.04036465159169796,0.0038626533733815338
1785124003.8574207,0.04041355796181724,0.00398425169109803
1785124003.8586547,0.040482484284384244,0.004155308139183943
1785124003.8603418,0.04054640874590172,0.004313837853901345
1785124003.8660424,0.040619314383840345,0.004494755319100373
1785124003.8718233,0.04068826390236088,0.004665867981530857
1785124003.8863237,0.04075844606013233,0.004840117782171512
1785124003.8884287,0.04079328318114135,0.004926623736605304
1785124003.890014,0.04079192457246612,0.004923240962929041
1785124003.891105,0.040782558548726935,0.004899923487238683
1785124003.8955688,0.040765583754371976,0.004857645810790153
1785124003.9011204,0.040747332506200024,0.004812197799305915
1785124003.9059563,0.040728538562659684,0.004765272473603084
1785124003.9102302,0.04070540474217333,0.00470762103362168
1785124003.9170349,0.040671983476838924,0.004624143144950882
1785124003.9203618,0.04065321991178002,0.004577145661273675
1785124003.9261253,0.04062538381832078,0.004507319892292008
1785124003.9312558,0.04059754299550993,0.0044376199917472445
1785124003.9363196,0.04058180868428902,0.00439819341135188
1785124003.9415553,0.040551214852839135,0.004321282376717248
1785124003.9489677,0.04053064723357495,0.004269504309042388
1785124003.9547935,0.04051315139680344,0.0042254551531136966
1785124003.958963,0.04049471957021135,0.004178905464776773
1785124003.9625144,0.04046722548507412,0.004109523893331255
1785124003.965152,0.04044729630202159,0.004059075547140588
1785124003.9710598,0.040426353288327416,0.004005960665366956
1785124003.974979,0.04040376073578979,0.003948556220343784
1785124003.981781,0.040376769801676725,0.0038798779859931794
1785124003.9873586,0.0403505659246651,0.003813002985025414
1785124003.9910092,0.04033648724089224,0.0037770747722842505
1785124003.99714,0.04031808032672369,0.003730072064871684
1785124004.0001156,0.040301392846376516,0.00368724720316304
1785124004.0061412,0.04029002610470075,0.003657963238963835
1785124004.0103528,0.040266674618657676,0.003597587247621727
1785124004.0159464,0.040252478023661914,0.00356086170086145
1785124004.0230827,0.04023353700823076,0.0035117657422978612
1785124004.0254118,0.040213519831369685,0.0034597638577924784
1785124004.0301807,0.04024408192486322,0.003539514294323189
1785124004.0355349,0.04029167113302234,0.0036641148910632887
1785124004.04051,0.0403501298583487,0.0038172572237886726
1785124004.0470371,0.04042025241025854,0.00400099465002359
1785124004.0516396,0.04049718657828591,0.004203674152653229
1785124004.0576904,0.040563667754932045,0.0043795722026394954
1785124004.1081884,0.040639069259631344,0.004579860440210997
1785124004.1092963,0.04071725820306605,0.0047885227742248924
1785124004.1102045,0.04079412639544011,0.00499394735896048
1785124004.1115305,0.04086353166611089,0.005179965782488561
1785124004.112517,0.040897217006610656,0.005270763604670188
1785124004.113294,0.040912732434437146,0.005312743237996005
1785124004.114201,0.04091165946358248,0.005309824982238112
1785124004.1155317,0.040909762747338575,0.005304651410384617
1785124004.1168244,0.04090761096257466,0.005298755633501345
1785124004.1178472,0.04090074237141854,0.005279798876899823
1785124004.1185968,0.04089618610584137,0.005267144056490573
1785124004.1195028,0.04088874338150922,0.005246403741208357
1785124004.1207337,0.04088407913230551,0.0052333255248918215
1785124004.1252587,0.04088122774751863,0.005225279876874489
1785124004.132192,0.040919345833008,0.005333175018078373
1785124004.1352954,0.04097404121692292,0.00548924002020458
1785124004.140845,0.041040703117201295,0.005680802818099168
1785124004.148201,0.04111317541497869,0.005890318602194714
1785124004.1507344,0.04118999385526252,0.0061137220386069165
1785124004.157496,0.04126611535649651,0.0063374260374898465
1785124004.1606238,0.041342872074893365,0.006563968831380282
1785124004.1662984,0.04142043189349481,0.006793939776015116
1785124004.1726587,0.04150056176680796,0.0070335824371208795
1785124004.175248,0.04157823363338878,0.007268174906290095
1785124004.1803625,0.04169672696831606,0.007628580089827435
1785124004.1854439,0.041824798745078426,0.008020203311227343
1785124004.1906052,0.0419678869652102,0.008461124639763161
1785124004.1949604,0.04210536838094278,0.008889511656986987
1785124004.2005646,0.04225812770967151,0.009369391961316413
1785124004.2061014,0.04240741616343913,0.009841340935928714
1785124004.2101111,0.042553029598832254,0.010306233731393721
1785124004.2163992,0.042700584233838566,0.01078113952224631
1785124004.2224648,0.04285098269869593,0.011271176204223235
1785124004.2274127,0.04299660137908223,0.01174976584688591
1785124004.2299733,0.04318081738571828,0.012362404337926715
1785124004.2354677,0.04337259644844608,0.013005657502491164
1785124004.24046,0.0435750403794641,0.013692201628778175
1785124004.2490883,0.043780512822675,0.014394870096320083
1785124004.2506506,0.04398456636156944,0.01510010201415112
1785124004.2564301,0.04418982121095521,0.015817364787045627
1785124004.2607,0.04438677145044872,0.016507920512670676
1785124004.2657485,0.04459775560301339,0.01725428677016552
1785124004.2711012,0.04480115611712586,0.017983598084170008
1785124004.2763,0.045007106168249524,0.01873133780310543
1785124004.2804441,0.04520370063135624,0.019454150368122865
1785124004.285138,0.04539037085695868,0.020149024680410268
1785124004.2913294,0.04558523629456292,0.020880928445698138
1785124004.2957454,0.04576990297732969,0.021581623899236037
1785124004.300044,0.04595166389553378,0.022280620292147363
1785124004.30641,0.046133212258548835,0.022985762414873843
1785124004.311224,0.04630912543508884,0.0236777506989898
1785124004.3159654,0.04648389831743285,0.02437404306208625
1785124004.3234468,0.046654060377739365,0.025057454688737168
1785124004.325089,0.0468315875189145,0.02577863958125371
1785124004.331004,0.04696177656615977,0.026315318206948136
1785124004.3368876,0.047066601586176794,0.026754249365476077
1785124004.3408942,0.04715850336235241,0.027145498480857826
1785124004.3480647,0.04724644501451649,0.02752605815118374
1785124004.350001,0.0473325718100882,0.027903286758965123
1785124004.356313,0.047413225167892994,0.028261861556405986
1785124004.359954,0.047493578766216134,0.02862488691520582
1785124004.3660285,0.04757104099908121,0.028981326727994545
1785124004.3715317,0.047646529663090305,0.029334057752790386
1785124004.3757188,0.04772206508190862,0.029690962887720614
1785124004.3809035,0.047819437046347196,0.030159204039683158
1785124004.387474,0.04792526950976205,0.03067808052100587
1785124004.3905046,0.04803548697517342,0.03122693347395523
1785124004.395105,0.04814868906788228,0.031799570543339484
1785124004.4008722,0.04825908150982817,0.032367505161401584
1785124004.4064825,0.048373483758600455,0.03296530270867736
1785124004.41095,0.048484771938989465,0.03355575787492503
1785124004.416076,0.048595396953017185,0.03415336714085149
1785124004.4204483,0.048704146274743655,0.03474801438557675
1785124004.4261599,0.048821084768811494,0.03539598067872312
1785124004.431343,0.04892342457677937,0.03597181243966593
1785124004.435366,0.04901518504644092,0.0364963146937063
1785124004.4404483,0.0491220269980613,0.03711828270159739
1785124004.447929,0.049212009715228565,0.03764746441450814
1785124004.4507525,0.049313801663917516,0.03825747418895525
1785124004.4562244,0.049401674657042004,0.038792235575444534
1785124004.4611404,0.049497313775115584,0.03938098454171549
1785124004.4665484,0.04958288811910507,0.039917091468272985
1785124004.4717705,0.04967377314340817,0.04049487129316148
1785124004.4765768,0.04976376836313481,0.04107384141752113
1785124004.4815946,0.04985486888381687,0.041669766741552705
1785124004.4856708,0.04994436845767086,0.04226583618961356
1785124004.490794,0.050031139469037596,0.04284872685388482
1785124004.495377,0.05012526252616505,0.04348962059738865
1785124004.50049,0.050212010621811555,0.04408450667222747
1785124004.5059063,0.0502886856253972,0.04461682984518475
1785124004.512172,0.05037476430769824,0.04522644249799528
1785124004.516105,0.05045901706849393,0.04583194659109443
1785124004.523569,0.05053599152513782,0.046394487470652924
1785124004.5258086,0.050604273815386486,0.046899850598093984
1785124004.5328796,0.05067390751723302,0.047422637684675036
1785124004.535337,0.0507570597572591,0.04805681544445686
1785124004.5412455,0.050830715255365366,0.048625007990284894
1785124004.5484145,0.05090409057347729,0.04919385633575115
1785124004.5507298,0.05096965967195289,0.04970528911759306
1785124004.5561268,0.0510373891446264,0.05024211127425181
1785124004.56019,0.05110805320620498,0.05081099791325707
1785124004.5655093,0.05117783484856463,0.05137666536064428
1785124004.5733798,0.05124581032707747,0.05193315915623314
1785124004.5754328,0.05131333390619731,0.052491911855493074
1785124004.5804653,0.05139693419731581,0.05318726499902706
1785124004.586024,0.051483569814524135,0.053910265415709584
1785124004.5915918,0.05157668017679656,0.05469298327867275
1785124004.596955,0.051669529001263176,0.05547986889059649
1785124004.6065032,0.051763200026209266,0.05627510625797478
1785124004.6090693,0.051856286565938325,0.05707389332480813
1785124004.6110878,0.05194996687614524,0.05788269446811005
1785124004.6154714,0.052042301291662686,0.05868348635661932
1785124004.6225643,0.052138016717456166,0.05951240587148273
1785124004.6271274,0.052229494554703174,0.06031719407441054
1785124004.63073,0.05233717014226283,0.061269677594056444
1785124004.6357343,0.05245125418763854,0.06227080133305705
1785124004.641227,0.05257047147147275,0.06331778635176136
1785124004.648653,0.05268874600033162,0.06435460879941259
1785124004.6507564,0.052804871478687225,0.06537858399753067
1785124004.6566226,0.05292366227039531,0.0664386634364239
1785124004.6604865,0.05304444105892047,0.06751622138867346
1785124004.6660893,0.05316596974578809,0.06859938019311974
1785124004.6732528,0.05328231156935386,0.069639529610491
1785124004.676782,0.053400350257177806,0.07069802411046128
1785124004.6808167,0.0535187021597773,0.07175930137067435
1785124004.686339,0.05363940820875431,0.072843510408522
1785124004.692162,0.0537582392878692,0.07391139773564091
1785124004.6961253,0.053879254078172775,0.07499793495374958
1785124004.7014937,0.054001002792721894,0.07608862400155726
1785124004.7068698,0.054121735693696035,0.07717532302023743
1785124004.711988,0.0542447881091802,0.07828886826633075
1785124004.7170851,0.05436340241245072,0.07936616967767879
1785124004.7222111,0.054478723863564435,0.08041961232593126
1785124004.7274761,0.054599399364696787,0.08153570720154764
1785124004.731654,0.05471869183591493,0.08265139290700098
1785124004.7371006,0.05483581940326447,0.08375740698561586
1785124004.7429762,0.054946011770399004,0.08481125815605545
1785124004.7490773,0.055058138618417525,0.08589331064317693
1785124004.7519176,0.05516858242988634,0.08698318397265047
1785124004.757521,0.055277860773302545,0.08807190085456466
1785124004.7610948,0.05538415602544842,0.08915068724319954
1785124004.7653966,0.05549150447943201,0.0902474476029457
1785124004.7719226,0.05559517053314616,0.09132531276148886
1785124004.7761157,0.05569508243019254,0.09237440330201141
1785124004.7802632,0.055784645031042815,0.0933272761366047
1785124004.785992,0.05586784959609673,0.09423091038012883
1785124004.791023,0.05594932110815376,0.0951356334475392
1785124004.795786,0.056028095938603875,0.09602970293594883
1785124004.8022635,0.05610595354086754,0.09692367521290826
1785124004.8065157,0.05618346356460802,0.0978316605576586
1785124004.8109078,0.05625359402378022,0.0986771576203192
1785124004.817998,0.05632135050622972,0.09951017692367506
1785124004.8252354,0.05639332947624626,0.10042035067784323
1785124004.827428,0.05646327203056819,0.10132920097302203
1785124004.8321078,0.0565223539164739,0.10212889470490827
1785124004.840731,0.05658210949287346,0.10296311216655686
1785124004.8434944,0.05664296311942534,0.10384630757353155
1785124004.851841,0.0566957543927354,0.10463899236605707
1785124004.8562346,0.05674754015499843,0.10543442228458273
1785124004.8583877,0.056797442941453724,0.10623479878992437
1785124004.8623395,0.056844874561702806,0.1070289683654112
1785124004.8669343,0.05688931415879154,0.10780430430203373
1785124004.8754292,0.05693022480600707,0.10855881554610808
1785124004.8788936,0.05697027510495174,0.10933087965198716
1785124004.8806653,0.05700703616352236,0.11008571182390961
1785124004.8866196,0.05703736538529222,0.11074034167616635
1785124004.8913126,0.0570634229126798,0.11133207739843175
1785124004.9041152,0.0570885055357529,0.11194325243859
1785124004.9061193,0.05711016176149011,0.1125071077877581
1785124004.9076777,0.05713072053512608,0.11309223911324537
1785124004.91225,0.05714922704270115,0.1136517469886309
1785124004.9171257,0.05716724480839316,0.11423926986074553
1785124004.923024,0.05718310064627992,0.11481245775163322
1785124004.9286947,0.05719720708065281,0.1153921099666345
1785124004.9316652,0.057209923272435986,0.11595480893794165
1785124004.9372263,0.057223301765497545,0.11665648233645726
1785124004.9421432,0.057235482178219624,0.11737723262336694
1785124004.951506,0.05724640430072798,0.11813942706301209
1785124004.9559147,0.057255996446230625,0.11891830498058246
1785124004.9603767,0.057263981272368265,0.11970949154339457
1785124004.9655523,0.057270362895772205,0.12051673839588582
1785124004.9752822,0.05727511968615584,0.12135128143186245
1785124004.9767125,0.0572780633420905,0.12217481558757606
1785124004.9802997,0.05727914815240222,0.1230774025719522
1785124004.9873848,0.05727796642894322,0.12410341559557543
1785124004.9911761,0.057274163751485314,0.12511061887163918
1785124004.9955227,0.05726816139745694,0.1261381783910375
1785124005.000471,0.05726016691242318,0.12718326242476197
1785124005.007795,0.05725037059759977,0.128222457503856
1785124005.010596,0.05723822138351012,0.12925255895350754
1785124005.0188596,0.057223481417425004,0.13031632365812973
1785124005.0295982,0.057206984052331114,0.13138368919641386
1785124005.0328634,0.05718856138544081,0.13240445355278485
1785124005.0345938,0.057167587514621136,0.13347200225866304
1785124005.0387304,0.0571448065782347,0.13455643631664507
1785124005.043727,0.0571214244473695,0.13567218429968234
1785124005.0474982,0.057096567587676804,0.1367756168610738
1785124005.0554953,0.05706864227767591,0.13793777762423032
1785124005.057996,0.05704081231816991,0.139050140408339
1785124005.0636811,0.05701044059147921,0.1401848342610119
1785124005.0674803,0.056979051806542204,0.14130581742963855
1785124005.0719798,0.05694428329688576,0.1424689577000688
1785124005.0753179,0.05690638565910741,0.14364783564322792
1785124005.0806496,0.05686818462734891,0.14480080720487004
1785124005.0871913,0.05682702343421503,0.1459847354383321
1785124005.0908399,0.056785142536143335,0.14714689669557002
1785124005.0956814,0.0567383794253927,0.1483830663469932
1785124005.1023026,0.05669102277728604,0.1495579528366166
1785124005.107629,0.05664182487673427,0.15075128814283786
1785124005.1112785,0.056591255990908716,0.1519412433597587
1785124005.1169424,0.05653873370315769,0.1531191617530423
1785124005.1355042,0.05648218736310869,0.15434870660033612
1785124005.1466146,0.05642440638180496,0.15553565815400364
1785124005.1484175,0.05636285222162157,0.15674297769031914
1785124005.150419,0.0562965085872595,0.1579753387051749
1785124005.153184,0.056225891174404144,0.1592285896649427
1785124005.1550038,0.056151918881909256,0.16048480334328666
1785124005.1598577,0.056073714460598466,0.16175071562341642
1785124005.162274,0.05599339300885761,0.16300334899467125
1785124005.1636488,0.055909857554658396,0.1642666019809279
1785124005.1676252,0.05582428867405699,0.16549365090113718
1785124005.1738768,0.05573014637147973,0.1667761599584
1785124005.1784916,0.05563464585372167,0.16800948198605245
1785124005.1806006,0.05552959330440301,0.169300876074416
1785124005.1869066,0.05541518294978752,0.17064675804704554
1785124005.1917307,0.055288253509923474,0.1720742332653855
1785124005.1959493,0.055151463489949336,0.17353843887706413
1785124005.2077942,0.05499909338576761,0.17510064866462194
1785124005.211619,0.054843363332020535,0.17664031040075942
1785124005.2134645,0.05468419732350951,0.17815106198571015
1785124005.216741,0.05451212018869669,0.17972762965970943
1785124005.2218962,0.05433581908937087,0.1812827384548853
1785124005.228294,0.05416224316898038,0.18275414229951345
1785124005.2319596,0.05397824705458143,0.1842535720296321
1785124005.2380471,0.053775575319399034,0.1858530902108776
1785124005.2417,0.05357607843210706,0.1873793840337117
1785124005.2468462,0.053358982875795255,0.1889725433436008
1785124005.2538571,0.053136348105059496,0.19055845748626987
1785124005.2585154,0.052899799506041734,0.19218845719320768
1785124005.2603567,0.052654704209543,0.19382955346726247
1785124005.2661197,0.05240387459234591,0.1954693124325208
1785124005.2715094,0.052151441551246264,0.19707585610047823
1785124005.275814,0.05189319610551621,0.1986833452817545
1785124005.2806797,0.051640618985178625,0.2002195672487829
1785124005.286641,0.051389844851960215,0.2017115570003555
1785124005.2907343,0.05113153802826664,0.203217961310076
1785124005.2960863,0.050886872395964323,0.20461284881007893
1785124005.3015833,0.05062832197345094,0.2060548919555616
1785124005.3063338,0.05036045925596222,0.20753505190375515
1785124005.311273,0.05008538318736902,0.20902473169089164
1785124005.3190203,0.049810741743528786,0.21047788943183296
1785124005.3268192,0.04954068215857128,0.21188477064202604
1785124005.3279417,0.04926200238666013,0.2133054152804686
1785124005.3321078,0.04902233191206839,0.21451573731875978
1785124005.338483,0.04878976409774136,0.2156736019494387
1785124005.3425057,0.048561415257946265,0.21679454008532173
1785124005.3457174,0.04833220591255675,0.21790660768767459
1785124005.3560586,0.04810027846127401,0.21901827075800182
1785124005.3584635,0.047874494055689616,0.22009013840728564
1785124005.362504,0.047649074876713715,0.22115429285335214
1785124005.3675764,0.04741651592220732,0.2222387154558779
1785124005.3712971,0.047182446627449505,0.22332530042505097
1785124005.3755126,0.046951137872504864,0.22439219687363596
1785124005.382738,0.046749663169765525,0.22531375976862741
1785124005.3893347,0.04655973073635965,0.2261756548845862
1785124005.3933194,0.04638422027436605,0.22696804398300166
1785124005.397223,0.04621329262121373,0.22773695586240125
1785124005.403111,0.04604720280001175,0.22848301728188325
1785124005.4057271,0.045881956391434206,0.22922521221881942
1785124005.410832,0.04571789556945732,0.22996284828446803
1785124005.4169402,0.04555089143555584,0.23071042125657765
1785124005.424756,0.04538138497632212,0.231467938761273
1785124005.426452,0.045210030504001346,0.23223320352835122
1785124005.4308596,0.04507586473740589,0.23283201710369722
1785124005.437657,0.04495654677638489,0.23336484907973185
1785124005.441063,0.044853414198536445,0.23382742114283345
1785124005.446631,0.04476277061716265,0.23423422574116562
1785124005.4531777,0.04466192278565004,0.234686237255055
1785124005.4558523,0.044569383596877954,0.2351009993209034
1785124005.460209,0.044478190666473814,0.235509613176251
1785124005.4656165,0.04437788131715517,0.23595964224674737
1785124005.471897,0.044284008780767076,0.23638150758927556
1785124005.4761403,0.04419476783944811,0.2367833222617556
1785124005.4801452,0.0441343573362437,0.23705569350562106
1785124005.4860828,0.04409624388299264,0.23722714459039648
1785124005.4908514,0.044063936541896276,0.23737203459419642
1785124005.4954345,0.04403238527244736,0.23751296959431864
1785124005.500652,0.0440072392780554,0.23762510194854825
1785124005.5055437,0.04398199746074723,0.23773764411755136
1785124005.5104446,0.0439494723344467,0.23788171228663643
1785124005.5157099,0.043929085476916416,0.23797157398491758
1785124005.5216725,0.04390780548075888,0.23806494345645737
1785124005.5254319,0.04388048707285153,0.23818398512454123
1785124005.5307307,0.04386318319913689,0.23825910123838656
1785124005.5359893,0.04383278829677085,0.23839026320310613
1785124005.540454,0.04381425631097987,0.23846994811223046
1785124005.5452857,0.04378647978980945,0.23858867711230897
1785124005.5546637,0.043748892205004754,0.23874812871165504
1785124005.5560045,0.043733880945339164,0.23881132009221745
1785124005.5597394,0.043708984711431496,0.23891546945365286
1785124005.5651743,0.04368332954642966,0.239022301969688
1785124005.5716195,0.043655227637966074,0.23913828921121127
1785124005.5755532,0.04362287242855295,0.2392706770726806
1785124005.5808423,0.04361047617185462,0.23932100228072636
1785124005.585475,0.043594503043515295,0.23938534711510132
1785124005.590557,0.04356344658090375,0.23950964602966232
1785124005.5952508,0.043537357328561704,0.2396128128043867
1785124005.6005237,0.04351269578966068,0.23970984547238278
1785124005.605803,0.04349525204628022,0.2397778652824689
1785124005.6107013,0.04347615201918413,0.23985193131135107
1785124005.61529,0.043452561687047885,0.23994299278264844
1785124005.6213596,0.04342939072417836,0.24003174299447258
1785124005.626574,0.043406864657950024,0.24011748353477086
1785124005.6304054,0.04339396634683842,0.2401663888978211
1785124005.6361606,0.04337308136174983,0.24024516346153854
1785124005.6425679,0.043358746434033736,0.24029905659506873
1785124005.6456962,0.04334592788112295,0.24034694650953525
1785124005.6557083,0.043329143953428545,0.24040936210604977
1785124005.6578848,0.043315903963898415,0.24045827596066344
1785124005.6604927,0.04330353928889455,0.24050379752253034
1785124005.66527,0.043290816803389226,0.24055040623157958
1785124005.6715028,0.043277850028092826,0.2405976635091816
1785124005.6759312,0.043263009942446716,0.24065158159355798
1785124005.68023,0.04325044738155023,0.24069699966671984
1785124005.6871445,0.04323876089319204,0.24073896292155256
1785124005.6906514,0.04322685043738922,0.24078165503036708
1785124005.6951327,0.0432144003920191,0.2408261279575531
1785124005.7001202,0.04320167360769769,0.24087147954552926
1785124005.7069488,0.043188941120299695,0.24091666460562083
1785124005.7105806,0.04317563228131801,0.2409635041306157
1785124005.7157352,0.04316223837979684,0.24101031144864687
1785124005.7213507,0.043149161583579614,0.24105576769092985
1785124005.725409,0.04313674015424965,0.24109872006863708
1785124005.7309995,0.04309446924258814,0.24124416536827115
1785124005.7359178,0.04305291525101246,0.24138617130305018
1785124005.7405477,0.04299390668163395,0.24158637664069207
1785124005.745101,0.042942468123268726,0.24175929841071087
1785124005.7529852,0.04288324368250733,0.24195682504300187
1785124005.7554514,0.04283240564266164,0.2421243949535095
1785124005.7600303,0.04275714526357231,0.2423702411536337
1785124005.7661536,0.042699629848103306,0.24255611792810733
1785124005.7716649,0.04264875535921961,0.2427181367071807
1785124005.775888,0.042604006197307344,0.24285925483347634
1785124005.780719,0.04250828232291491,0.24315712970685766
1785124005.786351,0.042387827065042544,0.24352796122196557
1785124005.7901947,0.04226051720406013,0.24391509836584585
1785124005.795464,0.042132625498883226,0.2442992000935784
1785124005.7999256,0.041972872030716674,0.24477358461335771
1785124005.8059416,0.04182546268906354,0.2452053852866653
1785124005.8100474,0.04168716745257149,0.24560537943274757
1785124005.815575,0.041553598760377536,0.24598755852763682
1785124005.8240526,0.04141517444874027,0.2463792292737289
1785124005.8254364,0.04127972245931079,0.246758381451275
1785124005.8316586,0.041101243342499386,0.24725053996594168
1785124005.8365052,0.040899214074195084,0.24780055229113856
1785124005.840571,0.04069109202903917,0.24836095523171184
1785124005.846504,0.04047199436441092,0.24894448167696462
1785124005.853624,0.04024304870769069,0.24954850604695852
1785124005.8555198,0.040023310464061795,0.25012176532238073
1785124005.8619494,0.039793917076847415,0.2507141245359688
1785124005.86547,0.03956213976803245,0.25130699898431863
1785124005.8718631,0.039329471818946866,0.25189737817786273
1785124005.8755665,0.03908799881314074,0.2525049818487256
1785124005.8804035,0.03890235834128026,0.25296902954458333
1785124005.8863382,0.03873758015994643,0.2533791463651555
1785124005.8904011,0.03857600759083884,0.2537794442289543
1785124005.8955877,0.03841321418850199,0.2541816793251109
1785124005.9010675,0.038251537343737846,0.254578663363128
1785124005.9072907,0.03808874138297466,0.2549772799732399
1785124005.910769,0.037922116583500275,0.2553842422866642
1785124005.931312,0.03775119212139517,0.25580084315877283
1785124005.9336488,0.037577698133048246,0.25622324859163964
1785124005.935625,0.037408212846565765,0.2566350351696802
1785124005.9389536,0.03722700952226562,0.25707395189026855
1785124005.9400785,0.03703740776948201,0.2575337289392066
1785124005.941305,0.036826190337355645,0.25804715148882496
1785124005.945536,0.03660980242760361,0.2585743922240628
1785124005.9529946,0.036369275532153814,0.25916044594041415
1785124005.9584265,0.0361305367742536,0.25974115435052325
1785124005.960622,0.03588412412981271,0.26034137104049015
1785124005.9654393,0.0356493861679793,0.260915071693864
1785124005.9735477,0.03541215880461342,0.261498826383552
1785124005.9757671,0.03517233848460429,0.26209173818646353
1785124005.9807322,0.03500663874337734,0.26250227467856224
1785124005.9879308,0.034877987545395846,0.26282325476594776
1785124005.9904644,0.034763255268951264,0.26310997535517394
1785124005.9957433,0.03465707266473311,0.2633768979980399
1785124006.003838,0.03454825927310847,0.2636521446162254
1785124006.0064957,0.03444284393577521,0.26392080218214
1785124006.010302,0.03434242506183146,0.2641784549398433
1785124006.01784,0.03423115368929382,0.26446568962518
1785124006.0265021,0.03411526322927109,0.264766719088817
1785124006.027904,0.03400098391311623,0.265065805486516
1785124006.0347526,0.03385780904882539,0.26544259083976257
1785124006.0378423,0.033753088284426185,0.26572011912377086
1785124006.0418735,0.03366700102708176,0.26594951215677
1785124006.0455027,0.0335922662540033,0.266149711722722
1785124006.0559514,0.03350284309143967,0.26639028132846876
1785124006.0594845,0.0334256042499891,0.2666001251542711
1785124006.063876,0.033352148337796886,0.2668005629716735
1785124006.0658777,0.03328414727330974,0.2669872037806773
1785124006.0713847,0.03322789179580487,0.2671427490245145
1785124006.0780768,0.033163780899146636,0.26732105680126855
1785124006.0808072,0.03312733282367732,0.2674229131991575
1785124006.0856075,0.03309255926773826,0.26752040876388333
1785124006.0913801,0.033079818691507376,0.2675562402626866
1785124006.096443,0.03306708906674274,0.267592153460892
1785124006.1001647,0.033054823987966046,0.26762678677139423
1785124006.1060603,0.03304271301156548,0.26766108045308656
1785124006.1116796,0.033040367104091924,0.26766771422048385
1785124006.115694,0.0330330644496207,0.26768837900146697
1785124006.1209278,0.033023101707295485,0.267716562650891
1785124006.1264868,0.03301778877954889,0.26773154562711426
1785124006.1306734,0.032977293980309304,0.26784550294426535
1785124006.1357408,0.03293368796159558,0.2679678845339278
1785124006.1411648,0.03287445282036333,0.2681338847553142
1785124006.1479187,0.03280675200476688,0.2683233180617042
1785124006.1602576,0.03273168287862741,0.268532078791924
1785124006.1638699,0.03265636020095151,0.2687409408390737
1785124006.1660779,0.03256983364839972,0.2689795601067943
1785124006.1728325,0.032487411974715795,0.2692055285733132
1785124006.176342,0.03241249074103096,0.2694101244652621
1785124006.180137,0.03232459896227791,0.26964949384691755
1785124006.1852906,0.032242579703011864,0.26987255582407454
1785124006.1909597,0.03216570189815166,0.2700804093090079
1785124006.1958985,0.03207734277012082,0.27031788617050784
1785124006.2002654,0.03198889887639461,0.27055393600991795
1785124006.2067406,0.03189473135323415,0.2708033480343244
1785124006.2108126,0.03178000827505903,0.2711055806098177
1785124006.2161176,0.03168957915813336,0.2713420715271505
1785124006.2237673,0.031590607216805115,0.2715985461278738
1785124006.2254634,0.03149018261017842,0.2718577503015691
1785124006.2334585,0.03139701245894737,0.27209629102737126
1785124006.2375946,0.03129817390303641,0.2723484637712841
1785124006.242127,0.031206797733569196,0.27257947889145445
1785124006.2456915,0.031109276045017835,0.27282428179020746
1785124006.2506094,0.031003455067063514,0.2730882132493743
1785124006.2623665,0.03090742994602549,0.2733260118884973
1785124006.2660367,0.030803093506897035,0.27358254277365923
1785124006.2737288,0.03070186628669548,0.2738300218636646
1785124006.2761102,0.030609831189723057,0.27405317642156407
1785124006.2817976,0.030506116821597023,0.27430301860584233
1785124006.2862272,0.03038836555032101,0.27458456470345816
1785124006.2907183,0.030288893133184523,0.27482014993279424
1785124006.2959487,0.030183819008425785,0.27506689121647676
1785124006.301354,0.03007843464401494,0.2753123017948356
1785124006.3068688,0.029958427603651205,0.2755899637516677
1785124006.3100772,0.029857605471226994,0.27582207604237474
1785124006.3158324,0.02973865999576915,0.27609413167983987
1785124006.3233926,0.02960951864074274,0.27638721018553053
1785124006.3257387,0.029506146374419107,0.2766199208503496
1785124006.3326173,0.029385377323332358,0.2768902835739393
1785124006.3368556,0.02925819719836365,0.27717351528849526
1785124006.342825,0.029127322485687352,0.2774630307021486
1785124006.3462439,0.02902412025332287,0.27768949718169766
1785124006.3523042,0.028902158294807415,0.27795537890075905
1785124006.3591754,0.02877206153284434,0.2782368191874968
1785124006.3732278,0.02863389903024338,0.27853426568011164
1785124006.3766525,0.028495671142441125,0.2788298550744832
1785124006.3824306,0.02838995225034829,0.27905465696404935
1785124006.3859634,0.028311493636484674,0.2792207067947563
1785124006.3928008,0.028235125358330986,0.27938133298726503
1785124006.3974526,0.028160511106403562,0.2795373718926131
1785124006.4006433,0.028082270216371094,0.2796998812073999
1785124006.408106,0.028022606775772216,0.2798231861278597
1785124006.4109056,0.027955471014691004,0.2799612470597937
1785124006.4158552,0.027881576848722722,0.28011267240979953
1785124006.4227018,0.027819207223996986,0.28023996675741686
1785124006.4262223,0.027750382458817894,0.2803797603916298
1785124006.4309423,0.027693203672206144,0.2804954889421902
1785124006.4351292,0.02763387604405464,0.28061505119528374
1785124006.441061,0.02756671463869312,0.2807496341540217
1785124006.4452403,0.027504902039033628,0.2808727990260331
1785124006.4498572,0.027452550668334928,0.28097668220605837
1785124006.456104,0.027393070571243454,0.28109417079397736
1785124006.459821,0.027331335934693016,0.28121584239985314
1785124006.4660313,0.027274510008934154,0.28132723222732114
1785124006.474129,0.027217247203346628,0.2814391635837678
1785124006.4763558,0.027157115882314224,0.2815560442907479
1785124006.4805133,0.027100946993646062,0.28166462378174656
1785124006.4855404,0.02704401943834192,0.2817742237691044
1785124006.4906652,0.026983765563389533,0.28188993271701357
1785124006.495168,0.026925541095600143,0.28200149385885215
1785124006.4999156,0.026869840882483544,0.28210782116445116
1785124006.5058568,0.026812324752077885,0.2822172309478212
1785124006.510209,0.026756389555568087,0.28232319436483494
1785124006.515718,0.026701020271648855,0.28242745560164195
1785124006.5203047,0.02664649465062127,0.28252948528356475
1785124006.5256073,0.02659365068546266,0.282627981410435
1785124006.5316741,0.02655341356631269,0.28270253751974794
1785124006.5377867,0.026517266601346134,0.2827692076064385
1785124006.5407555,0.026484891702322187,0.2828287360185181
1785124006.5452802,0.02645307071636186,0.2828870041548581
1785124006.5507576,0.026422707426497275,0.2829423556143363
1785124006.5562143,0.026415650630855686,0.28295514770335206
1785124006.5604951,0.02640436098348423,0.28297552310542323
1785124006.5654213,0.026376064429343066,0.28302629848340694
1785124006.5734074,0.026371906621612422,0.28303371478835543
1785124006.575921,0.026377774745436625,0.28302330989490443
1785124006.5803714,0.02634884055488857,0.2830743317206056
1785124006.5855858,0.02634005210902909,0.28308974737302534
1785124006.590926,0.026316404553242443,0.28313093803114386
1785124006.5954463,0.02633401029797684,0.2831005346244439
1785124006.600013,0.026317231649637264,0.28312934164728415
1785124006.6064155,0.026294410072673715,0.28316823332003427
1785124006.61047,0.02630142835279381,0.283156353797322
1785124006.6158075,0.02629549019985063,0.28316632793262136
1785124006.622363,0.026300936072167255,0.2831572594563103
1785124006.626916,0.02629875201858533,0.2831608659416388
1785124006.6308854,0.02631024471137606,0.28314198386688927
1785124006.635647,0.026306824446686833,0.2831475583142778
1785124006.6420872,0.026303350999849442,0.2831531782910661
1785124006.6456642,0.026313396601686318,0.2831370546128326
1785124006.6514492,0.026318607074609365,0.2831287453024677
1785124006.6562562,0.026326265068469353,0.28311661409534233
1785124006.6607878,0.026338398750253567,0.2830975365949294
1785124006.6658635,0.02636294839858583,0.2830592671275358
1785124006.6732106,0.0263808018571287,0.2830316184543001
1785124006.675555,0.02639905294802201,0.2830035840532987
1785124006.6799996,0.026419760736819568,0.28297200741321843
1785124006.6853359,0.026460336335291434,0.28291061962638564
1785124006.6910968,0.0264791755586406,0.28288232561502197
1785124006.6957762,0.02650255463018851,0.28284745292922236
1785124006.7001092,0.026528489041815,0.28280906439071085
1785124006.7064466,0.02655785197855691,0.2827659492043223
1785124006.7108796,0.02658881410595495,0.2827207524000217
1785124006.7157161,0.026611466294953603,0.28268792307873264
1785124006.7226682,0.026643067956388013,0.28264247255389985
1785124006.7257903,0.026680093712024885,0.28258950616135564
1785124006.7306685,0.026738439536316234,0.2825067047827892
1785124006.7381642,0.026775586702555924,0.2824542390539401
1785124006.7407942,0.026815214095503918,0.2823985445303326
1785124006.7450318,0.026854813013026828,0.2823431417155344
1785124006.750254,0.026891871376270828,0.2822915888585017
1785124006.7564726,0.0269349345636739,0.2822319568408788
1785124006.759856,0.026981905007291467,0.2821672995650989
1785124006.7653613,0.027039490580528232,0.2820882959287823
1785124006.7752063,0.027087808055760186,0.2820223491981271
1785124006.7773118,0.027134646375139373,0.2819587503720783
1785124006.7810028,0.027179168086275452,0.2818985132762046
1785124006.7863297,0.027238163462263775,0.2818188966204719
1785124006.7917635,0.02730758489854726,0.28172551689098524
1785124006.7951283,0.02734863069726225,0.28167050977664276
1785124006.8008528,0.027408008040292267,0.28159127719428073
1785124006.806112,0.027467377595993242,0.2815122825836681
1785124006.8098962,0.027511674211659416,0.281453611871543
1785124006.816463,0.02758099437736595,0.2813621516027243
1785124006.821335,0.027644787637560213,0.28127830422712524
1785124006.8263462,0.02769347447158203,0.28121454935749995
1785124006.8318133,0.02775809486500689,0.28113010886505596
1785124006.835526,0.027842942683234086,0.28101927443403707
1785124006.8410704,0.027900127334707075,0.28094474636033673
1785124006.8452141,0.027983661602514007,0.2808360284552728
1785124006.850317,0.02804049414976666,0.2807623279848131
1785124006.8578448,0.028113405040751206,0.2806677974463798
1785124006.8605697,0.02817058698357055,0.2805938427353954
1785124006.8659132,0.02825284840487499,0.28048740954539514
1785124006.8766816,0.028301477442025498,0.28042445286669365
1785124006.8803024,0.02838875237465563,0.28031146375903726
1785124006.885557,0.028456354488749197,0.2802242527277208
1785124006.891361,0.028506207275751684,0.2801600309179321
1785124006.8953843,0.028590314575664667,0.2800517113340405
1785124006.9006224,0.02866278464000744,0.2799583660609161
1785124006.9065554,0.028715299009726112,0.2798908584697571
1785124006.9103017,0.028810856755537854,0.2797681605901927
1785124006.915724,0.028874771969212985,0.2796863255525112
1785124006.9226847,0.02893896422946685,0.2796041043151337
1785124006.9255948,0.029021518878142607,0.2794982440008667
1785124006.930408,0.029062502670478375,0.2794457350761746
1785124006.9363556,0.029139304034523687,0.2793472880631904
1785124006.9445994,0.029240026171318653,0.2792180799573694
1785124006.9468212,0.02927766554156433,0.2791697749680304
1785124006.9639726,0.029357865232470998,0.2790667146866686
1785124006.9656115,0.029414813673630122,0.2789934861698749
1785124006.9670646,0.02947338029004527,0.2789181973875505
1785124006.9680755,0.029543426756975334,0.2788280779660572
1785124006.9737341,0.029587476108840743,0.2787714132442007
1785124006.979811,0.029660449752146538,0.27867760895974863
1785124006.9824233,0.02971493011340583,0.27860754728730946
1785124006.9855437,0.029781205075229255,0.2785222550897384
1785124006.991378,0.02984689192334943,0.27843757201627867
1785124006.9954586,0.029899529831977308,0.27836963563635025
1785124007.0009594,0.02992942529811717,0.27833101838473323
1785124007.006916,0.029992723013471115,0.27824915595661937
1785124007.011078,0.030039600448070726,0.2781884476750005
1785124007.0160675,0.03008399007367747,0.2781307866807211
1785124007.0232825,0.030108862951145954,0.2780984467354665
1785124007.0272672,0.030168684555521054,0.27802057679337594
1785124007.0307734,0.030228750617939875,0.27794224710682736
1785124007.0372221,0.030244850478543257,0.27792123461638973
1785124007.041771,0.030313575371434177,0.27783134310507385
1785124007.0450997,0.030346507596916122,0.27778816143977225
1785124007.050379,0.030355971833321088,0.27777572218789626
1785124007.0564666,0.030412984216338708,0.2777008325088719
1785124007.0601907,0.030425510629033738,0.2776843715916841
1785124007.066042,0.030480112602398707,0.277612526827805
1785124007.0714226,0.030495702435503983,0.27759199734120826
1785124007.0799549,0.030511852689597465,0.277570743724107
1785124007.0829253,0.030537136106198362,0.27753750256487436
1785124007.0855796,0.030557719631649227,0.27751038343049494
1785124007.0928574,0.03055961349224574,0.2775078843779897
1785124007.0950437,0.030593346372725976,0.2774633583534326
1785124007.1004093,0.0305975664953773,0.2774577881804067
1785124007.1072938,0.030593727685661945,0.2774628629048671
1785124007.1106024,0.030598865669004282,0.27745607880031065
1785124007.1157506,0.030608261180816165,0.27744367292641303
1785124007.1210299,0.03060991423711518,0.2774414904930194
1785124007.125578,0.030620589797134,0.27742739378748965
1785124007.1304226,0.030627529515009348,0.27741823431251234
1785124007.1362498,0.030626004601494883,0.27742024283924016
1785124007.1411417,0.030620022535647315,0.27742811725978145
1785124007.1457484,0.030617387856630107,0.27743157864428575
1785124007.151823,0.030617949217559788,0.27743084215736136
1785124007.1570268,0.030611437665856514,0.27743936851896556
1785124007.1602247,0.030608680765251518,0.27744296755476666
1785124007.170454,0.030599448590582865,0.27745498993708506
1785124007.1738212,0.030586510282717427,0.2774717820931844
1785124007.1831796,0.0305768081350736,0.27748434783617365
1785124007.1856403,0.030561121723152358,0.27750460187817116
1785124007.1916168,0.030545203262784537,0.27752511796025514
1785124007.19548,0.030527554429650054,0.27754778952595194
1785124007.2014203,0.0305101046212229,0.2775700995267561
1785124007.205829,0.030490825069958948,0.2775946539692023
1785124007.2116935,0.030469150242169618,0.2776221198883651
1785124007.2170553,0.03044817437957199,0.27764862850139815
1785124007.22415,0.030426223855089137,0.2776762419294516
1785124007.2261374,0.03040197450768806,0.27770660527575497
1785124007.23397,0.030355894224319727,0.2777640183084525
1785124007.2374306,0.030305167198878755,0.2778268727324136
1785124007.2416823,0.030259112567106537,0.2778837186475396
1785124007.2472825,0.030216784973977583,0.27793577525626534
1785124007.251724,0.03017933976993325,0.27798155278486786
1785124007.2555351,0.030138864655328817,0.27803082865551015
1785124007.2600715,0.03009676571677698,0.27808183336189984
1785124007.2653334,0.030051431413742967,0.27813657942562386
1785124007.2707372,0.03000941706352344,0.2781870937875611
1785124007.2757494,0.029967577346709795,0.2782370888064789
1785124007.283516,0.02992300875818491,0.27828995567143533
1785124007.2875931,0.029782087680150175,0.278456491348586
1785124007.292461,0.029583745399290064,0.278689385241311
1785124007.2951047,0.02940755828693217,0.27889516160155225
1785124007.3001869,0.02918573465291629,0.2791525425029477
1785124007.3057659,0.0289593766107762,0.2794133190363451
1785124007.3107154,0.028720081107199435,0.279687053629826
1785124007.3160446,0.028502675513584732,0.27993378851736894
1785124007.3210223,0.028255365397304683,0.2802124366649175
1785124007.329605,0.02799894477746572,0.28049912197134313
1785124007.331944,0.0278189272156138,0.2806991671851859
1785124007.3358512,0.027710143198619454,0.2808194780652251
1785124007.3405726,0.027613814372751223,0.2809252448847476
1785124007.3454409,0.02750435854234611,0.2810445509205731
1785124007.3502913,0.02740516955865178,0.28115178524605844
1785124007.3566508,0.027308488351557223,0.2812557027871533
1785124007.3613706,0.02721561160561821,0.28135471986836896
1785124007.3658967,0.027106373351130232,0.2814703086802338
1785124007.3721628,0.027005870252984933,0.2815760558662392
1785124007.377639,0.026888579005181143,0.2816988445213776
1785124007.3838875,0.02678179670339341,0.2818097317631113
1785124007.3879535,0.02668342243494569,0.2819112014615955
1785124007.3916872,0.026565111519667384,0.2820326568838056
1785124007.3954828,0.026456393098728846,0.28214370221961166
1785124007.4009595,0.02635054921515469,0.2822512270766
1785124007.4060612,0.026217652715492038,0.28238559567412413
1785124007.4109533,0.02614185669609291,0.2824618870290562
1785124007.41556,0.026066817553314622,0.28253712701808076
1785124007.4240797,0.025968826340161188,0.2826352442884166
1785124007.4274049,0.02588320970493731,0.28272076374497673
1785124007.4328609,0.02575284106395817,0.28285071594733274
1785124007.4382474,0.0256058903939645,0.28299700872401196
1785124007.4430652,0.02548599222411702,0.28311627516900495
1785124007.445634,0.025388194672765964,0.2832136056057773
1785124007.4503393,0.02529118758255858,0.2833101270398901
1785124007.4560714,0.02519127026910758,0.28340955111493604
1785124007.4607484,0.025096157131250924,0.28350410858571434
1785124007.4654787,0.02500261478844881,0.2835970644604829
1785124007.4707475,0.024916197782497304,0.28368297539846254
1785124007.4766545,0.024832597775712843,0.28376618068575127
1785124007.485153,0.02475407251861949,0.2838444028760496
1785124007.4883773,0.024690548103731925,0.28390770857967607
1785124007.4904566,0.024636694289683837,0.28396141883271864
1785124007.4970326,0.02457508125117792,0.2840228568220593
1785124007.500431,0.024523553550616497,0.28407431272865646
1785124007.5057638,0.024476962000340895,0.2841208297621551
1785124007.5108182,0.024421565090647575,0.28417613061812935
1785124007.515494,0.024378552323269014,0.28421912514606207
1785124007.5232315,0.02434083428828181,0.2842568339866477
1785124007.5293114,0.024291648051580662,0.28430600234687176
1785124007.531249,0.024258065285983035,0.2843395172827166
1785124007.5371923,0.024221194191801118,0.28437627024192996
1785124007.5410416,0.024190489171579906,0.28440679335890034
1785124007.545119,0.024169857153843108,0.28442727370486576
1785124007.5503159,0.024136565586313084,0.28446022588139624
1785124007.5560284,0.02412023512950197,0.28447634928907173
1785124007.5605612,0.024091650603628476,0.28450451409433153
1785124007.5652933,0.0240816090828935,0.2845143780693668
1785124007.5709713,0.02406632040478919,0.2845293325167017
1785124007.576469,0.02403992882715395,0.28455499988035987
1785124007.583994,0.024037935987394607,0.28455692581529407
1785124007.5864372,0.024021968351462857,0.284572246557408
1785124007.5902429,0.024015007636272796,0.28457888388256836
1785124007.5956466,0.024007988324749294,0.2845855186307728
1785124007.6003935,0.024010308514762258,0.28458334272811553
1785124007.6069732,0.02401139699997473,0.28458232988332455
1785124007.6104958,0.024008591711405836,0.2845849164878113
1785124007.6172018,0.024018326963459704,0.28457600252292914
1785124007.6223168,0.02402673717057562,0.28456835785269424
1785124007.6269524,0.02403015632748998,0.28456527509390417
1785124007.631113,0.02404051408125598,0.2845560115151924
1785124007.6384332,0.024043599107941873,0.2845532772217812
1785124007.6411095,0.024057097466417654,0.2845414104002055
1785124007.6460602,0.024063445264271476,0.2845358750253493
1785124007.6539793,0.024067805339466675,0.28453210389977807
1785124007.6568944,0.024085494308341268,0.2845169619556674
1785124007.660628,0.02410710346063207,0.2844986249024514
1785124007.668777,0.024111890598076634,0.28449459655320974
1785124007.6729445,0.02413144319847009,0.28447828595636293
1785124007.6760714,0.02414502319492495,0.2844670556082724
1785124007.6839385,0.02416103501768566,0.2844539448068295
1785124007.6877694,0.024178284009206387,0.28443996972083535
1785124007.6913605,0.024195191001655746,0.28442639978355577
1785124007.6954572,0.02421320590776889,0.2844120356991382
1785124007.7005317,0.024228371930705473,0.2844000230684144
1785124007.7065287,0.024248826133972643,0.2843839683238474
1785124007.711176,0.0242709861843039,0.28436669446446916
1785124007.715513,0.024289814613142,0.2843521190856939
1785124007.7211437,0.024314758144889054,0.2843329835667306
1785124007.7260435,0.024333577654488354,0.2843186690290055
1785124007.7319176,0.024358664238181716,0.28429974102990946
1785124007.7361324,0.024385544581747673,0.28427960006625463
1785124007.7429018,0.024405946814639798,0.28426443514699673
1785124007.7467792,0.02443269398345334,0.2842446552237956
1785124007.7520149,0.02446239750146947,0.284222856673396
1785124007.755682,0.024491796423295357,0.2842014201882897
1785124007.7700183,0.024521123776210324,0.2841801450653133
1785124007.7747889,0.024550890798088924,0.2841586173966121
1785124007.7901194,0.024579424086909125,0.2841380700945187
1785124007.791916,0.024606874009397484,0.28411842760282946
1785124007.8202498,0.024648643472613474,0.28408864081485785
1785124007.8306603,0.024676600498056058,0.28406878742064273
1785124007.8347776,0.024720629069871033,0.2840375837587684
1785124007.8480496,0.024774669063317746,0.2839993493284523
1785124007.8622456,0.024822571918309992,0.2839655838124596
1785124007.8649461,0.024868407644574878,0.28393340981638954
1785124007.8677135,0.024922229607568073,0.283895736173987
1785124007.8721983,0.024964852685604076,0.2838659371663181
1785124007.8757238,0.02501747554890516,0.28382918356343584
1785124007.880797,0.025077962197150142,0.28378696734620246
1785124007.8873818,0.025134043753733775,0.28374786815554603
1785124007.8904202,0.02518301502377382,0.28371382963255687
1785124007.8960571,0.02524392637096815,0.2836715528032671
1785124007.909045,0.025309171751805956,0.28362640888353674
1785124007.9127104,0.025362401155041136,0.28358960675962597
1785124007.9161243,0.02544514604629088,0.2835325579647635
1785124007.9226282,0.025514502144862897,0.28348484117797335
1785124007.9259892,0.02559832534292123,0.28342723499600675
1785124007.9307172,0.02566786669073267,0.28337954738085924
1785124007.936054,0.025782962185033616,0.28330066235453494
1785124007.943389,0.025845550805142774,0.2832578589628263
1785124007.9459448,0.025889317297196436,0.28322791895254734
1785124007.9510465,0.02599610823372938,0.28315482356920146
1785124007.9568532,0.026083359414582646,0.2830951621598679
1785124007.9606643,0.02613891779117908,0.2830572477613622
1785124007.9654574,0.02621563952711934,0.2830048750560083
1785124007.9715295,0.026339990491786817,0.28292006703291556
1785124007.981335,0.026395313498558438,0.28288238782538294
1785124007.982279,0.026484976277660804,0.28282139145174934
1785124007.9860253,0.026590048791512697,0.282749985160347
1785124007.990621,0.026651828050682013,0.28270811370757104
1785124007.9963646,0.026771772229871933,0.28262680427010145
1785124008.001697,0.026858010698889496,0.2825684549885565
1785124008.0063655,0.02695722926475778,0.28250132171296416
1785124008.011605,0.027028922439356274,0.2824528530933991
1785124008.0161211,0.02711119100002306,0.2823972589569397
1785124008.0199058,0.027232534119194265,0.2823155102596104
1785124008.0281134,0.027307374798726483,0.2822651951202983
1785124008.0311818,0.02726682692870189,0.2822923711439585
1785124008.0359182,0.027254289040225928,0.2823007632036649
1785124008.0426843,0.0272462745332079,0.28230611716975307
1785124008.045713,0.02718630521883423,0.28234607336201034
1785124008.0505602,0.027071738735438985,0.282422306912575
1785124008.058111,0.02702085972694136,0.28245611888757594
1785124008.061064,0.027000906705012817,0.28246936147611434
1785124008.0663629,0.026911753874666922,0.2825283971925494
1785124008.0729177,0.02680068959236198,0.28260184189479726
1785124008.0766246,0.026732158225460746,0.28264707300579156
1785124008.080653,0.02670605835982087,0.2826642988447718
1785124008.085406,0.026649494240788114,0.2827015942034282
1785124008.0909755,0.026567823874783753,0.2827553534296169
1785124008.095421,0.02650818338493979,0.28279458051422435
1785124008.0999813,0.026408322695867962,0.2828603219068648
1785124008.1059086,0.026345184975247644,0.28290186409642526
1785124008.1112506,0.026242630232572232,0.28296926876970885
1785124008.115403,0.02617733819507314,0.2830122446201634
1785124008.121322,0.026066108241633548,0.28308539511730535
1785124008.126096,0.026008007942557126,0.2831234430304495
1785124008.1309114,0.02588578536853327,0.2832033913195076
1785124008.1372547,0.02578577851708839,0.28326874959943027
1785124008.1465163,0.02569467022606627,0.2833283953586663
1785124008.151564,0.02560459164131591,0.2833873604379893
1785124008.1568604,0.025531389801297214,0.2834352795297494
1785124008.1615763,0.025406530673453026,0.2835170274580715
1785124008.1667502,0.025274601035339125,0.283603307430717
1785124008.1709092,0.025142614259116545,0.28368971202465104
1785124008.1752868,0.025037442130147722,0.2837586497167164
1785124008.180462,0.02491839520790558,0.28383667048038047
1785124008.1861773,0.024791426020677815,0.2839198992832217
1785124008.1906724,0.024665044919019642,0.28400269784909815
1785124008.196727,0.024560562384571993,0.2840712995124795
1785124008.1999714,0.024439787429927612,0.2841508044847209
1785124008.2062979,0.02431357197983516,0.2842339284938334
1785124008.2105362,0.02418282891083377,0.28432007857057245
1785124008.2168596,0.02407536697216697,0.28439087691942255
1785124008.2224152,0.023950732934169914,0.28447303615690944
1785124008.2261603,0.02381585624467629,0.2845617906769066
1785124008.2305877,0.02367406021503762,0.2846551542137605
1785124008.235658,0.02354422881012132,0.28474053457054954
1785124008.2402387,0.023414038021209616,0.2848260278348958
1785124008.248181,0.02327807009185749,0.28491539194161014
1785124008.2499025,0.023137993325944607,0.28500735059409377
1785124008.257073,0.023006392544531427,0.2850937501425802
1785124008.2620037,0.022865952193310522,0.2851858042179868
1785124008.2654896,0.022729190862440025,0.28527540919455374
1785124008.2707777,0.022582565784169253,0.2853712631069963
1785124008.275439,0.022428880266343473,0.2854715728151582
1785124008.2830765,0.02228477394227462,0.2855655739126479
1785124008.2891734,0.02213236113998699,0.28566487729788514
1785124008.2916253,0.021987038832021473,0.2857592720955569
1785124008.3001053,0.021833314470139125,0.285858885578599
1785124008.305724,0.02166869560951319,0.2859651490885217
1785124008.317116,0.021513687223120075,0.286064922973
1785124008.3178906,0.02135566260311582,0.2861664260877012
1785124008.334412,0.02119449686375444,0.28626975754467676
1785124008.33652,0.0210322891622227,0.2863733817856685
1785124008.3381355,0.020864814878208633,0.28648006286913147
1785124008.3396363,0.020698412335254147,0.2865858789347268
1785124008.3410313,0.020523708732901425,0.28669651577085686
1785124008.3564239,0.02034819993229254,0.28680747912185306
1785124008.3766136,0.020173431270918578,0.286917583268118
1785124008.3783314,0.02000061864960336,0.2870261404996866
1785124008.380414,0.01981841344240752,0.28714034416038253
1785124008.3852894,0.019637174405722664,0.28725332500775375
1785124008.3906658,0.019455081266962933,0.2873665073055155
1785124008.3955917,0.01927849989582912,0.2874755835104544
1785124008.4005704,0.01910200867432905,0.28758417657618424
1785124008.4058957,0.018916669865491755,0.28769765973950256
1785124008.4105449,0.018708250914066374,0.2878245837511894
1785124008.4154956,0.01851172496531393,0.2879436649444402
1785124008.4208355,0.01831544820485818,0.28806212847043616
1785124008.4263473,0.01812695944039399,0.2881752643385496
1785124008.430926,0.017914385024815457,0.28830216687933147
1785124008.4352307,0.01771628411300713,0.28841984617536853
1785124008.4410083,0.017520748138078666,0.2885351547561744
1785124008.44484,0.017318260438861713,0.2886536351075397
1785124008.4500568,0.01712944639987608,0.2887634151134059
1785124008.4552112,0.01693690038599248,0.2888744397352213
1785124008.4611847,0.016743813626531757,0.2889849478873297
1785124008.4659212,0.016551961842154638,0.28909410193241897
1785124008.473842,0.01636525057345915,0.2891994510882146
1785124008.4763188,0.01616364583664317,0.2893122807454924
1785124008.4801555,0.015973124634061264,0.2894179617150913
1785124008.4853013,0.01577740936080097,0.2895256433511018
1785124008.4901464,0.015581610161673623,0.28963244391463017
1785124008.495535,0.015389322575620708,0.2897363372275723
1785124008.4999962,0.015192238257544236,0.2898420442924018
1785124008.505954,0.014999873731437739,0.28994436276095004
1785124008.5101717,0.014803263853075859,0.2900482342036993
1785124008.5154264,0.014598370588170598,0.290155522602167
1785124008.5224996,0.01439882297289824,0.2902590299214861
1785124008.5257475,0.014193347440009855,0.2903647459570909
1785124008.530524,0.013985586590447217,0.29047082658297585
1785124008.5365462,0.013779437846312182,0.2905751602345631
1785124008.5406234,0.013577113097716226,0.2906767665511923
1785124008.5453432,0.013361272073538438,0.2907839945471933
1785124008.5505779,0.013155874012145106,0.2908852068617646
1785124008.5557973,0.012943668931655704,0.2909887360050045
1785124008.5599053,0.012728691520125896,0.29109258936640414
1785124008.5652618,0.012507371088730833,0.2911985659969393
1785124008.5731266,0.012280250379076605,0.2913063086844462
1785124008.5756238,0.012051583342116798,0.2914139735998808
1785124008.5802674,0.011719387418049764,0.2915690079304864
1785124008.5865521,0.011302115217546267,0.2917619479255851
1785124008.5910735,0.010882338472391381,0.2919544590777029
1785124008.5958545,0.010446935883879715,0.292153146644361
1785124008.6010668,0.0100110223248258,0.2923502205991849
1785124008.6061993,0.00951581662861064,0.2925723983869162
1785124008.610844,0.009070671824228403,0.29277074002608416
1785124008.6160214,0.008629606260492735,0.29296557683985475
1785124008.6205046,0.008126445299562173,0.2931864854315435
1785124008.6256707,0.007684256856703599,0.29337896549553244
1785124008.6304083,0.00710237415959162,0.2936309658869039
1785124008.635951,0.006458297280966901,0.29390753723420104
1785124008.6403298,0.0057862114005267406,0.29419368871415075
1785124008.6459079,0.00509324063284881,0.29448722699637736
1785124008.650283,0.0044128786635256705,0.2947731271559719
1785124008.656203,0.0037202459736037667,0.295062136265268
1785124008.6615918,0.003035069062990238,0.2953464749654473
1785124008.6650968,0.002302150572947983,0.29564919690165714
1785124008.672914,0.0016227625022214355,0.2959282188833476
1785124008.6749735,0.0009224417372201488,0.29621410259613773
1785124008.6812198,0.0001134828726302436,0.29654264907082306
1785124008.686742,-0.0007613512263059321,0.29689550517576985
1785124008.6917057,-0.0016910236201949694,0.2972686692425325
1785124008.695921,-0.002605722596580434,0.29763404836674706
1785124008.7000546,-0.0035585157122728695,0.2980121692787809
1785124008.7064068,-0.004516628876796396,0.2983911165435532
1785124008.7107387,-0.005460703895786154,0.29876322832303126
1785124008.716579,-0.006373852722087696,0.29912231882167983
1785124008.7233064,-0.00729426390924399,0.29948194118507343
1785124008.7260594,-0.008239365666692497,0.29984919557958895
1785124008.7312953,-0.009277061742949417,0.30025064765302534
1785124008.7350602,-0.010358524180950323,0.300666318969954
1785124008.7405775,-0.01146030120652581,0.30108805719009424
1785124008.7453077,-0.012534069303497165,0.30149856219547627
1785124008.7501638,-0.013652677344009259,0.3019252415750661
1785124008.7559972,-0.01480090527807013,0.30236147620135695
1785124008.7601583,-0.015910241961164234,0.3027806942132909
1785124008.7652857,-0.017044290148013504,0.3032075080380914
1785124008.774477,-0.018184206423804698,0.30363589691134507
1785124008.7765214,-0.019257352846926114,0.3040379284653578
1785124008.781021,-0.020530735258019656,0.3045143709611879
1785124008.7855062,-0.021829272478711737,0.30500091836877513
1785124008.790483,-0.023170723482154508,0.3055022991751091
1785124008.796169,-0.024515731512844998,0.30600483868351425
1785124008.8007145,-0.025884326142611262,0.3065169134554749
1785124008.805946,-0.027279608869452094,0.3070389025102381
1785124008.8098483,-0.028628487880341606,0.3075449472376485
1785124008.8156674,-0.030011359515937704,0.30806429926503615
1785124008.8207884,-0.03137142714385654,0.30857621644761046
1785124008.8253312,-0.03268980120861633,0.30907230181282574
1785124008.831959,-0.03418510622831334,0.3096335965642138
1785124008.8355663,-0.035710377706210175,0.31020572154737247
1785124008.8404062,-0.03727978671361949,0.310794472368505
1785124008.8455806,-0.03882088870197098,0.31137199285102235
1785124008.8501222,-0.040422265670162626,0.3119720178053694
1785124008.8554323,-0.041997186783428564,0.3125634967599338
1785124008.8597581,-0.043462862609985865,0.3131150727578005
1785124008.8654804,-0.04495770677717277,0.313677867145342
1785124008.8726792,-0.04650111032178237,0.3142587574488593
1785124008.8756888,-0.04807324277844278,0.31484897016229746
1785124008.880715,-0.04977787044847715,0.3154866965232288
1785124008.888004,-0.05142269489930408,0.3160985872509497
1785124008.8915496,-0.053108944282624415,0.3167225871842752
1785124008.895235,-0.054876176017122774,0.3173743227362439
1785124008.9007716,-0.056680726991098905,0.31803673874167365
1785124008.905939,-0.05844976191004013,0.3186848704664225
1785124008.9104576,-0.06021463418445856,0.31932771382350145
1785124008.9159763,-0.061975659215548436,0.3199676023221377
1785124008.9205587,-0.06367170544273892,0.3205806212265143
1785124008.925898,-0.06545234807578619,0.3212208357452126
1785124008.9309137,-0.0672284566587754,0.32185696985584494
1785124008.9356432,-0.0690261967295708,0.322496638690219
1785124008.9402385,-0.07087151283602744,0.32315028759088327
1785124008.9453871,-0.07268568227760303,0.32378839216250127
1785124008.950087,-0.0745771103211051,0.3244490951925691
1785124008.955481,-0.0763871316595852,0.3250765234788929
1785124008.960659,-0.07809676697665402,0.3256635749235544
1785124008.966703,-0.0799232452409168,0.3262857149649473
1785124008.9748244,-0.08168981153007358,0.3268838262282021
1785124008.9757557,-0.0835157329864275,0.3274965618979278
1785124008.98158,-0.08519068068034075,0.32805223441232784
1785124008.9857519,-0.0867829937770551,0.3285763309580142
1785124008.9937384,-0.08830549361459586,0.329073697558383
1785124008.9955127,-0.08970811281979314,0.329527650318683
1785124009.000357,-0.09118640051270561,0.3300010324774135
1785124009.0091422,-0.09264321514648975,0.33046163912701193
1785124009.0103776,-0.094050385547243,0.3309000574902258
1785124009.0165343,-0.09545937970692649,0.33133380718089656
1785124009.0221562,-0.09691291498711853,0.33177426524084463
1785124009.025003,-0.09832545561753994,0.33219690760356424
1785124009.03169,-0.09958047201785457,0.3325676831656736
1785124009.0365455,-0.10075517302305156,0.33291084731974724
1785124009.040662,-0.10187684781608113,0.3332354321164446
1785124009.0452216,-0.10301552552776234,0.33356171155139647
1785124009.0512156,-0.10404309472804536,0.3338523571010163
1785124009.0565639,-0.10513700749054138,0.33415817951355553
1785124009.0599341,-0.10620217392692212,0.3344518385791974
1785124009.0659246,-0.10730580465313007,0.33475315081210144
1785124009.0748088,-0.1083947580145194,0.33504709251841913
1785124009.076841,-0.1094658699301418,0.3353329926225027
1785124009.0814648,-0.11037123839541062,0.33557159359193567
1785124009.0853922,-0.11119445617796514,0.3357863496449937
1785124009.0902324,-0.11198287735230655,0.33599033608468665
1785124009.095241,-0.11274844679335656,0.33618728155988264
1785124009.1017263,-0.11349896979334854,0.3363788477349284
1785124009.1059191,-0.1142474859066106,0.3365683993310632
1785124009.113568,-0.1150102837116019,0.3367609557723987
1785124009.1154625,-0.1157583992950541,0.3369489800446995
1785124009.121908,-0.11649617448129189,0.3371341979900743
1785124009.125819,-0.1172475043999072,0.33732286347398255
1785124009.130645,-0.11776338378520333,0.3374524162613156
1785124009.1382275,-0.11817569949611179,0.3375557995973196
1785124009.1433501,-0.11854895520784968,0.33764952118241903
1785124009.1465461,-0.11891242957663016,0.3377405102151644
1785124009.150684,-0.11928363244237696,0.3378335336500136
1785124009.1561894,-0.11965617401439704,0.3379270629721835
1785124009.1602664,-0.1200295382797395,0.3380211406115072
1785124009.167234,-0.12040728904988936,0.3381165180383077
1785124009.1745322,-0.12078849422054497,0.3382132276138147
1785124009.1765077,-0.12117425388644101,0.33831135956565156
1785124009.1804779,-0.12154248460348484,0.3384056250906171
1785124009.1849425,-0.12195050803491819,0.3385110868649705
1785124009.1907039,-0.12242962535163465,0.3386364720205483
1785124009.1950822,-0.12300185909488177,0.3387874025769783
1785124009.1999152,-0.12358678660341904,0.33894328230771575
1785124009.2052367,-0.12420690449443353,0.3391094768661511
1785124009.2097106,-0.1248627060732193,0.3392867291777307
1785124009.2162316,-0.1254874884791884,0.339457502093894
1785124009.222404,-0.12609439631886132,0.3396248579924283
1785124009.225887,-0.1267491440799905,0.33980688779642326
1785124009.2317276,-0.1274493860384033,0.34000353803705513
1785124009.2359326,-0.12828707842044648,0.34024075110330293
1785124009.2406013,-0.12917348466131626,0.34049317465646256
1785124009.2448118,-0.13004762102428402,0.34074370705074797
1785124009.2500079,-0.1309864949148693,0.3410150452263562
1785124009.2561014,-0.13191777939566193,0.341286013701333
1785124009.2599065,-0.1328016315604506,0.3415444238947109
1785124009.2673275,-0.1337488502566865,0.3418234701417926
1785124009.2751741,-0.13469576355961732,0.3421027130191715
1785124009.277122,-0.13563250420372924,0.34237993967147184
1785124009.2818012,-0.13671602460682256,0.34270029747408487
1785124009.2852762,-0.1378329341443117,0.3430309603438652
1785124009.2910767,-0.13895729763848727,0.3433639246347283
1785124009.2953153,-0.1401229537665845,0.34370843652354943
1785124009.3008637,-0.14130799270935482,0.34405781938287816
1785124009.3060942,-0.14247231886539108,0.3444013796317427
1785124009.3099618,-0.1437298719123253,0.3447715224550129
1785124009.3162425,-0.14490751322810402,0.3451168403294325
1785124009.3212218,-0.1461461151499321,0.3454777794640965
1785124009.326308,-0.14738887675066176,0.34583837855880534
1785124009.3328192,-0.14870834714436273,0.34621935040301866
1785124009.336158,-0.15010886922531766,0.34662294262449656
1785124009.3407807,-0.15155180473151708,0.3470364956724704
1785124009.3461554,-0.1530056578614512,0.34745189165365437
1785124009.3502731,-0.1545180796897118,0.34788104461951086
1785124009.3566751,-0.15597412614849807,0.34829085916682306
1785124009.360432,-0.15749964842325442,0.3487175843827046
1785124009.365472,-0.1589828501469128,0.3491298252484711
1785124009.3746748,-0.16047198805282414,0.3495417447147908
1785124009.376805,-0.1620051977234523,0.3499620935991708
1785124009.3812962,-0.16357048756828138,0.3503864996963851
1785124009.3857164,-0.16527088091843103,0.35084296140122667
1785124009.3915858,-0.16700115385383069,0.35130453430722475
1785124009.3957329,-0.16876210749772652,0.3517702060520481
1785124009.4004464,-0.1705024439970289,0.35222584177603916
1785124009.4069896,-0.17226049086878828,0.3526806875203231
1785124009.410139,-0.17396843937568357,0.3531160113400443
1785124009.4160836,-0.17575501561511625,0.35356624433580014
1785124009.4211266,-0.17748085825416196,0.3539948199184448
1785124009.4258122,-0.17919204146213652,0.3544131897547458
1785124009.4325945,-0.18101505960916525,0.3548535382921327
1785124009.4364867,-0.18284456728996848,0.35528859145953057
1785124009.4407623,-0.18476247333653367,0.3557386104667606
1785124009.445569,-0.18666425842684567,0.3561791012372967
1785124009.4513764,-0.18855874878012766,0.3566103624158298
1785124009.4563947,-0.19057902589875955,0.3570625924376023
1785124009.460439,-0.19261419435149765,0.3575097966658718
1785124009.4660134,-0.19461061252577228,0.3579404866051632
1785124009.4739723,-0.19660621789758512,0.3583644096747878
1785124009.478039,-0.19856538143590846,0.35877380456095503
1785124009.4812698,-0.20055139488454585,0.3591811621666622
1785124009.485486,-0.2024828570451593,0.35957247193441183
1785124009.4905996,-0.20452081199730715,0.35997643745116636
1785124009.4948258,-0.20655715851957468,0.3603739272294789
1785124009.5003495,-0.2085867615437237,0.3607642269185389
1785124009.5050693,-0.21060380782342444,0.3611473183171108
1785124009.5101788,-0.21251273044444247,0.3615048006435642
1785124009.5163152,-0.21453952065035112,0.3618802734008718
1785124009.5209959,-0.21649822040962036,0.36223821564490893
1785124009.5255723,-0.218447613993536,0.3625902033199346
1785124009.531618,-0.22037471477800488,0.36293332701723774
1785124009.536513,-0.22219288342973748,0.3632514924878304
1785124009.540477,-0.22404677749598165,0.3635718090987968
1785124009.5449429,-0.22587867674965267,0.36388549955192456
1785124009.550105,-0.2276981236683771,0.36419524915311524
1785124009.5554006,-0.2294739721477085,0.3644954114572691
1785124009.5596902,-0.2312243059928828,0.3647897251155963
1785124009.5657635,-0.23301613202594568,0.3650878861466279
1785124009.57566,-0.23480507115240032,0.3653813724691898
1785124009.5774362,-0.23659698896484938,0.3656713453793166
1785124009.5800464,-0.23845238534817073,0.3659657367337637
1785124009.5850832,-0.24039886520318965,0.36627048775986937
1785124009.5905113,-0.2423146963511403,0.3665686605226023
1785124009.5957122,-0.24426469293473388,0.3668688938245875
1785124009.5999837,-0.2461626854363982,0.3671573663528588
1785124009.6057985,-0.2481239990440833,0.3674520064429625
1785124009.6098258,-0.2500398734712619,0.36773735981796574
1785124009.6156416,-0.2519594269943083,0.368021122703447
1785124009.6205285,-0.2539459674080231,0.36831338349732373
1785124009.6260846,-0.2558605746864528,0.36859296510244105
1785124009.630517,-0.25776210155183943,0.3688692491935339
1785124009.6361642,-0.259663574881066,0.369142541636449
1785124009.6409166,-0.26159499448809403,0.3694177064808598
1785124009.6451812,-0.26347593285631177,0.3696835647398121
1785124009.6509163,-0.2653371406955813,0.3699430182430107
1785124009.6562603,-0.2672425707314712,0.37020684672901133
1785124009.6599765,-0.26911944212477906,0.3704643213540272
1785124009.665051,-0.27108835053117397,0.37073106083827245
1785124009.6736412,-0.27302935285689806,0.3709924727225226
1785124009.675453,-0.2748850479040634,0.3712406603639952
1785124009.6800666,-0.2766805435284202,0.3714784424015372
1785124009.6856778,-0.2785304089090459,0.3717214811767857
1785124009.6910536,-0.28045586563548036,0.3719719038273912
1785124009.6949673,-0.28230307807527455,0.3722097772356505
1785124009.7001324,-0.28417831013854433,0.3724472990065039
1785124009.7059693,-0.2861289387112115,0.3726912406094482
1785124009.7100165,-0.28808898933533966,0.3729330780161981
1785124009.716181,-0.29010026591849775,0.3731807330226203
1785124009.7220516,-0.2920443630821693,0.37341665133058183
1785124009.7259448,-0.2939853214774775,0.37365016583435845
1785124009.7309074,-0.29585669981496443,0.3738721705175405
1785124009.735735,-0.2978635625667994,0.3741089911697355
1785124009.7403712,-0.29975710197119065,0.3743283855083989
1785124009.745416,-0.3017133527918867,0.374552487421803
1785124009.7504401,-0.3036224001295963,0.37476843769079404
1785124009.7563562,-0.3055569953734669,0.37498667368635286
1785124009.7603316,-0.3074587550983162,0.375198265703005
1785124009.7663043,-0.3093875291632099,0.3754118424247136
1785124009.7741327,-0.3113148274467997,0.37562369182341504
1785124009.775716,-0.3132225207765584,0.37583174803120306
1785124009.7795632,-0.3152157164892064,0.37604725775827613
1785124009.785781,-0.3171666762991184,0.3762576356679852
1785124009.790411,-0.31911356677290104,0.3764649936329957
1785124009.7951028,-0.32106154135116155,0.3766698727057257
1785124009.8004203,-0.32296659834164027,0.3768672890669564
1785124009.8059192,-0.32481780045466574,0.3770593040842746
1785124009.8105698,-0.32677851576553935,0.37726106435877843
1785124009.8158681,-0.328761789610345,0.3774613949064911
1785124009.8224652,-0.3307536721380955,0.37766077257006603
1785124009.8253756,-0.3327389211362729,0.37785837439268166
1785124009.830572,-0.33469021679423633,0.3780501787928126
1785124009.8354266,-0.3365359702578184,0.3782298880159464
1785124009.8411863,-0.3383616215011052,0.37840271157707495
1785124009.8451605,-0.3402044505475473,0.3785740838247414
1785124009.8504367,-0.34196622682486133,0.37873414297949515
1785124009.856653,-0.3438110583561266,0.3788981391619776
1785124009.8609507,-0.34560446214993185,0.37905282414036323
1785124009.8668752,-0.3473595339129394,0.37919951046277167
1785124009.8751667,-0.34915905309534917,0.37934584645225894
1785124009.877104,-0.35093863456890284,0.37948545794857036
1785124009.8803403,-0.3527632949148085,0.3796241293654389
1785124009.886374,-0.3546752266442285,0.3797615691107255
1785124009.8909743,-0.35667832091071866,0.3798993055532008
1785124009.8946779,-0.35862962523600056,0.3800282647652712
1785124009.9014866,-0.36054988432115814,0.3801489245759934
1785124009.9058087,-0.36244921039231814,0.380261645611041
1785124009.9101553,-0.36443008746614275,0.38037152105881566
1785124009.9158924,-0.36642602460214835,0.38047576730545574
1785124009.9236026,-0.3683925094211099,0.3805703336767497
1785124009.925408,-0.37043300889729514,0.38066176201084856
1785124009.9301386,-0.3723401127103837,0.38073992234072085
1785124009.9354255,-0.3743368132967417,0.38081597282788415
1785124009.9406674,-0.3763005830011512,0.38088596285077264
1785124009.9449885,-0.3782784073681234,0.3809486466057055
1785124009.9504957,-0.3802409768217246,0.3810034542929735
1785124009.9560921,-0.3822095568927762,0.38105149852485753
1785124009.9605365,-0.38418711042189024,0.38109389214486006
1785124009.9657311,-0.3862042325573237,0.38113124135909426
1785124009.9738207,-0.3881994954585614,0.38116159467896793
1785124009.9752016,-0.3901743554514726,0.38118400569844
1785124009.9805913,-0.3921387180393214,0.38120131334678703
1785124009.9856217,-0.39402225689094383,0.38121062608829065
1785124009.990806,-0.3959399652096548,0.38121505629220215
1785124009.995561,-0.39790489610941293,0.381215135119286
1785124010.002199,-0.3998388199079297,0.38120932167764676
1785124010.0061848,-0.4017674209880155,0.3812001151334967
1785124010.0108163,-0.4037398553142863,0.381187072510925
1785124010.0160992,-0.40572905818192045,0.3811703402774758
1785124010.0238323,-0.40768585729816836,0.3811470472446293
1785124010.0264547,-0.4095816347050963,0.38112103271044584
1785124010.031549,-0.41153324880326486,0.3810921062859494
1785124010.0416653,-0.41335135808161594,0.3810626609403376
1785124010.0424974,-0.41515723802995336,0.38103091975325076
1785124010.0453804,-0.4169914462114152,0.3809972202344336
1785124010.0510435,-0.4188092508400423,0.38096176310061364
1785124010.0569465,-0.420610434410151,0.38092698472740255
1785124010.060757,-0.42241264641403375,0.38088996177687456
1785124010.0651882,-0.4242690439350757,0.38084945402957204
1785124010.0731347,-0.42608663064946517,0.38080934786281156
1785124010.0761685,-0.4279368382602132,0.38076786142357877
1785124010.0807295,-0.42982743243174754,0.3807264328847351
1785124010.0855298,-0.43180845855289984,0.3806832408959269
1785124010.091271,-0.43376861175742853,0.3806410158584768
1785124010.0952535,-0.43572907176162723,0.3806000543361544
1785124010.1006436,-0.4376959654365467,0.380559721533867
1785124010.106281,-0.4396594078933468,0.38051994484510315
1785124010.1106443,-0.4416428504181269,0.3804808347657092
1785124010.1161551,-0.4436723997848927,0.3804409981580767
1785124010.1216083,-0.4457262487938492,0.3804025543502111
1785124010.125118,-0.4477610256302445,0.3803661933102912
1785124010.1303866,-0.44977817217672245,0.38033221823302704
1785124010.13567,-0.45181129283213123,0.3802991073283512
1785124010.1401973,-0.45374268907837745,0.38026890181081996
1785124010.1453054,-0.4557491114043018,0.3802399182425102
1785124010.1502912,-0.4578166275056972,0.3802128728243335
1785124010.15588,-0.4598376357481998,0.38018737157936217
1785124010.1602025,-0.46190611553483385,0.380163649554159
1785124010.1661775,-0.4638896455562003,0.3801433715453307
1785124010.1759012,-0.46587697034152653,0.38012549687317193
1785124010.1767917,-0.46791374205639874,0.38010791696376894
1785124010.1801684,-0.4698766234830711,0.3800941947528954
1785124010.186565,-0.471860658744806,0.3800812593379946
1785124010.1903906,-0.47376513248512636,0.3800706236156716
1785124010.1948245,-0.4756452326280588,0.38006125625349324
1785124010.200509,-0.4775534458020923,0.38005347473759044
1785124010.2061145,-0.4794314584404751,0.3800484100008697
1785124010.2098944,-0.4812380511827466,0.38004498047642515
1785124010.2158124,-0.48304125408502324,0.3800414451753316
1785124010.2219079,-0.4848837496675635,0.38003878672050034
1785124010.2260413,-0.4868138877829269,0.3800361998893509
1785124010.2309146,-0.48867889690538363,0.38003567868158505
1785124010.2370317,-0.49054404687125414,0.3800374542401932
1785124010.2399235,-0.49239755556221065,0.38004064533347964
1785124010.245735,-0.4942596379060603,0.38004325932962646
1785124010.250005,-0.49612911029171497,0.3800458350060111
1785124010.2565775,-0.4980174743879146,0.38004902413200825
1785124010.2597313,-0.49980042961302606,0.3800515742248953
1785124010.2647214,-0.5016839173000114,0.38005576822685133
1785124010.2747908,-0.5035148648367972,0.3800604332260137
1785124010.2775223,-0.5053688824914955,0.38006568516441525
1785124010.2805133,-0.5073022565231746,0.3800713974532439
1785124010.2861042,-0.5092952320378868,0.3800780420925904
1785124010.2909794,-0.511326474264092,0.3800848088905587
1785124010.2948136,-0.5133298536266667,0.3800907845082158
1785124010.3007522,-0.5153563584029245,0.3800967369668075
1785124010.305782,-0.5174505964376521,0.38010292529658984
1785124010.3101108,-0.519509148760091,0.38010908611073835
1785124010.314987,-0.5214958000882108,0.3801151654310381
1785124010.3228972,-0.5235264221705841,0.3801203791505268
1785124010.3254936,-0.5255818164326366,0.38012537729838997
1785124010.331383,-0.5275780193493076,0.3801281467034553
1785124010.3388634,-0.5295602260941024,0.3801319611406358
1785124010.341508,-0.5315424832253645,0.38013597598727267
1785124010.3455405,-0.5335974446666857,0.380139211009798
1785124010.3508184,-0.5355902809109875,0.38014271589767984
1785124010.3564506,-0.5376155189428135,0.3801454442769246
1785124010.3600218,-0.5395560978269879,0.3801476068631065
1785124010.3654134,-0.5415806623962443,0.3801486830850539
1785124010.373543,-0.543611863153602,0.3801493127056098
1785124010.3759708,-0.5456170224339416,0.38015050673851597
1785124010.3801823,-0.5476192794832603,0.38015349699712825
1785124010.3863652,-0.5496690976365802,0.3801570219218242
1785124010.390883,-0.5517253796834007,0.3801621193923481
1785124010.3963397,-0.5537133040110251,0.3801680460866163
1785124010.4018836,-0.5557015563220976,0.3801743116196454
1785124010.405055,-0.5576777910072431,0.38018080478865984
1785124010.4111073,-0.559673986314388,0.3801879024705456
1785124010.4153607,-0.5616225682937201,0.38019404339224266
1785124010.4209418,-0.5636117155507323,0.38020229400199373
1785124010.4256203,-0.5655781396238168,0.38021127741811733
1785124010.4301546,-0.5674685967533116,0.3802187276574028
1785124010.4388618,-0.5693834705282746,0.38022763028590334
1785124010.4400573,-0.571283950044205,0.38023574469714944
1785124010.4447856,-0.5731785960189556,0.38024218041174984
1785124010.450116,-0.5750604776915158,0.3802487420637631
1785124010.4566596,-0.57689724191579,0.3802556944425369
1785124010.4601207,-0.5788170317664776,0.38026119747458575
1785124010.4674158,-0.5806103608479459,0.3802653583541712
1785124010.4748576,-0.5824619653764693,0.38027066398169246
1785124010.4771402,-0.5843482495430664,0.38027697908115377
1785124010.4800222,-0.5861784199957567,0.3802847331389296
1785124010.4853039,-0.5879840362885119,0.3802916276649926
1785124010.490452,-0.589789417922151,0.38029675592117024
1785124010.4955723,-0.5916120203154583,0.3803023723037508
1785124010.5003166,-0.5935310304245333,0.3803088362292101
1785124010.5059788,-0.5953861139456889,0.38031463781365454
1785124010.5106256,-0.5972314581341511,0.38031872674371037
1785124010.5157046,-0.5990734235028581,0.3803222150985422
1785124010.5260398,-0.6009206298691557,0.3803253767856117
1785124010.5270896,-0.6028213634441111,0.380327434225036
1785124010.530763,-0.6047672056481539,0.3803270710068304
1785124010.5375912,-0.6066843498326518,0.38032753916646345
1785124010.5412724,-0.6087154786314155,0.3803268432706361
1785124010.5450547,-0.6106743656978698,0.3803269046012606
1785124010.550702,-0.6127309871288982,0.3803284872873897
1785124010.5556016,-0.6147656681516517,0.38033006622091137
1785124010.559872,-0.6167889655795676,0.3803311090621288
1785124010.565703,-0.618823184816308,0.3803312860463036
1785124010.5747194,-0.6208131561421437,0.38033108462074205
1785124010.5763052,-0.6228783024521274,0.38033130823408245
1785124010.580043,-0.6249381633675314,0.38033269893710236
1785124010.5863192,-0.6269894596586927,0.3803346247575801
1785124010.5903387,-0.6290555115347837,0.3803377801808872
1785124010.595122,-0.631017682636528,0.38034095154220426
1785124010.6001477,-0.6331114741826975,0.3803449565986257
1785124010.6060128,-0.635102523020667,0.380348904222739
1785124010.6096566,-0.6371808364104247,0.3803521749685575
1785124010.6154914,-0.6392128082370446,0.38035610940793757
1785124010.6223543,-0.6412203256077675,0.38036036479101687
1785124010.625334,-0.6432391573830676,0.38036536077079386
1785124010.6298,-0.6452506885726886,0.38037076575264706
1785124010.6377957,-0.6472142388210336,0.38037556866146754
1785124010.6403983,-0.6492341525820893,0.38038062106509635
1785124010.64533,-0.6512419205643428,0.3803849425666142
1785124010.6531343,-0.6532585595926561,0.380389655194641
1785124010.6549914,-0.6552602905214946,0.3803952854014169
1785124010.6598413,-0.6572323073692298,0.38040298122383626
1785124010.6648057,-0.6592120952509002,0.38041211754935883
1785124010.6724072,-0.6612814118073014,0.3804227939219725
1785124010.6751492,-0.6633318779510163,0.3804341506396441
1785124010.6804237,-0.6652315069799439,0.38044517294838914
1785124010.6855297,-0.6671291615150476,0.3804567052813912
1785124010.6904821,-0.6689563996873509,0.38046798274007537
1785124010.6955621,-0.6708219245420444,0.38048026983147265
1785124010.7013526,-0.6726396178082003,0.3804919532185142
1785124010.7060194,-0.6744347057109794,0.3805039945218492
1785124010.7101789,-0.6762558716121994,0.3805166923520073
1785124010.7151597,-0.678116923158454,0.3805293787405193
1785124010.7215824,-0.6799815421207314,0.38054072811020007
1785124010.7252774,-0.6818258220897107,0.3805525060597228
1785124010.7299094,-0.683633744551408,0.38056662432736366
1785124010.7357547,-0.6855141771504891,0.38058187213758
1785124010.740554,-0.6873608430697334,0.3805962678007001
1785124010.7451413,-0.689207561586296,0.3806105467108359
1785124010.7502556,-0.6910559507701571,0.3806253795780426
1785124010.75615,-0.6928862103733959,0.3806402335661518
1785124010.7599628,-0.6947463044598868,0.38065625076464366
1785124010.7658226,-0.6965043502469245,0.38067035375398217
1785124010.7738905,-0.6983544000540862,0.38068430213338866
1785124010.7764163,-0.7001359187878162,0.38069546896172884
1785124010.7795072,-0.7020653293332119,0.38070935601495154
1785124010.7854414,-0.7039658223307825,0.380724185754597
1785124010.791127,-0.7059309103404531,0.38073930959821256
1785124010.7955604,-0.7078623167595801,0.3807547470582277
1785124010.8010452,-0.7098783249866213,0.3807716961484374
1785124010.8065464,-0.7118991212959126,0.3807891414397726
1785124010.8106527,-0.7138217194198245,0.38080621594386305
1785124010.8152366,-0.7158479978316756,0.38082490735054125
1785124010.8234115,-0.7178777041873382,0.3808445273609809
1785124010.8257422,-0.7199251185859042,0.3808621636534959
1785124010.831237,-0.7219086493511474,0.3808797253904168
1785124010.837216,-0.7239158842634152,0.38089767983018813
1785124010.8407211,-0.7259664919712617,0.380915857068327
1785124010.8446684,-0.7279672978178259,0.3809356894378308
1785124010.850138,-0.7299749369931647,0.38095699511562586
1785124010.855688,-0.7320249031752263,0.380979566135613
1785124010.8605084,-0.7340598175645355,0.3810021294866746
1785124010.8647716,-0.7361048153165817,0.38102408649855
1785124010.873684,-0.7381410200851393,0.381044994498635
1785124010.8755221,-0.7401744009551804,0.38106789614163017
1785124010.8802595,-0.7420666904589936,0.3810887307735564
1785124010.8854768,-0.7439853218304038,0.3811120566453215
1785124010.8905432,-0.7458058559339114,0.3811335048455768
1785124010.8952096,-0.747631209666809,0.381156105515423
1785124010.90016,-0.7493938819786572,0.3811776530896196
1785124010.9058392,-0.7511781119013436,0.38119856689323045
1785124010.9101706,-0.753024630021241,0.38122056547867744
1785124010.9160292,-0.7548302594384562,0.3812434410603867
1785124010.921478,-0.7567023576253747,0.3812676603681319
1785124010.9253142,-0.7585064666253537,0.3812914681145441
1785124010.9302664,-0.7603401896913075,0.38131493324091625
1785124010.9356043,-0.7621484042404126,0.38133697509330383
1785124010.9402068,-0.7639485602224015,0.3813570097683067
1785124010.944739,-0.7657517679558028,0.38137874825681134
1785124010.9506848,-0.7675198339986509,0.38139846098492636
1785124010.9563417,-0.7693868556583624,0.38141883307473934
1785124010.9598968,-0.7711873606737256,0.38143799848232873
1785124010.9656348,-0.7730053305217489,0.3814562487726067
1785124010.9747467,-0.7748170912703047,0.38147390550264076
1785124010.9764497,-0.776595916478099,0.3814924503874624
1785124010.9801753,-0.778406740106582,0.3815101276706275
1785124010.9850938,-0.7802525106886063,0.38152556830697565
1785124010.9904377,-0.782027003393366,0.3815402980039459
1785124010.9954233,-0.7838820952911857,0.3815557891212899
1785124011.000175,-0.7857098029869775,0.38156992647128124
1785124011.006146,-0.7875124133389447,0.38158485383990814
1785124011.0107744,-0.7892842569034598,0.38160015801414604
1785124011.0157156,-0.7911371487768134,0.3816150577800949
1785124011.0232615,-0.7928690535512644,0.38163044064365054
1785124011.02509,-0.7947004085108675,0.3816454847522584
1785124011.0303876,-0.796633450180218,0.3816626511458922
1785124011.0365012,-0.7985016058140318,0.38167891747141514
1785124011.0406048,-0.8004784602836934,0.3816974954374742
1785124011.0462322,-0.8024750519978227,0.3817190491040857
1785124011.0499995,-0.8043957730385153,0.3817414671670361
1785124011.0558555,-0.8064320184585542,0.3817637064481316
1785124011.0601106,-0.8084080386447593,0.3817846936287654
1785124011.070533,-0.8104573710497553,0.3818071947072252
1785124011.0740173,-0.8124963808619969,0.38183106016174667
1785124011.0764177,-0.8145727670242822,0.38185591177277944
1785124011.080311,-0.8166909691530044,0.3818813812346053
1785124011.0856135,-0.8187271495126018,0.38190609860069435
1785124011.090539,-0.8207766631245214,0.38192957948659284
1785124011.0952592,-0.8227544119507499,0.38195294414422737
1785124011.1000252,-0.8247053971784308,0.38197670769537256
1785124011.1058888,-0.8267005291294273,0.38200193436217345
1785124011.1098642,-0.828674112770549,0.38202727067938913
1785124011.1154475,-0.8306581302534561,0.38205310484082816
1785124011.1220102,-0.8326213519703037,0.38208198638647506
1785124011.1251647,-0.8346643858128692,0.38211145265298374
1785124011.1307437,-0.8366509513353515,0.3821403016437963
1785124011.1366234,-0.8386046659097691,0.38216783857218817
1785124011.1402612,-0.8406219096300638,0.3821945331545457
1785124011.1447759,-0.842594295319782,0.38222067096947193
1785124011.1498897,-0.8445577515659783,0.3822454697708765
1785124011.1558452,-0.8465271897027007,0.38226900944485964
1785124011.159791,-0.848492756588014,0.38229397976369417
1785124011.164951,-0.8505067242334401,0.38231785737382407
1785124011.173121,-0.8525176688229298,0.3823410281844682
1785124011.1770751,-0.8545182261775981,0.38236555452905086
1785124011.1813836,-0.85648872670754,0.38238991946364453
1785124011.1853256,-0.8584563023874819,0.3824132470044943
1785124011.19062,-0.8604602198631327,0.38243786907582844
1785124011.1949985,-0.8624645192024526,0.38246272437118484
1785124011.2001011,-0.8644726563506119,0.38248815920608725
1785124011.2057502,-0.8665023779276887,0.38251378522127766
1785124011.210044,-0.868498115339309,0.38253810761392193
1785124011.21595,-0.8704322000291003,0.38256056473408584
1785124011.2220805,-0.8724656139417829,0.38258231703620976
1785124011.225822,-0.874499983507315,0.382604479263027
1785124011.2310724,-0.8764221707729062,0.38262477976125386
1785124011.2360082,-0.878236195692834,0.38264348041268303
1785124011.240153,-0.8800882703279368,0.3826617152642544
1785124011.2457862,-0.8819070009492005,0.3826787640984496
1785124011.2500668,-0.883752502411193,0.38269426811455026
1785124011.2555423,-0.8855741581727817,0.38270860191495926
1785124011.2601395,-0.887401972305323,0.38272545726066676
1785124011.265335,-0.8892896955766582,0.38274115441413803
1785124011.2736619,-0.8910748432189538,0.38275638188806754
1785124011.2750823,-0.8929545134782779,0.3827734624210376
1785124011.2806103,-0.8948414628811591,0.3827910455198705
1785124011.2857094,-0.8967910046510874,0.3828101509968948
1785124011.2910783,-0.8987441070980967,0.38283032232685754
1785124011.2954469,-0.9006524480759612,0.38285035541428053
1785124011.3002672,-0.9025778452864031,0.3828704884148137
1785124011.3059173,-0.9045085429508968,0.3828906935656658
1785124011.3100748,-0.9064963070663485,0.38291226674536055
1785124011.3158169,-0.9085440607676788,0.38293438614043596
1785124011.3236048,-0.9106337101392887,0.3829565938694523
1785124011.3257294,-0.9126501185628575,0.3829772411173728
1785124011.3305306,-0.9146589868897399,0.3829973500475069
1785124011.3358297,-0.9166337515005129,0.383015627575785
1785124011.3404665,-0.9186035968658005,0.3830327909883454
1785124011.3458657,-0.9205987059118744,0.383049436390645
1785124011.3508987,-0.9226059621978975,0.38306391196784756
1785124011.3569689,-0.9245280061148484,0.38307758329056646
1785124011.3598642,-0.9264950486511905,0.3830910357794007
1785124011.365115,-0.9285072513765166,0.38310577769590254
1785124011.3736467,-0.9305385771483468,0.3831191377143965
1785124011.375388,-0.9325264040422188,0.38313260777247676
1785124011.379699,-0.9345160512300164,0.3831465364555845
1785124011.3850045,-0.9365007177835311,0.3831600988242385
1785124011.3904173,-0.9384802136923424,0.3831741480871439
1785124011.3955464,-0.940535542899994,0.3831884244147259
1785124011.400309,-0.942514548282285,0.38320157487758605
1785124011.4058504,-0.944549088027747,0.3832165088739661
1785124011.4096932,-0.946568890222921,0.3832325403351778
1785124011.4148839,-0.9485352888470009,0.38324946159111395
1785124011.4205124,-0.9505291014495449,0.38326642720888066
1785124011.4254847,-0.9525303025331653,0.38328376403524195
1785124011.4296148,-0.9545319725837174,0.3833009298831623
1785124011.435651,-0.9565398250315632,0.38331815074773495
1785124011.4401836,-0.9584771500065848,0.3833358906356769
1785124011.4452102,-0.9604873322508002,0.38335292070958404
1785124011.4530156,-0.9624605751478251,0.38337075029546075
1785124011.4561586,-0.9644896303457919,0.3833881638598482
1785124011.460363,-0.9665323187687263,0.3834039012928975
1785124011.4654336,-0.9685408927055572,0.3834187308693647
1785124011.4736097,-0.9705246320092855,0.3834320731163615
1785124011.4758897,-0.9724983598771522,0.3834457514492346
1785124011.4803898,-0.9744546591339504,0.3834585152857925
1785124011.4852974,-0.976327805185216,0.38346909879186614
1785124011.490606,-0.9781872032505129,0.38348070030305637
1785124011.4957101,-0.9800395928971486,0.38349270317545864
1785124011.5002437,-0.9818972885395173,0.38350537605339136
1785124011.5059147,-0.9837313919373619,0.3835182836980959
1785124011.5114956,-0.9855974695043306,0.38353137596882264
1785124011.5161822,-0.987428996731573,0.383544389860998
1785124011.5218456,-0.989207761225828,0.3835565548315643
1785124011.5268917,-0.9910104594129212,0.3835688925976477
1785124011.5303087,-0.9929096257232843,0.38358169563586636
1785124011.5352912,-0.9948812947420063,0.3835941416737297
1785124011.5405514,-0.9969043272531148,0.38360831392595435
1785124011.5449297,-0.998895315403043,0.3836226157960257
1785124011.5500317,-1.000838129776822,0.3836337568948138
1785124011.5573173,-1.002815573001445,0.3836464777309268
1785124011.5605392,-1.0048185006855814,0.38365948823081486
1785124011.5647283,-1.006877846755531,0.38367351468390043
1785124011.5742104,-1.0088624573514084,0.38368744051786136
1785124011.576491,-1.010956719340246,0.3837007930586607
1785124011.5802217,-1.013009771223078,0.38371516359578717
1785124011.5851448,-1.0150117977910735,0.38372922176813956
1785124011.5905304,-1.0170661906905358,0.3837445074721207
1785124011.5948198,-1.0190609075124284,0.3837587880186962
1785124011.6001837,-1.021013239753996,0.38377387381594597
1785124011.6063583,-1.022991972561622,0.3837883712302071
1785124011.609786,-1.024972860729066,0.38380353052258753
1785124011.6156461,-1.0270186184931371,0.3838201075834543
1785124011.6232924,-1.0289834081809996,0.3838373961909768
1785124011.6251767,-1.0310462826420086,0.38385507288421916
1785124011.630863,-1.0330800511774756,0.38387092460775196
1785124011.6353376,-1.0351294451779047,0.3838883336217897
1785124011.6414936,-1.0372205275776587,0.383907793749414
1785124011.64533,-1.0392060983317677,0.38392802493690703
1785124011.6502845,-1.0411129988034769,0.3839475985899233
1785124011.6566913,-1.0431066878290698,0.3839675607987253
1785124011.6598926,-1.045093711514428,0.38398652216194773
1785124011.665688,-1.047106955291532,0.3840061336465833
1785124011.675329,-1.0491713184696412,0.3840272714465254
1785124011.677883,-1.0511092484248272,0.38404583667439435
1785124011.6803682,-1.0531499809466918,0.38406543494267736
1785124011.6853776,-1.0551819446814856,0.38408550221417576
1785124011.6920795,-1.0570696224651799,0.3841031928832075
1785124011.6962168,-1.0590675544464148,0.3841221862983931
1785124011.700771,-1.0610940039693286,0.38414252536505267
1785124011.7067306,-1.0630905885322584,0.3841629249263732
1785124011.7107263,-1.0650816948839894,0.3841811741607388
1785124011.7165673,-1.0670563056467348,0.38419929107132805
1785124011.721354,-1.0690527194529185,0.384217309407853
1785124011.7262917,-1.071055400473058,0.38423443682011915
1785124011.7301345,-1.0729280734135644,0.384252223227331
1785124011.736869,-1.0748029732654794,0.38426841835566167
1785124011.7403095,-1.0766751623230693,0.3842841129217712
1785124011.744747,-1.0785632240258336,0.3842993574551391
1785124011.7499702,-1.080448290699179,0.3843155309238931
1785124011.756414,-1.082287944176783,0.38433160637338015
1785124011.7605746,-1.0841328677142992,0.3843485009577852
1785124011.7654946,-1.0859727360817986,0.38436468623869974
1785124011.774891,-1.0877605439041713,0.38438020746641754
1785124011.7776077,-1.0895737624747739,0.3843963181831293
1785124011.7804673,-1.0914496078400764,0.38441219092453144
1785124011.7855203,-1.0934322560302976,0.3844299865648803
1785124011.790351,-1.0954229394166741,0.3844463067687947
1785124011.7953954,-1.097414488913939,0.38446145166446694
1785124011.7999856,-1.0994376634484715,0.38447647119849887
1785124011.80608,-1.101465920025866,0.38449007997498297
1785124011.8101041,-1.1034140381549384,0.38450302596093344
1785124011.8157344,-1.105384509309007,0.3845145256135719
1785124011.821282,-1.1073509827414654,0.384525954082626
1785124011.8263245,-1.109356241252312,0.38453610253448217
1785124011.8302832,-1.1113549811315893,0.3845449010392472
1785124011.83621,-1.1133164645064924,0.3845533659414444
1785124011.8415601,-1.115286562273389,0.38456205173054947
1785124011.8455899,-1.1172801150394718,0.38457343849472914
1785124011.8514237,-1.1193019639798183,0.3845849601714677
1785124011.8569934,-1.1212475613985198,0.3845953636323173
1785124011.8600667,-1.1232440558357488,0.3846057402294976
1785124011.8661873,-1.1252115637561342,0.38461566621686305
1785124011.876846,-1.127196683007186,0.38462587403620896
1785124011.8807633,-1.1291984808339013,0.3846366874280547
1785124011.8855784,-1.131171643408294,0.38464685280393884
1785124011.8917465,-1.133168424980015,0.38465802952987976
1785124011.897281,-1.1352171792440762,0.3846703665284965
1785124011.9007797,-1.137237567325788,0.3846817183443461
1785124011.907167,-1.1393073931410775,0.3846930759296382
1785124011.9134796,-1.1412841121376591,0.3847032218513546
1785124011.916532,-1.1432989960814994,0.3847134872787063
1785124011.9218535,-1.1452934818541793,0.38472442956730596
1785124011.9284656,-1.1472780581986475,0.38473632133944974
1785124011.9320474,-1.1492227803673407,0.3847482610332386
1785124011.9358256,-1.1512555856233793,0.38476154517089123
1785124011.9407344,-1.1532007758638982,0.3847735858717665
1785124011.9456525,-1.1552079659765255,0.3847870465234008
1785124011.9497552,-1.1572236397653886,0.3848016813746748
1785124011.9559727,-1.1592078876460212,0.38481469643563737
1785124011.960498,-1.1612111157086626,0.38482836878255916
1785124011.966425,-1.1632240751811271,0.38484444496043485
1785124011.972085,-1.165204695000285,0.3848601066164639
1785124011.9817524,-1.167183290083113,0.38487543256083084
1785124011.9853644,-1.169165917880884,0.3848908509400382
1785124011.9909322,-1.1709818637960532,0.3849041132362483
1785124011.9952753,-1.17280511089779,0.3849160575314997
1785124012.0005317,-1.174565138381362,0.38492796220581665
1785124012.0068927,-1.176434418563992,0.38494045254046777
1785124012.0103831,-1.1782838240641134,0.38495204145655443
1785124012.0155766,-1.1800880271368266,0.3849634274783464
1785124012.0226152,-1.1819019210698947,0.38497443817642435
1785124012.0270677,-1.1837601667699809,0.3849860526418934
1785124012.030766,-1.1856650275603784,0.384997610944664
1785124012.0369127,-1.187595150857536,0.38500910629355917
1785124012.0407872,-1.189602675357636,0.3850209743762735
1785124012.0452812,-1.1916801261072496,0.3850350874355646
1785124012.0507681,-1.1935740846247587,0.38504874902309527
1785124012.056532,-1.1955341643622264,0.3850637061615855
1785124012.0606976,-1.1974829633386437,0.3850776651689094
1785124012.0673037,-1.1995375787512619,0.38509235575130873
1785124012.0710514,-1.2015088156147948,0.3851074641025446
1785124012.0757158,-1.2035797409458597,0.385125230987871
1785124012.0832112,-1.2055524465257352,0.38514251698348845
1785124012.0855353,-1.2075491469061943,0.3851603392380753
1785124012.0901473,-1.209558647615854,0.3851765318083799
1785124012.113575,-1.2116259394777433,0.38519272888641687
1785124012.1147196,-1.2136405105051398,0.3852099874335098
1785124012.1159124,-1.2156229333100443,0.3852276116874014
1785124012.116701,-1.2175699345578734,0.38524500826521935
1785124012.1176925,-1.219560359920884,0.3852621355245519
1785124012.1227963,-1.221502351611049,0.3852797015467867
1785124012.126073,-1.223467227904425,0.3852988636507656
1785124012.1305277,-1.2253970594374057,0.38531687167574746
1785124012.1358058,-1.2273486514785548,0.3853344154699677
1785124012.141891,-1.2293298590886519,0.3853530255585132
1785124012.1454992,-1.2313550444917694,0.385371180174796
1785124012.1498685,-1.2333560534378867,0.38538852054237654
1785124012.1564915,-1.2354171654939456,0.38540729327791995
1785124012.1615202,-1.237342908692641,0.3854248124938196
1785124012.1653373,-1.2393444169545575,0.3854435487598287
1785124012.1714957,-1.2413385812825803,0.38546298880797325
1785124012.1759102,-1.243356177223764,0.3854852629888671
1785124012.184392,-1.2454603289137227,0.3855083726310508
1785124012.1876924,-1.2474732287772308,0.38553163209246705
1785124012.190931,-1.2494481509338717,0.38555455875736894
1785124012.1959991,-1.251447421321342,0.38557786934899246
1785124012.2006612,-1.2535110897707231,0.385599954340655
1785124012.206034,-1.255506754534178,0.38562080658157416
1785124012.210842,-1.2574965659379902,0.3856413098754922
1785124012.2155418,-1.2594382106773903,0.38566167647629335
1785124012.2230165,-1.2614052350804723,0.3856825129765723
1785124012.225808,-1.263355047680562,0.38570341671882347
1785124012.2304475,-1.26528478637529,0.3857248018570268
1785124012.2370932,-1.2670997931226422,0.3857459327717368
1785124012.2418456,-1.2689452997108444,0.3857673916036616
1785124012.2449923,-1.2707483087697458,0.3857875387646758
1785124012.250296,-1.2726063761050308,0.3858073772145942
1785124012.2563674,-1.2743923233724608,0.3858265480292008
1785124012.2609982,-1.2762206469170199,0.38584562031059594
1785124012.2659009,-1.277985093692225,0.3858643554284428
1785124012.27061,-1.2798618243894655,0.3858855606776175
1785124012.275389,-1.281707110581876,0.38590706580677175
1785124012.281597,-1.2835458532676696,0.38592923240106936
1785124012.285512,-1.285492381001735,0.3859529832069127
1785124012.2911968,-1.2874393946789775,0.38597573266013746
1785124012.2947574,-1.289479191741673,0.3859987806836466
1785124012.3002453,-1.2914629844641372,0.3860224306208797
1785124012.3060622,-1.2934414357374497,0.38604639580740796
1785124012.3106403,-1.2953709364676895,0.3860717658615521
1785124012.3160517,-1.2973808053275,0.38609921921267504
1785124012.3208559,-1.2993275433124545,0.3861263496815606
1785124012.3252096,-1.3013754162027604,0.38615468930560354
1785124012.330592,-1.303397852466727,0.38618246338152185
1785124012.337312,-1.3054444929321865,0.3862104043369331
1785124012.341735,-1.30738072318467,0.3862353861144014
1785124012.3448145,-1.3094248570449638,0.3862600673903794
1785124012.3500094,-1.3114103579578853,0.38628355422144833
1785124012.3554404,-1.3134199533073894,0.3863077069954754
1785124012.3605688,-1.3153771679707504,0.38633119198537186
1785124012.3658624,-1.3173803384663139,0.3863554707446109
1785124012.3706849,-1.3193409619766563,0.38638041977544574
1785124012.3759568,-1.3213540427282813,0.3864041238472359
1785124012.3829505,-1.3233174522783957,0.3864277107580549
1785124012.3853447,-1.325290033782858,0.386451893325156
1785124012.3908222,-1.327312240998168,0.3864780320845055
1785124012.3955514,-1.3293272004152001,0.38650438446777224
1785124012.3996556,-1.3312291501283429,0.38652864071054716
1785124012.4056044,-1.3332340273889678,0.38655418234678507
1785124012.4102855,-1.3352524318733128,0.38657973154632397
1785124012.4264834,-1.3372412459275924,0.38660470758818927
1785124012.4380558,-1.3392255773746393,0.3866280986358395
1785124012.4496944,-1.341219413586204,0.3866516668360459
1785124012.4527566,-1.3431638948985973,0.3866743326350543
1785124012.461939,-1.3451825464220715,0.38669966499753944
1785124012.4656165,-1.3471764184126438,0.3867259920134346
1785124012.4815748,-1.3491266341920944,0.38675216462682804
1785124012.4846516,-1.351019573799171,0.3867785583753305
1785124012.5027192,-1.3529288345000834,0.38680666823345666
1785124012.503499,-1.354944623607935,0.38683649206713877
1785124012.5156572,-1.3569627792890482,0.38686758649265846
1785124012.5196357,-1.3589575493366335,0.3868991260513666
1785124012.521727,-1.3608470143017177,0.38692950336102894
1785124012.5352402,-1.362851402762694,0.3869611707563911
1785124012.5394127,-1.3648714120348093,0.38699166674727414
1785124012.5425751,-1.366886413701683,0.38702360264751495
1785124012.5464404,-1.3689583296284231,0.38705701451450203
1785124012.5512884,-1.3710050869027348,0.3870894000640226
1785124012.5636277,-1.3729269052326711,0.38711862133471475
1785124012.565817,-1.3748815847118192,0.3871485808424951
1785124012.5745525,-1.3768139363102598,0.3871789520875621
1785124012.5765026,-1.3788252426620595,0.38721285360802316
1785124012.5812764,-1.3808310500180623,0.38724474387122
1785124012.5867822,-1.3827285804560694,0.3872749828510417
1785124012.5924437,-1.384581479172026,0.3873047538803139
1785124012.5952535,-1.3863536820286153,0.38733484842774185
1785124012.599883,-1.3881490567183399,0.38736673040840297
1785124012.6055691,-1.3899206565325444,0.3873983410515615
1785124012.6110759,-1.3917347198352727,0.3874307759970038
1785124012.6156127,-1.393603059980532,0.3874625874003311
1785124012.6209471,-1.395529911866826,0.3874977345657801
1785124012.6258292,-1.397410539551209,0.38753307074741505
1785124012.6300385,-1.3992657700525097,0.38756907868516627
1785124012.6388807,-1.4012096825047333,0.38760564617830234
1785124012.64033,-1.4032300851432151,0.38764374981747235
1785124012.6449692,-1.4051528960484798,0.3876807591439227
1785124012.6501393,-1.4070719099438689,0.38771807766384414
1785124012.6555097,-1.40903565524008,0.387757826285617
1785124012.660585,-1.4109938760691711,0.3877961547462449
1785124012.664935,-1.4129496896858655,0.38783416038922564
1785124012.6705112,-1.4149891990469246,0.38787403229801476
1785124012.6756203,-1.4170340758641509,0.3879128369653579
1785124012.680136,-1.4190295577071061,0.38795076440340565
1785124012.6855145,-1.421033833655159,0.38798979076620266
1785124012.6914513,-1.4229881964876232,0.38802923696952074
1785124012.6950223,-1.4249973489317238,0.3880716381969737
1785124012.6998875,-1.4270479108329357,0.38811416319153574
1785124012.7057648,-1.429034450162978,0.3881547434236742
1785124012.7102427,-1.4310436747139814,0.38819527180072183
1785124012.7151566,-1.4330706781318774,0.3882350502980993
1785124012.7213826,-1.4351170154419908,0.3882754300693623
1785124012.7258565,-1.437050479947307,0.38831474797694226
1785124012.7297144,-1.4390765756497335,0.3883542273195241
1785124012.7371385,-1.4411286458502977,0.3883923873898953
1785124012.740562,-1.4431596664633453,0.38843147917999266
1785124012.7449832,-1.445112593939524,0.3884703203029912
1785124012.7504933,-1.447039716491454,0.38851125865104164
1785124012.756328,-1.4490285845557167,0.3885526767737214
1785124012.761336,-1.4510384055545478,0.38859426339477826
1785124012.7653935,-1.4531004820362914,0.38863589850734764
1785124012.772151,-1.455107687425656,0.3886777367815637
1785124012.7763724,-1.4570825376063377,0.388719892815938
1785124012.7804525,-1.459087182982215,0.3887626621470239
1785124012.7851806,-1.4610472387806386,0.3888045344791821
1785124012.790069,-1.4630090425913098,0.3888470941683274
1785124012.7949076,-1.4650310520104035,0.38889123966452854
1785124012.8000062,-1.4670161857041493,0.38893558254899485
1785124012.805239,-1.469000351119524,0.3889807337571988
1785124012.8103967,-1.4710132381369663,0.38902488739480917
1785124012.8158429,-1.4730025692060373,0.38906684669919334
1785124012.8206058,-1.4750892065572268,0.38911038840483025
1785124012.8260577,-1.4769865795717259,0.38915093365430886
1785124012.831106,-1.4789378309889933,0.38919397462703414
1785124012.8386135,-1.4807884246696834,0.3892340672773017
1785124012.8410544,-1.482593130165547,0.3892734981651841
1785124012.8457153,-1.4843952721963931,0.38931262890015755
1785124012.850035,-1.4862117550868388,0.38935215546683793
1785124012.8558245,-1.4880293102964866,0.38939175194939163
1785124012.8612955,-1.4898965902392427,0.38943265408432154
1785124012.864907,-1.4917160279607664,0.3894737851428631
1785124012.8707364,-1.4935052732802032,0.38951353034618547
1785124012.8763878,-1.4953352264638886,0.38955492589144647
1785124012.881053,-1.497273908716488,0.3895982706007801
1785124012.885195,-1.499250970104918,0.3896436267299479
1785124012.8908248,-1.5012828440398918,0.3896893766830178
1785124012.8953967,-1.5031758196026308,0.3897313000836419
1785124012.9000251,-1.5051390168643628,0.38977507752424856
1785124012.9057434,-1.5071223368540232,0.3898195635130758
1785124012.9102447,-1.5090460891566708,0.3898613645741685
1785124012.9159603,-1.5109851041756561,0.3899046690221724
1785124012.9211285,-1.512978516807974,0.38995121449188114
1785124012.9255567,-1.5149486334128188,0.38999759947225676
1785124012.9301493,-1.5169407709397795,0.39004439686584563
1785124012.9373786,-1.5189433470161213,0.3900923392481545
1785124012.9409592,-1.5209972763540887,0.39014160746968535
1785124012.9456773,-1.5229693937099504,0.39018950608625436
1785124012.9499846,-1.524970563356006,0.39023652270827436
1785124012.955613,-1.52695508611948,0.3902848518084145
1785124012.9607553,-1.5290294858542064,0.3903358459453654
1785124012.9650276,-1.5310088544348976,0.3903848306188794
1785124012.9726439,-1.533087007632313,0.39043605087987276
1785124012.975867,-1.5350487014337444,0.3904847269369146
1785124012.9796107,-1.5370513054747699,0.3905343627753626
1785124012.9855137,-1.5390552606463956,0.39058362212052006
1785124012.9908364,-1.5411647388302618,0.3906350684926367
1785124012.9948385,-1.5431730632820782,0.39068299802598216
1785124013.0002713,-1.545167541723382,0.390729441408251
1785124013.005417,-1.547180327351735,0.3907760895607826
1785124013.0108082,-1.5492219783380614,0.39082440573865024
1785124013.0158837,-1.5511379849649394,0.3908714894627884
1785124013.0203896,-1.5530976312534732,0.39092096633895485
1785124013.0263698,-1.5550866480495482,0.3909705408668483
1785124013.0299187,-1.5570650010383487,0.39101878500002846
1785124013.0381746,-1.559097962007418,0.3910694267692986
1785124013.0403361,-1.5610904390454425,0.39111920672888584
1785124013.0449088,-1.563156843340872,0.39117013837514825
1785124013.0508447,-1.5651385071708892,0.3912202879531331
1785124013.0556998,-1.5671180121127621,0.3912703331632243
1785124013.0610054,-1.5691478500196216,0.39132274289542684
1785124013.0656202,-1.571207054478318,0.39137757433912845
1785124013.070302,-1.5732625716460027,0.39143231077478075
1785124013.0756547,-1.5752446859128035,0.3914859159717311
1785124013.0810118,-1.5771690523246393,0.39153946807515483
1785124013.085923,-1.579090901531914,0.391594092960267
1785124013.0900545,-1.580978804987474,0.3916467989617039
1785124013.0953538,-1.5828123172001667,0.3916983465567498
1785124013.0999503,-1.5846221691838462,0.3917511683272118
1785124013.1059477,-1.5863979912606359,0.391802976452241
1785124013.1106272,-1.5882350053462746,0.39185784559368597
1785124013.1154342,-1.5900118532633178,0.39190957138454113
1785124013.120324,-1.5918628001822732,0.391963664134771
1785124013.1287158,-1.5936990828045066,0.3920167887856745
1785124013.1303642,-1.5956689266132635,0.39207264797895847
1785124013.1365478,-1.5976216446072284,0.3921270092746384
1785124013.140468,-1.5995485657026633,0.39218276523976436
1785124013.1457129,-1.6015301432843752,0.3922389727573863
1785124013.1503212,-1.6035328910640005,0.3922966118406165
1785124013.157726,-1.6054764526618932,0.3923546353945923
1785124013.1607046,-1.607496141753405,0.39241523478061663
1785124013.165618,-1.6094593039751224,0.39247190665583614
1785124013.1708994,-1.6113678200366532,0.3925274017979256
1785124013.1760435,-1.613391106298271,0.3925862745138768
1785124013.1803098,-1.61538596641595,0.39264354772116467
1785124013.1848826,-1.6174166808460175,0.39269875953217565
1785124013.1901417,-1.6194163150234795,0.392753344023837
1785124013.1948586,-1.6214283661719333,0.3928096274478015
1785124013.2000394,-1.6234512692482514,0.39286548252466513
1785124013.2066138,-1.6254283761815125,0.3929199023875889
1785124013.2106688,-1.62744287248313,0.392974368316152
1785124013.216601,-1.6294391028260404,0.3930290329925834
1785124013.2224803,-1.6314312203069672,0.39308320569497435
1785124013.2269568,-1.6334583964652079,0.3931394120962101
1785124013.2303796,-1.6354787780862932,0.39319405747696945
1785124013.2380831,-1.6374815520987254,0.3932479166651853
1785124013.2397013,-1.639506469209815,0.39330380500664625
1785124013.2456603,-1.6414258354219975,0.3933567729205909
1785124013.251519,-1.6434968735561661,0.39341407598710126
1785124013.2553873,-1.6455367304981217,0.39347133282226926
1785124013.2603874,-1.647551958455794,0.39352763260564044
1785124013.2652893,-1.649506009011527,0.3935807481320077
1785124013.2719283,-1.651494846108328,0.3936348933965121
1785124013.275575,-1.653520650806029,0.39369094388282605
1785124013.280449,-1.6555153456964549,0.3937463585266398
1785124013.2855158,-1.65751022899289,0.3938027268044521
1785124013.2907605,-1.659540822031213,0.39386096827562034
1785124013.2953825,-1.6615747177001485,0.39391934417661584
1785124013.3001752,-1.6635819657860316,0.39397636784412937
1785124013.306047,-1.6655496373989498,0.3940342714299121
1785124013.3103044,-1.6675307553332164,0.3940931553093999
1785124013.3150797,-1.669509736337471,0.39415174887403054
1785124013.3214457,-1.6715065212255784,0.3942095217586822
1785124013.3257754,-1.6734833879630677,0.39426641210660424
1785124013.331215,-1.675406898438598,0.3943229536605738
1785124013.3388171,-1.6772824486501565,0.394379361791303
1785124013.3412125,-1.6791121532147275,0.39443284741112833
1785124013.34593,-1.6809381480282206,0.3944858936444982
1785124013.3504543,-1.6827087171099442,0.3945364597445562
1785124013.356179,-1.684567009094012,0.39458950644125346
1785124013.3610988,-1.6863947730115438,0.3946417072260646
1785124013.3652377,-1.6882363487945868,0.39469493128070454
1785124013.3712683,-1.6900604471914622,0.3947473272155919
1785124013.377931,-1.6918884807796974,0.39480069967315534
1785124013.3799148,-1.6937613573248014,0.3948551790836689
1785124013.3855562,-1.6957017528734644,0.3949121912113897
1785124013.3907998,-1.6976984008717215,0.394970039024081
1785124013.3956778,-1.6996561618472894,0.39502583485129245
1785124013.4006033,-1.7016508458723987,0.3950836314608808
1785124013.4063995,-1.703622577751145,0.39513955204615264
1785124013.4107175,-1.7056569561729473,0.395196970502656
1785124013.4155822,-1.707618792269912,0.39525371791031794
1785124013.421574,-1.7096486525395371,0.39531177224586556
1785124013.4262085,-1.711682837950771,0.39537124065351525
1785124013.430363,-1.7137296053746964,0.3954322626653751
1785124013.438778,-1.7157075626233844,0.3954896624100758
1785124013.4409938,-1.7177055215735055,0.395547503014133
1785124013.4463816,-1.7196809283785397,0.3956055263238522
1785124013.450651,-1.7216726735085601,0.3956629529181683
1785124013.4557145,-1.723721704849226,0.39572272273521186
1785124013.462064,-1.7257190280460415,0.3957817738856532
1785124013.464883,-1.7276823740275715,0.39584047781659454
1785124013.471906,-1.7296888610415715,0.3959013261964089
1785124013.4772398,-1.7317383282531296,0.39596309991041095
1785124013.4803472,-1.7337272969331574,0.39602092407248374
1785124013.4859316,-1.7357482009790688,0.3960813001353018
1785124013.4907143,-1.737773563208413,0.396142598138247
1785124013.4952765,-1.7398228855778077,0.39620348737744326
1785124013.5005124,-1.741844606554002,0.39626192322514114
1785124013.50622,-1.743843848437942,0.3963195687178943
1785124013.5106444,-1.74590010727548,0.39638008449083834
1785124013.5155375,-1.7478862998541587,0.3964385408004891
1785124013.5215344,-1.7499168702480528,0.3964981747495421
1785124013.5249412,-1.7518326601580894,0.39655391001206225
1785124013.531123,-1.7537996846036505,0.3966108242254005
1785124013.5394657,-1.755743689190579,0.3966666728348877
1785124013.5413692,-1.7577341946619354,0.3967248373309427
1785124013.54554,-1.7596701327242066,0.39678097876958773
1785124013.5507493,-1.7617104064122666,0.39684095070881614
1785124013.5560246,-1.7637047504790293,0.3969010656756196
1785124013.5610614,-1.7656642496794477,0.3969603630648842
1785124013.565484,-1.7676940528359357,0.39702195870890133
1785124013.5709412,-1.7696698708282208,0.39708151199722713
1785124013.5753882,-1.771734455009319,0.3971444385320853
1785124013.5805862,-1.7736624569176744,0.39720273419837065
1785124013.5848691,-1.7755083034989325,0.39725847737147973
1785124013.5905104,-1.7773423545682472,0.39731435478869326
1785124013.5961802,-1.7792071212998073,0.3973718025910376
1785124013.5998843,-1.7810290274955594,0.39742667725493275
1785124013.6058307,-1.7829062765144579,0.3974833265068394
1785124013.6104236,-1.7846880166830776,0.39753927787969007
1785124013.6151628,-1.7864647656054717,0.3975958782194382
1785124013.6208613,-1.7882702447119445,0.39765240925268375
1785124013.6262763,-1.790139634849788,0.397711911844309
1785124013.6298892,-1.791959532182936,0.39776938306533727
1785124013.638499,-1.7937911958023516,0.39782773115878506
1785124013.641588,-1.795634749885138,0.3978880833929713
1785124013.646305,-1.797476156748864,0.3979491445373148
1785124013.6499305,-1.7993303391400872,0.3980117861410284
1785124013.6560962,-1.801170254311664,0.3980747475989713
1785124013.660347,-1.803000997474532,0.39813656296612193
1785124013.6655507,-1.8048710596187822,0.398199388548659
1785124013.6723523,-1.806723117965144,0.3982611266589817
1785124013.675524,-1.8085303881344477,0.3983214835946833
1785124013.6811478,-1.8104477168914397,0.39838624153744706
1785124013.685174,-1.8123773647934678,0.39845184668918787
1785124013.6905344,-1.8142969931708868,0.39851936970686663
1785124013.6963673,-1.8162247124499464,0.39858841439722587
1785124013.7025816,-1.818194425229532,0.39866138503193616
1785124013.7055295,-1.8201365424761249,0.39873451421460526
1785124013.711091,-1.822245237256674,0.39881320710766693
1785124013.7150679,-1.8242666417183244,0.3988882434341487
1785124013.7228096,-1.8262462991667947,0.39896123869322897
1785124013.7260222,-1.828205696157083,0.39903208650465266
1785124013.7309332,-1.8301901295466314,0.3991038499062477
1785124013.7382107,-1.8321479641858118,0.39917407517674913
1785124013.7401524,-1.8341708222828563,0.3992461474220474
1785124013.7458665,-1.8361343210255947,0.3993168077355392
1785124013.7501051,-1.838067884089128,0.3993862236979091
1785124013.7559133,-1.8400710063283914,0.39945838312953746
1785124013.76195,-1.842069169854118,0.3995293699554061
1785124013.766194,-1.8440937991440802,0.39960225248335807
1785124013.771958,-1.846107537238676,0.3996760984675377
1785124013.7756736,-1.8480652334376655,0.3997474056043406
1785124013.7808063,-1.8500431594580034,0.39982050217974796
1785124013.7859414,-1.8520568844825458,0.39989477591702177
1785124013.7914057,-1.854074745383719,0.3999694200094511
1785124013.7961004,-1.8560099458449508,0.4000418352003095
1785124013.8011005,-1.8580123123196992,0.4001180676483683
1785124013.80688,-1.859964844026992,0.400192803958056
1785124013.810479,-1.8619553498814403,0.40026890415952654
1785124013.8159375,-1.8639562023895948,0.4003476118048236
1785124013.8222022,-1.865978632389858,0.40042526814062335
1785124013.8263648,-1.8680283963409,0.40050461839669077
1785124013.8316474,-1.8700075625787842,0.4005845178817552
1785124013.8376622,-1.8718654843887332,0.4006585542089118
1785124013.8397467,-1.8737968465460582,0.4007353156419326
1785124013.8462317,-1.8756067035741137,0.40080664877681355
1785124013.8504233,-1.8774545844303885,0.4008781435402876
1785124013.8555279,-1.8793307282233722,0.4009496533804507
1785124013.8601544,-1.881105188643903,0.40101704112548503
1785124013.8654265,-1.8829070529791296,0.4010870843786827
1785124013.8707101,-1.8847261999549185,0.40115917634464054
1785124013.8756027,-1.8865648430875614,0.40123161106265837
1785124013.8812695,-1.8883163905053406,0.4013017154068103
1785124013.8854806,-1.8901494510314867,0.4013751250229659
1785124013.890508,-1.8920053822450476,0.4014491520875683
1785124013.8966873,-1.8938273033648987,0.4015205337419052
1785124013.8997118,-1.8956079697415549,0.40158902304363364
1785124013.9057808,-1.8973971668499527,0.40165910696423945
1785124013.9101586,-1.8992347429166978,0.4017321193084831
1785124013.9157252,-1.9010697019928189,0.4018058698295536
1785124013.9217355,-1.9029572723156687,0.4018830009693338
1785124013.9253378,-1.9047482047109743,0.40195681657308024
1785124013.9308314,-1.9066995180508786,0.4020370887069251
1785124013.9385014,-1.9087584447641759,0.40212109874645824
1785124013.9414713,-1.9106193156354607,0.4021968859152584
1785124013.9458318,-1.9126024735574896,0.402278708959075
1785124013.9507966,-1.9146503542646778,0.4023621472350531
1785124013.9568837,-1.9166578014239553,0.40244364812716465
1785124013.9612198,-1.918670702902283,0.4025257525028461
1785124013.965719,-1.9207028049824493,0.4026071277349062
1785124013.9728622,-1.9226215789103527,0.4026829243519159
1785124013.97496,-1.9246231508559175,0.4027608249283682
1785124013.980491,-1.9266460892240667,0.40284093144224664
1785124013.9856248,-1.9286096331146072,0.40291931542391884
1785124013.99054,-1.9305828058961285,0.40299839918185004
1785124013.9959137,-1.9326334818937603,0.40308225019496874
1785124014.000783,-1.9346344747717914,0.40316463843600836
1785124014.0056615,-1.9366889012235393,0.4032495720173666
1785124014.0110147,-1.9386748459018983,0.4033303588599951
1785124014.0172787,-1.9406922041474104,0.4034135932795745
1785124014.0224504,-1.9427041071736595,0.4034980372639265
1785124014.0257335,-1.9448186799138958,0.4035865413734077
1785124014.0317357,-1.9468584011608823,0.4036713325296714
1785124014.040156,-1.9488515446562686,0.4037531892861801
1785124014.042944,-1.950822626818559,0.40383522155524254
1785124014.0471792,-1.9527876808912648,0.4039171158616248
1785124014.051945,-1.954748224411912,0.40399968609914344
1785124014.0569375,-1.9568177618107312,0.4040866879127497
1785124014.0620637,-1.958924727402503,0.4041740947929629
1785124014.0665655,-1.9608782421495317,0.4042538270766698
1785124014.071337,-1.9628288467015815,0.4043332942238049
1785124014.0755763,-1.9648946653132777,0.40441731728376745
1785124014.0809243,-1.9668773660182224,0.40449948445910133
1785124014.0851693,-1.968784324623341,0.4045787050095927
1785124014.0907702,-1.970745734228907,0.4046602789341805
1785124014.0956314,-1.9727789934592694,0.40474401814653466
1785124014.0996614,-1.9748166630478152,0.40482715952182147
1785124014.1059935,-1.9767537118028513,0.4049052745594046
1785124014.17669,-1.9865690163742242,0.40529834981686574
1785124014.182601,-1.9884645388338091,0.4053747549864614
1785124014.1835973,-1.9902467769561576,0.4054465706681601
1785124014.184646,-1.9920843631639642,0.40552061035715925
1785124014.1856048,-1.9939178948844363,0.40559392220892987
1785124014.1864638,-1.9957366965025911,0.4056676606232567
1785124014.1872175,-1.997570014141341,0.40574201071583715
1785124014.18792,-1.9994095772574707,0.40581814832675894
1785124014.1888454,-2.0012044918079877,0.40589093295394757
1785124014.1900325,-2.00307021015442,0.4059667115732644
1785124014.1912565,-2.0049577354246266,0.40604355699520384
1785124014.19221,-2.0069405016041064,0.40612364358584496
1785124014.1929734,-2.0089047546272805,0.4062028321563264
1785124014.1953657,-2.0108537967988607,0.40628107111945344
1785124014.200468,-2.0128207923612154,0.4063611621517703
1785124014.20559,-2.014842123245385,0.4064433742511399
1785124014.2102463,-2.016776159413862,0.40652364064970076
1785124014.216755,-2.01876748675727,0.4066067728178684
1785124014.2212613,-2.0207727097900796,0.4066915791349637
1785124014.2258434,-2.022800751806842,0.4067782313962387
1785124014.2311466,-2.0247955961555366,0.4068632684422731
1785124014.2390997,-2.0268276370096676,0.4069519303804625
1785124014.2415373,-2.028841755563583,0.4070391913749322
1785124014.247554,-2.030877544256388,0.40712965856422867
1785124014.251909,-2.0328504070024365,0.4072164651622523
1785124014.2551928,-2.0349100263161923,0.4073061576706324
1785124014.2603292,-2.03698111322201,0.4073952457969082
1785124014.2660894,-2.0390207895317314,0.4074836534559603
1785124014.27032,-2.0410123577009496,0.40756967080392553
1785124014.2752998,-2.043025927297099,0.4076581252434336
1785124014.280763,-2.045042906608433,0.407747587719573
1785124014.2858002,-2.047020785569805,0.40783549917895673
1785124014.2908509,-2.048984975598102,0.4079228921659349
1785124014.2959278,-2.05095751068543,0.4080111813637898
1785124014.3006146,-2.053016752882359,0.40810534105933544
1785124014.3060017,-2.0550275584694213,0.40819641520629024
1785124014.310713,-2.057010620454435,0.4082851650502143
1785124014.3156679,-2.0590852617367195,0.40837776396905384
1785124014.3215127,-2.061073079824157,0.40846563795923285
1785124014.3261745,-2.0630562761421296,0.4085529093778688
1785124014.3322642,-2.0650248050023325,0.4086400038034012
1785124014.3381007,-2.0670078081379133,0.40872881855957655
1785124014.340911,-2.068941833848197,0.40881638853111973
1785124014.3453386,-2.0709217285513217,0.40890537113092656
1785124014.3500495,-2.072968576973629,0.40899870297362156
1785124014.356194,-2.074988933234891,0.40909097275053097
1785124014.3606887,-2.0769685126408626,0.409180947133483
1785124014.3665154,-2.078955241207316,0.4092713435794208
1785124014.3708515,-2.080958181631563,0.4093639965678884
1785124014.3758347,-2.0829910444214783,0.4094560366161448
1785124014.3802032,-2.0849096249961327,0.40954169602747165
1785124014.3852513,-2.0868403208391846,0.4096274819390143
1785124014.3909125,-2.0887417324883226,0.4097127875322715
1785124014.3967924,-2.0905570417887325,0.4097947284687224
1785124014.4005847,-2.0923758383407094,0.4098784341485037
1785124014.4062586,-2.094250109222356,0.4099627221415981
1785124014.4109466,-2.0960694695479547,0.4100444433744049
1785124014.415754,-2.0978640236010406,0.4101261770687536
1785124014.4209776,-2.0996653872231708,0.4102099362713894
1785124014.425393,-2.101550266735345,0.41029658900256566
1785124014.4313488,-2.1034368422098,0.4103855904990376
1785124014.4389637,-2.105371564844368,0.4104782257701431
1785124014.441968,-2.107348671810146,0.410572595552067
1785124014.4471772,-2.109225713272564,0.4106624378631081
1785124014.4503484,-2.111170861514392,0.41075557882619773
1785124014.4562476,-2.1131662639109448,0.4108503700354371
1785124014.46018,-2.11514292697421,0.41094487669412566
1785124014.4661841,-2.1171835279794555,0.41104189411940173
1785124014.4707077,-2.1191703724752986,0.41113693099396853
1785124014.4755228,-2.1212107893528738,0.4112338698569887
1785124014.4807632,-2.1232293353441802,0.41133014649753635
1785124014.4858007,-2.125250249488294,0.4114253282333664
1785124014.489866,-2.1273172503898508,0.4115222679378848
1785124014.4967175,-2.12931325441258,0.41161726046895625
1785124014.4999535,-2.1312938906450425,0.411710670821994
1785124014.5060418,-2.133262706393709,0.411803322421965
1785124014.5098476,-2.1352520531269947,0.4118959709187187
1785124014.5154927,-2.137186916174237,0.4119866531516817
1785124014.5215764,-2.139167648720258,0.41207996792370505
1785124014.5257533,-2.1411534828662626,0.412173560758366
1785124014.5310152,-2.1431593495882097,0.4122694128044556
1785124014.5400333,-2.145150046331899,0.41236538028524944
1785124014.5415294,-2.147079285647855,0.4124567400359794
1785124014.5448067,-2.1490938841969642,0.41255206134654543
1785124014.5502295,-2.1510814651088226,0.4126463811200551
1785124014.5568707,-2.1531095517833942,0.4127429844561593
1785124014.560812,-2.155099896071675,0.41283834536222974
1785124014.566045,-2.157175156101739,0.4129374385672723
1785124014.5706506,-2.1591737146770864,0.4130337695827608
1785124014.5756614,-2.16112300964393,0.41312863391063864
1785124014.580896,-2.163116519614345,0.41322489981509675
1785124014.5850902,-2.165100125758202,0.41332224230760395
1785124014.59009,-2.1670820111474463,0.4134197132494556
1785124014.5949328,-2.169057254270861,0.4135172351369338
1785124014.5999303,-2.1710219788507565,0.4136179358267228
1785124014.6059446,-2.172961698660776,0.4137169417610133
1785124014.610773,-2.1749747533932013,0.4138196445367712
1785124014.6155899,-2.176987197341289,0.41392542044420444
1785124014.6213489,-2.1789765740532108,0.41403169458346734
1785124014.625186,-2.1809396957160274,0.4141379301246672
1785124014.6303525,-2.182937108098469,0.41424639658885637
1785124014.637953,-2.184863670022056,0.41435295093676255
1785124014.6399488,-2.186721747151337,0.4144561054670224
1785124014.6456075,-2.1885277567364607,0.4145578997484062
1785124014.6508183,-2.190335607451342,0.41465902921853715
1785124014.6560426,-2.1921804732103736,0.41476308148548713
1785124014.6600502,-2.1940785764076383,0.4148708078058234
1785124014.6657836,-2.1958880828282092,0.41497406901309664
1785124014.670389,-2.197696113522978,0.415077943676917
1785124014.6751866,-2.1994947805079232,0.41518283163038383
1785124014.682021,-2.201337883417016,0.4152910508722705
1785124014.685704,-2.203229363094636,0.41540224129195086
1785124014.6907837,-2.205111242542616,0.41551316847498454
1785124014.6958432,-2.2069215887698856,0.4156210392501216
1785124014.6998794,-2.20864815491917,0.4157242730492321
1785124014.7056243,-2.210528816145531,0.4158373951446135
1785124014.7101886,-2.212343967717451,0.415947229302683
1785124014.7167864,-2.214132174340246,0.4160566641864258
1785124014.7211654,-2.2159106903752877,0.4161660383015514
1785124014.7256017,-2.2176755112838937,0.4162740654753839
1785124014.730658,-2.219560916261118,0.41638800315375873
1785124014.739149,-2.221479340423905,0.41650314827138507
1785124014.741035,-2.223466336472527,0.4166221783839611
1785124014.745579,-2.225472234944896,0.41674239773538363
1785124014.7504778,-2.227457759389367,0.41686132186036734
1785124014.7559636,-2.229474925554369,0.416983830668282
1785124014.7605367,-2.231440334062611,0.4171016989600512
1785124014.76593,-2.233420244085982,0.41722016660531724
1785124014.7703621,-2.235416904040838,0.4173380668077822
1785124014.7758021,-2.2374214704601876,0.4174571433680351
1785124014.7801354,-2.239424344810365,0.41757699327655073
1785124014.785663,-2.2414361658932247,0.4176986829764008
1785124014.790178,-2.243432824364084,0.41782082914214386
1785124014.7948332,-2.245412770488998,0.4179424314899349
1785124014.8002527,-2.247422724780672,0.41806496143388755
1785124014.805878,-2.2495091573799213,0.4181919078903814
1785124014.810205,-2.2515021047839685,0.4183132451763885
1785124014.816026,-2.253511138384155,0.41843588308382373
1785124014.8211968,-2.2555195449360683,0.41855799687037576
1785124014.8257487,-2.257555961186986,0.41868116307588277
1785124014.8302026,-2.2595458482634725,0.41880278850211516
1785124014.8372474,-2.2615448740203963,0.4189260974973409
1785124014.8405018,-2.2636130498316804,0.41905484032833257
1785124014.8453786,-2.2656175270089327,0.419179306236126
1785124014.8500698,-2.2675605903117444,0.41929931003888665
1785124014.8566554,-2.269547502183379,0.41942175421929156
1785124014.860621,-2.2714786894458294,0.4195406396159677
1785124014.8667018,-2.2734912326713754,0.41966365474499717
1785124014.8710272,-2.275491205935633,0.41978490310405087
1785124014.8753786,-2.2774999103844307,0.4199074558654298
1785124014.8816254,-2.279324199599327,0.4200189784747532
1785124014.887177,-2.281083431652645,0.4201263247192124
1785124014.890201,-2.2829369490367504,0.4202414857029238
1785124014.8950615,-2.2847970954838,0.4203574215803131
1785124014.9012086,-2.2865989333749503,0.42047018092443483
1785124014.9064734,-2.2884199703767476,0.42058416395180626
1785124014.9102695,-2.2902560598407162,0.420701799852214
1785124014.9162736,-2.2921392628450743,0.42082228556828466
1785124014.9206645,-2.2939330494327086,0.42093668416688784
1785124014.9255626,-2.295691734905399,0.4210490166859888
1785124014.9318764,-2.297437817495569,0.42116121805012274
1785124014.939641,-2.299327341094301,0.4212825037147826
1785124014.9435427,-2.3011438756180556,0.42139879406965086
1785124014.9472961,-2.302842239502384,0.42150620315306997
1785124014.9515543,-2.304686013237643,0.4216228172444639
1785124014.957006,-2.3064811874730733,0.4217370685791985
1785124014.9605296,-2.30823650705578,0.42184900647569884
1785124014.9662678,-2.3100833220975754,0.421966208561525
1785124014.9706776,-2.3119068675604852,0.42208302625469074
1785124014.9759293,-2.313708532070653,0.42219773683164374
1785124014.9800897,-2.3156271366778176,0.42231837493731295
1785124014.9853144,-2.317577038800366,0.42244198001321764
1785124014.990121,-2.3195520599961714,0.42256831528172123
1785124014.9952147,-2.3216212128658813,0.42270303824481764
1785124015.0009258,-2.3235640749033903,0.42282982001671304
1785124015.0063698,-2.325566529056404,0.4229615843701463
1785124015.0105376,-2.327510261188902,0.4230901809511645
1785124015.0161383,-2.3295473095416486,0.423224845396923
1785124015.0220122,-2.331598511643105,0.4233612489546479
1785124015.026215,-2.333609776835565,0.4234938350479549
1785124015.0297506,-2.335598189600118,0.4236256508762026
1785124015.0390751,-2.337628855955157,0.4237622824541468
1785124015.0409043,-2.33956457416299,0.42389345418171026
1785124015.0452712,-2.3415316782992885,0.4240280843720452
1785124015.0506856,-2.3435391542688433,0.42416561001110353
1785124015.0557659,-2.3455505194446253,0.4243031878542467
1785124015.0599473,-2.34745285874424,0.4244363865725833
1785124015.066315,-2.3494621726853873,0.42457728768303293
1785124015.0708256,-2.3514135429231207,0.42471522189381566
1785124015.07559,-2.353423191725839,0.42485706456184696
1785124015.0801518,-2.3554024058447673,0.4249961926604188
1785124015.085033,-2.3573827519550026,0.42513754660969433
1785124015.0915425,-2.3593797483932644,0.4252792574071111
1785124015.0957162,-2.361359675476074,0.4254197366588417
1785124015.1007001,-2.3633497530111494,0.4255597127442509
1785124015.1053922,-2.3653859656165173,0.4257019110006287
1785124015.1106453,-2.3673803142283307,0.4258411466049441
1785124015.1158743,-2.3693298537577805,0.4259781920110209
1785124015.120991,-2.371385830378955,0.4261227437303566
1785124015.1256611,-2.3734040294001293,0.42626565867722904
1785124015.1305373,-2.375380989257277,0.4264043673953099
1785124015.1376755,-2.3772724155169023,0.4265369908742575
1785124015.1402001,-2.3790951194244903,0.4266658808530179
1785124015.1453056,-2.3809174253889194,0.42679386647906437
1785124015.1508262,-2.3827799898184114,0.42692504908480683
1785124015.1564126,-2.3845875156908285,0.42705309279533304
1785124015.1597679,-2.3864943154217753,0.42718961023348523
1785124015.1660779,-2.3882726862824493,0.4273167731755973
1785124015.1732392,-2.3901122672771375,0.42744832100476177
1785124015.1750274,-2.391925315398328,0.4275782677862569
1785124015.179938,-2.3937708424521307,0.42771058674159845
1785124015.1892538,-2.395645813575891,0.4278452848481794
1785124015.1899838,-2.3974615376453117,0.4279753909134672
1785124015.1956322,-2.399250704026267,0.4281028586407468
1785124015.2009993,-2.4010411831807748,0.42823065871986254
1785124015.2056632,-2.4028203529235435,0.42835884394074397
1785124015.2099025,-2.4046684940066654,0.4284921735906252
1785124015.2165427,-2.406467247525674,0.42862309666086157
1785124015.2219164,-2.4082764067687186,0.42875506624566506
1785124015.225433,-2.4100078938342677,0.42888045115540074
1785124015.231318,-2.4118082956118756,0.42900974052668567
1785124015.2389512,-2.413589720930313,0.42913814450287613
1785124015.2402086,-2.415388853576165,0.4292687082783384
1785124015.246444,-2.4171731249603035,0.4293978057610448
1785124015.25112,-2.4189303002807994,0.42952515160805277
1785124015.2563834,-2.420785324336397,0.42965938611129645
1785124015.2613847,-2.4225775977917774,0.4297873715196878
1785124015.2657988,-2.424381454970314,0.42991595346066275
1785124015.2721705,-2.426148644546344,0.4300422565828799
1785124015.2754512,-2.4280002221371952,0.43017557255484895
1785124015.2801647,-2.4298970974215557,0.43031221602261904
1785124015.2853973,-2.4318331119144787,0.4304524359159523
1785124015.2926068,-2.433740530770241,0.43059217876734435
1785124015.2950354,-2.4356940614490536,0.4307370614096941
1785124015.3008885,-2.4377528847817747,0.4308899263334126
1785124015.3064432,-2.4397159830321775,0.4310375364842843
1785124015.3099074,-2.441739098549659,0.4311909205307054
1785124015.317679,-2.4437168156323934,0.43134206214562026
1785124015.320375,-2.445681193646128,0.43149367890226975
1785124015.3268127,-2.447694278970444,0.4316499724533234
1785124015.33108,-2.449718159190764,0.4318070942618741
1785124015.339295,-2.451708457575014,0.43196161417221224
1785124015.3412204,-2.4536965906483283,0.43211565394259743
1785124015.345573,-2.4556817854381436,0.4322681495698456
1785124015.352554,-2.457635177097319,0.43241957477208043
1785124015.3562214,-2.4595970050224945,0.4325739507321389
1785124015.3603399,-2.461611695288935,0.43273180209898127
1785124015.3650465,-2.463632847388022,0.4328895296231368
1785124015.3719435,-2.4656172070334965,0.4330455895127413
1785124015.375528,-2.4676155827787887,0.4332043967323723
1785124015.3800924,-2.469618865821212,0.4333655539666043
1785124015.3855255,-2.4716092875987505,0.4335264502657076
1785124015.3907433,-2.473587949291072,0.4336859463566379
1785124015.3957593,-2.4755541670173447,0.4338458067233192
1785124015.401052,-2.4775612500057163,0.4340090736447431
1785124015.4064384,-2.479657678479164,0.43417995644900803
1785124015.4120789,-2.4815674663077867,0.4343374086046755
1785124015.4177785,-2.483626664748054,0.434508893632051
1785124015.4214942,-2.4855843943633578,0.4346720013208581
1785124015.427291,-2.4876439756647106,0.434844687743495
1785124015.449197,-2.4895009958490086,0.4350006738552821
1785124015.4509053,-2.4914124840288694,0.4351618275217711
1785124015.4573998,-2.4932483339901768,0.43531694501876916
1785124015.479434,-2.495065077994423,0.4354708028350806
1785124015.4838235,-2.496925837012143,0.4356280511095173
1785124015.4860575,-2.4987635024586736,0.4357834954193043
1785124015.4875832,-2.500639868559696,0.43594242378951764
1785124015.489012,-2.502523370924043,0.43610324125797667
1785124015.4899328,-2.5043548920859626,0.43626049636731895
1785124015.4906254,-2.506134024431018,0.4364144413134335
1785124015.5030968,-2.507984610365905,0.43657497467222095
1785124015.5389163,-2.509819525316342,0.43673288265837223
1785124015.540803,-2.511553441842766,0.4368799941015688
1785124015.541675,-2.5133177771337345,0.4370304805197689
1785124015.550795,-2.515094109475365,0.4371828099269751
1785124015.555388,-2.5168450264719078,0.43733239298255955
1785124015.557982,-2.51868594111609,0.43749129449637797
1785124015.5750263,-2.5204440482209005,0.4376430283924696
1785124015.5770795,-2.522323997886824,0.43780651244116897
1785124015.5780632,-2.5241856033225196,0.4379683416883991
1785124015.5877314,-2.5260552099030953,0.4381292189832255
1785124015.5950072,-2.5279776181971987,0.4382952378195224
1785124015.611822,-2.5299669420717943,0.43846810686647236
1785124015.6135805,-2.532015446326372,0.43864654869116293
1785124015.6150157,-2.534012839300499,0.4388210760803817
1785124015.6255746,-2.5359804301315148,0.43899370818692385
1785124015.6274734,-2.537919487064052,0.43916561972319273
1785124015.6326976,-2.539938975083367,0.4393439144876478
1785124015.643247,-2.541955408699011,0.43952184368824576
1785124015.647307,-2.5439350545148636,0.43969663879987325
1785124015.6519015,-2.5460307162129197,0.43988133993043255
1785124015.655856,-2.5480531398066533,0.44005996334100494
1785124015.6723669,-2.549995154369714,0.44023210046160843
1785124015.6742742,-2.5520391921738597,0.44041273736605363
1785124015.6870892,-2.5540785136787107,0.44059374496728393
1785124015.6891947,-2.5561158049345063,0.44077471744123947
1785124015.690794,-2.5581236440454647,0.440952400016953
1785124015.6917071,-2.560148455582735,0.44113178550817345
1785124015.6980562,-2.5621427159236836,0.44130941238449223
1785124015.7042673,-2.564174893353282,0.4414924808458867
1785124015.7062151,-2.566174780122889,0.44167207798354635
1785124015.714638,-2.5681566307891535,0.44185020429103344
1785124015.7181966,-2.5701319271764116,0.4420267428349419
1785124015.7250674,-2.572134046385492,0.4422068558397817
1785124015.7274523,-2.5741246234235398,0.44238569037159414
1785124015.7318308,-2.576069734352581,0.4425596395234518
1785124015.738873,-2.578041179637694,0.4427344068072453
1785124015.740919,-2.580025656333258,0.4429091353907578
1785124015.7455766,-2.581938230564641,0.4430781565804358
1785124015.7544084,-2.5839782342512083,0.4432581702722496
1785124015.7586794,-2.5860011480870413,0.44343472612385637
1785124015.7615418,-2.587958689619801,0.44360568739667466
1785124015.766331,-2.589980308751416,0.443782452867728
1785124015.7793477,-2.592035411359975,0.4439607330840228
1785124015.7804646,-2.594034977098824,0.4441340746297004
1785124015.7817695,-2.596008600078455,0.4443063527806815
1785124015.7932584,-2.5980638877368425,0.444486997483363
1785124015.7938163,-2.600075195766211,0.4446659422763934
1785124015.7970898,-2.6020570426957375,0.44484307729559197
1785124015.8008034,-2.6040762671275446,0.44502441432461987
1785124015.8060837,-2.606027331389067,0.44520026672494256
1785124015.8150694,-2.6079665636213107,0.44537446115140056
1785124015.823378,-2.6099016609041037,0.44554921228778394
1785124015.827419,-2.611856940929074,0.44572613187736
1785124015.8314018,-2.6137921190786906,0.4459050062983476
1785124015.836696,-2.615793239522351,0.4460917753371184
1785124015.841607,-2.617773737210292,0.44627658906917067
1785124015.8470817,-2.6197260710093,0.4464587783866092
1785124015.8523648,-2.6217569762263238,0.4466498343930957
1785124015.8572626,-2.623703629796092,0.44683248276817644
1785124015.8611376,-2.625685092514383,0.4470189980637037
1785124015.8659525,-2.627628914621031,0.447203426812241
1785124015.8734975,-2.6296622891430372,0.4473965937636119
1785124015.8760061,-2.631682258266162,0.44758971670157405
1785124015.8802433,-2.6336843319746572,0.4477839312056714
1785124015.888853,-2.635711363878047,0.4479811553358181
1785124015.8924947,-2.637690388604384,0.448173051777071
1785124015.895257,-2.639660319497891,0.448366597290743
1785124015.9006667,-2.641701045017313,0.44856502214550265
1785124015.9077773,-2.643666061302854,0.4487581175620386
1785124015.9101942,-2.645591267206285,0.44894803079520645
1785124015.9197948,-2.6476377866618583,0.44914955585634103
1785124015.9225905,-2.64962025244394,0.44934634966366654
1785124015.927947,-2.651585391399606,0.4495430957665503
1785124015.930777,-2.653613803715829,0.44974796402023387
1785124015.9362502,-2.6556315830217656,0.44995309400279804
1785124015.941106,-2.657564624413978,0.4501497312190593
1785124015.9459014,-2.6595748298850057,0.45035527648205903
1785124015.9544473,-2.661534876916956,0.4505562557402454
1785124015.9573078,-2.6634934446577168,0.45075794193843444
1785124015.9607642,-2.6654797070401886,0.45096662607226695
1785124015.9660478,-2.6674790138421436,0.4511783050736075
1785124015.9738178,-2.6694777960767944,0.4513914649950692
1785124015.979114,-2.6714624145823715,0.45160603631987994
1785124015.9824698,-2.673382486352061,0.4518135415132974
1785124015.9873023,-2.675358093149155,0.4520272608035851
1785124015.995376,-2.6773372665377346,0.45224303781373165
1785124015.9991488,-2.6792622657910163,0.4524543302390168
1785124016.0021684,-2.681276171929899,0.45267518552181857
1785124016.0088027,-2.6832548032708288,0.4528912550628295
1785124016.0105462,-2.685257402860609,0.4531114356591616
1785124016.0185492,-2.687295743197452,0.4533363122777551
1785124016.0272179,-2.6892448518665555,0.45355145153633425
1785124016.0290422,-2.6912775269380917,0.45377632831211345
1785124016.031042,-2.693222495727476,0.45399241367987697
1785124016.038304,-2.6951769739709754,0.454210402948103
1785124016.0429657,-2.6970826176099405,0.4544227405820144
1785124016.04592,-2.699047670354859,0.4546424448098877
1785124016.0514338,-2.70099789039104,0.4548600462586234
1785124016.0589764,-2.7030262556060696,0.45508576861758304
1785124016.0627751,-2.7049951647324266,0.4553052960407974
1785124016.0706937,-2.7069427489271907,0.4555232289557057
1785124016.0747726,-2.708948523797248,0.4557489215636637
1785124016.080862,-2.7109119605781267,0.45597095299569107
1785124016.0849993,-2.7127742649587216,0.45618188461125697
1785124016.0898259,-2.7146519368120745,0.45639598295486966
1785124016.0918195,-2.7163980780974564,0.45659764300479044
1785124016.0949621,-2.718237277792558,0.4568113598441421
1785124016.1020608,-2.720054548446671,0.4570234928864196
1785124016.1099079,-2.721853303764355,0.4572344681351733
1785124016.115309,-2.723652387217539,0.4574472885041484
1785124016.1252854,-2.7254959189182335,0.4576648214072623
1785124016.1291797,-2.727262979104315,0.45787430498297454
1785124016.1326587,-2.729118473325025,0.4580963794165217
1785124016.138368,-2.730989327195376,0.45832027263866415
1785124016.1428752,-2.732972348436414,0.45855834498007375
1785124016.1464252,-2.7349411504262537,0.4587963950625846
1785124016.1505098,-2.7369060088574253,0.45903609432943
1785124016.156475,-2.7389012178786634,0.45928051426822775
1785124016.1623514,-2.7408730709589824,0.45952221154672235
1785124016.1663342,-2.7429109159321214,0.45977235616335904
1785124016.1719096,-2.744883143901465,0.4600136165676777
1785124016.1759164,-2.746845810608494,0.46025393294919154
1785124016.1801748,-2.7488475009815985,0.4604994455808733
1785124016.1881614,-2.750853499728763,0.46074596535694307
1785124016.1913908,-2.752864282922331,0.4609942749268881
1785124016.1962373,-2.7548937332690238,0.4612467045735163
1785124016.2092116,-2.7568070905992736,0.4614844621075622
1785124016.2101622,-2.758770385549356,0.46172953841735204
1785124016.2115226,-2.760749392307751,0.4619771763525618
1785124016.2260075,-2.7627152576149565,0.4622237263469124
1785124016.2454197,-2.7647117097298763,0.46247440539877854
1785124016.2504911,-2.766676407148492,0.4627214575500515
1785124016.254009,-2.768659583668939,0.4629711379031783
1785124016.2595112,-2.7707308064823124,0.4632325396767147
1785124016.2624319,-2.772729029187608,0.46348471744794406
1785124016.268808,-2.774664439190231,0.4637310342131207
1785124016.2717364,-2.7766105611345764,0.4639789543954936
1785124016.2761273,-2.7785422457951947,0.4642265710525099
1785124016.2803183,-2.780422083430266,0.4644684300691652
1785124016.2877436,-2.7822599463937734,0.4647049469428541
1785124016.2909727,-2.7840481501225987,0.4649349348426365
1785124016.2948554,-2.7857928308640383,0.46515975215998123
1785124016.3014848,-2.7876221515046975,0.4653957438820829
1785124016.307379,-2.7894658338213287,0.46563383364393246
1785124016.312908,-2.791285627022657,0.46586875052251064
1785124016.315733,-2.793100435948182,0.46610253229578213
1785124016.3223474,-2.7949112381876873,0.46633526235696854
1785124016.326439,-2.796729185286279,0.4665707396302097
1785124016.3302884,-2.7985322096494034,0.46680327916293063
1785124016.3358622,-2.8003291026477997,0.46703772910269775
1785124016.3440678,-2.802138208233588,0.4672725483579244
1785124016.345701,-2.803937964634101,0.46750686551468806
1785124016.3515646,-2.805701544514129,0.46773804060109564
1785124016.3602943,-2.8074991051294824,0.4679732717799297
1785124016.3619695,-2.809321293299572,0.46821134740197384
1785124016.367428,-2.811152207785893,0.46845099080067343
1785124016.3735745,-2.812994854861385,0.46869232163796287
1785124016.3759909,-2.8147754904494695,0.4689247008252586
1785124016.3808615,-2.816557806175545,0.46915601705563176
1785124016.386383,-2.818387696182388,0.46939472868409055
1785124016.3906434,-2.8202013233128986,0.46963184248676026
1785124016.396771,-2.821949529612788,0.46985922749467335
1785124016.4011092,-2.82382238222442,0.4701027217988313
1785124016.4062676,-2.8256456496561952,0.4703426145050287
1785124016.4112182,-2.8274272815087573,0.47057668874395847
1785124016.418609,-2.829221243459497,0.4708123424204288
1785124016.425753,-2.8310381577502075,0.4710510335857523
1785124016.4280217,-2.832865286609596,0.47129269845465627
1785124016.4333205,-2.8346867048015287,0.47153525017868864
1785124016.4384582,-2.8365464649237064,0.4717821890603312
1785124016.446216,-2.8383572835196427,0.4720203438076159
1785124016.4508557,-2.84018879530668,0.47226142249564684
1785124016.4568877,-2.8420596479423472,0.47250847848926564
1785124016.46102,-2.8438369318987915,0.47274473862165617
1785124016.4652507,-2.8456822601135046,0.4729892315584951
1785124016.4741087,-2.847464708403982,0.473225703869009
1785124016.481154,-2.8492281816021046,0.4734610836664374
1785124016.4826531,-2.8511662778149853,0.4737214602507103
1785124016.487287,-2.853167258294684,0.47399142967567504
1785124016.493686,-2.855163139423591,0.47426144732036607
1785124016.4962718,-2.8571005016141555,0.47452414442803875
1785124016.5016344,-2.8591433563416553,0.47480181222350676
1785124016.5068223,-2.861081077136061,0.47506551517095796
1785124016.5113418,-2.8630740186901473,0.47533659905255027
1785124016.5171683,-2.865111145738005,0.4756160712184511
1785124016.5256515,-2.8670997253030808,0.47588909995889384
1785124016.5307589,-2.869105738583757,0.4761652825135189
1785124016.532818,-2.871144518075166,0.47644712121306915
1785124016.5369852,-2.873099900792795,0.47671726113387936
1785124016.5416768,-2.8751527948858646,0.47700116797089975
1785124016.5505326,-2.87712059996369,0.47727207956828976
1785124016.552932,-2.8791062798963116,0.4775459335807146
1785124016.5584402,-2.881160427535725,0.4778272934846976
1785124016.5604956,-2.8831117091920864,0.47809524620727745
1785124016.5655193,-2.8850711638508066,0.4783642486382397
1785124016.571511,-2.8870607780481214,0.4786378431648172
1785124016.5762599,-2.889017190057407,0.47890756400256396
1785124016.581023,-2.890867836771019,0.4791623063677075
1785124016.5890145,-2.892707871124173,0.4794162561003426
1785124016.591253,-2.8945001517580082,0.4796640855546087
1785124016.5957246,-2.896334844020421,0.479917502443482
1785124016.601221,-2.8981139430285876,0.4801643229967807
1785124016.6067598,-2.899939035841207,0.48041963971398327
1785124016.6109266,-2.901726309404454,0.48067038260806555
1785124016.6160343,-2.9035426330273397,0.48092530952205437
1785124016.6238482,-2.9052684624517386,0.48116889870834445
1785124016.627435,-2.9070360887872977,0.4814190291981108
1785124016.6311004,-2.9089078964540405,0.4816822536088258
1785124016.637238,-2.9107673639952822,0.4819442822454543
1785124016.6420686,-2.91268239710426,0.48221578561234646
1785124016.6499243,-2.9146611289929054,0.4824965871911597
1785124016.6520329,-2.9166387220408163,0.48277787608228606
1785124016.6576746,-2.9185580705270793,0.48305231588982694
1785124016.6606727,-2.9204999425954146,0.4833305350630675
1785124016.6663988,-2.9224565699472356,0.48360948114349367
1785124016.6722083,-2.92437574779331,0.4838845115561722
1785124016.67635,-2.926372466621771,0.4841708158059139
1785124016.680223,-2.92831178784743,0.4844502675622388
1785124016.6895273,-2.9302912569796704,0.48473649945685193
1785124016.692515,-2.932285838741495,0.48502477657689025
1785124016.695455,-2.9342016742663253,0.48530166541452946
1785124016.7035382,-2.9361592846690643,0.48558453373681965
1785124016.7069354,-2.938025867492414,0.48585612459775335
1785124016.711232,-2.940053383639329,0.4861496688748465
1785124016.7160573,-2.941950627033158,0.48642514514781815
1785124016.7269745,-2.943942930292848,0.4867145859581048
1785124016.7283123,-2.9459443663228058,0.4870048381038754
1785124016.7305532,-2.947884776812125,0.4872855318890225
1785124016.7376688,-2.949886875968511,0.4875747126233414
1785124016.7426937,-2.9518347823878877,0.48785482393594937
1785124016.7498243,-2.9537810101041706,0.48813611808620383
1785124016.7535443,-2.9557663804209184,0.48842221866100516
1785124016.7591054,-2.9577840212352235,0.4887117167972885
1785124016.7617505,-2.9597813418467163,0.48899951720512086
1785124016.765696,-2.9617621695101155,0.48928415250417395
1785124016.7731695,-2.9637828361945093,0.4895738152201445
1785124016.7771704,-2.965789271235359,0.4898618437736126
1785124016.781207,-2.9677656908810897,0.49014449006234384
1785124016.7858572,-2.969765255339235,0.4904292524950203
1785124016.7925391,-2.9718209478661715,0.49072139365336376
1785124016.7959344,-2.9738576927032323,0.49101102505401006
1785124016.8015802,-2.9758661011168517,0.4912971779382804
1785124016.8067455,-2.9778232829546076,0.49157654858106303
1785124016.8102007,-2.9797699672630213,0.49185322405275694
1785124016.8160796,-2.981760539663438,0.49213634989693716
1785124016.822616,-2.9836979044153393,0.49241182076874407
1785124016.8274193,-2.985614816210112,0.49268550737307415
1785124016.8312721,-2.987558447031799,0.49296391457410127
1785124016.8362272,-2.9893753844531488,0.4932238546126771
1785124016.8411558,-2.991225711398401,0.4934884141491714
1785124016.8508625,-2.9930431473905585,0.4937494645344502
1785124016.861401,-2.994867267727821,0.4940127576993816
1785124016.8661768,-2.9966580435101617,0.49427020516860726
1785124016.8690896,-2.998447994154956,0.4945292161998498
1785124016.8750834,-3.000335578450881,0.49480174684994493
1785124016.8814504,-3.0021608519282483,0.495064673726015
1785124016.8858688,-3.0039374020627365,0.4953215158283373
1785124016.8916843,-3.005764590870494,0.4955859536365491
1785124016.8963869,-3.0076054254061915,0.4958540422770462
1785124016.9012513,-3.009404344042317,0.4961179418207182
1785124016.906693,-3.0111929552791548,0.4963807592265241
1785124016.911524,-3.013013145839708,0.49664923997748534
1785124016.9160995,-3.0148297702178324,0.4969191011148313
1785124016.9246576,-3.0166373250474408,0.49718861023810623
1785124016.9318948,-3.0184668749921117,0.49746393014064644
1785124016.9341984,-3.0202825433268687,0.4977380834793678
1785124016.9399948,-3.0220857030209913,0.4980107963673317
1785124016.9431345,-3.0239103073163403,0.49828696045018034
1785124016.9468064,-3.0256887870256346,0.4985557270787692
1785124016.9519548,-3.02745188073774,0.4988219609988627
1785124016.9615684,-3.029209559366953,0.499089685050575
1785124016.9696336,-3.0310121419006055,0.49936592209739683
1785124016.9714775,-3.032785325742653,0.4996401814228156
1785124016.978243,-3.0346354102227924,0.4999282658951479
1785124016.983774,-3.036407870477404,0.5002049376037448
1785124016.9876816,-3.038040675111463,0.5004604110706704
1785124016.9907162,-3.039642278763471,0.5007108831639292
1785124016.997425,-3.0412519660289363,0.5009628263266492
1785124017.0052137,-3.042920382022803,0.5012242294765268
1785124017.0070736,-3.0445733080243005,0.5014844119918536
1785124017.0110106,-3.0461939128010296,0.5017406263043448
1785124017.0186641,-3.047872440909035,0.5020071403996427
1785124017.0277567,-3.0494873852417688,0.5022642683389973
1785124017.029145,-3.0511293685262135,0.5025246069350047
1785124017.0354507,-3.052785802249579,0.5027880996885432
1785124017.042483,-3.054409815631449,0.5030466755741211
1785124017.0437577,-3.056005558445926,0.5033013448838228
1785124017.0501623,-3.057690263577191,0.5035722175070437
1785124017.0579588,-3.059307387595512,0.503833533343235
1785124017.0596638,-3.0609341913139296,0.5040967308530311
1785124017.0771003,-3.062499788649153,0.5043501717867049
1785124017.0848758,-3.0640922703200215,0.5046078666810411
1785124017.1056032,-3.0657513103954566,0.5048754057346285
1785124017.109083,-3.067341638620877,0.5051303241736605
1785124017.1165411,-3.0689019210797697,0.505380397162106
1785124017.1326096,-3.0704457588433107,0.5056282655884242
1785124017.1388113,-3.072104551962304,0.5058940226827773
1785124017.1412644,-3.0737074483440145,0.5061489055776427
1785124017.1535923,-3.075370432453214,0.5064124808314399
1785124017.1568923,-3.076975213370889,0.5066667193319548
1785124017.159692,-3.0786230099056384,0.5069263594766023
1785124017.1633143,-3.080250141104486,0.5071818276903249
1785124017.16955,-3.081860936554139,0.5074344361124762
1785124017.172554,-3.0835212954593554,0.5076951305411248
1785124017.1944993,-3.085188612666017,0.5079563466579511
1785124017.207745,-3.0868131231215963,0.5082097282048144
1785124017.2100303,-3.0885395754302083,0.5084792746431809
1785124017.2247264,-3.090167316073669,0.5087331884972865
1785124017.233707,-3.091840582125205,0.5089936217567279
1785124017.23538,-3.0936487412850853,0.5092761388515169
1785124017.2471364,-3.095435393984438,0.5095560929008965
1785124017.248795,-3.097183971453281,0.5098306613696162
1785124017.2502596,-3.098993365447191,0.5101157876379343
1785124017.251634,-3.1008202535984783,0.510404414008878
1785124017.2531087,-3.1027105176971332,0.5107034738210895
1785124017.2569969,-3.1046066418797063,0.5110037108985561
1785124017.2593377,-3.1065253378072706,0.5113070520044151
1785124017.2635226,-3.1084460138499335,0.5116106637549149
1785124017.265845,-3.110441018234376,0.5119268257281211
1785124017.2684433,-3.112403269997185,0.5122375752579955
1785124017.2704144,-3.1143818119310054,0.5125503579638653
1785124017.2727947,-3.116392214392743,0.5128687413737786
1785124017.2783804,-3.1183735196664593,0.5131822382934388
1785124017.2844534,-3.1203384240821626,0.5134940568909971
1785124017.2862778,-3.122357037253626,0.5138147623138082
1785124017.3040347,-3.124348612993042,0.5141297954951982
1785124017.3053067,-3.1263497786061007,0.5144473216122314
1785124017.3153782,-3.1283081912161537,0.5147598332817969
1785124017.317333,-3.130215931124307,0.5150656326873893
1785124017.335232,-3.1321614541679894,0.5153782969966908
1785124017.363021,-3.1341726725555072,0.5157023751976879
1785124017.3661146,-3.136138037371491,0.5160190965697385
1785124017.3832,-3.138102749249771,0.5163363687249314
1785124017.392237,-3.1400243113796313,0.5166473396175748
1785124017.3993146,-3.1420112794968618,0.5169698865582871
1785124017.4099312,-3.1440219523590462,0.5172971080149537
1785124017.4150255,-3.1460521172820473,0.5176272565341918
1785124017.4272494,-3.147982811910175,0.5179400747848758
1785124017.4400642,-3.1499552890570497,0.5182619750763224
1785124017.4432857,-3.1518455938424887,0.5185708584437806
1785124017.4465387,-3.1538015378537887,0.5188905417763977
1785124017.4512377,-3.1557628726955884,0.5192111199110082
1785124017.4593887,-3.157716184958109,0.5195295631340846
1785124017.4629235,-3.159706129794515,0.5198537476324658
1785124017.4685779,-3.161652669317329,0.5201708486659239
1785124017.47134,-3.1636111207697506,0.5204889888178139
1785124017.4795508,-3.165568601986241,0.5208047416825471
1785124017.486504,-3.1675277795945624,0.521119077417703
1785124017.4881053,-3.169427717094626,0.5214224010744998
1785124017.503306,-3.171351508298975,0.5217278097460176
1785124017.5194657,-3.1732978288466804,0.5220355673879451
1785124017.5212379,-3.1752819896908027,0.5223481079502934
1785124017.5373511,-3.177220090626701,0.5226519565079689
1785124017.5433588,-3.1792092159959484,0.5229640453937663
1785124017.5469658,-3.1811615132479756,0.5232692954157302
1785124017.5493436,-3.183133925324048,0.52357493521891
1785124017.5525074,-3.185005518022813,0.5238646311750981
1785124017.5560043,-3.18704806888538,0.524180523940797
1785124017.5621474,-3.189032633595634,0.5244848278361263
1785124017.567786,-3.191000443264937,0.5247841748581092
1785124017.5750568,-3.1929521956372793,0.5250805094785824
1785124017.578698,-3.1949399023586067,0.5253813717672837
1785124017.5828617,-3.1968638708328245,0.5256693484023479
1785124017.591143,-3.1988236537856953,0.5259604435343661
1785124017.5929883,-3.200754290366911,0.5262472976283087
1785124017.5952318,-3.2027681688728116,0.5265445167979539
1785124017.6011546,-3.20471048986763,0.5268296790838379
1785124017.6074185,-3.206676439799977,0.5271164727868651
1785124017.6121204,-3.2086810908195402,0.5274070638917815
1785124017.61695,-3.2106913864825617,0.5276958703797996
1785124017.6286106,-3.2126314459173533,0.5279719013545453
1785124017.6306767,-3.2145111349619757,0.5282373114850093
1785124017.6356194,-3.216335335651039,0.5284929130144811
1785124017.6423337,-3.218188775185249,0.5287515968660306
1785124017.646077,-3.2200193393185965,0.5290040270693019
1785124017.650849,-3.2217845451504603,0.5292445513971333
1785124017.6564915,-3.223647177209229,0.5294965640902465
1785124017.660749,-3.2254225152622644,0.5297344699770609
1785124017.6654103,-3.227232324007443,0.529974535861876
1785124017.6709065,-3.228979627094354,0.5302031632363172
1785124017.677032,-3.230856742026154,0.5304467730874348
1785124017.680306,-3.2326237616675724,0.5306723253040595
1785124017.6851752,-3.234424783792952,0.5308993221548544
1785124017.6916268,-3.236157781411243,0.531114746854634
1785124017.6949668,-3.2380177477951624,0.5313422723951837
1785124017.701095,-3.2398130205332007,0.5315589873481325
1785124017.7074568,-3.241616644248669,0.531771878524176
1785124017.7104983,-3.2433946080951728,0.531978393173129
1785124017.7158854,-3.245167924918633,0.5321802149796747
1785124017.7214549,-3.246970366357114,0.5323819291311214
1785124017.7313216,-3.2487242041584605,0.5325721333768466
1785124017.732971,-3.250583018903189,0.5327708610009627
1785124017.7360046,-3.2524349723448593,0.5329626464233204
1785124017.7414906,-3.254222178364224,0.5331440821404345
1785124017.7460132,-3.2559788113212296,0.5333173164924997
1785124017.7514892,-3.257760141619021,0.5334880970107752
1785124017.7565691,-3.2595287844099095,0.5336513135530554
1785124017.76148,-3.2612624672676005,0.5338079695378117
1785124017.7667825,-3.2630250240683956,0.5339629574402969
1785124017.7729895,-3.2647784927882415,0.5341132579149814
1785124017.7770479,-3.266573723901423,0.5342624592573582
1785124017.780413,-3.268421999979581,0.5344104359115401
1785124017.785374,-3.2703834819302324,0.5345620399170696
1785124017.7916946,-3.272337682755704,0.5347093974323822
1785124017.7961078,-3.2743620498860553,0.5348594937163522
1785124017.7998915,-3.2763076439399272,0.5349999377261023
1785124017.806601,-3.278309863736912,0.5351401981864518
1785124017.8102326,-3.280305428730766,0.5352754449292301
1785124017.8158908,-3.282307939954109,0.5354057963615987
1785124017.8220854,-3.2843475903545456,0.5355347036537706
1785124017.8323255,-3.28633614619647,0.5356581004415711
1785124017.83725,-3.2883112592995785,0.5357768556899414
1785124017.8413272,-3.2903456890714198,0.5358961895174456
1785124017.845494,-3.2923827014047147,0.5360110717731628
1785124017.8499508,-3.294343863616336,0.5361190496429721
1785124017.8568637,-3.2963077128341256,0.5362235570335171
1785124017.8602693,-3.298262612534589,0.5363258156371883
1785124017.8661332,-3.300262125528774,0.5364265389626718
1785124017.8721533,-3.302278776818358,0.5365258858244021
1785124017.8759067,-3.3042954277141665,0.536623209937144
1785124017.8805888,-3.3062780331203285,0.5367150489690203
1785124017.889626,-3.308275975235243,0.5368039641884709
1785124017.893293,-3.3103403387556005,0.5368937880141731
1785124017.8953676,-3.3123491362678115,0.5369761011699303
1785124017.9005394,-3.314297559726574,0.5370534898544377
1785124017.907347,-3.3162782672737094,0.5371306443434758
1785124017.9107583,-3.3182691367298793,0.537205368389363
1785124017.9155838,-3.3202759073082055,0.5372784472421667
1785124017.9209816,-3.3222575157068444,0.5373480798751137
1785124017.9265883,-3.3242120214588438,0.5374155448339375
1785124017.9337058,-3.3261928135359424,0.537481260799726
1785124017.9369051,-3.328222493187059,0.5375469568140266
1785124017.941983,-3.330221820200029,0.5376109043067515
1785124017.9460099,-3.33226943631243,0.5376741036716979
1785124017.950676,-3.3342593255704984,0.537733420413043
1785124017.9563005,-3.3362735164535735,0.5377906291334446
1785124017.9612982,-3.3382622687912287,0.537844461261197
1785124017.9652383,-3.3402438163564683,0.5378966713046598
1785124017.972438,-3.342268450496467,0.5379479203903271
1785124017.9760656,-3.3441878098652293,0.5379937284939041
1785124017.9804938,-3.3461815169466638,0.5380394915660595
1785124017.985946,-3.3481426161287566,0.5380819762557707
1785124017.9910598,-3.350092114920339,0.5381200391671125
1785124017.994913,-3.3520786802480758,0.5381557140576034
1785124018.00032,-3.354024658135862,0.5381874491767071
1785124018.0064142,-3.3560160564907395,0.5382171914496254
1785124018.0108376,-3.358033615979665,0.5382439069882684
1785124018.0155313,-3.3599951326859214,0.5382658954051691
1785124018.0223956,-3.3620771835755545,0.5382858924965095
1785124018.0256824,-3.36404083227192,0.5383006943656957
1785124018.0351586,-3.3659952666579964,0.5383115163612957
1785124018.0398998,-3.3680087320900456,0.5383192014096486
1785124018.0428026,-3.369960758389547,0.5383210365107801
1785124018.0451317,-3.371975354124651,0.5383188567378729
1785124018.0502899,-3.373989507795719,0.5383134920973133
1785124018.056322,-3.375931477465546,0.5383034286586251
1785124018.0600493,-3.3778674583429953,0.538289904660476
1785124018.0649378,-3.3798306412268957,0.5382709621217653
1785124018.0714974,-3.381760048571313,0.5382488339103702
1785124018.0768468,-3.383712713162016,0.5382220021023825
1785124018.0812826,-3.3857001681899876,0.5381907050558089
1785124018.0888562,-3.3876986534212477,0.5381549565670959
1785124018.0911355,-3.389691881343563,0.538115079542955
1785124018.0957286,-3.391730720531008,0.5380694530143479
1785124018.1010563,-3.3937178201801967,0.5380197401584895
1785124018.1062863,-3.395682053886804,0.5379655188772702
1785124018.1111412,-3.397661170083052,0.5379069331277965
1785124018.1156943,-3.399647002247418,0.5378440997982464
1785124018.1210723,-3.401676017219662,0.5377754382182109
1785124018.1259992,-3.4036924052354998,0.5377013306735178
1785124018.1343184,-3.405708549967077,0.5376210642986826
1785124018.1366313,-3.407679012131084,0.537538347496881
1785124018.1411653,-3.409707538729863,0.5374479183336494
1785124018.1475375,-3.411689542926147,0.53735535848823
1785124018.1512072,-3.413748338103429,0.5372539989119359
1785124018.15639,-3.4156553736985864,0.5371570522765228
1785124018.1641397,-3.417582395812573,0.5370560549688675
1785124018.170114,-3.4195800307923316,0.5369470283558717
1785124018.1736896,-3.4216375187491255,0.5368308997863559
1785124018.179037,-3.4236857141004235,0.5367117049421922
1785124018.1815786,-3.425684704049318,0.5365895574258246
1785124018.186769,-3.4276827912740315,0.5364608848166141
1785124018.1937325,-3.4296892892710606,0.5363271392946146
1785124018.1955304,-3.4316480912847247,0.5361935405266224
1785124018.2014365,-3.4335953448508905,0.536055297759804
1785124018.2061303,-3.435596922506725,0.5359106819065341
1785124018.2106097,-3.4376112089684696,0.5357590387830663
1785124018.216152,-3.4396129193973164,0.5356024734109811
1785124018.2218935,-3.441597935771994,0.5354435039901443
1785124018.2260702,-3.4436783896523906,0.5352732222575457
1785124018.236117,-3.4457207996174484,0.5350995027179412
1785124018.2389255,-3.4477084477764537,0.5349260831146699
1785124018.2422144,-3.449780803371764,0.5347410102315089
1785124018.2458289,-3.451703810054317,0.5345649018091493
1785124018.2504957,-3.4537407110575256,0.5343736133785959
1785124018.2570171,-3.4557800757496255,0.5341770913570434
1785124018.2617967,-3.457740079312546,0.5339840869265686
1785124018.2651415,-3.459677589344098,0.5337901233416359
1785124018.2733598,-3.4616876619127903,0.5335835096383995
1785124018.27615,-3.4637323714000297,0.5333689487591564
1785124018.2800922,-3.4655853425810292,0.5331700685736483
1785124018.2866254,-3.467474645217999,0.5329636043440366
1785124018.2926311,-3.4693474028233307,0.5327531717649038
1785124018.2955647,-3.471131782704136,0.532547679286185
1785124018.3011065,-3.4729241353603553,0.5323374908686831
1785124018.3078175,-3.4747108675169107,0.5321232887696972
1785124018.31095,-3.476522893209795,0.5319020078796486
1785124018.3165448,-3.478311176868806,0.5316796515392461
1785124018.321716,-3.4801092459082668,0.5314530671567976
1785124018.3258326,-3.4819235082297273,0.5312206150467051
1785124018.3350577,-3.48373202974225,0.5309835172633679
1785124018.337366,-3.485548298747559,0.5307428146958382
1785124018.3430016,-3.4875090606056145,0.5304784566188797
1785124018.3487997,-3.4894313211600716,0.5302145363425521
1785124018.3512697,-3.491407508473664,0.5299396536997578
1785124018.3560452,-3.493362331093193,0.5296640298928148
1785124018.3615315,-3.49530438089345,0.5293869710051626
1785124018.372549,-3.4972219381173164,0.5291087352298912
1785124018.3744807,-3.4992412788408696,0.5288124474516535
1785124018.3769515,-3.5011469666905946,0.5285283132653203
1785124018.3808126,-3.5031678800280455,0.5282222554756241
1785124018.3857584,-3.505179741486585,0.5279148163787274
1785124018.390871,-3.5072286325229203,0.5275982405261742
1785124018.4061768,-3.5091465707972023,0.5272973474695644
1785124018.4078805,-3.5111081845974472,0.5269860547796886
1785124018.411441,-3.513099600781981,0.5266661368550464
1785124018.4177039,-3.5149794747285976,0.5263607806163624
1785124018.4240296,-3.51700416165135,0.5260281877696895
1785124018.427641,-3.5189377966309423,0.5257078037336808
1785124018.4336069,-3.520973605507134,0.5253658492828409
1785124018.4485347,-3.522916350760106,0.5250349325402939
1785124018.4508038,-3.524786519945922,0.5247138433996673
1785124018.4523985,-3.5267001456987868,0.524383063725408
1785124018.4599617,-3.528588899689556,0.524052215841409
1785124018.462516,-3.5305138850857922,0.5237111879022593
1785124018.4681716,-3.5324585234116945,0.5233628795398342
1785124018.4774046,-3.5343246585630266,0.5230233830842431
1785124018.4795039,-3.536265111006142,0.5226624454406317
1785124018.483372,-3.5381894158977585,0.5223001766615236
1785124018.490267,-3.5401690932471177,0.5219219938573384
1785124018.4950411,-3.5421241151459277,0.5215429946383963
1785124018.4978776,-3.544071333644981,0.5211598921676932
1785124018.500863,-3.5460915419020953,0.5207576268197093
1785124018.508649,-3.548113798847778,0.5203488277743372
1785124018.5117605,-3.550107459093116,0.5199424338173905
1785124018.5166342,-3.552032915292693,0.5195461371983716
1785124018.5216753,-3.553975440836481,0.5191427895078059
1785124018.5335672,-3.5559291266457826,0.5187321102241967
1785124018.5354857,-3.5578298623169573,0.5183269099849052
1785124018.5426204,-3.559848131236475,0.5178919266258926
1785124018.5527747,-3.561795242905653,0.5174674341272181
1785124018.559984,-3.563729135625047,0.517040144825081
1785124018.5647123,-3.565673289763613,0.5166071796303731
1785124018.5687952,-3.567605442715545,0.5161733609804404
1785124018.5719895,-3.569508287168526,0.5157412825844491
1785124018.5753992,-3.5714291568848298,0.5153003187110688
1785124018.5796828,-3.5732979339719066,0.5148661146963143
1785124018.585803,-3.57524583098916,0.5144097193603334
1785124018.5917993,-3.5771793258768896,0.5139523446876751
1785124018.5957127,-3.5791172302120478,0.5134898524214144
1785124018.6021357,-3.5811075211534824,0.5130108836229197
1785124018.6074784,-3.5830511417763478,0.5125396173124854
1785124018.6108553,-3.5849866586183197,0.5120664325922253
1785124018.6168973,-3.5869315499986967,0.511586999211802
1785124018.6259098,-3.5888459366062437,0.5111125234028562
1785124018.6280532,-3.5907718918212814,0.510631322721101
1785124018.634433,-3.5926553597299353,0.5101562641478506
1785124018.636239,-3.594557392215645,0.5096718980260942
1785124018.6418712,-3.5965160530307583,0.509169699337218
1785124018.6477416,-3.5984742656971735,0.5086627940861846
1785124018.6532078,-3.6003070170245737,0.5081847983308343
1785124018.6566768,-3.602227146170263,0.5076818677926743
1785124018.6608028,-3.604140818442167,0.5071787854355595
1785124018.6658409,-3.6060919226141612,0.5066623347435703
1785124018.6714165,-3.607930965407563,0.5061718289946792
1785124018.6764438,-3.609869489257585,0.5056521419107955
1785124018.6800423,-3.61169701470899,0.5051581792398888
1785124018.68501,-3.613655256369511,0.5046257644913011
1785124018.6923697,-3.6155057814805756,0.5041205057234927
1785124018.6952171,-3.617417473258595,0.5035928094244978
1785124018.700178,-3.61930156943962,0.5030699062475346
1785124018.70724,-3.621211157554913,0.5025361476535629
1785124018.7120082,-3.6231152760389,0.5020020337850826
1785124018.7167156,-3.6249845311436735,0.5014751114270556
1785124018.7214763,-3.6268079583627646,0.5009593829572029
1785124018.7293386,-3.628758285814984,0.5004048973402796
1785124018.7316442,-3.630616603096144,0.499875082169495
1785124018.73875,-3.632420773624134,0.4993591753010483
1785124018.7429476,-3.6342462404004676,0.4988350684782871
1785124018.746127,-3.6361462050499473,0.4982861132094542
1785124018.76018,-3.6379968633756916,0.49774834387706823
1785124018.783958,-3.639845462762375,0.49720699780564553
1785124018.784811,-3.6418290061651843,0.49662314868089935
1785124018.7857728,-3.643697979876182,0.49607228813629994
1785124018.7929163,-3.645426371054203,0.4955606854237264
1785124018.7960627,-3.6472885842670055,0.49500695811317263
1785124018.7984383,-3.649065637366605,0.4944752537282238
1785124018.8051596,-3.650890307828716,0.49392653295039757
1785124018.8099961,-3.6527168516482273,0.49337587328497134
1785124018.8131912,-3.6545536664641127,0.4928174450480555
1785124018.8177834,-3.65642075211447,0.4922482722323783
1785124018.8299508,-3.6583371902634463,0.49165984031321047
1785124018.8378212,-3.6602085997706753,0.49108178892055515
1785124018.8390489,-3.662015186200729,0.4905204586928717
1785124018.8438523,-3.663909324579896,0.48993034571467575
1785124018.846524,-3.6658382758255343,0.4893269074214859
1785124018.847536,-3.6676723014344987,0.48875280027401435
1785124018.8515208,-3.669382965560388,0.4882138309696731
1785124018.8574016,-3.671258572415999,0.48762104255512545
1785124018.8646688,-3.673107618703709,0.48703403784615296
1785124018.8751688,-3.6749672550963512,0.48644007008093976
1785124018.8792593,-3.6769067564406352,0.4858189915601647
1785124018.8815544,-3.6787406371446525,0.48523046186041635
1785124018.8853602,-3.680532121983307,0.48465275887374987
1785124018.890588,-3.6824047076065027,0.4840464488674883
1785124018.8959887,-3.684234971080983,0.483453457674499
1785124018.900574,-3.686030404741941,0.4828685489696788
1785124018.9062772,-3.6878266517799005,0.48228136543597666
1785124018.9125829,-3.6897852807673486,0.4816397658469989
1785124018.9171956,-3.6915597718032394,0.4810562867150362
1785124018.927442,-3.693442019766314,0.48043535464891984
1785124018.9339995,-3.6952880526284453,0.4798245505384139
1785124018.9451907,-3.697155757581302,0.4792042372578722
1785124018.9461944,-3.6990351758092643,0.47857922285158305
1785124018.947555,-3.700849337206739,0.47797385045282775
1785124018.951605,-3.70268179689791,0.47736132231643874
1785124018.9599006,-3.7045094022711855,0.47674758885965335
1785124018.961646,-3.7063375360552038,0.4761326032002158
1785124018.9671319,-3.7082323477888,0.47549384738308126
1785124018.9726381,-3.7101657865534263,0.474839143372835
1785124018.9814436,-3.711999266899085,0.4742180896837239
1785124018.9857922,-3.7138732293889896,0.47358105084534685
1785124018.993983,-3.715850617179745,0.47290749651994624
1785124018.9966385,-3.717737231798124,0.47226336967206073
1785124019.008758,-3.719630487677416,0.47161556140537714
1785124019.0120533,-3.7215311646252167,0.4709637824017548
1785124019.0151231,-3.7233884587808967,0.4703265320875455
1785124019.0238185,-3.7252548754166996,0.46968597587175215
1785124019.0253472,-3.72714380162925,0.46903613782778714
1785124019.0313127,-3.728985847114346,0.4683998910348374
1785124019.0355463,-3.7308816772452027,0.4677438868700107
1785124019.0400906,-3.7327953317846845,0.4670790682973987
1785124019.0467997,-3.7346939888058657,0.46641681702207805
1785124019.0504234,-3.7366310189883483,0.4657386092993289
1785124019.0569513,-3.738547470183428,0.46506701577108206
1785124019.061163,-3.740416884160849,0.4644105217214869
1785124019.066973,-3.7423305717817397,0.4637371503657612
1785124019.0704582,-3.7442623096840784,0.4630577164380629
1785124019.0759134,-3.746214557268677,0.4623689377692894
1785124019.0813076,-3.74813846616722,0.4616878062740295
1785124019.0867279,-3.7499929227293403,0.46102892742578666
1785124019.0909822,-3.751894312286959,0.4603540659087519
1785124019.0972462,-3.7538575239358836,0.4596556831242112
1785124019.102141,-3.755766056196434,0.45897559328888693
1785124019.106907,-3.7577283705727815,0.4582728088751856
1785124019.111826,-3.759617305416228,0.4575964828855292
1785124019.1159282,-3.761481270462833,0.45692706201306205
1785124019.124134,-3.763354362344091,0.4562543967944534
1785124019.1274076,-3.7652872118528906,0.4555577989493659
1785124019.1313326,-3.767160711687794,0.45487954027586935
1785124019.1358056,-3.7690287933834714,0.4542019389001607
1785124019.141215,-3.7709294501237385,0.45351018882325767
1785124019.1488438,-3.772885167571422,0.45279538062410596
1785124019.1510675,-3.7748498052151604,0.45207535106607666
1785124019.156471,-3.7767784418167274,0.45136538655631203
1785124019.1609693,-3.7786701561639884,0.4506678791196204
1785124019.165492,-3.7805965597937847,0.44995577321900376
1785124019.170463,-3.7825122772121906,0.4492462803387881
1785124019.1757622,-3.784450693436411,0.4485262867271443
1785124019.1798651,-3.7864109779883304,0.44779507479859815
1785124019.185236,-3.7883402918045874,0.44707309859874217
1785124019.1913495,-3.7902911260241954,0.4463388216136285
1785124019.1954203,-3.7922814248186825,0.44558418433441643
1785124019.1999907,-3.7942071549083396,0.44485009509753665
1785124019.2064478,-3.7961568083592656,0.44410544743911234
1785124019.2107468,-3.798159913648148,0.4433367942141353
1785124019.216448,-3.8001055072566268,0.4425877682294853
1785124019.2250812,-3.8021153889495,0.44180980842700923
1785124019.2325854,-3.80417803019859,0.4410099953538159
1785124019.2345266,-3.8062094988400443,0.4402156862790871
1785124019.237286,-3.808244525336437,0.43941504315900165
1785124019.2456863,-3.810282027822765,0.4386084464159235
1785124019.248854,-3.8122664574088594,0.4378203538497503
1785124019.2506635,-3.8142074578673197,0.43704601194514
1785124019.256637,-3.8162364504464876,0.43623366011106496
1785124019.2608511,-3.8182958221717502,0.4354056490420366
1785124019.26611,-3.820372140924607,0.43456707554849694
1785124019.2718194,-3.8224265064851424,0.43373459007135334
1785124019.2769723,-3.824432086729263,0.43291924793264536
1785124019.2821555,-3.82642226908293,0.43210697375515783
1785124019.292825,-3.8284465263115486,0.43127590346232225
1785124019.2946277,-3.830487250223062,0.4304354038514269
1785124019.298196,-3.8325616980656596,0.42957343066663956
1785124019.3000991,-3.8345182723508398,0.42875722450593035
1785124019.3072865,-3.8364820251007097,0.42793433736719283
1785124019.310407,-3.8384979274524142,0.427082272960183
1785124019.3161848,-3.8404119268390224,0.42626749039166245
1785124019.3237486,-3.842300830358816,0.42546009862654927
1785124019.3258815,-3.844181711174884,0.424652699432482
1785124019.3311296,-3.8462074674575035,0.4237792456391789
1785124019.337968,-3.848164090657524,0.4229322646954197
1785124019.3412755,-3.850076953533492,0.42210230584604164
1785124019.3460393,-3.85205237875863,0.4212416309032707
1785124019.3505917,-3.85404220840754,0.42037260439918506
1785124019.3581252,-3.8560155452318963,0.41950918271426185
1785124019.3627284,-3.8579918891109646,0.41864211000107304
1785124019.3668327,-3.8599672735552533,0.41777270366902414
1785124019.371691,-3.8619196166978624,0.41691141984118013
1785124019.375891,-3.863858746606315,0.41605320533280815
1785124019.3834164,-3.8657829445672656,0.41519924607551423
1785124019.3916082,-3.867711265315209,0.41433959407878934
1785124019.3976088,-3.869637447150184,0.4134758005717526
1785124019.4015036,-3.871544581638019,0.4126192834753569
1785124019.4066956,-3.8734757256433205,0.4117505785194638
1785124019.410736,-3.8753674496264696,0.41089686909238005
1785124019.415518,-3.8773176969918097,0.41001454337891946
1785124019.42412,-3.87917243255933,0.40916947900735084
1785124019.4270592,-3.8810048100134056,0.40833249448310016
1785124019.431078,-3.88294097720334,0.4074432462105433
1785124019.436012,-3.8848039127772407,0.40658527813691575
1785124019.4423294,-3.886657145813858,0.4057272005389145
1785124019.4469411,-3.888589051944988,0.4048268064503369
1785124019.4499679,-3.8904640258491447,0.40395159548499476
1785124019.4576235,-3.8923757673557713,0.40305650621857786
1785124019.461234,-3.8942748599251686,0.402163692006322
1785124019.4660032,-3.896199795644963,0.40125544459556445
1785124019.4767442,-3.897998145952459,0.4004051456857581
1785124019.4795277,-3.899885050334827,0.3995090078979744
1785124019.4824843,-3.901606640007959,0.39868709986239664
1785124019.4893084,-3.903303183247121,0.3978722754019279
1785124019.499207,-3.9050339332218145,0.39703596896655036
1785124019.5009089,-3.9067484812434214,0.39620151142108273
1785124019.5070336,-3.908438727818422,0.39537418087135706
1785124019.5100696,-3.9100835530246716,0.39456553261460786
1785124019.5162096,-3.9117298886444507,0.3937513667804545
1785124019.5243042,-3.913348806719105,0.39294687797054073
1785124019.531047,-3.915043264469956,0.3921014275101535
1785124019.5346642,-3.9167251516697115,0.391258461246973
1785124019.5404553,-3.9184121089368995,0.39040666625323867
1785124019.54314,-3.9200619743804186,0.3895685654187357
1785124019.5459137,-3.9218061331052687,0.3886766015537823
1785124019.5527945,-3.923621333499972,0.38774330408076324
1785124019.5618212,-3.925354329589644,0.38684577464533215
1785124019.566749,-3.9271064722619875,0.38593270178998
1785124019.5765064,-3.9288344253270457,0.38502582266329244
1785124019.5778513,-3.930561651008752,0.38411384589849845
1785124019.5827818,-3.9322737150676432,0.38320555224693503
1785124019.5859652,-3.9340298417882162,0.38226771435849055
1785124019.5921047,-3.9357961038666702,0.381319694578722
1785124019.597618,-3.9375766529859266,0.3803600591391012
1785124019.604008,-3.9393041461946074,0.3794259385683539
1785124019.6088998,-3.9410012799181735,0.3785041069182366
1785124019.6114616,-3.942760775536227,0.37754533735889056
1785124019.6157513,-3.9445570960026397,0.3765629839553287
1785124019.6245296,-3.9463004434460456,0.375605680135289
1785124019.6278899,-3.9480113567469406,0.3746613429441256
1785124019.6311417,-3.9497095126110096,0.37371952938291547
1785124019.6392498,-3.9514010327595153,0.3727792081701443
1785124019.6429796,-3.953096360742553,0.37183541410218623
1785124019.645318,-3.954793220490673,0.37088700886982906
1785124019.6517622,-3.9564457047258017,0.3699620940904671
1785124019.659619,-3.9581183911067983,0.36902278341858546
1785124019.6617062,-3.959768963369254,0.3680941503702632
1785124019.6661355,-3.961456811161097,0.3671422124934587
1785124019.6727984,-3.9631074414079306,0.3662100594355864
1785124019.6774943,-3.9647307526219087,0.3652916669771525
1785124019.6808875,-3.9663673178289875,0.3643640400672809
1785124019.68619,-3.968032949245817,0.3634191198153911
1785124019.6932187,-3.9696989396868196,0.3624721149695894
1785124019.6958091,-3.971366520824076,0.3615235187729674
1785124019.7034585,-3.9730224853971805,0.3605811457018473
1785124019.709503,-3.974632909071998,0.3596629679224958
1785124019.7117767,-3.9763116885022143,0.3587052086926683
1785124019.717116,-3.977931502584154,0.35778173629915777
1785124019.7279193,-3.9796021291932124,0.35683041176012414
1785124019.7290936,-3.9812296054303737,0.35590435159040573
1785124019.7312224,-3.982835593742575,0.35499083272119214
1785124019.7382698,-3.9843801372976713,0.3541117543573026
1785124019.7409182,-3.9860958251708443,0.3531335116258623
1785124019.7476287,-3.9877888341144136,0.3521674730313178
1785124019.7505362,-3.989458534361212,0.3512144824786645
1785124019.7579954,-3.991109766368762,0.3502720663551144
1785124019.7605796,-3.992750372433789,0.34933382856523654
1785124019.7652435,-3.994400708399726,0.3483906505088942
1785124019.7708924,-3.995976133803428,0.3474914078204443
1785124019.776617,-3.99763063507466,0.34654766874828125
1785124019.7808783,-3.999326601473975,0.3455808292497995
1785124019.7858515,-4.000968774971681,0.34464421226816644
1785124019.7911708,-4.002604226471763,0.34371121443811975
1785124019.795003,-4.00421905878213,0.3427919836685445
1785124019.8038282,-4.005898975454719,0.34183544662051923
1785124019.8078358,-4.007571642820666,0.3408842114199915
1785124019.8112016,-4.009228249740794,0.3399429852428148
1785124019.8155146,-4.010881755048062,0.3390039102021774
1785124019.8212788,-4.012512945539977,0.33807644377250606
1785124019.8264537,-4.014151384166394,0.33714733069403396
1785124019.831496,-4.015837943428911,0.3361931957904214
1785124019.838502,-4.017505013848901,0.33525210258251104
1785124019.8410208,-4.019213324269515,0.33429061745342237
1785124019.8462322,-4.020955362683765,0.3333116120116785
1785124019.8508627,-4.02264002500876,0.3323669169655679
1785124019.856758,-4.024323827149805,0.3314215001238647
1785124019.8608093,-4.026023659211221,0.33046951940585456
1785124019.866936,-4.027688398166611,0.329539781016928
1785124019.870899,-4.029425466640787,0.3285700984433715
1785124019.8752642,-4.031112813021083,0.32762943142712003
1785124019.88118,-4.0327180097132445,0.3267364139966195
1785124019.8876252,-4.034318196761176,0.3258460258738819
1785124019.8911822,-4.03590600220779,0.32496137719021195
1785124019.89556,-4.03747905655814,0.3240875871700114
1785124019.9026656,-4.039084035945009,0.3231970206829423
1785124019.9072373,-4.040689482798352,0.3223058536262274
1785124019.9102244,-4.0422471808499925,0.32144017217521026
1785124019.9157255,-4.043826731010669,0.320562299046482
1785124019.921278,-4.045365613750328,0.31970749645690894
1785124019.9259176,-4.04692397945774,0.31884370375479865
1785124019.9299114,-4.048585800066399,0.317923122460814
1785124019.9382074,-4.050248079976472,0.31700205353308225
1785124019.9418042,-4.051953709144708,0.31605783978032237
1785124019.9453917,-4.053730028333934,0.3150759023001213
1785124019.950192,-4.0554931103562035,0.31410173166279054
1785124019.9571161,-4.057214098548703,0.31315059217649555
1785124019.9598293,-4.058944909001765,0.3121928274094722
1785124019.9650242,-4.060648726413616,0.311251387026806
1785124019.9709144,-4.062442482779402,0.3102594717742778
1785124019.9760466,-4.0642108195242965,0.30928299061119213
1785124019.9802377,-4.065997486352262,0.3082951102859696
1785124019.9858954,-4.067723963951079,0.30733811569766095
1785124019.9912093,-4.069422228486643,0.306394938369855
1785124019.9950948,-4.071166105004174,0.30542550413106734
1785124020.001905,-4.072839972458219,0.304493718220162
1785124020.0059934,-4.074574417832438,0.3035285631875872
1785124020.0109487,-4.076304351833719,0.3025638300787661
1785124020.0152597,-4.078008957585405,0.3016112442406279
1785124020.0224674,-4.079808060347922,0.3006048046563513
1785124020.0256293,-4.0816268848822626,0.2995857876237868
1785124020.0308514,-4.083326059196024,0.29863230228582505
1785124020.0366855,-4.085027210557969,0.29767526712473374
1785124020.042012,-4.0868018148499,0.29667615305064077
1785124020.0455203,-4.088543008498053,0.295693054225756
1785124020.0502965,-4.090318094768359,0.2946900767802698
1785124020.0564725,-4.092131454019171,0.29366375498125125
1785124020.0601914,-4.093958556910477,0.29262762074292464
1785124020.0651016,-4.095711155448049,0.291632302444413
1785124020.0724351,-4.097524542391979,0.2906006115277943
1785124020.0757124,-4.099220776644436,0.2896323314153151
1785124020.082873,-4.1009678166890255,0.28863153222308835
1785124020.0871432,-4.102687326119722,0.28764337319820715
1785124020.091096,-4.104442958506093,0.28663188644443793
1785124020.0966742,-4.1062085905196835,0.28560966213246397
1785124020.1047482,-4.107982477668731,0.2845788994858769
1785124020.1070414,-4.10978096135827,0.28352859568440514
1785124020.1103356,-4.111593984747535,0.2824653905076827
1785124020.115595,-4.113330986711688,0.28144294273422943
1785124020.1229167,-4.1151248845659705,0.28038183918310533
1785124020.1270063,-4.116848330559289,0.27935714878741014
1785124020.1311758,-4.118616366968286,0.2783007668419005
1785124020.135737,-4.120400312828614,0.2772305167628557
1785124020.1416607,-4.122108116302486,0.2761996678752412
1785124020.1454666,-4.12381812516805,0.275162509728294
1785124020.1517777,-4.125563483114016,0.27409846236370194
1785124020.1584072,-4.127327607247913,0.2730189854073912
1785124020.160974,-4.129072937603376,0.271947850464851
1785124020.167683,-4.13080280363567,0.27088171370689945
1785124020.1736119,-4.13258307096179,0.2697804842564764
1785124020.176109,-4.134333970127743,0.2686912409055789
1785124020.180452,-4.136083554865946,0.26759709909484214
1785124020.186051,-4.137798069789926,0.2665188595780905
1785124020.192101,-4.139560374344384,0.2654052534875923
1785124020.1956522,-4.141300969549801,0.2643010783999319
1785124020.2072642,-4.142995013805032,0.26322329264616
1785124020.2092273,-4.144718369459306,0.2621234242473063
1785124020.2103536,-4.146366463791253,0.26106812759765036
1785124020.2150617,-4.148028655152681,0.25999881397967756
1785124020.2224615,-4.14980043311426,0.25885319989429023
1785124020.2258937,-4.151485159074725,0.25775945112798976
1785124020.2301884,-4.153172032926296,0.2566616080514103
1785124020.2392874,-4.1548445830125225,0.2555689171077705
1785124020.249273,-4.15657381086955,0.254435506602394
1785124020.2502031,-4.158282334689492,0.2533112558295246
1785124020.2506886,-4.159966349720252,0.25220101466410955
1785124020.2570896,-4.161726003606366,0.2510373958905367
1785124020.2607188,-4.163505182434984,0.24985787618310915
1785124020.2659452,-4.1651573433371345,0.24876094659425793
1785124020.2726116,-4.166825437409522,0.24765299110565148
1785124020.278246,-4.168516282326993,0.246524995920427
1785124020.2813294,-4.170237778635245,0.24537381421998072
1785124020.2880378,-4.171915987012459,0.24424961354115257
1785124020.2955294,-4.173580403472739,0.24313340711489725
1785124020.2978935,-4.175288148626873,0.24198881758257715
1785124020.3048387,-4.1769669296244265,0.24086147268903327
1785124020.3094602,-4.178629915731991,0.23974328077056287
1785124020.3127255,-4.180333552834801,0.2385977262261803
1785124020.3178082,-4.182010165043857,0.23747248946020041
1785124020.3241496,-4.183739841784682,0.23630766966533828
1785124020.3252635,-4.185383129463472,0.2352009346974219
1785124020.332089,-4.187070732287846,0.23406551123324526
1785124020.3388379,-4.188745569069377,0.23293670161088958
1785124020.3423688,-4.19040868731366,0.23181448058850926
1785124020.345156,-4.192049605430454,0.2307070274898914
1785124020.3499253,-4.193719251348721,0.22957979916060364
1785124020.3571053,-4.195381805780373,0.22845545914728901
1785124020.361453,-4.197048207645128,0.22732713097654594
1785124020.3658543,-4.198696351518721,0.22621080238794813
1785124020.3720906,-4.20040724986127,0.2250522938925869
1785124020.3768523,-4.202064761580384,0.22392978380874629
1785124020.3798106,-4.203732573955108,0.22279916615702464
1785124020.386678,-4.205411146154774,0.22166183450061872
1785124020.3912838,-4.207056147904617,0.22054830024210298
1785124020.3964758,-4.208710632841208,0.2194288687563269
1785124020.402373,-4.210369447766192,0.21830792134850271
1785124020.406595,-4.212040146594508,0.21718017261908043
1785124020.4109604,-4.2136578152036686,0.21608847144395024
1785124020.4172015,-4.215321210862864,0.21496592291411207
1785124020.4218693,-4.216920987090954,0.21388869686887535
1785124020.4279802,-4.218589642764721,0.21276610752714414
1785124020.4307163,-4.2202873575263,0.21162362599668547
1785124020.4385822,-4.2219307501693635,0.21051839844516393
1785124020.4431849,-4.223619636038069,0.20938221032226925
1785124020.446146,-4.2252940796727225,0.20825878295284725
1785124020.450724,-4.226948132825388,0.2071483414839669
1785124020.456639,-4.22855526744863,0.20606839287290224
1785124020.4604104,-4.230194452582953,0.2049671974174314
1785124020.4652371,-4.231853554138528,0.2038535330971221
1785124020.4707303,-4.233519986528556,0.20273494284229066
1785124020.4755802,-4.235209880651581,0.2016010633249747
1785124020.4800816,-4.23680565058498,0.2005301805987622
1785124020.4860857,-4.238486332047828,0.19940062198151803
1785124020.4909823,-4.240122821815904,0.19829987079610314
1785124020.4955359,-4.241819904279707,0.1971578510241078
1785124020.5009894,-4.243453321257378,0.1960570212946405
1785124020.5069182,-4.245126254605669,0.19492881688949776
1785124020.5106509,-4.246771851411372,0.19381909412462076
1785124020.517326,-4.24848675281993,0.19266175869398333
1785124020.522041,-4.2501273419824575,0.191552434505496
1785124020.5280292,-4.251809986865281,0.19041242526694838
1785124020.5313056,-4.253467423585554,0.18928634466418817
1785124020.5354772,-4.255075277333712,0.18819354273299532
1785124020.5404818,-4.256718303656351,0.18707463767530488
1785124020.5458236,-4.25830594425458,0.18599160777946389
1785124020.550073,-4.259900237391326,0.18490142598727358
1785124020.5564046,-4.261486043838413,0.18381406257788552
1785124020.5601351,-4.263116731703666,0.1826940008666065
1785124020.5659554,-4.264709317136747,0.18159889404962992
1785124020.574154,-4.266332667918438,0.18048123279127104
1785124020.577776,-4.268014086519986,0.17932192622864362
1785124020.581161,-4.269661195947915,0.17818655628415273
1785124020.5855227,-4.271324574364575,0.1770369553558122
1785124020.5914626,-4.272914300360495,0.17593453970485146
1785124020.5956879,-4.2745825059537506,0.17477522520387326
1785124020.6033077,-4.276199875178207,0.17364997882960845
1785124020.6108105,-4.277847005722929,0.17250066647465565
1785124020.611446,-4.279429907302379,0.17139578133654487
1785124020.618775,-4.28105753617149,0.17025883166165717
1785124020.625155,-4.282676494100353,0.16912611053747123
1785124020.6267517,-4.2843294652990975,0.1679682485429012
1785124020.6307607,-4.285953583117609,0.16683130009453304
1785124020.6355624,-4.287600842669425,0.16567626473682376
1785124020.640669,-4.289177306390251,0.16456871460719
1785124020.6455116,-4.290836998023972,0.16339965863176256
1785124020.650684,-4.292425288497579,0.1622793872496802
1785124020.6569455,-4.294035936122871,0.16114195174465554
1785124020.6612012,-4.295620798604102,0.16002083218502908
1785124020.665846,-4.297281960011349,0.15884472520491386
1785124020.6716602,-4.298877076230689,0.1577129423605351
1785124020.67607,-4.300474370295115,0.15657888895504013
1785124020.6809924,-4.30205708725785,0.1554538363808053
1785124020.6872098,-4.30367464589152,0.15430258180152204
1785124020.6916833,-4.305237119567746,0.15318883178327114
1785124020.696132,-4.3068399315622425,0.15204365157289673
1785124020.703038,-4.308411839905611,0.15091728023621245
1785124020.708139,-4.310048220914735,0.14974499675605477
1785124020.710182,-4.311680641760246,0.14857184984827854
1785124020.7155929,-4.313251798096109,0.14743864059124193
1785124020.7205684,-4.314824728853141,0.14630109504553737
1785124020.7253187,-4.316372446079634,0.14517906820058055
1785124020.7297876,-4.31798431836545,0.1440089673440042
1785124020.7350352,-4.31956152928035,0.1428608249173719
1785124020.740864,-4.321184851220645,0.1416769565201106
1785124020.7463346,-4.322809797033826,0.14049140670356225
1785124020.7548091,-4.324394363028476,0.1393340589933507
1785124020.7574422,-4.3259754861109165,0.13817777134522463
1785124020.759854,-4.327514026901412,0.13705231306687737
1785124020.765475,-4.329164025296872,0.13584409041844847
1785124020.7707272,-4.3307385131394085,0.13468795955864596
1785124020.7757714,-4.332402221309995,0.13346571611919203
1785124020.7807274,-4.333984176223407,0.13230275346269174
1785124020.7850065,-4.335646029783666,0.13108027835892977
1785124020.7915795,-4.3372052185398156,0.12993150378405066
1785124020.7949266,-4.338805573894853,0.1287515952636719
1785124020.8006246,-4.340416128262182,0.12756079815129506
1785124020.8063865,-4.342005628423873,0.12638407245536187
1785124020.8106065,-4.343634391005381,0.12517710912679156
1785124020.815181,-4.345184838729268,0.12402801740707199
1785124020.8238719,-4.346772292125931,0.12285007189190367
1785124020.8265305,-4.348401015453281,0.12164094880347726
1785124020.830314,-4.350037799218038,0.12042630164022691
1785124020.8355904,-4.351595649368768,0.1192690921410227
1785124020.8436763,-4.353159600610902,0.11810738336191837
1785124020.8455782,-4.354770781731824,0.11690963860555341
1785124020.8511846,-4.356385747987395,0.11570747052012326
1785124020.8575943,-4.35802511342387,0.11448668404037853
1785124020.8621988,-4.359560452851858,0.11334471262659558
1785124020.8669963,-4.361123499023412,0.11217895278869551
1785124020.8735402,-4.362732515531286,0.110976307198369
1785124020.8767023,-4.3643907022614,0.10973367190085075
1785124020.880612,-4.3660027620848405,0.10852493174502276
1785124020.8862307,-4.367594137788833,0.10733157609626874
1785124020.8910806,-4.369167288484933,0.10614951533112614
1785124020.8959374,-4.370822068672209,0.10490590018158634
1785124020.9076612,-4.372405270355557,0.10371535950652408
1785124020.910678,-4.373960369386666,0.10254599702478796
1785124020.917408,-4.375519560687413,0.10137469085799561
1785124020.9225063,-4.377086915214288,0.10019450482475033
1785124020.9271953,-4.378721568588677,0.0989638599692138
1785124020.9301078,-4.380351405290702,0.09773660617308794
1785124020.9354417,-4.381993352547886,0.09650093708003883
1785124020.9408157,-4.383562321959217,0.09531989611881145
1785124020.9457984,-4.385233343929238,0.09406179975826492
1785124020.9504337,-4.386811809711949,0.09287242729041516
1785124020.9572165,-4.38846449068637,0.09162583597314464
1785124020.9610937,-4.390007567568842,0.09046058505280313
1785124020.966039,-4.391604500295182,0.08925197652453151
1785124020.9726813,-4.393235653094777,0.08801499039659408
1785124020.977666,-4.394811217367234,0.08682140556060307
1785124020.9805105,-4.396387033717013,0.08562895561179773
1785124020.986714,-4.397976676049716,0.08442670775561073
1785124020.990745,-4.399552895451811,0.08323226136928703
1785124020.9964445,-4.401111482502602,0.08205006348802608
1785124021.0015056,-4.402676072380397,0.08086192411976181
1785124021.0112,-4.404293342193339,0.07963353761098052
1785124021.0134962,-4.405886047252567,0.07842275228264228
1785124021.016834,-4.407445925571355,0.07723590670891244
1785124021.0246413,-4.409008601782761,0.07604331188745005
1785124021.0262148,-4.4106491342107255,0.07478970499821454
1785124021.0317068,-4.412255296824601,0.07356113634518947
1785124021.0353963,-4.413835258203136,0.07235264637473467
1785124021.0410702,-4.415404946384813,0.07115187345757228
1785124021.046366,-4.416959535586946,0.06996234776021142
1785124021.0505784,-4.418521835284072,0.06876769507675529
1785124021.0574405,-4.4201147291955225,0.06754901414312679
1785124021.0616715,-4.421704123636274,0.06633071833724324
1785124021.0663273,-4.42326720484435,0.06513412092516123
1785124021.0717082,-4.424807044800245,0.0639558916671287
1785124021.0771046,-4.426420135805889,0.06272038165324975
1785124021.0808792,-4.4279581826408405,0.061540910110407535
1785124021.0870812,-4.429494721082434,0.06036273151183494
1785124021.093125,-4.431083641613959,0.059143139507345115
1785124021.097091,-4.432693838554777,0.05790661260431732
1785124021.1003146,-4.434308840482429,0.05666517738242215
1785124021.1099737,-4.435975631283755,0.05538061345552109
1785124021.1118464,-4.437592179228763,0.05413312208009605
1785124021.1168406,-4.43918838358421,0.052900873447834854
1785124021.1238594,-4.4407908176671125,0.051663779840965374
1785124021.12709,-4.442380058292024,0.05043512364343061
1785124021.1312883,-4.443997995072031,0.04918495671646508
1785124021.1355975,-4.4455373957249495,0.047994311346887815
1785124021.1412067,-4.447114933914074,0.04677477566913846
1785124021.1457043,-4.448694121797949,0.04555244318726637
1785124021.1518292,-4.4502810786092954,0.04432367919391738
1785124021.158576,-4.451862193290517,0.04309831705095147
1785124021.1686192,-4.453413985574421,0.04189717860657517
1785124021.1710103,-4.454952146679061,0.04070729332949062
1785124021.1732254,-4.456534504765062,0.03948468192202142
1785124021.175786,-4.458125344186038,0.038256167485972686
1785124021.180855,-4.459655174836938,0.037075657243889976
1785124021.1865375,-4.461104121860342,0.03595820242617649
1785124021.190892,-4.462588205237811,0.03481294517828949
1785124021.195938,-4.464052131924304,0.03368476289405182
1785124021.2006228,-4.465510665136504,0.03256218801128878
1785124021.2124856,-4.466944785776624,0.031458386507805546
1785124021.2155664,-4.468309905079645,0.030408562423734402
1785124021.2210536,-4.469788938391499,0.02926964609334838
1785124021.2262733,-4.471229755073219,0.0281605087583998
1785124021.2311532,-4.472753688507315,0.02698497296291323
1785124021.2354946,-4.47431231075262,0.025781406145019725
1785124021.2406452,-4.475837867370267,0.024602940091860145
1785124021.245048,-4.477372596958819,0.023417566461471473
1785124021.2500153,-4.478909524929982,0.022229542827327198
1785124021.258539,-4.480419705550865,0.02106224515423156
1785124021.261041,-4.482002553431599,0.019838645108654126
1785124021.2667758,-4.483600407529367,0.01860250219232004
1785124021.2752624,-4.485156440366458,0.01740066543559509
1785124021.2779317,-4.486787380911206,0.016140668635525626
1785124021.281421,-4.488296019682369,0.014976652587554939
1785124021.2897482,-4.48989370190396,0.013743818428625947
1785124021.291276,-4.491491220005836,0.012510636109581452
1785124021.2953374,-4.493081564299401,0.011283353386933639
1785124021.3014772,-4.494590708775124,0.010119095232240255
1785124021.3070817,-4.496145351211522,0.008918990462941485
1785124021.3223314,-4.497803887444676,0.007637185033880177
1785124021.3258498,-4.499410649241079,0.00639642429280556
1785124021.3310797,-4.5009967810277605,0.005173593117344456
1785124021.338204,-4.502558563941803,0.0039683934400165845
1785124021.3416052,-4.504045860362532,0.002818969786204461
1785124021.3462453,-4.505588908585011,0.001625001024530604
1785124021.3511703,-4.507174848982196,0.0003980075451178967
1785124021.358267,-4.508724714656869,-0.0008025504767540104
1785124021.3612752,-4.510297524298381,-0.0020196210395712205
1785124021.3676682,-4.511907648036379,-0.0032654059032025083
1785124021.3738675,-4.513468703345035,-0.004473050615751753
1785124021.3763947,-4.515094827539411,-0.005733720649405946
1785124021.3812742,-4.516647166266933,-0.006939911553811468
1785124021.3875377,-4.518228698188241,-0.008167664357099617
1785124021.3916411,-4.519805110947297,-0.009392236804442908
1785124021.3961816,-4.521405745118263,-0.010635993659368525
1785124021.4013515,-4.522980477735337,-0.011859489650869866
1785124021.4075205,-4.524569238557082,-0.013094242897651239
1785124021.4114974,-4.526125619617029,-0.014304870762298439
1785124021.4158795,-4.527661518189303,-0.015500655747755393
1785124021.430405,-4.529279347006224,-0.01675858340112261
1785124021.4341545,-4.530850588704062,-0.017979749404694653
1785124021.4367607,-4.532377283999641,-0.01916777952138546
1785124021.4407973,-4.53389478008373,-0.020347974471130036
1785124021.4457438,-4.535512432773394,-0.021605375592441658
1785124021.4500484,-4.537101927729353,-0.02283859992647002
1785124021.4576612,-4.538699450368605,-0.0240762225203476
1785124021.4614408,-4.5402605213315566,-0.025284932035023428
1785124021.4663746,-4.541820835355808,-0.02649217983759866
1785124021.4722352,-4.543323030045355,-0.027652500569504374
1785124021.4758468,-4.544909783660798,-0.028879049099199552
1785124021.4809895,-4.54650496705734,-0.030116138594338628
1785124021.4860651,-4.548054737795926,-0.031318151766528746
1785124021.4935772,-4.549642641100184,-0.03254975369909345
1785124021.496231,-4.551184785161896,-0.033747467261469155
1785124021.500536,-4.552727338546684,-0.03494669659547764
1785124021.508873,-4.554284305886795,-0.036159705673886565
1785124021.511318,-4.555884747831049,-0.03740826450166067
1785124021.5159264,-4.557450152614343,-0.038631871768610465
1785124021.5239315,-4.558945046607283,-0.03980114289436773
1785124021.534909,-4.560473756057115,-0.040995816129292297
1785124021.5400832,-4.562083844334327,-0.04225337522932394
1785124021.5432556,-4.563667578496249,-0.043491461964224376
1785124021.5466456,-4.565243175217236,-0.04472481936582593
1785124021.5503018,-4.5667950383668074,-0.045938830360965674
1785124021.5576816,-4.56836475223482,-0.047166213282833096
1785124021.5606759,-4.569972591148453,-0.04842231942000529
1785124021.566096,-4.571554136096385,-0.04965726362313093
1785124021.573201,-4.573122401953677,-0.05088049266205249
1785124021.576768,-4.574681088029432,-0.05209639165020613
1785124021.5801613,-4.576278349282004,-0.05334411803287588
1785124021.5876503,-4.577834162412902,-0.054559096697386573
1785124021.5917754,-4.579397474839885,-0.05578111525442282
1785124021.5956266,-4.580991748702653,-0.05702751767671509
1785124021.6008015,-4.582584400835141,-0.05827222391163256
1785124021.6076844,-4.584165539617487,-0.059507027684805265
1785124021.6109192,-4.5857196913916525,-0.06071977698225034
1785124021.6173396,-4.587275299632476,-0.061935188803430255
1785124021.622952,-4.588843206191207,-0.06316104030803392
1785124021.6271281,-4.590374231046955,-0.06435778858110618
1785124021.639483,-4.591930920374505,-0.06557737818377014
1785124021.6417532,-4.593516487177369,-0.06682061818240932
1785124021.645698,-4.595091080318649,-0.06805824512835545
1785124021.6517825,-4.596636446809586,-0.0692724852687363
1785124021.6565988,-4.598248742655658,-0.07053944332120568
1785124021.6623552,-4.59981385234356,-0.07176818145792556
1785124021.665958,-4.60141592598234,-0.07302782779531329
1785124021.6725752,-4.60298307291412,-0.07425968238091539
1785124021.6761885,-4.60451583663155,-0.07546414688637512
1785124021.6809916,-4.6061358697426,-0.0767370330903953
1785124021.6860158,-4.607669359354699,-0.07794380169820268
1785124021.6918266,-4.609225180271054,-0.0791689263143829
1785124021.6954288,-4.610804368990019,-0.08041339390786355
1785124021.700376,-4.612450282935964,-0.08171153459376862
1785124021.7081504,-4.61406940295317,-0.08298915976009988
1785124021.7118096,-4.615615790201459,-0.08421150230975526
1785124021.7165205,-4.617192656709125,-0.08545820514315214
1785124021.7251534,-4.618758026679838,-0.08669578595026534
1785124021.729357,-4.620355683979656,-0.08796003973439236
1785124021.7322469,-4.6219213728921495,-0.08919731149351563
1785124021.744748,-4.623480892640001,-0.0904318358798536
1785124021.747216,-4.625083591141306,-0.09170027861651163
1785124021.7502437,-4.626720393824462,-0.09299492814758858
1785124021.756848,-4.628218649376713,-0.09418084054516379
1785124021.7603457,-4.6298142022884194,-0.0954451492372644
1785124021.7668228,-4.631402862095309,-0.09670500780505435
1785124021.7746625,-4.632943862133902,-0.09792709270842301
1785124021.7767572,-4.634480450413496,-0.09914792146146911
1785124021.7813623,-4.6360509725697625,-0.10039543932746704
1785124021.7876287,-4.637609893131363,-0.10163432222310566
1785124021.7927024,-4.6390900613413955,-0.1028101439483742
1785124021.7957864,-4.640633704246849,-0.10403836843063245
1785124021.8007445,-4.642130292745224,-0.10523218476341378
1785124021.8070183,-4.64371294137843,-0.10649701335559338
1785124021.8112838,-4.645305989385281,-0.10777090576052217
1785124021.8163967,-4.64689608086069,-0.10904330357180826
1785124021.8237913,-4.648403532350309,-0.11024858373586129
1785124021.8270295,-4.649978936338388,-0.11150916434437405
1785124021.8313975,-4.651545217904241,-0.11276127677651628
1785124021.835673,-4.653112409017552,-0.11401426721899048
1785124021.8435931,-4.6546776991157675,-0.11526711965506094
1785124021.8465836,-4.65623821315987,-0.11651794803078132
1785124021.8503942,-4.657772348916314,-0.11774943277826545
1785124021.8574922,-4.659337373159968,-0.11900395209420937
1785124021.8610282,-4.660926743739844,-0.12028036180260657
1785124021.8657925,-4.662567282920663,-0.12160241872273828
1785124021.8708045,-4.664182089892941,-0.12290614141038743
1785124021.8770154,-4.665679707953854,-0.12411556719899164
1785124021.881008,-4.66722612921028,-0.12536342618473642
1785124021.8864124,-4.668756652150807,-0.12660190218439699
1785124021.890414,-4.670333444338368,-0.12787858179556172
1785124021.8962486,-4.671919958076931,-0.12916455726106676
1785124021.9006643,-4.673475631680977,-0.13042633038692641
1785124021.9081109,-4.675053118231344,-0.13170540305285416
1785124021.9114168,-4.67662584335522,-0.13297846874044114
1785124021.9162102,-4.678230362989927,-0.13427805320032035
1785124021.9223857,-4.679776698198351,-0.13553020695336832
1785124021.9256904,-4.681357250675,-0.13680872419363743
1785124021.9303205,-4.682974592270845,-0.13811880719264752
1785124021.9368477,-4.684531206759487,-0.13937905603917652
1785124021.945745,-4.6860620929302925,-0.14061710889993195
1785124021.9507425,-4.6876008132850675,-0.14186008471809358
1785124021.952138,-4.689197275652189,-0.143149663492721
1785124021.956778,-4.6907356378796425,-0.14439311733028465
1785124021.9597437,-4.6923359581202275,-0.145685673343066
1785124021.9656641,-4.6938927980499034,-0.1469420738808319
1785124021.9706604,-4.695443583112848,-0.14819415113691606
1785124021.975524,-4.697023607189641,-0.14946841868877636
1785124021.9799573,-4.698576911656722,-0.15072254226217527
1785124021.9854922,-4.700158937328955,-0.1519988070492381
1785124021.9912052,-4.7016825019589685,-0.15322713872536384
1785124021.9961312,-4.703237512578298,-0.15448070522515364
1785124022.0002525,-4.704767089843867,-0.15571318762692585
1785124022.0071712,-4.706280008883774,-0.15693094746083733
1785124022.0108314,-4.707851755936337,-0.15819791625253776
1785124022.0167296,-4.70939879575271,-0.15944422569160058
1785124022.0246751,-4.71100082391448,-0.16073597808672507
1785124022.0292351,-4.712540351896428,-0.16197566399449076
1785124022.0324047,-4.714103254412153,-0.16323442100691915
1785124022.0377073,-4.7156156701865015,-0.16445336044355854
1785124022.0474088,-4.717176009084388,-0.16570968529188806
1785124022.050868,-4.718713349701366,-0.16694772383114967
1785124022.0568135,-4.72027675890872,-0.1682065282198587
1785124022.0608468,-4.721807587614123,-0.16944116014099547
1785124022.0678937,-4.723355007721478,-0.17068668982009677
1785124022.0728433,-4.724926422057931,-0.17195201085079884
1785124022.0764835,-4.726523648532893,-0.17323456938321416
1785124022.0808063,-4.728090313912369,-0.1744918236127075
1785124022.085062,-4.729639249798543,-0.17573442010439144
1785124022.091179,-4.731252148186921,-0.17703048489433107
1785124022.0964754,-4.732787039562439,-0.17826422329296926
1785124022.1009235,-4.73432489243797,-0.17950140369609557
1785124022.1074905,-4.73587745425462,-0.18075023847532307
1785124022.1115603,-4.737399166497568,-0.1819755290843619
1785124022.1166058,-4.738975683901783,-0.18324773630704144
1785124022.122238,-4.7405563354969065,-0.1845222415846557
1785124022.1264846,-4.742105282489206,-0.18577287655317265
1785124022.1311686,-4.7436458662013,-0.18701918350163435
1785124022.1369,-4.745204992326671,-0.1882820028343238
1785124022.1411676,-4.746726561592731,-0.18951596604857437
1785124022.1496587,-4.748281436587731,-0.19077873869945658
1785124022.151675,-4.749850536037683,-0.19205584431183825
1785124022.15692,-4.751392826489283,-0.1933115968696138
1785124022.1607602,-4.752966406398682,-0.194594108017677
1785124022.1652708,-4.754538632519092,-0.19587881309986568
1785124022.172379,-4.756088955656747,-0.1971461204739401
1785124022.176159,-4.757630289371384,-0.19840864878868705
1785124022.1804755,-4.759182106719568,-0.19968005331991398
1785124022.1857362,-4.760698293298038,-0.2009248029010945
1785124022.1916387,-4.76226309529445,-0.20221044729448598
1785124022.1955547,-4.763778669456656,-0.2034556746594068
1785124022.2006068,-4.765345452568611,-0.2047447289501521
1785124022.2072124,-4.766920367635219,-0.20604114945983182
1785124022.210769,-4.7684416141029775,-0.20729531289453237
1785124022.2177508,-4.770008357909445,-0.20858975957653933
1785124022.223509,-4.771514851502976,-0.20983674203350963
1785124022.2271345,-4.773030136221871,-0.21109177799442946
1785124022.233348,-4.774566335919206,-0.21236599097938297
1785124022.2359972,-4.776092193205921,-0.21363072031490463
1785124022.2412617,-4.777634474183751,-0.21490998651552387
1785124022.2495208,-4.779167780499474,-0.21618482820284526
1785124022.25216,-4.780716050180216,-0.21747425185301278
1785124022.256815,-4.782227926931897,-0.21873529914355486
1785124022.259822,-4.783808191069278,-0.22005063357724397
1785124022.266117,-4.785405966989656,-0.2213807626769631
1785124022.2738621,-4.786973435587074,-0.22268665056245548
1785124022.2754936,-4.788479346005635,-0.22394128056665913
1785124022.280742,-4.790017052322761,-0.22522052618070745
1785124022.2862012,-4.791555969086165,-0.22650212140933404
1785124022.291164,-4.793080456777036,-0.2277725162516369
1785124022.296239,-4.794613418738785,-0.22904899726770359
1785124022.3014364,-4.796088310375345,-0.23027665031713215
1785124022.3069892,-4.797656022985046,-0.23158426874218857
1785124022.3103218,-4.799213368456933,-0.23288189278609372
1785124022.3172565,-4.800741494026418,-0.2341540264124255
1785124022.3229213,-4.8022619208035255,-0.23541938184988248
1785124022.3271616,-4.803798055139495,-0.23669830613118115
1785124022.3315625,-4.805328655513354,-0.23797257008316536
1785124022.336103,-4.806829652890242,-0.23922039458423547
1785124022.341703,-4.80838494293957,-0.2405123480351796
1785124022.350879,-4.809941327657215,-0.2418048751971477
1785124022.3530712,-4.811469819469691,-0.24307147373675267
1785124022.3577085,-4.812991856048785,-0.2443328907448043
1785124022.3612342,-4.814509879330729,-0.24559049425980506
1785124022.3653054,-4.816045108683255,-0.2468601241402995
1785124022.3714027,-4.817535434134709,-0.24809272200463112
1785124022.3766942,-4.819088085619488,-0.24937637851355515
1785124022.3810036,-4.820666018817823,-0.250677888046846
1785124022.3856037,-4.822197107258265,-0.2519408391939219
1785124022.3910027,-4.8237140913006185,-0.2531909580709945
1785124022.3955433,-4.825266016728938,-0.25447045090157216
1785124022.4009678,-4.826861050894921,-0.25578376139770836
1785124022.4095592,-4.828387414703844,-0.2570422011362818
1785124022.4122136,-4.829962564635361,-0.2583419465087297
1785124022.415936,-4.831495584397938,-0.2596031450848914
1785124022.4269679,-4.833038439221388,-0.26087228677190033
1785124022.428826,-4.834593922027886,-0.2621523791724315
1785124022.4307866,-4.836096862036143,-0.2633902835643007
1785124022.436157,-4.837605614093634,-0.26463393089341086
1785124022.4416618,-4.839173763226569,-0.26592581994905207
1785124022.448908,-4.840765686070937,-0.26723692827373624
1785124022.4518185,-4.8423378649328095,-0.2685313170210065
1785124022.4558303,-4.8439054334449025,-0.2698243408820254
1785124022.4604723,-4.845430068900206,-0.2710810187222966
1785124022.4661803,-4.84697760661936,-0.2723578198483087
1785124022.4712949,-4.848526484039987,-0.27363659438021337
1785124022.4770572,-4.850066158785727,-0.2749076496036094
1785124022.4806633,-4.851597872036433,-0.2761729245966309
1785124022.4860444,-4.853156066737254,-0.2774604187322131
1785124022.490247,-4.854659567397891,-0.27870330260196696
1785124022.4951646,-4.856199488357524,-0.2799779306285074
1785124022.501449,-4.857745626064493,-0.28126025540042515
1785124022.5076735,-4.859266848846532,-0.28252228071877605
1785124022.51099,-4.860839119246068,-0.28383014184566535
1785124022.5166364,-4.862402567893074,-0.2851310245178837
1785124022.5236037,-4.863907433682532,-0.28638438642542635
1785124022.5269191,-4.865475483187625,-0.28769152198635617
1785124022.530262,-4.8670074846684654,-0.2889724070546847
1785124022.535556,-4.86859052547164,-0.2902970698252654
1785124022.5408058,-4.870106062157136,-0.29156854124195386
1785124022.5497065,-4.871612995174569,-0.2928359754589982
1785124022.5529857,-4.873135908970839,-0.2941169479881431
1785124022.5564709,-4.874712301461685,-0.29544323632441205
1785124022.5608592,-4.876212425530498,-0.2967065376252337
1785124022.5649037,-4.877741521239148,-0.29799723790553684
1785124022.5708702,-4.879276035721973,-0.2992921050232641
1785124022.5760944,-4.880834639651361,-0.30060845276936704
1785124022.5799165,-4.882374392733076,-0.3019091609217758
1785124022.5907564,-4.88387830742196,-0.30317932844806894
1785124022.5954044,-4.885430134956224,-0.3044889070164012
1785124022.5991392,-4.886990015009864,-0.3058051701299695
1785124022.6020815,-4.888492190542267,-0.3070723005301695
1785124022.6088307,-4.890000464774931,-0.3083459623461802
1785124022.6121078,-4.891520538939338,-0.3096296232910817
1785124022.615768,-4.893045196879384,-0.3109164679345811
1785124022.6261318,-4.894563380659624,-0.312199291173703
1785124022.6268919,-4.896064383403005,-0.31347035772665466
1785124022.631676,-4.897553296229357,-0.31473198796914387
1785124022.6355069,-4.898949912510213,-0.31591452430898265
1785124022.6413283,-4.9003610948715455,-0.317109670172155
1785124022.646464,-4.901785773130584,-0.3183178279894091
1785124022.6511137,-4.903210804600825,-0.31952844665608826
1785124022.6571903,-4.904570730170643,-0.32068288400922107
1785124022.660669,-4.905957217692239,-0.32186114637442487
1785124022.6663682,-4.907316172534205,-0.3230170353076226
1785124022.6705608,-4.908711438695021,-0.3242043158636488
1785124022.6754346,-4.910069467240275,-0.32536168520233094
1785124022.6800303,-4.911455075254198,-0.3265409231051312
1785124022.6857457,-4.912807470340694,-0.32769056808240205
1785124022.6907475,-4.914190747679712,-0.3288663667235408
1785124022.694975,-4.915617821529898,-0.330082505126252
1785124022.7007508,-4.916975451661937,-0.331242354790829
1785124022.706407,-4.918298970874622,-0.3323756609118807
1785124022.7108192,-4.919687777652153,-0.33356525655712527
1785124022.7167647,-4.921082150180125,-0.3347608308796812
1785124022.722806,-4.922432196426034,-0.3359188769015105
1785124022.7257075,-4.923764053377664,-0.33706185395386995
1785124022.73073,-4.925146358533103,-0.3382496723752568
1785124022.7374284,-4.926514876631602,-0.33942591923961973
1785124022.7402973,-4.927912001336658,-0.34062763367646437
1785124022.747025,-4.929283634498118,-0.34180755377371963
1785124022.7500045,-4.930630527412098,-0.3429665624608486
1785124022.7567298,-4.931985228429485,-0.34413217928657447
1785124022.7605233,-4.933372877835183,-0.34532764787251075
1785124022.7656546,-4.934749285944262,-0.3465132489683139
1785124022.7716749,-4.936091548482718,-0.3476700577565058
1785124022.776125,-4.937502497947369,-0.3488857909562334
1785124022.7810774,-4.938963238163979,-0.35014412876677886
1785124022.7865427,-4.940488721969143,-0.35145899556974325
1785124022.7909644,-4.942017436914943,-0.35277772427527554
1785124022.796161,-4.943550870912469,-0.3541014344354291
1785124022.8012478,-4.945061175432842,-0.3554068861624782
1785124022.806107,-4.94657497480238,-0.35671732493277464
1785124022.8116167,-4.948079449358909,-0.3580211792920347
1785124022.818558,-4.949590529793742,-0.35933228161763603
1785124022.8293786,-4.951111386954401,-0.3606533618202067
1785124022.8326378,-4.952577170212242,-0.3619259489459931
1785124022.8354669,-4.954056456267005,-0.3632108299862842
1785124022.8415425,-4.95556820785151,-0.36452393637614816
1785124022.8459914,-4.957087768572174,-0.36584304220068753
1785124022.8519962,-4.958666132141651,-0.36721328059613295
1785124022.8573005,-4.960144187832465,-0.3684955953041765
1785124022.8609116,-4.961585311941513,-0.36974723909525514
1785124022.8660889,-4.963112408629273,-0.37107317701340814
1785124022.873159,-4.964625517820231,-0.372388944662701
1785124022.8766925,-4.966158214019289,-0.373723292300615
1785124022.8801277,-4.967708471126531,-0.3750748456909238
1785124022.8847067,-4.96917955223575,-0.37635859820391454
1785124022.8911674,-4.970695955996783,-0.37768454624197456
1785124022.8964527,-4.972241497392139,-0.3790366279519318
1785124022.9003675,-4.9737810076617714,-0.3803853741935571
1785124022.908664,-4.975364330788297,-0.3817745605762599
1785124022.9115868,-4.976830238612956,-0.3830622734207174
1785124022.9160752,-4.97830593197322,-0.38435846856416284
1785124022.9233756,-4.979816990913177,-0.38568736120321345
1785124022.927219,-4.9813153891435435,-0.38700845811108103
1785124022.9324286,-4.982803883153166,-0.3883226349899283
1785124022.93599,-4.984265861064168,-0.3896130919308847
1785124022.9414403,-4.985807753711485,-0.3909754623262487
1785124022.9451897,-4.987285192875642,-0.39228348168710997
1785124022.9543726,-4.988727906491737,-0.3935618209875922
1785124022.956697,-4.990223735784519,-0.3948885973998946
1785124022.9600492,-4.991688068500603,-0.3961890258149473
1785124022.967234,-4.993215055864414,-0.3975460425134105
1785124022.9715059,-4.994678476091484,-0.3988495975650154
1785124022.975977,-4.996203629806009,-0.4002098020164377
1785124022.9806287,-4.997665178148196,-0.4015149614085386
1785124022.9852564,-4.9990780845031635,-0.4027769211517406
1785124022.9910297,-5.000449167287338,-0.4040024818695845
1785124022.9957433,-5.001825903538054,-0.40523412529471453
1785124023.0012453,-5.0031748671256056,-0.40644077790759536
1785124023.0070844,-5.004482759276848,-0.4076100372654376
1785124023.0107353,-5.005880967924985,-0.4088601367692396
1785124023.0185268,-5.007271897922402,-0.4101046508384992
1785124023.0324004,-5.008649083902616,-0.4113380658847264
1785124023.0360718,-5.01000245306865,-0.412550880291175
1785124023.0380492,-5.011389172523832,-0.4137959831203967
1785124023.038636,-5.01273091982442,-0.4150014455069278
1785124023.0412529,-5.014077134567799,-0.41621141786506566
1785124023.04579,-5.015486870048547,-0.4174774708935659
1785124023.0538073,-5.016835557148792,-0.41868871174573297
1785124023.0581942,-5.018226346627024,-0.4199400157356991
1785124023.060549,-5.019615291663409,-0.42118902691159477
1785124023.0674527,-5.021013942135357,-0.42245041109256004
1785124023.0726507,-5.022339387777154,-0.42364416859278403
1785124023.076026,-5.023714790931735,-0.42488128486091936
1785124023.080103,-5.025058739791688,-0.4260909426431083
1785124023.0853832,-5.0264340467881015,-0.4273285885522328
1785124023.0908055,-5.027808860796379,-0.42856694594863654
1785124023.096669,-5.029160653824896,-0.42978419435894033
1785124023.1005352,-5.030496954381767,-0.43098918197912844
1785124023.1078606,-5.031848739294301,-0.4322084373172971
1785124023.110618,-5.0331695237633145,-0.43340093632594295
1785124023.1166315,-5.034538396992148,-0.43463616024473095
1785124023.1214654,-5.035879996731356,-0.4358498913916409
1785124023.1260054,-5.037217663313659,-0.43705932699936073
1785124023.1310887,-5.038460891321484,-0.43818202031712555
1785124023.1354249,-5.039740371453168,-0.43933925881135244
1785124023.1407814,-5.040964421788613,-0.4404482827127547
1785124023.1455574,-5.042162653516401,-0.4415340427229613
1785124023.1518407,-5.043411837086791,-0.44266734936276986
1785124023.1562507,-5.0446383300901925,-0.44378194566711715
1785124023.1601396,-5.045824276293794,-0.44485924793866144
1785124023.165018,-5.047068090883987,-0.44598998259911415
1785124023.1715226,-5.048284214048157,-0.44709432150801726
1785124023.1756833,-5.049484077463689,-0.44818625136070384
1785124023.1798875,-5.050732064474236,-0.4493226779381283
1785124023.186456,-5.052132010658224,-0.45059545758509884
1785124023.1909127,-5.053506973626559,-0.4518471912512295
1785124023.1955495,-5.05488543438039,-0.4531035934246393
1785124023.2004578,-5.0562578293908915,-0.45435619182377407
1785124023.207093,-5.057601959691955,-0.4555836122106967
1785124023.2105079,-5.058967403704223,-0.4568322184368726
1785124023.217022,-5.060421929561022,-0.45816381197570716
1785124023.2209976,-5.061836375216875,-0.45945888632255466
1785124023.2271132,-5.063191386985878,-0.460697650207495
1785124023.2304852,-5.064621914407534,-0.46200733861927873
1785124023.237529,-5.066117932475177,-0.46337900682551364
1785124023.242024,-5.067580363523485,-0.4647215879623225
1785124023.245437,-5.069001046020634,-0.4660269847380954
1785124023.2511775,-5.0704855228356305,-0.46739174221424284
1785124023.2564747,-5.071964605165502,-0.4687497149693817
1785124023.2599244,-5.073428446408667,-0.47009238220755756
1785124023.2657177,-5.074895529655214,-0.47143906635699756
1785124023.2723322,-5.076368012914589,-0.47279398131403944
1785124023.2757623,-5.077797865216431,-0.4741117668261478
1785124023.280076,-5.0792409002707135,-0.4754434023783232
1785124023.2864392,-5.08070209457593,-0.4767924501260036
1785124023.2909305,-5.082183757511664,-0.4781607997502274
1785124023.2954717,-5.083606632255873,-0.47947617606105425
1785124023.3002632,-5.085062619400751,-0.4808246808555749
1785124023.3073628,-5.086526364964317,-0.4821821553088742
1785124023.310591,-5.087978616057346,-0.4835290023497404
1785124023.3168738,-5.08942536267402,-0.4848717552687074
1785124023.324091,-5.090872374443642,-0.4862149267707901
1785124023.3274357,-5.092327696159514,-0.48756655115301767
1785124023.3341823,-5.0938318691974525,-0.48896403892214063
1785124023.3375478,-5.095268309512435,-0.4902988987059867
1785124023.3410516,-5.096745041543668,-0.49167120953004856
1785124023.3450136,-5.098180525850634,-0.49300751330672443
1785124023.3530636,-5.099577031722257,-0.4943083339541624
1785124023.3562076,-5.101091397320539,-0.4957208226788469
1785124023.360449,-5.1024909539626435,-0.4970263161295264
1785124023.3655696,-5.103943624626345,-0.49838302884914504
1785124023.3714297,-5.105418706633238,-0.49976111366147313
1785124023.3760426,-5.106902803667918,-0.501149903035467
1785124023.3801508,-5.108380901744964,-0.5025344635985622
1785124023.3862817,-5.109845887427271,-0.5039073267393464
1785124023.3911777,-5.111299557581538,-0.5052707264588471
1785124023.396146,-5.112775869784339,-0.5066552584710027
1785124023.4006844,-5.114157313101657,-0.5079513721830913
1785124023.4069023,-5.115595432706181,-0.5093021807473841
1785124023.4110994,-5.117072198621314,-0.5106914423897226
1785124023.4178693,-5.118576140237931,-0.5121075557408704
1785124023.4225192,-5.120035446756589,-0.5134830723648475
1785124023.4290273,-5.1214955891126435,-0.5148586439674713
1785124023.4316854,-5.122969797300741,-0.5162489503238249
1785124023.435262,-5.124409549663867,-0.5176066493644847
1785124023.441291,-5.125886871035517,-0.5190017912494712
1785124023.4462042,-5.127346814147477,-0.5203793823544627
1785124023.452015,-5.12880878134941,-0.5217567281035497
1785124023.4573736,-5.13028151783543,-0.5231453749388123
1785124023.4609091,-5.13173861083504,-0.5245199792478588
1785124023.4661062,-5.133171561858432,-0.5258709392398914
1785124023.4722693,-5.134669320232556,-0.5272822446212656
1785124023.4759622,-5.1361272510458145,-0.5286572922102043
1785124023.4805808,-5.137527883272365,-0.5299781545895494
1785124023.4851387,-5.139013999911533,-0.5313784980372768
1785124023.4918823,-5.140463696436468,-0.532744096884452
1785124023.4962394,-5.141928288773644,-0.5341259048676597
1785124023.5011199,-5.143326683750054,-0.5354430992248727
1785124023.508676,-5.14483567439269,-0.5368632871803846
1785124023.5109642,-5.146300057641759,-0.5382437502215587
1785124023.5169191,-5.147764162893525,-0.5396229164436098
1785124023.5216072,-5.149191774465746,-0.5409685222593226
1785124023.5261004,-5.150628380895855,-0.5423214517955527
1785124023.530999,-5.152100117892643,-0.5437076231782034
1785124023.5365186,-5.153561212349194,-0.5450852998582513
1785124023.5409853,-5.154978735733038,-0.5464220937813953
1785124023.5465114,-5.15642857086632,-0.5477917944633488
1785124023.5534933,-5.157883707399449,-0.5491645461135299
1785124023.5598297,-5.159335434360781,-0.5505348061115852
1785124023.5665452,-5.160777337334936,-0.5518958796503749
1785124023.5693552,-5.162230413097475,-0.5532671471279005
1785124023.5710082,-5.163721180534783,-0.5546742371586564
1785124023.5756354,-5.165187382950899,-0.5560590968325937
1785124023.580946,-5.16655692201524,-0.5573535748078757
1785124023.5864532,-5.168021924600792,-0.5587382562044012
1785124023.5916908,-5.169459802919006,-0.5600988634525584
1785124023.6002393,-5.170909875249008,-0.5614699226043529
1785124023.6022685,-5.172375908096752,-0.5628548365733029
1785124023.6073823,-5.17382383204886,-0.5642248565884903
1785124023.611277,-5.175264281234045,-0.5655914823726212
1785124023.616553,-5.176705000499463,-0.566959632297664
1785124023.620527,-5.178159961927696,-0.5683427176660029
1785124023.627408,-5.17962833333379,-0.5697387812466307
1785124023.6307437,-5.181033130387679,-0.5710750333559129
1785124023.637207,-5.182385606962129,-0.5723638271244103
1785124023.640495,-5.18373701275124,-0.5736521999676808
1785124023.6461384,-5.185038847488923,-0.5748952249636281
1785124023.6522393,-5.186382524044748,-0.5761777601406018
1785124023.6588588,-5.187695231490021,-0.5774315142669888
1785124023.664738,-5.188996191769799,-0.578674100130286
1785124023.667242,-5.190345108984297,-0.5799618045839448
1785124023.6716707,-5.191636771824288,-0.5811958281274032
1785124023.6764748,-5.1929803017732254,-0.5824807496527055
1785124023.6800053,-5.194363401068008,-0.5838038024664985
1785124023.684931,-5.195775179770535,-0.5851551123733046
1785124023.6910243,-5.197164178054875,-0.586486283807936
1785124023.695279,-5.198619938863901,-0.587882015296234
1785124023.7001626,-5.200056424379341,-0.5892599911183667
1785124023.7067904,-5.2015089317781005,-0.5906547956925254
1785124023.710103,-5.202972886746741,-0.5920635372667425
1785124023.7150426,-5.204396387416338,-0.5934328517086525
1785124023.723166,-5.20582328560252,-0.5948074937577662
1785124023.725446,-5.207244998709702,-0.5961795651309034
1785124023.7303288,-5.208613311280466,-0.597499922238643
1785124023.7351825,-5.209974522499381,-0.5988140268935066
1785124023.7410533,-5.211352518343336,-0.6001438946461017
1785124023.7453206,-5.212675821848723,-0.6014204191551482
1785124023.7500997,-5.21398152660016,-0.6026792613675209
1785124023.756745,-5.215277947359921,-0.6039278872985132
1785124023.7600393,-5.216586247889881,-0.6051900090608057
1785124023.765524,-5.217878444518277,-0.6064353357771982
1785124023.7711673,-5.219223893219272,-0.6077318954791262
1785124023.7753859,-5.22051287497711,-0.6089727244299538
1785124023.779881,-5.221825522934507,-0.6102377668660096
1785124023.786076,-5.2232688395981794,-0.6116290165526177
1785124023.7911286,-5.2246738850668475,-0.6129830000189364
1785124023.795105,-5.226115369868909,-0.6143730764652102
1785124023.800696,-5.227576276692499,-0.6157844115282921
1785124023.806299,-5.229006510167122,-0.6171653789783591
1785124023.810543,-5.23045961992886,-0.6185684464071226
1785124023.8155115,-5.231854571087917,-0.6199134513283739
1785124023.8237066,-5.233276904275687,-0.6212836714185873
1785124023.825832,-5.234726751650979,-0.6226810018550835
1785124023.831738,-5.236185665740353,-0.6240864133202395
1785124023.8375337,-5.237664034923312,-0.625511347217885
1785124023.8415456,-5.239086146858021,-0.6268838433057465
1785124023.846138,-5.240471005143639,-0.6282206903966093
1785124023.8533988,-5.241930808158439,-0.6296323743177101
1785124023.8574672,-5.2433762770089185,-0.6310322348280252
1785124023.8603187,-5.244793347623985,-0.6324049796149706
1785124023.8662949,-5.246216181517684,-0.6337830917816141
1785124023.8718982,-5.247703345154384,-0.635223484609831
1785124023.8790774,-5.2491605803751975,-0.6366367867378916
1785124023.8822339,-5.250615089583528,-0.6380449795874018
1785124023.8871286,-5.252029115807616,-0.6394145451386908
1785124023.8902977,-5.2533558502848,-0.6406972234692401
1785124023.8965197,-5.254719162173037,-0.6420134955561388
1785124023.9003887,-5.256051090913752,-0.6432991385560333
1785124023.9064841,-5.257401145162826,-0.6446046889083793
1785124023.9103098,-5.258710164248656,-0.6458693302553751
1785124023.9163733,-5.259978301159166,-0.6470937665837758
1785124023.9212615,-5.261311665938405,-0.6483820672715609
1785124023.926155,-5.2626625108028895,-0.649686735971961
1785124023.9300845,-5.264044686004136,-0.6510221927995902
1785124023.9353004,-5.26542566639584,-0.6523550239368366
1785124023.940858,-5.266854006145484,-0.6537332638990181
1785124023.9453394,-5.268277058661836,-0.6551093984082567
1785124023.9511828,-5.269715508429126,-0.6565006349328721
1785124023.9562535,-5.271150429177587,-0.6578886632199714
1785124023.95989,-5.272608636739204,-0.6592997264360149
1785124023.9652596,-5.274049466061239,-0.6606929155583595
1785124023.9725342,-5.275490226139505,-0.6620869802763727
1785124023.9757535,-5.276941095637652,-0.663489378077879
1785124023.9796386,-5.278311549858144,-0.6648136372122233
1785124023.9851556,-5.279691960545216,-0.6661462997429899
1785124023.9914384,-5.280995803317418,-0.6674052415012065
1785124023.9961941,-5.2823466410926585,-0.6687082381054893
1785124024.0007668,-5.283664370122892,-0.6699808220368503
1785124024.007409,-5.284970198249757,-0.6712440000542388
1785124024.0106695,-5.286304249030778,-0.6725348254683775
1785124024.0170116,-5.287631975181826,-0.673819482579016
1785124024.0221488,-5.289007859672954,-0.6751527556591131
1785124024.0266104,-5.29030379248511,-0.6764087785733074
1785124024.0302713,-5.29162962894839,-0.6776937622312387
1785124024.0350218,-5.292948388890668,-0.6789699897035865
1785124024.0410233,-5.29427864603194,-0.6802581721693642
1785124024.04592,-5.295581408430779,-0.6815212525837762
1785124024.0516088,-5.296898471561379,-0.682798693782217
1785124024.0566373,-5.298197305510178,-0.6840600091271957
1785124024.059958,-5.299494552547165,-0.6853198062390797
1785124024.0668318,-5.300799144618377,-0.6865878124541319
1785124024.0728767,-5.302119901927348,-0.6878737368134256
1785124024.0761724,-5.303420083864843,-0.689141627797935
1785124024.0802696,-5.304738901675638,-0.6904323440852486
1785124024.0854318,-5.306048899587867,-0.6917185815810295
1785124024.0906754,-5.307362552574116,-0.6930114868258266
1785124024.0956597,-5.308645269757618,-0.6942770935994897
1785124024.1000707,-5.309970456217914,-0.6955900137726527
1785124024.1067822,-5.311273980235721,-0.6968844794420904
1785124024.1102426,-5.312597045931843,-0.6982004551034999
1785124024.1156347,-5.313891223344526,-0.6994913700761579
1785124024.1220593,-5.3152285466616425,-0.7008268200679731
1785124024.127316,-5.316515163622032,-0.7021129369438466
1785124024.1310816,-5.317779968593469,-0.7033770333564479
1785124024.1377752,-5.319065308639834,-0.7046637302884424
1785124024.1413193,-5.320358185801287,-0.7059600596502638
1785124024.1456466,-5.3216339041330825,-0.7072423347325915
1785124024.1523647,-5.322914606531586,-0.7085306835168644
1785124024.1590724,-5.3242088975447865,-0.7098350573330183
1785124024.161212,-5.325476848092261,-0.7111153836455808
1785124024.165221,-5.326736810795649,-0.7123873971145765
1785124024.1723893,-5.32801884148128,-0.7136849476574963
1785124024.2722683,-5.341032838930466,-0.7269017985137572
1785124024.274518,-5.3421496110492726,-0.7280446280619302
1785124024.2758064,-5.343291229245959,-0.72921430050053
1785124024.2770233,-5.344432665851309,-0.7303838814319372
1785124024.278205,-5.345560721209997,-0.7315402357595042
1785124024.2790823,-5.346688435387311,-0.7326962601451831
1785124024.280145,-5.347837758511982,-0.7338758577297156
1785124024.281048,-5.3489928673045295,-0.7350615681693996
1785124024.2818408,-5.35013802687816,-0.7362374969347341
1785124024.2826,-5.351321373559694,-0.7374549548206181
1785124024.2835405,-5.352483357528778,-0.7386527924108178
1785124024.2861447,-5.35373441434637,-0.7399431439902692
1785124024.2898967,-5.354979954412445,-0.7412299491195181
1785124024.2915444,-5.356232057081914,-0.7425218203869015
1785124024.29766,-5.357566206192038,-0.743899342133929
1785124024.3000572,-5.358817886489282,-0.7451922369073032
1785124024.3075576,-5.3601103152340634,-0.7465267262735088
1785124024.3108683,-5.361395968749972,-0.7478548103406141
1785124024.3185937,-5.3626963424321845,-0.74920032937793
1785124024.322863,-5.3640470876332955,-0.7505974257553208
1785124024.326706,-5.365327605117262,-0.7519232762172001
1785124024.3309305,-5.366662163855522,-0.753307732209352
1785124024.335916,-5.368004067247248,-0.754700572976419
1785124024.3414705,-5.369388021744003,-0.756139421372289
1785124024.3456476,-5.370783307524385,-0.7575899874654306
1785124024.3514378,-5.372163868862077,-0.7590249811332863
1785124024.3576365,-5.373558920860376,-0.7604758140281144
1785124024.3605945,-5.374893175221806,-0.76186510994721
1785124024.365435,-5.376246623317641,-0.7632756342574303
1785124024.3718843,-5.377650013412963,-0.7647412006745469
1785124024.376739,-5.3790368507391495,-0.766191141320695
1785124024.380172,-5.380398346901353,-0.7676154548771132
1785124024.3852355,-5.381811828162814,-0.769093891445391
1785124024.390568,-5.383154701555195,-0.7704991657286793
1785124024.3959076,-5.384518966679479,-0.7719277515340331
1785124024.4002633,-5.385892499145398,-0.7733693470758167
1785124024.406485,-5.387259412283489,-0.774802463442689
1785124024.4100263,-5.3886646838989,-0.776277608297085
1785124024.4154575,-5.3900281865804365,-0.7777086026051504
1785124024.4237387,-5.391425438117314,-0.7791769345969745
1785124024.4251719,-5.392801904367053,-0.7806225322466669
1785124024.4301512,-5.394162770934582,-0.782050538467778
1785124024.4355564,-5.395477645977358,-0.7834315055534298
1785124024.4407573,-5.396765731916644,-0.7847835556575442
1785124024.4463606,-5.398065687847754,-0.786146418845527
1785124024.4551132,-5.399320500155407,-0.7874639865004232
1785124024.4590814,-5.400575458371409,-0.788781350049573
1785124024.4628236,-5.401817963145222,-0.7900858765062324
1785124024.4692113,-5.403097495021755,-0.7914286772325412
1785124024.4714217,-5.4043952127842365,-0.7927883096187732
1785124024.4756994,-5.4056677460692075,-0.7941227181351542
1785124024.4804688,-5.406968200872415,-0.7954881825914716
1785124024.4856396,-5.408253310291965,-0.7968359348326834
1785124024.4905748,-5.409535726255027,-0.7981808378044076
1785124024.4961507,-5.410787551721669,-0.7994936654283417
1785124024.4999259,-5.411999005753095,-0.8007651043233212
1785124024.5069942,-5.413281451500654,-0.802111856461602
1785124024.5102715,-5.414534769738319,-0.8034274962702352
1785124024.5182188,-5.4157873848999145,-0.8047419974383032
1785124024.5214114,-5.417029016896558,-0.8060457133952498
1785124024.5256581,-5.418290968737152,-0.8073721734263039
1785124024.5301082,-5.419522861112016,-0.8086692182095943
1785124024.5364482,-5.420748659207334,-0.8099612178270199
1785124024.5404603,-5.422045180741989,-0.8113282280014968
1785124024.5457666,-5.423306937287788,-0.8126607814102258
1785124024.5512006,-5.424560359559465,-0.8139868709388755
1785124024.5570452,-5.425797550478212,-0.8152968696533099
1785124024.561016,-5.427046684851508,-0.8166226057481316
1785124024.56531,-5.428308033085669,-0.8179639503237864
1785124024.5710917,-5.42957244481773,-0.8193092023494788
1785124024.5762608,-5.430818911265939,-0.8206383504475601
1785124024.5803034,-5.4320249005877335,-0.8219270066109229
1785124024.5862954,-5.433180195530424,-0.8231617503084001
1785124024.592082,-5.434322239171788,-0.8243817361680884
1785124024.595825,-5.435429648408445,-0.8255672082329261
1785124024.6002665,-5.436547728758578,-0.8267678583546958
1785124024.6080236,-5.437672223627394,-0.8279759656634782
1785124024.6110344,-5.438808123588558,-0.8291963211307017
1785124024.617467,-5.43995160077881,-0.8304258212704084
1785124024.6210325,-5.44107298647843,-0.8316307844473163
1785124024.6264803,-5.442203254151805,-0.8328446707657728
1785124024.629874,-5.4433059286472885,-0.8340287053500618
1785124024.6366751,-5.444420984026092,-0.8352261231274787
1785124024.6404943,-5.445561904259128,-0.8364519710181206
1785124024.6462007,-5.446665660062611,-0.8376405025709237
1785124024.6531823,-5.4478089446221745,-0.83887414093422
1785124024.6585736,-5.448911413922963,-0.8400633682271602
1785124024.6607687,-5.450028155152229,-0.8412704383624212
1785124024.6652825,-5.4511498758250765,-0.8424858281023095
1785124024.671037,-5.452252473142957,-0.8436812105306132
1785124024.6755085,-5.453382692867376,-0.8449067118121871
1785124024.679925,-5.45447919897657,-0.8460959520978425
1785124024.6853163,-5.455571181822758,-0.8472808746466511
1785124024.6903982,-5.456669632651361,-0.8484743849820943
1785124024.695334,-5.457810663848012,-0.8497152634596686
1785124024.7001116,-5.458916525631501,-0.8509164783601834
1785124024.706867,-5.460025983593169,-0.8521228977071061
1785124024.7097948,-5.4611302729676785,-0.8533232827273061
1785124024.7164207,-5.462232924989435,-0.8545224693820634
1785124024.720423,-5.463359386151436,-0.8557484699271615
1785124024.7267792,-5.464467152874064,-0.8569532277231703
1785124024.7302597,-5.465485863298496,-0.8580608642701066
1785124024.7354171,-5.4664992690551015,-0.8591626066141236
1785124024.7412858,-5.467532825131082,-0.8602883816387762
1785124024.7458324,-5.46856619918071,-0.8614145667349311
1785124024.7507696,-5.469553327537657,-0.8624913140649563
1785124024.7581568,-5.470544155763468,-0.8635737141098051
1785124024.7604895,-5.471530521277131,-0.8646513723849356
1785124024.765411,-5.4725001435963705,-0.8657104336269448
1785124024.7725832,-5.473537769280742,-0.8668446414841052
1785124024.776121,-5.474532230649361,-0.8679323120318475
1785124024.781156,-5.4755361510723635,-0.8690303930533532
1785124024.7850022,-5.476538334440007,-0.8701271039414498
1785124024.7908726,-5.4775095401039655,-0.8711900505674994
1785124024.795733,-5.478492261843842,-0.8722644231464828
1785124024.8002212,-5.479508049097548,-0.8733741881054747
1785124024.8061795,-5.480495987235666,-0.8744550311344144
1785124024.8096993,-5.481513223520148,-0.87556748565745
1785124024.8176813,-5.482489794710129,-0.8766355164674065
1785124024.8217554,-5.483474756861739,-0.8777118230004736
1785124024.8259096,-5.484492429486022,-0.8788240941727312
1785124024.830251,-5.485505534754709,-0.8799340558942467
1785124024.8360696,-5.48653559495794,-0.8810625754516571
1785124024.8407085,-5.487525378968898,-0.8821469798989848
1785124024.8461282,-5.488532543231651,-0.8832499696985132
1785124024.8548656,-5.489559753280069,-0.8843763123837638
1785124024.8579202,-5.4905390127039455,-0.8854495659711591
1785124024.8604474,-5.491530806641852,-0.886537490454874
1785124024.8651192,-5.492512528645821,-0.887613262187176
1785124024.8714032,-5.493517772228719,-0.8887129628137197
1785124024.8758333,-5.494542377068909,-0.8898348221628014
1785124024.8806183,-5.495503259297305,-0.8908873591232505
1785124024.8861616,-5.496480344737341,-0.8919586206507129
1785124024.89149,-5.4974215293060364,-0.8929913062925424
1785124024.895881,-5.498436781432429,-0.8941051617137233
1785124024.9006016,-5.499451151332074,-0.8952200408681709
1785124024.9066072,-5.50044084342856,-0.8963063030592225
1785124024.9103994,-5.501424164115223,-0.8973857029780804
1785124024.9156811,-5.5024497029705834,-0.8985109083691568
1785124024.9224672,-5.503468482864698,-0.8996282721474841
1785124024.925576,-5.504458065541015,-0.900713828506314
1785124024.930494,-5.505393011713063,-0.9017396766493962
1785124024.936321,-5.506275860297707,-0.902708990669669
1785124024.9406593,-5.507147787349679,-0.9036644503143693
1785124024.9461176,-5.508026116296728,-0.9046288424309619
1785124024.9514637,-5.508895758273152,-0.9055841032787464
1785124024.957516,-5.5097639421488545,-0.9065364433574374
1785124024.9607046,-5.510582082366253,-0.9074325567078741
1785124024.9657092,-5.5114484779080755,-0.9083814044588446
1785124024.9706285,-5.512294784678934,-0.9093074746344785
1785124024.9766648,-5.513170984022142,-0.9102676434344805
1785124024.9807436,-5.5140502904131,-0.9112304096735104
1785124024.985654,-5.514911679255347,-0.9121745921747069
1785124024.990845,-5.515784926269434,-0.9131327783788509
1785124024.996083,-5.516622200680454,-0.9140534456621702
1785124025.0016174,-5.517476696957666,-0.914992900251481
1785124025.0083735,-5.518340569988913,-0.9159443146979094
1785124025.0114703,-5.519225418686452,-0.9169189213518082
1785124025.017162,-5.520086875470988,-0.9178706374254693
1785124025.0253172,-5.520988712147865,-0.918865693194804
1785124025.0275552,-5.5218368220794405,-0.9198018164130548
1785124025.0308127,-5.52271624387903,-0.9207734195347559
1785124025.0358536,-5.523598740819315,-0.9217483006643081
1785124025.0412838,-5.524473346969645,-0.9227149636808013
1785124025.0463562,-5.525304113832158,-0.9236342946395135
1785124025.0548704,-5.526141515266556,-0.9245605507175204
1785124025.057656,-5.5270187804720114,-0.9255319500224103
1785124025.0603995,-5.527858425704442,-0.926461160262287
1785124025.0656807,-5.528736189940432,-0.927432115968444
1785124025.0729547,-5.529588431380004,-0.9283745303845188
1785124025.075736,-5.530465454952154,-0.9293455389970992
1785124025.0803971,-5.531336258019556,-0.930310530416914
1785124025.0870361,-5.532206544455587,-0.931276914952891
1785124025.0910382,-5.533056664747814,-0.9322214786615824
1785124025.0959527,-5.533865522468628,-0.9331196461039115
1785124025.1011617,-5.534721785187533,-0.9340723612186426
1785124025.1074817,-5.535549627516256,-0.9349936977032286
1785124025.1111035,-5.536412050019462,-0.9359551022986333
1785124025.1181135,-5.537283670247219,-0.9369292434502352
1785124025.1237695,-5.538135237908744,-0.9378832908633773
1785124025.1260061,-5.5390223121578055,-0.9388782360781397
1785124025.1312127,-5.539823764273238,-0.9397780631178916
1785124025.1356385,-5.540610281929598,-0.9406631675489535
1785124025.1404388,-5.541367378118205,-0.9415181911632923
1785124025.1459417,-5.542098924731413,-0.9423464631541165
1785124025.1519408,-5.542806145507484,-0.9431482551518399
1785124025.157071,-5.543544076901118,-0.9439877863294167
1785124025.1601195,-5.544280948533005,-0.9448265601707057
1785124025.1669207,-5.5450048523938,-0.945651695631125
1785124025.173008,-5.545714715179263,-0.9464617070996135
1785124025.1760435,-5.54643619996765,-0.9472865797435592
1785124025.1808634,-5.54720684031595,-0.9481693565367484
1785124025.186417,-5.548023056536551,-0.9491061597097571
1785124025.191548,-5.548873885531388,-0.9500830382566755
1785124025.1955643,-5.549696849224721,-0.9510283242046093
1785124025.1999638,-5.55053171273974,-0.9519892870831533
1785124025.2062228,-5.5513658283339415,-0.9529505141543415
1785124025.209892,-5.552205749201591,-0.9539189547873813
1785124025.216053,-5.553062497414493,-0.9549097970411478
1785124025.220684,-5.553877880785131,-0.9558547052077614
1785124025.2261841,-5.554714776139295,-0.9568253232235591
1785124025.2324393,-5.555497461355119,-0.9577344461358032
1785124025.237663,-5.556210695940084,-0.9585642233405618
1785124025.2418356,-5.556948279529007,-0.9594238139781469
1785124025.2456295,-5.557681524981944,-0.960278626665644
1785124025.2521899,-5.558404672444506,-0.9611229921414807
1785124025.2564445,-5.559115195684363,-0.9619543534909583
1785124025.260227,-5.559825253974314,-0.9627868152305652
1785124025.265009,-5.560552840443112,-0.9636407575017221
1785124025.2722156,-5.561271077022065,-0.9644852367104063
1785124025.275324,-5.562003756827668,-0.9653481864666268
1785124025.2804685,-5.562714170353302,-0.9661863525422945
1785124025.2850673,-5.563431259799012,-0.9670335578479301
1785124025.290655,-5.56414322139569,-0.9678756198441502
1785124025.2951956,-5.564871125869145,-0.9687387173510937
1785124025.299859,-5.565582284947113,-0.969584149175814
1785124025.3063874,-5.566292496862249,-0.9704290997045347
1785124025.3099694,-5.567000623146382,-0.9712723445235426
1785124025.3159025,-5.5676802919936135,-0.9720830646720334
1785124025.3212724,-5.5683911936228485,-0.9729322204867425
1785124025.3257248,-5.569091281040458,-0.9737704970423217
1785124025.3305175,-5.569799295049035,-0.9746196914623023
1785124025.3365974,-5.570504557845297,-0.975466311026402
1785124025.3408105,-5.571222939945879,-0.976330898382874
1785124025.3457103,-5.57193856302722,-0.9771939435648718
1785124025.3506835,-5.572631595947829,-0.9780316085574552
1785124025.3569443,-5.573335152058415,-0.9788827204532123
1785124025.3600466,-5.574030780263214,-0.9797250101703119
1785124025.366782,-5.574731003949277,-0.9805743290581058
1785124025.3748257,-5.575436284333499,-0.9814308102234994
1785124025.3770003,-5.576155095806128,-0.9823058209025033
1785124025.3813267,-5.576846562603395,-0.9831487177783171
1785124025.388781,-5.577536712830782,-0.9839898933396423
1785124025.3909109,-5.57823120813954,-0.9848385808525411
1785124025.3953838,-5.578939858933318,-0.9857066325814652
1785124025.4016182,-5.579638196199225,-0.9865630459259367
1785124025.407824,-5.580370916935099,-0.9874619994329268
1785124025.411017,-5.581057223901191,-0.9883039476972053
1785124025.4172542,-5.581752403813315,-0.9891587887905813
1785124025.4224,-5.582449064009945,-0.9900170689734396
1785124025.4259026,-5.583109469941167,-0.9908333376203124
1785124025.4309607,-5.583745921806677,-0.9916214022699426
1785124025.4368062,-5.584362447269382,-0.9923850139204898
1785124025.4430134,-5.584968992784576,-0.9931371499159091
1785124025.4460418,-5.585564431087161,-0.9938772498642365
1785124025.453559,-5.586142597988216,-0.994597656081473
1785124025.4577694,-5.586741987954721,-0.9953463850612135
1785124025.4600027,-5.587324197304653,-0.9960760237526932
1785124025.4653854,-5.5879032996380875,-0.9968034247638307
1785124025.4701047,-5.5884997555059766,-0.9975536214266967
1785124025.476079,-5.589077190308874,-0.9982804596314626
1785124025.4800084,-5.589665727269407,-0.9990239764181337
1785124025.4847162,-5.590252911754412,-0.9997663152916159
1785124025.490446,-5.590829801394036,-1.0004979534920073
1785124025.495779,-5.5914075917241135,-1.0012320187349752
1785124025.4999027,-5.592009977816089,-1.0019981360051553
1785124025.506585,-5.592582054889376,-1.002726791168172
1785124025.5106506,-5.593157608746102,-1.003460707161704
1785124025.5170817,-5.593735108333567,-1.0041989984030903
1785124025.52116,-5.594296139195864,-1.004916298488427
1785124025.5265381,-5.594876193865435,-1.0056573838644665
1785124025.5305326,-5.59544242562031,-1.0063799212538187
1785124025.5353136,-5.596023037890864,-1.0071207659795611
1785124025.5412512,-5.596600330152932,-1.0078592301084501
1785124025.5450082,-5.59719167563054,-1.00861564664451
1785124025.5511446,-5.5977817343955785,-1.0093705302998974
1785124025.5577178,-5.5983645411939875,-1.0101158859769603
1785124025.5598543,-5.598947145113482,-1.0108599589450635
1785124025.5656278,-5.599530235771785,-1.0116054367909793
1785124025.5705311,-5.600129939254669,-1.0123728326942572
1785124025.5753717,-5.600717300621994,-1.013124031620441
1785124025.5798116,-5.601289734230773,-1.013856130196636
1785124025.5854473,-5.601855537888627,-1.0145794537161934
1785124025.590736,-5.602430121561654,-1.0153125577946316
1785124025.5952785,-5.6030119251239165,-1.0160542192885054
1785124025.600201,-5.603572483808827,-1.0167693253146757
1785124025.6065986,-5.604181661444672,-1.0175451214124578
1785124025.6101587,-5.604764872692675,-1.0182880980152365
1785124025.6151628,-5.60534578810051,-1.0190294408565257
1785124025.621258,-5.605921309362592,-1.0197633809989222
1785124025.6253152,-5.606499258428476,-1.0204990425728246
1785124025.6305344,-5.607087828514786,-1.0212463267164296
1785124025.636062,-5.607651022248975,-1.02196143633024
1785124025.641006,-5.608239657899331,-1.0227082399912142
1785124025.6460135,-5.608818060416601,-1.0234413970120613
1785124025.6515615,-5.609403008846697,-1.0241815787464548
1785124025.656841,-5.609978498796243,-1.0249103645043602
1785124025.6599298,-5.610565495945843,-1.025651646486253
1785124025.665549,-5.611136332580795,-1.0263717303783193
1785124025.6719797,-5.611719592124377,-1.0271059416333084
1785124025.6755931,-5.6122939780211745,-1.0278293686456776
1785124025.6807578,-5.612868162037921,-1.0285498241437756
1785124025.6853647,-5.613449825118665,-1.0292788852995824
1785124025.6904829,-5.614036511905062,-1.0300130424351703
1785124025.6955204,-5.614621053596429,-1.0307416339250206
1785124025.6999025,-5.615214464669437,-1.0314798097537252
1785124025.7062001,-5.615796054094122,-1.0322016000005945
1785124025.709574,-5.616376876246123,-1.0329216181101535
1785124025.7181633,-5.616946106956959,-1.0336272377350197
1785124025.7201505,-5.617515929907658,-1.0343337105824957
1785124025.7287629,-5.618077200542044,-1.0350291819115052
1785124025.732075,-5.61860844654916,-1.0356871913068006
1785124025.7366443,-5.619122775632489,-1.0363237383073114
1785124025.7408366,-5.619603346958281,-1.036918901899541
1785124025.74605,-5.620081798699509,-1.0375110479065703
1785124025.7535367,-5.620541037209963,-1.0380786433703026
1785124025.7592278,-5.621006158544904,-1.0386537644652245
1785124025.7614915,-5.621485190404018,-1.039246371788087
1785124025.7654781,-5.621951417186073,-1.039823736878084
1785124025.7727554,-5.622406211033665,-1.0403873028372923
1785124025.7769861,-5.622861769618325,-1.0409523041452122
1785124025.7808058,-5.6233235742081265,-1.041525821986253
1785124025.7865913,-5.623776466470091,-1.0420881408765221
1785124025.7915812,-5.624251286797446,-1.0426778421457672
1785124025.795328,-5.624717593503989,-1.0432590434595015
1785124025.8008356,-5.625175797457213,-1.0438308248312314
1785124025.80762,-5.6256158055675165,-1.0443805545274916
1785124025.8101766,-5.626074852207446,-1.0449549800588307
1785124025.8159711,-5.626530899703447,-1.0455262250625619
1785124025.824946,-5.626999992148694,-1.0461148195825347
1785124025.827234,-5.6274389684253,-1.0466670310502129
1785124025.8316047,-5.627906907812983,-1.0472556222479545
1785124025.8358645,-5.628367804179844,-1.047836169581744
1785124025.8410623,-5.6288187498647195,-1.0484043326967702
1785124025.8456883,-5.629267651765074,-1.048969614003989
1785124025.8515468,-5.629739047117695,-1.0495640751624695
1785124025.8568933,-5.630191221861467,-1.0501349707975847
1785124025.860667,-5.6306399092746595,-1.0507018104041377
1785124025.866753,-5.631092901043528,-1.051274291817788
1785124025.8730056,-5.631551523285336,-1.0518549588543729
1785124025.8759887,-5.632011526253743,-1.0524374152678282
1785124025.880204,-5.632468627692068,-1.053016761521749
1785124025.8893526,-5.632940264956351,-1.0536142974628007
1785124025.890952,-5.633395445356482,-1.0541915235485457
1785124025.8954804,-5.63385879738196,-1.054779632180782
1785124025.9001718,-5.634305592803232,-1.0553471126204073
1785124025.9073563,-5.634752557410012,-1.0559151915760845
1785124025.9103835,-5.635215001886619,-1.0565030909448134
1785124025.91729,-5.635667174839452,-1.0570772464828524
1785124025.9244928,-5.636117418785991,-1.0576477429786446
1785124025.9260986,-5.63658708408689,-1.058242606419284
1785124025.9305036,-5.637039607772645,-1.0588151283283824
1785124025.938122,-5.63749816923353,-1.0593947086554822
1785124025.9411736,-5.637952064859166,-1.0599688240324037
1785124025.9466753,-5.638400876812507,-1.0605371652576014
1785124025.9524927,-5.63885356252016,-1.0611108556360225
1785124025.9561927,-5.639303286206238,-1.0616801477741589
1785124025.9600313,-5.639762175878935,-1.0622613592896293
1785124025.96875,-5.64021259345021,-1.0628316911675928
1785124025.9752653,-5.640669312835923,-1.0634100935953101
1785124025.9774837,-5.641115286189445,-1.0639746805998342
1785124025.9811623,-5.6414675528507034,-1.0644199015085498
1785124025.9862645,-5.641770502755356,-1.0648028057037746
1785124025.9959307,-5.64203923492902,-1.0651417890696877
1785124025.997576,-5.642296419537619,-1.0654658584757366
1785124026.0008795,-5.642531258855686,-1.0657621417519012
1785124026.0139487,-5.64276537878584,-1.0660572722079618
1785124026.0151546,-5.642995903023633,-1.0663477678999707
1785124026.0165608,-5.643223322280313,-1.0666343663444586
1785124026.0275354,-5.643460381028074,-1.0669327268328508
1785124026.0326507,-5.64369486199621,-1.0672274879482497
1785124026.0349844,-5.643836612325804,-1.0674056249760115
1785124026.0367632,-5.64392870208125,-1.0675212461215728
1785124026.0424542,-5.643990893163751,-1.0675993471866871
1785124026.0507915,-5.644041406137831,-1.067662622661639
1785124026.0581965,-5.644083324296308,-1.0677150707491363
1785124026.0647643,-5.644120212319871,-1.0677612434700194
1785124026.08327,-5.6441568941642295,-1.0678071424860636
1785124026.0849938,-5.644191857462673,-1.0678508499842634
1785124026.086785,-5.64422688349928,-1.0678946416454729
1785124026.0882046,-5.644264492143949,-1.0679417504046982
1785124026.0983117,-5.644303624529257,-1.0679907266614852
1785124026.0994003,-5.644341861413917,-1.0680384782149996
1785124026.1008446,-5.6443834265059145,-1.0680902665370722
1785124026.1102154,-5.644426159259264,-1.0681434543032766
1785124026.112507,-5.644467520645105,-1.0681948646390718
1785124026.1186316,-5.644512416042503,-1.0682506590031708
1785124026.1206796,-5.644555588226269,-1.0683042673933787
1785124026.1267426,-5.644600506487703,-1.0683599811880695
1785124026.1300159,-5.644645682935809,-1.0684159288956314
1785124026.1370971,-5.64469011728727,-1.0684709208720198
1785124026.1434052,-5.644735666256238,-1.0685271928875668
1785124026.1451252,-5.644781608417832,-1.0685840836744491
1785124026.1504617,-5.644827838170251,-1.0686412083901864
1785124026.1578813,-5.644873949554774,-1.0686982238163076
1785124026.1639135,-5.6449211308151455,-1.0687565574702043
1785124026.166827,-5.64496913344291,-1.0688157875249353
1785124026.1701868,-5.645015552411969,-1.068873037550328
1785124026.1758027,-5.645063007352753,-1.068931430558475
1785124026.180885,-5.645108799627769,-1.0689877179326723
1785124026.186218,-5.64515563519642,-1.0690452280970286
1785124026.1903594,-5.645202656311168,-1.069102912248151
1785124026.195477,-5.645249372984767,-1.0691601352625215
1785124026.1999874,-5.645293096722861,-1.0692135788807322
1785124026.2068405,-5.645336973079222,-1.0692670744660873
1785124026.2108521,-5.64537907361605,-1.0693182661014622
1785124026.2152028,-5.645419709192299,-1.069367597842179
1785124026.2216556,-5.645457734162951,-1.0694136907177494
1785124026.226146,-5.6454972503829,-1.0694615004573096
1785124026.230208,-5.645529138751175,-1.0694999840183044
1785124026.2373466,-5.645562769641734,-1.069540561120832
1785124026.241573,-5.6455903349974035,-1.0695737811834083
1785124026.2453249,-5.645613329451016,-1.0696014425626272
1785124026.2500463,-5.645639099466614,-1.0696324139612998
1785124026.2574558,-5.645661956900674,-1.0696598377656945
1785124026.266072,-5.645682653290399,-1.0696846642308098
1785124026.2713065,-5.645698309661968,-1.069703397613166
1785124026.2759962,-5.645714207739377,-1.0697224011073674
1785124026.2812676,-5.645731138853799,-1.0697426336355103
1785124026.2854464,-5.645735308976784,-1.0697476217974038
1785124026.2918239,-5.645741806338655,-1.069755392518605
1785124026.297235,-5.6457532675616,-1.0697690980526413
1785124026.3009958,-5.6457524571988635,-1.0697681294006618
1785124026.3067853,-5.645754208864516,-1.0697702206280264
1785124026.310185,-5.645755405138857,-1.069771649851798
1785124026.3168995,-5.645761107130929,-1.069778455415238
1785124026.3238976,-5.645761188956893,-1.0697785527734827
1785124026.3259435,-5.645753267953643,-1.0697691256538222
1785124026.330047,-5.645760079459682,-1.0697772248945152
1785124026.33556,-5.645748419071794,-1.0697633465164011
1785124026.3410404,-5.645747130142232,-1.0697618143524057
1785124026.3454783,-5.6457400741468176,-1.0697534307382297
1785124026.3505611,-5.645725614075183,-1.0697362426230816
1785124026.356636,-5.645719550575517,-1.0697290334135678
1785124026.3598285,-5.645708924571545,-1.069716414243916
1785124026.3675117,-5.645699337682441,-1.069705052271831
1785124026.3703113,-5.645688071046322,-1.0696917175428986
1785124026.3754961,-5.645683100484848,-1.069685839786968
1785124026.3802264,-5.645668713127264,-1.069668874763228
1785124026.3853326,-5.6456612311702585,-1.0696600574689863
1785124026.3906674,-5.645650622773471,-1.0696475683645938
1785124026.3959672,-5.645638496602412,-1.0696333163748477
1785124026.4008043,-5.645629019080648,-1.0696222040908883
1785124026.4063947,-5.6456176314835345,-1.0696088912432984
1785124026.4098237,-5.64561491178172,-1.0696057157655074
1785124026.415563,-5.645605947731621,-1.0695952496140262
1785124026.4210484,-5.645585261299022,-1.0695711120354536
1785124026.426654,-5.645566916483796,-1.0695497875765612
1785124026.4303713,-5.645563726751963,-1.069546087800487
1785124026.4358435,-5.6455450248923915,-1.0695244286938246
1785124026.4409242,-5.645529386198749,-1.0695063522187978
1785124026.4459214,-5.645522107007025,-1.0694979531754982
1785124026.4504788,-5.645516595612577,-1.0694916065176276
1785124026.4559352,-5.645492367711694,-1.069463790182908
1785124026.459895,-5.645484425077179,-1.069454694680353
1785124026.4678288,-5.645474376217755,-1.0694432099264657
1785124026.4735632,-5.645454486406143,-1.0694205103309042
1785124026.4760249,-5.645442838616307,-1.0694072494950342
1785124026.4800463,-5.645433884504359,-1.069397079276591
1785124026.4877446,-5.645423426544398,-1.0693852344046522
1785124026.4915955,-5.645409460464767,-1.0693694500292552
1785124026.495355,-5.645399232215082,-1.069357915352661
1785124026.5002215,-5.645383261984782,-1.0693399727059103
1785124026.5073013,-5.6453772948443675,-1.0693332868036869
1785124026.5101154,-5.645366243105481,-1.0693209194731659
1785124026.5152578,-5.645354545161661,-1.0693078625151302
1785124026.5214717,-5.645342781913679,-1.0692947656958314
1785124026.5258348,-5.645331791276862,-1.0692825511402195
1785124026.5302856,-5.645320055454559,-1.0692695040769222
1785124026.538149,-5.645313140864039,-1.069261842441551
1785124026.5409815,-5.645301505520566,-1.0692489929891713
1785124026.5461967,-5.645289172683078,-1.0692354263135009
1785124026.550379,-5.64527691269182,-1.0692219575924646
1785124026.5561562,-5.645272626897691,-1.0692172566385103
1785124026.5605767,-5.645261726397666,-1.0692053359114353
1785124026.5674226,-5.645250506617092,-1.0691930822926465
1785124026.5707126,-5.6452428852793295,-1.0691847802618661
1785124026.576651,-5.645236090268109,-1.0691773969445841
1785124026.5798225,-5.645223861367283,-1.0691641331132555
1785124026.58536,-5.6452203273437265,-1.0691603067530426
1785124026.591525,-5.645212473047058,-1.0691518141051919
1785124026.595101,-5.645208262520431,-1.0691472680235588
1785124026.600155,-5.645200572421235,-1.0691389771207211
1785124026.6067193,-5.645192157123812,-1.0691299125070082
1785124026.6101959,-5.645187352482644,-1.0691247404067261
1785124026.6158457,-5.645183273320624,-1.0691203587834102
1785124026.6202173,-5.645181348091844,-1.0691182950433218
1785124026.6259859,-5.6451751452415,-1.069111659040656
1785124026.6298642,-5.6451677278739965,-1.06910372641597
1785124026.6383185,-5.645164590183468,-1.0691003717625343
1785124026.6428523,-5.645166208840807,-1.0691021003789258
1785124026.646354,-5.645161068573985,-1.069096614836998
1785124026.6502872,-5.645151315887794,-1.069086208944258
1785124026.6573327,-5.645150614683587,-1.0690854611835587
1785124026.6601362,-5.6451493436228,-1.069084107684071
1785124026.6676333,-5.645149887361102,-1.0690846851247997
1785124026.670884,-5.645144998124313,-1.069079503055324
1785124026.6768024,-5.645141067000919,-1.069075344583326
1785124026.6795986,-5.645138425858196,-1.0690725535882404
1785124026.6851954,-5.6451366982039985,-1.0690707322054143
1785124026.6914108,-5.645137511385492,-1.0690715889774562
1785124026.6957746,-5.645142177262871,-1.0690764947405824
1785124026.6998112,-5.645137981666729,-1.0690720941972132
1785124026.707063,-5.645136127873217,-1.0690701537842213
1785124026.7105653,-5.64513696801718,-1.0690710301206687
1785124026.7157032,-5.645134179383569,-1.0690681242895776
1785124026.721014,-5.645135337360653,-1.0690693294009552
1785124026.7260277,-5.645140912149321,-1.069075121885236
1785124026.7303157,-5.645136451774019,-1.0690704959676092
1785124026.7354913,-5.645136435443171,-1.0690704790864296
1785124026.7422729,-5.645136825901994,-1.0690708814536434
1785124026.7455094,-5.645137584957246,-1.0690716606372312
1785124026.750032,-5.645137357799947,-1.069071427701827
1785124026.757335,-5.645137745941555,-1.0690718248978637
1785124026.7601774,-5.645140349760797,-1.069074484752887
1785124026.7670798,-5.645144134900381,-1.0690783391496992
1785124026.7719228,-5.645143339456528,-1.0690775317317203
1785124026.7761705,-5.64514604307462,-1.069080268569336
1785124026.7798297,-5.645144715198678,-1.0690789278591009
1785124026.78517,-5.645147228951213,-1.069081462628041
1785124026.7912443,-5.645149454027521,-1.0690837059949723
1785124026.7952924,-5.645153606320835,-1.0690878778620851
1785124026.7999215,-5.645153179478818,-1.0690874501447798
1785124026.8066764,-5.645159433177471,-1.0690936948330008
1785124026.8106885,-5.645157424941775,-1.0690916891437474
1785124026.816607,-5.645159503284696,-1.0690937528562667
1785124026.8231037,-5.645161590353141,-1.0690958199676484
1785124026.8268938,-5.645160239257052,-1.0690944845299302
1785124026.8308048,-5.645166217413103,-1.0691003892225122
1785124026.8376515,-5.645167017385222,-1.0691011788139786
1785124026.8402596,-5.64516885032883,-1.0691029875090994
1785124026.845586,-5.645172918781694,-1.0691069954014596
1785124026.8497632,-5.645176059167238,-1.0691100797419635
1785124026.8568525,-5.6451754943690045,-1.0691095265052728
1785124026.8614342,-5.645181611840668,-1.0691154994127576
1785124026.8682675,-5.645182495497092,-1.0691163606419343
1785124026.8711312,-5.645183620168164,-1.0691174564628807
1785124026.876528,-5.64518932902748,-1.0691230045812896
1785124026.8798273,-5.645190110375333,-1.0691237618907596
1785124026.8857062,-5.645188289195606,-1.0691220000022252
1785124026.8911052,-5.64519388401227,-1.069127397745465
1785124026.8952742,-5.645194655553644,-1.069128140484453
1785124026.899847,-5.645201113204803,-1.069134347246853
1785124026.9076295,-5.645202328858374,-1.0691355126521727
1785124026.910325,-5.64520594008383,-1.0691389628512902
1785124026.9160693,-5.6452090117987925,-1.0691418873429008
1785124026.9210677,-5.645213379881321,-1.0691460379670226
1785124026.92753,-5.645218351381766,-1.0691507556361906
1785124026.9301984,-5.645222473605185,-1.069154659330601
1785124026.93671,-5.645226437833201,-1.0691584081487204
1785124026.9405885,-5.64522885932619,-1.0691606947156636
1785124026.9453542,-5.64523219465171,-1.069163835975999
1785124026.9498453,-5.6452376784849845,-1.0691689804615032
1785124026.9580634,-5.6452385397300135,-1.0691697866496634
1785124026.9601257,-5.64524327225683,-1.0691742142302683
1785124026.9661582,-5.645243718655171,-1.0691746314952544
1785124026.9731548,-5.645248464905413,-1.0691790644678931
1785124026.9761477,-5.645251347599633,-1.0691817535831085
1785124026.9808846,-5.645255120391343,-1.0691852728772078
1785124026.9889436,-5.64525777748672,-1.0691877477932836
1785124026.9957452,-5.645260084654577,-1.069189887440918
1785124026.9977968,-5.645263704736247,-1.0691932409977924
1785124027.0009177,-5.645269967254082,-1.0691990293662412
1785124027.00735,-5.645271132489186,-1.0692001060860516
1785124027.0129547,-5.645272714523445,-1.0692015640529346
1785124027.0159948,-5.645278446178212,-1.0692068455883175
1785124027.0209467,-5.645279260155086,-1.0692075958049763
1785124027.0323422,-5.6452848252823244,-1.0692127185038096
1785124027.0342994,-5.64528819859761,-1.069215819611921
1785124027.040569,-5.645287893028222,-1.0692155393226075
1785124027.0442014,-5.645293966069801,-1.0692211017088924
1785124027.0479414,-5.645298002323515,-1.0692247865750175
1785124027.0500154,-5.645297866264269,-1.0692246625594803
1785124027.0568156,-5.645303991001139,-1.0692302397927222
1785124027.0612876,-5.6453078042530365,-1.069233704730593
1785124027.0732384,-5.645307605492266,-1.0692335243534703
1785124027.0759718,-5.645313653993344,-1.0692390100880593
1785124027.0813456,-5.645317771074442,-1.0692427420884654
1785124027.0881927,-5.645317594964364,-1.069242582610041
1785124027.092795,-5.6453240158953495,-1.0692483879689385
1785124027.0953677,-5.645324959583736,-1.0692492402380906
1785124027.1000853,-5.64533168406979,-1.069255310115797
1785124027.1093397,-5.6453327474742405,-1.069256268665188
1785124027.1122334,-5.645339415181597,-1.0692622755010992
1785124027.1167977,-5.645340416895966,-1.0692631747240766
1785124027.1242733,-5.645342206924223,-1.0692647790914995
1785124027.126116,-5.645344396099574,-1.0692667411646448
1785124027.1317296,-5.645346600214879,-1.0692687154949825
1785124027.1397257,-5.645348752899724,-1.0692706436345862
1785124027.1422822,-5.645350949032262,-1.0692726097471776
1785124027.1456366,-5.645354963939583,-1.0692762002071554
1785124027.1503239,-5.645362142565343,-1.0692826087910448
1785124027.1575596,-5.645363189147782,-1.0692835426898468
1785124027.1631494,-5.645366523883071,-1.0692865156310396
1785124027.165551,-5.6453688199173895,-1.0692885609137812
1785124027.178665,-5.645372641072618,-1.0692919611775058
1785124027.181936,-5.645375008794807,-1.0692940635279151
1785124027.186362,-5.645378442418088,-1.0692971064117494
1785124027.1938775,-5.645380432950044,-1.0692988675642927
1785124027.1980033,-5.645383491561938,-1.069301571865464
1785124027.2010305,-5.645387105211924,-1.0693047626203391
1785124027.2102177,-5.645389041806311,-1.0693064710216846
1785124027.2135959,-5.6453867527708645,-1.0693044552567683
1785124027.2157047,-5.645391242106016,-1.0693084030405813
1785124027.2262099,-5.645393401242165,-1.0693102978730433
1785124027.229619,-5.645391193754793,-1.0693083613288001
1785124027.2320302,-5.64539517130658,-1.069311843282443
1785124027.2415063,-5.6453966207938375,-1.069313109104958
1785124027.2456684,-5.64539384452939,-1.0693106852678433
1785124027.248774,-5.645397084752017,-1.0693135130519031
1785124027.2594967,-5.6453951331592185,-1.069311811685069
1785124027.2621372,-5.645398478802927,-1.0693147194972745
1785124027.263003,-5.6453964658472975,-1.0693129717454053
1785124027.2653642,-5.645399444833045,-1.0693155569401556
1785124027.274213,-5.645397181683029,-1.069313597654053
1785124027.2834744,-5.645395680319903,-1.0693122984380867
1785124027.2865856,-5.645394236289368,-1.0693110522753437
1785124027.2912848,-5.645392775944238,-1.069309794459805
1785124027.2962468,-5.645391260478353,-1.0693084930416556
1785124027.3000033,-5.645389624449846,-1.0693070925697075
1785124027.3068602,-5.645387933893086,-1.06930564628819
1785124027.311436,-5.645387701627508,-1.0693054478889128
1785124027.3157883,-5.645390272956387,-1.0693076429105686
1785124027.322208,-5.645387429893122,-1.0693052162857433
1785124027.3255093,-5.645386490027701,-1.069304414631627
1785124027.3317323,-5.6453846391847415,-1.0693028391986317
1785124027.3350723,-5.645383874932558,-1.0693021894351236
1785124027.3402622,-5.6453820529339716,-1.069300642770779
1785124027.3468006,-5.645381143407439,-1.0692998714158233
1785124027.3501344,-5.645379053904572,-1.0692981045681642
1785124027.3572457,-5.645377940154375,-1.0692971653325731
1785124027.3615227,-5.645375713283129,-1.0692952911849432
1785124027.372022,-5.645374387206568,-1.0692941791716353
1785124027.3739486,-5.645371957410512,-1.0692921416877357
1785124027.379504,-5.645370390495402,-1.0692908329147541
1785124027.3906124,-5.645369221426467,-1.069289858838147
1785124027.3969576,-5.64536663473849,-1.0692877088536688
1785124027.4017751,-5.645364812595544,-1.069286198468905
1785124027.4080584,-5.645361886197956,-1.069283775589732
1785124027.411998,-5.64535989430453,-1.0692821296999127
1785124027.418711,-5.645356816040545,-1.0692795895506586
1785124027.422487,-5.645354739837938,-1.0692778787375352
1785124027.4272778,-5.645351544415173,-1.069275250849926
1785124027.4336884,-5.645349313260115,-1.0692734177671643
1785124027.4425328,-5.645345974208093,-1.0692706735688002
1785124027.4448204,-5.645343763790896,-1.0692688621882034
1785124027.4464426,-5.645343928307378,-1.0692689968603977
1785124027.4502316,-5.645339259467848,-1.069265181229878
1785124027.4610138,-5.645336443720612,-1.0692628815660685
1785124027.4627411,-5.64533644650109,-1.069262883831802
1785124027.477654,-5.645331660958843,-1.0692589854723566
1785124027.480602,-5.645330933119766,-1.06925839292235
1785124027.4826708,-5.64532566704327,-1.0692541170254468
1785124027.4847887,-5.645324980680267,-1.0692535610964051
1785124027.4900093,-5.645323713305396,-1.069252536052239
1785124027.4987001,-5.645322114647456,-1.0692512442800293
1785124027.5019464,-5.645320398979441,-1.069249861353511
1785124027.5081532,-5.645318757116049,-1.06924854127193
1785124027.5143394,-5.645315652324803,-1.06924605073095
1785124027.5171876,-5.645313519610607,-1.0692443419400806
1785124027.5260415,-5.645313845183847,-1.0692446021920676
1785124027.5278034,-5.645309059403074,-1.0692407846105083
1785124027.5348735,-5.6453062951018795,-1.0692385850124775
1785124027.5412784,-5.645306831309026,-1.0692390104369793
1785124027.5434675,-5.645304788728495,-1.0692373933490602
1785124027.5460896,-5.645298906757464,-1.069232746953108
1785124027.5516818,-5.645298572259874,-1.0692324833588882
1785124027.5585718,-5.645299859707005,-1.0692334972421045
1785124027.561073,-5.64529564678244,-1.0692301850404542
1785124027.566181,-5.645293492193415,-1.069228494956983
1785124027.575976,-5.645294495691532,-1.0692292802387888
1785124027.5813956,-5.645292864999672,-1.0692280053974863
1785124027.582653,-5.645291722806429,-1.0692271145339434
1785124027.5864916,-5.645289261148783,-1.069225197349463
1785124027.5915394,-5.645286389646639,-1.0692229680188907
1785124027.6011739,-5.645287302326194,-1.0692236762030602
1785124027.607192,-5.645283037764108,-1.0692203733951202
1785124027.6113503,-5.64528383676967,-1.0692209910502712
1785124027.6177616,-5.645282374844473,-1.0692198626180274
1785124027.621834,-5.645279954570993,-1.0692179970461133
1785124027.6266437,-5.645277230078273,-1.069215898030682
1785124027.6330576,-5.645278707825258,-1.0692170342093945
1785124027.6389024,-5.645276469195904,-1.0692153185610476
1785124027.6419044,-5.645274086369504,-1.0692134960895012
1785124027.6471212,-5.645273940453895,-1.0692133849667593
1785124027.6506836,-5.645274490797661,-1.0692138030505633
1785124027.6595278,-5.645275198717814,-1.069214339258475
1785124027.6631095,-5.6452743853882,-1.06921372516096
1785124027.6676555,-5.645274854953817,-1.0692140791749147
1785124027.6751006,-5.645274131145018,-1.0692135344329885
1785124027.6778693,-5.6452748098228405,-1.0692140453568653
1785124027.6819623,-5.6452743170723485,-1.069213675118528
1785124027.6865125,-5.645275319747676,-1.0692144267946433
1785124027.691222,-5.645275014756319,-1.0692141983238876
1785124027.697004,-5.645276162807724,-1.0692150587908027
1785124027.7070572,-5.64527599184489,-1.0692149306274032
1785124027.7103899,-5.645277268386472,-1.0692158863115913
1785124027.723773,-5.64527720997485,-1.069215842680257
1785124027.7257311,-5.645278644346892,-1.0692169101547713
1785124027.7264323,-5.645278715610565,-1.0692169631311983
1785124027.7310874,-5.64528090643706,-1.0692185898233397
1785124027.7410464,-5.6452817682028895,-1.0692192291213385
1785124027.7442513,-5.645280503538886,-1.06921829254812
1785124027.7471085,-5.645282533889872,-1.0692197933879855
1785124027.7505205,-5.645281733931179,-1.0692192025445422
1785124027.760027,-5.645283786247673,-1.0692207162791987
1785124027.7622523,-5.64528309371177,-1.0692202068003263
1785124027.7683883,-5.645285402007856,-1.0692219044666298
1785124027.7740002,-5.645284805652177,-1.0692214659937602
1785124027.7811005,-5.645287145477962,-1.0692231850253486
1785124027.7884583,-5.645286701693986,-1.0692228591162791
1785124027.7903905,-5.645289852193137,-1.0692251714170429
1785124027.79454,-5.645294077967807,-1.0692282690032728
1785124027.8066807,-5.645291748959095,-1.0692265663664515
1785124027.8079696,-5.645294784280251,-1.0692287832510818
1785124027.8094497,-5.6452994610517795,-1.0692321904149147
1785124027.814247,-5.645304524220175,-1.069235882339881
1785124027.825482,-5.645305555043956,-1.0692366330046421
1785124027.8289554,-5.645309417427735,-1.0692394386797177
1785124027.8303642,-5.6453120495939055,-1.0692413423353
1785124027.8328724,-5.645316938103002,-1.069244869629497
1785124027.8446248,-5.645322566731395,-1.0692489303450599
1785124027.8463786,-5.645326084939911,-1.0692514648260842
1785124027.8559592,-5.6453313409088235,-1.0692552606890884
1785124027.8604994,-5.645332862085857,-1.069256358120454
1785124027.865983,-5.645337702602933,-1.0692598509902993
1785124027.8770666,-5.645343580901089,-1.069264081652583
1785124027.8813465,-5.6453473457418255,-1.0692667898875352
1785124027.8848665,-5.645353181207353,-1.0692709754073018
1785124027.8909175,-5.64535503424116,-1.0692723031072415
1785124027.8989565,-5.645360235999244,-1.0692760364138099
1785124027.9006205,-5.64536659115825,-1.0692805850932408
1785124027.9085102,-5.645368805137839,-1.0692821690610905
1785124027.9127042,-5.645374355060492,-1.0692861400565974
1785124027.9168277,-5.645376219651763,-1.0692874756390587
1785124027.9315913,-5.645381918408047,-1.0692915597721886
1785124027.9355924,-5.6453886616046045,-1.0692963805804652
1785124027.9494038,-5.645391121868475,-1.0692981384886826
1785124027.950412,-5.645397039185661,-1.0693023684989253
1785124027.955553,-5.645399114957141,-1.0693038530478143
1785124027.9593203,-5.6454051592537215,-1.0693081659820762
1785124027.9640312,-5.645412370575677,-1.0693133068022693
1785124027.9650908,-5.645417089084349,-1.0693166721348837
1785124027.9736326,-5.645423779925784,-1.069321439833932
1785124027.9755907,-5.645426164288893,-1.069323135365837
1785124027.981909,-5.645432196225841,-1.0693274231541507
1785124027.9862194,-5.645434121081219,-1.0693287897437131
1785124027.9909983,-5.645440168366773,-1.0693330772614262
1785124027.9954426,-5.645447036916109,-1.0693379391204483
1785124028.0048614,-5.645451619349802,-1.0693411826878145
1785124028.0064466,-5.645458326527722,-1.0693459252739401
1785124028.011964,-5.645462678282615,-1.0693489975191284
1785124028.0203176,-5.645469219938502,-1.0693536085342505
1785124028.0304778,-5.645473501816466,-1.0693566199468263
1785124028.0332844,-5.645479994073663,-1.0693611757505697
1785124028.0437891,-5.645481831897006,-1.0693624660516425
1785124028.0528872,-5.645484170458689,-1.06936410254094
1785124028.0570107,-5.64549015659474,-1.0693682822347206
1785124028.0612867,-5.645496920645876,-1.0693730000752468
1785124028.071924,-5.645503577880697,-1.0693776417355014
1785124028.0760362,-5.645501662393345,-1.0693763084174508
1785124028.0792966,-5.645506003963104,-1.0693793244602312
1785124028.0898674,-5.645512005360232,-1.0693834849848878
1785124028.0914872,-5.645518128869044,-1.0693877295672078
1785124028.096303,-5.645521472881235,-1.069390043653716
1785124028.1004646,-5.64552140693137,-1.069389998112212
1785124028.1095896,-5.645525724679674,-1.0693929806103624
1785124028.1181178,-5.645531024999092,-1.069396639889815
1785124028.1195529,-5.645533715313309,-1.069398494990245
1785124028.1262882,-5.645538244241532,-1.0694016111670956
1785124028.1319468,-5.64554040836389,-1.0694030994732993
1785124028.1445796,-5.645544736088477,-1.0694060718803469
1785124028.1483052,-5.645544522264278,-1.0694059251250607
1785124028.1518047,-5.645547833043209,-1.0694081921241232
1785124028.1615121,-5.645547015991773,-1.0694076345859302
1785124028.1732562,-5.645550027898103,-1.0694096856793978
1785124028.1816092,-5.645548917511123,-1.0694089305266832
1785124028.1832027,-5.645551600118707,-1.0694107501351424
1785124028.1888638,-5.645555382377037,-1.069413310620606
1785124028.1929004,-5.645556577467221,-1.0694141178815013
1785124028.1961174,-5.645559784414533,-1.0694162835222913
1785124028.2017179,-5.6455605343882285,-1.0694167899482816
1785124028.2102587,-5.6455632640950215,-1.069418631071131
1785124028.2121606,-5.645561451478905,-1.069417410256585
1785124028.2278795,-5.645563209087531,-1.0694185928532127
1785124028.2293975,-5.645560857132159,-1.069417015444144
1785124028.2350304,-5.645562539408661,-1.069418143003564
1785124028.246298,-5.6455652360876405,-1.0694199513786335
1785124028.2473216,-5.645565393407728,-1.0694200567371757
1785124028.2617,-5.645567417940583,-1.069421410574462
1785124028.2636273,-5.64556717186241,-1.0694212459959187
1785124028.2812946,-5.645569086698193,-1.0694225245212916
1785124028.285861,-5.6455663583932845,-1.069420704965485
1785124028.2953155,-5.6455672529025085,-1.0694213005256188
1785124028.297133,-5.645569283877906,-1.0694226521410348
1785124028.3053124,-5.645568713593005,-1.0694222729829406
1785124028.311958,-5.645570163389201,-1.0694232360294735
1785124028.3147087,-5.645569255148317,-1.0694226336098418
1785124028.316487,-5.645570546934431,-1.0694234888826215
1785124028.3222258,-5.645567248896184,-1.0694213101498353
1785124028.3472514,-5.645567619980987,-1.0694215545833157
1785124028.3486948,-5.645569040626458,-1.0694224888867567
1785124028.3495839,-5.645558215109964,-1.0694153590294504
1785124028.36196,-5.645544295696806,-1.0694062139388927
1785124028.3635442,-5.645530859685414,-1.0693973993518826
1785124028.3645194,-5.645519573428882,-1.0693900017784168
1785124028.3696687,-5.64550933657928,-1.0693833079423456
1785124028.383451,-5.645500456822863,-1.0693775117784603
1785124028.3851023,-5.645491845476119,-1.0693718925680828
1785124028.3858628,-5.645483534839231,-1.0693664678615171
1785124028.3990092,-5.645475277982811,-1.06936107921829
1785124028.400515,-5.645455189367675,-1.069347963859852
1785124028.41978,-5.645433638387395,-1.0693339048599453
1785124028.4223006,-5.645411679079148,-1.0693195860655607
1785124028.426191,-5.645390801732514,-1.0693059662654825
1785124028.4356718,-5.645371159658749,-1.0692931619969352
1785124028.4422271,-5.645352016508091,-1.069280692062231
1785124028.4532437,-5.645336325406607,-1.0692704845133882
1785124028.455664,-5.645320755966057,-1.0692603609366504
1785124028.4626102,-5.645304572736024,-1.0692498444119163
1785124028.4694395,-5.645286638994462,-1.069238204530786
1785124028.49513,-5.645267933309289,-1.0692260577097144
1785124028.5007403,-5.645253423844862,-1.0692166487003651
1785124028.5071225,-5.6452385325490715,-1.0692069897164163
1785124028.5141404,-5.645221838213659,-1.069196159722922
1785124028.5205295,-5.645203130856048,-1.0691840271229178
1785124028.526745,-5.645183218251028,-1.06917110547158
1785124028.5288687,-5.645162071900272,-1.069157376557645
1785124028.5466704,-5.6451405774668215,-1.0691434055151514
1785124028.549818,-5.645122751962054,-1.0691317937666285
1785124028.5668814,-5.645105126529921,-1.06912029316603
1785124028.5675745,-5.645087482807198,-1.0691087744993226
1785124028.5756857,-5.645068772911369,-1.0690965599923283
1785124028.5826511,-5.645048538944812,-1.0690833083359619
1785124028.584401,-5.645026879763449,-1.0690690999095964
1785124028.599576,-5.645005157988235,-1.0690548049080684
1785124028.6088133,-5.644987476199262,-1.0690431508505214
1785124028.612401,-5.644970536953274,-1.0690319642755433
1785124028.617625,-5.6449532746953555,-1.069020537863532
1785124028.6300313,-5.6449356616753645,-1.0690088511812166
1785124028.632232,-5.644917160430913,-1.068996551749071
1785124028.6368587,-5.6448989776389835,-1.0689844620612816
1785124028.6500127,-5.644880947915194,-1.068972446637503
1785124028.6521904,-5.644864297166005,-1.0689613279587487
1785124028.6595833,-5.644848037932655,-1.0689504540239547
1785124028.6674623,-5.644831853939874,-1.0689396047525623
1785124028.6708827,-5.644816476246611,-1.0689292988672732
1785124028.6848516,-5.644801313369192,-1.0689190888954594
1785124028.6868775,-5.644784544043873,-1.0689077986388966
1785124028.6978376,-5.644768203945717,-1.0688967735141421
1785124028.7022467,-5.644752980709407,-1.0688865068878595
1785124028.7073822,-5.644738128740398,-1.0688764599928653
1785124028.7219722,-5.644724506071161,-1.068867222745615
1785124028.7240648,-5.644711739552634,-1.068858556636091
1785124028.7269003,-5.644699504956647,-1.0688502375493116
1785124028.743326,-5.644688040319275,-1.0688424418396534
1785124028.7536733,-5.644674845821993,-1.0688334482349164
1785124028.7592766,-5.644662116700739,-1.0688247724401816
1785124028.7802668,-5.644649358719165,-1.0688160898679395
1785124028.7820594,-5.644637378628016,-1.0688079381267244
1785124028.793215,-5.644626691521487,-1.068800650596227
1785124028.794844,-5.644617050885238,-1.0687940677540853
1785124028.795616,-5.644608359721557,-1.0687881263264856
1785124028.7963169,-5.644599999466635,-1.0687824176611003
1785124028.7969866,-5.644591353378015,-1.0687765113272703
1785124028.811241,-5.644583931440873,-1.0687714380484379
1785124028.8127663,-5.644576619234241,-1.0687664434716362
1785124028.8151052,-5.64457074552678,-1.0687624233576132
1785124028.8182623,-5.644565382913494,-1.0687587466279016
1785124028.8580217,-5.644560086695863,-1.0687551161883588
1785124028.8598628,-5.644555832016327,-1.0687521955187773
1785124028.8658214,-5.644552084399606,-1.0687496185099439
1785124028.8794007,-5.644548764681275,-1.0687473296469685
1785124028.8817923,-5.644545712335085,-1.0687452246987637
1785124028.8881576,-5.6445429868683314,-1.0687433424112058
1785124028.893101,-5.644540555376246,-1.0687416601609232
1785124028.8976486,-5.644538128460037,-1.0687399776981266
1785124028.9123266,-5.644537573480579,-1.0687395926899999
1785124028.9139683,-5.644538694315733,-1.0687403717693398
1785124028.9156547,-5.644540158854024,-1.0687413913142612
1785124028.9170225,-5.644541620162977,-1.0687424104473706
1785124028.9188273,-5.644538353692391,-1.0687401338993028
1785124028.929499,-5.644538277741558,-1.0687400809813519
1785124028.9311252,-5.644539393479669,-1.0687408602924067
1785124028.9326136,-5.644540945062645,-1.0687419436355998
1785124028.9341385,-5.6445379339180635,-1.0687398375448296
1785124028.9361463,-5.64453885117603,-1.0687404787303716
1785124028.947956,-5.6445411865098665,-1.068742111409485
1785124028.949523,-5.644541451859645,-1.0687422974505545
1785124028.9542828,-5.644545203078698,-1.068744927944682
1785124028.9687986,-5.644544857152206,-1.0687446851013305
1785124028.9700716,-5.64454837742078,-1.0687471546372846
1785124028.9707313,-5.644553062028593,-1.0687504434230586
1785124028.9876888,-5.6445552735131015,-1.068751994169284
1785124028.9949565,-5.64456169764335,-1.0687564947577743
1785124029.00254,-5.644564186780066,-1.0687582401990734
1785124029.0065126,-5.6445699086166305,-1.0687622581054315
1785124029.020435,-5.644576326429643,-1.0687667546240995
1785124029.0371478,-5.644582546492417,-1.0687711102481925
1785124029.0389972,-5.64458399070656,-1.0687721225107787
1785124029.0431979,-5.644588587971958,-1.0687753468176604
1785124029.0464942,-5.644594411919438,-1.068779433231115
1785124029.048906,-5.644602355639249,-1.0687850087506028
1785124029.0500379,-5.64461057032512,-1.0687907714593663
1785124029.056804,-5.644617854827596,-1.0687958767637407
1785124029.0590973,-5.644623927456788,-1.068800130730439
1785124029.0618682,-5.644629212971088,-1.068803826569905
1785124029.0770025,-5.644634058491487,-1.0688072145483711
1785124029.0778258,-5.644638845043954,-1.0688105589445056
1785124029.0832303,-5.6446435633136,-1.0688138571216899
1785124029.0884829,-5.644648112393183,-1.0688170383011886
1785124029.096902,-5.644652659536801,-1.0688202231499038
1785124029.098011,-5.644656841595787,-1.06882314849725
1785124029.111851,-5.644660907231185,-1.0688259924788996
1785124029.1159701,-5.644664958478667,-1.0688288273641777
1785124029.1432579,-5.644668860955295,-1.0688315597685094
1785124029.1505065,-5.644672640397295,-1.0688342079568247
1785124029.1519217,-5.644676425361172,-1.0688368608318073
1785124029.1544268,-5.644680237532859,-1.0688395326494364
1785124029.1721108,-5.644684231632096,-1.0688423306886932
1785124029.1749558,-5.644688087649227,-1.0688450325203345
1785124029.1847422,-5.64469199511692,-1.0688477676169208
1785124029.187652,-5.644695773479435,-1.0688504141139168
1785124029.1897342,-5.644699491712612,-1.0688530210311549
1785124029.196066,-5.644703284899782,-1.0688556783400855
1785124029.2038984,-5.644707141878735,-1.068858377108788
1785124029.207479,-5.64471092338789,-1.068861026099456
1785124029.2116685,-5.644714552331893,-1.0688635641878648
1785124029.2289577,-5.6447181685946735,-1.0688660912860686
1785124029.2321794,-5.6447216805608065,-1.0688685437798204
1785124029.2620375,-5.644725205973948,-1.0688710065341611
1785124029.263543,-5.644729054084657,-1.0688736940981565
1785124029.2648914,-5.644732841468455,-1.0688763364285971
1785124029.266027,-5.64473666447981,-1.0688790020704642
1785124029.269425,-5.644740353401046,-1.068881572795179
1785124029.2934275,-5.644744074055354,-1.068884167719879
1785124029.3220868,-5.644747919880657,-1.0688868569682515
1785124029.3274288,-5.644751914852247,-1.0688896556219227
1785124029.3390546,-5.644755826965482,-1.068892396058679
1785124029.3407354,-5.644759858513591,-1.0688952200517083
1785124029.3426557,-5.644763813652521,-1.0688979857584497
1785124029.346311,-5.644767723606009,-1.068900720203226
1785124029.356417,-5.644771717314787,-1.068903511973819
1785124029.3587036,-5.6447757139167445,-1.0689063092536764
1785124029.3605304,-5.644779566059111,-1.0689090081710135
1785124029.3657653,-5.644783769084071,-1.0689119549892276
1785124029.3757882,-5.6447879423889535,-1.0689148762924474
1785124029.3782952,-5.644792021145905,-1.0689177346550442
1785124029.3792841,-5.644796239600371,-1.068920690251354
1785124029.3865788,-5.644800524683447,-1.0689236980348662
1785124029.3961573,-5.644804731029472,-1.0689266560382413
1785124029.3981838,-5.644809044864106,-1.0689296872135778
1785124029.4005501,-5.644813263728976,-1.068932654646763
1785124029.411059,-5.644817368741403,-1.0689355392225388
1785124029.417598,-5.644821531885124,-1.068938467639041
1785124029.425427,-5.644825672107662,-1.0689413780220165
1785124029.4400256,-5.644829774029296,-1.0689442635816355
1785124029.4463956,-5.6448340807171675,-1.0689472987679438
1785124029.4489117,-5.644838258995781,-1.0689502419690684
1785124029.4503458,-5.644842442136841,-1.0689531877876424
1785124029.4605556,-5.644846486709169,-1.068956034699025
1785124029.4648886,-5.644850546807786,-1.0689588918429997
1785124029.4666128,-5.6448544868680175,-1.0689616615522257
1785124029.473558,-5.644858405249506,-1.06896441495383
1785124029.4781473,-5.644862291569885,-1.0689671480199172
1785124029.4821713,-5.644865995061372,-1.0689697560180533
1785124029.4943302,-5.644869697937673,-1.0689723607429569
1785124029.5012999,-5.64487323705272,-1.0689748462397417
1785124029.5045416,-5.644876758951185,-1.0689773216889205
1785124029.5129201,-5.644880209054536,-1.068979744218498
1785124029.5155368,-5.644883447309191,-1.068982014826858
1785124029.5234597,-5.644886667656438,-1.0689842687042368
1785124029.5324209,-5.644889676770109,-1.0689863782282598
1785124029.540748,-5.644892571522197,-1.068988406325372
1785124029.5427206,-5.644895336019071,-1.068990344875909
1785124029.5530555,-5.644897989859548,-1.068992209636759
1785124029.5589767,-5.644900573151856,-1.0689940263964117
1785124029.5660093,-5.6449029796259795,-1.0689957174749019
1785124029.5705702,-5.64490519522976,-1.0689972741085922
1785124029.581945,-5.644907256354557,-1.0689987217597496
1785124029.5866976,-5.644909199985814,-1.0690000894036604
1785124029.6017585,-5.644910925963537,-1.0690013050548512
1785124029.6110387,-5.644912545981454,-1.0690024477837923
1785124029.6131997,-5.644913983011241,-1.0690034598424878
1785124029.6166837,-5.644915240971981,-1.0690043472886592
1785124029.6182392,-5.644916332397708,-1.0690051155513074
1785124029.632424,-5.644917274689706,-1.0690057787025413
1785124029.6353362,-5.644918035481941,-1.0690063145804443
1785124029.6374464,-5.6449186491072165,-1.0690067461486203
1785124029.6498632,-5.644919092447975,-1.069007057663669
1785124029.6634467,-5.644919372462537,-1.069007254578701
1785124029.668487,-5.644919485531508,-1.0690073341597557
1785124029.6712441,-5.644919440719502,-1.0690073026437548
1785124029.681842,-5.644919234094873,-1.0690071576179798
1785124029.7033112,-5.644918889023557,-1.0690069155543616
1785124029.7056599,-5.644918377462736,-1.0690065568954021
1785124029.7082155,-5.644917747731508,-1.0690061149736823
1785124029.7447348,-5.644916941902563,-1.0690055503738036
1785124029.7572947,-5.644915989674769,-1.0690048843178404
1785124029.75974,-5.644914935094858,-1.0690041464819313
1785124029.7763817,-5.644913739948015,-1.0690033100706964
1785124029.7784631,-5.644912393463761,-1.06900236739002
1785124029.7808976,-5.644910948287208,-1.0690013557083105
1785124029.794249,-5.644909419930745,-1.0690002840724033
1785124029.7963874,-5.6449077628488675,-1.0689991224313737
1785124029.7982614,-5.644906061881852,-1.0689979301764083
1785124029.7999816,-5.64490422791418,-1.0689966465453165
1785124029.802898,-5.644902281933281,-1.068995286549655
1785124029.809871,-5.644900231856414,-1.0689938562578547
1785124029.822232,-5.644898084115846,-1.0689923581330518
1785124029.8538218,-5.644895982464947,-1.0689908906182206
1785124029.8720894,-5.644893739114736,-1.068989327446001
1785124029.874547,-5.644891450831207,-1.0689877334343973
1785124029.8760877,-5.644889128673935,-1.068986118374315
1785124029.8915849,-5.644886792559688,-1.0689844970278144
1785124029.8938658,-5.64488430801414,-1.0689827734668522
1785124029.8996854,-5.644881886757154,-1.0689810925174024
1785124029.9143944,-5.644879352881714,-1.0689793346628693
1785124029.9161878,-5.6448768079791,-1.068977569374481
1785124029.925166,-5.644871819723978,-1.0689741081573712
1785124029.929269,-5.6448692673674605,-1.0689723342232333
1785124029.9408224,-5.644866738013587,-1.0689705745697111
1785124029.9429789,-5.644864246089223,-1.0689688397082329
1785124029.944729,-5.644861809260981,-1.068967140846661
1785124029.9460597,-5.644859342531568,-1.0689654207775725
1785124029.9476304,-5.644856961731709,-1.0689637611998077
1785124029.949483,-5.644854496514235,-1.0689620439698135
1785124029.9592395,-5.644852144401772,-1.0689604056524817
1785124029.9614575,-5.644849849768182,-1.0689588067673403
1785124029.9629118,-5.644847636891497,-1.0689572655365964
1785124029.9642088,-5.644845544284512,-1.0689558058731121
1785124029.9659848,-5.64484348098958,-1.068954368193926
1785124029.967988,-5.644841419719123,-1.0689529330141274
1785124029.9790707,-5.6448395082756955,-1.0689516013902887
1785124029.9822006,-5.644837576322785,-1.0689502570681362
1785124029.983878,-5.644835671170073,-1.068948936059031
1785124029.9863958,-5.644833850074533,-1.0689476725141054
1785124029.9992418,-5.644832134051433,-1.0689464815051022
1785124030.001239,-5.6448305428889824,-1.068945376536521
1785124030.0019877,-5.644829004849081,-1.068944309368608
1785124030.0163834,-5.644827586931992,-1.0689433278735931
1785124030.018044,-5.644826293127147,-1.0689424323901995
1785124030.019551,-5.644825013080801,-1.0689415461589389
1785124030.037318,-5.644823846312279,-1.0689407372525777
1785124030.038629,-5.644822759970239,-1.068939984326268
1785124030.0409155,-5.644821803498862,-1.0689393220321286
1785124030.0467856,-5.644820914509216,-1.0689387066105904
1785124030.0515723,-5.644820140384707,-1.0689381698342038
1785124030.0582669,-5.644819457276173,-1.0689376946411402
1785124030.0595915,-5.64481887141707,-1.068937286656976
1785124030.0660768,-5.644818370683219,-1.0689369381799905
1785124030.0715232,-5.6448179572869215,-1.0689366503435827
1785124030.0767643,-5.644817649156151,-1.0689364356085165
1785124030.0856397,-5.644817432937719,-1.0689362851453748
1785124030.098954,-5.644817301142303,-1.0689361934023565
1785124030.1012335,-5.64481726322968,-1.0689361669937671
1785124030.1181781,-5.644817317837924,-1.0689362050479692
1785124030.119254,-5.6448174645080424,-1.0689363074785998
1785124030.1308558,-5.6448177011602505,-1.0689364722860242
1785124030.134326,-5.644818027334969,-1.0689366988675033
1785124030.136053,-5.644818431186647,-1.0689369796943011
1785124030.1401312,-5.644818922421789,-1.068937321639679
1785124030.1422698,-5.644819513133047,-1.0689377326987992
1785124030.1533263,-5.644820170780375,-1.0689381903188755
1785124030.1584065,-5.644820911225098,-1.0689387057169353
1785124030.1616395,-5.644821717327034,-1.0689392663670634
1785124030.175711,-5.64482260786347,-1.0689398850153822
1785124030.1854367,-5.644823553991385,-1.0689405424673557
1785124030.1911545,-5.644824550904821,-1.068941235742457
1785124030.1933603,-5.644825657526699,-1.068942004844744
1785124030.195103,-5.644826754495142,-1.0689427686515216
1785124030.1984613,-5.64482799048683,-1.0689436303852446
1785124030.2078004,-5.644829267526083,-1.068944520444254
1785124030.2092578,-5.644830539563984,-1.0689454077141571
1785124030.2166383,-5.644831957940954,-1.0689463978830238
1785124030.2259,-5.644833413906226,-1.0689474148009812
1785124030.2312903,-5.644834895446964,-1.0689484503816569
1785124030.239394,-5.6448364629779215,-1.0689495466367336
1785124030.2479188,-5.644838081230886,-1.0689506787093588
1785124030.249027,-5.644839660592374,-1.0689517840010716
1785124030.251983,-5.644841291614044,-1.0689529245300056
1785124030.2557392,-5.644842954924547,-1.068954085889766
1785124030.2656345,-5.644844621406685,-1.0689552499477757
1785124030.2742305,-5.644846383335919,-1.0689564820875963
1785124030.2835717,-5.644848126803225,-1.068957700625972
1785124030.2846696,-5.644849885098849,-1.0689589299692348
1785124030.2860653,-5.644851626333572,-1.0689601469497068
1785124030.2917204,-5.644853389881082,-1.0689613782416438
1785124030.2997696,-5.64485521109973,-1.0689626493202036
1785124030.30239,-5.644856988320197,-1.068963890521594
1785124030.306748,-5.644858810593348,-1.0689651634211899
1785124030.315612,-5.6448606038659515,-1.06896641582867
1785124030.3221977,-5.644862440727013,-1.0689676992149062
1785124030.3234699,-5.644864197925472,-1.0689689270003995
1785124030.3325527,-5.64486601450892,-1.0689701969131602
1785124030.3369677,-5.644867739146259,-1.0689714020931527
1785124030.3416867,-5.644869469476461,-1.06897261064319
1785124030.3458025,-5.6448712340250635,-1.068973841595443
1785124030.3501081,-5.644872973027648,-1.0689750568651866
1785124030.3563352,-5.644874703268924,-1.068976266248976
1785124030.361335,-5.644876663646182,-1.0689776360909595
1785124030.3662384,-5.644878680689223,-1.0689790451519212
1785124030.371367,-5.644880588142563,-1.0689803768169803
1785124030.375924,-5.644882503475588,-1.0689817152672854
1785124030.3813999,-5.644884364835859,-1.0689830160388685
1785124030.3861682,-5.644886172432126,-1.0689842815524029
1785124030.39119,-5.644887977698075,-1.0689855484152113
1785124030.3959646,-5.64488970756841,-1.068986761837351
1785124030.4011555,-5.644891521109064,-1.068988033514304
1785124030.406442,-5.644893210449679,-1.0689892183170973
1785124030.4103537,-5.644894870425768,-1.068990382660057
1785124030.4156382,-5.6448965077739786,-1.0689915318577647
1785124030.4211633,-5.644898139780895,-1.0689926780136867
1785124030.4249384,-5.644899740849337,-1.0689938035091342
1785124030.4318397,-5.6449012872876585,-1.068994889921088
1785124030.4354432,-5.644902847014363,-1.0689959850804984
1785124030.4409263,-5.6449043457246875,-1.0689970372865263
1785124030.445426,-5.644905818887264,-1.0689980718384744
1785124030.4501352,-5.644907227900667,-1.0689990595214405
1785124030.4557927,-5.6449086194119955,-1.0690000359328056
1785124030.460994,-5.6449099290759115,-1.0690009536189318
1785124030.4660904,-5.644911213926876,-1.069001854117621
1785124030.4717228,-5.6449124633525285,-1.0690027293352706
1785124030.4757016,-5.644913636289802,-1.069003550856753
1785124030.4807422,-5.644914783968443,-1.0690043551113053
1785124030.4868147,-5.644915885548194,-1.069005127301247
1785124030.4910133,-5.644916968886611,-1.0690058866900978
1785124030.4956791,-5.64491799685521,-1.0690066069608766
1785124030.5003464,-5.644918950649239,-1.0690072758038662
1785124030.506577,-5.644919850121565,-1.0690079070394718
1785124030.511028,-5.644920707624615,-1.06900850902296
1785124030.5170648,-5.644921509341633,-1.069009071576605
1785124030.5223591,-5.644922266107961,-1.069009603152206
1785124030.5274456,-5.644922976416283,-1.0690101026842784
1785124030.535593,-5.644923612890725,-1.0690105497098006
1785124030.5392644,-5.644924198423146,-1.0690109615954055
1785124030.540836,-5.644924742498849,-1.0690113443967004
1785124030.5461447,-5.644925216110069,-1.0690116775760337
1785124030.5501604,-5.644925645992231,-1.0690119802627118
1785124030.557134,-5.644926029649358,-1.0690122499573977
1785124030.5613008,-5.644926359441562,-1.0690124823046363
1785124030.5655842,-5.644926630235035,-1.069012672945127
1785124030.5721824,-5.644926854952797,-1.0690128308871252
1785124030.575415,-5.644927029662784,-1.0690129538467605
1785124030.581437,-5.6449271555293645,-1.0690130424018087
1785124030.589144,-5.644927232595176,-1.069013096647265
1785124030.5923276,-5.644927263215563,-1.069013118191448
1785124030.596535,-5.644927246518614,-1.0690131064470818
1785124030.6021,-5.644927186389013,-1.0690130642146496
1785124030.6072345,-5.644927081623206,-1.0690129906381622
1785124030.6109173,-5.644926931706754,-1.069012885493065
1785124030.6160316,-5.6449267447320395,-1.0690127544247972
1785124030.6214402,-5.644926516043374,-1.069012594112161
1785124030.6254945,-5.644926238656904,-1.0690123994518674
1785124030.6387904,-5.644925939864954,-1.0690121896001503
1785124030.6404345,-5.64492560622206,-1.0690119553742008
1785124030.6465898,-5.644925243543048,-1.069011700866879
1785124030.6510344,-5.64492484063298,-1.069011417956093
1785124030.656388,-5.644924404560421,-1.0690111118638355
1785124030.6606562,-5.644923949650248,-1.0690107930605897
1785124030.6657538,-5.644923457492054,-1.0690104482655223
1785124030.6719623,-5.644922931122109,-1.0690100792804678
1785124030.6753066,-5.644922397368655,-1.069009705077387
1785124030.68157,-5.644921843979368,-1.0690093169326378
1785124030.6860576,-5.644921291726271,-1.0690089291981537
1785124030.6908047,-5.644920697382237,-1.0690085108889984
1785124030.695605,-5.64492009607803,-1.0690080877305357
1785124030.6998508,-5.644919457455084,-1.0690076382267666
1785124030.7057433,-5.644918838275579,-1.0690072018228105
1785124030.7109807,-5.644918206056788,-1.0690067565249142
1785124030.7157493,-5.644917583609989,-1.069006318001101
1785124030.7214842,-5.644916921832167,-1.0690058526018864
1785124030.7280977,-5.644916273010829,-1.069005395237228
1785124030.7321079,-5.644915594142042,-1.0690049166628588
1785124030.7423856,-5.644914911980269,-1.0690044358366293
1785124030.7455997,-5.644914251883074,-1.069003970594237
1785124030.7516222,-5.644913595327863,-1.0690035086881096
1785124030.7568254,-5.644912941134298,-1.0690030489632958
1785124030.7601955,-5.644912289268556,-1.0690025904697857
1785124030.7653596,-5.644911646788974,-1.0690021380839678
1785124030.7713692,-5.644910995779743,-1.0690016792442079
1785124030.7752316,-5.644910389385716,-1.0690012507212698
1785124030.780088,-5.644909768165369,-1.069000812114588
1785124030.7880237,-5.644909144102597,-1.0690003707434572
1785124030.793914,-5.644908568684504,-1.068999963240408
1785124030.8018363,-5.6449079870513375,-1.068999550941036
1785124030.8040988,-5.644907428169596,-1.0689991547672884
1785124030.8079412,-5.644907198199201,-1.0689989916484983
1785124030.8119006,-5.644907018709803,-1.0689988641467538
1785124030.8183048,-5.644906801182313,-1.0689987098157165
1785124030.8236115,-5.644906439319567,-1.0689984535406631
1785124030.8267472,-5.64490615750288,-1.0689982536068878
1785124030.8314955,-5.644905900102605,-1.0689980708699687
1785124030.8365963,-5.644905668654331,-1.0689979064745982
1785124030.845079,-5.6449054630814155,-1.0689977605469048
1785124030.8483489,-5.644905270846454,-1.068997624085675
1785124030.8514645,-5.644905116958104,-1.0689975148950692
1785124030.8562727,-5.644904998390623,-1.0689974305520977
1785124030.8619974,-5.644904914795192,-1.068997370919299
1785124030.8653834,-5.644904870201489,-1.068997339124556
1785124030.871834,-5.644904865516226,-1.0689973357812963
1785124030.8754795,-5.64490489970362,-1.0689973601894336
1785124030.8806906,-5.644904969468344,-1.0689974100078916
1785124030.886895,-5.644905078481943,-1.0689974879657675
1785124030.8909187,-5.644905220152564,-1.0689975891635703
1785124030.8948867,-5.64490539714044,-1.0689977155958705
1785124030.9005735,-5.644905847901027,-1.0689980376436632
1785124030.906218,-5.6449061835138306,-1.068998277580319
1785124030.9101005,-5.644906564211067,-1.06899854962155
1785124030.9159024,-5.644907052742749,-1.0689988994238497
1785124030.9220345,-5.644907474324507,-1.0689992012822167
1785124030.9256365,-5.64490798215892,-1.0689995655944837
1785124030.9310725,-5.644908510937285,-1.068999944902158
1785124030.9355552,-5.64490905820139,-1.069000337460259
1785124030.9424186,-5.644909590129076,-1.0690007189460025
1785124030.9449935,-5.644910143315965,-1.069001116070626
1785124030.9507558,-5.64491074732747,-1.0690015500575558
1785124030.9554915,-5.644911346251507,-1.069001980114363
1785124030.9604375,-5.644911995264884,-1.069002445704825
1785124030.9662776,-5.644912673523483,-1.0690029323761487
1785124030.9706805,-5.6449133878033235,-1.0690034446457228
1785124030.975229,-5.644914081511844,-1.0690039423382556
1785124030.9814255,-5.644914804437393,-1.0690044601065782
1785124030.986483,-5.644915524305479,-1.0690049759918603
1785124030.9902577,-5.644916315834711,-1.0690055432019574
1785124030.9952927,-5.6449171195751795,-1.069006119313792
1785124031.0005262,-5.644917914064561,-1.069006689175767
1785124031.0056944,-5.644918737601041,-1.0690072795474952
1785124031.0105433,-5.644919566527941,-1.0690078736078255
1785124031.0157218,-5.644920395823793,-1.0690084673649858
1785124031.021077,-5.644921276973989,-1.069009097866844
1785124031.025894,-5.644922108780832,-1.0690096940043265
1785124031.0310473,-5.644922983581908,-1.069010321993232
1785124031.0354085,-5.644923817189217,-1.0690109199617506
1785124031.0412583,-5.644924718920133,-1.069011566326898
1785124031.0447342,-5.644925564639095,-1.0690121733122244
1785124031.050769,-5.644926397175363,-1.0690127709340895
1785124031.0552847,-5.644927245235321,-1.0690133796827959
1785124031.0604634,-5.644928101520527,-1.0690139944863166
1785124031.0659583,-5.644928925886943,-1.0690145874862782
1785124031.0703166,-5.644929745873641,-1.069015177917217
1785124031.0748575,-5.644930555521406,-1.0690157599000476
1785124031.0804684,-5.64493134685328,-1.0690163282835583
1785124031.0852516,-5.644932145453233,-1.06901690199776
1785124031.0912614,-5.644932918888323,-1.0690174566670438
1785124031.0948517,-5.6449336632071345,-1.069017990404757
1785124031.0997999,-5.6449344118272435,-1.0690185269460115
1785124031.1056302,-5.644935114653912,-1.0690190307401821
1785124031.1112456,-5.6449358047153995,-1.0690195252913106
1785124031.1154103,-5.644936496235165,-1.0690200206944023
1785124031.1201868,-5.644937146254073,-1.0690204859917265
1785124031.125494,-5.644937800212478,-1.069020954461297
1785124031.130921,-5.644938392428053,-1.0690213774264794
1785124031.1350467,-5.644938974974857,-1.0690217932912491
1785124031.1416414,-5.644939556502437,-1.0690222080951783
1785124031.1455927,-5.644940086960078,-1.0690225861595133
1785124031.1501598,-5.6449405973856415,-1.0690229501171717
1785124031.1553595,-5.644941096086643,-1.0690233052715992
1785124031.1605182,-5.644941550010417,-1.0690236283516132
1785124031.1653955,-5.644941980871937,-1.0690239349190058
1785124031.170276,-5.644942397204842,-1.0690242312093527
1785124031.1755736,-5.644942770143637,-1.0690244968306544
1785124031.1799037,-5.644943118984653,-1.0690247451425545
1785124031.1852083,-5.644943443968957,-1.0690249766774362
1785124031.1905456,-5.644943744542437,-1.0690251910402644
1785124031.1955147,-5.644944010970961,-1.0690253811771655
1785124031.2002711,-5.644944255617858,-1.069025555982744
1785124031.2060952,-5.644944471795901,-1.0690257104879919
1785124031.2111757,-5.644944653123126,-1.0690258398775718
1785124031.2154288,-5.644944815094705,-1.0690259554820198
1785124031.2212057,-5.644944941806167,-1.069026045965842
1785124031.2261217,-5.6449450440021325,-1.0690261189402794
1785124031.231102,-5.6449451241271875,-1.0690261762254771
1785124031.2355287,-5.644945174748199,-1.0690262123822556
1785124031.243493,-5.644945202654684,-1.0690262322842643
1785124031.2462025,-5.644945205351646,-1.0690262342134202
1785124031.2512827,-5.64494518394695,-1.06902621892052
1785124031.2564359,-5.6449451412702825,-1.0690261883873078
1785124031.2613046,-5.64494507424239,-1.069026140378614
1785124031.2655811,-5.644944984786345,-1.0690260763355997
1785124031.270331,-5.644944877586919,-1.0690259994808868
1785124031.2763488,-5.644944749055538,-1.0690259073324124
1785124031.2805746,-5.644944597989212,-1.0690257991263028
1785124031.2857282,-5.644944436739573,-1.0690256835836551
1785124031.2911549,-5.644944252557537,-1.0690255515741216
1785124031.2958603,-5.644944052554811,-1.0690254083059791
1785124031.300478,-5.644943832141904,-1.0690252505274038
1785124031.3061366,-5.6449435977309195,-1.069025082829724
1785124031.3121204,-5.6449433470990025,-1.0690249037710968
1785124031.3153462,-5.6449430812995445,-1.0690247139504072
1785124031.320665,-5.644942809367587,-1.0690245197547297
1785124031.325814,-5.644942514887148,-1.0690243092923257
1785124031.331239,-5.64494221133877,-1.0690240926485692
1785124031.3355005,-5.644941913974878,-1.0690238804624503
1785124031.3448048,-5.6449416001869235,-1.0690236569482257
1785124031.346805,-5.644941282847438,-1.06902343096084
1785124031.350907,-5.644940947929699,-1.0690231923681703
1785124031.3554375,-5.644940605717399,-1.0690229486062233
1785124031.3605957,-5.6449402558668815,-1.0690226989475653
1785124031.365563,-5.644939910327719,-1.0690224524830367
1785124031.3709664,-5.644939560717182,-1.0690222029873737
1785124031.3755646,-5.644939209441133,-1.0690219520759583
1785124031.380786,-5.64493884522755,-1.0690216920637516
1785124031.3853593,-5.644938480140277,-1.0690214311893473
1785124031.3904629,-5.644938113266046,-1.0690211691393858
1785124031.395174,-5.6449377394131455,-1.0690209024369137
1785124031.4005747,-5.644937383527972,-1.069020648444372
1785124031.40577,-5.644937020369172,-1.0690203894534265
1785124031.4106336,-5.644936658090905,-1.0690201311175662
1785124031.4156857,-5.64493630181183,-1.0690198768924517
1785124031.4207716,-5.644935956938015,-1.0690196306796045
1785124031.4260237,-5.644935670238501,-1.0690194258577383
1785124031.4305317,-5.644935441476647,-1.0690192623714097
1785124031.4364836,-5.644935206472876,-1.0690190944192968
1785124031.4434173,-5.644934954368869,-1.0690189142672857
1785124031.445608,-5.644934691531744,-1.069018726437985
1785124031.451255,-5.64493442061298,-1.069018532743621
1785124031.4561112,-5.644934161112218,-1.069018347208578
1785124031.460813,-5.644933913616644,-1.0690181703618034
1785124031.4657655,-5.644933678550621,-1.0690180025883111
1785124031.4711125,-5.644933457554969,-1.0690178448553358
1785124031.4755564,-5.644933250648767,-1.0690176971833187
1785124031.4802523,-5.644933057386603,-1.0690175595328515
1785124031.4858928,-5.644932883058443,-1.0690174351593347
1785124031.4906394,-5.644932711720894,-1.06901731293487
1785124031.496012,-5.644932559217287,-1.0690172040685355
1785124031.5006776,-5.644932419849484,-1.0690171046039088
1785124031.5057843,-5.644932294254773,-1.0690170149380973
1785124031.5109365,-5.644932182089223,-1.0690169347029028
1785124031.515516,-5.64493208041961,-1.069016862097284
1785124031.520719,-5.644931992959809,-1.0690167996397424
1785124031.526149,-5.644931919708519,-1.0690167473676642
1785124031.5308104,-5.644931858290708,-1.0690167035549043
1785124031.5372257,-5.644931810157098,-1.0690166692781566
1785124031.5440288,-5.644931775615841,-1.0690166446602076
1785124031.545575,-5.64493175349399,-1.0690166288986322
1785124031.550479,-5.644931743967637,-1.0690166221095567
1785124031.5568802,-5.64493174658791,-1.069016623977836
1785124031.5608768,-5.64493176132685,-1.0690166344864134
1785124031.5658333,-5.6449317879263,-1.0690166534616412
1785124031.5703032,-5.644931826280558,-1.069016680826097
1785124031.576591,-5.64493187429252,-1.0690167150720735
1785124031.5808296,-5.644931934156881,-1.0690167577767833
1785124031.58523,-5.6449320038897275,-1.069016807567685
1785124031.5908463,-5.644932090973268,-1.0690168696934665
1785124031.5956357,-5.644932184526406,-1.0690169365713038
1785124031.601467,-5.64493229058209,-1.0690170123127665
1785124031.606465,-5.644932401008257,-1.0690170913074664
1785124031.6114123,-5.644932522246773,-1.0690171780936424
1785124031.6157901,-5.644932656135092,-1.0690172740217558
1785124031.6239235,-5.644932795109822,-1.0690173735439041
1785124031.6257539,-5.644932939380548,-1.0690174768598897
1785124031.632065,-5.644933090898812,-1.0690175852846695
1785124031.6370158,-5.644933251770694,-1.0690177003771824
1785124031.6441908,-5.6449334211226105,-1.0690178214479737
1785124031.646433,-5.644933591909839,-1.0690179435462006
1785124031.6508522,-5.644933762748665,-1.0690180656482737
1785124031.6564293,-5.644933946260759,-1.0690181969595225
1785124031.6610456,-5.64493413994644,-1.0690183356554763
1785124031.6657243,-5.644934328885405,-1.0690184710169757
1785124031.6709237,-5.644934530541993,-1.069018615565592
1785124031.676099,-5.644934731441732,-1.0690187594379994
1785124031.6806786,-5.644934934919411,-1.0690189050708847
1785124031.6861386,-5.644935139617361,-1.0690190516547327
1785124031.6916168,-5.644935350098142,-1.0690192024636067
1785124031.6955376,-5.644935558989054,-1.0690193522389202
1785124031.7007768,-5.644935770075451,-1.0690195038961126
1785124031.7052865,-5.644935983717994,-1.069019657587197
1785124031.7105157,-5.6449361975752055,-1.069019811572537
1785124031.715346,-5.644936406106209,-1.0690199615633538
1785124031.7206013,-5.644936621543819,-1.0690201164175013
1785124031.729913,-5.64493683400453,-1.069020269078983
1785124031.7322266,-5.644937043662454,-1.06902041971021
1785124031.7352197,-5.644937247113081,-1.0690205658090315
1785124031.742208,-5.64493745630822,-1.0690207160282783
1785124031.7451558,-5.644937662552644,-1.0690208641825927
1785124031.7507477,-5.644937865076716,-1.0690210097190795
1785124031.7562356,-5.644938062188503,-1.0690211514497987
1785124031.760676,-5.644938263832889,-1.0690212963336265
1785124031.766037,-5.6449384506675795,-1.069021430858664
1785124031.7717307,-5.644938638465004,-1.0690215659686009
1785124031.7757065,-5.64493881815009,-1.0690216951453642
1785124031.7810447,-5.644938991275713,-1.06902181957369
1785124031.7865484,-5.644939158533993,-1.0690219398443457
1785124031.7919443,-5.644939321513592,-1.069022056894447
1785124031.7955856,-5.644939483821982,-1.0690221735623209
1785124031.8021832,-5.6449396400825504,-1.069022285939884
1785124031.806677,-5.644939787668395,-1.0690223919190105
1785124031.8124113,-5.64493993132218,-1.0690224950108513
1785124031.815801,-5.644940068955799,-1.069022593769461
1785124031.8225927,-5.644940202645384,-1.0690226895830817
1785124031.8277307,-5.644940327588734,-1.0690227791754046
1785124031.832055,-5.644940451479774,-1.0690228681382912
1785124031.8369124,-5.644940562307285,-1.0690229475287243
1785124031.8433187,-5.644940669444135,-1.0690230243657253
1785124031.8475041,-5.644940770123795,-1.0690230964818606
1785124031.8513613,-5.644940861775554,-1.0690231621911315
1785124031.8567343,-5.6449409492808975,-1.0690232249470737
1785124031.86109,-5.64494102992837,-1.0690232827259538
1785124031.8664732,-5.644941100554579,-1.0690233333546533
1785124031.8722296,-5.6449411641301594,-1.069023378918462
1785124031.8765106,-5.644941224314425,-1.0690234220707056
1785124031.880989,-5.644941276744935,-1.069023459673946
1785124031.886033,-5.644941322002153,-1.069023492093316
1785124031.8921938,-5.644941360361624,-1.0690235195473077
1785124031.8959105,-5.644941391166873,-1.069023541576252
1785124031.9008691,-5.644941417151172,-1.0690235601552243
1785124031.907986,-5.644941436150177,-1.0690235737463558
1785124031.9118676,-5.644941448837101,-1.0690235828284216
1785124031.9158387,-5.644941455178805,-1.0690235873653282
1785124031.9225726,-5.644941455675856,-1.0690235877211454
1785124031.9260492,-5.644941450322021,-1.0690235838906426
1785124031.9309173,-5.644941439654369,-1.0690235762511267
1785124031.9362543,-5.644941423426642,-1.0690235646391621
1785124031.9450092,-5.644941402296026,-1.0690235495184492
1785124031.9468331,-5.6449413751839765,-1.0690235301247981
1785124031.9504597,-5.644941342921411,-1.0690235070768497
1785124031.9575176,-5.644941306256905,-1.0690234809308254
1785124031.9614332,-5.644941263938143,-1.0690234507800263
1785124031.9674673,-5.644941217635181,-1.0690234178120388
1785124031.9711592,-5.644941166826485,-1.0690233816103565
1785124031.9753654,-5.644941113254015,-1.0690233434632468
1785124031.9806418,-5.644941056880867,-1.0690233033182799
1785124031.9881642,-5.6449409934209696,-1.0690232580791756
1785124031.9901295,-5.644940928281202,-1.0690232116141327
1785124031.9950073,-5.644940860076259,-1.0690231629701041
1785124032.0002425,-5.644940791982677,-1.0690231143410835
1785124032.0065272,-5.64494072097498,-1.0690230636141143
1785124032.0103085,-5.644940646265984,-1.069023010209929
1785124032.0160074,-5.644940566640855,-1.0690229534044253
1785124032.0258079,-5.644940486666175,-1.0690228964092954
1785124032.027859,-5.6449404059049195,-1.0690228389137943
1785124032.0307102,-5.644940321169767,-1.0690227785830209
1785124032.035807,-5.644940234666985,-1.0690227169469833
1785124032.0438027,-5.644940150508094,-1.0690226569393309
1785124032.0462275,-5.644940065516859,-1.0690225964585902
1785124032.050788,-5.644939980266168,-1.069022535800484
1785124032.0573606,-5.644939892019051,-1.0690224730287525
1785124032.0605714,-5.644939807130104,-1.0690224126348047
1785124032.0669124,-5.644939720623091,-1.0690223510726855
1785124032.073303,-5.644939634770349,-1.0690222900687583
1785124032.075013,-5.644939548995373,-1.06902222919307
1785124032.080013,-5.644939464915751,-1.0690221694266722
1785124032.090357,-5.644939380981303,-1.069022109705585
1785124032.0935087,-5.644939301569455,-1.069022053275374
1785124032.0967689,-5.644939222055395,-1.0690219967311827
1785124032.1005363,-5.644939143562529,-1.0690219409903823
1785124032.1073067,-5.644939067727099,-1.069021887177119
1785124032.1109989,-5.6449389906145155,-1.0690218324877436
1785124032.1165662,-5.64493891631194,-1.0690217797715824
1785124032.1225696,-5.644938844765902,-1.069021728917343
1785124032.125593,-5.64493877451477,-1.0690216789718239
1785124032.1306834,-5.644938707989881,-1.0690216316275083
1785124032.1363876,-5.644938644446963,-1.0690215863355963
1785124032.1443822,-5.6449385822505596,-1.0690215419468805
1785124032.1462162,-5.644938522532197,-1.0690214992477216
1785124032.1500976,-5.644938468489673,-1.0690214606855006
1785124032.1568165,-5.644938416242264,-1.06902142343515
1785124032.1600952,-5.644938365887684,-1.069021387513143
1785124032.1669443,-5.644938317857047,-1.069021353223643
1785124032.1719484,-5.6449382730764395,-1.0690213212549846
1785124032.1754863,-5.6449382330854965,-1.0690212927364529
1785124032.1819248,-5.64493819453559,-1.0690212652868392
1785124032.1873412,-5.644938160055009,-1.0690212407455728
1785124032.1913095,-5.644938129717263,-1.0690212191576296
1785124032.19624,-5.644938101792848,-1.0690211993303675
1785124032.2003694,-5.644938077186774,-1.0690211818595894
1785124032.2070441,-5.644938056105022,-1.0690211669135947
1785124032.211201,-5.644938038472222,-1.0690211543934565
1785124032.2179284,-5.6449380239232525,-1.0690211440692108
1785124032.2231545,-5.644938013125431,-1.0690211364048277
1785124032.2257984,-5.644938005437258,-1.0690211309428748
1785124032.2311387,-5.644938001154629,-1.0690211279041546
1785124032.2375915,-5.644937999941563,-1.069021127043787
1785124032.2443333,-5.644938001925821,-1.0690211284515272
1785124032.2468467,-5.644938006677319,-1.0690211318169778
1785124032.2511463,-5.64493801447855,-1.0690211373411684
1785124032.2569308,-5.64493802497249,-1.0690211447702265
1785124032.2617035,-5.644938037341583,-1.0690211535301786
1785124032.2670121,-5.64493805275001,-1.0690211644516774
1785124032.2730422,-5.644938070477786,-1.0690211770157763
1785124032.2759566,-5.6449380906901645,-1.0690211913254182
1785124032.2808187,-5.644938113337558,-1.0690212073553549
1785124032.2859912,-5.644938137566947,-1.0690212244953317
1785124032.29081,-5.644938164141345,-1.0690212432664115
1785124032.2953935,-5.6449381935179375,-1.0690212639916914
1785124032.3003078,-5.644938223797505,-1.0690212853477064
1785124032.306206,-5.644938256328848,-1.0690213082899649
1785124032.3098688,-5.644938290282727,-1.0690213322157063
1785124032.3156502,-5.644938325875799,-1.0690213572903235
1785124032.3222837,-5.6449383611174655,-1.0690213820947243
1785124032.328442,-5.644938398528262,-1.0690214084198733
1785124032.3304055,-5.644938436886028,-1.0690214354348044
1785124032.338035,-5.6449384764698065,-1.0690214633398094
1785124032.3456776,-5.644938517141517,-1.0690214920106227
1785124032.3476348,-5.64493855714024,-1.069021520177844
1785124032.3513532,-5.644938597219108,-1.0690215483723353
1785124032.3568506,-5.64493863926993,-1.069021577984768
1785124032.3621683,-5.644938678901657,-1.0690216058882678
1785124032.368299,-5.64493872090915,-1.0690216354433217
1785124032.3722622,-5.644938761109242,-1.0690216635981598
1785124032.3758113,-5.644938801682394,-1.0690216920654614
1785124032.382887,-5.644938842565569,-1.069021720725255
1785124032.3864555,-5.644938882562892,-1.0690217488055989
1785124032.3909495,-5.644938921434007,-1.0690217761507932
1785124032.3957822,-5.644938959419456,-1.0690218028539453
1785124032.4016669,-5.644938997367693,-1.0690218295256135
1785124032.4084141,-5.644939034700717,-1.0690218557835183
1785124032.4116726,-5.644939069690918,-1.0690218804158729
1785124032.4164658,-5.644939105106041,-1.069021905372125
1785124032.4240167,-5.644939138512451,-1.069021928913172
1785124032.4254363,-5.64493917127417,-1.0690219519862858
1785124032.4308698,-5.644939202538525,-1.069021974013149
1785124032.4687793,-5.644939232214795,-1.0690219949299957
1785124032.4899356,-5.644939260436912,-1.0690220147926932
1785124032.4956698,-5.644939287318606,-1.0690220337121885
1785124032.5022483,-5.644939312673831,-1.0690220515472435
1785124032.506697,-5.644939336445861,-1.0690220682422853
1785124032.5126324,-5.644939359300234,-1.069022084287955
1785124032.5161958,-5.644939379872286,-1.0690220987422308
1785124032.518612,-5.644939398475291,-1.0690221118207495
1785124032.5251102,-5.644939415115742,-1.0690221235116844
1785124032.5269475,-5.644939430017136,-1.0690221339901829
1785124032.5319188,-5.644939442346331,-1.0690221426617854
1785124032.5372264,-5.644939452878701,-1.069022150082714
1785124032.541262,-5.644939461291379,-1.0690221560058286
1785124032.546712,-5.644939467873581,-1.069022160640015
1785124032.5509503,-5.644939472359656,-1.0690221637994255
1785124032.5579643,-5.64493947484084,-1.069022165546012
1785124032.5608091,-5.644939475287147,-1.069022165860527
1785124032.5664048,-5.6449394747054376,-1.069022165450144
1785124032.5738714,-5.644939473812759,-1.0690221648192746
1785124032.576682,-5.644939472469284,-1.0690221638695627
1785124032.5809991,-5.644939470999329,-1.069022162829533
1785124032.5911539,-5.644939469362384,-1.0690221616692457
1785124032.5951035,-5.6449394671678474,-1.0690221601150662
1785124032.6066487,-5.644939464222194,-1.0690221580296173
1785124032.6083794,-5.644939460188141,-1.0690221551734793
1785124032.6098688,-5.6449394551099425,-1.069022151584747
1785124032.611209,-5.644939448693519,-1.0690221470403818
1785124032.6161177,-5.644939441162315,-1.0690221417094667
1785124032.627792,-5.644939432608559,-1.0690221356544098
1785124032.629094,-5.6449394231994745,-1.0690221289867006
1785124032.6360507,-5.644939413501648,-1.0690221221103262
1785124032.641338,-5.644939402505062,-1.0690221143115761
1785124032.6455212,-5.6449393908445895,-1.0690221060390686
1785124032.6515133,-5.644939378344843,-1.069022097182962
1785124032.656674,-5.644939364104024,-1.0690220870760205
1785124032.66067,-5.6449393490079505,-1.0690220763802414
1785124032.6657388,-5.644939333063423,-1.0690220650630342
1785124032.6706214,-5.644939315390259,-1.0690220525174776
1785124032.67683,-5.6449392966474035,-1.0690220392155931
1785124032.68264,-5.644939276353408,-1.06902202480849
1785124032.6924365,-5.644939255332185,-1.0690220098976224
1785124032.7051375,-5.6449392335470225,-1.069021994424873
1785124032.724532,-5.64493911431719,-1.0690219097011389
1785124032.727242,-5.644938987786493,-1.069021819835416
1785124032.729259,-5.644938944072775,-1.069021788765188
1785124032.7319732,-5.644938898046756,-1.0690217560620636
1785124032.7355087,-5.644938817549311,-1.0690216987968713
1785124032.7431512,-5.644938734751,-1.0690216398859653
1785124032.7467718,-5.644938659137524,-1.0690215860932544
1785124032.7581253,-5.644938586289306,-1.0690215342900873
1785124032.7713087,-5.6449385147284605,-1.069021483412394
1785124032.7760117,-5.644938441946529,-1.0690214316512738
1785124032.779194,-5.644938367603944,-1.069021378717879
1785124032.7835362,-5.644938289699801,-1.0690213231335097
1785124032.7887843,-5.64493820396421,-1.0690212619101351
1785124032.7907696,-5.6449381159655205,-1.0690211991542204
1785124032.7967017,-5.644938024832408,-1.0690211341313853
1785124032.7979107,-5.644937928101239,-1.0690210650678598
1785124032.8011765,-5.644937830208294,-1.0690209951362644
1785124032.80753,-5.644937732968808,-1.0690209257302532
1785124032.81135,-5.6449376331749415,-1.0690208544291329
1785124032.8197756,-5.644937526987706,-1.0690207785383332
1785124032.8259242,-5.644937426104197,-1.0690207063750115
1785124032.8289466,-5.644937317188994,-1.0690206285065231
1785124032.8317306,-5.644937153148842,-1.0690205111247175
1785124032.8370197,-5.644936953800911,-1.0690203682610697
1785124032.8435338,-5.644936779781301,-1.0690202435719287
1785124032.8476093,-5.644936629179016,-1.0690201356505658
1785124032.8509858,-5.644936491107088,-1.0690200367457205
1785124032.8573334,-5.644936364250792,-1.0690199459242768
1785124032.8614173,-5.644936246321902,-1.0690198615110702
1785124032.8675916,-5.64493612862507,-1.0690197773069148
1785124032.876323,-5.644936007906061,-1.069019690899757
1785124032.878251,-5.644935883041024,-1.0690196016812636
1785124032.8823152,-5.64493576044936,-1.0690195140548127
1785124032.9016013,-5.644935633899419,-1.0690194234957509
1785124032.9160964,-5.644935510263048,-1.06901933513053
1785124032.9249787,-5.644935382604702,-1.0690192438402208
1785124032.9270573,-5.6449352531588515,-1.0690191513356264
1785124032.9285457,-5.644935129713533,-1.0690190632018017
1785124032.931127,-5.644935004034438,-1.069018973503133
1785124032.935581,-5.644934885174516,-1.0690188886156582
1785124032.9422207,-5.6449347701931964,-1.0690188065299093
1785124032.9443727,-5.644934655731181,-1.0690187247992131
1785124032.9465032,-5.644934544423683,-1.069018645332051
1785124032.9525025,-5.644934436624773,-1.069018568403163
1785124032.962573,-5.644934331412214,-1.0690184931514952
1785124032.9648786,-5.644934230432403,-1.0690184210321758
1785124032.96944,-5.644934132211242,-1.0690183509262097
1785124032.9768841,-5.644934038905768,-1.0690182843879477
1785124032.9792159,-5.644933951883098,-1.069018222291334
1785124032.9826345,-5.644933868539242,-1.0690181628274582
1785124032.987099,-5.644933790604606,-1.06901810718527
1785124032.992849,-5.644933715944957,-1.0690180538314467
1785124032.9968562,-5.644933647792388,-1.0690180050467253
1785124033.0022516,-5.644933584801789,-1.0690179600264473
1785124033.0067003,-5.644933526358304,-1.06901791827179
1785124033.0110958,-5.644933472993906,-1.0690178801210592
1785124033.0162518,-5.644933425871225,-1.0690178464372238
1785124033.0212958,-5.644933382202203,-1.0690178152131173
1785124033.0308812,-5.6449333443118,-1.0690177881250436
1785124033.036499,-5.644933310702715,-1.0690177641301457
1785124033.0509803,-5.6449332828690215,-1.0690177442563824
1785124033.0533142,-5.6449332597544855,-1.0690177277359247
1785124033.0544655,-5.644933241065468,-1.0690177144017692
1785124033.061336,-5.64493322756875,-1.0690177047817788
1785124033.0653038,-5.644933218886299,-1.06901769859293
1785124033.0690942,-5.6449332148772875,-1.0690176957399486
1785124033.0714555,-5.644933215623867,-1.0690176962716522
1785124033.076124,-5.644933221149957,-1.0690177002109158
1785124033.0810676,-5.644933230794584,-1.0690177070936369
1785124033.0891025,-5.644933245393137,-1.06901771750317
1785124033.0909944,-5.644933264192087,-1.069017730909694
1785124033.0947905,-5.644933286636059,-1.0690177469246096
1785124033.100134,-5.644933313840252,-1.069017766375931
1785124033.1069977,-5.644933344907852,-1.06901778854005
1785124033.1105268,-5.644933378621008,-1.0690178125383643
1785124033.115769,-5.644933416894426,-1.0690178397678192
1785124033.123404,-5.644933459632867,-1.0690178701541202
1785124033.131903,-5.644933504181023,-1.0690179018539652
1785124033.133538,-5.644933551441695,-1.0690179354831773
1785124033.1467714,-5.644933600618708,-1.0690179705041376
1785124033.150886,-5.64493365418399,-1.0690180086695256
1785124033.157616,-5.644933712690052,-1.0690180503013214
1785124033.1635535,-5.644933772641618,-1.0690180929756747
1785124033.1672041,-5.644933834925104,-1.0690181372922873
1785124033.1713378,-5.644933897906022,-1.0690181821230436
1785124033.1766245,-5.6449339638189935,-1.0690182290086372
1785124033.187688,-5.644934031794631,-1.0690182773793597
1785124033.1890569,-5.644934103358544,-1.069018328327169
1785124033.1912928,-5.644934174888818,-1.0690183792549797
1785124033.1958585,-5.644934248784888,-1.0690184318045133
1785124033.2077909,-5.644934321269998,-1.0690184832867677
1785124033.2088203,-5.644934395508484,-1.0690185360126583
1785124033.2150939,-5.644934470804546,-1.0690185894605033
1785124033.2175107,-5.644934549020488,-1.0690186450517944
1785124033.226498,-5.6449346266712865,-1.0690187001941611
1785124033.2288716,-5.644934703406871,-1.0690187546986958
1785124033.2345645,-5.644934782206749,-1.0690188105932246
1785124033.2390049,-5.644934859445501,-1.0690188654152082
1785124033.2427635,-5.6449349351585045,-1.0690189190850736
1785124033.2585912,-5.644935013088089,-1.0690189744008343
1785124033.260376,-5.644935090652166,-1.0690190294357307
1785124033.261829,-5.644935165869676,-1.0690190828844586
1785124033.2756646,-5.644935241925377,-1.0690191369259208
1785124033.2780895,-5.644935318266488,-1.0690191911259408
1785124033.2807624,-5.644935390612401,-1.0690192425511285
1785124033.2874587,-5.644935462875871,-1.069019293886375
1785124033.2929277,-5.644935533185137,-1.0690193438211002
1785124033.2950668,-5.64493560049434,-1.0690193915486004
1785124033.3008666,-5.644935669000609,-1.0690194402015547
1785124033.308683,-5.644935734562962,-1.069019486761762
1785124033.3108094,-5.644935801905813,-1.0690195346128464
1785124033.3157122,-5.644935862980171,-1.0690195779851839
1785124033.3249347,-5.644935921191812,-1.0690196192258936
1785124033.3288596,-5.644935980818099,-1.069019661450284
1785124033.3389776,-5.644936038018569,-1.0690197019403198
1785124033.340663,-5.644936091922832,-1.0690197400678734
1785124033.3437314,-5.64493614227627,-1.0690197756103001
1785124033.3473651,-5.644936191219255,-1.0690198101980048
1785124033.357684,-5.644936239948342,-1.0690198446347117
1785124033.3624995,-5.64493628481228,-1.0690198763366907
1785124033.3669624,-5.644936326293311,-1.0690199056645187
1785124033.3760068,-5.644936365250292,-1.0690199332007635
1785124033.377383,-5.644936401855705,-1.0690199590540874
1785124033.3804812,-5.6449364357700595,-1.0690199830335072
1785124033.3863041,-5.644936468014387,-1.0690200058406556
1785124033.3953424,-5.644936497817307,-1.0690200269154162
1785124033.3989532,-5.644936524078078,-1.0690200454906758
1785124033.4016283,-5.644936548192661,-1.0690200625443786
1785124033.4067912,-5.644936569691758,-1.0690200777604766
1785124033.4106402,-5.644936588388517,-1.069020090978122
1785124033.416013,-5.644936605061579,-1.0690201027644441
1785124033.4219985,-5.644936618745267,-1.0690201124369756
1785124033.4284723,-5.644936629924776,-1.0690201203524792
1785124033.4326937,-5.644936639236254,-1.0690201269407145
1785124033.438789,-5.644936646025362,-1.06902013174801
1785124033.4441836,-5.644936650257193,-1.0690201347416421
1785124033.447752,-5.644936652281744,-1.0690201361741078
1785124033.4557512,-5.644936652103491,-1.0690201360477534
1785124033.4598508,-5.644936649694352,-1.0690201343428158
1785124033.4735825,-5.644936645116383,-1.0690201311041354
1785124033.478396,-5.64493663860895,-1.0690201264991819
1785124033.4824753,-5.6449366299916885,-1.069020120398767
1785124033.4924805,-5.6449366196210855,-1.069020113053166
1785124033.494842,-5.644936607604001,-1.0690201045312624
1785124033.4966228,-5.644936593973013,-1.0690200948749624
1785124033.506255,-5.64493657815046,-1.0690200836752803
1785124033.5072415,-5.644936561300721,-1.0690200717436722
1785124033.529122,-5.644936542329515,-1.0690200583129865
1785124033.5389476,-5.64493652276726,-1.0690200444555782
1785124033.5428338,-5.6449365011595996,-1.0690200291420318
1785124033.545076,-5.644936478647806,-1.0690200131763568
1785124033.5465245,-5.64493645459679,-1.0690199961070774
1785124033.5479746,-5.6449364298797775,-1.0690199785418188
1785124033.5489113,-5.644936403350136,-1.069019959692922
1785124033.5519369,-5.644936377098106,-1.069019941049719
1785124033.5611212,-5.644936348940104,-1.0690199210544815
1785124033.5621033,-5.644936320701597,-1.069019901023464
1785124033.5657618,-5.644936291885357,-1.069019880569914
1785124033.574686,-5.644936263480636,-1.0690198604367296
1785124033.5830524,-5.64493623304095,-1.0690198388711851
1785124033.5854437,-5.644936203215868,-1.069019817736778
1785124033.5932636,-5.644936172955894,-1.0690197962985541
1785124033.5987802,-5.644936142714998,-1.06901977485131
1785124033.6006103,-5.64493611087538,-1.0690197522576337
1785124033.6067727,-5.644936079630591,-1.0690197301204991
1785124033.6128433,-5.644936049408376,-1.0690197087006117
1785124033.6164527,-5.64493601832164,-1.0690196866262043
1785124033.6218486,-5.644935987622595,-1.0690196648116015
1785124033.6262317,-5.644935957591663,-1.069019643503268
1785124033.6305542,-5.644935927082749,-1.069019621869501
1785124033.6369188,-5.644935897638575,-1.0690196009886306
1785124033.6416485,-5.644935868490438,-1.069019580341467
1785124033.6460361,-5.64493584007791,-1.0690195602152395
1785124033.6513784,-5.644935811046231,-1.0690195396446314
1785124033.6575224,-5.644935783058999,-1.0690195198374706
1785124033.6602385,-5.644935756555855,-1.0690195010769452
1785124033.6656675,-5.644935730916366,-1.069019482924934
1785124033.674143,-5.644935705923116,-1.0690194652154705
1785124033.6766658,-5.644935682464824,-1.0690194485900628
1785124033.6833818,-5.644935658434944,-1.0690194315125687
1785124033.685074,-5.6449356354770375,-1.0690194152009846
1785124033.6916118,-5.644935614244103,-1.069019400100671
1785124033.695432,-5.644935594225124,-1.0690193858439874
1785124033.7005513,-5.644935575228012,-1.0690193723125438
1785124033.706955,-5.6449355574906726,-1.0690193596792816
1785124033.710753,-5.644935540578405,-1.0690193476232617
1785124033.7236102,-5.644935524086587,-1.0690193358615439
1785124033.7248125,-5.644935509199024,-1.0690193252449607
1785124033.726512,-5.644935495376613,-1.069019315389807
1785124033.7320082,-5.6449354828515865,-1.069019306443213
1785124033.7441382,-5.6449354717471065,-1.0690192985195563
1785124033.745332,-5.644935461656697,-1.0690192913162873
1785124033.7472942,-5.644935453099799,-1.0690192852090348
1785124033.7535892,-5.644935445561188,-1.0690192798287448
1785124033.7607567,-5.644935439459203,-1.0690192754752266
1785124033.762731,-5.644935434194155,-1.0690192717196436
1785124033.766199,-5.644935430295978,-1.0690192689380407
1785124033.7757504,-5.644935427726962,-1.0690192671063599
1785124033.7810264,-5.644935426250139,-1.0690192660546602
1785124033.7915642,-5.644935425991041,-1.0690192658699227
1785124033.7982976,-5.644935426901136,-1.0690192665193874
1785124033.801497,-5.644935428915461,-1.0690192679581125
1785124033.8080924,-5.644935432047263,-1.0690192701943346
1785124033.8135056,-5.644935436502912,-1.069019273372663
1785124033.8173158,-5.644935441824454,-1.0690192771749034
1785124033.830024,-5.644935448089292,-1.0690192816504074
1785124033.835542,-5.6449354551250375,-1.069019286678353
1785124033.8443544,-5.644935463400861,-1.0690192925907547
1785124033.8493562,-5.644935473050952,-1.069019299487289
1785124033.85133,-5.6449354835455345,-1.0690193069866671
1785124033.8530927,-5.644935494963263,-1.0690193151346075
1785124033.8571627,-5.644935507236916,-1.0690193238900112
1785124033.8677664,-5.644935520014843,-1.0690193330157824
1785124033.8689685,-5.644935534038615,-1.069019343046913
1785124033.8759115,-5.6449355479338905,-1.0690193529806395
1785124033.884354,-5.644935563215064,-1.0690193639057797
1785124033.8891914,-5.644935579456579,-1.0690193755147905
1785124033.8902018,-5.644935595325404,-1.0690193868684854
1785124033.8975964,-5.644935611744162,-1.0690193986145076
1785124033.9057202,-5.6449356293156265,-1.0690194111632347
1785124033.914989,-5.6449356475665855,-1.069019424187107
1785124033.9174,-5.644935666188621,-1.0690194374867048
1785124033.9221044,-5.644935685336176,-1.0690194511806346
1785124033.9291165,-5.644935705738404,-1.0690194657890721
1785124033.9430254,-5.644935724834542,-1.0690194794395216
1785124033.9448173,-5.644935744465967,-1.0690194934802901
1785124033.9456468,-5.644935764816326,-1.0690195080404643
1785124033.9484274,-5.644935785583115,-1.0690195228702308
1785124033.9607546,-5.644935806434109,-1.0690195377770324
1785124033.962539,-5.644935827765939,-1.06901955306262
1785124033.9635115,-5.644935849041628,-1.0690195682936607
1785124033.9739456,-5.644935869844603,-1.0690195832010447
1785124033.9764857,-5.644935891239231,-1.0690195985228874
1785124033.9817421,-5.6449359120322455,-1.0690196134298533
1785124033.9882214,-5.644935932948216,-1.0690196284538762
1785124033.9936576,-5.644935954207931,-1.0690196437428983
1785124033.995759,-5.644935975038577,-1.0690196587145135
1785124034.0052967,-5.644935996962213,-1.069019674475783
1785124034.0109386,-5.644936017322518,-1.069019689094567
1785124034.017959,-5.644936036833943,-1.0690197031040425
1785124034.0408802,-5.644936056487289,-1.0690197172065499
1785124034.0427,-5.644936075876105,-1.0690197311338048
1785124034.0438344,-5.644936095353415,-1.069019745154225
1785124034.0445354,-5.644936114023887,-1.0690197585895351
1785124034.0455856,-5.644936132644278,-1.069019771998618
1785124034.052208,-5.6449361511318035,-1.0690197852953938
1785124034.0592332,-5.644936168887784,-1.069019798062142
1785124034.0651548,-5.6449361855029805,-1.069019810018516
1785124034.0700047,-5.644936201920534,-1.0690198218434184
1785124034.0717354,-5.64493621840028,-1.0690198337314487
1785124034.0844815,-5.644936234442421,-1.069019845289701
1785124034.0876987,-5.644936249654123,-1.0690198562432855
1785124034.0893753,-5.644936264694191,-1.069019867068471
1785124034.0992846,-5.644936278280486,-1.0690198768428703
1785124034.1007667,-5.6449362918680315,-1.0690198866141978
1785124034.1026046,-5.644936304667895,-1.0690198958183361
1785124034.1070845,-5.644936317313469,-1.0690199049067248
1785124034.113589,-5.644936329231768,-1.0690199134564806
1785124034.1173422,-5.644936340517509,-1.069019921542911
1785124034.135017,-5.644936350611628,-1.0690199287880147
1785124034.1358106,-5.64493636085292,-1.069019936133942
1785124034.147572,-5.644936370300426,-1.0690199429002596
1785124034.1495755,-5.64493637953645,-1.069019949512819
1785124034.1516342,-5.644936387684218,-1.0690199553479272
1785124034.1566575,-5.644936395370831,-1.0690199608553326
1785124034.1604052,-5.644936402481122,-1.0690199659451705
1785124034.1659374,-5.644936409015758,-1.0690199706214771
1785124034.1742682,-5.644936415001641,-1.0690199748989435
1785124034.1770697,-5.644936420444263,-1.0690199787844687
1785124034.183037,-5.6449364251779,-1.0690199821688673
1785124034.1916075,-5.6449364294403335,-1.0690199852177167
1785124034.1940491,-5.644936433149766,-1.0690199878717013
1785124034.196117,-5.644936436376083,-1.0690199901787725
1785124034.2008188,-5.644936438994308,-1.0690199920487684
1785124034.2135427,-5.644936441127077,-1.0690199935723346
1785124034.2160108,-5.64493644278551,-1.0690199947576737
1785124034.2225285,-5.644936443976439,-1.0690199956078579
1785124034.2277372,-5.644936444673101,-1.0690199961053062
1785124034.2370849,-5.644936444946408,-1.0690199963006852
1785124034.2463677,-5.64493644479587,-1.069019996192933
1785124034.255896,-5.644936444228997,-1.069019995787245
1785124034.2581563,-5.644936443292101,-1.0690199951165549
1785124034.2595413,-5.644936441946801,-1.0690199941548775
1785124034.2630875,-5.644936440337324,-1.0690199930019686
